[2022-12-19 09:37:41] INFO     STATE:Initial Starting State
[2022-12-19 09:37:41] INFO     STATE:Repower Board State
[2022-12-19 09:37:41] INFO     NETBOOTER:Attempt 1 to set port 5 with cycle=False
[2022-12-19 09:37:43] INFO     NETBOOTER:Setting port 5 to Off
[2022-12-19 09:37:44] INFO     NETBOOTER:Attempt 1 to set port 5 with cycle=False
[2022-12-19 09:37:46] INFO     NETBOOTER:Setting port 5 to On
[2022-12-19 09:37:47] INFO     STATE:Start Server State
[2022-12-19 09:37:47] INFO     Giving time for system to boot (15 seconds)
[2022-12-19 09:38:02] INFO     Starting Litex Server
[2022-12-19 09:38:02] INFO     Giving time for server to start (15 seconds)
[2022-12-19 09:38:17] INFO     STATE:Create Client State
[2022-12-19 09:38:17] INFO     LiteX Crossover UART created: /dev/pts/13
[2022-12-19 09:38:17] INFO     Attempting to open:/dev/pts/13 at baud 1000000 with timeout=30
[2022-12-19 09:38:17] INFO     Serial port /dev/pts/13 open
[2022-12-19 09:38:17] INFO     STATE:Initial Prompt State
[2022-12-19 09:38:17] INFO     Giving time for bios to initialize (30 seconds)
[2022-12-19 09:38:47] INFO     Initial prompt attempt #1
[2022-12-19 09:38:47] INFO     Login prompt success
[2022-12-19 09:38:47] INFO     STATE:Mem Init State
[2022-12-19 09:38:47] INFO     Issuing mem_write command (may take up to 90 seconds)
[2022-12-19 09:38:47] INFO     Giving time for mem_write command (90 seconds)
[2022-12-19 09:40:17] INFO     STATE:Mem Compare State
[2022-12-19 09:40:23] INFO     mem_cmp 0x407C0000 0x607C0000 0x00010000 4
[2022-12-19 09:40:30] INFO     mem_cmp 0x40FC0000 0x60FC0000 0x00010000 4
[2022-12-19 09:40:36] INFO     mem_cmp 0x417C0000 0x617C0000 0x00010000 4
[2022-12-19 09:40:43] INFO     mem_cmp 0x41FC0000 0x61FC0000 0x00010000 4
[2022-12-19 09:40:49] INFO     mem_cmp 0x427C0000 0x627C0000 0x00010000 4
[2022-12-19 09:40:56] INFO     mem_cmp 0x42FC0000 0x62FC0000 0x00010000 4
[2022-12-19 09:41:03] INFO     mem_cmp 0x437C0000 0x637C0000 0x00010000 4
[2022-12-19 09:41:09] INFO     mem_cmp 0x43FC0000 0x63FC0000 0x00010000 4
[2022-12-19 09:41:16] INFO     mem_cmp 0x447C0000 0x647C0000 0x00010000 4
[2022-12-19 09:41:22] INFO     mem_cmp 0x44FC0000 0x64FC0000 0x00010000 4
[2022-12-19 09:41:29] INFO     mem_cmp 0x457C0000 0x657C0000 0x00010000 4
[2022-12-19 09:41:35] INFO     mem_cmp 0x45FC0000 0x65FC0000 0x00010000 4
[2022-12-19 09:41:42] INFO     mem_cmp 0x467C0000 0x667C0000 0x00010000 4
[2022-12-19 09:41:48] INFO     mem_cmp 0x46FC0000 0x66FC0000 0x00010000 4
[2022-12-19 09:41:55] INFO     mem_cmp 0x477C0000 0x677C0000 0x00010000 4
[2022-12-19 09:42:01] INFO     mem_cmp 0x47FC0000 0x67FC0000 0x00010000 4
[2022-12-19 09:42:08] INFO     mem_cmp 0x487C0000 0x687C0000 0x00010000 4
[2022-12-19 09:42:14] INFO     mem_cmp 0x48FC0000 0x68FC0000 0x00010000 4
[2022-12-19 09:42:21] INFO     mem_cmp 0x497C0000 0x697C0000 0x00010000 4
[2022-12-19 09:42:28] INFO     mem_cmp 0x49FC0000 0x69FC0000 0x00010000 4
[2022-12-19 09:42:35] INFO     mem_cmp 0x4A7C0000 0x6A7C0000 0x00010000 4
[2022-12-19 09:42:41] INFO     mem_cmp 0x4AFC0000 0x6AFC0000 0x00010000 4
[2022-12-19 09:42:48] INFO     mem_cmp 0x4B7C0000 0x6B7C0000 0x00010000 4
[2022-12-19 09:42:54] INFO     mem_cmp 0x4BFC0000 0x6BFC0000 0x00010000 4
[2022-12-19 09:43:01] INFO     mem_cmp 0x4C7C0000 0x6C7C0000 0x00010000 4
[2022-12-19 09:43:07] INFO     mem_cmp 0x4CFC0000 0x6CFC0000 0x00010000 4
[2022-12-19 09:43:14] INFO     mem_cmp 0x4D7C0000 0x6D7C0000 0x00010000 4
[2022-12-19 09:43:20] INFO     mem_cmp 0x4DFC0000 0x6DFC0000 0x00010000 4
[2022-12-19 09:43:27] INFO     mem_cmp 0x4E7C0000 0x6E7C0000 0x00010000 4
[2022-12-19 09:43:33] INFO     mem_cmp 0x4EFC0000 0x6EFC0000 0x00010000 4
[2022-12-19 09:43:40] INFO     mem_cmp 0x4F7C0000 0x6F7C0000 0x00010000 4
[2022-12-19 09:43:47] INFO     mem_cmp 0x4FFC0000 0x6FFC0000 0x00010000 4
[2022-12-19 09:43:53] INFO     mem_cmp 0x507C0000 0x707C0000 0x00010000 4
[2022-12-19 09:44:00] INFO     mem_cmp 0x50FC0000 0x70FC0000 0x00010000 4
[2022-12-19 09:44:06] INFO     mem_cmp 0x517C0000 0x717C0000 0x00010000 4
[2022-12-19 09:44:13] INFO     mem_cmp 0x51FC0000 0x71FC0000 0x00010000 4
[2022-12-19 09:44:19] INFO     mem_cmp 0x527C0000 0x727C0000 0x00010000 4
[2022-12-19 09:44:26] INFO     mem_cmp 0x52FC0000 0x72FC0000 0x00010000 4
[2022-12-19 09:44:32] INFO     mem_cmp 0x537C0000 0x737C0000 0x00010000 4
[2022-12-19 09:44:39] INFO     mem_cmp 0x53FC0000 0x73FC0000 0x00010000 4
[2022-12-19 09:44:46] INFO     mem_cmp 0x547C0000 0x747C0000 0x00010000 4
[2022-12-19 09:44:52] INFO     mem_cmp 0x54FC0000 0x74FC0000 0x00010000 4
[2022-12-19 09:44:59] INFO     mem_cmp 0x557C0000 0x757C0000 0x00010000 4
[2022-12-19 09:45:05] INFO     mem_cmp 0x55FC0000 0x75FC0000 0x00010000 4
[2022-12-19 09:45:12] INFO     mem_cmp 0x567C0000 0x767C0000 0x00010000 4
[2022-12-19 09:45:19] INFO     mem_cmp 0x56FC0000 0x76FC0000 0x00010000 4
[2022-12-19 09:45:25] INFO     mem_cmp 0x577C0000 0x777C0000 0x00010000 4
[2022-12-19 09:45:32] INFO     mem_cmp 0x57FC0000 0x77FC0000 0x00010000 4
[2022-12-19 09:45:38] INFO     mem_cmp 0x587C0000 0x787C0000 0x00010000 4
[2022-12-19 09:45:45] INFO     mem_cmp 0x58FC0000 0x78FC0000 0x00010000 4
[2022-12-19 09:45:52] INFO     mem_cmp 0x597C0000 0x797C0000 0x00010000 4
[2022-12-19 09:45:58] INFO     mem_cmp 0x59FC0000 0x79FC0000 0x00010000 4
[2022-12-19 09:46:05] INFO     mem_cmp 0x5A7C0000 0x7A7C0000 0x00010000 4
[2022-12-19 09:46:11] INFO     mem_cmp 0x5AFC0000 0x7AFC0000 0x00010000 4
[2022-12-19 09:46:18] INFO     mem_cmp 0x5B7C0000 0x7B7C0000 0x00010000 4
[2022-12-19 09:46:24] INFO     mem_cmp 0x5BFC0000 0x7BFC0000 0x00010000 4
[2022-12-19 09:46:31] INFO     mem_cmp 0x5C7C0000 0x7C7C0000 0x00010000 4
[2022-12-19 09:46:37] INFO     mem_cmp 0x5CFC0000 0x7CFC0000 0x00010000 4
[2022-12-19 09:46:44] INFO     mem_cmp 0x5D7C0000 0x7D7C0000 0x00010000 4
[2022-12-19 09:46:51] INFO     mem_cmp 0x5DFC0000 0x7DFC0000 0x00010000 4
[2022-12-19 09:46:57] INFO     mem_cmp 0x5E7C0000 0x7E7C0000 0x00010000 4
[2022-12-19 09:47:04] INFO     mem_cmp 0x5EFC0000 0x7EFC0000 0x00010000 4
[2022-12-19 09:47:11] INFO     mem_cmp 0x5F7C0000 0x7F7C0000 0x00010000 4
[2022-12-19 09:47:17] INFO     mem_cmp 0x5FFC0000 0x7FFC0000 0x00010000 4
[2022-12-19 09:47:17] INFO     STATE:Mem Compare State
[2022-12-19 09:47:24] INFO     mem_cmp 0x407C0000 0x607C0000 0x00010000 4
[2022-12-19 09:47:30] INFO     mem_cmp 0x40FC0000 0x60FC0000 0x00010000 4
[2022-12-19 09:47:37] INFO     mem_cmp 0x417C0000 0x617C0000 0x00010000 4
[2022-12-19 09:47:43] INFO     mem_cmp 0x41FC0000 0x61FC0000 0x00010000 4
[2022-12-19 09:47:50] INFO     mem_cmp 0x427C0000 0x627C0000 0x00010000 4
[2022-12-19 09:47:57] INFO     mem_cmp 0x42FC0000 0x62FC0000 0x00010000 4
[2022-12-19 09:48:03] INFO     mem_cmp 0x437C0000 0x637C0000 0x00010000 4
[2022-12-19 09:48:10] INFO     mem_cmp 0x43FC0000 0x63FC0000 0x00010000 4
[2022-12-19 09:48:16] INFO     mem_cmp 0x447C0000 0x647C0000 0x00010000 4
[2022-12-19 09:48:23] INFO     mem_cmp 0x44FC0000 0x64FC0000 0x00010000 4
[2022-12-19 09:48:29] INFO     mem_cmp 0x457C0000 0x657C0000 0x00010000 4
[2022-12-19 09:48:36] INFO     mem_cmp 0x45FC0000 0x65FC0000 0x00010000 4
[2022-12-19 09:48:42] INFO     mem_cmp 0x467C0000 0x667C0000 0x00010000 4
[2022-12-19 09:48:49] INFO     mem_cmp 0x46FC0000 0x66FC0000 0x00010000 4
[2022-12-19 09:48:55] INFO     mem_cmp 0x477C0000 0x677C0000 0x00010000 4
[2022-12-19 09:49:02] INFO     mem_cmp 0x47FC0000 0x67FC0000 0x00010000 4
[2022-12-19 09:49:08] INFO     mem_cmp 0x487C0000 0x687C0000 0x00010000 4
[2022-12-19 09:49:15] INFO     mem_cmp 0x48FC0000 0x68FC0000 0x00010000 4
[2022-12-19 09:49:22] INFO     mem_cmp 0x497C0000 0x697C0000 0x00010000 4
[2022-12-19 09:49:28] INFO     mem_cmp 0x49FC0000 0x69FC0000 0x00010000 4
[2022-12-19 09:49:35] INFO     mem_cmp 0x4A7C0000 0x6A7C0000 0x00010000 4
[2022-12-19 09:49:42] INFO     mem_cmp 0x4AFC0000 0x6AFC0000 0x00010000 4
[2022-12-19 09:49:48] INFO     mem_cmp 0x4B7C0000 0x6B7C0000 0x00010000 4
[2022-12-19 09:49:55] INFO     mem_cmp 0x4BFC0000 0x6BFC0000 0x00010000 4
[2022-12-19 09:50:01] INFO     mem_cmp 0x4C7C0000 0x6C7C0000 0x00010000 4
[2022-12-19 09:50:08] INFO     mem_cmp 0x4CFC0000 0x6CFC0000 0x00010000 4
[2022-12-19 09:50:14] INFO     mem_cmp 0x4D7C0000 0x6D7C0000 0x00010000 4
[2022-12-19 09:50:21] INFO     mem_cmp 0x4DFC0000 0x6DFC0000 0x00010000 4
[2022-12-19 09:50:28] INFO     mem_cmp 0x4E7C0000 0x6E7C0000 0x00010000 4
[2022-12-19 09:50:34] INFO     mem_cmp 0x4EFC0000 0x6EFC0000 0x00010000 4
[2022-12-19 09:50:41] INFO     mem_cmp 0x4F7C0000 0x6F7C0000 0x00010000 4
[2022-12-19 09:50:47] INFO     mem_cmp 0x4FFC0000 0x6FFC0000 0x00010000 4
[2022-12-19 09:50:54] INFO     mem_cmp 0x507C0000 0x707C0000 0x00010000 4
[2022-12-19 09:51:00] INFO     mem_cmp 0x50FC0000 0x70FC0000 0x00010000 4
[2022-12-19 09:51:06] INFO     mem_cmp 0x517C0000 0x717C0000 0x00010000 4
[2022-12-19 09:51:13] INFO     mem_cmp 0x51FC0000 0x71FC0000 0x00010000 4
[2022-12-19 09:51:20] INFO     mem_cmp 0x527C0000 0x727C0000 0x00010000 4
[2022-12-19 09:51:26] INFO     mem_cmp 0x52FC0000 0x72FC0000 0x00010000 4
[2022-12-19 09:51:33] INFO     mem_cmp 0x537C0000 0x737C0000 0x00010000 4
[2022-12-19 09:51:39] INFO     mem_cmp 0x53FC0000 0x73FC0000 0x00010000 4
[2022-12-19 09:51:46] INFO     mem_cmp 0x547C0000 0x747C0000 0x00010000 4
[2022-12-19 09:51:52] INFO     mem_cmp 0x54FC0000 0x74FC0000 0x00010000 4
[2022-12-19 09:51:59] INFO     mem_cmp 0x557C0000 0x757C0000 0x00010000 4
[2022-12-19 09:52:05] INFO     mem_cmp 0x55FC0000 0x75FC0000 0x00010000 4
[2022-12-19 09:52:12] INFO     mem_cmp 0x567C0000 0x767C0000 0x00010000 4
[2022-12-19 09:52:18] INFO     mem_cmp 0x56FC0000 0x76FC0000 0x00010000 4
[2022-12-19 09:52:25] INFO     mem_cmp 0x577C0000 0x777C0000 0x00010000 4
[2022-12-19 09:52:32] INFO     mem_cmp 0x57FC0000 0x77FC0000 0x00010000 4
[2022-12-19 09:52:38] INFO     mem_cmp 0x587C0000 0x787C0000 0x00010000 4
[2022-12-19 09:52:45] INFO     mem_cmp 0x58FC0000 0x78FC0000 0x00010000 4
[2022-12-19 09:52:51] INFO     mem_cmp 0x597C0000 0x797C0000 0x00010000 4
[2022-12-19 09:52:58] INFO     mem_cmp 0x59FC0000 0x79FC0000 0x00010000 4
[2022-12-19 09:53:05] INFO     mem_cmp 0x5A7C0000 0x7A7C0000 0x00010000 4
[2022-12-19 09:53:11] INFO     mem_cmp 0x5AFC0000 0x7AFC0000 0x00010000 4
[2022-12-19 09:53:18] INFO     mem_cmp 0x5B7C0000 0x7B7C0000 0x00010000 4
[2022-12-19 09:53:24] INFO     mem_cmp 0x5BFC0000 0x7BFC0000 0x00010000 4
[2022-12-19 09:53:31] INFO     mem_cmp 0x5C7C0000 0x7C7C0000 0x00010000 4
[2022-12-19 09:53:37] INFO     mem_cmp 0x5CFC0000 0x7CFC0000 0x00010000 4
[2022-12-19 09:53:44] INFO     mem_cmp 0x5D7C0000 0x7D7C0000 0x00010000 4
[2022-12-19 09:53:50] INFO     mem_cmp 0x5DFC0000 0x7DFC0000 0x00010000 4
[2022-12-19 09:53:57] INFO     mem_cmp 0x5E7C0000 0x7E7C0000 0x00010000 4
[2022-12-19 09:54:03] INFO     mem_cmp 0x5EFC0000 0x7EFC0000 0x00010000 4
[2022-12-19 09:54:10] INFO     mem_cmp 0x5F7C0000 0x7F7C0000 0x00010000 4
[2022-12-19 09:54:17] INFO     mem_cmp 0x5FFC0000 0x7FFC0000 0x00010000 4
[2022-12-19 09:54:17] INFO     STATE:Mem Compare State
[2022-12-19 09:54:23] INFO     mem_cmp 0x407C0000 0x607C0000 0x00010000 4
[2022-12-19 09:54:30] INFO     mem_cmp 0x40FC0000 0x60FC0000 0x00010000 4
[2022-12-19 09:54:36] INFO     mem_cmp 0x417C0000 0x617C0000 0x00010000 4
[2022-12-19 09:54:43] INFO     mem_cmp 0x41FC0000 0x61FC0000 0x00010000 4
[2022-12-19 09:54:50] INFO     mem_cmp 0x427C0000 0x627C0000 0x00010000 4
[2022-12-19 09:54:56] INFO     mem_cmp 0x42FC0000 0x62FC0000 0x00010000 4
[2022-12-19 09:55:03] INFO     mem_cmp 0x437C0000 0x637C0000 0x00010000 4
[2022-12-19 09:55:09] INFO     mem_cmp 0x43FC0000 0x63FC0000 0x00010000 4
[2022-12-19 09:55:16] INFO     mem_cmp 0x447C0000 0x647C0000 0x00010000 4
[2022-12-19 09:55:23] INFO     mem_cmp 0x44FC0000 0x64FC0000 0x00010000 4
[2022-12-19 09:55:29] INFO     mem_cmp 0x457C0000 0x657C0000 0x00010000 4
[2022-12-19 09:55:36] INFO     mem_cmp 0x45FC0000 0x65FC0000 0x00010000 4
[2022-12-19 09:55:42] INFO     mem_cmp 0x467C0000 0x667C0000 0x00010000 4
[2022-12-19 09:55:49] INFO     mem_cmp 0x46FC0000 0x66FC0000 0x00010000 4
[2022-12-19 09:55:55] INFO     mem_cmp 0x477C0000 0x677C0000 0x00010000 4
[2022-12-19 09:56:01] INFO     mem_cmp 0x47FC0000 0x67FC0000 0x00010000 4
[2022-12-19 09:56:08] INFO     mem_cmp 0x487C0000 0x687C0000 0x00010000 4
[2022-12-19 09:56:14] INFO     mem_cmp 0x48FC0000 0x68FC0000 0x00010000 4
[2022-12-19 09:56:21] INFO     mem_cmp 0x497C0000 0x697C0000 0x00010000 4
[2022-12-19 09:56:27] INFO     mem_cmp 0x49FC0000 0x69FC0000 0x00010000 4
[2022-12-19 09:56:34] INFO     mem_cmp 0x4A7C0000 0x6A7C0000 0x00010000 4
[2022-12-19 09:56:41] INFO     mem_cmp 0x4AFC0000 0x6AFC0000 0x00010000 4
[2022-12-19 09:56:47] INFO     mem_cmp 0x4B7C0000 0x6B7C0000 0x00010000 4
[2022-12-19 09:56:54] INFO     mem_cmp 0x4BFC0000 0x6BFC0000 0x00010000 4
[2022-12-19 09:57:00] INFO     mem_cmp 0x4C7C0000 0x6C7C0000 0x00010000 4
[2022-12-19 09:57:07] INFO     mem_cmp 0x4CFC0000 0x6CFC0000 0x00010000 4
[2022-12-19 09:57:13] INFO     mem_cmp 0x4D7C0000 0x6D7C0000 0x00010000 4
[2022-12-19 09:57:20] INFO     mem_cmp 0x4DFC0000 0x6DFC0000 0x00010000 4
[2022-12-19 09:57:26] INFO     mem_cmp 0x4E7C0000 0x6E7C0000 0x00010000 4
[2022-12-19 09:57:33] INFO     mem_cmp 0x4EFC0000 0x6EFC0000 0x00010000 4
[2022-12-19 09:57:40] INFO     mem_cmp 0x4F7C0000 0x6F7C0000 0x00010000 4
[2022-12-19 09:57:46] INFO     mem_cmp 0x4FFC0000 0x6FFC0000 0x00010000 4
[2022-12-19 09:57:53] INFO     mem_cmp 0x507C0000 0x707C0000 0x00010000 4
[2022-12-19 09:58:00] INFO     mem_cmp 0x50FC0000 0x70FC0000 0x00010000 4
[2022-12-19 09:58:06] INFO     mem_cmp 0x517C0000 0x717C0000 0x00010000 4
[2022-12-19 09:58:13] INFO     mem_cmp 0x51FC0000 0x71FC0000 0x00010000 4
[2022-12-19 09:58:20] INFO     mem_cmp 0x527C0000 0x727C0000 0x00010000 4
[2022-12-19 09:58:26] INFO     mem_cmp 0x52FC0000 0x72FC0000 0x00010000 4
[2022-12-19 09:58:33] INFO     mem_cmp 0x537C0000 0x737C0000 0x00010000 4
[2022-12-19 09:58:39] INFO     mem_cmp 0x53FC0000 0x73FC0000 0x00010000 4
[2022-12-19 09:58:46] INFO     mem_cmp 0x547C0000 0x747C0000 0x00010000 4
[2022-12-19 09:58:52] INFO     mem_cmp 0x54FC0000 0x74FC0000 0x00010000 4
[2022-12-19 09:58:59] INFO     mem_cmp 0x557C0000 0x757C0000 0x00010000 4
[2022-12-19 09:59:05] INFO     mem_cmp 0x55FC0000 0x75FC0000 0x00010000 4
[2022-12-19 09:59:12] INFO     mem_cmp 0x567C0000 0x767C0000 0x00010000 4
[2022-12-19 09:59:18] INFO     mem_cmp 0x56FC0000 0x76FC0000 0x00010000 4
[2022-12-19 09:59:25] INFO     mem_cmp 0x577C0000 0x777C0000 0x00010000 4
[2022-12-19 09:59:32] INFO     mem_cmp 0x57FC0000 0x77FC0000 0x00010000 4
[2022-12-19 09:59:38] INFO     mem_cmp 0x587C0000 0x787C0000 0x00010000 4
[2022-12-19 09:59:44] INFO     mem_cmp 0x58FC0000 0x78FC0000 0x00010000 4
[2022-12-19 09:59:50] INFO     mem_cmp 0x597C0000 0x797C0000 0x00010000 4
[2022-12-19 09:59:57] INFO     mem_cmp 0x59FC0000 0x79FC0000 0x00010000 4
[2022-12-19 10:00:03] INFO     mem_cmp 0x5A7C0000 0x7A7C0000 0x00010000 4
[2022-12-19 10:00:10] INFO     mem_cmp 0x5AFC0000 0x7AFC0000 0x00010000 4
[2022-12-19 10:00:16] INFO     mem_cmp 0x5B7C0000 0x7B7C0000 0x00010000 4
[2022-12-19 10:00:23] INFO     mem_cmp 0x5BFC0000 0x7BFC0000 0x00010000 4
[2022-12-19 10:00:29] INFO     mem_cmp 0x5C7C0000 0x7C7C0000 0x00010000 4
[2022-12-19 10:00:36] INFO     mem_cmp 0x5CFC0000 0x7CFC0000 0x00010000 4
[2022-12-19 10:00:42] INFO     mem_cmp 0x5D7C0000 0x7D7C0000 0x00010000 4
[2022-12-19 10:00:49] INFO     mem_cmp 0x5DFC0000 0x7DFC0000 0x00010000 4
[2022-12-19 10:00:56] INFO     mem_cmp 0x5E7C0000 0x7E7C0000 0x00010000 4
[2022-12-19 10:01:02] INFO     mem_cmp 0x5EFC0000 0x7EFC0000 0x00010000 4
[2022-12-19 10:01:09] INFO     mem_cmp 0x5F7C0000 0x7F7C0000 0x00010000 4
[2022-12-19 10:01:15] INFO     mem_cmp 0x5FFC0000 0x7FFC0000 0x00010000 4
[2022-12-19 10:01:16] INFO     STATE:Mem Compare State
[2022-12-19 10:01:22] INFO     mem_cmp 0x407C0000 0x607C0000 0x00010000 4
[2022-12-19 10:01:28] INFO     mem_cmp 0x40FC0000 0x60FC0000 0x00010000 4
[2022-12-19 10:01:35] INFO     mem_cmp 0x417C0000 0x617C0000 0x00010000 4
[2022-12-19 10:01:42] INFO     mem_cmp 0x41FC0000 0x61FC0000 0x00010000 4
[2022-12-19 10:01:48] INFO     mem_cmp 0x427C0000 0x627C0000 0x00010000 4
[2022-12-19 10:01:55] INFO     mem_cmp 0x42FC0000 0x62FC0000 0x00010000 4
[2022-12-19 10:02:01] INFO     mem_cmp 0x437C0000 0x637C0000 0x00010000 4
[2022-12-19 10:02:08] INFO     mem_cmp 0x43FC0000 0x63FC0000 0x00010000 4
[2022-12-19 10:02:14] INFO     mem_cmp 0x447C0000 0x647C0000 0x00010000 4
[2022-12-19 10:02:21] INFO     mem_cmp 0x44FC0000 0x64FC0000 0x00010000 4
[2022-12-19 10:02:28] INFO     mem_cmp 0x457C0000 0x657C0000 0x00010000 4
[2022-12-19 10:02:34] INFO     mem_cmp 0x45FC0000 0x65FC0000 0x00010000 4
[2022-12-19 10:02:41] INFO     mem_cmp 0x467C0000 0x667C0000 0x00010000 4
[2022-12-19 10:02:47] INFO     mem_cmp 0x46FC0000 0x66FC0000 0x00010000 4
[2022-12-19 10:02:54] INFO     mem_cmp 0x477C0000 0x677C0000 0x00010000 4
[2022-12-19 10:03:00] INFO     mem_cmp 0x47FC0000 0x67FC0000 0x00010000 4
[2022-12-19 10:03:07] INFO     mem_cmp 0x487C0000 0x687C0000 0x00010000 4
[2022-12-19 10:03:13] INFO     mem_cmp 0x48FC0000 0x68FC0000 0x00010000 4
[2022-12-19 10:03:20] INFO     mem_cmp 0x497C0000 0x697C0000 0x00010000 4
[2022-12-19 10:03:27] INFO     mem_cmp 0x49FC0000 0x69FC0000 0x00010000 4
[2022-12-19 10:03:33] INFO     mem_cmp 0x4A7C0000 0x6A7C0000 0x00010000 4
[2022-12-19 10:03:40] INFO     mem_cmp 0x4AFC0000 0x6AFC0000 0x00010000 4
[2022-12-19 10:03:46] INFO     mem_cmp 0x4B7C0000 0x6B7C0000 0x00010000 4
[2022-12-19 10:03:53] INFO     mem_cmp 0x4BFC0000 0x6BFC0000 0x00010000 4
[2022-12-19 10:03:59] INFO     mem_cmp 0x4C7C0000 0x6C7C0000 0x00010000 4
[2022-12-19 10:04:06] INFO     mem_cmp 0x4CFC0000 0x6CFC0000 0x00010000 4
[2022-12-19 10:04:13] INFO     mem_cmp 0x4D7C0000 0x6D7C0000 0x00010000 4
[2022-12-19 10:04:19] INFO     mem_cmp 0x4DFC0000 0x6DFC0000 0x00010000 4
[2022-12-19 10:04:26] INFO     mem_cmp 0x4E7C0000 0x6E7C0000 0x00010000 4
[2022-12-19 10:04:32] INFO     mem_cmp 0x4EFC0000 0x6EFC0000 0x00010000 4
[2022-12-19 10:04:39] INFO     mem_cmp 0x4F7C0000 0x6F7C0000 0x00010000 4
[2022-12-19 10:04:45] INFO     mem_cmp 0x4FFC0000 0x6FFC0000 0x00010000 4
[2022-12-19 10:04:52] INFO     mem_cmp 0x507C0000 0x707C0000 0x00010000 4
[2022-12-19 10:04:59] INFO     mem_cmp 0x50FC0000 0x70FC0000 0x00010000 4
[2022-12-19 10:05:05] INFO     mem_cmp 0x517C0000 0x717C0000 0x00010000 4
[2022-12-19 10:05:12] INFO     mem_cmp 0x51FC0000 0x71FC0000 0x00010000 4
[2022-12-19 10:05:18] INFO     mem_cmp 0x527C0000 0x727C0000 0x00010000 4
[2022-12-19 10:05:25] INFO     mem_cmp 0x52FC0000 0x72FC0000 0x00010000 4
[2022-12-19 10:05:32] INFO     mem_cmp 0x537C0000 0x737C0000 0x00010000 4
[2022-12-19 10:05:38] INFO     mem_cmp 0x53FC0000 0x73FC0000 0x00010000 4
[2022-12-19 10:05:45] INFO     mem_cmp 0x547C0000 0x747C0000 0x00010000 4
[2022-12-19 10:05:51] INFO     mem_cmp 0x54FC0000 0x74FC0000 0x00010000 4
[2022-12-19 10:05:58] INFO     mem_cmp 0x557C0000 0x757C0000 0x00010000 4
[2022-12-19 10:06:04] INFO     mem_cmp 0x55FC0000 0x75FC0000 0x00010000 4
[2022-12-19 10:06:11] INFO     mem_cmp 0x567C0000 0x767C0000 0x00010000 4
[2022-12-19 10:06:18] INFO     mem_cmp 0x56FC0000 0x76FC0000 0x00010000 4
[2022-12-19 10:06:24] INFO     mem_cmp 0x577C0000 0x777C0000 0x00010000 4
[2022-12-19 10:06:31] INFO     mem_cmp 0x57FC0000 0x77FC0000 0x00010000 4
[2022-12-19 10:06:37] INFO     mem_cmp 0x587C0000 0x787C0000 0x00010000 4
[2022-12-19 10:06:44] INFO     mem_cmp 0x58FC0000 0x78FC0000 0x00010000 4
[2022-12-19 10:06:51] INFO     mem_cmp 0x597C0000 0x797C0000 0x00010000 4
[2022-12-19 10:06:57] INFO     mem_cmp 0x59FC0000 0x79FC0000 0x00010000 4
[2022-12-19 10:07:04] INFO     mem_cmp 0x5A7C0000 0x7A7C0000 0x00010000 4
[2022-12-19 10:07:10] INFO     mem_cmp 0x5AFC0000 0x7AFC0000 0x00010000 4
[2022-12-19 10:07:17] INFO     mem_cmp 0x5B7C0000 0x7B7C0000 0x00010000 4
[2022-12-19 10:07:24] INFO     mem_cmp 0x5BFC0000 0x7BFC0000 0x00010000 4
[2022-12-19 10:07:30] INFO     mem_cmp 0x5C7C0000 0x7C7C0000 0x00010000 4
[2022-12-19 10:07:37] INFO     mem_cmp 0x5CFC0000 0x7CFC0000 0x00010000 4
[2022-12-19 10:07:43] INFO     mem_cmp 0x5D7C0000 0x7D7C0000 0x00010000 4
[2022-12-19 10:07:50] INFO     mem_cmp 0x5DFC0000 0x7DFC0000 0x00010000 4
[2022-12-19 10:07:57] INFO     mem_cmp 0x5E7C0000 0x7E7C0000 0x00010000 4
[2022-12-19 10:08:03] INFO     mem_cmp 0x5EFC0000 0x7EFC0000 0x00010000 4
[2022-12-19 10:08:10] INFO     mem_cmp 0x5F7C0000 0x7F7C0000 0x00010000 4
[2022-12-19 10:08:17] INFO     mem_cmp 0x5FFC0000 0x7FFC0000 0x00010000 4
[2022-12-19 10:08:17] INFO     STATE:Mem Compare State
[2022-12-19 10:08:23] INFO     mem_cmp 0x407C0000 0x607C0000 0x00010000 4
[2022-12-19 10:08:30] INFO     mem_cmp 0x40FC0000 0x60FC0000 0x00010000 4
[2022-12-19 10:08:36] INFO     mem_cmp 0x417C0000 0x617C0000 0x00010000 4
[2022-12-19 10:08:43] INFO     mem_cmp 0x41FC0000 0x61FC0000 0x00010000 4
[2022-12-19 10:08:49] INFO     mem_cmp 0x427C0000 0x627C0000 0x00010000 4
[2022-12-19 10:08:56] INFO     mem_cmp 0x42FC0000 0x62FC0000 0x00010000 4
[2022-12-19 10:09:02] INFO     mem_cmp 0x437C0000 0x637C0000 0x00010000 4
[2022-12-19 10:09:09] INFO     mem_cmp 0x43FC0000 0x63FC0000 0x00010000 4
[2022-12-19 10:09:15] INFO     mem_cmp 0x447C0000 0x647C0000 0x00010000 4
[2022-12-19 10:09:22] INFO     mem_cmp 0x44FC0000 0x64FC0000 0x00010000 4
[2022-12-19 10:09:28] INFO     mem_cmp 0x457C0000 0x657C0000 0x00010000 4
[2022-12-19 10:09:35] INFO     mem_cmp 0x45FC0000 0x65FC0000 0x00010000 4
[2022-12-19 10:09:41] INFO     mem_cmp 0x467C0000 0x667C0000 0x00010000 4
[2022-12-19 10:09:48] INFO     mem_cmp 0x46FC0000 0x66FC0000 0x00010000 4
[2022-12-19 10:09:55] INFO     mem_cmp 0x477C0000 0x677C0000 0x00010000 4
[2022-12-19 10:10:01] INFO     mem_cmp 0x47FC0000 0x67FC0000 0x00010000 4
[2022-12-19 10:10:08] INFO     mem_cmp 0x487C0000 0x687C0000 0x00010000 4
[2022-12-19 10:10:14] INFO     mem_cmp 0x48FC0000 0x68FC0000 0x00010000 4
[2022-12-19 10:10:21] INFO     mem_cmp 0x497C0000 0x697C0000 0x00010000 4
[2022-12-19 10:10:27] INFO     mem_cmp 0x49FC0000 0x69FC0000 0x00010000 4
[2022-12-19 10:10:34] INFO     mem_cmp 0x4A7C0000 0x6A7C0000 0x00010000 4
[2022-12-19 10:10:41] INFO     mem_cmp 0x4AFC0000 0x6AFC0000 0x00010000 4
[2022-12-19 10:10:47] INFO     mem_cmp 0x4B7C0000 0x6B7C0000 0x00010000 4
[2022-12-19 10:10:54] INFO     mem_cmp 0x4BFC0000 0x6BFC0000 0x00010000 4
[2022-12-19 10:11:00] INFO     mem_cmp 0x4C7C0000 0x6C7C0000 0x00010000 4
[2022-12-19 10:11:07] INFO     mem_cmp 0x4CFC0000 0x6CFC0000 0x00010000 4
[2022-12-19 10:11:13] INFO     mem_cmp 0x4D7C0000 0x6D7C0000 0x00010000 4
[2022-12-19 10:11:20] INFO     mem_cmp 0x4DFC0000 0x6DFC0000 0x00010000 4
[2022-12-19 10:11:26] INFO     mem_cmp 0x4E7C0000 0x6E7C0000 0x00010000 4
[2022-12-19 10:11:33] INFO     mem_cmp 0x4EFC0000 0x6EFC0000 0x00010000 4
[2022-12-19 10:11:40] INFO     mem_cmp 0x4F7C0000 0x6F7C0000 0x00010000 4
[2022-12-19 10:11:46] INFO     mem_cmp 0x4FFC0000 0x6FFC0000 0x00010000 4
[2022-12-19 10:11:53] INFO     mem_cmp 0x507C0000 0x707C0000 0x00010000 4
[2022-12-19 10:11:59] INFO     mem_cmp 0x50FC0000 0x70FC0000 0x00010000 4
[2022-12-19 10:12:06] INFO     mem_cmp 0x517C0000 0x717C0000 0x00010000 4
[2022-12-19 10:12:12] INFO     mem_cmp 0x51FC0000 0x71FC0000 0x00010000 4
[2022-12-19 10:12:19] INFO     mem_cmp 0x527C0000 0x727C0000 0x00010000 4
[2022-12-19 10:12:25] INFO     mem_cmp 0x52FC0000 0x72FC0000 0x00010000 4
[2022-12-19 10:12:32] INFO     mem_cmp 0x537C0000 0x737C0000 0x00010000 4
[2022-12-19 10:12:38] INFO     mem_cmp 0x53FC0000 0x73FC0000 0x00010000 4
[2022-12-19 10:12:45] INFO     mem_cmp 0x547C0000 0x747C0000 0x00010000 4
[2022-12-19 10:12:51] INFO     mem_cmp 0x54FC0000 0x74FC0000 0x00010000 4
[2022-12-19 10:12:58] INFO     mem_cmp 0x557C0000 0x757C0000 0x00010000 4
[2022-12-19 10:13:05] INFO     mem_cmp 0x55FC0000 0x75FC0000 0x00010000 4
[2022-12-19 10:13:11] INFO     mem_cmp 0x567C0000 0x767C0000 0x00010000 4
[2022-12-19 10:13:18] INFO     mem_cmp 0x56FC0000 0x76FC0000 0x00010000 4
[2022-12-19 10:13:24] INFO     mem_cmp 0x577C0000 0x777C0000 0x00010000 4
[2022-12-19 10:13:31] INFO     mem_cmp 0x57FC0000 0x77FC0000 0x00010000 4
[2022-12-19 10:13:38] INFO     mem_cmp 0x587C0000 0x787C0000 0x00010000 4
[2022-12-19 10:13:44] INFO     mem_cmp 0x58FC0000 0x78FC0000 0x00010000 4
[2022-12-19 10:13:51] INFO     mem_cmp 0x597C0000 0x797C0000 0x00010000 4
[2022-12-19 10:13:57] INFO     mem_cmp 0x59FC0000 0x79FC0000 0x00010000 4
[2022-12-19 10:14:04] INFO     mem_cmp 0x5A7C0000 0x7A7C0000 0x00010000 4
[2022-12-19 10:14:10] INFO     mem_cmp 0x5AFC0000 0x7AFC0000 0x00010000 4
[2022-12-19 10:14:17] INFO     mem_cmp 0x5B7C0000 0x7B7C0000 0x00010000 4
[2022-12-19 10:14:24] INFO     mem_cmp 0x5BFC0000 0x7BFC0000 0x00010000 4
[2022-12-19 10:14:30] INFO     mem_cmp 0x5C7C0000 0x7C7C0000 0x00010000 4
[2022-12-19 10:14:36] INFO     mem_cmp 0x5CFC0000 0x7CFC0000 0x00010000 4
[2022-12-19 10:14:43] INFO     mem_cmp 0x5D7C0000 0x7D7C0000 0x00010000 4
[2022-12-19 10:14:50] INFO     mem_cmp 0x5DFC0000 0x7DFC0000 0x00010000 4
[2022-12-19 10:14:57] INFO     mem_cmp 0x5E7C0000 0x7E7C0000 0x00010000 4
[2022-12-19 10:15:03] INFO     mem_cmp 0x5EFC0000 0x7EFC0000 0x00010000 4
[2022-12-19 10:15:10] INFO     mem_cmp 0x5F7C0000 0x7F7C0000 0x00010000 4
[2022-12-19 10:15:17] INFO     mem_cmp 0x5FFC0000 0x7FFC0000 0x00010000 4
[2022-12-19 10:15:17] INFO     STATE:Mem Compare State
[2022-12-19 10:15:23] INFO     mem_cmp 0x407C0000 0x607C0000 0x00010000 4
[2022-12-19 10:15:29] INFO     mem_cmp 0x40FC0000 0x60FC0000 0x00010000 4
[2022-12-19 10:15:36] INFO     mem_cmp 0x417C0000 0x617C0000 0x00010000 4
[2022-12-19 10:15:43] INFO     mem_cmp 0x41FC0000 0x61FC0000 0x00010000 4
[2022-12-19 10:15:49] INFO     mem_cmp 0x427C0000 0x627C0000 0x00010000 4
[2022-12-19 10:15:56] INFO     mem_cmp 0x42FC0000 0x62FC0000 0x00010000 4
[2022-12-19 10:16:02] INFO     mem_cmp 0x437C0000 0x637C0000 0x00010000 4
[2022-12-19 10:16:09] INFO     mem_cmp 0x43FC0000 0x63FC0000 0x00010000 4
[2022-12-19 10:16:15] INFO     mem_cmp 0x447C0000 0x647C0000 0x00010000 4
[2022-12-19 10:16:22] INFO     mem_cmp 0x44FC0000 0x64FC0000 0x00010000 4
[2022-12-19 10:16:28] INFO     mem_cmp 0x457C0000 0x657C0000 0x00010000 4
[2022-12-19 10:16:35] INFO     mem_cmp 0x45FC0000 0x65FC0000 0x00010000 4
[2022-12-19 10:16:42] INFO     mem_cmp 0x467C0000 0x667C0000 0x00010000 4
[2022-12-19 10:16:48] INFO     mem_cmp 0x46FC0000 0x66FC0000 0x00010000 4
[2022-12-19 10:16:55] INFO     mem_cmp 0x477C0000 0x677C0000 0x00010000 4
[2022-12-19 10:17:02] INFO     mem_cmp 0x47FC0000 0x67FC0000 0x00010000 4
[2022-12-19 10:17:08] INFO     mem_cmp 0x487C0000 0x687C0000 0x00010000 4
[2022-12-19 10:17:15] INFO     mem_cmp 0x48FC0000 0x68FC0000 0x00010000 4
[2022-12-19 10:17:21] INFO     mem_cmp 0x497C0000 0x697C0000 0x00010000 4
[2022-12-19 10:17:28] INFO     mem_cmp 0x49FC0000 0x69FC0000 0x00010000 4
[2022-12-19 10:17:34] INFO     mem_cmp 0x4A7C0000 0x6A7C0000 0x00010000 4
[2022-12-19 10:17:41] INFO     mem_cmp 0x4AFC0000 0x6AFC0000 0x00010000 4
[2022-12-19 10:17:47] INFO     mem_cmp 0x4B7C0000 0x6B7C0000 0x00010000 4
[2022-12-19 10:17:54] INFO     mem_cmp 0x4BFC0000 0x6BFC0000 0x00010000 4
[2022-12-19 10:18:00] INFO     mem_cmp 0x4C7C0000 0x6C7C0000 0x00010000 4
[2022-12-19 10:18:07] INFO     mem_cmp 0x4CFC0000 0x6CFC0000 0x00010000 4
[2022-12-19 10:18:14] INFO     mem_cmp 0x4D7C0000 0x6D7C0000 0x00010000 4
[2022-12-19 10:18:20] INFO     mem_cmp 0x4DFC0000 0x6DFC0000 0x00010000 4
[2022-12-19 10:18:27] INFO     mem_cmp 0x4E7C0000 0x6E7C0000 0x00010000 4
[2022-12-19 10:18:33] INFO     mem_cmp 0x4EFC0000 0x6EFC0000 0x00010000 4
[2022-12-19 10:18:40] INFO     mem_cmp 0x4F7C0000 0x6F7C0000 0x00010000 4
[2022-12-19 10:18:46] INFO     mem_cmp 0x4FFC0000 0x6FFC0000 0x00010000 4
[2022-12-19 10:18:53] INFO     mem_cmp 0x507C0000 0x707C0000 0x00010000 4
[2022-12-19 10:18:59] INFO     mem_cmp 0x50FC0000 0x70FC0000 0x00010000 4
[2022-12-19 10:19:06] INFO     mem_cmp 0x517C0000 0x717C0000 0x00010000 4
[2022-12-19 10:19:12] INFO     mem_cmp 0x51FC0000 0x71FC0000 0x00010000 4
[2022-12-19 10:19:19] INFO     mem_cmp 0x527C0000 0x727C0000 0x00010000 4
[2022-12-19 10:19:26] INFO     mem_cmp 0x52FC0000 0x72FC0000 0x00010000 4
[2022-12-19 10:19:32] INFO     mem_cmp 0x537C0000 0x737C0000 0x00010000 4
[2022-12-19 10:19:38] INFO     mem_cmp 0x53FC0000 0x73FC0000 0x00010000 4
[2022-12-19 10:19:45] INFO     mem_cmp 0x547C0000 0x747C0000 0x00010000 4
[2022-12-19 10:19:52] INFO     mem_cmp 0x54FC0000 0x74FC0000 0x00010000 4
[2022-12-19 10:19:58] INFO     mem_cmp 0x557C0000 0x757C0000 0x00010000 4
[2022-12-19 10:20:05] INFO     mem_cmp 0x55FC0000 0x75FC0000 0x00010000 4
[2022-12-19 10:20:12] INFO     mem_cmp 0x567C0000 0x767C0000 0x00010000 4
[2022-12-19 10:20:18] INFO     mem_cmp 0x56FC0000 0x76FC0000 0x00010000 4
[2022-12-19 10:20:24] INFO     mem_cmp 0x577C0000 0x777C0000 0x00010000 4
[2022-12-19 10:20:31] INFO     mem_cmp 0x57FC0000 0x77FC0000 0x00010000 4
[2022-12-19 10:20:38] INFO     mem_cmp 0x587C0000 0x787C0000 0x00010000 4
[2022-12-19 10:20:44] INFO     mem_cmp 0x58FC0000 0x78FC0000 0x00010000 4
[2022-12-19 10:20:51] INFO     mem_cmp 0x597C0000 0x797C0000 0x00010000 4
[2022-12-19 10:20:58] INFO     mem_cmp 0x59FC0000 0x79FC0000 0x00010000 4
[2022-12-19 10:21:04] INFO     mem_cmp 0x5A7C0000 0x7A7C0000 0x00010000 4
[2022-12-19 10:21:10] INFO     mem_cmp 0x5AFC0000 0x7AFC0000 0x00010000 4
[2022-12-19 10:21:17] INFO     mem_cmp 0x5B7C0000 0x7B7C0000 0x00010000 4
[2022-12-19 10:21:23] INFO     mem_cmp 0x5BFC0000 0x7BFC0000 0x00010000 4
[2022-12-19 10:21:30] INFO     mem_cmp 0x5C7C0000 0x7C7C0000 0x00010000 4
[2022-12-19 10:21:36] INFO     mem_cmp 0x5CFC0000 0x7CFC0000 0x00010000 4
[2022-12-19 10:21:43] INFO     mem_cmp 0x5D7C0000 0x7D7C0000 0x00010000 4
[2022-12-19 10:21:49] INFO     mem_cmp 0x5DFC0000 0x7DFC0000 0x00010000 4
[2022-12-19 10:21:56] INFO     mem_cmp 0x5E7C0000 0x7E7C0000 0x00010000 4
[2022-12-19 10:22:03] INFO     mem_cmp 0x5EFC0000 0x7EFC0000 0x00010000 4
[2022-12-19 10:22:09] INFO     mem_cmp 0x5F7C0000 0x7F7C0000 0x00010000 4
[2022-12-19 10:22:16] INFO     mem_cmp 0x5FFC0000 0x7FFC0000 0x00010000 4
[2022-12-19 10:22:16] INFO     STATE:Mem Compare State
[2022-12-19 10:22:22] INFO     mem_cmp 0x407C0000 0x607C0000 0x00010000 4
[2022-12-19 10:22:29] INFO     mem_cmp 0x40FC0000 0x60FC0000 0x00010000 4
[2022-12-19 10:22:36] INFO     mem_cmp 0x417C0000 0x617C0000 0x00010000 4
[2022-12-19 10:22:42] INFO     mem_cmp 0x41FC0000 0x61FC0000 0x00010000 4
[2022-12-19 10:22:48] INFO     mem_cmp 0x427C0000 0x627C0000 0x00010000 4
[2022-12-19 10:22:55] INFO     mem_cmp 0x42FC0000 0x62FC0000 0x00010000 4
[2022-12-19 10:23:02] INFO     mem_cmp 0x437C0000 0x637C0000 0x00010000 4
[2022-12-19 10:23:08] INFO     mem_cmp 0x43FC0000 0x63FC0000 0x00010000 4
[2022-12-19 10:23:14] INFO     mem_cmp 0x447C0000 0x647C0000 0x00010000 4
[2022-12-19 10:23:20] INFO     mem_cmp 0x44FC0000 0x64FC0000 0x00010000 4
[2022-12-19 10:23:26] INFO     mem_cmp 0x457C0000 0x657C0000 0x00010000 4
[2022-12-19 10:23:33] INFO     mem_cmp 0x45FC0000 0x65FC0000 0x00010000 4
[2022-12-19 10:23:39] INFO     mem_cmp 0x467C0000 0x667C0000 0x00010000 4
[2022-12-19 10:23:46] INFO     mem_cmp 0x46FC0000 0x66FC0000 0x00010000 4
[2022-12-19 10:23:52] INFO     mem_cmp 0x477C0000 0x677C0000 0x00010000 4
[2022-12-19 10:23:59] INFO     mem_cmp 0x47FC0000 0x67FC0000 0x00010000 4
[2022-12-19 10:24:05] INFO     mem_cmp 0x487C0000 0x687C0000 0x00010000 4
[2022-12-19 10:24:12] INFO     mem_cmp 0x48FC0000 0x68FC0000 0x00010000 4
[2022-12-19 10:24:18] INFO     mem_cmp 0x497C0000 0x697C0000 0x00010000 4
[2022-12-19 10:24:25] INFO     mem_cmp 0x49FC0000 0x69FC0000 0x00010000 4
[2022-12-19 10:24:31] INFO     mem_cmp 0x4A7C0000 0x6A7C0000 0x00010000 4
[2022-12-19 10:24:38] INFO     mem_cmp 0x4AFC0000 0x6AFC0000 0x00010000 4
[2022-12-19 10:24:44] INFO     mem_cmp 0x4B7C0000 0x6B7C0000 0x00010000 4
[2022-12-19 10:24:50] INFO     mem_cmp 0x4BFC0000 0x6BFC0000 0x00010000 4
[2022-12-19 10:24:56] INFO     mem_cmp 0x4C7C0000 0x6C7C0000 0x00010000 4
[2022-12-19 10:25:02] INFO     mem_cmp 0x4CFC0000 0x6CFC0000 0x00010000 4
[2022-12-19 10:25:08] INFO     mem_cmp 0x4D7C0000 0x6D7C0000 0x00010000 4
[2022-12-19 10:25:15] INFO     mem_cmp 0x4DFC0000 0x6DFC0000 0x00010000 4
[2022-12-19 10:25:21] INFO     mem_cmp 0x4E7C0000 0x6E7C0000 0x00010000 4
[2022-12-19 10:25:28] INFO     mem_cmp 0x4EFC0000 0x6EFC0000 0x00010000 4
[2022-12-19 10:25:34] INFO     mem_cmp 0x4F7C0000 0x6F7C0000 0x00010000 4
[2022-12-19 10:25:41] INFO     mem_cmp 0x4FFC0000 0x6FFC0000 0x00010000 4
[2022-12-19 10:25:47] INFO     mem_cmp 0x507C0000 0x707C0000 0x00010000 4
[2022-12-19 10:25:54] INFO     mem_cmp 0x50FC0000 0x70FC0000 0x00010000 4
[2022-12-19 10:26:00] INFO     mem_cmp 0x517C0000 0x717C0000 0x00010000 4
[2022-12-19 10:26:06] INFO     mem_cmp 0x51FC0000 0x71FC0000 0x00010000 4
[2022-12-19 10:26:12] INFO     mem_cmp 0x527C0000 0x727C0000 0x00010000 4
[2022-12-19 10:26:19] INFO     mem_cmp 0x52FC0000 0x72FC0000 0x00010000 4
[2022-12-19 10:26:25] INFO     mem_cmp 0x537C0000 0x737C0000 0x00010000 4
[2022-12-19 10:26:31] INFO     mem_cmp 0x53FC0000 0x73FC0000 0x00010000 4
[2022-12-19 10:26:38] INFO     mem_cmp 0x547C0000 0x747C0000 0x00010000 4
[2022-12-19 10:26:45] INFO     mem_cmp 0x54FC0000 0x74FC0000 0x00010000 4
[2022-12-19 10:26:51] INFO     mem_cmp 0x557C0000 0x757C0000 0x00010000 4
[2022-12-19 10:26:58] INFO     mem_cmp 0x55FC0000 0x75FC0000 0x00010000 4
[2022-12-19 10:27:05] INFO     mem_cmp 0x567C0000 0x767C0000 0x00010000 4
[2022-12-19 10:27:11] INFO     mem_cmp 0x56FC0000 0x76FC0000 0x00010000 4
[2022-12-19 10:27:18] INFO     mem_cmp 0x577C0000 0x777C0000 0x00010000 4
[2022-12-19 10:27:24] INFO     mem_cmp 0x57FC0000 0x77FC0000 0x00010000 4
[2022-12-19 10:27:31] INFO     mem_cmp 0x587C0000 0x787C0000 0x00010000 4
[2022-12-19 10:27:37] INFO     mem_cmp 0x58FC0000 0x78FC0000 0x00010000 4
[2022-12-19 10:27:44] INFO     mem_cmp 0x597C0000 0x797C0000 0x00010000 4
[2022-12-19 10:27:51] INFO     mem_cmp 0x59FC0000 0x79FC0000 0x00010000 4
[2022-12-19 10:27:57] INFO     mem_cmp 0x5A7C0000 0x7A7C0000 0x00010000 4
[2022-12-19 10:28:04] INFO     mem_cmp 0x5AFC0000 0x7AFC0000 0x00010000 4
[2022-12-19 10:28:10] INFO     mem_cmp 0x5B7C0000 0x7B7C0000 0x00010000 4
[2022-12-19 10:28:16] INFO     mem_cmp 0x5BFC0000 0x7BFC0000 0x00010000 4
[2022-12-19 10:28:23] INFO     mem_cmp 0x5C7C0000 0x7C7C0000 0x00010000 4
[2022-12-19 10:28:30] INFO     mem_cmp 0x5CFC0000 0x7CFC0000 0x00010000 4
[2022-12-19 10:28:36] INFO     mem_cmp 0x5D7C0000 0x7D7C0000 0x00010000 4
[2022-12-19 10:28:43] INFO     mem_cmp 0x5DFC0000 0x7DFC0000 0x00010000 4
[2022-12-19 10:28:49] INFO     mem_cmp 0x5E7C0000 0x7E7C0000 0x00010000 4
[2022-12-19 10:28:56] INFO     mem_cmp 0x5EFC0000 0x7EFC0000 0x00010000 4
[2022-12-19 10:29:02] INFO     mem_cmp 0x5F7C0000 0x7F7C0000 0x00010000 4
[2022-12-19 10:29:09] INFO     mem_cmp 0x5FFC0000 0x7FFC0000 0x00010000 4
[2022-12-19 10:29:09] INFO     STATE:Mem Compare State
[2022-12-19 10:29:15] INFO     mem_cmp 0x407C0000 0x607C0000 0x00010000 4
[2022-12-19 10:29:22] INFO     mem_cmp 0x40FC0000 0x60FC0000 0x00010000 4
[2022-12-19 10:29:28] INFO     mem_cmp 0x417C0000 0x617C0000 0x00010000 4
[2022-12-19 10:29:35] INFO     mem_cmp 0x41FC0000 0x61FC0000 0x00010000 4
[2022-12-19 10:29:41] INFO     mem_cmp 0x427C0000 0x627C0000 0x00010000 4
[2022-12-19 10:29:48] INFO     mem_cmp 0x42FC0000 0x62FC0000 0x00010000 4
[2022-12-19 10:29:55] INFO     mem_cmp 0x437C0000 0x637C0000 0x00010000 4
[2022-12-19 10:30:01] INFO     mem_cmp 0x43FC0000 0x63FC0000 0x00010000 4
[2022-12-19 10:30:08] INFO     mem_cmp 0x447C0000 0x647C0000 0x00010000 4
[2022-12-19 10:30:14] INFO     mem_cmp 0x44FC0000 0x64FC0000 0x00010000 4
[2022-12-19 10:30:21] INFO     mem_cmp 0x457C0000 0x657C0000 0x00010000 4
[2022-12-19 10:30:27] INFO     mem_cmp 0x45FC0000 0x65FC0000 0x00010000 4
[2022-12-19 10:30:34] INFO     mem_cmp 0x467C0000 0x667C0000 0x00010000 4
[2022-12-19 10:30:41] INFO     mem_cmp 0x46FC0000 0x66FC0000 0x00010000 4
[2022-12-19 10:30:47] INFO     mem_cmp 0x477C0000 0x677C0000 0x00010000 4
[2022-12-19 10:30:54] INFO     mem_cmp 0x47FC0000 0x67FC0000 0x00010000 4
[2022-12-19 10:31:00] INFO     mem_cmp 0x487C0000 0x687C0000 0x00010000 4
[2022-12-19 10:31:07] INFO     mem_cmp 0x48FC0000 0x68FC0000 0x00010000 4
[2022-12-19 10:31:13] INFO     mem_cmp 0x497C0000 0x697C0000 0x00010000 4
[2022-12-19 10:31:20] INFO     mem_cmp 0x49FC0000 0x69FC0000 0x00010000 4
[2022-12-19 10:31:26] INFO     mem_cmp 0x4A7C0000 0x6A7C0000 0x00010000 4
[2022-12-19 10:31:32] INFO     mem_cmp 0x4AFC0000 0x6AFC0000 0x00010000 4
[2022-12-19 10:31:39] INFO     mem_cmp 0x4B7C0000 0x6B7C0000 0x00010000 4
[2022-12-19 10:31:45] INFO     mem_cmp 0x4BFC0000 0x6BFC0000 0x00010000 4
[2022-12-19 10:31:52] INFO     mem_cmp 0x4C7C0000 0x6C7C0000 0x00010000 4
[2022-12-19 10:31:59] INFO     mem_cmp 0x4CFC0000 0x6CFC0000 0x00010000 4
[2022-12-19 10:32:05] INFO     mem_cmp 0x4D7C0000 0x6D7C0000 0x00010000 4
[2022-12-19 10:32:12] INFO     mem_cmp 0x4DFC0000 0x6DFC0000 0x00010000 4
[2022-12-19 10:32:18] INFO     mem_cmp 0x4E7C0000 0x6E7C0000 0x00010000 4
[2022-12-19 10:32:24] INFO     mem_cmp 0x4EFC0000 0x6EFC0000 0x00010000 4
[2022-12-19 10:32:31] INFO     mem_cmp 0x4F7C0000 0x6F7C0000 0x00010000 4
[2022-12-19 10:32:37] INFO     mem_cmp 0x4FFC0000 0x6FFC0000 0x00010000 4
[2022-12-19 10:32:43] INFO     mem_cmp 0x507C0000 0x707C0000 0x00010000 4
[2022-12-19 10:32:50] INFO     mem_cmp 0x50FC0000 0x70FC0000 0x00010000 4
[2022-12-19 10:32:56] INFO     mem_cmp 0x517C0000 0x717C0000 0x00010000 4
[2022-12-19 10:33:02] INFO     mem_cmp 0x51FC0000 0x71FC0000 0x00010000 4
[2022-12-19 10:33:09] INFO     mem_cmp 0x527C0000 0x727C0000 0x00010000 4
[2022-12-19 10:33:15] INFO     mem_cmp 0x52FC0000 0x72FC0000 0x00010000 4
[2022-12-19 10:33:22] INFO     mem_cmp 0x537C0000 0x737C0000 0x00010000 4
[2022-12-19 10:33:28] INFO     mem_cmp 0x53FC0000 0x73FC0000 0x00010000 4
[2022-12-19 10:33:34] INFO     mem_cmp 0x547C0000 0x747C0000 0x00010000 4
[2022-12-19 10:33:41] INFO     mem_cmp 0x54FC0000 0x74FC0000 0x00010000 4
[2022-12-19 10:33:48] INFO     mem_cmp 0x557C0000 0x757C0000 0x00010000 4
[2022-12-19 10:33:54] INFO     mem_cmp 0x55FC0000 0x75FC0000 0x00010000 4
[2022-12-19 10:34:01] INFO     mem_cmp 0x567C0000 0x767C0000 0x00010000 4
[2022-12-19 10:34:07] INFO     mem_cmp 0x56FC0000 0x76FC0000 0x00010000 4
[2022-12-19 10:34:14] INFO     mem_cmp 0x577C0000 0x777C0000 0x00010000 4
[2022-12-19 10:34:20] INFO     mem_cmp 0x57FC0000 0x77FC0000 0x00010000 4
[2022-12-19 10:34:26] INFO     mem_cmp 0x587C0000 0x787C0000 0x00010000 4
[2022-12-19 10:34:33] INFO     mem_cmp 0x58FC0000 0x78FC0000 0x00010000 4
[2022-12-19 10:34:40] INFO     mem_cmp 0x597C0000 0x797C0000 0x00010000 4
[2022-12-19 10:34:46] INFO     mem_cmp 0x59FC0000 0x79FC0000 0x00010000 4
[2022-12-19 10:34:53] INFO     mem_cmp 0x5A7C0000 0x7A7C0000 0x00010000 4
[2022-12-19 10:34:59] INFO     mem_cmp 0x5AFC0000 0x7AFC0000 0x00010000 4
[2022-12-19 10:35:06] INFO     mem_cmp 0x5B7C0000 0x7B7C0000 0x00010000 4
[2022-12-19 10:35:12] INFO     mem_cmp 0x5BFC0000 0x7BFC0000 0x00010000 4
[2022-12-19 10:35:18] INFO     mem_cmp 0x5C7C0000 0x7C7C0000 0x00010000 4
[2022-12-19 10:35:25] INFO     mem_cmp 0x5CFC0000 0x7CFC0000 0x00010000 4
[2022-12-19 10:35:31] INFO     mem_cmp 0x5D7C0000 0x7D7C0000 0x00010000 4
[2022-12-19 10:35:38] INFO     mem_cmp 0x5DFC0000 0x7DFC0000 0x00010000 4
[2022-12-19 10:35:44] INFO     mem_cmp 0x5E7C0000 0x7E7C0000 0x00010000 4
[2022-12-19 10:35:50] INFO     mem_cmp 0x5EFC0000 0x7EFC0000 0x00010000 4
[2022-12-19 10:35:57] INFO     mem_cmp 0x5F7C0000 0x7F7C0000 0x00010000 4
[2022-12-19 10:36:03] INFO     mem_cmp 0x5FFC0000 0x7FFC0000 0x00010000 4
[2022-12-19 10:36:04] INFO     STATE:Mem Compare State
[2022-12-19 10:36:10] INFO     mem_cmp 0x407C0000 0x607C0000 0x00010000 4
[2022-12-19 10:36:16] INFO     mem_cmp 0x40FC0000 0x60FC0000 0x00010000 4
[2022-12-19 10:36:23] INFO     mem_cmp 0x417C0000 0x617C0000 0x00010000 4
[2022-12-19 10:36:29] INFO     mem_cmp 0x41FC0000 0x61FC0000 0x00010000 4
[2022-12-19 10:36:36] INFO     mem_cmp 0x427C0000 0x627C0000 0x00010000 4
[2022-12-19 10:36:42] INFO     mem_cmp 0x42FC0000 0x62FC0000 0x00010000 4
[2022-12-19 10:36:49] INFO     mem_cmp 0x437C0000 0x637C0000 0x00010000 4
[2022-12-19 10:36:56] INFO     mem_cmp 0x43FC0000 0x63FC0000 0x00010000 4
[2022-12-19 10:37:02] INFO     mem_cmp 0x447C0000 0x647C0000 0x00010000 4
[2022-12-19 10:37:09] INFO     mem_cmp 0x44FC0000 0x64FC0000 0x00010000 4
[2022-12-19 10:37:16] INFO     mem_cmp 0x457C0000 0x657C0000 0x00010000 4
[2022-12-19 10:37:22] INFO     mem_cmp 0x45FC0000 0x65FC0000 0x00010000 4
[2022-12-19 10:37:28] INFO     mem_cmp 0x467C0000 0x667C0000 0x00010000 4
[2022-12-19 10:37:35] INFO     mem_cmp 0x46FC0000 0x66FC0000 0x00010000 4
[2022-12-19 10:37:41] INFO     mem_cmp 0x477C0000 0x677C0000 0x00010000 4
[2022-12-19 10:37:48] INFO     mem_cmp 0x47FC0000 0x67FC0000 0x00010000 4
[2022-12-19 10:37:54] INFO     mem_cmp 0x487C0000 0x687C0000 0x00010000 4
[2022-12-19 10:38:01] INFO     mem_cmp 0x48FC0000 0x68FC0000 0x00010000 4
[2022-12-19 10:38:07] INFO     mem_cmp 0x497C0000 0x697C0000 0x00010000 4
[2022-12-19 10:38:14] INFO     mem_cmp 0x49FC0000 0x69FC0000 0x00010000 4
[2022-12-19 10:38:20] INFO     mem_cmp 0x4A7C0000 0x6A7C0000 0x00010000 4
[2022-12-19 10:38:27] INFO     mem_cmp 0x4AFC0000 0x6AFC0000 0x00010000 4
[2022-12-19 10:38:33] INFO     mem_cmp 0x4B7C0000 0x6B7C0000 0x00010000 4
[2022-12-19 10:38:40] INFO     mem_cmp 0x4BFC0000 0x6BFC0000 0x00010000 4
[2022-12-19 10:38:46] INFO     mem_cmp 0x4C7C0000 0x6C7C0000 0x00010000 4
[2022-12-19 10:38:53] INFO     mem_cmp 0x4CFC0000 0x6CFC0000 0x00010000 4
[2022-12-19 10:38:59] INFO     mem_cmp 0x4D7C0000 0x6D7C0000 0x00010000 4
[2022-12-19 10:39:05] INFO     mem_cmp 0x4DFC0000 0x6DFC0000 0x00010000 4
[2022-12-19 10:39:12] INFO     mem_cmp 0x4E7C0000 0x6E7C0000 0x00010000 4
[2022-12-19 10:39:19] INFO     mem_cmp 0x4EFC0000 0x6EFC0000 0x00010000 4
[2022-12-19 10:39:25] INFO     mem_cmp 0x4F7C0000 0x6F7C0000 0x00010000 4
[2022-12-19 10:39:32] INFO     mem_cmp 0x4FFC0000 0x6FFC0000 0x00010000 4
[2022-12-19 10:39:38] INFO     mem_cmp 0x507C0000 0x707C0000 0x00010000 4
[2022-12-19 10:39:45] INFO     mem_cmp 0x50FC0000 0x70FC0000 0x00010000 4
[2022-12-19 10:39:51] INFO     mem_cmp 0x517C0000 0x717C0000 0x00010000 4
[2022-12-19 10:39:57] INFO     mem_cmp 0x51FC0000 0x71FC0000 0x00010000 4
[2022-12-19 10:40:03] INFO     mem_cmp 0x527C0000 0x727C0000 0x00010000 4
[2022-12-19 10:40:10] INFO     mem_cmp 0x52FC0000 0x72FC0000 0x00010000 4
[2022-12-19 10:40:16] INFO     mem_cmp 0x537C0000 0x737C0000 0x00010000 4
[2022-12-19 10:40:23] INFO     mem_cmp 0x53FC0000 0x73FC0000 0x00010000 4
[2022-12-19 10:40:30] INFO     mem_cmp 0x547C0000 0x747C0000 0x00010000 4
[2022-12-19 10:40:36] INFO     mem_cmp 0x54FC0000 0x74FC0000 0x00010000 4
[2022-12-19 10:40:42] INFO     mem_cmp 0x557C0000 0x757C0000 0x00010000 4
[2022-12-19 10:40:49] INFO     mem_cmp 0x55FC0000 0x75FC0000 0x00010000 4
[2022-12-19 10:40:56] INFO     mem_cmp 0x567C0000 0x767C0000 0x00010000 4
[2022-12-19 10:41:02] INFO     mem_cmp 0x56FC0000 0x76FC0000 0x00010000 4
[2022-12-19 10:41:08] INFO     mem_cmp 0x577C0000 0x777C0000 0x00010000 4
[2022-12-19 10:41:15] INFO     mem_cmp 0x57FC0000 0x77FC0000 0x00010000 4
[2022-12-19 10:41:21] INFO     mem_cmp 0x587C0000 0x787C0000 0x00010000 4
[2022-12-19 10:41:28] INFO     mem_cmp 0x58FC0000 0x78FC0000 0x00010000 4
[2022-12-19 10:41:34] INFO     mem_cmp 0x597C0000 0x797C0000 0x00010000 4
[2022-12-19 10:41:41] INFO     mem_cmp 0x59FC0000 0x79FC0000 0x00010000 4
[2022-12-19 10:41:47] INFO     mem_cmp 0x5A7C0000 0x7A7C0000 0x00010000 4
[2022-12-19 10:41:54] INFO     mem_cmp 0x5AFC0000 0x7AFC0000 0x00010000 4
[2022-12-19 10:42:00] INFO     mem_cmp 0x5B7C0000 0x7B7C0000 0x00010000 4
[2022-12-19 10:42:07] INFO     mem_cmp 0x5BFC0000 0x7BFC0000 0x00010000 4
[2022-12-19 10:42:13] INFO     mem_cmp 0x5C7C0000 0x7C7C0000 0x00010000 4
[2022-12-19 10:42:20] INFO     mem_cmp 0x5CFC0000 0x7CFC0000 0x00010000 4
[2022-12-19 10:42:26] INFO     mem_cmp 0x5D7C0000 0x7D7C0000 0x00010000 4
[2022-12-19 10:42:33] INFO     mem_cmp 0x5DFC0000 0x7DFC0000 0x00010000 4
[2022-12-19 10:42:39] INFO     mem_cmp 0x5E7C0000 0x7E7C0000 0x00010000 4
[2022-12-19 10:42:46] INFO     mem_cmp 0x5EFC0000 0x7EFC0000 0x00010000 4
[2022-12-19 10:42:52] INFO     mem_cmp 0x5F7C0000 0x7F7C0000 0x00010000 4
[2022-12-19 10:42:59] INFO     mem_cmp 0x5FFC0000 0x7FFC0000 0x00010000 4
[2022-12-19 10:42:59] INFO     STATE:Mem Compare State
[2022-12-19 10:43:05] INFO     mem_cmp 0x407C0000 0x607C0000 0x00010000 4
[2022-12-19 10:43:12] INFO     mem_cmp 0x40FC0000 0x60FC0000 0x00010000 4
[2022-12-19 10:43:18] INFO     mem_cmp 0x417C0000 0x617C0000 0x00010000 4
[2022-12-19 10:43:25] INFO     mem_cmp 0x41FC0000 0x61FC0000 0x00010000 4
[2022-12-19 10:43:31] INFO     mem_cmp 0x427C0000 0x627C0000 0x00010000 4
[2022-12-19 10:43:38] INFO     mem_cmp 0x42FC0000 0x62FC0000 0x00010000 4
[2022-12-19 10:43:45] INFO     mem_cmp 0x437C0000 0x637C0000 0x00010000 4
[2022-12-19 10:43:51] INFO     mem_cmp 0x43FC0000 0x63FC0000 0x00010000 4
[2022-12-19 10:43:58] INFO     mem_cmp 0x447C0000 0x647C0000 0x00010000 4
[2022-12-19 10:44:04] INFO     mem_cmp 0x44FC0000 0x64FC0000 0x00010000 4
[2022-12-19 10:44:11] INFO     mem_cmp 0x457C0000 0x657C0000 0x00010000 4
[2022-12-19 10:44:17] INFO     mem_cmp 0x45FC0000 0x65FC0000 0x00010000 4
[2022-12-19 10:44:24] INFO     mem_cmp 0x467C0000 0x667C0000 0x00010000 4
[2022-12-19 10:44:30] INFO     mem_cmp 0x46FC0000 0x66FC0000 0x00010000 4
[2022-12-19 10:44:37] INFO     mem_cmp 0x477C0000 0x677C0000 0x00010000 4
[2022-12-19 10:44:43] INFO     mem_cmp 0x47FC0000 0x67FC0000 0x00010000 4
[2022-12-19 10:44:50] INFO     mem_cmp 0x487C0000 0x687C0000 0x00010000 4
[2022-12-19 10:44:56] INFO     mem_cmp 0x48FC0000 0x68FC0000 0x00010000 4
[2022-12-19 10:45:03] INFO     mem_cmp 0x497C0000 0x697C0000 0x00010000 4
[2022-12-19 10:45:10] INFO     mem_cmp 0x49FC0000 0x69FC0000 0x00010000 4
[2022-12-19 10:45:16] INFO     mem_cmp 0x4A7C0000 0x6A7C0000 0x00010000 4
[2022-12-19 10:45:23] INFO     mem_cmp 0x4AFC0000 0x6AFC0000 0x00010000 4
[2022-12-19 10:45:29] INFO     mem_cmp 0x4B7C0000 0x6B7C0000 0x00010000 4
[2022-12-19 10:45:36] INFO     mem_cmp 0x4BFC0000 0x6BFC0000 0x00010000 4
[2022-12-19 10:45:43] INFO     mem_cmp 0x4C7C0000 0x6C7C0000 0x00010000 4
[2022-12-19 10:45:49] INFO     mem_cmp 0x4CFC0000 0x6CFC0000 0x00010000 4
[2022-12-19 10:45:56] INFO     mem_cmp 0x4D7C0000 0x6D7C0000 0x00010000 4
[2022-12-19 10:46:02] INFO     mem_cmp 0x4DFC0000 0x6DFC0000 0x00010000 4
[2022-12-19 10:46:09] INFO     mem_cmp 0x4E7C0000 0x6E7C0000 0x00010000 4
[2022-12-19 10:46:15] INFO     mem_cmp 0x4EFC0000 0x6EFC0000 0x00010000 4
[2022-12-19 10:46:21] INFO     mem_cmp 0x4F7C0000 0x6F7C0000 0x00010000 4
[2022-12-19 10:46:28] INFO     mem_cmp 0x4FFC0000 0x6FFC0000 0x00010000 4
[2022-12-19 10:46:34] INFO     mem_cmp 0x507C0000 0x707C0000 0x00010000 4
[2022-12-19 10:46:41] INFO     mem_cmp 0x50FC0000 0x70FC0000 0x00010000 4
[2022-12-19 10:46:47] INFO     mem_cmp 0x517C0000 0x717C0000 0x00010000 4
[2022-12-19 10:46:54] INFO     mem_cmp 0x51FC0000 0x71FC0000 0x00010000 4
[2022-12-19 10:47:00] INFO     mem_cmp 0x527C0000 0x727C0000 0x00010000 4
[2022-12-19 10:47:07] INFO     mem_cmp 0x52FC0000 0x72FC0000 0x00010000 4
[2022-12-19 10:47:14] INFO     mem_cmp 0x537C0000 0x737C0000 0x00010000 4
[2022-12-19 10:47:20] INFO     mem_cmp 0x53FC0000 0x73FC0000 0x00010000 4
[2022-12-19 10:47:27] INFO     mem_cmp 0x547C0000 0x747C0000 0x00010000 4
[2022-12-19 10:47:33] INFO     mem_cmp 0x54FC0000 0x74FC0000 0x00010000 4
[2022-12-19 10:47:40] INFO     mem_cmp 0x557C0000 0x757C0000 0x00010000 4
[2022-12-19 10:47:46] INFO     mem_cmp 0x55FC0000 0x75FC0000 0x00010000 4
[2022-12-19 10:47:53] INFO     mem_cmp 0x567C0000 0x767C0000 0x00010000 4
[2022-12-19 10:48:00] INFO     mem_cmp 0x56FC0000 0x76FC0000 0x00010000 4
[2022-12-19 10:48:06] INFO     mem_cmp 0x577C0000 0x777C0000 0x00010000 4
[2022-12-19 10:48:12] INFO     mem_cmp 0x57FC0000 0x77FC0000 0x00010000 4
[2022-12-19 10:48:19] INFO     mem_cmp 0x587C0000 0x787C0000 0x00010000 4
[2022-12-19 10:48:25] INFO     mem_cmp 0x58FC0000 0x78FC0000 0x00010000 4
[2022-12-19 10:48:32] INFO     mem_cmp 0x597C0000 0x797C0000 0x00010000 4
[2022-12-19 10:48:38] INFO     mem_cmp 0x59FC0000 0x79FC0000 0x00010000 4
[2022-12-19 10:48:45] INFO     mem_cmp 0x5A7C0000 0x7A7C0000 0x00010000 4
[2022-12-19 10:48:51] INFO     mem_cmp 0x5AFC0000 0x7AFC0000 0x00010000 4
[2022-12-19 10:48:58] INFO     mem_cmp 0x5B7C0000 0x7B7C0000 0x00010000 4
[2022-12-19 10:49:04] INFO     mem_cmp 0x5BFC0000 0x7BFC0000 0x00010000 4
[2022-12-19 10:49:11] INFO     mem_cmp 0x5C7C0000 0x7C7C0000 0x00010000 4
[2022-12-19 10:49:17] INFO     mem_cmp 0x5CFC0000 0x7CFC0000 0x00010000 4
[2022-12-19 10:49:24] INFO     mem_cmp 0x5D7C0000 0x7D7C0000 0x00010000 4
[2022-12-19 10:49:31] INFO     mem_cmp 0x5DFC0000 0x7DFC0000 0x00010000 4
[2022-12-19 10:49:37] INFO     mem_cmp 0x5E7C0000 0x7E7C0000 0x00010000 4
[2022-12-19 10:49:44] INFO     mem_cmp 0x5EFC0000 0x7EFC0000 0x00010000 4
[2022-12-19 10:49:50] INFO     mem_cmp 0x5F7C0000 0x7F7C0000 0x00010000 4
[2022-12-19 10:49:57] INFO     mem_cmp 0x5FFC0000 0x7FFC0000 0x00010000 4
[2022-12-19 10:49:57] INFO     STATE:Mem Compare State
[2022-12-19 10:50:04] INFO     mem_cmp 0x407C0000 0x607C0000 0x00010000 4
[2022-12-19 10:50:10] INFO     mem_cmp 0x40FC0000 0x60FC0000 0x00010000 4
[2022-12-19 10:50:17] INFO     mem_cmp 0x417C0000 0x617C0000 0x00010000 4
[2022-12-19 10:50:23] INFO     mem_cmp 0x41FC0000 0x61FC0000 0x00010000 4
[2022-12-19 10:50:30] INFO     mem_cmp 0x427C0000 0x627C0000 0x00010000 4
[2022-12-19 10:50:37] INFO     mem_cmp 0x42FC0000 0x62FC0000 0x00010000 4
[2022-12-19 10:50:43] INFO     mem_cmp 0x437C0000 0x637C0000 0x00010000 4
[2022-12-19 10:50:49] INFO     mem_cmp 0x43FC0000 0x63FC0000 0x00010000 4
[2022-12-19 10:50:56] INFO     mem_cmp 0x447C0000 0x647C0000 0x00010000 4
[2022-12-19 10:51:03] INFO     mem_cmp 0x44FC0000 0x64FC0000 0x00010000 4
[2022-12-19 10:51:09] INFO     mem_cmp 0x457C0000 0x657C0000 0x00010000 4
[2022-12-19 10:51:16] INFO     mem_cmp 0x45FC0000 0x65FC0000 0x00010000 4
[2022-12-19 10:51:23] INFO     mem_cmp 0x467C0000 0x667C0000 0x00010000 4
[2022-12-19 10:51:29] INFO     mem_cmp 0x46FC0000 0x66FC0000 0x00010000 4
[2022-12-19 10:51:36] INFO     mem_cmp 0x477C0000 0x677C0000 0x00010000 4
[2022-12-19 10:51:43] INFO     mem_cmp 0x47FC0000 0x67FC0000 0x00010000 4
[2022-12-19 10:51:49] INFO     mem_cmp 0x487C0000 0x687C0000 0x00010000 4
[2022-12-19 10:51:56] INFO     mem_cmp 0x48FC0000 0x68FC0000 0x00010000 4
[2022-12-19 10:52:02] INFO     mem_cmp 0x497C0000 0x697C0000 0x00010000 4
[2022-12-19 10:52:09] INFO     mem_cmp 0x49FC0000 0x69FC0000 0x00010000 4
[2022-12-19 10:52:15] INFO     mem_cmp 0x4A7C0000 0x6A7C0000 0x00010000 4
[2022-12-19 10:52:22] INFO     mem_cmp 0x4AFC0000 0x6AFC0000 0x00010000 4
[2022-12-19 10:52:28] INFO     mem_cmp 0x4B7C0000 0x6B7C0000 0x00010000 4
[2022-12-19 10:52:34] INFO     mem_cmp 0x4BFC0000 0x6BFC0000 0x00010000 4
[2022-12-19 10:52:41] INFO     mem_cmp 0x4C7C0000 0x6C7C0000 0x00010000 4
[2022-12-19 10:52:48] INFO     mem_cmp 0x4CFC0000 0x6CFC0000 0x00010000 4
[2022-12-19 10:52:54] INFO     mem_cmp 0x4D7C0000 0x6D7C0000 0x00010000 4
[2022-12-19 10:53:00] INFO     mem_cmp 0x4DFC0000 0x6DFC0000 0x00010000 4
[2022-12-19 10:53:07] INFO     mem_cmp 0x4E7C0000 0x6E7C0000 0x00010000 4
[2022-12-19 10:53:13] INFO     mem_cmp 0x4EFC0000 0x6EFC0000 0x00010000 4
[2022-12-19 10:53:20] INFO     mem_cmp 0x4F7C0000 0x6F7C0000 0x00010000 4
[2022-12-19 10:53:26] INFO     mem_cmp 0x4FFC0000 0x6FFC0000 0x00010000 4
[2022-12-19 10:53:33] INFO     mem_cmp 0x507C0000 0x707C0000 0x00010000 4
[2022-12-19 10:53:39] INFO     mem_cmp 0x50FC0000 0x70FC0000 0x00010000 4
[2022-12-19 10:53:46] INFO     mem_cmp 0x517C0000 0x717C0000 0x00010000 4
[2022-12-19 10:53:52] INFO     mem_cmp 0x51FC0000 0x71FC0000 0x00010000 4
[2022-12-19 10:53:59] INFO     mem_cmp 0x527C0000 0x727C0000 0x00010000 4
[2022-12-19 10:54:06] INFO     mem_cmp 0x52FC0000 0x72FC0000 0x00010000 4
[2022-12-19 10:54:12] INFO     mem_cmp 0x537C0000 0x737C0000 0x00010000 4
[2022-12-19 10:54:18] INFO     mem_cmp 0x53FC0000 0x73FC0000 0x00010000 4
[2022-12-19 10:54:25] INFO     mem_cmp 0x547C0000 0x747C0000 0x00010000 4
[2022-12-19 10:54:32] INFO     mem_cmp 0x54FC0000 0x74FC0000 0x00010000 4
[2022-12-19 10:54:38] INFO     mem_cmp 0x557C0000 0x757C0000 0x00010000 4
[2022-12-19 10:54:45] INFO     mem_cmp 0x55FC0000 0x75FC0000 0x00010000 4
[2022-12-19 10:54:52] INFO     mem_cmp 0x567C0000 0x767C0000 0x00010000 4
[2022-12-19 10:54:58] INFO     mem_cmp 0x56FC0000 0x76FC0000 0x00010000 4
[2022-12-19 10:55:05] INFO     mem_cmp 0x577C0000 0x777C0000 0x00010000 4
[2022-12-19 10:55:11] INFO     mem_cmp 0x57FC0000 0x77FC0000 0x00010000 4
[2022-12-19 10:55:18] INFO     mem_cmp 0x587C0000 0x787C0000 0x00010000 4
[2022-12-19 10:55:24] INFO     mem_cmp 0x58FC0000 0x78FC0000 0x00010000 4
[2022-12-19 10:55:31] INFO     mem_cmp 0x597C0000 0x797C0000 0x00010000 4
[2022-12-19 10:55:37] INFO     mem_cmp 0x59FC0000 0x79FC0000 0x00010000 4
[2022-12-19 10:55:44] INFO     mem_cmp 0x5A7C0000 0x7A7C0000 0x00010000 4
[2022-12-19 10:55:50] INFO     mem_cmp 0x5AFC0000 0x7AFC0000 0x00010000 4
[2022-12-19 10:55:57] INFO     mem_cmp 0x5B7C0000 0x7B7C0000 0x00010000 4
[2022-12-19 10:56:03] INFO     mem_cmp 0x5BFC0000 0x7BFC0000 0x00010000 4
[2022-12-19 10:56:10] INFO     mem_cmp 0x5C7C0000 0x7C7C0000 0x00010000 4
[2022-12-19 10:56:16] INFO     mem_cmp 0x5CFC0000 0x7CFC0000 0x00010000 4
[2022-12-19 10:56:23] INFO     mem_cmp 0x5D7C0000 0x7D7C0000 0x00010000 4
[2022-12-19 10:56:29] INFO     mem_cmp 0x5DFC0000 0x7DFC0000 0x00010000 4
[2022-12-19 10:56:36] INFO     mem_cmp 0x5E7C0000 0x7E7C0000 0x00010000 4
[2022-12-19 10:56:43] INFO     mem_cmp 0x5EFC0000 0x7EFC0000 0x00010000 4
[2022-12-19 10:56:49] INFO     mem_cmp 0x5F7C0000 0x7F7C0000 0x00010000 4
[2022-12-19 10:56:56] INFO     mem_cmp 0x5FFC0000 0x7FFC0000 0x00010000 4
[2022-12-19 10:56:56] INFO     STATE:Mem Compare State
[2022-12-19 10:57:02] INFO     mem_cmp 0x407C0000 0x607C0000 0x00010000 4
[2022-12-19 10:57:09] INFO     mem_cmp 0x40FC0000 0x60FC0000 0x00010000 4
[2022-12-19 10:57:16] INFO     mem_cmp 0x417C0000 0x617C0000 0x00010000 4
[2022-12-19 10:57:22] INFO     mem_cmp 0x41FC0000 0x61FC0000 0x00010000 4
[2022-12-19 10:57:29] INFO     mem_cmp 0x427C0000 0x627C0000 0x00010000 4
[2022-12-19 10:57:36] INFO     mem_cmp 0x42FC0000 0x62FC0000 0x00010000 4
[2022-12-19 10:57:42] INFO     mem_cmp 0x437C0000 0x637C0000 0x00010000 4
[2022-12-19 10:57:49] INFO     mem_cmp 0x43FC0000 0x63FC0000 0x00010000 4
[2022-12-19 10:57:55] INFO     mem_cmp 0x447C0000 0x647C0000 0x00010000 4
[2022-12-19 10:58:02] INFO     mem_cmp 0x44FC0000 0x64FC0000 0x00010000 4
[2022-12-19 10:58:08] INFO     mem_cmp 0x457C0000 0x657C0000 0x00010000 4
[2022-12-19 10:58:15] INFO     mem_cmp 0x45FC0000 0x65FC0000 0x00010000 4
[2022-12-19 10:58:21] INFO     mem_cmp 0x467C0000 0x667C0000 0x00010000 4
[2022-12-19 10:58:28] INFO     mem_cmp 0x46FC0000 0x66FC0000 0x00010000 4
[2022-12-19 10:58:34] INFO     mem_cmp 0x477C0000 0x677C0000 0x00010000 4
[2022-12-19 10:58:41] INFO     mem_cmp 0x47FC0000 0x67FC0000 0x00010000 4
[2022-12-19 10:58:48] INFO     mem_cmp 0x487C0000 0x687C0000 0x00010000 4
[2022-12-19 10:58:54] INFO     mem_cmp 0x48FC0000 0x68FC0000 0x00010000 4
[2022-12-19 10:59:00] INFO     mem_cmp 0x497C0000 0x697C0000 0x00010000 4
[2022-12-19 10:59:07] INFO     mem_cmp 0x49FC0000 0x69FC0000 0x00010000 4
[2022-12-19 10:59:14] INFO     mem_cmp 0x4A7C0000 0x6A7C0000 0x00010000 4
[2022-12-19 10:59:20] INFO     mem_cmp 0x4AFC0000 0x6AFC0000 0x00010000 4
[2022-12-19 10:59:27] INFO     mem_cmp 0x4B7C0000 0x6B7C0000 0x00010000 4
[2022-12-19 10:59:33] INFO     mem_cmp 0x4BFC0000 0x6BFC0000 0x00010000 4
[2022-12-19 10:59:40] INFO     mem_cmp 0x4C7C0000 0x6C7C0000 0x00010000 4
[2022-12-19 10:59:47] INFO     mem_cmp 0x4CFC0000 0x6CFC0000 0x00010000 4
[2022-12-19 10:59:53] INFO     mem_cmp 0x4D7C0000 0x6D7C0000 0x00010000 4
[2022-12-19 10:59:59] INFO     mem_cmp 0x4DFC0000 0x6DFC0000 0x00010000 4
[2022-12-19 11:00:06] INFO     mem_cmp 0x4E7C0000 0x6E7C0000 0x00010000 4
[2022-12-19 11:00:12] INFO     mem_cmp 0x4EFC0000 0x6EFC0000 0x00010000 4
[2022-12-19 11:00:19] INFO     mem_cmp 0x4F7C0000 0x6F7C0000 0x00010000 4
[2022-12-19 11:00:25] INFO     mem_cmp 0x4FFC0000 0x6FFC0000 0x00010000 4
[2022-12-19 11:00:32] INFO     mem_cmp 0x507C0000 0x707C0000 0x00010000 4
[2022-12-19 11:00:38] INFO     mem_cmp 0x50FC0000 0x70FC0000 0x00010000 4
[2022-12-19 11:00:45] INFO     mem_cmp 0x517C0000 0x717C0000 0x00010000 4
[2022-12-19 11:00:51] INFO     mem_cmp 0x51FC0000 0x71FC0000 0x00010000 4
[2022-12-19 11:00:58] INFO     mem_cmp 0x527C0000 0x727C0000 0x00010000 4
[2022-12-19 11:01:04] INFO     mem_cmp 0x52FC0000 0x72FC0000 0x00010000 4
[2022-12-19 11:01:11] INFO     mem_cmp 0x537C0000 0x737C0000 0x00010000 4
[2022-12-19 11:01:17] INFO     mem_cmp 0x53FC0000 0x73FC0000 0x00010000 4
[2022-12-19 11:01:24] INFO     mem_cmp 0x547C0000 0x747C0000 0x00010000 4
[2022-12-19 11:01:30] INFO     mem_cmp 0x54FC0000 0x74FC0000 0x00010000 4
[2022-12-19 11:01:37] INFO     mem_cmp 0x557C0000 0x757C0000 0x00010000 4
[2022-12-19 11:01:43] INFO     mem_cmp 0x55FC0000 0x75FC0000 0x00010000 4
[2022-12-19 11:01:50] INFO     mem_cmp 0x567C0000 0x767C0000 0x00010000 4
[2022-12-19 11:01:56] INFO     mem_cmp 0x56FC0000 0x76FC0000 0x00010000 4
[2022-12-19 11:02:03] INFO     mem_cmp 0x577C0000 0x777C0000 0x00010000 4
[2022-12-19 11:02:10] INFO     mem_cmp 0x57FC0000 0x77FC0000 0x00010000 4
[2022-12-19 11:02:16] INFO     mem_cmp 0x587C0000 0x787C0000 0x00010000 4
[2022-12-19 11:02:23] INFO     mem_cmp 0x58FC0000 0x78FC0000 0x00010000 4
[2022-12-19 11:02:29] INFO     mem_cmp 0x597C0000 0x797C0000 0x00010000 4
[2022-12-19 11:02:35] INFO     mem_cmp 0x59FC0000 0x79FC0000 0x00010000 4
[2022-12-19 11:02:42] INFO     mem_cmp 0x5A7C0000 0x7A7C0000 0x00010000 4
[2022-12-19 11:02:49] INFO     mem_cmp 0x5AFC0000 0x7AFC0000 0x00010000 4
[2022-12-19 11:02:55] INFO     mem_cmp 0x5B7C0000 0x7B7C0000 0x00010000 4
[2022-12-19 11:03:02] INFO     mem_cmp 0x5BFC0000 0x7BFC0000 0x00010000 4
[2022-12-19 11:03:08] INFO     mem_cmp 0x5C7C0000 0x7C7C0000 0x00010000 4
[2022-12-19 11:03:15] INFO     mem_cmp 0x5CFC0000 0x7CFC0000 0x00010000 4
[2022-12-19 11:03:22] INFO     mem_cmp 0x5D7C0000 0x7D7C0000 0x00010000 4
[2022-12-19 11:03:28] INFO     mem_cmp 0x5DFC0000 0x7DFC0000 0x00010000 4
[2022-12-19 11:03:34] INFO     mem_cmp 0x5E7C0000 0x7E7C0000 0x00010000 4
[2022-12-19 11:03:41] INFO     mem_cmp 0x5EFC0000 0x7EFC0000 0x00010000 4
[2022-12-19 11:03:48] INFO     mem_cmp 0x5F7C0000 0x7F7C0000 0x00010000 4
[2022-12-19 11:03:54] INFO     mem_cmp 0x5FFC0000 0x7FFC0000 0x00010000 4
[2022-12-19 11:03:55] INFO     STATE:Mem Compare State
[2022-12-19 11:04:01] INFO     mem_cmp 0x407C0000 0x607C0000 0x00010000 4
[2022-12-19 11:04:08] INFO     mem_cmp 0x40FC0000 0x60FC0000 0x00010000 4
[2022-12-19 11:04:14] INFO     mem_cmp 0x417C0000 0x617C0000 0x00010000 4
[2022-12-19 11:04:21] INFO     mem_cmp 0x41FC0000 0x61FC0000 0x00010000 4
[2022-12-19 11:04:27] INFO     mem_cmp 0x427C0000 0x627C0000 0x00010000 4
[2022-12-19 11:04:34] INFO     mem_cmp 0x42FC0000 0x62FC0000 0x00010000 4
[2022-12-19 11:04:41] INFO     mem_cmp 0x437C0000 0x637C0000 0x00010000 4
[2022-12-19 11:04:47] INFO     mem_cmp 0x43FC0000 0x63FC0000 0x00010000 4
[2022-12-19 11:04:54] INFO     mem_cmp 0x447C0000 0x647C0000 0x00010000 4
[2022-12-19 11:05:00] INFO     mem_cmp 0x44FC0000 0x64FC0000 0x00010000 4
[2022-12-19 11:05:07] INFO     mem_cmp 0x457C0000 0x657C0000 0x00010000 4
[2022-12-19 11:05:13] INFO     mem_cmp 0x45FC0000 0x65FC0000 0x00010000 4
[2022-12-19 11:05:20] INFO     mem_cmp 0x467C0000 0x667C0000 0x00010000 4
[2022-12-19 11:05:27] INFO     mem_cmp 0x46FC0000 0x66FC0000 0x00010000 4
[2022-12-19 11:05:33] INFO     mem_cmp 0x477C0000 0x677C0000 0x00010000 4
[2022-12-19 11:05:40] INFO     mem_cmp 0x47FC0000 0x67FC0000 0x00010000 4
[2022-12-19 11:05:46] INFO     mem_cmp 0x487C0000 0x687C0000 0x00010000 4
[2022-12-19 11:05:53] INFO     mem_cmp 0x48FC0000 0x68FC0000 0x00010000 4
[2022-12-19 11:05:59] INFO     mem_cmp 0x497C0000 0x697C0000 0x00010000 4
[2022-12-19 11:06:06] INFO     mem_cmp 0x49FC0000 0x69FC0000 0x00010000 4
[2022-12-19 11:06:13] INFO     mem_cmp 0x4A7C0000 0x6A7C0000 0x00010000 4
[2022-12-19 11:06:19] INFO     mem_cmp 0x4AFC0000 0x6AFC0000 0x00010000 4
[2022-12-19 11:06:26] INFO     mem_cmp 0x4B7C0000 0x6B7C0000 0x00010000 4
[2022-12-19 11:06:32] INFO     mem_cmp 0x4BFC0000 0x6BFC0000 0x00010000 4
[2022-12-19 11:06:39] INFO     mem_cmp 0x4C7C0000 0x6C7C0000 0x00010000 4
[2022-12-19 11:06:45] INFO     mem_cmp 0x4CFC0000 0x6CFC0000 0x00010000 4
[2022-12-19 11:06:52] INFO     mem_cmp 0x4D7C0000 0x6D7C0000 0x00010000 4
[2022-12-19 11:06:59] INFO     mem_cmp 0x4DFC0000 0x6DFC0000 0x00010000 4
[2022-12-19 11:07:05] INFO     mem_cmp 0x4E7C0000 0x6E7C0000 0x00010000 4
[2022-12-19 11:07:12] INFO     mem_cmp 0x4EFC0000 0x6EFC0000 0x00010000 4
[2022-12-19 11:07:18] INFO     mem_cmp 0x4F7C0000 0x6F7C0000 0x00010000 4
[2022-12-19 11:07:25] INFO     mem_cmp 0x4FFC0000 0x6FFC0000 0x00010000 4
[2022-12-19 11:07:31] INFO     mem_cmp 0x507C0000 0x707C0000 0x00010000 4
[2022-12-19 11:07:38] INFO     mem_cmp 0x50FC0000 0x70FC0000 0x00010000 4
[2022-12-19 11:07:44] INFO     mem_cmp 0x517C0000 0x717C0000 0x00010000 4
[2022-12-19 11:07:51] INFO     mem_cmp 0x51FC0000 0x71FC0000 0x00010000 4
[2022-12-19 11:07:57] INFO     mem_cmp 0x527C0000 0x727C0000 0x00010000 4
[2022-12-19 11:08:04] INFO     mem_cmp 0x52FC0000 0x72FC0000 0x00010000 4
[2022-12-19 11:08:10] INFO     mem_cmp 0x537C0000 0x737C0000 0x00010000 4
[2022-12-19 11:08:17] INFO     mem_cmp 0x53FC0000 0x73FC0000 0x00010000 4
[2022-12-19 11:08:24] INFO     mem_cmp 0x547C0000 0x747C0000 0x00010000 4
[2022-12-19 11:08:30] INFO     mem_cmp 0x54FC0000 0x74FC0000 0x00010000 4
[2022-12-19 11:08:37] INFO     mem_cmp 0x557C0000 0x757C0000 0x00010000 4
[2022-12-19 11:08:43] INFO     mem_cmp 0x55FC0000 0x75FC0000 0x00010000 4
[2022-12-19 11:08:49] INFO     mem_cmp 0x567C0000 0x767C0000 0x00010000 4
[2022-12-19 11:08:56] INFO     mem_cmp 0x56FC0000 0x76FC0000 0x00010000 4
[2022-12-19 11:09:02] INFO     mem_cmp 0x577C0000 0x777C0000 0x00010000 4
[2022-12-19 11:09:09] INFO     mem_cmp 0x57FC0000 0x77FC0000 0x00010000 4
[2022-12-19 11:09:15] INFO     mem_cmp 0x587C0000 0x787C0000 0x00010000 4
[2022-12-19 11:09:22] INFO     mem_cmp 0x58FC0000 0x78FC0000 0x00010000 4
[2022-12-19 11:09:28] INFO     mem_cmp 0x597C0000 0x797C0000 0x00010000 4
[2022-12-19 11:09:35] INFO     mem_cmp 0x59FC0000 0x79FC0000 0x00010000 4
[2022-12-19 11:09:42] INFO     mem_cmp 0x5A7C0000 0x7A7C0000 0x00010000 4
[2022-12-19 11:09:48] INFO     mem_cmp 0x5AFC0000 0x7AFC0000 0x00010000 4
[2022-12-19 11:09:55] INFO     mem_cmp 0x5B7C0000 0x7B7C0000 0x00010000 4
[2022-12-19 11:10:01] INFO     mem_cmp 0x5BFC0000 0x7BFC0000 0x00010000 4
[2022-12-19 11:10:08] INFO     mem_cmp 0x5C7C0000 0x7C7C0000 0x00010000 4
[2022-12-19 11:10:14] INFO     mem_cmp 0x5CFC0000 0x7CFC0000 0x00010000 4
[2022-12-19 11:10:21] INFO     mem_cmp 0x5D7C0000 0x7D7C0000 0x00010000 4
[2022-12-19 11:10:27] INFO     mem_cmp 0x5DFC0000 0x7DFC0000 0x00010000 4
[2022-12-19 11:10:34] INFO     mem_cmp 0x5E7C0000 0x7E7C0000 0x00010000 4
[2022-12-19 11:10:40] INFO     mem_cmp 0x5EFC0000 0x7EFC0000 0x00010000 4
[2022-12-19 11:10:47] INFO     mem_cmp 0x5F7C0000 0x7F7C0000 0x00010000 4
[2022-12-19 11:10:54] INFO     mem_cmp 0x5FFC0000 0x7FFC0000 0x00010000 4
[2022-12-19 11:10:54] INFO     STATE:Mem Compare State
[2022-12-19 11:11:00] INFO     mem_cmp 0x407C0000 0x607C0000 0x00010000 4
[2022-12-19 11:11:07] INFO     mem_cmp 0x40FC0000 0x60FC0000 0x00010000 4
[2022-12-19 11:11:13] INFO     mem_cmp 0x417C0000 0x617C0000 0x00010000 4
[2022-12-19 11:11:20] INFO     mem_cmp 0x41FC0000 0x61FC0000 0x00010000 4
[2022-12-19 11:11:26] INFO     mem_cmp 0x427C0000 0x627C0000 0x00010000 4
[2022-12-19 11:11:33] INFO     mem_cmp 0x42FC0000 0x62FC0000 0x00010000 4
[2022-12-19 11:11:39] INFO     mem_cmp 0x437C0000 0x637C0000 0x00010000 4
[2022-12-19 11:11:46] INFO     mem_cmp 0x43FC0000 0x63FC0000 0x00010000 4
[2022-12-19 11:11:52] INFO     mem_cmp 0x447C0000 0x647C0000 0x00010000 4
[2022-12-19 11:11:59] INFO     mem_cmp 0x44FC0000 0x64FC0000 0x00010000 4
[2022-12-19 11:12:05] INFO     mem_cmp 0x457C0000 0x657C0000 0x00010000 4
[2022-12-19 11:12:12] INFO     mem_cmp 0x45FC0000 0x65FC0000 0x00010000 4
[2022-12-19 11:12:18] INFO     mem_cmp 0x467C0000 0x667C0000 0x00010000 4
[2022-12-19 11:12:25] INFO     mem_cmp 0x46FC0000 0x66FC0000 0x00010000 4
[2022-12-19 11:12:32] INFO     mem_cmp 0x477C0000 0x677C0000 0x00010000 4
[2022-12-19 11:12:38] INFO     mem_cmp 0x47FC0000 0x67FC0000 0x00010000 4
[2022-12-19 11:12:44] INFO     mem_cmp 0x487C0000 0x687C0000 0x00010000 4
[2022-12-19 11:12:51] INFO     mem_cmp 0x48FC0000 0x68FC0000 0x00010000 4
[2022-12-19 11:12:58] INFO     mem_cmp 0x497C0000 0x697C0000 0x00010000 4
[2022-12-19 11:13:04] INFO     mem_cmp 0x49FC0000 0x69FC0000 0x00010000 4
[2022-12-19 11:13:11] INFO     mem_cmp 0x4A7C0000 0x6A7C0000 0x00010000 4
[2022-12-19 11:13:18] INFO     mem_cmp 0x4AFC0000 0x6AFC0000 0x00010000 4
[2022-12-19 11:13:24] INFO     mem_cmp 0x4B7C0000 0x6B7C0000 0x00010000 4
[2022-12-19 11:13:31] INFO     mem_cmp 0x4BFC0000 0x6BFC0000 0x00010000 4
[2022-12-19 11:13:37] INFO     mem_cmp 0x4C7C0000 0x6C7C0000 0x00010000 4
[2022-12-19 11:13:44] INFO     mem_cmp 0x4CFC0000 0x6CFC0000 0x00010000 4
[2022-12-19 11:13:50] INFO     mem_cmp 0x4D7C0000 0x6D7C0000 0x00010000 4
[2022-12-19 11:13:57] INFO     mem_cmp 0x4DFC0000 0x6DFC0000 0x00010000 4
[2022-12-19 11:14:03] INFO     mem_cmp 0x4E7C0000 0x6E7C0000 0x00010000 4
[2022-12-19 11:14:10] INFO     mem_cmp 0x4EFC0000 0x6EFC0000 0x00010000 4
[2022-12-19 11:14:16] INFO     mem_cmp 0x4F7C0000 0x6F7C0000 0x00010000 4
[2022-12-19 11:14:23] INFO     mem_cmp 0x4FFC0000 0x6FFC0000 0x00010000 4
[2022-12-19 11:14:29] INFO     mem_cmp 0x507C0000 0x707C0000 0x00010000 4
[2022-12-19 11:14:36] INFO     mem_cmp 0x50FC0000 0x70FC0000 0x00010000 4
[2022-12-19 11:14:43] INFO     mem_cmp 0x517C0000 0x717C0000 0x00010000 4
[2022-12-19 11:14:49] INFO     mem_cmp 0x51FC0000 0x71FC0000 0x00010000 4
[2022-12-19 11:14:56] INFO     mem_cmp 0x527C0000 0x727C0000 0x00010000 4
[2022-12-19 11:15:02] INFO     mem_cmp 0x52FC0000 0x72FC0000 0x00010000 4
[2022-12-19 11:15:09] INFO     mem_cmp 0x537C0000 0x737C0000 0x00010000 4
[2022-12-19 11:15:15] INFO     mem_cmp 0x53FC0000 0x73FC0000 0x00010000 4
[2022-12-19 11:15:22] INFO     mem_cmp 0x547C0000 0x747C0000 0x00010000 4
[2022-12-19 11:15:28] INFO     mem_cmp 0x54FC0000 0x74FC0000 0x00010000 4
[2022-12-19 11:15:35] INFO     mem_cmp 0x557C0000 0x757C0000 0x00010000 4
[2022-12-19 11:15:41] INFO     mem_cmp 0x55FC0000 0x75FC0000 0x00010000 4
[2022-12-19 11:15:48] INFO     mem_cmp 0x567C0000 0x767C0000 0x00010000 4
[2022-12-19 11:15:54] INFO     mem_cmp 0x56FC0000 0x76FC0000 0x00010000 4
[2022-12-19 11:16:01] INFO     mem_cmp 0x577C0000 0x777C0000 0x00010000 4
[2022-12-19 11:16:07] INFO     mem_cmp 0x57FC0000 0x77FC0000 0x00010000 4
[2022-12-19 11:16:14] INFO     mem_cmp 0x587C0000 0x787C0000 0x00010000 4
[2022-12-19 11:16:21] INFO     mem_cmp 0x58FC0000 0x78FC0000 0x00010000 4
[2022-12-19 11:16:27] INFO     mem_cmp 0x597C0000 0x797C0000 0x00010000 4
[2022-12-19 11:16:34] INFO     mem_cmp 0x59FC0000 0x79FC0000 0x00010000 4
[2022-12-19 11:16:41] INFO     mem_cmp 0x5A7C0000 0x7A7C0000 0x00010000 4
[2022-12-19 11:16:47] INFO     mem_cmp 0x5AFC0000 0x7AFC0000 0x00010000 4
[2022-12-19 11:16:54] INFO     mem_cmp 0x5B7C0000 0x7B7C0000 0x00010000 4
[2022-12-19 11:17:00] INFO     mem_cmp 0x5BFC0000 0x7BFC0000 0x00010000 4
[2022-12-19 11:17:07] INFO     mem_cmp 0x5C7C0000 0x7C7C0000 0x00010000 4
[2022-12-19 11:17:13] INFO     mem_cmp 0x5CFC0000 0x7CFC0000 0x00010000 4
[2022-12-19 11:17:20] INFO     mem_cmp 0x5D7C0000 0x7D7C0000 0x00010000 4
[2022-12-19 11:17:26] INFO     mem_cmp 0x5DFC0000 0x7DFC0000 0x00010000 4
[2022-12-19 11:17:33] INFO     mem_cmp 0x5E7C0000 0x7E7C0000 0x00010000 4
[2022-12-19 11:17:39] INFO     mem_cmp 0x5EFC0000 0x7EFC0000 0x00010000 4
[2022-12-19 11:17:46] INFO     mem_cmp 0x5F7C0000 0x7F7C0000 0x00010000 4
[2022-12-19 11:17:52] INFO     mem_cmp 0x5FFC0000 0x7FFC0000 0x00010000 4
[2022-12-19 11:17:52] INFO     STATE:Mem Compare State
[2022-12-19 11:17:59] INFO     mem_cmp 0x407C0000 0x607C0000 0x00010000 4
[2022-12-19 11:18:05] INFO     mem_cmp 0x40FC0000 0x60FC0000 0x00010000 4
[2022-12-19 11:18:12] INFO     mem_cmp 0x417C0000 0x617C0000 0x00010000 4
[2022-12-19 11:18:18] INFO     mem_cmp 0x41FC0000 0x61FC0000 0x00010000 4
[2022-12-19 11:18:25] INFO     mem_cmp 0x427C0000 0x627C0000 0x00010000 4
[2022-12-19 11:18:32] INFO     mem_cmp 0x42FC0000 0x62FC0000 0x00010000 4
[2022-12-19 11:18:38] INFO     mem_cmp 0x437C0000 0x637C0000 0x00010000 4
[2022-12-19 11:18:45] INFO     mem_cmp 0x43FC0000 0x63FC0000 0x00010000 4
[2022-12-19 11:18:51] INFO     mem_cmp 0x447C0000 0x647C0000 0x00010000 4
[2022-12-19 11:18:58] INFO     mem_cmp 0x44FC0000 0x64FC0000 0x00010000 4
[2022-12-19 11:19:04] INFO     mem_cmp 0x457C0000 0x657C0000 0x00010000 4
[2022-12-19 11:19:11] INFO     mem_cmp 0x45FC0000 0x65FC0000 0x00010000 4
[2022-12-19 11:19:17] INFO     mem_cmp 0x467C0000 0x667C0000 0x00010000 4
[2022-12-19 11:19:24] INFO     mem_cmp 0x46FC0000 0x66FC0000 0x00010000 4
[2022-12-19 11:19:30] INFO     mem_cmp 0x477C0000 0x677C0000 0x00010000 4
[2022-12-19 11:19:37] INFO     mem_cmp 0x47FC0000 0x67FC0000 0x00010000 4
[2022-12-19 11:19:43] INFO     mem_cmp 0x487C0000 0x687C0000 0x00010000 4
[2022-12-19 11:19:50] INFO     mem_cmp 0x48FC0000 0x68FC0000 0x00010000 4
[2022-12-19 11:19:57] INFO     mem_cmp 0x497C0000 0x697C0000 0x00010000 4
[2022-12-19 11:20:03] INFO     mem_cmp 0x49FC0000 0x69FC0000 0x00010000 4
[2022-12-19 11:20:10] INFO     mem_cmp 0x4A7C0000 0x6A7C0000 0x00010000 4
[2022-12-19 11:20:16] INFO     mem_cmp 0x4AFC0000 0x6AFC0000 0x00010000 4
[2022-12-19 11:20:23] INFO     mem_cmp 0x4B7C0000 0x6B7C0000 0x00010000 4
[2022-12-19 11:20:29] INFO     mem_cmp 0x4BFC0000 0x6BFC0000 0x00010000 4
[2022-12-19 11:20:36] INFO     mem_cmp 0x4C7C0000 0x6C7C0000 0x00010000 4
[2022-12-19 11:20:43] INFO     mem_cmp 0x4CFC0000 0x6CFC0000 0x00010000 4
[2022-12-19 11:20:49] INFO     mem_cmp 0x4D7C0000 0x6D7C0000 0x00010000 4
[2022-12-19 11:20:56] INFO     mem_cmp 0x4DFC0000 0x6DFC0000 0x00010000 4
[2022-12-19 11:21:02] INFO     mem_cmp 0x4E7C0000 0x6E7C0000 0x00010000 4
[2022-12-19 11:21:09] INFO     mem_cmp 0x4EFC0000 0x6EFC0000 0x00010000 4
[2022-12-19 11:21:15] INFO     mem_cmp 0x4F7C0000 0x6F7C0000 0x00010000 4
[2022-12-19 11:21:22] INFO     mem_cmp 0x4FFC0000 0x6FFC0000 0x00010000 4
[2022-12-19 11:21:28] INFO     mem_cmp 0x507C0000 0x707C0000 0x00010000 4
[2022-12-19 11:21:35] INFO     mem_cmp 0x50FC0000 0x70FC0000 0x00010000 4
[2022-12-19 11:21:42] INFO     mem_cmp 0x517C0000 0x717C0000 0x00010000 4
[2022-12-19 11:21:48] INFO     mem_cmp 0x51FC0000 0x71FC0000 0x00010000 4
[2022-12-19 11:21:55] INFO     mem_cmp 0x527C0000 0x727C0000 0x00010000 4
[2022-12-19 11:22:01] INFO     mem_cmp 0x52FC0000 0x72FC0000 0x00010000 4
[2022-12-19 11:22:08] INFO     mem_cmp 0x537C0000 0x737C0000 0x00010000 4
[2022-12-19 11:22:15] INFO     mem_cmp 0x53FC0000 0x73FC0000 0x00010000 4
[2022-12-19 11:22:21] INFO     mem_cmp 0x547C0000 0x747C0000 0x00010000 4
[2022-12-19 11:22:28] INFO     mem_cmp 0x54FC0000 0x74FC0000 0x00010000 4
[2022-12-19 11:22:35] INFO     mem_cmp 0x557C0000 0x757C0000 0x00010000 4
[2022-12-19 11:22:41] INFO     mem_cmp 0x55FC0000 0x75FC0000 0x00010000 4
[2022-12-19 11:22:48] INFO     mem_cmp 0x567C0000 0x767C0000 0x00010000 4
[2022-12-19 11:22:54] INFO     mem_cmp 0x56FC0000 0x76FC0000 0x00010000 4
[2022-12-19 11:23:01] INFO     mem_cmp 0x577C0000 0x777C0000 0x00010000 4
[2022-12-19 11:23:08] INFO     mem_cmp 0x57FC0000 0x77FC0000 0x00010000 4
[2022-12-19 11:23:14] INFO     mem_cmp 0x587C0000 0x787C0000 0x00010000 4
[2022-12-19 11:23:21] INFO     mem_cmp 0x58FC0000 0x78FC0000 0x00010000 4
[2022-12-19 11:23:28] INFO     mem_cmp 0x597C0000 0x797C0000 0x00010000 4
[2022-12-19 11:23:34] INFO     mem_cmp 0x59FC0000 0x79FC0000 0x00010000 4
[2022-12-19 11:23:41] INFO     mem_cmp 0x5A7C0000 0x7A7C0000 0x00010000 4
[2022-12-19 11:23:48] INFO     mem_cmp 0x5AFC0000 0x7AFC0000 0x00010000 4
[2022-12-19 11:23:54] INFO     mem_cmp 0x5B7C0000 0x7B7C0000 0x00010000 4
[2022-12-19 11:24:01] INFO     mem_cmp 0x5BFC0000 0x7BFC0000 0x00010000 4
[2022-12-19 11:24:07] INFO     mem_cmp 0x5C7C0000 0x7C7C0000 0x00010000 4
[2022-12-19 11:24:14] INFO     mem_cmp 0x5CFC0000 0x7CFC0000 0x00010000 4
[2022-12-19 11:24:20] INFO     mem_cmp 0x5D7C0000 0x7D7C0000 0x00010000 4
[2022-12-19 11:24:27] INFO     mem_cmp 0x5DFC0000 0x7DFC0000 0x00010000 4
[2022-12-19 11:24:34] INFO     mem_cmp 0x5E7C0000 0x7E7C0000 0x00010000 4
[2022-12-19 11:24:40] INFO     mem_cmp 0x5EFC0000 0x7EFC0000 0x00010000 4
[2022-12-19 11:24:46] INFO     mem_cmp 0x5F7C0000 0x7F7C0000 0x00010000 4
[2022-12-19 11:24:53] INFO     mem_cmp 0x5FFC0000 0x7FFC0000 0x00010000 4
[2022-12-19 11:24:53] INFO     STATE:Mem Compare State
[2022-12-19 11:24:59] INFO     mem_cmp 0x407C0000 0x607C0000 0x00010000 4
[2022-12-19 11:25:06] INFO     mem_cmp 0x40FC0000 0x60FC0000 0x00010000 4
[2022-12-19 11:25:13] INFO     mem_cmp 0x417C0000 0x617C0000 0x00010000 4
[2022-12-19 11:25:19] INFO     mem_cmp 0x41FC0000 0x61FC0000 0x00010000 4
[2022-12-19 11:25:26] INFO     mem_cmp 0x427C0000 0x627C0000 0x00010000 4
[2022-12-19 11:25:32] INFO     mem_cmp 0x42FC0000 0x62FC0000 0x00010000 4
[2022-12-19 11:25:39] INFO     mem_cmp 0x437C0000 0x637C0000 0x00010000 4
[2022-12-19 11:25:46] INFO     mem_cmp 0x43FC0000 0x63FC0000 0x00010000 4
[2022-12-19 11:25:52] INFO     mem_cmp 0x447C0000 0x647C0000 0x00010000 4
[2022-12-19 11:25:59] INFO     mem_cmp 0x44FC0000 0x64FC0000 0x00010000 4
[2022-12-19 11:26:05] INFO     mem_cmp 0x457C0000 0x657C0000 0x00010000 4
[2022-12-19 11:26:12] INFO     mem_cmp 0x45FC0000 0x65FC0000 0x00010000 4
[2022-12-19 11:26:18] INFO     mem_cmp 0x467C0000 0x667C0000 0x00010000 4
[2022-12-19 11:26:25] INFO     mem_cmp 0x46FC0000 0x66FC0000 0x00010000 4
[2022-12-19 11:26:31] INFO     mem_cmp 0x477C0000 0x677C0000 0x00010000 4
[2022-12-19 11:26:38] INFO     mem_cmp 0x47FC0000 0x67FC0000 0x00010000 4
[2022-12-19 11:26:45] INFO     mem_cmp 0x487C0000 0x687C0000 0x00010000 4
[2022-12-19 11:26:51] INFO     mem_cmp 0x48FC0000 0x68FC0000 0x00010000 4
[2022-12-19 11:26:58] INFO     mem_cmp 0x497C0000 0x697C0000 0x00010000 4
[2022-12-19 11:27:05] INFO     mem_cmp 0x49FC0000 0x69FC0000 0x00010000 4
[2022-12-19 11:27:11] INFO     mem_cmp 0x4A7C0000 0x6A7C0000 0x00010000 4
[2022-12-19 11:27:18] INFO     mem_cmp 0x4AFC0000 0x6AFC0000 0x00010000 4
[2022-12-19 11:27:24] INFO     mem_cmp 0x4B7C0000 0x6B7C0000 0x00010000 4
[2022-12-19 11:27:31] INFO     mem_cmp 0x4BFC0000 0x6BFC0000 0x00010000 4
[2022-12-19 11:27:37] INFO     mem_cmp 0x4C7C0000 0x6C7C0000 0x00010000 4
[2022-12-19 11:27:44] INFO     mem_cmp 0x4CFC0000 0x6CFC0000 0x00010000 4
[2022-12-19 11:27:51] INFO     mem_cmp 0x4D7C0000 0x6D7C0000 0x00010000 4
[2022-12-19 11:27:58] INFO     mem_cmp 0x4DFC0000 0x6DFC0000 0x00010000 4
[2022-12-19 11:28:04] INFO     mem_cmp 0x4E7C0000 0x6E7C0000 0x00010000 4
[2022-12-19 11:28:11] INFO     mem_cmp 0x4EFC0000 0x6EFC0000 0x00010000 4
[2022-12-19 11:28:17] INFO     mem_cmp 0x4F7C0000 0x6F7C0000 0x00010000 4
[2022-12-19 11:28:24] INFO     mem_cmp 0x4FFC0000 0x6FFC0000 0x00010000 4
[2022-12-19 11:28:30] INFO     mem_cmp 0x507C0000 0x707C0000 0x00010000 4
[2022-12-19 11:28:37] INFO     mem_cmp 0x50FC0000 0x70FC0000 0x00010000 4
[2022-12-19 11:28:43] INFO     mem_cmp 0x517C0000 0x717C0000 0x00010000 4
[2022-12-19 11:28:50] INFO     mem_cmp 0x51FC0000 0x71FC0000 0x00010000 4
[2022-12-19 11:28:56] INFO     mem_cmp 0x527C0000 0x727C0000 0x00010000 4
[2022-12-19 11:29:03] INFO     mem_cmp 0x52FC0000 0x72FC0000 0x00010000 4
[2022-12-19 11:29:10] INFO     mem_cmp 0x537C0000 0x737C0000 0x00010000 4
[2022-12-19 11:29:16] INFO     mem_cmp 0x53FC0000 0x73FC0000 0x00010000 4
[2022-12-19 11:29:23] INFO     mem_cmp 0x547C0000 0x747C0000 0x00010000 4
[2022-12-19 11:29:30] INFO     mem_cmp 0x54FC0000 0x74FC0000 0x00010000 4
[2022-12-19 11:29:36] INFO     mem_cmp 0x557C0000 0x757C0000 0x00010000 4
[2022-12-19 11:29:43] INFO     mem_cmp 0x55FC0000 0x75FC0000 0x00010000 4
[2022-12-19 11:29:50] INFO     mem_cmp 0x567C0000 0x767C0000 0x00010000 4
[2022-12-19 11:29:56] INFO     mem_cmp 0x56FC0000 0x76FC0000 0x00010000 4
[2022-12-19 11:30:02] INFO     mem_cmp 0x577C0000 0x777C0000 0x00010000 4
[2022-12-19 11:30:09] INFO     mem_cmp 0x57FC0000 0x77FC0000 0x00010000 4
[2022-12-19 11:30:16] INFO     mem_cmp 0x587C0000 0x787C0000 0x00010000 4
[2022-12-19 11:30:22] INFO     mem_cmp 0x58FC0000 0x78FC0000 0x00010000 4
[2022-12-19 11:30:29] INFO     mem_cmp 0x597C0000 0x797C0000 0x00010000 4
[2022-12-19 11:30:35] INFO     mem_cmp 0x59FC0000 0x79FC0000 0x00010000 4
[2022-12-19 11:30:42] INFO     mem_cmp 0x5A7C0000 0x7A7C0000 0x00010000 4
[2022-12-19 11:30:48] INFO     mem_cmp 0x5AFC0000 0x7AFC0000 0x00010000 4
[2022-12-19 11:30:55] INFO     mem_cmp 0x5B7C0000 0x7B7C0000 0x00010000 4
[2022-12-19 11:31:01] INFO     mem_cmp 0x5BFC0000 0x7BFC0000 0x00010000 4
[2022-12-19 11:31:08] INFO     mem_cmp 0x5C7C0000 0x7C7C0000 0x00010000 4
[2022-12-19 11:31:15] INFO     mem_cmp 0x5CFC0000 0x7CFC0000 0x00010000 4
[2022-12-19 11:31:21] INFO     mem_cmp 0x5D7C0000 0x7D7C0000 0x00010000 4
[2022-12-19 11:31:28] INFO     mem_cmp 0x5DFC0000 0x7DFC0000 0x00010000 4
[2022-12-19 11:31:35] INFO     mem_cmp 0x5E7C0000 0x7E7C0000 0x00010000 4
[2022-12-19 11:31:41] INFO     mem_cmp 0x5EFC0000 0x7EFC0000 0x00010000 4
[2022-12-19 11:31:48] INFO     mem_cmp 0x5F7C0000 0x7F7C0000 0x00010000 4
[2022-12-19 11:31:55] INFO     mem_cmp 0x5FFC0000 0x7FFC0000 0x00010000 4
[2022-12-19 11:31:55] INFO     STATE:Mem Compare State
[2022-12-19 11:32:01] INFO     mem_cmp 0x407C0000 0x607C0000 0x00010000 4
[2022-12-19 11:32:08] INFO     mem_cmp 0x40FC0000 0x60FC0000 0x00010000 4
[2022-12-19 11:32:14] INFO     mem_cmp 0x417C0000 0x617C0000 0x00010000 4
[2022-12-19 11:32:21] INFO     mem_cmp 0x41FC0000 0x61FC0000 0x00010000 4
[2022-12-19 11:32:27] INFO     mem_cmp 0x427C0000 0x627C0000 0x00010000 4
[2022-12-19 11:32:34] INFO     mem_cmp 0x42FC0000 0x62FC0000 0x00010000 4
[2022-12-19 11:32:40] INFO     mem_cmp 0x437C0000 0x637C0000 0x00010000 4
[2022-12-19 11:32:47] INFO     mem_cmp 0x43FC0000 0x63FC0000 0x00010000 4
[2022-12-19 11:32:53] INFO     mem_cmp 0x447C0000 0x647C0000 0x00010000 4
[2022-12-19 11:32:59] INFO     mem_cmp 0x44FC0000 0x64FC0000 0x00010000 4
[2022-12-19 11:33:06] INFO     mem_cmp 0x457C0000 0x657C0000 0x00010000 4
[2022-12-19 11:33:13] INFO     mem_cmp 0x45FC0000 0x65FC0000 0x00010000 4
[2022-12-19 11:33:19] INFO     mem_cmp 0x467C0000 0x667C0000 0x00010000 4
[2022-12-19 11:33:25] INFO     mem_cmp 0x46FC0000 0x66FC0000 0x00010000 4
[2022-12-19 11:33:32] INFO     mem_cmp 0x477C0000 0x677C0000 0x00010000 4
[2022-12-19 11:33:38] INFO     mem_cmp 0x47FC0000 0x67FC0000 0x00010000 4
[2022-12-19 11:33:45] INFO     mem_cmp 0x487C0000 0x687C0000 0x00010000 4
[2022-12-19 11:33:51] INFO     mem_cmp 0x48FC0000 0x68FC0000 0x00010000 4
[2022-12-19 11:33:58] INFO     mem_cmp 0x497C0000 0x697C0000 0x00010000 4
[2022-12-19 11:34:04] INFO     mem_cmp 0x49FC0000 0x69FC0000 0x00010000 4
[2022-12-19 11:34:11] INFO     mem_cmp 0x4A7C0000 0x6A7C0000 0x00010000 4
[2022-12-19 11:34:18] INFO     mem_cmp 0x4AFC0000 0x6AFC0000 0x00010000 4
[2022-12-19 11:34:24] INFO     mem_cmp 0x4B7C0000 0x6B7C0000 0x00010000 4
[2022-12-19 11:34:31] INFO     mem_cmp 0x4BFC0000 0x6BFC0000 0x00010000 4
[2022-12-19 11:34:37] INFO     mem_cmp 0x4C7C0000 0x6C7C0000 0x00010000 4
[2022-12-19 11:34:44] INFO     mem_cmp 0x4CFC0000 0x6CFC0000 0x00010000 4
[2022-12-19 11:34:51] INFO     mem_cmp 0x4D7C0000 0x6D7C0000 0x00010000 4
[2022-12-19 11:34:57] INFO     mem_cmp 0x4DFC0000 0x6DFC0000 0x00010000 4
[2022-12-19 11:35:04] INFO     mem_cmp 0x4E7C0000 0x6E7C0000 0x00010000 4
[2022-12-19 11:35:11] INFO     mem_cmp 0x4EFC0000 0x6EFC0000 0x00010000 4
[2022-12-19 11:35:17] INFO     mem_cmp 0x4F7C0000 0x6F7C0000 0x00010000 4
[2022-12-19 11:35:23] INFO     mem_cmp 0x4FFC0000 0x6FFC0000 0x00010000 4
[2022-12-19 11:35:30] INFO     mem_cmp 0x507C0000 0x707C0000 0x00010000 4
[2022-12-19 11:35:37] INFO     mem_cmp 0x50FC0000 0x70FC0000 0x00010000 4
[2022-12-19 11:35:43] INFO     mem_cmp 0x517C0000 0x717C0000 0x00010000 4
[2022-12-19 11:35:50] INFO     mem_cmp 0x51FC0000 0x71FC0000 0x00010000 4
[2022-12-19 11:35:57] INFO     mem_cmp 0x527C0000 0x727C0000 0x00010000 4
[2022-12-19 11:36:03] INFO     mem_cmp 0x52FC0000 0x72FC0000 0x00010000 4
[2022-12-19 11:36:10] INFO     mem_cmp 0x537C0000 0x737C0000 0x00010000 4
[2022-12-19 11:36:16] INFO     mem_cmp 0x53FC0000 0x73FC0000 0x00010000 4
[2022-12-19 11:36:23] INFO     mem_cmp 0x547C0000 0x747C0000 0x00010000 4
[2022-12-19 11:36:30] INFO     mem_cmp 0x54FC0000 0x74FC0000 0x00010000 4
[2022-12-19 11:36:36] INFO     mem_cmp 0x557C0000 0x757C0000 0x00010000 4
[2022-12-19 11:36:43] INFO     mem_cmp 0x55FC0000 0x75FC0000 0x00010000 4
[2022-12-19 11:36:49] INFO     mem_cmp 0x567C0000 0x767C0000 0x00010000 4
[2022-12-19 11:36:56] INFO     mem_cmp 0x56FC0000 0x76FC0000 0x00010000 4
[2022-12-19 11:37:03] INFO     mem_cmp 0x577C0000 0x777C0000 0x00010000 4
[2022-12-19 11:37:09] INFO     mem_cmp 0x57FC0000 0x77FC0000 0x00010000 4
[2022-12-19 11:37:16] INFO     mem_cmp 0x587C0000 0x787C0000 0x00010000 4
[2022-12-19 11:37:22] INFO     mem_cmp 0x58FC0000 0x78FC0000 0x00010000 4
[2022-12-19 11:37:29] INFO     mem_cmp 0x597C0000 0x797C0000 0x00010000 4
[2022-12-19 11:37:35] INFO     mem_cmp 0x59FC0000 0x79FC0000 0x00010000 4
[2022-12-19 11:37:42] INFO     mem_cmp 0x5A7C0000 0x7A7C0000 0x00010000 4
[2022-12-19 11:37:48] INFO     mem_cmp 0x5AFC0000 0x7AFC0000 0x00010000 4
[2022-12-19 11:37:55] INFO     mem_cmp 0x5B7C0000 0x7B7C0000 0x00010000 4
[2022-12-19 11:38:01] INFO     mem_cmp 0x5BFC0000 0x7BFC0000 0x00010000 4
[2022-12-19 11:38:08] INFO     mem_cmp 0x5C7C0000 0x7C7C0000 0x00010000 4
[2022-12-19 11:38:15] INFO     mem_cmp 0x5CFC0000 0x7CFC0000 0x00010000 4
[2022-12-19 11:38:21] INFO     mem_cmp 0x5D7C0000 0x7D7C0000 0x00010000 4
[2022-12-19 11:38:28] INFO     mem_cmp 0x5DFC0000 0x7DFC0000 0x00010000 4
[2022-12-19 11:38:34] INFO     mem_cmp 0x5E7C0000 0x7E7C0000 0x00010000 4
[2022-12-19 11:38:40] INFO     mem_cmp 0x5EFC0000 0x7EFC0000 0x00010000 4
[2022-12-19 11:38:47] INFO     mem_cmp 0x5F7C0000 0x7F7C0000 0x00010000 4
[2022-12-19 11:38:53] INFO     mem_cmp 0x5FFC0000 0x7FFC0000 0x00010000 4
[2022-12-19 11:38:54] INFO     STATE:Mem Compare State
[2022-12-19 11:39:00] INFO     mem_cmp 0x407C0000 0x607C0000 0x00010000 4
[2022-12-19 11:39:07] INFO     mem_cmp 0x40FC0000 0x60FC0000 0x00010000 4
[2022-12-19 11:39:13] INFO     mem_cmp 0x417C0000 0x617C0000 0x00010000 4
[2022-12-19 11:39:20] INFO     mem_cmp 0x41FC0000 0x61FC0000 0x00010000 4
[2022-12-19 11:39:26] INFO     mem_cmp 0x427C0000 0x627C0000 0x00010000 4
[2022-12-19 11:39:33] INFO     mem_cmp 0x42FC0000 0x62FC0000 0x00010000 4
[2022-12-19 11:39:40] INFO     mem_cmp 0x437C0000 0x637C0000 0x00010000 4
[2022-12-19 11:39:46] INFO     mem_cmp 0x43FC0000 0x63FC0000 0x00010000 4
[2022-12-19 11:39:53] INFO     mem_cmp 0x447C0000 0x647C0000 0x00010000 4
[2022-12-19 11:39:59] INFO     mem_cmp 0x44FC0000 0x64FC0000 0x00010000 4
[2022-12-19 11:40:06] INFO     mem_cmp 0x457C0000 0x657C0000 0x00010000 4
[2022-12-19 11:40:12] INFO     mem_cmp 0x45FC0000 0x65FC0000 0x00010000 4
[2022-12-19 11:40:19] INFO     mem_cmp 0x467C0000 0x667C0000 0x00010000 4
[2022-12-19 11:40:25] INFO     mem_cmp 0x46FC0000 0x66FC0000 0x00010000 4
[2022-12-19 11:40:32] INFO     mem_cmp 0x477C0000 0x677C0000 0x00010000 4
[2022-12-19 11:40:39] INFO     mem_cmp 0x47FC0000 0x67FC0000 0x00010000 4
[2022-12-19 11:40:45] INFO     mem_cmp 0x487C0000 0x687C0000 0x00010000 4
[2022-12-19 11:40:52] INFO     mem_cmp 0x48FC0000 0x68FC0000 0x00010000 4
[2022-12-19 11:40:58] INFO     mem_cmp 0x497C0000 0x697C0000 0x00010000 4
[2022-12-19 11:41:05] INFO     mem_cmp 0x49FC0000 0x69FC0000 0x00010000 4
[2022-12-19 11:41:12] INFO     mem_cmp 0x4A7C0000 0x6A7C0000 0x00010000 4
[2022-12-19 11:41:18] INFO     mem_cmp 0x4AFC0000 0x6AFC0000 0x00010000 4
[2022-12-19 11:41:24] INFO     mem_cmp 0x4B7C0000 0x6B7C0000 0x00010000 4
[2022-12-19 11:41:31] INFO     mem_cmp 0x4BFC0000 0x6BFC0000 0x00010000 4
[2022-12-19 11:41:38] INFO     mem_cmp 0x4C7C0000 0x6C7C0000 0x00010000 4
[2022-12-19 11:41:44] INFO     mem_cmp 0x4CFC0000 0x6CFC0000 0x00010000 4
[2022-12-19 11:41:51] INFO     mem_cmp 0x4D7C0000 0x6D7C0000 0x00010000 4
[2022-12-19 11:41:58] INFO     mem_cmp 0x4DFC0000 0x6DFC0000 0x00010000 4
[2022-12-19 11:42:04] INFO     mem_cmp 0x4E7C0000 0x6E7C0000 0x00010000 4
[2022-12-19 11:42:11] INFO     mem_cmp 0x4EFC0000 0x6EFC0000 0x00010000 4
[2022-12-19 11:42:17] INFO     mem_cmp 0x4F7C0000 0x6F7C0000 0x00010000 4
[2022-12-19 11:42:24] INFO     mem_cmp 0x4FFC0000 0x6FFC0000 0x00010000 4
[2022-12-19 11:42:30] INFO     mem_cmp 0x507C0000 0x707C0000 0x00010000 4
[2022-12-19 11:42:37] INFO     mem_cmp 0x50FC0000 0x70FC0000 0x00010000 4
[2022-12-19 11:42:43] INFO     mem_cmp 0x517C0000 0x717C0000 0x00010000 4
[2022-12-19 11:42:50] INFO     mem_cmp 0x51FC0000 0x71FC0000 0x00010000 4
[2022-12-19 11:42:57] INFO     mem_cmp 0x527C0000 0x727C0000 0x00010000 4
[2022-12-19 11:43:04] INFO     mem_cmp 0x52FC0000 0x72FC0000 0x00010000 4
[2022-12-19 11:43:10] INFO     mem_cmp 0x537C0000 0x737C0000 0x00010000 4
[2022-12-19 11:43:17] INFO     mem_cmp 0x53FC0000 0x73FC0000 0x00010000 4
[2022-12-19 11:43:23] INFO     mem_cmp 0x547C0000 0x747C0000 0x00010000 4
[2022-12-19 11:43:30] INFO     mem_cmp 0x54FC0000 0x74FC0000 0x00010000 4
[2022-12-19 11:43:36] INFO     mem_cmp 0x557C0000 0x757C0000 0x00010000 4
[2022-12-19 11:43:43] INFO     mem_cmp 0x55FC0000 0x75FC0000 0x00010000 4
[2022-12-19 11:43:50] INFO     mem_cmp 0x567C0000 0x767C0000 0x00010000 4
[2022-12-19 11:43:56] INFO     mem_cmp 0x56FC0000 0x76FC0000 0x00010000 4
[2022-12-19 11:44:03] INFO     mem_cmp 0x577C0000 0x777C0000 0x00010000 4
[2022-12-19 11:44:10] INFO     mem_cmp 0x57FC0000 0x77FC0000 0x00010000 4
[2022-12-19 11:44:16] INFO     mem_cmp 0x587C0000 0x787C0000 0x00010000 4
[2022-12-19 11:44:23] INFO     mem_cmp 0x58FC0000 0x78FC0000 0x00010000 4
[2022-12-19 11:44:29] INFO     mem_cmp 0x597C0000 0x797C0000 0x00010000 4
[2022-12-19 11:44:36] INFO     mem_cmp 0x59FC0000 0x79FC0000 0x00010000 4
[2022-12-19 11:44:42] INFO     mem_cmp 0x5A7C0000 0x7A7C0000 0x00010000 4
[2022-12-19 11:44:49] INFO     mem_cmp 0x5AFC0000 0x7AFC0000 0x00010000 4
[2022-12-19 11:44:55] INFO     mem_cmp 0x5B7C0000 0x7B7C0000 0x00010000 4
[2022-12-19 11:45:02] INFO     mem_cmp 0x5BFC0000 0x7BFC0000 0x00010000 4
[2022-12-19 11:45:08] INFO     mem_cmp 0x5C7C0000 0x7C7C0000 0x00010000 4
[2022-12-19 11:45:15] INFO     mem_cmp 0x5CFC0000 0x7CFC0000 0x00010000 4
[2022-12-19 11:45:22] INFO     mem_cmp 0x5D7C0000 0x7D7C0000 0x00010000 4
[2022-12-19 11:45:28] INFO     mem_cmp 0x5DFC0000 0x7DFC0000 0x00010000 4
[2022-12-19 11:45:35] INFO     mem_cmp 0x5E7C0000 0x7E7C0000 0x00010000 4
[2022-12-19 11:45:41] INFO     mem_cmp 0x5EFC0000 0x7EFC0000 0x00010000 4
[2022-12-19 11:45:48] INFO     mem_cmp 0x5F7C0000 0x7F7C0000 0x00010000 4
[2022-12-19 11:45:54] INFO     mem_cmp 0x5FFC0000 0x7FFC0000 0x00010000 4
[2022-12-19 11:45:55] INFO     STATE:Mem Compare State
[2022-12-19 11:46:01] INFO     mem_cmp 0x407C0000 0x607C0000 0x00010000 4
[2022-12-19 11:46:08] INFO     mem_cmp 0x40FC0000 0x60FC0000 0x00010000 4
[2022-12-19 11:46:14] INFO     mem_cmp 0x417C0000 0x617C0000 0x00010000 4
[2022-12-19 11:46:21] INFO     mem_cmp 0x41FC0000 0x61FC0000 0x00010000 4
[2022-12-19 11:46:28] INFO     mem_cmp 0x427C0000 0x627C0000 0x00010000 4
[2022-12-19 11:46:34] INFO     mem_cmp 0x42FC0000 0x62FC0000 0x00010000 4
[2022-12-19 11:46:41] INFO     mem_cmp 0x437C0000 0x637C0000 0x00010000 4
[2022-12-19 11:46:47] INFO     mem_cmp 0x43FC0000 0x63FC0000 0x00010000 4
[2022-12-19 11:46:54] INFO     mem_cmp 0x447C0000 0x647C0000 0x00010000 4
[2022-12-19 11:47:01] INFO     mem_cmp 0x44FC0000 0x64FC0000 0x00010000 4
[2022-12-19 11:47:07] INFO     mem_cmp 0x457C0000 0x657C0000 0x00010000 4
[2022-12-19 11:47:14] INFO     mem_cmp 0x45FC0000 0x65FC0000 0x00010000 4
[2022-12-19 11:47:20] INFO     mem_cmp 0x467C0000 0x667C0000 0x00010000 4
[2022-12-19 11:47:27] INFO     mem_cmp 0x46FC0000 0x66FC0000 0x00010000 4
[2022-12-19 11:47:33] INFO     mem_cmp 0x477C0000 0x677C0000 0x00010000 4
[2022-12-19 11:47:40] INFO     mem_cmp 0x47FC0000 0x67FC0000 0x00010000 4
[2022-12-19 11:47:46] INFO     mem_cmp 0x487C0000 0x687C0000 0x00010000 4
[2022-12-19 11:47:53] INFO     mem_cmp 0x48FC0000 0x68FC0000 0x00010000 4
[2022-12-19 11:48:00] INFO     mem_cmp 0x497C0000 0x697C0000 0x00010000 4
[2022-12-19 11:48:06] INFO     mem_cmp 0x49FC0000 0x69FC0000 0x00010000 4
[2022-12-19 11:48:13] INFO     mem_cmp 0x4A7C0000 0x6A7C0000 0x00010000 4
[2022-12-19 11:48:19] INFO     mem_cmp 0x4AFC0000 0x6AFC0000 0x00010000 4
[2022-12-19 11:48:26] INFO     mem_cmp 0x4B7C0000 0x6B7C0000 0x00010000 4
[2022-12-19 11:48:32] INFO     mem_cmp 0x4BFC0000 0x6BFC0000 0x00010000 4
[2022-12-19 11:48:39] INFO     mem_cmp 0x4C7C0000 0x6C7C0000 0x00010000 4
[2022-12-19 11:48:45] INFO     mem_cmp 0x4CFC0000 0x6CFC0000 0x00010000 4
[2022-12-19 11:48:52] INFO     mem_cmp 0x4D7C0000 0x6D7C0000 0x00010000 4
[2022-12-19 11:48:58] INFO     mem_cmp 0x4DFC0000 0x6DFC0000 0x00010000 4
[2022-12-19 11:49:05] INFO     mem_cmp 0x4E7C0000 0x6E7C0000 0x00010000 4
[2022-12-19 11:49:11] INFO     mem_cmp 0x4EFC0000 0x6EFC0000 0x00010000 4
[2022-12-19 11:49:18] INFO     mem_cmp 0x4F7C0000 0x6F7C0000 0x00010000 4
[2022-12-19 11:49:25] INFO     mem_cmp 0x4FFC0000 0x6FFC0000 0x00010000 4
[2022-12-19 11:49:31] INFO     mem_cmp 0x507C0000 0x707C0000 0x00010000 4
[2022-12-19 11:49:38] INFO     mem_cmp 0x50FC0000 0x70FC0000 0x00010000 4
[2022-12-19 11:49:44] INFO     mem_cmp 0x517C0000 0x717C0000 0x00010000 4
[2022-12-19 11:49:51] INFO     mem_cmp 0x51FC0000 0x71FC0000 0x00010000 4
[2022-12-19 11:49:58] INFO     mem_cmp 0x527C0000 0x727C0000 0x00010000 4
[2022-12-19 11:50:04] INFO     mem_cmp 0x52FC0000 0x72FC0000 0x00010000 4
[2022-12-19 11:50:11] INFO     mem_cmp 0x537C0000 0x737C0000 0x00010000 4
[2022-12-19 11:50:17] INFO     mem_cmp 0x53FC0000 0x73FC0000 0x00010000 4
[2022-12-19 11:50:24] INFO     mem_cmp 0x547C0000 0x747C0000 0x00010000 4
[2022-12-19 11:50:31] INFO     mem_cmp 0x54FC0000 0x74FC0000 0x00010000 4
[2022-12-19 11:50:37] INFO     mem_cmp 0x557C0000 0x757C0000 0x00010000 4
[2022-12-19 11:50:44] INFO     mem_cmp 0x55FC0000 0x75FC0000 0x00010000 4
[2022-12-19 11:50:50] INFO     mem_cmp 0x567C0000 0x767C0000 0x00010000 4
[2022-12-19 11:50:57] INFO     mem_cmp 0x56FC0000 0x76FC0000 0x00010000 4
[2022-12-19 11:51:04] INFO     mem_cmp 0x577C0000 0x777C0000 0x00010000 4
[2022-12-19 11:51:11] INFO     mem_cmp 0x57FC0000 0x77FC0000 0x00010000 4
[2022-12-19 11:51:17] INFO     mem_cmp 0x587C0000 0x787C0000 0x00010000 4
[2022-12-19 11:51:24] INFO     mem_cmp 0x58FC0000 0x78FC0000 0x00010000 4
[2022-12-19 11:51:30] INFO     mem_cmp 0x597C0000 0x797C0000 0x00010000 4
[2022-12-19 11:51:37] INFO     mem_cmp 0x59FC0000 0x79FC0000 0x00010000 4
[2022-12-19 11:51:44] INFO     mem_cmp 0x5A7C0000 0x7A7C0000 0x00010000 4
[2022-12-19 11:51:50] INFO     mem_cmp 0x5AFC0000 0x7AFC0000 0x00010000 4
[2022-12-19 11:51:57] INFO     mem_cmp 0x5B7C0000 0x7B7C0000 0x00010000 4
[2022-12-19 11:52:03] INFO     mem_cmp 0x5BFC0000 0x7BFC0000 0x00010000 4
[2022-12-19 11:52:10] INFO     mem_cmp 0x5C7C0000 0x7C7C0000 0x00010000 4
[2022-12-19 11:52:17] INFO     mem_cmp 0x5CFC0000 0x7CFC0000 0x00010000 4
[2022-12-19 11:52:23] INFO     mem_cmp 0x5D7C0000 0x7D7C0000 0x00010000 4
[2022-12-19 11:52:30] INFO     mem_cmp 0x5DFC0000 0x7DFC0000 0x00010000 4
[2022-12-19 11:52:36] INFO     mem_cmp 0x5E7C0000 0x7E7C0000 0x00010000 4
[2022-12-19 11:52:43] INFO     mem_cmp 0x5EFC0000 0x7EFC0000 0x00010000 4
[2022-12-19 11:52:49] INFO     mem_cmp 0x5F7C0000 0x7F7C0000 0x00010000 4
[2022-12-19 11:52:56] INFO     mem_cmp 0x5FFC0000 0x7FFC0000 0x00010000 4
[2022-12-19 11:52:56] INFO     STATE:Mem Compare State
[2022-12-19 11:53:02] INFO     mem_cmp 0x407C0000 0x607C0000 0x00010000 4
[2022-12-19 11:53:09] INFO     mem_cmp 0x40FC0000 0x60FC0000 0x00010000 4
[2022-12-19 11:53:15] INFO     mem_cmp 0x417C0000 0x617C0000 0x00010000 4
[2022-12-19 11:53:22] INFO     mem_cmp 0x41FC0000 0x61FC0000 0x00010000 4
[2022-12-19 11:53:29] INFO     mem_cmp 0x427C0000 0x627C0000 0x00010000 4
[2022-12-19 11:53:36] INFO     mem_cmp 0x42FC0000 0x62FC0000 0x00010000 4
[2022-12-19 11:53:42] INFO     mem_cmp 0x437C0000 0x637C0000 0x00010000 4
[2022-12-19 11:53:49] INFO     mem_cmp 0x43FC0000 0x63FC0000 0x00010000 4
[2022-12-19 11:53:55] INFO     mem_cmp 0x447C0000 0x647C0000 0x00010000 4
[2022-12-19 11:54:02] INFO     mem_cmp 0x44FC0000 0x64FC0000 0x00010000 4
[2022-12-19 11:54:09] INFO     mem_cmp 0x457C0000 0x657C0000 0x00010000 4
[2022-12-19 11:54:15] INFO     mem_cmp 0x45FC0000 0x65FC0000 0x00010000 4
[2022-12-19 11:54:22] INFO     mem_cmp 0x467C0000 0x667C0000 0x00010000 4
[2022-12-19 11:54:28] INFO     mem_cmp 0x46FC0000 0x66FC0000 0x00010000 4
[2022-12-19 11:54:35] INFO     mem_cmp 0x477C0000 0x677C0000 0x00010000 4
[2022-12-19 11:54:41] INFO     mem_cmp 0x47FC0000 0x67FC0000 0x00010000 4
[2022-12-19 11:54:48] INFO     mem_cmp 0x487C0000 0x687C0000 0x00010000 4
[2022-12-19 11:54:55] INFO     mem_cmp 0x48FC0000 0x68FC0000 0x00010000 4
[2022-12-19 11:55:01] INFO     mem_cmp 0x497C0000 0x697C0000 0x00010000 4
[2022-12-19 11:55:08] INFO     mem_cmp 0x49FC0000 0x69FC0000 0x00010000 4
[2022-12-19 11:55:14] INFO     mem_cmp 0x4A7C0000 0x6A7C0000 0x00010000 4
[2022-12-19 11:55:20] INFO     mem_cmp 0x4AFC0000 0x6AFC0000 0x00010000 4
[2022-12-19 11:55:27] INFO     mem_cmp 0x4B7C0000 0x6B7C0000 0x00010000 4
[2022-12-19 11:55:34] INFO     mem_cmp 0x4BFC0000 0x6BFC0000 0x00010000 4
[2022-12-19 11:55:40] INFO     mem_cmp 0x4C7C0000 0x6C7C0000 0x00010000 4
[2022-12-19 11:55:47] INFO     mem_cmp 0x4CFC0000 0x6CFC0000 0x00010000 4
[2022-12-19 11:55:53] INFO     mem_cmp 0x4D7C0000 0x6D7C0000 0x00010000 4
[2022-12-19 11:56:00] INFO     mem_cmp 0x4DFC0000 0x6DFC0000 0x00010000 4
[2022-12-19 11:56:07] INFO     mem_cmp 0x4E7C0000 0x6E7C0000 0x00010000 4
[2022-12-19 11:56:13] INFO     mem_cmp 0x4EFC0000 0x6EFC0000 0x00010000 4
[2022-12-19 11:56:20] INFO     mem_cmp 0x4F7C0000 0x6F7C0000 0x00010000 4
[2022-12-19 11:56:26] INFO     mem_cmp 0x4FFC0000 0x6FFC0000 0x00010000 4
[2022-12-19 11:56:33] INFO     mem_cmp 0x507C0000 0x707C0000 0x00010000 4
[2022-12-19 11:56:39] INFO     mem_cmp 0x50FC0000 0x70FC0000 0x00010000 4
[2022-12-19 11:56:46] INFO     mem_cmp 0x517C0000 0x717C0000 0x00010000 4
[2022-12-19 11:56:52] INFO     mem_cmp 0x51FC0000 0x71FC0000 0x00010000 4
[2022-12-19 11:56:59] INFO     mem_cmp 0x527C0000 0x727C0000 0x00010000 4
[2022-12-19 11:57:05] INFO     mem_cmp 0x52FC0000 0x72FC0000 0x00010000 4
[2022-12-19 11:57:12] INFO     mem_cmp 0x537C0000 0x737C0000 0x00010000 4
[2022-12-19 11:57:18] INFO     mem_cmp 0x53FC0000 0x73FC0000 0x00010000 4
[2022-12-19 11:57:25] INFO     mem_cmp 0x547C0000 0x747C0000 0x00010000 4
[2022-12-19 11:57:31] INFO     mem_cmp 0x54FC0000 0x74FC0000 0x00010000 4
[2022-12-19 11:57:38] INFO     mem_cmp 0x557C0000 0x757C0000 0x00010000 4
[2022-12-19 11:57:45] INFO     mem_cmp 0x55FC0000 0x75FC0000 0x00010000 4
[2022-12-19 11:57:51] INFO     mem_cmp 0x567C0000 0x767C0000 0x00010000 4
[2022-12-19 11:57:58] INFO     mem_cmp 0x56FC0000 0x76FC0000 0x00010000 4
[2022-12-19 11:58:05] INFO     mem_cmp 0x577C0000 0x777C0000 0x00010000 4
[2022-12-19 11:58:11] INFO     mem_cmp 0x57FC0000 0x77FC0000 0x00010000 4
[2022-12-19 11:58:18] INFO     mem_cmp 0x587C0000 0x787C0000 0x00010000 4
[2022-12-19 11:58:24] INFO     mem_cmp 0x58FC0000 0x78FC0000 0x00010000 4
[2022-12-19 11:58:31] INFO     mem_cmp 0x597C0000 0x797C0000 0x00010000 4
[2022-12-19 11:58:37] INFO     mem_cmp 0x59FC0000 0x79FC0000 0x00010000 4
[2022-12-19 11:58:44] INFO     mem_cmp 0x5A7C0000 0x7A7C0000 0x00010000 4
[2022-12-19 11:58:50] INFO     mem_cmp 0x5AFC0000 0x7AFC0000 0x00010000 4
[2022-12-19 11:58:57] INFO     mem_cmp 0x5B7C0000 0x7B7C0000 0x00010000 4
[2022-12-19 11:59:03] INFO     mem_cmp 0x5BFC0000 0x7BFC0000 0x00010000 4
[2022-12-19 11:59:10] INFO     mem_cmp 0x5C7C0000 0x7C7C0000 0x00010000 4
[2022-12-19 11:59:16] INFO     mem_cmp 0x5CFC0000 0x7CFC0000 0x00010000 4
[2022-12-19 11:59:22] INFO     mem_cmp 0x5D7C0000 0x7D7C0000 0x00010000 4
[2022-12-19 11:59:29] INFO     mem_cmp 0x5DFC0000 0x7DFC0000 0x00010000 4
[2022-12-19 11:59:36] INFO     mem_cmp 0x5E7C0000 0x7E7C0000 0x00010000 4
[2022-12-19 11:59:42] INFO     mem_cmp 0x5EFC0000 0x7EFC0000 0x00010000 4
[2022-12-19 11:59:49] INFO     mem_cmp 0x5F7C0000 0x7F7C0000 0x00010000 4
[2022-12-19 11:59:55] INFO     mem_cmp 0x5FFC0000 0x7FFC0000 0x00010000 4
[2022-12-19 11:59:55] INFO     STATE:Mem Compare State
[2022-12-19 12:00:02] INFO     mem_cmp 0x407C0000 0x607C0000 0x00010000 4
[2022-12-19 12:00:08] INFO     mem_cmp 0x40FC0000 0x60FC0000 0x00010000 4
[2022-12-19 12:00:15] INFO     mem_cmp 0x417C0000 0x617C0000 0x00010000 4
[2022-12-19 12:00:21] INFO     mem_cmp 0x41FC0000 0x61FC0000 0x00010000 4
[2022-12-19 12:00:28] INFO     mem_cmp 0x427C0000 0x627C0000 0x00010000 4
[2022-12-19 12:00:35] INFO     mem_cmp 0x42FC0000 0x62FC0000 0x00010000 4
[2022-12-19 12:00:42] INFO     mem_cmp 0x437C0000 0x637C0000 0x00010000 4
[2022-12-19 12:00:48] INFO     mem_cmp 0x43FC0000 0x63FC0000 0x00010000 4
[2022-12-19 12:00:55] INFO     mem_cmp 0x447C0000 0x647C0000 0x00010000 4
[2022-12-19 12:01:01] INFO     mem_cmp 0x44FC0000 0x64FC0000 0x00010000 4
[2022-12-19 12:01:08] INFO     mem_cmp 0x457C0000 0x657C0000 0x00010000 4
[2022-12-19 12:01:14] INFO     mem_cmp 0x45FC0000 0x65FC0000 0x00010000 4
[2022-12-19 12:01:21] INFO     mem_cmp 0x467C0000 0x667C0000 0x00010000 4
[2022-12-19 12:01:27] INFO     mem_cmp 0x46FC0000 0x66FC0000 0x00010000 4
[2022-12-19 12:01:34] INFO     mem_cmp 0x477C0000 0x677C0000 0x00010000 4
[2022-12-19 12:01:40] INFO     mem_cmp 0x47FC0000 0x67FC0000 0x00010000 4
[2022-12-19 12:01:47] INFO     mem_cmp 0x487C0000 0x687C0000 0x00010000 4
[2022-12-19 12:01:54] INFO     mem_cmp 0x48FC0000 0x68FC0000 0x00010000 4
[2022-12-19 12:02:00] INFO     mem_cmp 0x497C0000 0x697C0000 0x00010000 4
[2022-12-19 12:02:07] INFO     mem_cmp 0x49FC0000 0x69FC0000 0x00010000 4
[2022-12-19 12:02:13] INFO     mem_cmp 0x4A7C0000 0x6A7C0000 0x00010000 4
[2022-12-19 12:02:20] INFO     mem_cmp 0x4AFC0000 0x6AFC0000 0x00010000 4
[2022-12-19 12:02:26] INFO     mem_cmp 0x4B7C0000 0x6B7C0000 0x00010000 4
[2022-12-19 12:02:33] INFO     mem_cmp 0x4BFC0000 0x6BFC0000 0x00010000 4
[2022-12-19 12:02:39] INFO     mem_cmp 0x4C7C0000 0x6C7C0000 0x00010000 4
[2022-12-19 12:02:46] INFO     mem_cmp 0x4CFC0000 0x6CFC0000 0x00010000 4
[2022-12-19 12:02:52] INFO     mem_cmp 0x4D7C0000 0x6D7C0000 0x00010000 4
[2022-12-19 12:02:59] INFO     mem_cmp 0x4DFC0000 0x6DFC0000 0x00010000 4
[2022-12-19 12:03:05] INFO     mem_cmp 0x4E7C0000 0x6E7C0000 0x00010000 4
[2022-12-19 12:03:12] INFO     mem_cmp 0x4EFC0000 0x6EFC0000 0x00010000 4
[2022-12-19 12:03:19] INFO     mem_cmp 0x4F7C0000 0x6F7C0000 0x00010000 4
[2022-12-19 12:03:25] INFO     mem_cmp 0x4FFC0000 0x6FFC0000 0x00010000 4
[2022-12-19 12:03:32] INFO     mem_cmp 0x507C0000 0x707C0000 0x00010000 4
[2022-12-19 12:03:39] INFO     mem_cmp 0x50FC0000 0x70FC0000 0x00010000 4
[2022-12-19 12:03:45] INFO     mem_cmp 0x517C0000 0x717C0000 0x00010000 4
[2022-12-19 12:03:51] INFO     mem_cmp 0x51FC0000 0x71FC0000 0x00010000 4
[2022-12-19 12:03:58] INFO     mem_cmp 0x527C0000 0x727C0000 0x00010000 4
[2022-12-19 12:04:04] INFO     mem_cmp 0x52FC0000 0x72FC0000 0x00010000 4
[2022-12-19 12:04:11] INFO     mem_cmp 0x537C0000 0x737C0000 0x00010000 4
[2022-12-19 12:04:18] INFO     mem_cmp 0x53FC0000 0x73FC0000 0x00010000 4
[2022-12-19 12:04:24] INFO     mem_cmp 0x547C0000 0x747C0000 0x00010000 4
[2022-12-19 12:04:31] INFO     mem_cmp 0x54FC0000 0x74FC0000 0x00010000 4
[2022-12-19 12:04:38] INFO     mem_cmp 0x557C0000 0x757C0000 0x00010000 4
[2022-12-19 12:04:44] INFO     mem_cmp 0x55FC0000 0x75FC0000 0x00010000 4
[2022-12-19 12:04:51] INFO     mem_cmp 0x567C0000 0x767C0000 0x00010000 4
[2022-12-19 12:04:57] INFO     mem_cmp 0x56FC0000 0x76FC0000 0x00010000 4
[2022-12-19 12:05:04] INFO     mem_cmp 0x577C0000 0x777C0000 0x00010000 4
[2022-12-19 12:05:10] INFO     mem_cmp 0x57FC0000 0x77FC0000 0x00010000 4
[2022-12-19 12:05:17] INFO     mem_cmp 0x587C0000 0x787C0000 0x00010000 4
[2022-12-19 12:05:24] INFO     mem_cmp 0x58FC0000 0x78FC0000 0x00010000 4
[2022-12-19 12:05:30] INFO     mem_cmp 0x597C0000 0x797C0000 0x00010000 4
[2022-12-19 12:05:37] INFO     mem_cmp 0x59FC0000 0x79FC0000 0x00010000 4
[2022-12-19 12:05:43] INFO     mem_cmp 0x5A7C0000 0x7A7C0000 0x00010000 4
[2022-12-19 12:05:50] INFO     mem_cmp 0x5AFC0000 0x7AFC0000 0x00010000 4
[2022-12-19 12:05:56] INFO     mem_cmp 0x5B7C0000 0x7B7C0000 0x00010000 4
[2022-12-19 12:06:03] INFO     mem_cmp 0x5BFC0000 0x7BFC0000 0x00010000 4
[2022-12-19 12:06:09] INFO     mem_cmp 0x5C7C0000 0x7C7C0000 0x00010000 4
[2022-12-19 12:06:16] INFO     mem_cmp 0x5CFC0000 0x7CFC0000 0x00010000 4
[2022-12-19 12:06:22] INFO     mem_cmp 0x5D7C0000 0x7D7C0000 0x00010000 4
[2022-12-19 12:06:29] INFO     mem_cmp 0x5DFC0000 0x7DFC0000 0x00010000 4
[2022-12-19 12:06:35] INFO     mem_cmp 0x5E7C0000 0x7E7C0000 0x00010000 4
[2022-12-19 12:06:42] INFO     mem_cmp 0x5EFC0000 0x7EFC0000 0x00010000 4
[2022-12-19 12:06:48] INFO     mem_cmp 0x5F7C0000 0x7F7C0000 0x00010000 4
[2022-12-19 12:06:55] INFO     mem_cmp 0x5FFC0000 0x7FFC0000 0x00010000 4
[2022-12-19 12:06:55] INFO     STATE:Mem Compare State
[2022-12-19 12:07:01] INFO     mem_cmp 0x407C0000 0x607C0000 0x00010000 4
[2022-12-19 12:07:07] INFO     mem_cmp 0x40FC0000 0x60FC0000 0x00010000 4
[2022-12-19 12:07:13] INFO     mem_cmp 0x417C0000 0x617C0000 0x00010000 4
[2022-12-19 12:07:20] INFO     mem_cmp 0x41FC0000 0x61FC0000 0x00010000 4
[2022-12-19 12:07:26] INFO     mem_cmp 0x427C0000 0x627C0000 0x00010000 4
[2022-12-19 12:07:32] INFO     mem_cmp 0x42FC0000 0x62FC0000 0x00010000 4
[2022-12-19 12:07:39] INFO     mem_cmp 0x437C0000 0x637C0000 0x00010000 4
[2022-12-19 12:07:45] INFO     mem_cmp 0x43FC0000 0x63FC0000 0x00010000 4
[2022-12-19 12:07:52] INFO     mem_cmp 0x447C0000 0x647C0000 0x00010000 4
[2022-12-19 12:07:58] INFO     mem_cmp 0x44FC0000 0x64FC0000 0x00010000 4
[2022-12-19 12:08:05] INFO     mem_cmp 0x457C0000 0x657C0000 0x00010000 4
[2022-12-19 12:08:11] INFO     mem_cmp 0x45FC0000 0x65FC0000 0x00010000 4
[2022-12-19 12:08:18] INFO     mem_cmp 0x467C0000 0x667C0000 0x00010000 4
[2022-12-19 12:08:24] INFO     mem_cmp 0x46FC0000 0x66FC0000 0x00010000 4
[2022-12-19 12:08:31] INFO     mem_cmp 0x477C0000 0x677C0000 0x00010000 4
[2022-12-19 12:08:37] INFO     mem_cmp 0x47FC0000 0x67FC0000 0x00010000 4
[2022-12-19 12:08:44] INFO     mem_cmp 0x487C0000 0x687C0000 0x00010000 4
[2022-12-19 12:08:50] INFO     mem_cmp 0x48FC0000 0x68FC0000 0x00010000 4
[2022-12-19 12:08:57] INFO     mem_cmp 0x497C0000 0x697C0000 0x00010000 4
[2022-12-19 12:09:04] INFO     mem_cmp 0x49FC0000 0x69FC0000 0x00010000 4
[2022-12-19 12:09:10] INFO     mem_cmp 0x4A7C0000 0x6A7C0000 0x00010000 4
[2022-12-19 12:09:17] INFO     mem_cmp 0x4AFC0000 0x6AFC0000 0x00010000 4
[2022-12-19 12:09:24] INFO     mem_cmp 0x4B7C0000 0x6B7C0000 0x00010000 4
[2022-12-19 12:09:30] INFO     mem_cmp 0x4BFC0000 0x6BFC0000 0x00010000 4
[2022-12-19 12:09:37] INFO     mem_cmp 0x4C7C0000 0x6C7C0000 0x00010000 4
[2022-12-19 12:09:43] INFO     mem_cmp 0x4CFC0000 0x6CFC0000 0x00010000 4
[2022-12-19 12:09:50] INFO     mem_cmp 0x4D7C0000 0x6D7C0000 0x00010000 4
[2022-12-19 12:09:56] INFO     mem_cmp 0x4DFC0000 0x6DFC0000 0x00010000 4
[2022-12-19 12:10:03] INFO     mem_cmp 0x4E7C0000 0x6E7C0000 0x00010000 4
[2022-12-19 12:10:09] INFO     mem_cmp 0x4EFC0000 0x6EFC0000 0x00010000 4
[2022-12-19 12:10:16] INFO     mem_cmp 0x4F7C0000 0x6F7C0000 0x00010000 4
[2022-12-19 12:10:22] INFO     mem_cmp 0x4FFC0000 0x6FFC0000 0x00010000 4
[2022-12-19 12:10:29] INFO     mem_cmp 0x507C0000 0x707C0000 0x00010000 4
[2022-12-19 12:10:35] INFO     mem_cmp 0x50FC0000 0x70FC0000 0x00010000 4
[2022-12-19 12:10:42] INFO     mem_cmp 0x517C0000 0x717C0000 0x00010000 4
[2022-12-19 12:10:49] INFO     mem_cmp 0x51FC0000 0x71FC0000 0x00010000 4
[2022-12-19 12:10:55] INFO     mem_cmp 0x527C0000 0x727C0000 0x00010000 4
[2022-12-19 12:11:02] INFO     mem_cmp 0x52FC0000 0x72FC0000 0x00010000 4
[2022-12-19 12:11:08] INFO     mem_cmp 0x537C0000 0x737C0000 0x00010000 4
[2022-12-19 12:11:15] INFO     mem_cmp 0x53FC0000 0x73FC0000 0x00010000 4
[2022-12-19 12:11:21] INFO     mem_cmp 0x547C0000 0x747C0000 0x00010000 4
[2022-12-19 12:11:28] INFO     mem_cmp 0x54FC0000 0x74FC0000 0x00010000 4
[2022-12-19 12:11:34] INFO     mem_cmp 0x557C0000 0x757C0000 0x00010000 4
[2022-12-19 12:11:41] INFO     mem_cmp 0x55FC0000 0x75FC0000 0x00010000 4
[2022-12-19 12:11:47] INFO     mem_cmp 0x567C0000 0x767C0000 0x00010000 4
[2022-12-19 12:11:54] INFO     mem_cmp 0x56FC0000 0x76FC0000 0x00010000 4
[2022-12-19 12:12:00] INFO     mem_cmp 0x577C0000 0x777C0000 0x00010000 4
[2022-12-19 12:12:07] INFO     mem_cmp 0x57FC0000 0x77FC0000 0x00010000 4
[2022-12-19 12:12:13] INFO     mem_cmp 0x587C0000 0x787C0000 0x00010000 4
[2022-12-19 12:12:19] INFO     mem_cmp 0x58FC0000 0x78FC0000 0x00010000 4
[2022-12-19 12:12:26] INFO     mem_cmp 0x597C0000 0x797C0000 0x00010000 4
[2022-12-19 12:12:33] INFO     mem_cmp 0x59FC0000 0x79FC0000 0x00010000 4
[2022-12-19 12:12:39] INFO     mem_cmp 0x5A7C0000 0x7A7C0000 0x00010000 4
[2022-12-19 12:12:46] INFO     mem_cmp 0x5AFC0000 0x7AFC0000 0x00010000 4
[2022-12-19 12:12:52] INFO     mem_cmp 0x5B7C0000 0x7B7C0000 0x00010000 4
[2022-12-19 12:12:58] INFO     mem_cmp 0x5BFC0000 0x7BFC0000 0x00010000 4
[2022-12-19 12:13:05] INFO     mem_cmp 0x5C7C0000 0x7C7C0000 0x00010000 4
[2022-12-19 12:13:11] INFO     mem_cmp 0x5CFC0000 0x7CFC0000 0x00010000 4
[2022-12-19 12:13:18] INFO     mem_cmp 0x5D7C0000 0x7D7C0000 0x00010000 4
[2022-12-19 12:13:24] INFO     mem_cmp 0x5DFC0000 0x7DFC0000 0x00010000 4
[2022-12-19 12:13:31] INFO     mem_cmp 0x5E7C0000 0x7E7C0000 0x00010000 4
[2022-12-19 12:13:37] INFO     mem_cmp 0x5EFC0000 0x7EFC0000 0x00010000 4
[2022-12-19 12:13:44] INFO     mem_cmp 0x5F7C0000 0x7F7C0000 0x00010000 4
[2022-12-19 12:13:50] INFO     mem_cmp 0x5FFC0000 0x7FFC0000 0x00010000 4
[2022-12-19 12:13:50] INFO     STATE:Mem Compare State
[2022-12-19 12:13:57] INFO     mem_cmp 0x407C0000 0x607C0000 0x00010000 4
[2022-12-19 12:14:03] INFO     mem_cmp 0x40FC0000 0x60FC0000 0x00010000 4
[2022-12-19 12:14:10] INFO     mem_cmp 0x417C0000 0x617C0000 0x00010000 4
[2022-12-19 12:14:17] INFO     mem_cmp 0x41FC0000 0x61FC0000 0x00010000 4
[2022-12-19 12:14:23] INFO     mem_cmp 0x427C0000 0x627C0000 0x00010000 4
[2022-12-19 12:14:30] INFO     mem_cmp 0x42FC0000 0x62FC0000 0x00010000 4
[2022-12-19 12:14:36] INFO     mem_cmp 0x437C0000 0x637C0000 0x00010000 4
[2022-12-19 12:14:43] INFO     mem_cmp 0x43FC0000 0x63FC0000 0x00010000 4
[2022-12-19 12:14:49] INFO     mem_cmp 0x447C0000 0x647C0000 0x00010000 4
[2022-12-19 12:14:56] INFO     mem_cmp 0x44FC0000 0x64FC0000 0x00010000 4
[2022-12-19 12:15:02] INFO     mem_cmp 0x457C0000 0x657C0000 0x00010000 4
[2022-12-19 12:15:09] INFO     mem_cmp 0x45FC0000 0x65FC0000 0x00010000 4
[2022-12-19 12:15:16] INFO     mem_cmp 0x467C0000 0x667C0000 0x00010000 4
[2022-12-19 12:15:22] INFO     mem_cmp 0x46FC0000 0x66FC0000 0x00010000 4
[2022-12-19 12:15:29] INFO     mem_cmp 0x477C0000 0x677C0000 0x00010000 4
[2022-12-19 12:15:35] INFO     mem_cmp 0x47FC0000 0x67FC0000 0x00010000 4
[2022-12-19 12:15:42] INFO     mem_cmp 0x487C0000 0x687C0000 0x00010000 4
[2022-12-19 12:15:48] INFO     mem_cmp 0x48FC0000 0x68FC0000 0x00010000 4
[2022-12-19 12:15:55] INFO     mem_cmp 0x497C0000 0x697C0000 0x00010000 4
[2022-12-19 12:16:01] INFO     mem_cmp 0x49FC0000 0x69FC0000 0x00010000 4
[2022-12-19 12:16:08] INFO     mem_cmp 0x4A7C0000 0x6A7C0000 0x00010000 4
[2022-12-19 12:16:14] INFO     mem_cmp 0x4AFC0000 0x6AFC0000 0x00010000 4
[2022-12-19 12:16:21] INFO     mem_cmp 0x4B7C0000 0x6B7C0000 0x00010000 4
[2022-12-19 12:16:27] INFO     mem_cmp 0x4BFC0000 0x6BFC0000 0x00010000 4
[2022-12-19 12:16:34] INFO     mem_cmp 0x4C7C0000 0x6C7C0000 0x00010000 4
[2022-12-19 12:16:40] INFO     mem_cmp 0x4CFC0000 0x6CFC0000 0x00010000 4
[2022-12-19 12:16:47] INFO     mem_cmp 0x4D7C0000 0x6D7C0000 0x00010000 4
[2022-12-19 12:16:53] INFO     mem_cmp 0x4DFC0000 0x6DFC0000 0x00010000 4
[2022-12-19 12:17:00] INFO     mem_cmp 0x4E7C0000 0x6E7C0000 0x00010000 4
[2022-12-19 12:17:06] INFO     mem_cmp 0x4EFC0000 0x6EFC0000 0x00010000 4
[2022-12-19 12:17:13] INFO     mem_cmp 0x4F7C0000 0x6F7C0000 0x00010000 4
[2022-12-19 12:17:19] INFO     mem_cmp 0x4FFC0000 0x6FFC0000 0x00010000 4
[2022-12-19 12:17:25] INFO     mem_cmp 0x507C0000 0x707C0000 0x00010000 4
[2022-12-19 12:17:32] INFO     mem_cmp 0x50FC0000 0x70FC0000 0x00010000 4
[2022-12-19 12:17:39] INFO     mem_cmp 0x517C0000 0x717C0000 0x00010000 4
[2022-12-19 12:17:45] INFO     mem_cmp 0x51FC0000 0x71FC0000 0x00010000 4
[2022-12-19 12:17:52] INFO     mem_cmp 0x527C0000 0x727C0000 0x00010000 4
[2022-12-19 12:17:58] INFO     mem_cmp 0x52FC0000 0x72FC0000 0x00010000 4
[2022-12-19 12:18:05] INFO     mem_cmp 0x537C0000 0x737C0000 0x00010000 4
[2022-12-19 12:18:11] INFO     mem_cmp 0x53FC0000 0x73FC0000 0x00010000 4
[2022-12-19 12:18:18] INFO     mem_cmp 0x547C0000 0x747C0000 0x00010000 4
[2022-12-19 12:18:24] INFO     mem_cmp 0x54FC0000 0x74FC0000 0x00010000 4
[2022-12-19 12:18:31] INFO     mem_cmp 0x557C0000 0x757C0000 0x00010000 4
[2022-12-19 12:18:37] INFO     mem_cmp 0x55FC0000 0x75FC0000 0x00010000 4
[2022-12-19 12:18:43] INFO     mem_cmp 0x567C0000 0x767C0000 0x00010000 4
[2022-12-19 12:18:50] INFO     mem_cmp 0x56FC0000 0x76FC0000 0x00010000 4
[2022-12-19 12:18:56] INFO     mem_cmp 0x577C0000 0x777C0000 0x00010000 4
[2022-12-19 12:19:03] INFO     mem_cmp 0x57FC0000 0x77FC0000 0x00010000 4
[2022-12-19 12:19:09] INFO     mem_cmp 0x587C0000 0x787C0000 0x00010000 4
[2022-12-19 12:19:16] INFO     mem_cmp 0x58FC0000 0x78FC0000 0x00010000 4
[2022-12-19 12:19:22] INFO     mem_cmp 0x597C0000 0x797C0000 0x00010000 4
[2022-12-19 12:19:29] INFO     mem_cmp 0x59FC0000 0x79FC0000 0x00010000 4
[2022-12-19 12:19:36] INFO     mem_cmp 0x5A7C0000 0x7A7C0000 0x00010000 4
[2022-12-19 12:19:43] INFO     mem_cmp 0x5AFC0000 0x7AFC0000 0x00010000 4
[2022-12-19 12:19:49] INFO     mem_cmp 0x5B7C0000 0x7B7C0000 0x00010000 4
[2022-12-19 12:19:56] INFO     mem_cmp 0x5BFC0000 0x7BFC0000 0x00010000 4
[2022-12-19 12:20:02] INFO     mem_cmp 0x5C7C0000 0x7C7C0000 0x00010000 4
[2022-12-19 12:20:08] INFO     mem_cmp 0x5CFC0000 0x7CFC0000 0x00010000 4
[2022-12-19 12:20:15] INFO     mem_cmp 0x5D7C0000 0x7D7C0000 0x00010000 4
[2022-12-19 12:20:22] INFO     mem_cmp 0x5DFC0000 0x7DFC0000 0x00010000 4
[2022-12-19 12:20:28] INFO     mem_cmp 0x5E7C0000 0x7E7C0000 0x00010000 4
[2022-12-19 12:20:35] INFO     mem_cmp 0x5EFC0000 0x7EFC0000 0x00010000 4
[2022-12-19 12:20:41] INFO     mem_cmp 0x5F7C0000 0x7F7C0000 0x00010000 4
[2022-12-19 12:20:48] INFO     mem_cmp 0x5FFC0000 0x7FFC0000 0x00010000 4
[2022-12-19 12:20:48] INFO     STATE:Mem Compare State
[2022-12-19 12:20:54] INFO     mem_cmp 0x407C0000 0x607C0000 0x00010000 4
[2022-12-19 12:21:01] INFO     mem_cmp 0x40FC0000 0x60FC0000 0x00010000 4
[2022-12-19 12:21:07] INFO     mem_cmp 0x417C0000 0x617C0000 0x00010000 4
[2022-12-19 12:21:14] INFO     mem_cmp 0x41FC0000 0x61FC0000 0x00010000 4
[2022-12-19 12:21:21] INFO     mem_cmp 0x427C0000 0x627C0000 0x00010000 4
[2022-12-19 12:21:27] INFO     mem_cmp 0x42FC0000 0x62FC0000 0x00010000 4
[2022-12-19 12:21:33] INFO     mem_cmp 0x437C0000 0x637C0000 0x00010000 4
[2022-12-19 12:21:40] INFO     mem_cmp 0x43FC0000 0x63FC0000 0x00010000 4
[2022-12-19 12:21:46] INFO     mem_cmp 0x447C0000 0x647C0000 0x00010000 4
[2022-12-19 12:21:53] INFO     mem_cmp 0x44FC0000 0x64FC0000 0x00010000 4
[2022-12-19 12:21:59] INFO     mem_cmp 0x457C0000 0x657C0000 0x00010000 4
[2022-12-19 12:22:06] INFO     mem_cmp 0x45FC0000 0x65FC0000 0x00010000 4
[2022-12-19 12:22:12] INFO     mem_cmp 0x467C0000 0x667C0000 0x00010000 4
[2022-12-19 12:22:19] INFO     mem_cmp 0x46FC0000 0x66FC0000 0x00010000 4
[2022-12-19 12:22:25] INFO     mem_cmp 0x477C0000 0x677C0000 0x00010000 4
[2022-12-19 12:22:32] INFO     mem_cmp 0x47FC0000 0x67FC0000 0x00010000 4
[2022-12-19 12:22:38] INFO     mem_cmp 0x487C0000 0x687C0000 0x00010000 4
[2022-12-19 12:22:45] INFO     mem_cmp 0x48FC0000 0x68FC0000 0x00010000 4
[2022-12-19 12:22:51] INFO     mem_cmp 0x497C0000 0x697C0000 0x00010000 4
[2022-12-19 12:22:58] INFO     mem_cmp 0x49FC0000 0x69FC0000 0x00010000 4
[2022-12-19 12:23:04] INFO     mem_cmp 0x4A7C0000 0x6A7C0000 0x00010000 4
[2022-12-19 12:23:10] INFO     mem_cmp 0x4AFC0000 0x6AFC0000 0x00010000 4
[2022-12-19 12:23:17] INFO     mem_cmp 0x4B7C0000 0x6B7C0000 0x00010000 4
[2022-12-19 12:23:24] INFO     mem_cmp 0x4BFC0000 0x6BFC0000 0x00010000 4
[2022-12-19 12:23:30] INFO     mem_cmp 0x4C7C0000 0x6C7C0000 0x00010000 4
[2022-12-19 12:23:37] INFO     mem_cmp 0x4CFC0000 0x6CFC0000 0x00010000 4
[2022-12-19 12:23:43] INFO     mem_cmp 0x4D7C0000 0x6D7C0000 0x00010000 4
[2022-12-19 12:23:50] INFO     mem_cmp 0x4DFC0000 0x6DFC0000 0x00010000 4
[2022-12-19 12:23:56] INFO     mem_cmp 0x4E7C0000 0x6E7C0000 0x00010000 4
[2022-12-19 12:24:03] INFO     mem_cmp 0x4EFC0000 0x6EFC0000 0x00010000 4
[2022-12-19 12:24:09] INFO     mem_cmp 0x4F7C0000 0x6F7C0000 0x00010000 4
[2022-12-19 12:24:16] INFO     mem_cmp 0x4FFC0000 0x6FFC0000 0x00010000 4
[2022-12-19 12:24:23] INFO     mem_cmp 0x507C0000 0x707C0000 0x00010000 4
[2022-12-19 12:24:30] INFO     mem_cmp 0x50FC0000 0x70FC0000 0x00010000 4
[2022-12-19 12:24:36] INFO     mem_cmp 0x517C0000 0x717C0000 0x00010000 4
[2022-12-19 12:24:43] INFO     mem_cmp 0x51FC0000 0x71FC0000 0x00010000 4
[2022-12-19 12:24:49] INFO     mem_cmp 0x527C0000 0x727C0000 0x00010000 4
[2022-12-19 12:24:56] INFO     mem_cmp 0x52FC0000 0x72FC0000 0x00010000 4
[2022-12-19 12:25:02] INFO     mem_cmp 0x537C0000 0x737C0000 0x00010000 4
[2022-12-19 12:25:09] INFO     mem_cmp 0x53FC0000 0x73FC0000 0x00010000 4
[2022-12-19 12:25:15] INFO     mem_cmp 0x547C0000 0x747C0000 0x00010000 4
[2022-12-19 12:25:22] INFO     mem_cmp 0x54FC0000 0x74FC0000 0x00010000 4
[2022-12-19 12:25:29] INFO     mem_cmp 0x557C0000 0x757C0000 0x00010000 4
[2022-12-19 12:25:35] INFO     mem_cmp 0x55FC0000 0x75FC0000 0x00010000 4
[2022-12-19 12:25:42] INFO     mem_cmp 0x567C0000 0x767C0000 0x00010000 4
[2022-12-19 12:25:48] INFO     mem_cmp 0x56FC0000 0x76FC0000 0x00010000 4
[2022-12-19 12:25:55] INFO     mem_cmp 0x577C0000 0x777C0000 0x00010000 4
[2022-12-19 12:26:01] INFO     mem_cmp 0x57FC0000 0x77FC0000 0x00010000 4
[2022-12-19 12:26:08] INFO     mem_cmp 0x587C0000 0x787C0000 0x00010000 4
[2022-12-19 12:26:15] INFO     mem_cmp 0x58FC0000 0x78FC0000 0x00010000 4
[2022-12-19 12:26:21] INFO     mem_cmp 0x597C0000 0x797C0000 0x00010000 4
[2022-12-19 12:26:27] INFO     mem_cmp 0x59FC0000 0x79FC0000 0x00010000 4
[2022-12-19 12:26:34] INFO     mem_cmp 0x5A7C0000 0x7A7C0000 0x00010000 4
[2022-12-19 12:26:40] INFO     mem_cmp 0x5AFC0000 0x7AFC0000 0x00010000 4
[2022-12-19 12:26:47] INFO     mem_cmp 0x5B7C0000 0x7B7C0000 0x00010000 4
[2022-12-19 12:26:54] INFO     mem_cmp 0x5BFC0000 0x7BFC0000 0x00010000 4
[2022-12-19 12:27:00] INFO     mem_cmp 0x5C7C0000 0x7C7C0000 0x00010000 4
[2022-12-19 12:27:06] INFO     mem_cmp 0x5CFC0000 0x7CFC0000 0x00010000 4
[2022-12-19 12:27:13] INFO     mem_cmp 0x5D7C0000 0x7D7C0000 0x00010000 4
[2022-12-19 12:27:19] INFO     mem_cmp 0x5DFC0000 0x7DFC0000 0x00010000 4
[2022-12-19 12:27:26] INFO     mem_cmp 0x5E7C0000 0x7E7C0000 0x00010000 4
[2022-12-19 12:27:33] INFO     mem_cmp 0x5EFC0000 0x7EFC0000 0x00010000 4
[2022-12-19 12:27:39] INFO     mem_cmp 0x5F7C0000 0x7F7C0000 0x00010000 4
[2022-12-19 12:27:46] INFO     mem_cmp 0x5FFC0000 0x7FFC0000 0x00010000 4
[2022-12-19 12:27:46] INFO     STATE:Mem Compare State
[2022-12-19 12:27:53] INFO     mem_cmp 0x407C0000 0x607C0000 0x00010000 4
[2022-12-19 12:27:59] INFO     mem_cmp 0x40FC0000 0x60FC0000 0x00010000 4
[2022-12-19 12:28:06] INFO     mem_cmp 0x417C0000 0x617C0000 0x00010000 4
[2022-12-19 12:28:12] INFO     mem_cmp 0x41FC0000 0x61FC0000 0x00010000 4
[2022-12-19 12:28:19] INFO     mem_cmp 0x427C0000 0x627C0000 0x00010000 4
[2022-12-19 12:28:25] INFO     mem_cmp 0x42FC0000 0x62FC0000 0x00010000 4
[2022-12-19 12:28:32] INFO     mem_cmp 0x437C0000 0x637C0000 0x00010000 4
[2022-12-19 12:28:38] INFO     mem_cmp 0x43FC0000 0x63FC0000 0x00010000 4
[2022-12-19 12:28:45] INFO     mem_cmp 0x447C0000 0x647C0000 0x00010000 4
[2022-12-19 12:28:51] INFO     mem_cmp 0x44FC0000 0x64FC0000 0x00010000 4
[2022-12-19 12:28:58] INFO     mem_cmp 0x457C0000 0x657C0000 0x00010000 4
[2022-12-19 12:29:04] INFO     mem_cmp 0x45FC0000 0x65FC0000 0x00010000 4
[2022-12-19 12:29:11] INFO     mem_cmp 0x467C0000 0x667C0000 0x00010000 4
[2022-12-19 12:29:17] INFO     mem_cmp 0x46FC0000 0x66FC0000 0x00010000 4
[2022-12-19 12:29:24] INFO     mem_cmp 0x477C0000 0x677C0000 0x00010000 4
[2022-12-19 12:29:30] INFO     mem_cmp 0x47FC0000 0x67FC0000 0x00010000 4
[2022-12-19 12:29:37] INFO     mem_cmp 0x487C0000 0x687C0000 0x00010000 4
[2022-12-19 12:29:44] INFO     mem_cmp 0x48FC0000 0x68FC0000 0x00010000 4
[2022-12-19 12:29:50] INFO     mem_cmp 0x497C0000 0x697C0000 0x00010000 4
[2022-12-19 12:29:57] INFO     mem_cmp 0x49FC0000 0x69FC0000 0x00010000 4
[2022-12-19 12:30:03] INFO     mem_cmp 0x4A7C0000 0x6A7C0000 0x00010000 4
[2022-12-19 12:30:10] INFO     mem_cmp 0x4AFC0000 0x6AFC0000 0x00010000 4
[2022-12-19 12:30:16] INFO     mem_cmp 0x4B7C0000 0x6B7C0000 0x00010000 4
[2022-12-19 12:30:23] INFO     mem_cmp 0x4BFC0000 0x6BFC0000 0x00010000 4
[2022-12-19 12:30:30] INFO     mem_cmp 0x4C7C0000 0x6C7C0000 0x00010000 4
[2022-12-19 12:30:36] INFO     mem_cmp 0x4CFC0000 0x6CFC0000 0x00010000 4
[2022-12-19 12:30:43] INFO     mem_cmp 0x4D7C0000 0x6D7C0000 0x00010000 4
[2022-12-19 12:30:49] INFO     mem_cmp 0x4DFC0000 0x6DFC0000 0x00010000 4
[2022-12-19 12:30:56] INFO     mem_cmp 0x4E7C0000 0x6E7C0000 0x00010000 4
[2022-12-19 12:31:02] INFO     mem_cmp 0x4EFC0000 0x6EFC0000 0x00010000 4
[2022-12-19 12:31:09] INFO     mem_cmp 0x4F7C0000 0x6F7C0000 0x00010000 4
[2022-12-19 12:31:15] INFO     mem_cmp 0x4FFC0000 0x6FFC0000 0x00010000 4
[2022-12-19 12:31:22] INFO     mem_cmp 0x507C0000 0x707C0000 0x00010000 4
[2022-12-19 12:31:28] INFO     mem_cmp 0x50FC0000 0x70FC0000 0x00010000 4
[2022-12-19 12:31:34] INFO     mem_cmp 0x517C0000 0x717C0000 0x00010000 4
[2022-12-19 12:31:41] INFO     mem_cmp 0x51FC0000 0x71FC0000 0x00010000 4
[2022-12-19 12:31:47] INFO     mem_cmp 0x527C0000 0x727C0000 0x00010000 4
[2022-12-19 12:31:54] INFO     mem_cmp 0x52FC0000 0x72FC0000 0x00010000 4
[2022-12-19 12:32:01] INFO     mem_cmp 0x537C0000 0x737C0000 0x00010000 4
[2022-12-19 12:32:07] INFO     mem_cmp 0x53FC0000 0x73FC0000 0x00010000 4
[2022-12-19 12:32:14] INFO     mem_cmp 0x547C0000 0x747C0000 0x00010000 4
[2022-12-19 12:32:21] INFO     mem_cmp 0x54FC0000 0x74FC0000 0x00010000 4
[2022-12-19 12:32:27] INFO     mem_cmp 0x557C0000 0x757C0000 0x00010000 4
[2022-12-19 12:32:34] INFO     mem_cmp 0x55FC0000 0x75FC0000 0x00010000 4
[2022-12-19 12:32:40] INFO     mem_cmp 0x567C0000 0x767C0000 0x00010000 4
[2022-12-19 12:32:47] INFO     mem_cmp 0x56FC0000 0x76FC0000 0x00010000 4
[2022-12-19 12:32:53] INFO     mem_cmp 0x577C0000 0x777C0000 0x00010000 4
[2022-12-19 12:33:00] INFO     mem_cmp 0x57FC0000 0x77FC0000 0x00010000 4
[2022-12-19 12:33:06] INFO     mem_cmp 0x587C0000 0x787C0000 0x00010000 4
[2022-12-19 12:33:13] INFO     mem_cmp 0x58FC0000 0x78FC0000 0x00010000 4
[2022-12-19 12:33:20] INFO     mem_cmp 0x597C0000 0x797C0000 0x00010000 4
[2022-12-19 12:33:26] INFO     mem_cmp 0x59FC0000 0x79FC0000 0x00010000 4
[2022-12-19 12:33:33] INFO     mem_cmp 0x5A7C0000 0x7A7C0000 0x00010000 4
[2022-12-19 12:33:39] INFO     mem_cmp 0x5AFC0000 0x7AFC0000 0x00010000 4
[2022-12-19 12:33:46] INFO     mem_cmp 0x5B7C0000 0x7B7C0000 0x00010000 4
[2022-12-19 12:33:52] INFO     mem_cmp 0x5BFC0000 0x7BFC0000 0x00010000 4
[2022-12-19 12:33:59] INFO     mem_cmp 0x5C7C0000 0x7C7C0000 0x00010000 4
[2022-12-19 12:34:05] INFO     mem_cmp 0x5CFC0000 0x7CFC0000 0x00010000 4
[2022-12-19 12:34:12] INFO     mem_cmp 0x5D7C0000 0x7D7C0000 0x00010000 4
[2022-12-19 12:34:18] INFO     mem_cmp 0x5DFC0000 0x7DFC0000 0x00010000 4
[2022-12-19 12:34:25] INFO     mem_cmp 0x5E7C0000 0x7E7C0000 0x00010000 4
[2022-12-19 12:34:31] INFO     mem_cmp 0x5EFC0000 0x7EFC0000 0x00010000 4
[2022-12-19 12:34:38] INFO     mem_cmp 0x5F7C0000 0x7F7C0000 0x00010000 4
[2022-12-19 12:34:44] INFO     mem_cmp 0x5FFC0000 0x7FFC0000 0x00010000 4
[2022-12-19 12:34:44] INFO     STATE:Mem Compare State
[2022-12-19 12:34:51] INFO     mem_cmp 0x407C0000 0x607C0000 0x00010000 4
[2022-12-19 12:34:58] INFO     mem_cmp 0x40FC0000 0x60FC0000 0x00010000 4
[2022-12-19 12:35:04] INFO     mem_cmp 0x417C0000 0x617C0000 0x00010000 4
[2022-12-19 12:35:11] INFO     mem_cmp 0x41FC0000 0x61FC0000 0x00010000 4
[2022-12-19 12:35:17] INFO     mem_cmp 0x427C0000 0x627C0000 0x00010000 4
[2022-12-19 12:35:24] INFO     mem_cmp 0x42FC0000 0x62FC0000 0x00010000 4
[2022-12-19 12:35:31] INFO     mem_cmp 0x437C0000 0x637C0000 0x00010000 4
[2022-12-19 12:35:37] INFO     mem_cmp 0x43FC0000 0x63FC0000 0x00010000 4
[2022-12-19 12:35:44] INFO     mem_cmp 0x447C0000 0x647C0000 0x00010000 4
[2022-12-19 12:35:50] INFO     mem_cmp 0x44FC0000 0x64FC0000 0x00010000 4
[2022-12-19 12:35:57] INFO     mem_cmp 0x457C0000 0x657C0000 0x00010000 4
[2022-12-19 12:36:03] INFO     mem_cmp 0x45FC0000 0x65FC0000 0x00010000 4
[2022-12-19 12:36:10] INFO     mem_cmp 0x467C0000 0x667C0000 0x00010000 4
[2022-12-19 12:36:16] INFO     mem_cmp 0x46FC0000 0x66FC0000 0x00010000 4
[2022-12-19 12:36:23] INFO     mem_cmp 0x477C0000 0x677C0000 0x00010000 4
[2022-12-19 12:36:29] INFO     mem_cmp 0x47FC0000 0x67FC0000 0x00010000 4
[2022-12-19 12:36:36] INFO     mem_cmp 0x487C0000 0x687C0000 0x00010000 4
[2022-12-19 12:36:42] INFO     mem_cmp 0x48FC0000 0x68FC0000 0x00010000 4
[2022-12-19 12:36:49] INFO     mem_cmp 0x497C0000 0x697C0000 0x00010000 4
[2022-12-19 12:36:55] INFO     mem_cmp 0x49FC0000 0x69FC0000 0x00010000 4
[2022-12-19 12:37:02] INFO     mem_cmp 0x4A7C0000 0x6A7C0000 0x00010000 4
[2022-12-19 12:37:09] INFO     mem_cmp 0x4AFC0000 0x6AFC0000 0x00010000 4
[2022-12-19 12:37:15] INFO     mem_cmp 0x4B7C0000 0x6B7C0000 0x00010000 4
[2022-12-19 12:37:22] INFO     mem_cmp 0x4BFC0000 0x6BFC0000 0x00010000 4
[2022-12-19 12:37:28] INFO     mem_cmp 0x4C7C0000 0x6C7C0000 0x00010000 4
[2022-12-19 12:37:35] INFO     mem_cmp 0x4CFC0000 0x6CFC0000 0x00010000 4
[2022-12-19 12:37:41] INFO     mem_cmp 0x4D7C0000 0x6D7C0000 0x00010000 4
[2022-12-19 12:37:47] INFO     mem_cmp 0x4DFC0000 0x6DFC0000 0x00010000 4
[2022-12-19 12:37:54] INFO     mem_cmp 0x4E7C0000 0x6E7C0000 0x00010000 4
[2022-12-19 12:38:00] INFO     mem_cmp 0x4EFC0000 0x6EFC0000 0x00010000 4
[2022-12-19 12:38:07] INFO     mem_cmp 0x4F7C0000 0x6F7C0000 0x00010000 4
[2022-12-19 12:38:13] INFO     mem_cmp 0x4FFC0000 0x6FFC0000 0x00010000 4
[2022-12-19 12:38:20] INFO     mem_cmp 0x507C0000 0x707C0000 0x00010000 4
[2022-12-19 12:38:26] INFO     mem_cmp 0x50FC0000 0x70FC0000 0x00010000 4
[2022-12-19 12:38:33] INFO     mem_cmp 0x517C0000 0x717C0000 0x00010000 4
[2022-12-19 12:38:40] INFO     mem_cmp 0x51FC0000 0x71FC0000 0x00010000 4
[2022-12-19 12:38:46] INFO     mem_cmp 0x527C0000 0x727C0000 0x00010000 4
[2022-12-19 12:38:53] INFO     mem_cmp 0x52FC0000 0x72FC0000 0x00010000 4
[2022-12-19 12:38:59] INFO     mem_cmp 0x537C0000 0x737C0000 0x00010000 4
[2022-12-19 12:39:06] INFO     mem_cmp 0x53FC0000 0x73FC0000 0x00010000 4
[2022-12-19 12:39:12] INFO     mem_cmp 0x547C0000 0x747C0000 0x00010000 4
[2022-12-19 12:39:18] INFO     mem_cmp 0x54FC0000 0x74FC0000 0x00010000 4
[2022-12-19 12:39:25] INFO     mem_cmp 0x557C0000 0x757C0000 0x00010000 4
[2022-12-19 12:39:32] INFO     mem_cmp 0x55FC0000 0x75FC0000 0x00010000 4
[2022-12-19 12:39:38] INFO     mem_cmp 0x567C0000 0x767C0000 0x00010000 4
[2022-12-19 12:39:45] INFO     mem_cmp 0x56FC0000 0x76FC0000 0x00010000 4
[2022-12-19 12:39:51] INFO     mem_cmp 0x577C0000 0x777C0000 0x00010000 4
[2022-12-19 12:39:57] INFO     mem_cmp 0x57FC0000 0x77FC0000 0x00010000 4
[2022-12-19 12:40:04] INFO     mem_cmp 0x587C0000 0x787C0000 0x00010000 4
[2022-12-19 12:40:10] INFO     mem_cmp 0x58FC0000 0x78FC0000 0x00010000 4
[2022-12-19 12:40:17] INFO     mem_cmp 0x597C0000 0x797C0000 0x00010000 4
[2022-12-19 12:40:23] INFO     mem_cmp 0x59FC0000 0x79FC0000 0x00010000 4
[2022-12-19 12:40:30] INFO     mem_cmp 0x5A7C0000 0x7A7C0000 0x00010000 4
[2022-12-19 12:40:36] INFO     mem_cmp 0x5AFC0000 0x7AFC0000 0x00010000 4
[2022-12-19 12:40:43] INFO     mem_cmp 0x5B7C0000 0x7B7C0000 0x00010000 4
[2022-12-19 12:40:50] INFO     mem_cmp 0x5BFC0000 0x7BFC0000 0x00010000 4
[2022-12-19 12:40:56] INFO     mem_cmp 0x5C7C0000 0x7C7C0000 0x00010000 4
[2022-12-19 12:41:03] INFO     mem_cmp 0x5CFC0000 0x7CFC0000 0x00010000 4
[2022-12-19 12:41:09] INFO     mem_cmp 0x5D7C0000 0x7D7C0000 0x00010000 4
[2022-12-19 12:41:16] INFO     mem_cmp 0x5DFC0000 0x7DFC0000 0x00010000 4
[2022-12-19 12:41:23] INFO     mem_cmp 0x5E7C0000 0x7E7C0000 0x00010000 4
[2022-12-19 12:41:29] INFO     mem_cmp 0x5EFC0000 0x7EFC0000 0x00010000 4
[2022-12-19 12:41:36] INFO     mem_cmp 0x5F7C0000 0x7F7C0000 0x00010000 4
[2022-12-19 12:41:42] INFO     mem_cmp 0x5FFC0000 0x7FFC0000 0x00010000 4
[2022-12-19 12:41:42] INFO     STATE:Mem Compare State
[2022-12-19 12:41:49] INFO     mem_cmp 0x407C0000 0x607C0000 0x00010000 4
[2022-12-19 12:41:55] INFO     mem_cmp 0x40FC0000 0x60FC0000 0x00010000 4
[2022-12-19 12:42:02] INFO     mem_cmp 0x417C0000 0x617C0000 0x00010000 4
[2022-12-19 12:42:08] INFO     mem_cmp 0x41FC0000 0x61FC0000 0x00010000 4
[2022-12-19 12:42:15] INFO     mem_cmp 0x427C0000 0x627C0000 0x00010000 4
[2022-12-19 12:42:21] INFO     mem_cmp 0x42FC0000 0x62FC0000 0x00010000 4
[2022-12-19 12:42:28] INFO     mem_cmp 0x437C0000 0x637C0000 0x00010000 4
[2022-12-19 12:42:34] INFO     mem_cmp 0x43FC0000 0x63FC0000 0x00010000 4
[2022-12-19 12:42:41] INFO     mem_cmp 0x447C0000 0x647C0000 0x00010000 4
[2022-12-19 12:42:47] INFO     mem_cmp 0x44FC0000 0x64FC0000 0x00010000 4
[2022-12-19 12:42:54] INFO     mem_cmp 0x457C0000 0x657C0000 0x00010000 4
[2022-12-19 12:43:00] INFO     mem_cmp 0x45FC0000 0x65FC0000 0x00010000 4
[2022-12-19 12:43:07] INFO     mem_cmp 0x467C0000 0x667C0000 0x00010000 4
[2022-12-19 12:43:13] INFO     mem_cmp 0x46FC0000 0x66FC0000 0x00010000 4
[2022-12-19 12:43:20] INFO     mem_cmp 0x477C0000 0x677C0000 0x00010000 4
[2022-12-19 12:43:27] INFO     mem_cmp 0x47FC0000 0x67FC0000 0x00010000 4
[2022-12-19 12:43:33] INFO     mem_cmp 0x487C0000 0x687C0000 0x00010000 4
[2022-12-19 12:43:40] INFO     mem_cmp 0x48FC0000 0x68FC0000 0x00010000 4
[2022-12-19 12:43:47] INFO     mem_cmp 0x497C0000 0x697C0000 0x00010000 4
[2022-12-19 12:43:53] INFO     mem_cmp 0x49FC0000 0x69FC0000 0x00010000 4
[2022-12-19 12:43:59] INFO     mem_cmp 0x4A7C0000 0x6A7C0000 0x00010000 4
[2022-12-19 12:44:06] INFO     mem_cmp 0x4AFC0000 0x6AFC0000 0x00010000 4
[2022-12-19 12:44:13] INFO     mem_cmp 0x4B7C0000 0x6B7C0000 0x00010000 4
[2022-12-19 12:44:19] INFO     mem_cmp 0x4BFC0000 0x6BFC0000 0x00010000 4
[2022-12-19 12:44:26] INFO     mem_cmp 0x4C7C0000 0x6C7C0000 0x00010000 4
[2022-12-19 12:44:32] INFO     mem_cmp 0x4CFC0000 0x6CFC0000 0x00010000 4
[2022-12-19 12:44:39] INFO     mem_cmp 0x4D7C0000 0x6D7C0000 0x00010000 4
[2022-12-19 12:44:45] INFO     mem_cmp 0x4DFC0000 0x6DFC0000 0x00010000 4
[2022-12-19 12:44:52] INFO     mem_cmp 0x4E7C0000 0x6E7C0000 0x00010000 4
[2022-12-19 12:44:58] INFO     mem_cmp 0x4EFC0000 0x6EFC0000 0x00010000 4
[2022-12-19 12:45:05] INFO     mem_cmp 0x4F7C0000 0x6F7C0000 0x00010000 4
[2022-12-19 12:45:12] INFO     mem_cmp 0x4FFC0000 0x6FFC0000 0x00010000 4
[2022-12-19 12:45:18] INFO     mem_cmp 0x507C0000 0x707C0000 0x00010000 4
[2022-12-19 12:45:24] INFO     mem_cmp 0x50FC0000 0x70FC0000 0x00010000 4
[2022-12-19 12:45:31] INFO     mem_cmp 0x517C0000 0x717C0000 0x00010000 4
[2022-12-19 12:45:38] INFO     mem_cmp 0x51FC0000 0x71FC0000 0x00010000 4
[2022-12-19 12:45:44] INFO     mem_cmp 0x527C0000 0x727C0000 0x00010000 4
[2022-12-19 12:45:51] INFO     mem_cmp 0x52FC0000 0x72FC0000 0x00010000 4
[2022-12-19 12:45:57] INFO     mem_cmp 0x537C0000 0x737C0000 0x00010000 4
[2022-12-19 12:46:04] INFO     mem_cmp 0x53FC0000 0x73FC0000 0x00010000 4
[2022-12-19 12:46:10] INFO     mem_cmp 0x547C0000 0x747C0000 0x00010000 4
[2022-12-19 12:46:17] INFO     mem_cmp 0x54FC0000 0x74FC0000 0x00010000 4
[2022-12-19 12:46:23] INFO     mem_cmp 0x557C0000 0x757C0000 0x00010000 4
[2022-12-19 12:46:30] INFO     mem_cmp 0x55FC0000 0x75FC0000 0x00010000 4
[2022-12-19 12:46:36] INFO     mem_cmp 0x567C0000 0x767C0000 0x00010000 4
[2022-12-19 12:46:43] INFO     mem_cmp 0x56FC0000 0x76FC0000 0x00010000 4
[2022-12-19 12:46:49] INFO     mem_cmp 0x577C0000 0x777C0000 0x00010000 4
[2022-12-19 12:46:55] INFO     mem_cmp 0x57FC0000 0x77FC0000 0x00010000 4
[2022-12-19 12:47:02] INFO     mem_cmp 0x587C0000 0x787C0000 0x00010000 4
[2022-12-19 12:47:09] INFO     mem_cmp 0x58FC0000 0x78FC0000 0x00010000 4
[2022-12-19 12:47:15] INFO     mem_cmp 0x597C0000 0x797C0000 0x00010000 4
[2022-12-19 12:47:22] INFO     mem_cmp 0x59FC0000 0x79FC0000 0x00010000 4
[2022-12-19 12:47:28] INFO     mem_cmp 0x5A7C0000 0x7A7C0000 0x00010000 4
[2022-12-19 12:47:35] INFO     mem_cmp 0x5AFC0000 0x7AFC0000 0x00010000 4
[2022-12-19 12:47:42] INFO     mem_cmp 0x5B7C0000 0x7B7C0000 0x00010000 4
[2022-12-19 12:47:48] INFO     mem_cmp 0x5BFC0000 0x7BFC0000 0x00010000 4
[2022-12-19 12:47:55] INFO     mem_cmp 0x5C7C0000 0x7C7C0000 0x00010000 4
[2022-12-19 12:48:01] INFO     mem_cmp 0x5CFC0000 0x7CFC0000 0x00010000 4
[2022-12-19 12:48:07] INFO     mem_cmp 0x5D7C0000 0x7D7C0000 0x00010000 4
[2022-12-19 12:48:14] INFO     mem_cmp 0x5DFC0000 0x7DFC0000 0x00010000 4
[2022-12-19 12:48:21] INFO     mem_cmp 0x5E7C0000 0x7E7C0000 0x00010000 4
[2022-12-19 12:48:27] INFO     mem_cmp 0x5EFC0000 0x7EFC0000 0x00010000 4
[2022-12-19 12:48:34] INFO     mem_cmp 0x5F7C0000 0x7F7C0000 0x00010000 4
[2022-12-19 12:48:40] INFO     mem_cmp 0x5FFC0000 0x7FFC0000 0x00010000 4
[2022-12-19 12:48:41] INFO     STATE:Mem Compare State
[2022-12-19 12:48:47] INFO     mem_cmp 0x407C0000 0x607C0000 0x00010000 4
[2022-12-19 12:48:54] INFO     mem_cmp 0x40FC0000 0x60FC0000 0x00010000 4
[2022-12-19 12:49:00] INFO     mem_cmp 0x417C0000 0x617C0000 0x00010000 4
[2022-12-19 12:49:07] INFO     mem_cmp 0x41FC0000 0x61FC0000 0x00010000 4
[2022-12-19 12:49:13] INFO     mem_cmp 0x427C0000 0x627C0000 0x00010000 4
[2022-12-19 12:49:20] INFO     mem_cmp 0x42FC0000 0x62FC0000 0x00010000 4
[2022-12-19 12:49:26] INFO     mem_cmp 0x437C0000 0x637C0000 0x00010000 4
[2022-12-19 12:49:33] INFO     mem_cmp 0x43FC0000 0x63FC0000 0x00010000 4
[2022-12-19 12:49:39] INFO     mem_cmp 0x447C0000 0x647C0000 0x00010000 4
[2022-12-19 12:49:46] INFO     mem_cmp 0x44FC0000 0x64FC0000 0x00010000 4
[2022-12-19 12:49:52] INFO     mem_cmp 0x457C0000 0x657C0000 0x00010000 4
[2022-12-19 12:49:59] INFO     mem_cmp 0x45FC0000 0x65FC0000 0x00010000 4
[2022-12-19 12:50:06] INFO     mem_cmp 0x467C0000 0x667C0000 0x00010000 4
[2022-12-19 12:50:12] INFO     mem_cmp 0x46FC0000 0x66FC0000 0x00010000 4
[2022-12-19 12:50:18] INFO     mem_cmp 0x477C0000 0x677C0000 0x00010000 4
[2022-12-19 12:50:25] INFO     mem_cmp 0x47FC0000 0x67FC0000 0x00010000 4
[2022-12-19 12:50:31] INFO     mem_cmp 0x487C0000 0x687C0000 0x00010000 4
[2022-12-19 12:50:38] INFO     mem_cmp 0x48FC0000 0x68FC0000 0x00010000 4
[2022-12-19 12:50:44] INFO     mem_cmp 0x497C0000 0x697C0000 0x00010000 4
[2022-12-19 12:50:51] INFO     mem_cmp 0x49FC0000 0x69FC0000 0x00010000 4
[2022-12-19 12:50:57] INFO     mem_cmp 0x4A7C0000 0x6A7C0000 0x00010000 4
[2022-12-19 12:51:04] INFO     mem_cmp 0x4AFC0000 0x6AFC0000 0x00010000 4
[2022-12-19 12:51:10] INFO     mem_cmp 0x4B7C0000 0x6B7C0000 0x00010000 4
[2022-12-19 12:51:17] INFO     mem_cmp 0x4BFC0000 0x6BFC0000 0x00010000 4
[2022-12-19 12:51:23] INFO     mem_cmp 0x4C7C0000 0x6C7C0000 0x00010000 4
[2022-12-19 12:51:30] INFO     mem_cmp 0x4CFC0000 0x6CFC0000 0x00010000 4
[2022-12-19 12:51:36] INFO     mem_cmp 0x4D7C0000 0x6D7C0000 0x00010000 4
[2022-12-19 12:51:43] INFO     mem_cmp 0x4DFC0000 0x6DFC0000 0x00010000 4
[2022-12-19 12:51:49] INFO     mem_cmp 0x4E7C0000 0x6E7C0000 0x00010000 4
[2022-12-19 12:51:56] INFO     mem_cmp 0x4EFC0000 0x6EFC0000 0x00010000 4
[2022-12-19 12:52:03] INFO     mem_cmp 0x4F7C0000 0x6F7C0000 0x00010000 4
[2022-12-19 12:52:09] INFO     mem_cmp 0x4FFC0000 0x6FFC0000 0x00010000 4
[2022-12-19 12:52:16] INFO     mem_cmp 0x507C0000 0x707C0000 0x00010000 4
[2022-12-19 12:52:22] INFO     mem_cmp 0x50FC0000 0x70FC0000 0x00010000 4
[2022-12-19 12:52:29] INFO     mem_cmp 0x517C0000 0x717C0000 0x00010000 4
[2022-12-19 12:52:35] INFO     mem_cmp 0x51FC0000 0x71FC0000 0x00010000 4
[2022-12-19 12:52:42] INFO     mem_cmp 0x527C0000 0x727C0000 0x00010000 4
[2022-12-19 12:52:48] INFO     mem_cmp 0x52FC0000 0x72FC0000 0x00010000 4
[2022-12-19 12:52:55] INFO     mem_cmp 0x537C0000 0x737C0000 0x00010000 4
[2022-12-19 12:53:02] INFO     mem_cmp 0x53FC0000 0x73FC0000 0x00010000 4
[2022-12-19 12:53:08] INFO     mem_cmp 0x547C0000 0x747C0000 0x00010000 4
[2022-12-19 12:53:15] INFO     mem_cmp 0x54FC0000 0x74FC0000 0x00010000 4
[2022-12-19 12:53:21] INFO     mem_cmp 0x557C0000 0x757C0000 0x00010000 4
[2022-12-19 12:53:27] INFO     mem_cmp 0x55FC0000 0x75FC0000 0x00010000 4
[2022-12-19 12:53:34] INFO     mem_cmp 0x567C0000 0x767C0000 0x00010000 4
[2022-12-19 12:53:40] INFO     mem_cmp 0x56FC0000 0x76FC0000 0x00010000 4
[2022-12-19 12:53:47] INFO     mem_cmp 0x577C0000 0x777C0000 0x00010000 4
[2022-12-19 12:53:54] INFO     mem_cmp 0x57FC0000 0x77FC0000 0x00010000 4
[2022-12-19 12:54:00] INFO     mem_cmp 0x587C0000 0x787C0000 0x00010000 4
[2022-12-19 12:54:07] INFO     mem_cmp 0x58FC0000 0x78FC0000 0x00010000 4
[2022-12-19 12:54:13] INFO     mem_cmp 0x597C0000 0x797C0000 0x00010000 4
[2022-12-19 12:54:20] INFO     mem_cmp 0x59FC0000 0x79FC0000 0x00010000 4
[2022-12-19 12:54:26] INFO     mem_cmp 0x5A7C0000 0x7A7C0000 0x00010000 4
[2022-12-19 12:54:33] INFO     mem_cmp 0x5AFC0000 0x7AFC0000 0x00010000 4
[2022-12-19 12:54:39] INFO     mem_cmp 0x5B7C0000 0x7B7C0000 0x00010000 4
[2022-12-19 12:54:46] INFO     mem_cmp 0x5BFC0000 0x7BFC0000 0x00010000 4
[2022-12-19 12:54:52] INFO     mem_cmp 0x5C7C0000 0x7C7C0000 0x00010000 4
[2022-12-19 12:54:59] INFO     mem_cmp 0x5CFC0000 0x7CFC0000 0x00010000 4
[2022-12-19 12:55:06] INFO     mem_cmp 0x5D7C0000 0x7D7C0000 0x00010000 4
[2022-12-19 12:55:12] INFO     mem_cmp 0x5DFC0000 0x7DFC0000 0x00010000 4
[2022-12-19 12:55:19] INFO     mem_cmp 0x5E7C0000 0x7E7C0000 0x00010000 4
[2022-12-19 12:55:25] INFO     mem_cmp 0x5EFC0000 0x7EFC0000 0x00010000 4
[2022-12-19 12:55:32] INFO     mem_cmp 0x5F7C0000 0x7F7C0000 0x00010000 4
[2022-12-19 12:55:38] INFO     mem_cmp 0x5FFC0000 0x7FFC0000 0x00010000 4
[2022-12-19 12:55:39] INFO     STATE:Mem Compare State
[2022-12-19 12:55:45] INFO     mem_cmp 0x407C0000 0x607C0000 0x00010000 4
[2022-12-19 12:55:52] INFO     mem_cmp 0x40FC0000 0x60FC0000 0x00010000 4
[2022-12-19 12:55:58] INFO     mem_cmp 0x417C0000 0x617C0000 0x00010000 4
[2022-12-19 12:56:05] INFO     mem_cmp 0x41FC0000 0x61FC0000 0x00010000 4
[2022-12-19 12:56:11] INFO     mem_cmp 0x427C0000 0x627C0000 0x00010000 4
[2022-12-19 12:56:18] INFO     mem_cmp 0x42FC0000 0x62FC0000 0x00010000 4
[2022-12-19 12:56:24] INFO     mem_cmp 0x437C0000 0x637C0000 0x00010000 4
[2022-12-19 12:56:31] INFO     mem_cmp 0x43FC0000 0x63FC0000 0x00010000 4
[2022-12-19 12:56:38] INFO     mem_cmp 0x447C0000 0x647C0000 0x00010000 4
[2022-12-19 12:56:44] INFO     mem_cmp 0x44FC0000 0x64FC0000 0x00010000 4
[2022-12-19 12:56:51] INFO     mem_cmp 0x457C0000 0x657C0000 0x00010000 4
[2022-12-19 12:56:57] INFO     mem_cmp 0x45FC0000 0x65FC0000 0x00010000 4
[2022-12-19 12:57:03] INFO     mem_cmp 0x467C0000 0x667C0000 0x00010000 4
[2022-12-19 12:57:10] INFO     mem_cmp 0x46FC0000 0x66FC0000 0x00010000 4
[2022-12-19 12:57:16] INFO     mem_cmp 0x477C0000 0x677C0000 0x00010000 4
[2022-12-19 12:57:23] INFO     mem_cmp 0x47FC0000 0x67FC0000 0x00010000 4
[2022-12-19 12:57:30] INFO     mem_cmp 0x487C0000 0x687C0000 0x00010000 4
[2022-12-19 12:57:36] INFO     mem_cmp 0x48FC0000 0x68FC0000 0x00010000 4
[2022-12-19 12:57:43] INFO     mem_cmp 0x497C0000 0x697C0000 0x00010000 4
[2022-12-19 12:57:50] INFO     mem_cmp 0x49FC0000 0x69FC0000 0x00010000 4
[2022-12-19 12:57:56] INFO     mem_cmp 0x4A7C0000 0x6A7C0000 0x00010000 4
[2022-12-19 12:58:03] INFO     mem_cmp 0x4AFC0000 0x6AFC0000 0x00010000 4
[2022-12-19 12:58:09] INFO     mem_cmp 0x4B7C0000 0x6B7C0000 0x00010000 4
[2022-12-19 12:58:16] INFO     mem_cmp 0x4BFC0000 0x6BFC0000 0x00010000 4
[2022-12-19 12:58:22] INFO     mem_cmp 0x4C7C0000 0x6C7C0000 0x00010000 4
[2022-12-19 12:58:29] INFO     mem_cmp 0x4CFC0000 0x6CFC0000 0x00010000 4
[2022-12-19 12:58:35] INFO     mem_cmp 0x4D7C0000 0x6D7C0000 0x00010000 4
[2022-12-19 12:58:42] INFO     mem_cmp 0x4DFC0000 0x6DFC0000 0x00010000 4
[2022-12-19 12:58:48] INFO     mem_cmp 0x4E7C0000 0x6E7C0000 0x00010000 4
[2022-12-19 12:58:55] INFO     mem_cmp 0x4EFC0000 0x6EFC0000 0x00010000 4
[2022-12-19 12:59:01] INFO     mem_cmp 0x4F7C0000 0x6F7C0000 0x00010000 4
[2022-12-19 12:59:08] INFO     mem_cmp 0x4FFC0000 0x6FFC0000 0x00010000 4
[2022-12-19 12:59:15] INFO     mem_cmp 0x507C0000 0x707C0000 0x00010000 4
[2022-12-19 12:59:21] INFO     mem_cmp 0x50FC0000 0x70FC0000 0x00010000 4
[2022-12-19 12:59:28] INFO     mem_cmp 0x517C0000 0x717C0000 0x00010000 4
[2022-12-19 12:59:34] INFO     mem_cmp 0x51FC0000 0x71FC0000 0x00010000 4
[2022-12-19 12:59:41] INFO     mem_cmp 0x527C0000 0x727C0000 0x00010000 4
[2022-12-19 12:59:47] INFO     mem_cmp 0x52FC0000 0x72FC0000 0x00010000 4
[2022-12-19 12:59:54] INFO     mem_cmp 0x537C0000 0x737C0000 0x00010000 4
[2022-12-19 13:00:00] INFO     mem_cmp 0x53FC0000 0x73FC0000 0x00010000 4
[2022-12-19 13:00:07] INFO     mem_cmp 0x547C0000 0x747C0000 0x00010000 4
[2022-12-19 13:00:13] INFO     mem_cmp 0x54FC0000 0x74FC0000 0x00010000 4
[2022-12-19 13:00:20] INFO     mem_cmp 0x557C0000 0x757C0000 0x00010000 4
[2022-12-19 13:00:26] INFO     mem_cmp 0x55FC0000 0x75FC0000 0x00010000 4
[2022-12-19 13:00:32] INFO     mem_cmp 0x567C0000 0x767C0000 0x00010000 4
[2022-12-19 13:00:39] INFO     mem_cmp 0x56FC0000 0x76FC0000 0x00010000 4
[2022-12-19 13:00:46] INFO     mem_cmp 0x577C0000 0x777C0000 0x00010000 4
[2022-12-19 13:00:52] INFO     mem_cmp 0x57FC0000 0x77FC0000 0x00010000 4
[2022-12-19 13:00:59] INFO     mem_cmp 0x587C0000 0x787C0000 0x00010000 4
[2022-12-19 13:01:05] INFO     mem_cmp 0x58FC0000 0x78FC0000 0x00010000 4
[2022-12-19 13:01:12] INFO     mem_cmp 0x597C0000 0x797C0000 0x00010000 4
[2022-12-19 13:01:18] INFO     mem_cmp 0x59FC0000 0x79FC0000 0x00010000 4
[2022-12-19 13:01:25] INFO     mem_cmp 0x5A7C0000 0x7A7C0000 0x00010000 4
[2022-12-19 13:01:31] INFO     mem_cmp 0x5AFC0000 0x7AFC0000 0x00010000 4
[2022-12-19 13:01:38] INFO     mem_cmp 0x5B7C0000 0x7B7C0000 0x00010000 4
[2022-12-19 13:01:44] INFO     mem_cmp 0x5BFC0000 0x7BFC0000 0x00010000 4
[2022-12-19 13:01:51] INFO     mem_cmp 0x5C7C0000 0x7C7C0000 0x00010000 4
[2022-12-19 13:01:58] INFO     mem_cmp 0x5CFC0000 0x7CFC0000 0x00010000 4
[2022-12-19 13:02:04] INFO     mem_cmp 0x5D7C0000 0x7D7C0000 0x00010000 4
[2022-12-19 13:02:11] INFO     mem_cmp 0x5DFC0000 0x7DFC0000 0x00010000 4
[2022-12-19 13:02:18] INFO     mem_cmp 0x5E7C0000 0x7E7C0000 0x00010000 4
[2022-12-19 13:02:24] INFO     mem_cmp 0x5EFC0000 0x7EFC0000 0x00010000 4
[2022-12-19 13:02:31] INFO     mem_cmp 0x5F7C0000 0x7F7C0000 0x00010000 4
[2022-12-19 13:02:37] INFO     mem_cmp 0x5FFC0000 0x7FFC0000 0x00010000 4
[2022-12-19 13:02:37] INFO     STATE:Mem Compare State
[2022-12-19 13:02:44] INFO     mem_cmp 0x407C0000 0x607C0000 0x00010000 4
[2022-12-19 13:02:50] INFO     mem_cmp 0x40FC0000 0x60FC0000 0x00010000 4
[2022-12-19 13:02:56] INFO     mem_cmp 0x417C0000 0x617C0000 0x00010000 4
[2022-12-19 13:03:03] INFO     mem_cmp 0x41FC0000 0x61FC0000 0x00010000 4
[2022-12-19 13:03:09] INFO     mem_cmp 0x427C0000 0x627C0000 0x00010000 4
[2022-12-19 13:03:16] INFO     mem_cmp 0x42FC0000 0x62FC0000 0x00010000 4
[2022-12-19 13:03:23] INFO     mem_cmp 0x437C0000 0x637C0000 0x00010000 4
[2022-12-19 13:03:29] INFO     mem_cmp 0x43FC0000 0x63FC0000 0x00010000 4
[2022-12-19 13:03:36] INFO     mem_cmp 0x447C0000 0x647C0000 0x00010000 4
[2022-12-19 13:03:42] INFO     mem_cmp 0x44FC0000 0x64FC0000 0x00010000 4
[2022-12-19 13:03:49] INFO     mem_cmp 0x457C0000 0x657C0000 0x00010000 4
[2022-12-19 13:03:55] INFO     mem_cmp 0x45FC0000 0x65FC0000 0x00010000 4
[2022-12-19 13:04:02] INFO     mem_cmp 0x467C0000 0x667C0000 0x00010000 4
[2022-12-19 13:04:08] INFO     mem_cmp 0x46FC0000 0x66FC0000 0x00010000 4
[2022-12-19 13:04:14] INFO     mem_cmp 0x477C0000 0x677C0000 0x00010000 4
[2022-12-19 13:04:21] INFO     mem_cmp 0x47FC0000 0x67FC0000 0x00010000 4
[2022-12-19 13:04:28] INFO     mem_cmp 0x487C0000 0x687C0000 0x00010000 4
[2022-12-19 13:04:34] INFO     mem_cmp 0x48FC0000 0x68FC0000 0x00010000 4
[2022-12-19 13:04:40] INFO     mem_cmp 0x497C0000 0x697C0000 0x00010000 4
[2022-12-19 13:04:47] INFO     mem_cmp 0x49FC0000 0x69FC0000 0x00010000 4
[2022-12-19 13:04:53] INFO     mem_cmp 0x4A7C0000 0x6A7C0000 0x00010000 4
[2022-12-19 13:04:59] INFO     mem_cmp 0x4AFC0000 0x6AFC0000 0x00010000 4
[2022-12-19 13:05:06] INFO     mem_cmp 0x4B7C0000 0x6B7C0000 0x00010000 4
[2022-12-19 13:05:12] INFO     mem_cmp 0x4BFC0000 0x6BFC0000 0x00010000 4
[2022-12-19 13:05:19] INFO     mem_cmp 0x4C7C0000 0x6C7C0000 0x00010000 4
[2022-12-19 13:05:25] INFO     mem_cmp 0x4CFC0000 0x6CFC0000 0x00010000 4
[2022-12-19 13:05:32] INFO     mem_cmp 0x4D7C0000 0x6D7C0000 0x00010000 4
[2022-12-19 13:05:38] INFO     mem_cmp 0x4DFC0000 0x6DFC0000 0x00010000 4
[2022-12-19 13:05:45] INFO     mem_cmp 0x4E7C0000 0x6E7C0000 0x00010000 4
[2022-12-19 13:05:51] INFO     mem_cmp 0x4EFC0000 0x6EFC0000 0x00010000 4
[2022-12-19 13:05:58] INFO     mem_cmp 0x4F7C0000 0x6F7C0000 0x00010000 4
[2022-12-19 13:06:04] INFO     mem_cmp 0x4FFC0000 0x6FFC0000 0x00010000 4
[2022-12-19 13:06:11] INFO     mem_cmp 0x507C0000 0x707C0000 0x00010000 4
[2022-12-19 13:06:17] INFO     mem_cmp 0x50FC0000 0x70FC0000 0x00010000 4
[2022-12-19 13:06:24] INFO     mem_cmp 0x517C0000 0x717C0000 0x00010000 4
[2022-12-19 13:06:30] INFO     mem_cmp 0x51FC0000 0x71FC0000 0x00010000 4
[2022-12-19 13:06:37] INFO     mem_cmp 0x527C0000 0x727C0000 0x00010000 4
[2022-12-19 13:06:43] INFO     mem_cmp 0x52FC0000 0x72FC0000 0x00010000 4
[2022-12-19 13:06:50] INFO     mem_cmp 0x537C0000 0x737C0000 0x00010000 4
[2022-12-19 13:06:56] INFO     mem_cmp 0x53FC0000 0x73FC0000 0x00010000 4
[2022-12-19 13:07:03] INFO     mem_cmp 0x547C0000 0x747C0000 0x00010000 4
[2022-12-19 13:07:09] INFO     mem_cmp 0x54FC0000 0x74FC0000 0x00010000 4
[2022-12-19 13:07:16] INFO     mem_cmp 0x557C0000 0x757C0000 0x00010000 4
[2022-12-19 13:07:23] INFO     mem_cmp 0x55FC0000 0x75FC0000 0x00010000 4
[2022-12-19 13:07:29] INFO     mem_cmp 0x567C0000 0x767C0000 0x00010000 4
[2022-12-19 13:07:36] INFO     mem_cmp 0x56FC0000 0x76FC0000 0x00010000 4
[2022-12-19 13:07:42] INFO     mem_cmp 0x577C0000 0x777C0000 0x00010000 4
[2022-12-19 13:07:49] INFO     mem_cmp 0x57FC0000 0x77FC0000 0x00010000 4
[2022-12-19 13:07:55] INFO     mem_cmp 0x587C0000 0x787C0000 0x00010000 4
[2022-12-19 13:08:02] INFO     mem_cmp 0x58FC0000 0x78FC0000 0x00010000 4
[2022-12-19 13:08:08] INFO     mem_cmp 0x597C0000 0x797C0000 0x00010000 4
[2022-12-19 13:08:15] INFO     mem_cmp 0x59FC0000 0x79FC0000 0x00010000 4
[2022-12-19 13:08:22] INFO     mem_cmp 0x5A7C0000 0x7A7C0000 0x00010000 4
[2022-12-19 13:08:28] INFO     mem_cmp 0x5AFC0000 0x7AFC0000 0x00010000 4
[2022-12-19 13:08:35] INFO     mem_cmp 0x5B7C0000 0x7B7C0000 0x00010000 4
[2022-12-19 13:08:42] INFO     mem_cmp 0x5BFC0000 0x7BFC0000 0x00010000 4
[2022-12-19 13:08:48] INFO     mem_cmp 0x5C7C0000 0x7C7C0000 0x00010000 4
[2022-12-19 13:08:55] INFO     mem_cmp 0x5CFC0000 0x7CFC0000 0x00010000 4
[2022-12-19 13:09:01] INFO     mem_cmp 0x5D7C0000 0x7D7C0000 0x00010000 4
[2022-12-19 13:09:08] INFO     mem_cmp 0x5DFC0000 0x7DFC0000 0x00010000 4
[2022-12-19 13:09:14] INFO     mem_cmp 0x5E7C0000 0x7E7C0000 0x00010000 4
[2022-12-19 13:09:21] INFO     mem_cmp 0x5EFC0000 0x7EFC0000 0x00010000 4
[2022-12-19 13:09:27] INFO     mem_cmp 0x5F7C0000 0x7F7C0000 0x00010000 4
[2022-12-19 13:09:34] INFO     mem_cmp 0x5FFC0000 0x7FFC0000 0x00010000 4
[2022-12-19 13:09:34] INFO     STATE:Mem Compare State
[2022-12-19 13:09:41] INFO     mem_cmp 0x407C0000 0x607C0000 0x00010000 4
[2022-12-19 13:09:48] INFO     mem_cmp 0x40FC0000 0x60FC0000 0x00010000 4
[2022-12-19 13:09:54] INFO     mem_cmp 0x417C0000 0x617C0000 0x00010000 4
[2022-12-19 13:10:01] INFO     mem_cmp 0x41FC0000 0x61FC0000 0x00010000 4
[2022-12-19 13:10:07] INFO     mem_cmp 0x427C0000 0x627C0000 0x00010000 4
[2022-12-19 13:10:14] INFO     mem_cmp 0x42FC0000 0x62FC0000 0x00010000 4
[2022-12-19 13:10:20] INFO     mem_cmp 0x437C0000 0x637C0000 0x00010000 4
[2022-12-19 13:10:27] INFO     mem_cmp 0x43FC0000 0x63FC0000 0x00010000 4
[2022-12-19 13:10:33] INFO     mem_cmp 0x447C0000 0x647C0000 0x00010000 4
[2022-12-19 13:10:40] INFO     mem_cmp 0x44FC0000 0x64FC0000 0x00010000 4
[2022-12-19 13:10:47] INFO     mem_cmp 0x457C0000 0x657C0000 0x00010000 4
[2022-12-19 13:10:53] INFO     mem_cmp 0x45FC0000 0x65FC0000 0x00010000 4
[2022-12-19 13:11:00] INFO     mem_cmp 0x467C0000 0x667C0000 0x00010000 4
[2022-12-19 13:11:06] INFO     mem_cmp 0x46FC0000 0x66FC0000 0x00010000 4
[2022-12-19 13:11:13] INFO     mem_cmp 0x477C0000 0x677C0000 0x00010000 4
[2022-12-19 13:11:19] INFO     mem_cmp 0x47FC0000 0x67FC0000 0x00010000 4
[2022-12-19 13:11:26] INFO     mem_cmp 0x487C0000 0x687C0000 0x00010000 4
[2022-12-19 13:11:32] INFO     mem_cmp 0x48FC0000 0x68FC0000 0x00010000 4
[2022-12-19 13:11:39] INFO     mem_cmp 0x497C0000 0x697C0000 0x00010000 4
[2022-12-19 13:11:45] INFO     mem_cmp 0x49FC0000 0x69FC0000 0x00010000 4
[2022-12-19 13:11:52] INFO     mem_cmp 0x4A7C0000 0x6A7C0000 0x00010000 4
[2022-12-19 13:11:58] INFO     mem_cmp 0x4AFC0000 0x6AFC0000 0x00010000 4
[2022-12-19 13:12:05] INFO     mem_cmp 0x4B7C0000 0x6B7C0000 0x00010000 4
[2022-12-19 13:12:12] INFO     mem_cmp 0x4BFC0000 0x6BFC0000 0x00010000 4
[2022-12-19 13:12:18] INFO     mem_cmp 0x4C7C0000 0x6C7C0000 0x00010000 4
[2022-12-19 13:12:25] INFO     mem_cmp 0x4CFC0000 0x6CFC0000 0x00010000 4
[2022-12-19 13:12:31] INFO     mem_cmp 0x4D7C0000 0x6D7C0000 0x00010000 4
[2022-12-19 13:12:38] INFO     mem_cmp 0x4DFC0000 0x6DFC0000 0x00010000 4
[2022-12-19 13:12:45] INFO     mem_cmp 0x4E7C0000 0x6E7C0000 0x00010000 4
[2022-12-19 13:12:51] INFO     mem_cmp 0x4EFC0000 0x6EFC0000 0x00010000 4
[2022-12-19 13:12:58] INFO     mem_cmp 0x4F7C0000 0x6F7C0000 0x00010000 4
[2022-12-19 13:13:05] INFO     mem_cmp 0x4FFC0000 0x6FFC0000 0x00010000 4
[2022-12-19 13:13:11] INFO     mem_cmp 0x507C0000 0x707C0000 0x00010000 4
[2022-12-19 13:13:18] INFO     mem_cmp 0x50FC0000 0x70FC0000 0x00010000 4
[2022-12-19 13:13:24] INFO     mem_cmp 0x517C0000 0x717C0000 0x00010000 4
[2022-12-19 13:13:31] INFO     mem_cmp 0x51FC0000 0x71FC0000 0x00010000 4
[2022-12-19 13:13:37] INFO     mem_cmp 0x527C0000 0x727C0000 0x00010000 4
[2022-12-19 13:13:44] INFO     mem_cmp 0x52FC0000 0x72FC0000 0x00010000 4
[2022-12-19 13:13:50] INFO     mem_cmp 0x537C0000 0x737C0000 0x00010000 4
[2022-12-19 13:13:57] INFO     mem_cmp 0x53FC0000 0x73FC0000 0x00010000 4
[2022-12-19 13:14:03] INFO     mem_cmp 0x547C0000 0x747C0000 0x00010000 4
[2022-12-19 13:14:09] INFO     mem_cmp 0x54FC0000 0x74FC0000 0x00010000 4
[2022-12-19 13:14:16] INFO     mem_cmp 0x557C0000 0x757C0000 0x00010000 4
[2022-12-19 13:14:22] INFO     mem_cmp 0x55FC0000 0x75FC0000 0x00010000 4
[2022-12-19 13:14:29] INFO     mem_cmp 0x567C0000 0x767C0000 0x00010000 4
[2022-12-19 13:14:35] INFO     mem_cmp 0x56FC0000 0x76FC0000 0x00010000 4
[2022-12-19 13:14:42] INFO     mem_cmp 0x577C0000 0x777C0000 0x00010000 4
[2022-12-19 13:14:48] INFO     mem_cmp 0x57FC0000 0x77FC0000 0x00010000 4
[2022-12-19 13:14:55] INFO     mem_cmp 0x587C0000 0x787C0000 0x00010000 4
[2022-12-19 13:15:02] INFO     mem_cmp 0x58FC0000 0x78FC0000 0x00010000 4
[2022-12-19 13:15:08] INFO     mem_cmp 0x597C0000 0x797C0000 0x00010000 4
[2022-12-19 13:15:15] INFO     mem_cmp 0x59FC0000 0x79FC0000 0x00010000 4
[2022-12-19 13:15:21] INFO     mem_cmp 0x5A7C0000 0x7A7C0000 0x00010000 4
[2022-12-19 13:15:28] INFO     mem_cmp 0x5AFC0000 0x7AFC0000 0x00010000 4
[2022-12-19 13:15:34] INFO     mem_cmp 0x5B7C0000 0x7B7C0000 0x00010000 4
[2022-12-19 13:15:41] INFO     mem_cmp 0x5BFC0000 0x7BFC0000 0x00010000 4
[2022-12-19 13:15:48] INFO     mem_cmp 0x5C7C0000 0x7C7C0000 0x00010000 4
[2022-12-19 13:15:54] INFO     mem_cmp 0x5CFC0000 0x7CFC0000 0x00010000 4
[2022-12-19 13:16:01] INFO     mem_cmp 0x5D7C0000 0x7D7C0000 0x00010000 4
[2022-12-19 13:16:07] INFO     mem_cmp 0x5DFC0000 0x7DFC0000 0x00010000 4
[2022-12-19 13:16:14] INFO     mem_cmp 0x5E7C0000 0x7E7C0000 0x00010000 4
[2022-12-19 13:16:20] INFO     mem_cmp 0x5EFC0000 0x7EFC0000 0x00010000 4
[2022-12-19 13:16:26] INFO     mem_cmp 0x5F7C0000 0x7F7C0000 0x00010000 4
[2022-12-19 13:16:33] INFO     mem_cmp 0x5FFC0000 0x7FFC0000 0x00010000 4
[2022-12-19 13:16:33] INFO     STATE:Mem Compare State
[2022-12-19 13:16:40] INFO     mem_cmp 0x407C0000 0x607C0000 0x00010000 4
[2022-12-19 13:16:46] INFO     mem_cmp 0x40FC0000 0x60FC0000 0x00010000 4
[2022-12-19 13:16:53] INFO     mem_cmp 0x417C0000 0x617C0000 0x00010000 4
[2022-12-19 13:16:59] INFO     mem_cmp 0x41FC0000 0x61FC0000 0x00010000 4
[2022-12-19 13:17:06] INFO     mem_cmp 0x427C0000 0x627C0000 0x00010000 4
[2022-12-19 13:17:12] INFO     mem_cmp 0x42FC0000 0x62FC0000 0x00010000 4
[2022-12-19 13:17:19] INFO     mem_cmp 0x437C0000 0x637C0000 0x00010000 4
[2022-12-19 13:17:25] INFO     mem_cmp 0x43FC0000 0x63FC0000 0x00010000 4
[2022-12-19 13:17:32] INFO     mem_cmp 0x447C0000 0x647C0000 0x00010000 4
[2022-12-19 13:17:39] INFO     mem_cmp 0x44FC0000 0x64FC0000 0x00010000 4
[2022-12-19 13:17:45] INFO     mem_cmp 0x457C0000 0x657C0000 0x00010000 4
[2022-12-19 13:17:51] INFO     mem_cmp 0x45FC0000 0x65FC0000 0x00010000 4
[2022-12-19 13:17:58] INFO     mem_cmp 0x467C0000 0x667C0000 0x00010000 4
[2022-12-19 13:18:05] INFO     mem_cmp 0x46FC0000 0x66FC0000 0x00010000 4
[2022-12-19 13:18:11] INFO     mem_cmp 0x477C0000 0x677C0000 0x00010000 4
[2022-12-19 13:18:17] INFO     mem_cmp 0x47FC0000 0x67FC0000 0x00010000 4
[2022-12-19 13:18:24] INFO     mem_cmp 0x487C0000 0x687C0000 0x00010000 4
[2022-12-19 13:18:31] INFO     mem_cmp 0x48FC0000 0x68FC0000 0x00010000 4
[2022-12-19 13:18:37] INFO     mem_cmp 0x497C0000 0x697C0000 0x00010000 4
[2022-12-19 13:18:44] INFO     mem_cmp 0x49FC0000 0x69FC0000 0x00010000 4
[2022-12-19 13:18:50] INFO     mem_cmp 0x4A7C0000 0x6A7C0000 0x00010000 4
[2022-12-19 13:18:57] INFO     mem_cmp 0x4AFC0000 0x6AFC0000 0x00010000 4
[2022-12-19 13:19:03] INFO     mem_cmp 0x4B7C0000 0x6B7C0000 0x00010000 4
[2022-12-19 13:19:10] INFO     mem_cmp 0x4BFC0000 0x6BFC0000 0x00010000 4
[2022-12-19 13:19:16] INFO     mem_cmp 0x4C7C0000 0x6C7C0000 0x00010000 4
[2022-12-19 13:19:23] INFO     mem_cmp 0x4CFC0000 0x6CFC0000 0x00010000 4
[2022-12-19 13:19:30] INFO     mem_cmp 0x4D7C0000 0x6D7C0000 0x00010000 4
[2022-12-19 13:19:36] INFO     mem_cmp 0x4DFC0000 0x6DFC0000 0x00010000 4
[2022-12-19 13:19:43] INFO     mem_cmp 0x4E7C0000 0x6E7C0000 0x00010000 4
[2022-12-19 13:19:49] INFO     mem_cmp 0x4EFC0000 0x6EFC0000 0x00010000 4
[2022-12-19 13:19:56] INFO     mem_cmp 0x4F7C0000 0x6F7C0000 0x00010000 4
[2022-12-19 13:20:02] INFO     mem_cmp 0x4FFC0000 0x6FFC0000 0x00010000 4
[2022-12-19 13:20:08] INFO     mem_cmp 0x507C0000 0x707C0000 0x00010000 4
[2022-12-19 13:20:15] INFO     mem_cmp 0x50FC0000 0x70FC0000 0x00010000 4
[2022-12-19 13:20:22] INFO     mem_cmp 0x517C0000 0x717C0000 0x00010000 4
[2022-12-19 13:20:28] INFO     mem_cmp 0x51FC0000 0x71FC0000 0x00010000 4
[2022-12-19 13:20:35] INFO     mem_cmp 0x527C0000 0x727C0000 0x00010000 4
[2022-12-19 13:20:41] INFO     mem_cmp 0x52FC0000 0x72FC0000 0x00010000 4
[2022-12-19 13:20:48] INFO     mem_cmp 0x537C0000 0x737C0000 0x00010000 4
[2022-12-19 13:20:54] INFO     mem_cmp 0x53FC0000 0x73FC0000 0x00010000 4
[2022-12-19 13:21:01] INFO     mem_cmp 0x547C0000 0x747C0000 0x00010000 4
[2022-12-19 13:21:07] INFO     mem_cmp 0x54FC0000 0x74FC0000 0x00010000 4
[2022-12-19 13:21:13] INFO     mem_cmp 0x557C0000 0x757C0000 0x00010000 4
[2022-12-19 13:21:20] INFO     mem_cmp 0x55FC0000 0x75FC0000 0x00010000 4
[2022-12-19 13:21:26] INFO     mem_cmp 0x567C0000 0x767C0000 0x00010000 4
[2022-12-19 13:21:33] INFO     mem_cmp 0x56FC0000 0x76FC0000 0x00010000 4
[2022-12-19 13:21:39] INFO     mem_cmp 0x577C0000 0x777C0000 0x00010000 4
[2022-12-19 13:21:46] INFO     mem_cmp 0x57FC0000 0x77FC0000 0x00010000 4
[2022-12-19 13:21:52] INFO     mem_cmp 0x587C0000 0x787C0000 0x00010000 4
[2022-12-19 13:21:59] INFO     mem_cmp 0x58FC0000 0x78FC0000 0x00010000 4
[2022-12-19 13:22:05] INFO     mem_cmp 0x597C0000 0x797C0000 0x00010000 4
[2022-12-19 13:22:12] INFO     mem_cmp 0x59FC0000 0x79FC0000 0x00010000 4
[2022-12-19 13:22:18] INFO     mem_cmp 0x5A7C0000 0x7A7C0000 0x00010000 4
[2022-12-19 13:22:25] INFO     mem_cmp 0x5AFC0000 0x7AFC0000 0x00010000 4
[2022-12-19 13:22:31] INFO     mem_cmp 0x5B7C0000 0x7B7C0000 0x00010000 4
[2022-12-19 13:22:38] INFO     mem_cmp 0x5BFC0000 0x7BFC0000 0x00010000 4
[2022-12-19 13:22:44] INFO     mem_cmp 0x5C7C0000 0x7C7C0000 0x00010000 4
[2022-12-19 13:22:51] INFO     mem_cmp 0x5CFC0000 0x7CFC0000 0x00010000 4
[2022-12-19 13:22:57] INFO     mem_cmp 0x5D7C0000 0x7D7C0000 0x00010000 4
[2022-12-19 13:23:04] INFO     mem_cmp 0x5DFC0000 0x7DFC0000 0x00010000 4
[2022-12-19 13:23:11] INFO     mem_cmp 0x5E7C0000 0x7E7C0000 0x00010000 4
[2022-12-19 13:23:17] INFO     mem_cmp 0x5EFC0000 0x7EFC0000 0x00010000 4
[2022-12-19 13:23:24] INFO     mem_cmp 0x5F7C0000 0x7F7C0000 0x00010000 4
[2022-12-19 13:23:31] INFO     mem_cmp 0x5FFC0000 0x7FFC0000 0x00010000 4
[2022-12-19 13:23:31] INFO     STATE:Mem Compare State
[2022-12-19 13:23:37] INFO     mem_cmp 0x407C0000 0x607C0000 0x00010000 4
[2022-12-19 13:23:44] INFO     mem_cmp 0x40FC0000 0x60FC0000 0x00010000 4
[2022-12-19 13:23:50] INFO     mem_cmp 0x417C0000 0x617C0000 0x00010000 4
[2022-12-19 13:23:57] INFO     mem_cmp 0x41FC0000 0x61FC0000 0x00010000 4
[2022-12-19 13:24:03] INFO     mem_cmp 0x427C0000 0x627C0000 0x00010000 4
[2022-12-19 13:24:10] INFO     mem_cmp 0x42FC0000 0x62FC0000 0x00010000 4
[2022-12-19 13:24:16] INFO     mem_cmp 0x437C0000 0x637C0000 0x00010000 4
[2022-12-19 13:24:23] INFO     mem_cmp 0x43FC0000 0x63FC0000 0x00010000 4
[2022-12-19 13:24:29] INFO     mem_cmp 0x447C0000 0x647C0000 0x00010000 4
[2022-12-19 13:24:36] INFO     mem_cmp 0x44FC0000 0x64FC0000 0x00010000 4
[2022-12-19 13:24:42] INFO     mem_cmp 0x457C0000 0x657C0000 0x00010000 4
[2022-12-19 13:24:49] INFO     mem_cmp 0x45FC0000 0x65FC0000 0x00010000 4
[2022-12-19 13:24:55] INFO     mem_cmp 0x467C0000 0x667C0000 0x00010000 4
[2022-12-19 13:25:02] INFO     mem_cmp 0x46FC0000 0x66FC0000 0x00010000 4
[2022-12-19 13:25:08] INFO     mem_cmp 0x477C0000 0x677C0000 0x00010000 4
[2022-12-19 13:25:15] INFO     mem_cmp 0x47FC0000 0x67FC0000 0x00010000 4
[2022-12-19 13:25:22] INFO     mem_cmp 0x487C0000 0x687C0000 0x00010000 4
[2022-12-19 13:25:28] INFO     mem_cmp 0x48FC0000 0x68FC0000 0x00010000 4
[2022-12-19 13:25:35] INFO     mem_cmp 0x497C0000 0x697C0000 0x00010000 4
[2022-12-19 13:25:42] INFO     mem_cmp 0x49FC0000 0x69FC0000 0x00010000 4
[2022-12-19 13:25:48] INFO     mem_cmp 0x4A7C0000 0x6A7C0000 0x00010000 4
[2022-12-19 13:25:55] INFO     mem_cmp 0x4AFC0000 0x6AFC0000 0x00010000 4
[2022-12-19 13:26:01] INFO     mem_cmp 0x4B7C0000 0x6B7C0000 0x00010000 4
[2022-12-19 13:26:08] INFO     mem_cmp 0x4BFC0000 0x6BFC0000 0x00010000 4
[2022-12-19 13:26:14] INFO     mem_cmp 0x4C7C0000 0x6C7C0000 0x00010000 4
[2022-12-19 13:26:21] INFO     mem_cmp 0x4CFC0000 0x6CFC0000 0x00010000 4
[2022-12-19 13:26:27] INFO     mem_cmp 0x4D7C0000 0x6D7C0000 0x00010000 4
[2022-12-19 13:26:34] INFO     mem_cmp 0x4DFC0000 0x6DFC0000 0x00010000 4
[2022-12-19 13:26:40] INFO     mem_cmp 0x4E7C0000 0x6E7C0000 0x00010000 4
[2022-12-19 13:26:46] INFO     mem_cmp 0x4EFC0000 0x6EFC0000 0x00010000 4
[2022-12-19 13:26:53] INFO     mem_cmp 0x4F7C0000 0x6F7C0000 0x00010000 4
[2022-12-19 13:27:00] INFO     mem_cmp 0x4FFC0000 0x6FFC0000 0x00010000 4
[2022-12-19 13:27:06] INFO     mem_cmp 0x507C0000 0x707C0000 0x00010000 4
[2022-12-19 13:27:13] INFO     mem_cmp 0x50FC0000 0x70FC0000 0x00010000 4
[2022-12-19 13:27:19] INFO     mem_cmp 0x517C0000 0x717C0000 0x00010000 4
[2022-12-19 13:27:26] INFO     mem_cmp 0x51FC0000 0x71FC0000 0x00010000 4
[2022-12-19 13:27:32] INFO     mem_cmp 0x527C0000 0x727C0000 0x00010000 4
[2022-12-19 13:27:39] INFO     mem_cmp 0x52FC0000 0x72FC0000 0x00010000 4
[2022-12-19 13:27:46] INFO     mem_cmp 0x537C0000 0x737C0000 0x00010000 4
[2022-12-19 13:27:52] INFO     mem_cmp 0x53FC0000 0x73FC0000 0x00010000 4
[2022-12-19 13:27:59] INFO     mem_cmp 0x547C0000 0x747C0000 0x00010000 4
[2022-12-19 13:28:06] INFO     mem_cmp 0x54FC0000 0x74FC0000 0x00010000 4
[2022-12-19 13:28:12] INFO     mem_cmp 0x557C0000 0x757C0000 0x00010000 4
[2022-12-19 13:28:19] INFO     mem_cmp 0x55FC0000 0x75FC0000 0x00010000 4
[2022-12-19 13:28:25] INFO     mem_cmp 0x567C0000 0x767C0000 0x00010000 4
[2022-12-19 13:28:32] INFO     mem_cmp 0x56FC0000 0x76FC0000 0x00010000 4
[2022-12-19 13:28:39] INFO     mem_cmp 0x577C0000 0x777C0000 0x00010000 4
[2022-12-19 13:28:45] INFO     mem_cmp 0x57FC0000 0x77FC0000 0x00010000 4
[2022-12-19 13:28:52] INFO     mem_cmp 0x587C0000 0x787C0000 0x00010000 4
[2022-12-19 13:28:58] INFO     mem_cmp 0x58FC0000 0x78FC0000 0x00010000 4
[2022-12-19 13:29:05] INFO     mem_cmp 0x597C0000 0x797C0000 0x00010000 4
[2022-12-19 13:29:12] INFO     mem_cmp 0x59FC0000 0x79FC0000 0x00010000 4
[2022-12-19 13:29:18] INFO     mem_cmp 0x5A7C0000 0x7A7C0000 0x00010000 4
[2022-12-19 13:29:25] INFO     mem_cmp 0x5AFC0000 0x7AFC0000 0x00010000 4
[2022-12-19 13:29:31] INFO     mem_cmp 0x5B7C0000 0x7B7C0000 0x00010000 4
[2022-12-19 13:29:38] INFO     mem_cmp 0x5BFC0000 0x7BFC0000 0x00010000 4
[2022-12-19 13:29:45] INFO     mem_cmp 0x5C7C0000 0x7C7C0000 0x00010000 4
[2022-12-19 13:29:51] INFO     mem_cmp 0x5CFC0000 0x7CFC0000 0x00010000 4
[2022-12-19 13:29:58] INFO     mem_cmp 0x5D7C0000 0x7D7C0000 0x00010000 4
[2022-12-19 13:30:05] INFO     mem_cmp 0x5DFC0000 0x7DFC0000 0x00010000 4
[2022-12-19 13:30:11] INFO     mem_cmp 0x5E7C0000 0x7E7C0000 0x00010000 4
[2022-12-19 13:30:18] INFO     mem_cmp 0x5EFC0000 0x7EFC0000 0x00010000 4
[2022-12-19 13:30:25] INFO     mem_cmp 0x5F7C0000 0x7F7C0000 0x00010000 4
[2022-12-19 13:30:32] INFO     mem_cmp 0x5FFC0000 0x7FFC0000 0x00010000 4
[2022-12-19 13:30:32] INFO     STATE:Mem Compare State
[2022-12-19 13:30:38] INFO     mem_cmp 0x407C0000 0x607C0000 0x00010000 4
[2022-12-19 13:30:45] INFO     mem_cmp 0x40FC0000 0x60FC0000 0x00010000 4
[2022-12-19 13:30:51] INFO     mem_cmp 0x417C0000 0x617C0000 0x00010000 4
[2022-12-19 13:30:58] INFO     mem_cmp 0x41FC0000 0x61FC0000 0x00010000 4
[2022-12-19 13:31:05] INFO     mem_cmp 0x427C0000 0x627C0000 0x00010000 4
[2022-12-19 13:31:11] INFO     mem_cmp 0x42FC0000 0x62FC0000 0x00010000 4
[2022-12-19 13:31:18] INFO     mem_cmp 0x437C0000 0x637C0000 0x00010000 4
[2022-12-19 13:31:24] INFO     mem_cmp 0x43FC0000 0x63FC0000 0x00010000 4
[2022-12-19 13:31:31] INFO     mem_cmp 0x447C0000 0x647C0000 0x00010000 4
[2022-12-19 13:31:38] INFO     mem_cmp 0x44FC0000 0x64FC0000 0x00010000 4
[2022-12-19 13:31:44] INFO     mem_cmp 0x457C0000 0x657C0000 0x00010000 4
[2022-12-19 13:31:51] INFO     mem_cmp 0x45FC0000 0x65FC0000 0x00010000 4
[2022-12-19 13:31:57] INFO     mem_cmp 0x467C0000 0x667C0000 0x00010000 4
[2022-12-19 13:32:04] INFO     mem_cmp 0x46FC0000 0x66FC0000 0x00010000 4
[2022-12-19 13:32:11] INFO     mem_cmp 0x477C0000 0x677C0000 0x00010000 4
[2022-12-19 13:32:17] INFO     mem_cmp 0x47FC0000 0x67FC0000 0x00010000 4
[2022-12-19 13:32:24] INFO     mem_cmp 0x487C0000 0x687C0000 0x00010000 4
[2022-12-19 13:32:30] INFO     mem_cmp 0x48FC0000 0x68FC0000 0x00010000 4
[2022-12-19 13:32:37] INFO     mem_cmp 0x497C0000 0x697C0000 0x00010000 4
[2022-12-19 13:32:44] INFO     mem_cmp 0x49FC0000 0x69FC0000 0x00010000 4
[2022-12-19 13:32:50] INFO     mem_cmp 0x4A7C0000 0x6A7C0000 0x00010000 4
[2022-12-19 13:32:57] INFO     mem_cmp 0x4AFC0000 0x6AFC0000 0x00010000 4
[2022-12-19 13:33:03] INFO     mem_cmp 0x4B7C0000 0x6B7C0000 0x00010000 4
[2022-12-19 13:33:10] INFO     mem_cmp 0x4BFC0000 0x6BFC0000 0x00010000 4
[2022-12-19 13:33:17] INFO     mem_cmp 0x4C7C0000 0x6C7C0000 0x00010000 4
[2022-12-19 13:33:23] INFO     mem_cmp 0x4CFC0000 0x6CFC0000 0x00010000 4
[2022-12-19 13:33:29] INFO     mem_cmp 0x4D7C0000 0x6D7C0000 0x00010000 4
[2022-12-19 13:33:36] INFO     mem_cmp 0x4DFC0000 0x6DFC0000 0x00010000 4
[2022-12-19 13:33:42] INFO     mem_cmp 0x4E7C0000 0x6E7C0000 0x00010000 4
[2022-12-19 13:33:49] INFO     mem_cmp 0x4EFC0000 0x6EFC0000 0x00010000 4
[2022-12-19 13:33:55] INFO     mem_cmp 0x4F7C0000 0x6F7C0000 0x00010000 4
[2022-12-19 13:34:02] INFO     mem_cmp 0x4FFC0000 0x6FFC0000 0x00010000 4
[2022-12-19 13:34:09] INFO     mem_cmp 0x507C0000 0x707C0000 0x00010000 4
[2022-12-19 13:34:15] INFO     mem_cmp 0x50FC0000 0x70FC0000 0x00010000 4
[2022-12-19 13:34:22] INFO     mem_cmp 0x517C0000 0x717C0000 0x00010000 4
[2022-12-19 13:34:28] INFO     mem_cmp 0x51FC0000 0x71FC0000 0x00010000 4
[2022-12-19 13:34:35] INFO     mem_cmp 0x527C0000 0x727C0000 0x00010000 4
[2022-12-19 13:34:41] INFO     mem_cmp 0x52FC0000 0x72FC0000 0x00010000 4
[2022-12-19 13:34:48] INFO     mem_cmp 0x537C0000 0x737C0000 0x00010000 4
[2022-12-19 13:34:54] INFO     mem_cmp 0x53FC0000 0x73FC0000 0x00010000 4
[2022-12-19 13:35:01] INFO     mem_cmp 0x547C0000 0x747C0000 0x00010000 4
[2022-12-19 13:35:07] INFO     mem_cmp 0x54FC0000 0x74FC0000 0x00010000 4
[2022-12-19 13:35:14] INFO     mem_cmp 0x557C0000 0x757C0000 0x00010000 4
[2022-12-19 13:35:20] INFO     mem_cmp 0x55FC0000 0x75FC0000 0x00010000 4
[2022-12-19 13:35:27] INFO     mem_cmp 0x567C0000 0x767C0000 0x00010000 4
[2022-12-19 13:35:33] INFO     mem_cmp 0x56FC0000 0x76FC0000 0x00010000 4
[2022-12-19 13:35:40] INFO     mem_cmp 0x577C0000 0x777C0000 0x00010000 4
[2022-12-19 13:35:47] INFO     mem_cmp 0x57FC0000 0x77FC0000 0x00010000 4
[2022-12-19 13:35:53] INFO     mem_cmp 0x587C0000 0x787C0000 0x00010000 4
[2022-12-19 13:36:00] INFO     mem_cmp 0x58FC0000 0x78FC0000 0x00010000 4
[2022-12-19 13:36:06] INFO     mem_cmp 0x597C0000 0x797C0000 0x00010000 4
[2022-12-19 13:36:13] INFO     mem_cmp 0x59FC0000 0x79FC0000 0x00010000 4
[2022-12-19 13:36:19] INFO     mem_cmp 0x5A7C0000 0x7A7C0000 0x00010000 4
[2022-12-19 13:36:26] INFO     mem_cmp 0x5AFC0000 0x7AFC0000 0x00010000 4
[2022-12-19 13:36:32] INFO     mem_cmp 0x5B7C0000 0x7B7C0000 0x00010000 4
[2022-12-19 13:36:39] INFO     mem_cmp 0x5BFC0000 0x7BFC0000 0x00010000 4
[2022-12-19 13:36:45] INFO     mem_cmp 0x5C7C0000 0x7C7C0000 0x00010000 4
[2022-12-19 13:36:52] INFO     mem_cmp 0x5CFC0000 0x7CFC0000 0x00010000 4
[2022-12-19 13:36:59] INFO     mem_cmp 0x5D7C0000 0x7D7C0000 0x00010000 4
[2022-12-19 13:37:05] INFO     mem_cmp 0x5DFC0000 0x7DFC0000 0x00010000 4
[2022-12-19 13:37:12] INFO     mem_cmp 0x5E7C0000 0x7E7C0000 0x00010000 4
[2022-12-19 13:37:18] INFO     mem_cmp 0x5EFC0000 0x7EFC0000 0x00010000 4
[2022-12-19 13:37:25] INFO     mem_cmp 0x5F7C0000 0x7F7C0000 0x00010000 4
[2022-12-19 13:37:31] INFO     mem_cmp 0x5FFC0000 0x7FFC0000 0x00010000 4
[2022-12-19 13:37:31] INFO     STATE:Mem Compare State
[2022-12-19 13:37:38] INFO     mem_cmp 0x407C0000 0x607C0000 0x00010000 4
[2022-12-19 13:37:44] INFO     mem_cmp 0x40FC0000 0x60FC0000 0x00010000 4
[2022-12-19 13:37:51] INFO     mem_cmp 0x417C0000 0x617C0000 0x00010000 4
[2022-12-19 13:37:57] INFO     mem_cmp 0x41FC0000 0x61FC0000 0x00010000 4
[2022-12-19 13:38:04] INFO     mem_cmp 0x427C0000 0x627C0000 0x00010000 4
[2022-12-19 13:38:11] INFO     mem_cmp 0x42FC0000 0x62FC0000 0x00010000 4
[2022-12-19 13:38:17] INFO     mem_cmp 0x437C0000 0x637C0000 0x00010000 4
[2022-12-19 13:38:23] INFO     mem_cmp 0x43FC0000 0x63FC0000 0x00010000 4
[2022-12-19 13:38:30] INFO     mem_cmp 0x447C0000 0x647C0000 0x00010000 4
[2022-12-19 13:38:37] INFO     mem_cmp 0x44FC0000 0x64FC0000 0x00010000 4
[2022-12-19 13:38:43] INFO     mem_cmp 0x457C0000 0x657C0000 0x00010000 4
[2022-12-19 13:38:50] INFO     mem_cmp 0x45FC0000 0x65FC0000 0x00010000 4
[2022-12-19 13:38:56] INFO     mem_cmp 0x467C0000 0x667C0000 0x00010000 4
[2022-12-19 13:39:03] INFO     mem_cmp 0x46FC0000 0x66FC0000 0x00010000 4
[2022-12-19 13:39:09] INFO     mem_cmp 0x477C0000 0x677C0000 0x00010000 4
[2022-12-19 13:39:16] INFO     mem_cmp 0x47FC0000 0x67FC0000 0x00010000 4
[2022-12-19 13:39:23] INFO     mem_cmp 0x487C0000 0x687C0000 0x00010000 4
[2022-12-19 13:39:29] INFO     mem_cmp 0x48FC0000 0x68FC0000 0x00010000 4
[2022-12-19 13:39:36] INFO     mem_cmp 0x497C0000 0x697C0000 0x00010000 4
[2022-12-19 13:39:43] INFO     mem_cmp 0x49FC0000 0x69FC0000 0x00010000 4
[2022-12-19 13:39:49] INFO     mem_cmp 0x4A7C0000 0x6A7C0000 0x00010000 4
[2022-12-19 13:39:56] INFO     mem_cmp 0x4AFC0000 0x6AFC0000 0x00010000 4
[2022-12-19 13:40:02] INFO     mem_cmp 0x4B7C0000 0x6B7C0000 0x00010000 4
[2022-12-19 13:40:09] INFO     mem_cmp 0x4BFC0000 0x6BFC0000 0x00010000 4
[2022-12-19 13:40:16] INFO     mem_cmp 0x4C7C0000 0x6C7C0000 0x00010000 4
[2022-12-19 13:40:22] INFO     mem_cmp 0x4CFC0000 0x6CFC0000 0x00010000 4
[2022-12-19 13:40:29] INFO     mem_cmp 0x4D7C0000 0x6D7C0000 0x00010000 4
[2022-12-19 13:40:35] INFO     mem_cmp 0x4DFC0000 0x6DFC0000 0x00010000 4
[2022-12-19 13:40:42] INFO     mem_cmp 0x4E7C0000 0x6E7C0000 0x00010000 4
[2022-12-19 13:40:48] INFO     mem_cmp 0x4EFC0000 0x6EFC0000 0x00010000 4
[2022-12-19 13:40:55] INFO     mem_cmp 0x4F7C0000 0x6F7C0000 0x00010000 4
[2022-12-19 13:41:01] INFO     mem_cmp 0x4FFC0000 0x6FFC0000 0x00010000 4
[2022-12-19 13:41:08] INFO     mem_cmp 0x507C0000 0x707C0000 0x00010000 4
[2022-12-19 13:41:15] INFO     mem_cmp 0x50FC0000 0x70FC0000 0x00010000 4
[2022-12-19 13:41:21] INFO     mem_cmp 0x517C0000 0x717C0000 0x00010000 4
[2022-12-19 13:41:28] INFO     mem_cmp 0x51FC0000 0x71FC0000 0x00010000 4
[2022-12-19 13:41:34] INFO     mem_cmp 0x527C0000 0x727C0000 0x00010000 4
[2022-12-19 13:41:41] INFO     mem_cmp 0x52FC0000 0x72FC0000 0x00010000 4
[2022-12-19 13:41:48] INFO     mem_cmp 0x537C0000 0x737C0000 0x00010000 4
[2022-12-19 13:41:54] INFO     mem_cmp 0x53FC0000 0x73FC0000 0x00010000 4
[2022-12-19 13:42:01] INFO     mem_cmp 0x547C0000 0x747C0000 0x00010000 4
[2022-12-19 13:42:07] INFO     mem_cmp 0x54FC0000 0x74FC0000 0x00010000 4
[2022-12-19 13:42:14] INFO     mem_cmp 0x557C0000 0x757C0000 0x00010000 4
[2022-12-19 13:42:20] INFO     mem_cmp 0x55FC0000 0x75FC0000 0x00010000 4
[2022-12-19 13:42:27] INFO     mem_cmp 0x567C0000 0x767C0000 0x00010000 4
[2022-12-19 13:42:34] INFO     mem_cmp 0x56FC0000 0x76FC0000 0x00010000 4
[2022-12-19 13:42:40] INFO     mem_cmp 0x577C0000 0x777C0000 0x00010000 4
[2022-12-19 13:42:47] INFO     mem_cmp 0x57FC0000 0x77FC0000 0x00010000 4
[2022-12-19 13:42:53] INFO     mem_cmp 0x587C0000 0x787C0000 0x00010000 4
[2022-12-19 13:43:00] INFO     mem_cmp 0x58FC0000 0x78FC0000 0x00010000 4
[2022-12-19 13:43:06] INFO     mem_cmp 0x597C0000 0x797C0000 0x00010000 4
[2022-12-19 13:43:13] INFO     mem_cmp 0x59FC0000 0x79FC0000 0x00010000 4
[2022-12-19 13:43:19] INFO     mem_cmp 0x5A7C0000 0x7A7C0000 0x00010000 4
[2022-12-19 13:43:26] INFO     mem_cmp 0x5AFC0000 0x7AFC0000 0x00010000 4
[2022-12-19 13:43:33] INFO     mem_cmp 0x5B7C0000 0x7B7C0000 0x00010000 4
[2022-12-19 13:43:39] INFO     mem_cmp 0x5BFC0000 0x7BFC0000 0x00010000 4
[2022-12-19 13:43:46] INFO     mem_cmp 0x5C7C0000 0x7C7C0000 0x00010000 4
[2022-12-19 13:43:52] INFO     mem_cmp 0x5CFC0000 0x7CFC0000 0x00010000 4
[2022-12-19 13:43:59] INFO     mem_cmp 0x5D7C0000 0x7D7C0000 0x00010000 4
[2022-12-19 13:44:06] INFO     mem_cmp 0x5DFC0000 0x7DFC0000 0x00010000 4
[2022-12-19 13:44:12] INFO     mem_cmp 0x5E7C0000 0x7E7C0000 0x00010000 4
[2022-12-19 13:44:19] INFO     mem_cmp 0x5EFC0000 0x7EFC0000 0x00010000 4
[2022-12-19 13:44:25] INFO     mem_cmp 0x5F7C0000 0x7F7C0000 0x00010000 4
[2022-12-19 13:44:32] INFO     mem_cmp 0x5FFC0000 0x7FFC0000 0x00010000 4
[2022-12-19 13:44:32] INFO     STATE:Mem Compare State
[2022-12-19 13:44:39] INFO     mem_cmp 0x407C0000 0x607C0000 0x00010000 4
[2022-12-19 13:44:45] INFO     mem_cmp 0x40FC0000 0x60FC0000 0x00010000 4
[2022-12-19 13:44:52] INFO     mem_cmp 0x417C0000 0x617C0000 0x00010000 4
[2022-12-19 13:44:58] INFO     mem_cmp 0x41FC0000 0x61FC0000 0x00010000 4
[2022-12-19 13:45:05] INFO     mem_cmp 0x427C0000 0x627C0000 0x00010000 4
[2022-12-19 13:45:12] INFO     mem_cmp 0x42FC0000 0x62FC0000 0x00010000 4
[2022-12-19 13:45:18] INFO     mem_cmp 0x437C0000 0x637C0000 0x00010000 4
[2022-12-19 13:45:24] INFO     mem_cmp 0x43FC0000 0x63FC0000 0x00010000 4
[2022-12-19 13:45:31] INFO     mem_cmp 0x447C0000 0x647C0000 0x00010000 4
[2022-12-19 13:45:37] INFO     mem_cmp 0x44FC0000 0x64FC0000 0x00010000 4
[2022-12-19 13:45:44] INFO     mem_cmp 0x457C0000 0x657C0000 0x00010000 4
[2022-12-19 13:45:50] INFO     mem_cmp 0x45FC0000 0x65FC0000 0x00010000 4
[2022-12-19 13:45:57] INFO     mem_cmp 0x467C0000 0x667C0000 0x00010000 4
[2022-12-19 13:46:04] INFO     mem_cmp 0x46FC0000 0x66FC0000 0x00010000 4
[2022-12-19 13:46:10] INFO     mem_cmp 0x477C0000 0x677C0000 0x00010000 4
[2022-12-19 13:46:17] INFO     mem_cmp 0x47FC0000 0x67FC0000 0x00010000 4
[2022-12-19 13:46:23] INFO     mem_cmp 0x487C0000 0x687C0000 0x00010000 4
[2022-12-19 13:46:30] INFO     mem_cmp 0x48FC0000 0x68FC0000 0x00010000 4
[2022-12-19 13:46:36] INFO     mem_cmp 0x497C0000 0x697C0000 0x00010000 4
[2022-12-19 13:46:43] INFO     mem_cmp 0x49FC0000 0x69FC0000 0x00010000 4
[2022-12-19 13:46:50] INFO     mem_cmp 0x4A7C0000 0x6A7C0000 0x00010000 4
[2022-12-19 13:46:56] INFO     mem_cmp 0x4AFC0000 0x6AFC0000 0x00010000 4
[2022-12-19 13:47:03] INFO     mem_cmp 0x4B7C0000 0x6B7C0000 0x00010000 4
[2022-12-19 13:47:09] INFO     mem_cmp 0x4BFC0000 0x6BFC0000 0x00010000 4
[2022-12-19 13:47:15] INFO     mem_cmp 0x4C7C0000 0x6C7C0000 0x00010000 4
[2022-12-19 13:47:22] INFO     mem_cmp 0x4CFC0000 0x6CFC0000 0x00010000 4
[2022-12-19 13:47:28] INFO     mem_cmp 0x4D7C0000 0x6D7C0000 0x00010000 4
[2022-12-19 13:47:35] INFO     mem_cmp 0x4DFC0000 0x6DFC0000 0x00010000 4
[2022-12-19 13:47:41] INFO     mem_cmp 0x4E7C0000 0x6E7C0000 0x00010000 4
[2022-12-19 13:47:48] INFO     mem_cmp 0x4EFC0000 0x6EFC0000 0x00010000 4
[2022-12-19 13:47:54] INFO     mem_cmp 0x4F7C0000 0x6F7C0000 0x00010000 4
[2022-12-19 13:48:01] INFO     mem_cmp 0x4FFC0000 0x6FFC0000 0x00010000 4
[2022-12-19 13:48:07] INFO     mem_cmp 0x507C0000 0x707C0000 0x00010000 4
[2022-12-19 13:48:14] INFO     mem_cmp 0x50FC0000 0x70FC0000 0x00010000 4
[2022-12-19 13:48:21] INFO     mem_cmp 0x517C0000 0x717C0000 0x00010000 4
[2022-12-19 13:48:27] INFO     mem_cmp 0x51FC0000 0x71FC0000 0x00010000 4
[2022-12-19 13:48:34] INFO     mem_cmp 0x527C0000 0x727C0000 0x00010000 4
[2022-12-19 13:48:40] INFO     mem_cmp 0x52FC0000 0x72FC0000 0x00010000 4
[2022-12-19 13:48:47] INFO     mem_cmp 0x537C0000 0x737C0000 0x00010000 4
[2022-12-19 13:48:53] INFO     mem_cmp 0x53FC0000 0x73FC0000 0x00010000 4
[2022-12-19 13:49:00] INFO     mem_cmp 0x547C0000 0x747C0000 0x00010000 4
[2022-12-19 13:49:06] INFO     mem_cmp 0x54FC0000 0x74FC0000 0x00010000 4
[2022-12-19 13:49:13] INFO     mem_cmp 0x557C0000 0x757C0000 0x00010000 4
[2022-12-19 13:49:19] INFO     mem_cmp 0x55FC0000 0x75FC0000 0x00010000 4
[2022-12-19 13:49:26] INFO     mem_cmp 0x567C0000 0x767C0000 0x00010000 4
[2022-12-19 13:49:33] INFO     mem_cmp 0x56FC0000 0x76FC0000 0x00010000 4
[2022-12-19 13:49:39] INFO     mem_cmp 0x577C0000 0x777C0000 0x00010000 4
[2022-12-19 13:49:46] INFO     mem_cmp 0x57FC0000 0x77FC0000 0x00010000 4
[2022-12-19 13:49:52] INFO     mem_cmp 0x587C0000 0x787C0000 0x00010000 4
[2022-12-19 13:49:59] INFO     mem_cmp 0x58FC0000 0x78FC0000 0x00010000 4
[2022-12-19 13:50:06] INFO     mem_cmp 0x597C0000 0x797C0000 0x00010000 4
[2022-12-19 13:50:12] INFO     mem_cmp 0x59FC0000 0x79FC0000 0x00010000 4
[2022-12-19 13:50:19] INFO     mem_cmp 0x5A7C0000 0x7A7C0000 0x00010000 4
[2022-12-19 13:50:25] INFO     mem_cmp 0x5AFC0000 0x7AFC0000 0x00010000 4
[2022-12-19 13:50:32] INFO     mem_cmp 0x5B7C0000 0x7B7C0000 0x00010000 4
[2022-12-19 13:50:38] INFO     mem_cmp 0x5BFC0000 0x7BFC0000 0x00010000 4
[2022-12-19 13:50:44] INFO     mem_cmp 0x5C7C0000 0x7C7C0000 0x00010000 4
[2022-12-19 13:50:51] INFO     mem_cmp 0x5CFC0000 0x7CFC0000 0x00010000 4
[2022-12-19 13:50:58] INFO     mem_cmp 0x5D7C0000 0x7D7C0000 0x00010000 4
[2022-12-19 13:51:04] INFO     mem_cmp 0x5DFC0000 0x7DFC0000 0x00010000 4
[2022-12-19 13:51:11] INFO     mem_cmp 0x5E7C0000 0x7E7C0000 0x00010000 4
[2022-12-19 13:51:17] INFO     mem_cmp 0x5EFC0000 0x7EFC0000 0x00010000 4
[2022-12-19 13:51:24] INFO     mem_cmp 0x5F7C0000 0x7F7C0000 0x00010000 4
[2022-12-19 13:51:31] INFO     mem_cmp 0x5FFC0000 0x7FFC0000 0x00010000 4
[2022-12-19 13:51:31] INFO     STATE:Mem Compare State
[2022-12-19 13:51:37] INFO     mem_cmp 0x407C0000 0x607C0000 0x00010000 4
[2022-12-19 13:51:44] INFO     mem_cmp 0x40FC0000 0x60FC0000 0x00010000 4
[2022-12-19 13:51:50] INFO     mem_cmp 0x417C0000 0x617C0000 0x00010000 4
[2022-12-19 13:51:57] INFO     mem_cmp 0x41FC0000 0x61FC0000 0x00010000 4
[2022-12-19 13:52:03] INFO     mem_cmp 0x427C0000 0x627C0000 0x00010000 4
[2022-12-19 13:52:10] INFO     mem_cmp 0x42FC0000 0x62FC0000 0x00010000 4
[2022-12-19 13:52:16] INFO     mem_cmp 0x437C0000 0x637C0000 0x00010000 4
[2022-12-19 13:52:23] INFO     mem_cmp 0x43FC0000 0x63FC0000 0x00010000 4
[2022-12-19 13:52:29] INFO     mem_cmp 0x447C0000 0x647C0000 0x00010000 4
[2022-12-19 13:52:35] INFO     mem_cmp 0x44FC0000 0x64FC0000 0x00010000 4
[2022-12-19 13:52:42] INFO     mem_cmp 0x457C0000 0x657C0000 0x00010000 4
[2022-12-19 13:52:48] INFO     mem_cmp 0x45FC0000 0x65FC0000 0x00010000 4
[2022-12-19 13:52:55] INFO     mem_cmp 0x467C0000 0x667C0000 0x00010000 4
[2022-12-19 13:53:01] INFO     mem_cmp 0x46FC0000 0x66FC0000 0x00010000 4
[2022-12-19 13:53:08] INFO     mem_cmp 0x477C0000 0x677C0000 0x00010000 4
[2022-12-19 13:53:14] INFO     mem_cmp 0x47FC0000 0x67FC0000 0x00010000 4
[2022-12-19 13:53:21] INFO     mem_cmp 0x487C0000 0x687C0000 0x00010000 4
[2022-12-19 13:53:27] INFO     mem_cmp 0x48FC0000 0x68FC0000 0x00010000 4
[2022-12-19 13:53:34] INFO     mem_cmp 0x497C0000 0x697C0000 0x00010000 4
[2022-12-19 13:53:40] INFO     mem_cmp 0x49FC0000 0x69FC0000 0x00010000 4
[2022-12-19 13:53:47] INFO     mem_cmp 0x4A7C0000 0x6A7C0000 0x00010000 4
[2022-12-19 13:53:53] INFO     mem_cmp 0x4AFC0000 0x6AFC0000 0x00010000 4
[2022-12-19 13:54:00] INFO     mem_cmp 0x4B7C0000 0x6B7C0000 0x00010000 4
[2022-12-19 13:54:06] INFO     mem_cmp 0x4BFC0000 0x6BFC0000 0x00010000 4
[2022-12-19 13:54:13] INFO     mem_cmp 0x4C7C0000 0x6C7C0000 0x00010000 4
[2022-12-19 13:54:20] INFO     mem_cmp 0x4CFC0000 0x6CFC0000 0x00010000 4
[2022-12-19 13:54:26] INFO     mem_cmp 0x4D7C0000 0x6D7C0000 0x00010000 4
[2022-12-19 13:54:33] INFO     mem_cmp 0x4DFC0000 0x6DFC0000 0x00010000 4
[2022-12-19 13:54:40] INFO     mem_cmp 0x4E7C0000 0x6E7C0000 0x00010000 4
[2022-12-19 13:54:46] INFO     mem_cmp 0x4EFC0000 0x6EFC0000 0x00010000 4
[2022-12-19 13:54:53] INFO     mem_cmp 0x4F7C0000 0x6F7C0000 0x00010000 4
[2022-12-19 13:54:59] INFO     mem_cmp 0x4FFC0000 0x6FFC0000 0x00010000 4
[2022-12-19 13:55:06] INFO     mem_cmp 0x507C0000 0x707C0000 0x00010000 4
[2022-12-19 13:55:12] INFO     mem_cmp 0x50FC0000 0x70FC0000 0x00010000 4
[2022-12-19 13:55:19] INFO     mem_cmp 0x517C0000 0x717C0000 0x00010000 4
[2022-12-19 13:55:26] INFO     mem_cmp 0x51FC0000 0x71FC0000 0x00010000 4
[2022-12-19 13:55:32] INFO     mem_cmp 0x527C0000 0x727C0000 0x00010000 4
[2022-12-19 13:55:39] INFO     mem_cmp 0x52FC0000 0x72FC0000 0x00010000 4
[2022-12-19 13:55:45] INFO     mem_cmp 0x537C0000 0x737C0000 0x00010000 4
[2022-12-19 13:55:52] INFO     mem_cmp 0x53FC0000 0x73FC0000 0x00010000 4
[2022-12-19 13:55:59] INFO     mem_cmp 0x547C0000 0x747C0000 0x00010000 4
[2022-12-19 13:56:05] INFO     mem_cmp 0x54FC0000 0x74FC0000 0x00010000 4
[2022-12-19 13:56:12] INFO     mem_cmp 0x557C0000 0x757C0000 0x00010000 4
[2022-12-19 13:56:18] INFO     mem_cmp 0x55FC0000 0x75FC0000 0x00010000 4
[2022-12-19 13:56:25] INFO     mem_cmp 0x567C0000 0x767C0000 0x00010000 4
[2022-12-19 13:56:31] INFO     mem_cmp 0x56FC0000 0x76FC0000 0x00010000 4
[2022-12-19 13:56:38] INFO     mem_cmp 0x577C0000 0x777C0000 0x00010000 4
[2022-12-19 13:56:44] INFO     mem_cmp 0x57FC0000 0x77FC0000 0x00010000 4
[2022-12-19 13:56:51] INFO     mem_cmp 0x587C0000 0x787C0000 0x00010000 4
[2022-12-19 13:56:58] INFO     mem_cmp 0x58FC0000 0x78FC0000 0x00010000 4
[2022-12-19 13:57:04] INFO     mem_cmp 0x597C0000 0x797C0000 0x00010000 4
[2022-12-19 13:57:11] INFO     mem_cmp 0x59FC0000 0x79FC0000 0x00010000 4
[2022-12-19 13:57:18] INFO     mem_cmp 0x5A7C0000 0x7A7C0000 0x00010000 4
[2022-12-19 13:57:24] INFO     mem_cmp 0x5AFC0000 0x7AFC0000 0x00010000 4
[2022-12-19 13:57:31] INFO     mem_cmp 0x5B7C0000 0x7B7C0000 0x00010000 4
[2022-12-19 13:57:37] INFO     mem_cmp 0x5BFC0000 0x7BFC0000 0x00010000 4
[2022-12-19 13:57:44] INFO     mem_cmp 0x5C7C0000 0x7C7C0000 0x00010000 4
[2022-12-19 13:57:50] INFO     mem_cmp 0x5CFC0000 0x7CFC0000 0x00010000 4
[2022-12-19 13:57:57] INFO     mem_cmp 0x5D7C0000 0x7D7C0000 0x00010000 4
[2022-12-19 13:58:04] INFO     mem_cmp 0x5DFC0000 0x7DFC0000 0x00010000 4
[2022-12-19 13:58:10] INFO     mem_cmp 0x5E7C0000 0x7E7C0000 0x00010000 4
[2022-12-19 13:58:17] INFO     mem_cmp 0x5EFC0000 0x7EFC0000 0x00010000 4
[2022-12-19 13:58:24] INFO     mem_cmp 0x5F7C0000 0x7F7C0000 0x00010000 4
[2022-12-19 13:58:30] INFO     mem_cmp 0x5FFC0000 0x7FFC0000 0x00010000 4
[2022-12-19 13:58:30] INFO     STATE:Mem Compare State
[2022-12-19 13:58:37] INFO     mem_cmp 0x407C0000 0x607C0000 0x00010000 4
[2022-12-19 13:58:43] INFO     mem_cmp 0x40FC0000 0x60FC0000 0x00010000 4
[2022-12-19 13:58:50] INFO     mem_cmp 0x417C0000 0x617C0000 0x00010000 4
[2022-12-19 13:58:57] INFO     mem_cmp 0x41FC0000 0x61FC0000 0x00010000 4
[2022-12-19 13:59:03] INFO     mem_cmp 0x427C0000 0x627C0000 0x00010000 4
[2022-12-19 13:59:10] INFO     mem_cmp 0x42FC0000 0x62FC0000 0x00010000 4
[2022-12-19 13:59:16] INFO     mem_cmp 0x437C0000 0x637C0000 0x00010000 4
[2022-12-19 13:59:23] INFO     mem_cmp 0x43FC0000 0x63FC0000 0x00010000 4
[2022-12-19 13:59:29] INFO     mem_cmp 0x447C0000 0x647C0000 0x00010000 4
[2022-12-19 13:59:36] INFO     mem_cmp 0x44FC0000 0x64FC0000 0x00010000 4
[2022-12-19 13:59:42] INFO     mem_cmp 0x457C0000 0x657C0000 0x00010000 4
[2022-12-19 13:59:49] INFO     mem_cmp 0x45FC0000 0x65FC0000 0x00010000 4
[2022-12-19 13:59:55] INFO     mem_cmp 0x467C0000 0x667C0000 0x00010000 4
[2022-12-19 14:00:02] INFO     mem_cmp 0x46FC0000 0x66FC0000 0x00010000 4
[2022-12-19 14:00:08] INFO     mem_cmp 0x477C0000 0x677C0000 0x00010000 4
[2022-12-19 14:00:15] INFO     mem_cmp 0x47FC0000 0x67FC0000 0x00010000 4
[2022-12-19 14:00:21] INFO     mem_cmp 0x487C0000 0x687C0000 0x00010000 4
[2022-12-19 14:00:28] INFO     mem_cmp 0x48FC0000 0x68FC0000 0x00010000 4
[2022-12-19 14:00:34] INFO     mem_cmp 0x497C0000 0x697C0000 0x00010000 4
[2022-12-19 14:00:41] INFO     mem_cmp 0x49FC0000 0x69FC0000 0x00010000 4
[2022-12-19 14:00:47] INFO     mem_cmp 0x4A7C0000 0x6A7C0000 0x00010000 4
[2022-12-19 14:00:53] INFO     mem_cmp 0x4AFC0000 0x6AFC0000 0x00010000 4
[2022-12-19 14:01:00] INFO     mem_cmp 0x4B7C0000 0x6B7C0000 0x00010000 4
[2022-12-19 14:01:06] INFO     mem_cmp 0x4BFC0000 0x6BFC0000 0x00010000 4
[2022-12-19 14:01:13] INFO     mem_cmp 0x4C7C0000 0x6C7C0000 0x00010000 4
[2022-12-19 14:01:19] INFO     mem_cmp 0x4CFC0000 0x6CFC0000 0x00010000 4
[2022-12-19 14:01:26] INFO     mem_cmp 0x4D7C0000 0x6D7C0000 0x00010000 4
[2022-12-19 14:01:32] INFO     mem_cmp 0x4DFC0000 0x6DFC0000 0x00010000 4
[2022-12-19 14:01:39] INFO     mem_cmp 0x4E7C0000 0x6E7C0000 0x00010000 4
[2022-12-19 14:01:45] INFO     mem_cmp 0x4EFC0000 0x6EFC0000 0x00010000 4
[2022-12-19 14:01:52] INFO     mem_cmp 0x4F7C0000 0x6F7C0000 0x00010000 4
[2022-12-19 14:01:59] INFO     mem_cmp 0x4FFC0000 0x6FFC0000 0x00010000 4
[2022-12-19 14:02:05] INFO     mem_cmp 0x507C0000 0x707C0000 0x00010000 4
[2022-12-19 14:02:12] INFO     mem_cmp 0x50FC0000 0x70FC0000 0x00010000 4
[2022-12-19 14:02:19] INFO     mem_cmp 0x517C0000 0x717C0000 0x00010000 4
[2022-12-19 14:02:25] INFO     mem_cmp 0x51FC0000 0x71FC0000 0x00010000 4
[2022-12-19 14:02:32] INFO     mem_cmp 0x527C0000 0x727C0000 0x00010000 4
[2022-12-19 14:02:38] INFO     mem_cmp 0x52FC0000 0x72FC0000 0x00010000 4
[2022-12-19 14:02:45] INFO     mem_cmp 0x537C0000 0x737C0000 0x00010000 4
[2022-12-19 14:02:51] INFO     mem_cmp 0x53FC0000 0x73FC0000 0x00010000 4
[2022-12-19 14:02:58] INFO     mem_cmp 0x547C0000 0x747C0000 0x00010000 4
[2022-12-19 14:03:05] INFO     mem_cmp 0x54FC0000 0x74FC0000 0x00010000 4
[2022-12-19 14:03:11] INFO     mem_cmp 0x557C0000 0x757C0000 0x00010000 4
[2022-12-19 14:03:17] INFO     mem_cmp 0x55FC0000 0x75FC0000 0x00010000 4
[2022-12-19 14:03:24] INFO     mem_cmp 0x567C0000 0x767C0000 0x00010000 4
[2022-12-19 14:03:30] INFO     mem_cmp 0x56FC0000 0x76FC0000 0x00010000 4
[2022-12-19 14:03:37] INFO     mem_cmp 0x577C0000 0x777C0000 0x00010000 4
[2022-12-19 14:03:44] INFO     mem_cmp 0x57FC0000 0x77FC0000 0x00010000 4
[2022-12-19 14:03:50] INFO     mem_cmp 0x587C0000 0x787C0000 0x00010000 4
[2022-12-19 14:03:57] INFO     mem_cmp 0x58FC0000 0x78FC0000 0x00010000 4
[2022-12-19 14:04:03] INFO     mem_cmp 0x597C0000 0x797C0000 0x00010000 4
[2022-12-19 14:04:10] INFO     mem_cmp 0x59FC0000 0x79FC0000 0x00010000 4
[2022-12-19 14:04:17] INFO     mem_cmp 0x5A7C0000 0x7A7C0000 0x00010000 4
[2022-12-19 14:04:23] INFO     mem_cmp 0x5AFC0000 0x7AFC0000 0x00010000 4
[2022-12-19 14:04:30] INFO     mem_cmp 0x5B7C0000 0x7B7C0000 0x00010000 4
[2022-12-19 14:04:37] INFO     mem_cmp 0x5BFC0000 0x7BFC0000 0x00010000 4
[2022-12-19 14:04:43] INFO     mem_cmp 0x5C7C0000 0x7C7C0000 0x00010000 4
[2022-12-19 14:04:50] INFO     mem_cmp 0x5CFC0000 0x7CFC0000 0x00010000 4
[2022-12-19 14:04:56] INFO     mem_cmp 0x5D7C0000 0x7D7C0000 0x00010000 4
[2022-12-19 14:05:03] INFO     mem_cmp 0x5DFC0000 0x7DFC0000 0x00010000 4
[2022-12-19 14:05:10] INFO     mem_cmp 0x5E7C0000 0x7E7C0000 0x00010000 4
[2022-12-19 14:05:16] INFO     mem_cmp 0x5EFC0000 0x7EFC0000 0x00010000 4
[2022-12-19 14:05:23] INFO     mem_cmp 0x5F7C0000 0x7F7C0000 0x00010000 4
[2022-12-19 14:05:30] INFO     mem_cmp 0x5FFC0000 0x7FFC0000 0x00010000 4
[2022-12-19 14:05:30] INFO     STATE:Mem Compare State
[2022-12-19 14:05:36] INFO     mem_cmp 0x407C0000 0x607C0000 0x00010000 4
[2022-12-19 14:05:43] INFO     mem_cmp 0x40FC0000 0x60FC0000 0x00010000 4
[2022-12-19 14:05:50] INFO     mem_cmp 0x417C0000 0x617C0000 0x00010000 4
[2022-12-19 14:05:56] INFO     mem_cmp 0x41FC0000 0x61FC0000 0x00010000 4
[2022-12-19 14:06:03] INFO     mem_cmp 0x427C0000 0x627C0000 0x00010000 4
[2022-12-19 14:06:10] INFO     mem_cmp 0x42FC0000 0x62FC0000 0x00010000 4
[2022-12-19 14:06:17] INFO     mem_cmp 0x437C0000 0x637C0000 0x00010000 4
[2022-12-19 14:06:24] INFO     mem_cmp 0x43FC0000 0x63FC0000 0x00010000 4
[2022-12-19 14:06:30] INFO     mem_cmp 0x447C0000 0x647C0000 0x00010000 4
[2022-12-19 14:06:37] INFO     mem_cmp 0x44FC0000 0x64FC0000 0x00010000 4
[2022-12-19 14:06:43] INFO     mem_cmp 0x457C0000 0x657C0000 0x00010000 4
[2022-12-19 14:06:50] INFO     mem_cmp 0x45FC0000 0x65FC0000 0x00010000 4
[2022-12-19 14:06:57] INFO     mem_cmp 0x467C0000 0x667C0000 0x00010000 4
[2022-12-19 14:07:03] INFO     mem_cmp 0x46FC0000 0x66FC0000 0x00010000 4
[2022-12-19 14:07:10] INFO     mem_cmp 0x477C0000 0x677C0000 0x00010000 4
[2022-12-19 14:07:16] INFO     mem_cmp 0x47FC0000 0x67FC0000 0x00010000 4
[2022-12-19 14:07:23] INFO     mem_cmp 0x487C0000 0x687C0000 0x00010000 4
[2022-12-19 14:07:30] INFO     mem_cmp 0x48FC0000 0x68FC0000 0x00010000 4
[2022-12-19 14:07:36] INFO     mem_cmp 0x497C0000 0x697C0000 0x00010000 4
[2022-12-19 14:07:43] INFO     mem_cmp 0x49FC0000 0x69FC0000 0x00010000 4
[2022-12-19 14:07:49] INFO     mem_cmp 0x4A7C0000 0x6A7C0000 0x00010000 4
[2022-12-19 14:07:56] INFO     mem_cmp 0x4AFC0000 0x6AFC0000 0x00010000 4
[2022-12-19 14:08:02] INFO     mem_cmp 0x4B7C0000 0x6B7C0000 0x00010000 4
[2022-12-19 14:08:09] INFO     mem_cmp 0x4BFC0000 0x6BFC0000 0x00010000 4
[2022-12-19 14:08:15] INFO     mem_cmp 0x4C7C0000 0x6C7C0000 0x00010000 4
[2022-12-19 14:08:22] INFO     mem_cmp 0x4CFC0000 0x6CFC0000 0x00010000 4
[2022-12-19 14:08:29] INFO     mem_cmp 0x4D7C0000 0x6D7C0000 0x00010000 4
[2022-12-19 14:08:35] INFO     mem_cmp 0x4DFC0000 0x6DFC0000 0x00010000 4
[2022-12-19 14:08:42] INFO     mem_cmp 0x4E7C0000 0x6E7C0000 0x00010000 4
[2022-12-19 14:08:48] INFO     mem_cmp 0x4EFC0000 0x6EFC0000 0x00010000 4
[2022-12-19 14:08:55] INFO     mem_cmp 0x4F7C0000 0x6F7C0000 0x00010000 4
[2022-12-19 14:09:01] INFO     mem_cmp 0x4FFC0000 0x6FFC0000 0x00010000 4
[2022-12-19 14:09:08] INFO     mem_cmp 0x507C0000 0x707C0000 0x00010000 4
[2022-12-19 14:09:14] INFO     mem_cmp 0x50FC0000 0x70FC0000 0x00010000 4
[2022-12-19 14:09:21] INFO     mem_cmp 0x517C0000 0x717C0000 0x00010000 4
[2022-12-19 14:09:27] INFO     mem_cmp 0x51FC0000 0x71FC0000 0x00010000 4
[2022-12-19 14:09:34] INFO     mem_cmp 0x527C0000 0x727C0000 0x00010000 4
[2022-12-19 14:09:40] INFO     mem_cmp 0x52FC0000 0x72FC0000 0x00010000 4
[2022-12-19 14:09:47] INFO     mem_cmp 0x537C0000 0x737C0000 0x00010000 4
[2022-12-19 14:09:54] INFO     mem_cmp 0x53FC0000 0x73FC0000 0x00010000 4
[2022-12-19 14:10:00] INFO     mem_cmp 0x547C0000 0x747C0000 0x00010000 4
[2022-12-19 14:10:07] INFO     mem_cmp 0x54FC0000 0x74FC0000 0x00010000 4
[2022-12-19 14:10:13] INFO     mem_cmp 0x557C0000 0x757C0000 0x00010000 4
[2022-12-19 14:10:20] INFO     mem_cmp 0x55FC0000 0x75FC0000 0x00010000 4
[2022-12-19 14:10:26] INFO     mem_cmp 0x567C0000 0x767C0000 0x00010000 4
[2022-12-19 14:10:33] INFO     mem_cmp 0x56FC0000 0x76FC0000 0x00010000 4
[2022-12-19 14:10:39] INFO     mem_cmp 0x577C0000 0x777C0000 0x00010000 4
[2022-12-19 14:10:46] INFO     mem_cmp 0x57FC0000 0x77FC0000 0x00010000 4
[2022-12-19 14:10:52] INFO     mem_cmp 0x587C0000 0x787C0000 0x00010000 4
[2022-12-19 14:10:59] INFO     mem_cmp 0x58FC0000 0x78FC0000 0x00010000 4
[2022-12-19 14:11:05] INFO     mem_cmp 0x597C0000 0x797C0000 0x00010000 4
[2022-12-19 14:11:12] INFO     mem_cmp 0x59FC0000 0x79FC0000 0x00010000 4
[2022-12-19 14:11:18] INFO     mem_cmp 0x5A7C0000 0x7A7C0000 0x00010000 4
[2022-12-19 14:11:25] INFO     mem_cmp 0x5AFC0000 0x7AFC0000 0x00010000 4
[2022-12-19 14:11:31] INFO     mem_cmp 0x5B7C0000 0x7B7C0000 0x00010000 4
[2022-12-19 14:11:38] INFO     mem_cmp 0x5BFC0000 0x7BFC0000 0x00010000 4
[2022-12-19 14:11:44] INFO     mem_cmp 0x5C7C0000 0x7C7C0000 0x00010000 4
[2022-12-19 14:11:51] INFO     mem_cmp 0x5CFC0000 0x7CFC0000 0x00010000 4
[2022-12-19 14:11:57] INFO     mem_cmp 0x5D7C0000 0x7D7C0000 0x00010000 4
[2022-12-19 14:12:04] INFO     mem_cmp 0x5DFC0000 0x7DFC0000 0x00010000 4
[2022-12-19 14:12:10] INFO     mem_cmp 0x5E7C0000 0x7E7C0000 0x00010000 4
[2022-12-19 14:12:17] INFO     mem_cmp 0x5EFC0000 0x7EFC0000 0x00010000 4
[2022-12-19 14:12:23] INFO     mem_cmp 0x5F7C0000 0x7F7C0000 0x00010000 4
[2022-12-19 14:12:30] INFO     mem_cmp 0x5FFC0000 0x7FFC0000 0x00010000 4
[2022-12-19 14:12:30] INFO     STATE:Mem Compare State
[2022-12-19 14:12:36] INFO     mem_cmp 0x407C0000 0x607C0000 0x00010000 4
[2022-12-19 14:12:43] INFO     mem_cmp 0x40FC0000 0x60FC0000 0x00010000 4
[2022-12-19 14:12:49] INFO     mem_cmp 0x417C0000 0x617C0000 0x00010000 4
[2022-12-19 14:12:55] INFO     mem_cmp 0x41FC0000 0x61FC0000 0x00010000 4
[2022-12-19 14:13:02] INFO     mem_cmp 0x427C0000 0x627C0000 0x00010000 4
[2022-12-19 14:13:09] INFO     mem_cmp 0x42FC0000 0x62FC0000 0x00010000 4
[2022-12-19 14:13:15] INFO     mem_cmp 0x437C0000 0x637C0000 0x00010000 4
[2022-12-19 14:13:21] INFO     mem_cmp 0x43FC0000 0x63FC0000 0x00010000 4
[2022-12-19 14:13:28] INFO     mem_cmp 0x447C0000 0x647C0000 0x00010000 4
[2022-12-19 14:13:34] INFO     mem_cmp 0x44FC0000 0x64FC0000 0x00010000 4
[2022-12-19 14:13:41] INFO     mem_cmp 0x457C0000 0x657C0000 0x00010000 4
[2022-12-19 14:13:47] INFO     mem_cmp 0x45FC0000 0x65FC0000 0x00010000 4
[2022-12-19 14:13:54] INFO     mem_cmp 0x467C0000 0x667C0000 0x00010000 4
[2022-12-19 14:14:00] INFO     mem_cmp 0x46FC0000 0x66FC0000 0x00010000 4
[2022-12-19 14:14:06] INFO     mem_cmp 0x477C0000 0x677C0000 0x00010000 4
[2022-12-19 14:14:13] INFO     mem_cmp 0x47FC0000 0x67FC0000 0x00010000 4
[2022-12-19 14:14:19] INFO     mem_cmp 0x487C0000 0x687C0000 0x00010000 4
[2022-12-19 14:14:26] INFO     mem_cmp 0x48FC0000 0x68FC0000 0x00010000 4
[2022-12-19 14:14:32] INFO     mem_cmp 0x497C0000 0x697C0000 0x00010000 4
[2022-12-19 14:14:39] INFO     mem_cmp 0x49FC0000 0x69FC0000 0x00010000 4
[2022-12-19 14:14:45] INFO     mem_cmp 0x4A7C0000 0x6A7C0000 0x00010000 4
[2022-12-19 14:14:52] INFO     mem_cmp 0x4AFC0000 0x6AFC0000 0x00010000 4
[2022-12-19 14:14:58] INFO     mem_cmp 0x4B7C0000 0x6B7C0000 0x00010000 4
[2022-12-19 14:15:04] INFO     mem_cmp 0x4BFC0000 0x6BFC0000 0x00010000 4
[2022-12-19 14:15:11] INFO     mem_cmp 0x4C7C0000 0x6C7C0000 0x00010000 4
[2022-12-19 14:15:17] INFO     mem_cmp 0x4CFC0000 0x6CFC0000 0x00010000 4
[2022-12-19 14:15:24] INFO     mem_cmp 0x4D7C0000 0x6D7C0000 0x00010000 4
[2022-12-19 14:15:30] INFO     mem_cmp 0x4DFC0000 0x6DFC0000 0x00010000 4
[2022-12-19 14:15:37] INFO     mem_cmp 0x4E7C0000 0x6E7C0000 0x00010000 4
[2022-12-19 14:15:43] INFO     mem_cmp 0x4EFC0000 0x6EFC0000 0x00010000 4
[2022-12-19 14:15:50] INFO     mem_cmp 0x4F7C0000 0x6F7C0000 0x00010000 4
[2022-12-19 14:15:56] INFO     mem_cmp 0x4FFC0000 0x6FFC0000 0x00010000 4
[2022-12-19 14:16:02] INFO     mem_cmp 0x507C0000 0x707C0000 0x00010000 4
[2022-12-19 14:16:09] INFO     mem_cmp 0x50FC0000 0x70FC0000 0x00010000 4
[2022-12-19 14:16:16] INFO     mem_cmp 0x517C0000 0x717C0000 0x00010000 4
[2022-12-19 14:16:22] INFO     mem_cmp 0x51FC0000 0x71FC0000 0x00010000 4
[2022-12-19 14:16:29] INFO     mem_cmp 0x527C0000 0x727C0000 0x00010000 4
[2022-12-19 14:16:35] INFO     mem_cmp 0x52FC0000 0x72FC0000 0x00010000 4
[2022-12-19 14:16:42] INFO     mem_cmp 0x537C0000 0x737C0000 0x00010000 4
[2022-12-19 14:16:48] INFO     mem_cmp 0x53FC0000 0x73FC0000 0x00010000 4
[2022-12-19 14:16:55] INFO     mem_cmp 0x547C0000 0x747C0000 0x00010000 4
[2022-12-19 14:17:01] INFO     mem_cmp 0x54FC0000 0x74FC0000 0x00010000 4
[2022-12-19 14:17:08] INFO     mem_cmp 0x557C0000 0x757C0000 0x00010000 4
[2022-12-19 14:17:14] INFO     mem_cmp 0x55FC0000 0x75FC0000 0x00010000 4
[2022-12-19 14:17:21] INFO     mem_cmp 0x567C0000 0x767C0000 0x00010000 4
[2022-12-19 14:17:28] INFO     mem_cmp 0x56FC0000 0x76FC0000 0x00010000 4
[2022-12-19 14:17:34] INFO     mem_cmp 0x577C0000 0x777C0000 0x00010000 4
[2022-12-19 14:17:41] INFO     mem_cmp 0x57FC0000 0x77FC0000 0x00010000 4
[2022-12-19 14:17:47] INFO     mem_cmp 0x587C0000 0x787C0000 0x00010000 4
[2022-12-19 14:17:54] INFO     mem_cmp 0x58FC0000 0x78FC0000 0x00010000 4
[2022-12-19 14:18:00] INFO     mem_cmp 0x597C0000 0x797C0000 0x00010000 4
[2022-12-19 14:18:07] INFO     mem_cmp 0x59FC0000 0x79FC0000 0x00010000 4
[2022-12-19 14:18:13] INFO     mem_cmp 0x5A7C0000 0x7A7C0000 0x00010000 4
[2022-12-19 14:18:20] INFO     mem_cmp 0x5AFC0000 0x7AFC0000 0x00010000 4
[2022-12-19 14:18:26] INFO     mem_cmp 0x5B7C0000 0x7B7C0000 0x00010000 4
[2022-12-19 14:18:33] INFO     mem_cmp 0x5BFC0000 0x7BFC0000 0x00010000 4
[2022-12-19 14:18:39] INFO     mem_cmp 0x5C7C0000 0x7C7C0000 0x00010000 4
[2022-12-19 14:18:46] INFO     mem_cmp 0x5CFC0000 0x7CFC0000 0x00010000 4
[2022-12-19 14:18:52] INFO     mem_cmp 0x5D7C0000 0x7D7C0000 0x00010000 4
[2022-12-19 14:18:59] INFO     mem_cmp 0x5DFC0000 0x7DFC0000 0x00010000 4
[2022-12-19 14:19:05] INFO     mem_cmp 0x5E7C0000 0x7E7C0000 0x00010000 4
[2022-12-19 14:19:12] INFO     mem_cmp 0x5EFC0000 0x7EFC0000 0x00010000 4
[2022-12-19 14:19:18] INFO     mem_cmp 0x5F7C0000 0x7F7C0000 0x00010000 4
[2022-12-19 14:19:25] INFO     mem_cmp 0x5FFC0000 0x7FFC0000 0x00010000 4
[2022-12-19 14:19:25] INFO     STATE:Mem Compare State
[2022-12-19 14:19:31] INFO     mem_cmp 0x407C0000 0x607C0000 0x00010000 4
[2022-12-19 14:19:38] INFO     mem_cmp 0x40FC0000 0x60FC0000 0x00010000 4
[2022-12-19 14:19:45] INFO     mem_cmp 0x417C0000 0x617C0000 0x00010000 4
[2022-12-19 14:19:51] INFO     mem_cmp 0x41FC0000 0x61FC0000 0x00010000 4
[2022-12-19 14:19:57] INFO     mem_cmp 0x427C0000 0x627C0000 0x00010000 4
[2022-12-19 14:20:04] INFO     mem_cmp 0x42FC0000 0x62FC0000 0x00010000 4
[2022-12-19 14:20:10] INFO     mem_cmp 0x437C0000 0x637C0000 0x00010000 4
[2022-12-19 14:20:17] INFO     mem_cmp 0x43FC0000 0x63FC0000 0x00010000 4
[2022-12-19 14:20:24] INFO     mem_cmp 0x447C0000 0x647C0000 0x00010000 4
[2022-12-19 14:20:30] INFO     mem_cmp 0x44FC0000 0x64FC0000 0x00010000 4
[2022-12-19 14:20:37] INFO     mem_cmp 0x457C0000 0x657C0000 0x00010000 4
[2022-12-19 14:20:43] INFO     mem_cmp 0x45FC0000 0x65FC0000 0x00010000 4
[2022-12-19 14:20:50] INFO     mem_cmp 0x467C0000 0x667C0000 0x00010000 4
[2022-12-19 14:20:56] INFO     mem_cmp 0x46FC0000 0x66FC0000 0x00010000 4
[2022-12-19 14:21:03] INFO     mem_cmp 0x477C0000 0x677C0000 0x00010000 4
[2022-12-19 14:21:09] INFO     mem_cmp 0x47FC0000 0x67FC0000 0x00010000 4
[2022-12-19 14:21:16] INFO     mem_cmp 0x487C0000 0x687C0000 0x00010000 4
[2022-12-19 14:21:22] INFO     mem_cmp 0x48FC0000 0x68FC0000 0x00010000 4
[2022-12-19 14:21:29] INFO     mem_cmp 0x497C0000 0x697C0000 0x00010000 4
[2022-12-19 14:21:35] INFO     mem_cmp 0x49FC0000 0x69FC0000 0x00010000 4
[2022-12-19 14:21:42] INFO     mem_cmp 0x4A7C0000 0x6A7C0000 0x00010000 4
[2022-12-19 14:21:48] INFO     mem_cmp 0x4AFC0000 0x6AFC0000 0x00010000 4
[2022-12-19 14:21:55] INFO     mem_cmp 0x4B7C0000 0x6B7C0000 0x00010000 4
[2022-12-19 14:22:01] INFO     mem_cmp 0x4BFC0000 0x6BFC0000 0x00010000 4
[2022-12-19 14:22:08] INFO     mem_cmp 0x4C7C0000 0x6C7C0000 0x00010000 4
[2022-12-19 14:22:14] INFO     mem_cmp 0x4CFC0000 0x6CFC0000 0x00010000 4
[2022-12-19 14:22:21] INFO     mem_cmp 0x4D7C0000 0x6D7C0000 0x00010000 4
[2022-12-19 14:22:28] INFO     mem_cmp 0x4DFC0000 0x6DFC0000 0x00010000 4
[2022-12-19 14:22:34] INFO     mem_cmp 0x4E7C0000 0x6E7C0000 0x00010000 4
[2022-12-19 14:22:41] INFO     mem_cmp 0x4EFC0000 0x6EFC0000 0x00010000 4
[2022-12-19 14:22:48] INFO     mem_cmp 0x4F7C0000 0x6F7C0000 0x00010000 4
[2022-12-19 14:22:54] INFO     mem_cmp 0x4FFC0000 0x6FFC0000 0x00010000 4
[2022-12-19 14:23:01] INFO     mem_cmp 0x507C0000 0x707C0000 0x00010000 4
[2022-12-19 14:23:08] INFO     mem_cmp 0x50FC0000 0x70FC0000 0x00010000 4
[2022-12-19 14:23:14] INFO     mem_cmp 0x517C0000 0x717C0000 0x00010000 4
[2022-12-19 14:23:20] INFO     mem_cmp 0x51FC0000 0x71FC0000 0x00010000 4
[2022-12-19 14:23:27] INFO     mem_cmp 0x527C0000 0x727C0000 0x00010000 4
[2022-12-19 14:23:33] INFO     mem_cmp 0x52FC0000 0x72FC0000 0x00010000 4
[2022-12-19 14:23:40] INFO     mem_cmp 0x537C0000 0x737C0000 0x00010000 4
[2022-12-19 14:23:47] INFO     mem_cmp 0x53FC0000 0x73FC0000 0x00010000 4
[2022-12-19 14:23:53] INFO     mem_cmp 0x547C0000 0x747C0000 0x00010000 4
[2022-12-19 14:23:59] INFO     mem_cmp 0x54FC0000 0x74FC0000 0x00010000 4
[2022-12-19 14:24:06] INFO     mem_cmp 0x557C0000 0x757C0000 0x00010000 4
[2022-12-19 14:24:13] INFO     mem_cmp 0x55FC0000 0x75FC0000 0x00010000 4
[2022-12-19 14:24:19] INFO     mem_cmp 0x567C0000 0x767C0000 0x00010000 4
[2022-12-19 14:24:26] INFO     mem_cmp 0x56FC0000 0x76FC0000 0x00010000 4
[2022-12-19 14:24:33] INFO     mem_cmp 0x577C0000 0x777C0000 0x00010000 4
[2022-12-19 14:24:39] INFO     mem_cmp 0x57FC0000 0x77FC0000 0x00010000 4
[2022-12-19 14:24:46] INFO     mem_cmp 0x587C0000 0x787C0000 0x00010000 4
[2022-12-19 14:24:52] INFO     mem_cmp 0x58FC0000 0x78FC0000 0x00010000 4
[2022-12-19 14:24:59] INFO     mem_cmp 0x597C0000 0x797C0000 0x00010000 4
[2022-12-19 14:25:05] INFO     mem_cmp 0x59FC0000 0x79FC0000 0x00010000 4
[2022-12-19 14:25:12] INFO     mem_cmp 0x5A7C0000 0x7A7C0000 0x00010000 4
[2022-12-19 14:25:19] INFO     mem_cmp 0x5AFC0000 0x7AFC0000 0x00010000 4
[2022-12-19 14:25:25] INFO     mem_cmp 0x5B7C0000 0x7B7C0000 0x00010000 4
[2022-12-19 14:25:32] INFO     mem_cmp 0x5BFC0000 0x7BFC0000 0x00010000 4
[2022-12-19 14:25:38] INFO     mem_cmp 0x5C7C0000 0x7C7C0000 0x00010000 4
[2022-12-19 14:25:45] INFO     mem_cmp 0x5CFC0000 0x7CFC0000 0x00010000 4
[2022-12-19 14:25:51] INFO     mem_cmp 0x5D7C0000 0x7D7C0000 0x00010000 4
[2022-12-19 14:25:58] INFO     mem_cmp 0x5DFC0000 0x7DFC0000 0x00010000 4
[2022-12-19 14:26:05] INFO     mem_cmp 0x5E7C0000 0x7E7C0000 0x00010000 4
[2022-12-19 14:26:11] INFO     mem_cmp 0x5EFC0000 0x7EFC0000 0x00010000 4
[2022-12-19 14:26:18] INFO     mem_cmp 0x5F7C0000 0x7F7C0000 0x00010000 4
[2022-12-19 14:26:24] INFO     mem_cmp 0x5FFC0000 0x7FFC0000 0x00010000 4
[2022-12-19 14:26:25] INFO     STATE:Mem Compare State
[2022-12-19 14:26:31] INFO     mem_cmp 0x407C0000 0x607C0000 0x00010000 4
[2022-12-19 14:26:38] INFO     mem_cmp 0x40FC0000 0x60FC0000 0x00010000 4
[2022-12-19 14:26:44] INFO     mem_cmp 0x417C0000 0x617C0000 0x00010000 4
[2022-12-19 14:26:51] INFO     mem_cmp 0x41FC0000 0x61FC0000 0x00010000 4
[2022-12-19 14:26:57] INFO     mem_cmp 0x427C0000 0x627C0000 0x00010000 4
[2022-12-19 14:27:04] INFO     mem_cmp 0x42FC0000 0x62FC0000 0x00010000 4
[2022-12-19 14:27:11] INFO     mem_cmp 0x437C0000 0x637C0000 0x00010000 4
[2022-12-19 14:27:18] INFO     mem_cmp 0x43FC0000 0x63FC0000 0x00010000 4
[2022-12-19 14:27:24] INFO     mem_cmp 0x447C0000 0x647C0000 0x00010000 4
[2022-12-19 14:27:31] INFO     mem_cmp 0x44FC0000 0x64FC0000 0x00010000 4
[2022-12-19 14:27:38] INFO     mem_cmp 0x457C0000 0x657C0000 0x00010000 4
[2022-12-19 14:27:44] INFO     mem_cmp 0x45FC0000 0x65FC0000 0x00010000 4
[2022-12-19 14:27:51] INFO     mem_cmp 0x467C0000 0x667C0000 0x00010000 4
[2022-12-19 14:27:58] INFO     mem_cmp 0x46FC0000 0x66FC0000 0x00010000 4
[2022-12-19 14:28:04] INFO     mem_cmp 0x477C0000 0x677C0000 0x00010000 4
[2022-12-19 14:28:11] INFO     mem_cmp 0x47FC0000 0x67FC0000 0x00010000 4
[2022-12-19 14:28:17] INFO     mem_cmp 0x487C0000 0x687C0000 0x00010000 4
[2022-12-19 14:28:24] INFO     mem_cmp 0x48FC0000 0x68FC0000 0x00010000 4
[2022-12-19 14:28:31] INFO     mem_cmp 0x497C0000 0x697C0000 0x00010000 4
[2022-12-19 14:28:37] INFO     mem_cmp 0x49FC0000 0x69FC0000 0x00010000 4
[2022-12-19 14:28:44] INFO     mem_cmp 0x4A7C0000 0x6A7C0000 0x00010000 4
[2022-12-19 14:28:50] INFO     mem_cmp 0x4AFC0000 0x6AFC0000 0x00010000 4
[2022-12-19 14:28:57] INFO     mem_cmp 0x4B7C0000 0x6B7C0000 0x00010000 4
[2022-12-19 14:29:03] INFO     mem_cmp 0x4BFC0000 0x6BFC0000 0x00010000 4
[2022-12-19 14:29:10] INFO     mem_cmp 0x4C7C0000 0x6C7C0000 0x00010000 4
[2022-12-19 14:29:16] INFO     mem_cmp 0x4CFC0000 0x6CFC0000 0x00010000 4
[2022-12-19 14:29:23] INFO     mem_cmp 0x4D7C0000 0x6D7C0000 0x00010000 4
[2022-12-19 14:29:30] INFO     mem_cmp 0x4DFC0000 0x6DFC0000 0x00010000 4
[2022-12-19 14:29:36] INFO     mem_cmp 0x4E7C0000 0x6E7C0000 0x00010000 4
[2022-12-19 14:29:43] INFO     mem_cmp 0x4EFC0000 0x6EFC0000 0x00010000 4
[2022-12-19 14:29:49] INFO     mem_cmp 0x4F7C0000 0x6F7C0000 0x00010000 4
[2022-12-19 14:29:56] INFO     mem_cmp 0x4FFC0000 0x6FFC0000 0x00010000 4
[2022-12-19 14:30:02] INFO     mem_cmp 0x507C0000 0x707C0000 0x00010000 4
[2022-12-19 14:30:09] INFO     mem_cmp 0x50FC0000 0x70FC0000 0x00010000 4
[2022-12-19 14:30:16] INFO     mem_cmp 0x517C0000 0x717C0000 0x00010000 4
[2022-12-19 14:30:22] INFO     mem_cmp 0x51FC0000 0x71FC0000 0x00010000 4
[2022-12-19 14:30:29] INFO     mem_cmp 0x527C0000 0x727C0000 0x00010000 4
[2022-12-19 14:30:35] INFO     mem_cmp 0x52FC0000 0x72FC0000 0x00010000 4
[2022-12-19 14:30:42] INFO     mem_cmp 0x537C0000 0x737C0000 0x00010000 4
[2022-12-19 14:30:49] INFO     mem_cmp 0x53FC0000 0x73FC0000 0x00010000 4
[2022-12-19 14:30:55] INFO     mem_cmp 0x547C0000 0x747C0000 0x00010000 4
[2022-12-19 14:31:02] INFO     mem_cmp 0x54FC0000 0x74FC0000 0x00010000 4
[2022-12-19 14:31:09] INFO     mem_cmp 0x557C0000 0x757C0000 0x00010000 4
[2022-12-19 14:31:15] INFO     mem_cmp 0x55FC0000 0x75FC0000 0x00010000 4
[2022-12-19 14:31:22] INFO     mem_cmp 0x567C0000 0x767C0000 0x00010000 4
[2022-12-19 14:31:28] INFO     mem_cmp 0x56FC0000 0x76FC0000 0x00010000 4
[2022-12-19 14:31:35] INFO     mem_cmp 0x577C0000 0x777C0000 0x00010000 4
[2022-12-19 14:31:42] INFO     mem_cmp 0x57FC0000 0x77FC0000 0x00010000 4
[2022-12-19 14:31:48] INFO     mem_cmp 0x587C0000 0x787C0000 0x00010000 4
[2022-12-19 14:31:55] INFO     mem_cmp 0x58FC0000 0x78FC0000 0x00010000 4
[2022-12-19 14:32:02] INFO     mem_cmp 0x597C0000 0x797C0000 0x00010000 4
[2022-12-19 14:32:09] INFO     mem_cmp 0x59FC0000 0x79FC0000 0x00010000 4
[2022-12-19 14:32:15] INFO     mem_cmp 0x5A7C0000 0x7A7C0000 0x00010000 4
[2022-12-19 14:32:22] INFO     mem_cmp 0x5AFC0000 0x7AFC0000 0x00010000 4
[2022-12-19 14:32:28] INFO     mem_cmp 0x5B7C0000 0x7B7C0000 0x00010000 4
[2022-12-19 14:32:35] INFO     mem_cmp 0x5BFC0000 0x7BFC0000 0x00010000 4
[2022-12-19 14:32:41] INFO     mem_cmp 0x5C7C0000 0x7C7C0000 0x00010000 4
[2022-12-19 14:32:48] INFO     mem_cmp 0x5CFC0000 0x7CFC0000 0x00010000 4
[2022-12-19 14:32:54] INFO     mem_cmp 0x5D7C0000 0x7D7C0000 0x00010000 4
[2022-12-19 14:33:01] INFO     mem_cmp 0x5DFC0000 0x7DFC0000 0x00010000 4
[2022-12-19 14:33:08] INFO     mem_cmp 0x5E7C0000 0x7E7C0000 0x00010000 4
[2022-12-19 14:33:14] INFO     mem_cmp 0x5EFC0000 0x7EFC0000 0x00010000 4
[2022-12-19 14:33:21] INFO     mem_cmp 0x5F7C0000 0x7F7C0000 0x00010000 4
[2022-12-19 14:33:27] INFO     mem_cmp 0x5FFC0000 0x7FFC0000 0x00010000 4
[2022-12-19 14:33:28] INFO     STATE:Mem Compare State
[2022-12-19 14:33:34] INFO     mem_cmp 0x407C0000 0x607C0000 0x00010000 4
[2022-12-19 14:33:41] INFO     mem_cmp 0x40FC0000 0x60FC0000 0x00010000 4
[2022-12-19 14:33:47] INFO     mem_cmp 0x417C0000 0x617C0000 0x00010000 4
[2022-12-19 14:33:54] INFO     mem_cmp 0x41FC0000 0x61FC0000 0x00010000 4
[2022-12-19 14:34:00] INFO     mem_cmp 0x427C0000 0x627C0000 0x00010000 4
[2022-12-19 14:34:07] INFO     mem_cmp 0x42FC0000 0x62FC0000 0x00010000 4
[2022-12-19 14:34:13] INFO     mem_cmp 0x437C0000 0x637C0000 0x00010000 4
[2022-12-19 14:34:20] INFO     mem_cmp 0x43FC0000 0x63FC0000 0x00010000 4
[2022-12-19 14:34:27] INFO     mem_cmp 0x447C0000 0x647C0000 0x00010000 4
[2022-12-19 14:34:34] INFO     mem_cmp 0x44FC0000 0x64FC0000 0x00010000 4
[2022-12-19 14:34:40] INFO     mem_cmp 0x457C0000 0x657C0000 0x00010000 4
[2022-12-19 14:34:47] INFO     mem_cmp 0x45FC0000 0x65FC0000 0x00010000 4
[2022-12-19 14:34:53] INFO     mem_cmp 0x467C0000 0x667C0000 0x00010000 4
[2022-12-19 14:35:00] INFO     mem_cmp 0x46FC0000 0x66FC0000 0x00010000 4
[2022-12-19 14:35:06] INFO     mem_cmp 0x477C0000 0x677C0000 0x00010000 4
[2022-12-19 14:35:13] INFO     mem_cmp 0x47FC0000 0x67FC0000 0x00010000 4
[2022-12-19 14:35:20] INFO     mem_cmp 0x487C0000 0x687C0000 0x00010000 4
[2022-12-19 14:35:27] INFO     mem_cmp 0x48FC0000 0x68FC0000 0x00010000 4
[2022-12-19 14:35:33] INFO     mem_cmp 0x497C0000 0x697C0000 0x00010000 4
[2022-12-19 14:35:39] INFO     mem_cmp 0x49FC0000 0x69FC0000 0x00010000 4
[2022-12-19 14:35:46] INFO     mem_cmp 0x4A7C0000 0x6A7C0000 0x00010000 4
[2022-12-19 14:35:53] INFO     mem_cmp 0x4AFC0000 0x6AFC0000 0x00010000 4
[2022-12-19 14:35:59] INFO     mem_cmp 0x4B7C0000 0x6B7C0000 0x00010000 4
[2022-12-19 14:36:06] INFO     mem_cmp 0x4BFC0000 0x6BFC0000 0x00010000 4
[2022-12-19 14:36:12] INFO     mem_cmp 0x4C7C0000 0x6C7C0000 0x00010000 4
[2022-12-19 14:36:19] INFO     mem_cmp 0x4CFC0000 0x6CFC0000 0x00010000 4
[2022-12-19 14:36:25] INFO     mem_cmp 0x4D7C0000 0x6D7C0000 0x00010000 4
[2022-12-19 14:36:32] INFO     mem_cmp 0x4DFC0000 0x6DFC0000 0x00010000 4
[2022-12-19 14:36:39] INFO     mem_cmp 0x4E7C0000 0x6E7C0000 0x00010000 4
[2022-12-19 14:36:45] INFO     mem_cmp 0x4EFC0000 0x6EFC0000 0x00010000 4
[2022-12-19 14:36:52] INFO     mem_cmp 0x4F7C0000 0x6F7C0000 0x00010000 4
[2022-12-19 14:36:59] INFO     mem_cmp 0x4FFC0000 0x6FFC0000 0x00010000 4
[2022-12-19 14:37:06] INFO     mem_cmp 0x507C0000 0x707C0000 0x00010000 4
[2022-12-19 14:37:12] INFO     mem_cmp 0x50FC0000 0x70FC0000 0x00010000 4
[2022-12-19 14:37:19] INFO     mem_cmp 0x517C0000 0x717C0000 0x00010000 4
[2022-12-19 14:37:26] INFO     mem_cmp 0x51FC0000 0x71FC0000 0x00010000 4
[2022-12-19 14:37:32] INFO     mem_cmp 0x527C0000 0x727C0000 0x00010000 4
[2022-12-19 14:37:39] INFO     mem_cmp 0x52FC0000 0x72FC0000 0x00010000 4
[2022-12-19 14:37:46] INFO     mem_cmp 0x537C0000 0x737C0000 0x00010000 4
[2022-12-19 14:37:52] INFO     mem_cmp 0x53FC0000 0x73FC0000 0x00010000 4
[2022-12-19 14:37:59] INFO     mem_cmp 0x547C0000 0x747C0000 0x00010000 4
[2022-12-19 14:38:06] INFO     mem_cmp 0x54FC0000 0x74FC0000 0x00010000 4
[2022-12-19 14:38:12] INFO     mem_cmp 0x557C0000 0x757C0000 0x00010000 4
[2022-12-19 14:38:19] INFO     mem_cmp 0x55FC0000 0x75FC0000 0x00010000 4
[2022-12-19 14:38:26] INFO     mem_cmp 0x567C0000 0x767C0000 0x00010000 4
[2022-12-19 14:38:32] INFO     mem_cmp 0x56FC0000 0x76FC0000 0x00010000 4
[2022-12-19 14:38:39] INFO     mem_cmp 0x577C0000 0x777C0000 0x00010000 4
[2022-12-19 14:38:45] INFO     mem_cmp 0x57FC0000 0x77FC0000 0x00010000 4
[2022-12-19 14:38:52] INFO     mem_cmp 0x587C0000 0x787C0000 0x00010000 4
[2022-12-19 14:38:58] INFO     mem_cmp 0x58FC0000 0x78FC0000 0x00010000 4
[2022-12-19 14:39:05] INFO     mem_cmp 0x597C0000 0x797C0000 0x00010000 4
[2022-12-19 14:39:12] INFO     mem_cmp 0x59FC0000 0x79FC0000 0x00010000 4
[2022-12-19 14:39:18] INFO     mem_cmp 0x5A7C0000 0x7A7C0000 0x00010000 4
[2022-12-19 14:39:25] INFO     mem_cmp 0x5AFC0000 0x7AFC0000 0x00010000 4
[2022-12-19 14:39:32] INFO     mem_cmp 0x5B7C0000 0x7B7C0000 0x00010000 4
[2022-12-19 14:39:38] INFO     mem_cmp 0x5BFC0000 0x7BFC0000 0x00010000 4
[2022-12-19 14:39:45] INFO     mem_cmp 0x5C7C0000 0x7C7C0000 0x00010000 4
[2022-12-19 14:39:51] INFO     mem_cmp 0x5CFC0000 0x7CFC0000 0x00010000 4
[2022-12-19 14:39:58] INFO     mem_cmp 0x5D7C0000 0x7D7C0000 0x00010000 4
[2022-12-19 14:40:05] INFO     mem_cmp 0x5DFC0000 0x7DFC0000 0x00010000 4
[2022-12-19 14:40:12] INFO     mem_cmp 0x5E7C0000 0x7E7C0000 0x00010000 4
[2022-12-19 14:40:18] INFO     mem_cmp 0x5EFC0000 0x7EFC0000 0x00010000 4
[2022-12-19 14:40:25] INFO     mem_cmp 0x5F7C0000 0x7F7C0000 0x00010000 4
[2022-12-19 14:40:31] INFO     mem_cmp 0x5FFC0000 0x7FFC0000 0x00010000 4
[2022-12-19 14:40:31] INFO     STATE:Mem Compare State
[2022-12-19 14:40:38] INFO     mem_cmp 0x407C0000 0x607C0000 0x00010000 4
[2022-12-19 14:40:44] INFO     mem_cmp 0x40FC0000 0x60FC0000 0x00010000 4
[2022-12-19 14:40:51] INFO     mem_cmp 0x417C0000 0x617C0000 0x00010000 4
[2022-12-19 14:40:57] INFO     mem_cmp 0x41FC0000 0x61FC0000 0x00010000 4
[2022-12-19 14:41:04] INFO     mem_cmp 0x427C0000 0x627C0000 0x00010000 4
[2022-12-19 14:41:10] INFO     mem_cmp 0x42FC0000 0x62FC0000 0x00010000 4
[2022-12-19 14:41:17] INFO     mem_cmp 0x437C0000 0x637C0000 0x00010000 4
[2022-12-19 14:41:24] INFO     mem_cmp 0x43FC0000 0x63FC0000 0x00010000 4
[2022-12-19 14:41:30] INFO     mem_cmp 0x447C0000 0x647C0000 0x00010000 4
[2022-12-19 14:41:37] INFO     mem_cmp 0x44FC0000 0x64FC0000 0x00010000 4
[2022-12-19 14:41:43] INFO     mem_cmp 0x457C0000 0x657C0000 0x00010000 4
[2022-12-19 14:41:50] INFO     mem_cmp 0x45FC0000 0x65FC0000 0x00010000 4
[2022-12-19 14:41:56] INFO     mem_cmp 0x467C0000 0x667C0000 0x00010000 4
[2022-12-19 14:42:03] INFO     mem_cmp 0x46FC0000 0x66FC0000 0x00010000 4
[2022-12-19 14:42:09] INFO     mem_cmp 0x477C0000 0x677C0000 0x00010000 4
[2022-12-19 14:42:16] INFO     mem_cmp 0x47FC0000 0x67FC0000 0x00010000 4
[2022-12-19 14:42:22] INFO     mem_cmp 0x487C0000 0x687C0000 0x00010000 4
[2022-12-19 14:42:29] INFO     mem_cmp 0x48FC0000 0x68FC0000 0x00010000 4
[2022-12-19 14:42:35] INFO     mem_cmp 0x497C0000 0x697C0000 0x00010000 4
[2022-12-19 14:42:42] INFO     mem_cmp 0x49FC0000 0x69FC0000 0x00010000 4
[2022-12-19 14:42:48] INFO     mem_cmp 0x4A7C0000 0x6A7C0000 0x00010000 4
[2022-12-19 14:42:55] INFO     mem_cmp 0x4AFC0000 0x6AFC0000 0x00010000 4
[2022-12-19 14:43:02] INFO     mem_cmp 0x4B7C0000 0x6B7C0000 0x00010000 4
[2022-12-19 14:43:08] INFO     mem_cmp 0x4BFC0000 0x6BFC0000 0x00010000 4
[2022-12-19 14:43:14] INFO     mem_cmp 0x4C7C0000 0x6C7C0000 0x00010000 4
[2022-12-19 14:43:21] INFO     mem_cmp 0x4CFC0000 0x6CFC0000 0x00010000 4
[2022-12-19 14:43:28] INFO     mem_cmp 0x4D7C0000 0x6D7C0000 0x00010000 4
[2022-12-19 14:43:34] INFO     mem_cmp 0x4DFC0000 0x6DFC0000 0x00010000 4
[2022-12-19 14:43:41] INFO     mem_cmp 0x4E7C0000 0x6E7C0000 0x00010000 4
[2022-12-19 14:43:47] INFO     mem_cmp 0x4EFC0000 0x6EFC0000 0x00010000 4
[2022-12-19 14:43:54] INFO     mem_cmp 0x4F7C0000 0x6F7C0000 0x00010000 4
[2022-12-19 14:44:01] INFO     mem_cmp 0x4FFC0000 0x6FFC0000 0x00010000 4
[2022-12-19 14:44:07] INFO     mem_cmp 0x507C0000 0x707C0000 0x00010000 4
[2022-12-19 14:44:14] INFO     mem_cmp 0x50FC0000 0x70FC0000 0x00010000 4
[2022-12-19 14:44:20] INFO     mem_cmp 0x517C0000 0x717C0000 0x00010000 4
[2022-12-19 14:44:27] INFO     mem_cmp 0x51FC0000 0x71FC0000 0x00010000 4
[2022-12-19 14:44:34] INFO     mem_cmp 0x527C0000 0x727C0000 0x00010000 4
[2022-12-19 14:44:40] INFO     mem_cmp 0x52FC0000 0x72FC0000 0x00010000 4
[2022-12-19 14:44:47] INFO     mem_cmp 0x537C0000 0x737C0000 0x00010000 4
[2022-12-19 14:44:53] INFO     mem_cmp 0x53FC0000 0x73FC0000 0x00010000 4
[2022-12-19 14:45:00] INFO     mem_cmp 0x547C0000 0x747C0000 0x00010000 4
[2022-12-19 14:45:07] INFO     mem_cmp 0x54FC0000 0x74FC0000 0x00010000 4
[2022-12-19 14:45:13] INFO     mem_cmp 0x557C0000 0x757C0000 0x00010000 4
[2022-12-19 14:45:20] INFO     mem_cmp 0x55FC0000 0x75FC0000 0x00010000 4
[2022-12-19 14:45:26] INFO     mem_cmp 0x567C0000 0x767C0000 0x00010000 4
[2022-12-19 14:45:33] INFO     mem_cmp 0x56FC0000 0x76FC0000 0x00010000 4
[2022-12-19 14:45:39] INFO     mem_cmp 0x577C0000 0x777C0000 0x00010000 4
[2022-12-19 14:45:45] INFO     mem_cmp 0x57FC0000 0x77FC0000 0x00010000 4
[2022-12-19 14:45:52] INFO     mem_cmp 0x587C0000 0x787C0000 0x00010000 4
[2022-12-19 14:45:58] INFO     mem_cmp 0x58FC0000 0x78FC0000 0x00010000 4
[2022-12-19 14:46:05] INFO     mem_cmp 0x597C0000 0x797C0000 0x00010000 4
[2022-12-19 14:46:12] INFO     mem_cmp 0x59FC0000 0x79FC0000 0x00010000 4
[2022-12-19 14:46:18] INFO     mem_cmp 0x5A7C0000 0x7A7C0000 0x00010000 4
[2022-12-19 14:46:25] INFO     mem_cmp 0x5AFC0000 0x7AFC0000 0x00010000 4
[2022-12-19 14:46:31] INFO     mem_cmp 0x5B7C0000 0x7B7C0000 0x00010000 4
[2022-12-19 14:46:38] INFO     mem_cmp 0x5BFC0000 0x7BFC0000 0x00010000 4
[2022-12-19 14:46:45] INFO     mem_cmp 0x5C7C0000 0x7C7C0000 0x00010000 4
[2022-12-19 14:46:51] INFO     mem_cmp 0x5CFC0000 0x7CFC0000 0x00010000 4
[2022-12-19 14:46:58] INFO     mem_cmp 0x5D7C0000 0x7D7C0000 0x00010000 4
[2022-12-19 14:47:04] INFO     mem_cmp 0x5DFC0000 0x7DFC0000 0x00010000 4
[2022-12-19 14:47:11] INFO     mem_cmp 0x5E7C0000 0x7E7C0000 0x00010000 4
[2022-12-19 14:47:18] INFO     mem_cmp 0x5EFC0000 0x7EFC0000 0x00010000 4
[2022-12-19 14:47:24] INFO     mem_cmp 0x5F7C0000 0x7F7C0000 0x00010000 4
[2022-12-19 14:47:31] INFO     mem_cmp 0x5FFC0000 0x7FFC0000 0x00010000 4
[2022-12-19 14:47:31] INFO     STATE:Mem Compare State
[2022-12-19 14:47:37] INFO     mem_cmp 0x407C0000 0x607C0000 0x00010000 4
[2022-12-19 14:47:44] INFO     mem_cmp 0x40FC0000 0x60FC0000 0x00010000 4
[2022-12-19 14:47:51] INFO     mem_cmp 0x417C0000 0x617C0000 0x00010000 4
[2022-12-19 14:47:57] INFO     mem_cmp 0x41FC0000 0x61FC0000 0x00010000 4
[2022-12-19 14:48:04] INFO     mem_cmp 0x427C0000 0x627C0000 0x00010000 4
[2022-12-19 14:48:11] INFO     mem_cmp 0x42FC0000 0x62FC0000 0x00010000 4
[2022-12-19 14:48:17] INFO     mem_cmp 0x437C0000 0x637C0000 0x00010000 4
[2022-12-19 14:48:24] INFO     mem_cmp 0x43FC0000 0x63FC0000 0x00010000 4
[2022-12-19 14:48:30] INFO     mem_cmp 0x447C0000 0x647C0000 0x00010000 4
[2022-12-19 14:48:37] INFO     mem_cmp 0x44FC0000 0x64FC0000 0x00010000 4
[2022-12-19 14:48:43] INFO     mem_cmp 0x457C0000 0x657C0000 0x00010000 4
[2022-12-19 14:48:50] INFO     mem_cmp 0x45FC0000 0x65FC0000 0x00010000 4
[2022-12-19 14:48:57] INFO     mem_cmp 0x467C0000 0x667C0000 0x00010000 4
[2022-12-19 14:49:03] INFO     mem_cmp 0x46FC0000 0x66FC0000 0x00010000 4
[2022-12-19 14:49:10] INFO     mem_cmp 0x477C0000 0x677C0000 0x00010000 4
[2022-12-19 14:49:16] INFO     mem_cmp 0x47FC0000 0x67FC0000 0x00010000 4
[2022-12-19 14:49:23] INFO     mem_cmp 0x487C0000 0x687C0000 0x00010000 4
[2022-12-19 14:49:29] INFO     mem_cmp 0x48FC0000 0x68FC0000 0x00010000 4
[2022-12-19 14:49:36] INFO     mem_cmp 0x497C0000 0x697C0000 0x00010000 4
[2022-12-19 14:49:42] INFO     mem_cmp 0x49FC0000 0x69FC0000 0x00010000 4
[2022-12-19 14:49:49] INFO     mem_cmp 0x4A7C0000 0x6A7C0000 0x00010000 4
[2022-12-19 14:49:56] INFO     mem_cmp 0x4AFC0000 0x6AFC0000 0x00010000 4
[2022-12-19 14:50:02] INFO     mem_cmp 0x4B7C0000 0x6B7C0000 0x00010000 4
[2022-12-19 14:50:09] INFO     mem_cmp 0x4BFC0000 0x6BFC0000 0x00010000 4
[2022-12-19 14:50:16] INFO     mem_cmp 0x4C7C0000 0x6C7C0000 0x00010000 4
[2022-12-19 14:50:22] INFO     mem_cmp 0x4CFC0000 0x6CFC0000 0x00010000 4
[2022-12-19 14:50:29] INFO     mem_cmp 0x4D7C0000 0x6D7C0000 0x00010000 4
[2022-12-19 14:50:36] INFO     mem_cmp 0x4DFC0000 0x6DFC0000 0x00010000 4
[2022-12-19 14:50:42] INFO     mem_cmp 0x4E7C0000 0x6E7C0000 0x00010000 4
[2022-12-19 14:50:48] INFO     mem_cmp 0x4EFC0000 0x6EFC0000 0x00010000 4
[2022-12-19 14:50:55] INFO     mem_cmp 0x4F7C0000 0x6F7C0000 0x00010000 4
[2022-12-19 14:51:02] INFO     mem_cmp 0x4FFC0000 0x6FFC0000 0x00010000 4
[2022-12-19 14:51:08] INFO     mem_cmp 0x507C0000 0x707C0000 0x00010000 4
[2022-12-19 14:51:15] INFO     mem_cmp 0x50FC0000 0x70FC0000 0x00010000 4
[2022-12-19 14:51:21] INFO     mem_cmp 0x517C0000 0x717C0000 0x00010000 4
[2022-12-19 14:51:28] INFO     mem_cmp 0x51FC0000 0x71FC0000 0x00010000 4
[2022-12-19 14:51:35] INFO     mem_cmp 0x527C0000 0x727C0000 0x00010000 4
[2022-12-19 14:51:41] INFO     mem_cmp 0x52FC0000 0x72FC0000 0x00010000 4
[2022-12-19 14:51:47] INFO     mem_cmp 0x537C0000 0x737C0000 0x00010000 4
[2022-12-19 14:51:54] INFO     mem_cmp 0x53FC0000 0x73FC0000 0x00010000 4
[2022-12-19 14:52:01] INFO     mem_cmp 0x547C0000 0x747C0000 0x00010000 4
[2022-12-19 14:52:08] INFO     mem_cmp 0x54FC0000 0x74FC0000 0x00010000 4
[2022-12-19 14:52:14] INFO     mem_cmp 0x557C0000 0x757C0000 0x00010000 4
[2022-12-19 14:52:21] INFO     mem_cmp 0x55FC0000 0x75FC0000 0x00010000 4
[2022-12-19 14:52:27] INFO     mem_cmp 0x567C0000 0x767C0000 0x00010000 4
[2022-12-19 14:52:34] INFO     mem_cmp 0x56FC0000 0x76FC0000 0x00010000 4
[2022-12-19 14:52:41] INFO     mem_cmp 0x577C0000 0x777C0000 0x00010000 4
[2022-12-19 14:52:48] INFO     mem_cmp 0x57FC0000 0x77FC0000 0x00010000 4
[2022-12-19 14:52:54] INFO     mem_cmp 0x587C0000 0x787C0000 0x00010000 4
[2022-12-19 14:53:01] INFO     mem_cmp 0x58FC0000 0x78FC0000 0x00010000 4
[2022-12-19 14:53:07] INFO     mem_cmp 0x597C0000 0x797C0000 0x00010000 4
[2022-12-19 14:53:14] INFO     mem_cmp 0x59FC0000 0x79FC0000 0x00010000 4
[2022-12-19 14:53:20] INFO     mem_cmp 0x5A7C0000 0x7A7C0000 0x00010000 4
[2022-12-19 14:53:27] INFO     mem_cmp 0x5AFC0000 0x7AFC0000 0x00010000 4
[2022-12-19 14:53:33] INFO     mem_cmp 0x5B7C0000 0x7B7C0000 0x00010000 4
[2022-12-19 14:53:40] INFO     mem_cmp 0x5BFC0000 0x7BFC0000 0x00010000 4
[2022-12-19 14:53:47] INFO     mem_cmp 0x5C7C0000 0x7C7C0000 0x00010000 4
[2022-12-19 14:53:53] INFO     mem_cmp 0x5CFC0000 0x7CFC0000 0x00010000 4
[2022-12-19 14:54:00] INFO     mem_cmp 0x5D7C0000 0x7D7C0000 0x00010000 4
[2022-12-19 14:54:07] INFO     mem_cmp 0x5DFC0000 0x7DFC0000 0x00010000 4
[2022-12-19 14:54:13] INFO     mem_cmp 0x5E7C0000 0x7E7C0000 0x00010000 4
[2022-12-19 14:54:20] INFO     mem_cmp 0x5EFC0000 0x7EFC0000 0x00010000 4
[2022-12-19 14:54:26] INFO     mem_cmp 0x5F7C0000 0x7F7C0000 0x00010000 4
[2022-12-19 14:54:33] INFO     mem_cmp 0x5FFC0000 0x7FFC0000 0x00010000 4
[2022-12-19 14:54:33] INFO     STATE:Mem Compare State
[2022-12-19 14:54:40] INFO     mem_cmp 0x407C0000 0x607C0000 0x00010000 4
[2022-12-19 14:54:46] INFO     mem_cmp 0x40FC0000 0x60FC0000 0x00010000 4
[2022-12-19 14:54:53] INFO     mem_cmp 0x417C0000 0x617C0000 0x00010000 4
[2022-12-19 14:54:59] INFO     mem_cmp 0x41FC0000 0x61FC0000 0x00010000 4
[2022-12-19 14:55:06] INFO     mem_cmp 0x427C0000 0x627C0000 0x00010000 4
[2022-12-19 14:55:12] INFO     mem_cmp 0x42FC0000 0x62FC0000 0x00010000 4
[2022-12-19 14:55:19] INFO     mem_cmp 0x437C0000 0x637C0000 0x00010000 4
[2022-12-19 14:55:25] INFO     mem_cmp 0x43FC0000 0x63FC0000 0x00010000 4
[2022-12-19 14:55:32] INFO     mem_cmp 0x447C0000 0x647C0000 0x00010000 4
[2022-12-19 14:55:38] INFO     mem_cmp 0x44FC0000 0x64FC0000 0x00010000 4
[2022-12-19 14:55:45] INFO     mem_cmp 0x457C0000 0x657C0000 0x00010000 4
[2022-12-19 14:55:51] INFO     mem_cmp 0x45FC0000 0x65FC0000 0x00010000 4
[2022-12-19 14:55:58] INFO     mem_cmp 0x467C0000 0x667C0000 0x00010000 4
[2022-12-19 14:56:04] INFO     mem_cmp 0x46FC0000 0x66FC0000 0x00010000 4
[2022-12-19 14:56:11] INFO     mem_cmp 0x477C0000 0x677C0000 0x00010000 4
[2022-12-19 14:56:17] INFO     mem_cmp 0x47FC0000 0x67FC0000 0x00010000 4
[2022-12-19 14:56:24] INFO     mem_cmp 0x487C0000 0x687C0000 0x00010000 4
[2022-12-19 14:56:30] INFO     mem_cmp 0x48FC0000 0x68FC0000 0x00010000 4
[2022-12-19 14:56:37] INFO     mem_cmp 0x497C0000 0x697C0000 0x00010000 4
[2022-12-19 14:56:43] INFO     mem_cmp 0x49FC0000 0x69FC0000 0x00010000 4
[2022-12-19 14:56:50] INFO     mem_cmp 0x4A7C0000 0x6A7C0000 0x00010000 4
[2022-12-19 14:56:56] INFO     mem_cmp 0x4AFC0000 0x6AFC0000 0x00010000 4
[2022-12-19 14:57:03] INFO     mem_cmp 0x4B7C0000 0x6B7C0000 0x00010000 4
[2022-12-19 14:57:09] INFO     mem_cmp 0x4BFC0000 0x6BFC0000 0x00010000 4
[2022-12-19 14:57:16] INFO     mem_cmp 0x4C7C0000 0x6C7C0000 0x00010000 4
[2022-12-19 14:57:23] INFO     mem_cmp 0x4CFC0000 0x6CFC0000 0x00010000 4
[2022-12-19 14:57:29] INFO     mem_cmp 0x4D7C0000 0x6D7C0000 0x00010000 4
[2022-12-19 14:57:36] INFO     mem_cmp 0x4DFC0000 0x6DFC0000 0x00010000 4
[2022-12-19 14:57:42] INFO     mem_cmp 0x4E7C0000 0x6E7C0000 0x00010000 4
[2022-12-19 14:57:49] INFO     mem_cmp 0x4EFC0000 0x6EFC0000 0x00010000 4
[2022-12-19 14:57:56] INFO     mem_cmp 0x4F7C0000 0x6F7C0000 0x00010000 4
[2022-12-19 14:58:02] INFO     mem_cmp 0x4FFC0000 0x6FFC0000 0x00010000 4
[2022-12-19 14:58:09] INFO     mem_cmp 0x507C0000 0x707C0000 0x00010000 4
[2022-12-19 14:58:15] INFO     mem_cmp 0x50FC0000 0x70FC0000 0x00010000 4
[2022-12-19 14:58:22] INFO     mem_cmp 0x517C0000 0x717C0000 0x00010000 4
[2022-12-19 14:58:28] INFO     mem_cmp 0x51FC0000 0x71FC0000 0x00010000 4
[2022-12-19 14:58:35] INFO     mem_cmp 0x527C0000 0x727C0000 0x00010000 4
[2022-12-19 14:58:42] INFO     mem_cmp 0x52FC0000 0x72FC0000 0x00010000 4
[2022-12-19 14:58:49] INFO     mem_cmp 0x537C0000 0x737C0000 0x00010000 4
[2022-12-19 14:58:55] INFO     mem_cmp 0x53FC0000 0x73FC0000 0x00010000 4
[2022-12-19 14:59:02] INFO     mem_cmp 0x547C0000 0x747C0000 0x00010000 4
[2022-12-19 14:59:08] INFO     mem_cmp 0x54FC0000 0x74FC0000 0x00010000 4
[2022-12-19 14:59:15] INFO     mem_cmp 0x557C0000 0x757C0000 0x00010000 4
[2022-12-19 14:59:21] INFO     mem_cmp 0x55FC0000 0x75FC0000 0x00010000 4
[2022-12-19 14:59:28] INFO     mem_cmp 0x567C0000 0x767C0000 0x00010000 4
[2022-12-19 14:59:35] INFO     mem_cmp 0x56FC0000 0x76FC0000 0x00010000 4
[2022-12-19 14:59:41] INFO     mem_cmp 0x577C0000 0x777C0000 0x00010000 4
[2022-12-19 14:59:48] INFO     mem_cmp 0x57FC0000 0x77FC0000 0x00010000 4
[2022-12-19 14:59:54] INFO     mem_cmp 0x587C0000 0x787C0000 0x00010000 4
[2022-12-19 15:00:01] INFO     mem_cmp 0x58FC0000 0x78FC0000 0x00010000 4
[2022-12-19 15:00:07] INFO     mem_cmp 0x597C0000 0x797C0000 0x00010000 4
[2022-12-19 15:00:14] INFO     mem_cmp 0x59FC0000 0x79FC0000 0x00010000 4
[2022-12-19 15:00:20] INFO     mem_cmp 0x5A7C0000 0x7A7C0000 0x00010000 4
[2022-12-19 15:00:27] INFO     mem_cmp 0x5AFC0000 0x7AFC0000 0x00010000 4
[2022-12-19 15:00:34] INFO     mem_cmp 0x5B7C0000 0x7B7C0000 0x00010000 4
[2022-12-19 15:00:40] INFO     mem_cmp 0x5BFC0000 0x7BFC0000 0x00010000 4
[2022-12-19 15:00:47] INFO     mem_cmp 0x5C7C0000 0x7C7C0000 0x00010000 4
[2022-12-19 15:00:54] INFO     mem_cmp 0x5CFC0000 0x7CFC0000 0x00010000 4
[2022-12-19 15:01:00] INFO     mem_cmp 0x5D7C0000 0x7D7C0000 0x00010000 4
[2022-12-19 15:01:07] INFO     mem_cmp 0x5DFC0000 0x7DFC0000 0x00010000 4
[2022-12-19 15:01:13] INFO     mem_cmp 0x5E7C0000 0x7E7C0000 0x00010000 4
[2022-12-19 15:01:20] INFO     mem_cmp 0x5EFC0000 0x7EFC0000 0x00010000 4
[2022-12-19 15:01:27] INFO     mem_cmp 0x5F7C0000 0x7F7C0000 0x00010000 4
[2022-12-19 15:01:33] INFO     mem_cmp 0x5FFC0000 0x7FFC0000 0x00010000 4
[2022-12-19 15:01:33] INFO     STATE:Mem Compare State
[2022-12-19 15:01:40] INFO     mem_cmp 0x407C0000 0x607C0000 0x00010000 4
[2022-12-19 15:01:46] INFO     mem_cmp 0x40FC0000 0x60FC0000 0x00010000 4
[2022-12-19 15:01:53] INFO     mem_cmp 0x417C0000 0x617C0000 0x00010000 4
[2022-12-19 15:02:00] INFO     mem_cmp 0x41FC0000 0x61FC0000 0x00010000 4
[2022-12-19 15:02:06] INFO     mem_cmp 0x427C0000 0x627C0000 0x00010000 4
[2022-12-19 15:02:13] INFO     mem_cmp 0x42FC0000 0x62FC0000 0x00010000 4
[2022-12-19 15:02:20] INFO     mem_cmp 0x437C0000 0x637C0000 0x00010000 4
[2022-12-19 15:02:26] INFO     mem_cmp 0x43FC0000 0x63FC0000 0x00010000 4
[2022-12-19 15:02:33] INFO     mem_cmp 0x447C0000 0x647C0000 0x00010000 4
[2022-12-19 15:02:40] INFO     mem_cmp 0x44FC0000 0x64FC0000 0x00010000 4
[2022-12-19 15:02:46] INFO     mem_cmp 0x457C0000 0x657C0000 0x00010000 4
[2022-12-19 15:02:53] INFO     mem_cmp 0x45FC0000 0x65FC0000 0x00010000 4
[2022-12-19 15:02:59] INFO     mem_cmp 0x467C0000 0x667C0000 0x00010000 4
[2022-12-19 15:03:06] INFO     mem_cmp 0x46FC0000 0x66FC0000 0x00010000 4
[2022-12-19 15:03:12] INFO     mem_cmp 0x477C0000 0x677C0000 0x00010000 4
[2022-12-19 15:03:19] INFO     mem_cmp 0x47FC0000 0x67FC0000 0x00010000 4
[2022-12-19 15:03:26] INFO     mem_cmp 0x487C0000 0x687C0000 0x00010000 4
[2022-12-19 15:03:32] INFO     mem_cmp 0x48FC0000 0x68FC0000 0x00010000 4
[2022-12-19 15:03:39] INFO     mem_cmp 0x497C0000 0x697C0000 0x00010000 4
[2022-12-19 15:03:45] INFO     mem_cmp 0x49FC0000 0x69FC0000 0x00010000 4
[2022-12-19 15:03:52] INFO     mem_cmp 0x4A7C0000 0x6A7C0000 0x00010000 4
[2022-12-19 15:03:58] INFO     mem_cmp 0x4AFC0000 0x6AFC0000 0x00010000 4
[2022-12-19 15:04:05] INFO     mem_cmp 0x4B7C0000 0x6B7C0000 0x00010000 4
[2022-12-19 15:04:12] INFO     mem_cmp 0x4BFC0000 0x6BFC0000 0x00010000 4
[2022-12-19 15:04:18] INFO     mem_cmp 0x4C7C0000 0x6C7C0000 0x00010000 4
[2022-12-19 15:04:25] INFO     mem_cmp 0x4CFC0000 0x6CFC0000 0x00010000 4
[2022-12-19 15:04:31] INFO     mem_cmp 0x4D7C0000 0x6D7C0000 0x00010000 4
[2022-12-19 15:04:38] INFO     mem_cmp 0x4DFC0000 0x6DFC0000 0x00010000 4
[2022-12-19 15:04:44] INFO     mem_cmp 0x4E7C0000 0x6E7C0000 0x00010000 4
[2022-12-19 15:04:51] INFO     mem_cmp 0x4EFC0000 0x6EFC0000 0x00010000 4
[2022-12-19 15:04:58] INFO     mem_cmp 0x4F7C0000 0x6F7C0000 0x00010000 4
[2022-12-19 15:05:05] INFO     mem_cmp 0x4FFC0000 0x6FFC0000 0x00010000 4
[2022-12-19 15:05:11] INFO     mem_cmp 0x507C0000 0x707C0000 0x00010000 4
[2022-12-19 15:05:18] INFO     mem_cmp 0x50FC0000 0x70FC0000 0x00010000 4
[2022-12-19 15:05:24] INFO     mem_cmp 0x517C0000 0x717C0000 0x00010000 4
[2022-12-19 15:05:31] INFO     mem_cmp 0x51FC0000 0x71FC0000 0x00010000 4
[2022-12-19 15:05:37] INFO     mem_cmp 0x527C0000 0x727C0000 0x00010000 4
[2022-12-19 15:05:44] INFO     mem_cmp 0x52FC0000 0x72FC0000 0x00010000 4
[2022-12-19 15:05:50] INFO     mem_cmp 0x537C0000 0x737C0000 0x00010000 4
[2022-12-19 15:05:57] INFO     mem_cmp 0x53FC0000 0x73FC0000 0x00010000 4
[2022-12-19 15:06:04] INFO     mem_cmp 0x547C0000 0x747C0000 0x00010000 4
[2022-12-19 15:06:10] INFO     mem_cmp 0x54FC0000 0x74FC0000 0x00010000 4
[2022-12-19 15:06:17] INFO     mem_cmp 0x557C0000 0x757C0000 0x00010000 4
[2022-12-19 15:06:23] INFO     mem_cmp 0x55FC0000 0x75FC0000 0x00010000 4
[2022-12-19 15:06:30] INFO     mem_cmp 0x567C0000 0x767C0000 0x00010000 4
[2022-12-19 15:06:36] INFO     mem_cmp 0x56FC0000 0x76FC0000 0x00010000 4
[2022-12-19 15:06:43] INFO     mem_cmp 0x577C0000 0x777C0000 0x00010000 4
[2022-12-19 15:06:50] INFO     mem_cmp 0x57FC0000 0x77FC0000 0x00010000 4
[2022-12-19 15:06:56] INFO     mem_cmp 0x587C0000 0x787C0000 0x00010000 4
[2022-12-19 15:07:03] INFO     mem_cmp 0x58FC0000 0x78FC0000 0x00010000 4
[2022-12-19 15:07:10] INFO     mem_cmp 0x597C0000 0x797C0000 0x00010000 4
[2022-12-19 15:07:16] INFO     mem_cmp 0x59FC0000 0x79FC0000 0x00010000 4
[2022-12-19 15:07:23] INFO     mem_cmp 0x5A7C0000 0x7A7C0000 0x00010000 4
[2022-12-19 15:07:30] INFO     mem_cmp 0x5AFC0000 0x7AFC0000 0x00010000 4
[2022-12-19 15:07:36] INFO     mem_cmp 0x5B7C0000 0x7B7C0000 0x00010000 4
[2022-12-19 15:07:43] INFO     mem_cmp 0x5BFC0000 0x7BFC0000 0x00010000 4
[2022-12-19 15:07:49] INFO     mem_cmp 0x5C7C0000 0x7C7C0000 0x00010000 4
[2022-12-19 15:07:56] INFO     mem_cmp 0x5CFC0000 0x7CFC0000 0x00010000 4
[2022-12-19 15:08:02] INFO     mem_cmp 0x5D7C0000 0x7D7C0000 0x00010000 4
[2022-12-19 15:08:09] INFO     mem_cmp 0x5DFC0000 0x7DFC0000 0x00010000 4
[2022-12-19 15:08:15] INFO     mem_cmp 0x5E7C0000 0x7E7C0000 0x00010000 4
[2022-12-19 15:08:22] INFO     mem_cmp 0x5EFC0000 0x7EFC0000 0x00010000 4
[2022-12-19 15:08:29] INFO     mem_cmp 0x5F7C0000 0x7F7C0000 0x00010000 4
[2022-12-19 15:08:35] INFO     mem_cmp 0x5FFC0000 0x7FFC0000 0x00010000 4
[2022-12-19 15:08:36] INFO     STATE:Mem Compare State
[2022-12-19 15:08:42] INFO     mem_cmp 0x407C0000 0x607C0000 0x00010000 4
[2022-12-19 15:08:49] INFO     mem_cmp 0x40FC0000 0x60FC0000 0x00010000 4
[2022-12-19 15:08:55] INFO     mem_cmp 0x417C0000 0x617C0000 0x00010000 4
[2022-12-19 15:09:02] INFO     mem_cmp 0x41FC0000 0x61FC0000 0x00010000 4
[2022-12-19 15:09:08] INFO     mem_cmp 0x427C0000 0x627C0000 0x00010000 4
[2022-12-19 15:09:15] INFO     mem_cmp 0x42FC0000 0x62FC0000 0x00010000 4
[2022-12-19 15:09:22] INFO     mem_cmp 0x437C0000 0x637C0000 0x00010000 4
[2022-12-19 15:09:28] INFO     mem_cmp 0x43FC0000 0x63FC0000 0x00010000 4
[2022-12-19 15:09:35] INFO     mem_cmp 0x447C0000 0x647C0000 0x00010000 4
[2022-12-19 15:09:41] INFO     mem_cmp 0x44FC0000 0x64FC0000 0x00010000 4
[2022-12-19 15:09:48] INFO     mem_cmp 0x457C0000 0x657C0000 0x00010000 4
[2022-12-19 15:09:54] INFO     mem_cmp 0x45FC0000 0x65FC0000 0x00010000 4
[2022-12-19 15:10:01] INFO     mem_cmp 0x467C0000 0x667C0000 0x00010000 4
[2022-12-19 15:10:08] INFO     mem_cmp 0x46FC0000 0x66FC0000 0x00010000 4
[2022-12-19 15:10:14] INFO     mem_cmp 0x477C0000 0x677C0000 0x00010000 4
[2022-12-19 15:10:21] INFO     mem_cmp 0x47FC0000 0x67FC0000 0x00010000 4
[2022-12-19 15:10:27] INFO     mem_cmp 0x487C0000 0x687C0000 0x00010000 4
[2022-12-19 15:10:34] INFO     mem_cmp 0x48FC0000 0x68FC0000 0x00010000 4
[2022-12-19 15:10:40] INFO     mem_cmp 0x497C0000 0x697C0000 0x00010000 4
[2022-12-19 15:10:47] INFO     mem_cmp 0x49FC0000 0x69FC0000 0x00010000 4
[2022-12-19 15:10:54] INFO     mem_cmp 0x4A7C0000 0x6A7C0000 0x00010000 4
[2022-12-19 15:11:00] INFO     mem_cmp 0x4AFC0000 0x6AFC0000 0x00010000 4
[2022-12-19 15:11:07] INFO     mem_cmp 0x4B7C0000 0x6B7C0000 0x00010000 4
[2022-12-19 15:11:13] INFO     mem_cmp 0x4BFC0000 0x6BFC0000 0x00010000 4
[2022-12-19 15:11:20] INFO     mem_cmp 0x4C7C0000 0x6C7C0000 0x00010000 4
[2022-12-19 15:11:27] INFO     mem_cmp 0x4CFC0000 0x6CFC0000 0x00010000 4
[2022-12-19 15:11:33] INFO     mem_cmp 0x4D7C0000 0x6D7C0000 0x00010000 4
[2022-12-19 15:11:40] INFO     mem_cmp 0x4DFC0000 0x6DFC0000 0x00010000 4
[2022-12-19 15:11:47] INFO     mem_cmp 0x4E7C0000 0x6E7C0000 0x00010000 4
[2022-12-19 15:11:53] INFO     mem_cmp 0x4EFC0000 0x6EFC0000 0x00010000 4
[2022-12-19 15:12:00] INFO     mem_cmp 0x4F7C0000 0x6F7C0000 0x00010000 4
[2022-12-19 15:12:07] INFO     mem_cmp 0x4FFC0000 0x6FFC0000 0x00010000 4
[2022-12-19 15:12:13] INFO     mem_cmp 0x507C0000 0x707C0000 0x00010000 4
[2022-12-19 15:12:20] INFO     mem_cmp 0x50FC0000 0x70FC0000 0x00010000 4
[2022-12-19 15:12:27] INFO     mem_cmp 0x517C0000 0x717C0000 0x00010000 4
[2022-12-19 15:12:33] INFO     mem_cmp 0x51FC0000 0x71FC0000 0x00010000 4
[2022-12-19 15:12:40] INFO     mem_cmp 0x527C0000 0x727C0000 0x00010000 4
[2022-12-19 15:12:47] INFO     mem_cmp 0x52FC0000 0x72FC0000 0x00010000 4
[2022-12-19 15:12:53] INFO     mem_cmp 0x537C0000 0x737C0000 0x00010000 4
[2022-12-19 15:13:00] INFO     mem_cmp 0x53FC0000 0x73FC0000 0x00010000 4
[2022-12-19 15:13:06] INFO     mem_cmp 0x547C0000 0x747C0000 0x00010000 4
[2022-12-19 15:13:13] INFO     mem_cmp 0x54FC0000 0x74FC0000 0x00010000 4
[2022-12-19 15:13:20] INFO     mem_cmp 0x557C0000 0x757C0000 0x00010000 4
[2022-12-19 15:13:26] INFO     mem_cmp 0x55FC0000 0x75FC0000 0x00010000 4
[2022-12-19 15:13:33] INFO     mem_cmp 0x567C0000 0x767C0000 0x00010000 4
[2022-12-19 15:13:39] INFO     mem_cmp 0x56FC0000 0x76FC0000 0x00010000 4
[2022-12-19 15:13:46] INFO     mem_cmp 0x577C0000 0x777C0000 0x00010000 4
[2022-12-19 15:13:53] INFO     mem_cmp 0x57FC0000 0x77FC0000 0x00010000 4
[2022-12-19 15:13:59] INFO     mem_cmp 0x587C0000 0x787C0000 0x00010000 4
[2022-12-19 15:14:06] INFO     mem_cmp 0x58FC0000 0x78FC0000 0x00010000 4
[2022-12-19 15:14:12] INFO     mem_cmp 0x597C0000 0x797C0000 0x00010000 4
[2022-12-19 15:14:19] INFO     mem_cmp 0x59FC0000 0x79FC0000 0x00010000 4
[2022-12-19 15:14:26] INFO     mem_cmp 0x5A7C0000 0x7A7C0000 0x00010000 4
[2022-12-19 15:14:32] INFO     mem_cmp 0x5AFC0000 0x7AFC0000 0x00010000 4
[2022-12-19 15:14:39] INFO     mem_cmp 0x5B7C0000 0x7B7C0000 0x00010000 4
[2022-12-19 15:14:45] INFO     mem_cmp 0x5BFC0000 0x7BFC0000 0x00010000 4
[2022-12-19 15:14:52] INFO     mem_cmp 0x5C7C0000 0x7C7C0000 0x00010000 4
[2022-12-19 15:14:59] INFO     mem_cmp 0x5CFC0000 0x7CFC0000 0x00010000 4
[2022-12-19 15:15:05] INFO     mem_cmp 0x5D7C0000 0x7D7C0000 0x00010000 4
[2022-12-19 15:15:12] INFO     mem_cmp 0x5DFC0000 0x7DFC0000 0x00010000 4
[2022-12-19 15:15:18] INFO     mem_cmp 0x5E7C0000 0x7E7C0000 0x00010000 4
[2022-12-19 15:15:25] INFO     mem_cmp 0x5EFC0000 0x7EFC0000 0x00010000 4
[2022-12-19 15:15:31] INFO     mem_cmp 0x5F7C0000 0x7F7C0000 0x00010000 4
[2022-12-19 15:15:38] INFO     mem_cmp 0x5FFC0000 0x7FFC0000 0x00010000 4
[2022-12-19 15:15:38] INFO     STATE:Mem Compare State
[2022-12-19 15:15:45] INFO     mem_cmp 0x407C0000 0x607C0000 0x00010000 4
[2022-12-19 15:15:51] INFO     mem_cmp 0x40FC0000 0x60FC0000 0x00010000 4
[2022-12-19 15:15:58] INFO     mem_cmp 0x417C0000 0x617C0000 0x00010000 4
[2022-12-19 15:16:05] INFO     mem_cmp 0x41FC0000 0x61FC0000 0x00010000 4
[2022-12-19 15:16:11] INFO     mem_cmp 0x427C0000 0x627C0000 0x00010000 4
[2022-12-19 15:16:18] INFO     mem_cmp 0x42FC0000 0x62FC0000 0x00010000 4
[2022-12-19 15:16:25] INFO     mem_cmp 0x437C0000 0x637C0000 0x00010000 4
[2022-12-19 15:16:31] INFO     mem_cmp 0x43FC0000 0x63FC0000 0x00010000 4
[2022-12-19 15:16:38] INFO     mem_cmp 0x447C0000 0x647C0000 0x00010000 4
[2022-12-19 15:16:44] INFO     mem_cmp 0x44FC0000 0x64FC0000 0x00010000 4
[2022-12-19 15:16:51] INFO     mem_cmp 0x457C0000 0x657C0000 0x00010000 4
[2022-12-19 15:16:58] INFO     mem_cmp 0x45FC0000 0x65FC0000 0x00010000 4
[2022-12-19 15:17:04] INFO     mem_cmp 0x467C0000 0x667C0000 0x00010000 4
[2022-12-19 15:17:11] INFO     mem_cmp 0x46FC0000 0x66FC0000 0x00010000 4
[2022-12-19 15:17:17] INFO     mem_cmp 0x477C0000 0x677C0000 0x00010000 4
[2022-12-19 15:17:24] INFO     mem_cmp 0x47FC0000 0x67FC0000 0x00010000 4
[2022-12-19 15:17:31] INFO     mem_cmp 0x487C0000 0x687C0000 0x00010000 4
[2022-12-19 15:17:37] INFO     mem_cmp 0x48FC0000 0x68FC0000 0x00010000 4
[2022-12-19 15:17:44] INFO     mem_cmp 0x497C0000 0x697C0000 0x00010000 4
[2022-12-19 15:17:51] INFO     mem_cmp 0x49FC0000 0x69FC0000 0x00010000 4
[2022-12-19 15:17:57] INFO     mem_cmp 0x4A7C0000 0x6A7C0000 0x00010000 4
[2022-12-19 15:18:04] INFO     mem_cmp 0x4AFC0000 0x6AFC0000 0x00010000 4
[2022-12-19 15:18:10] INFO     mem_cmp 0x4B7C0000 0x6B7C0000 0x00010000 4
[2022-12-19 15:18:17] INFO     mem_cmp 0x4BFC0000 0x6BFC0000 0x00010000 4
[2022-12-19 15:18:23] INFO     mem_cmp 0x4C7C0000 0x6C7C0000 0x00010000 4
[2022-12-19 15:18:30] INFO     mem_cmp 0x4CFC0000 0x6CFC0000 0x00010000 4
[2022-12-19 15:18:37] INFO     mem_cmp 0x4D7C0000 0x6D7C0000 0x00010000 4
[2022-12-19 15:18:43] INFO     mem_cmp 0x4DFC0000 0x6DFC0000 0x00010000 4
[2022-12-19 15:18:50] INFO     mem_cmp 0x4E7C0000 0x6E7C0000 0x00010000 4
[2022-12-19 15:18:57] INFO     mem_cmp 0x4EFC0000 0x6EFC0000 0x00010000 4
[2022-12-19 15:19:03] INFO     mem_cmp 0x4F7C0000 0x6F7C0000 0x00010000 4
[2022-12-19 15:19:10] INFO     mem_cmp 0x4FFC0000 0x6FFC0000 0x00010000 4
[2022-12-19 15:19:17] INFO     mem_cmp 0x507C0000 0x707C0000 0x00010000 4
[2022-12-19 15:19:23] INFO     mem_cmp 0x50FC0000 0x70FC0000 0x00010000 4
[2022-12-19 15:19:30] INFO     mem_cmp 0x517C0000 0x717C0000 0x00010000 4
[2022-12-19 15:19:37] INFO     mem_cmp 0x51FC0000 0x71FC0000 0x00010000 4
[2022-12-19 15:19:43] INFO     mem_cmp 0x527C0000 0x727C0000 0x00010000 4
[2022-12-19 15:19:50] INFO     mem_cmp 0x52FC0000 0x72FC0000 0x00010000 4
[2022-12-19 15:19:57] INFO     mem_cmp 0x537C0000 0x737C0000 0x00010000 4
[2022-12-19 15:20:03] INFO     mem_cmp 0x53FC0000 0x73FC0000 0x00010000 4
[2022-12-19 15:20:10] INFO     mem_cmp 0x547C0000 0x747C0000 0x00010000 4
[2022-12-19 15:20:16] INFO     mem_cmp 0x54FC0000 0x74FC0000 0x00010000 4
[2022-12-19 15:20:23] INFO     mem_cmp 0x557C0000 0x757C0000 0x00010000 4
[2022-12-19 15:20:30] INFO     mem_cmp 0x55FC0000 0x75FC0000 0x00010000 4
[2022-12-19 15:20:36] INFO     mem_cmp 0x567C0000 0x767C0000 0x00010000 4
[2022-12-19 15:20:43] INFO     mem_cmp 0x56FC0000 0x76FC0000 0x00010000 4
[2022-12-19 15:20:49] INFO     mem_cmp 0x577C0000 0x777C0000 0x00010000 4
[2022-12-19 15:20:56] INFO     mem_cmp 0x57FC0000 0x77FC0000 0x00010000 4
[2022-12-19 15:21:03] INFO     mem_cmp 0x587C0000 0x787C0000 0x00010000 4
[2022-12-19 15:21:09] INFO     mem_cmp 0x58FC0000 0x78FC0000 0x00010000 4
[2022-12-19 15:21:16] INFO     mem_cmp 0x597C0000 0x797C0000 0x00010000 4
[2022-12-19 15:21:22] INFO     mem_cmp 0x59FC0000 0x79FC0000 0x00010000 4
[2022-12-19 15:21:29] INFO     mem_cmp 0x5A7C0000 0x7A7C0000 0x00010000 4
[2022-12-19 15:21:36] INFO     mem_cmp 0x5AFC0000 0x7AFC0000 0x00010000 4
[2022-12-19 15:21:42] INFO     mem_cmp 0x5B7C0000 0x7B7C0000 0x00010000 4
[2022-12-19 15:21:49] INFO     mem_cmp 0x5BFC0000 0x7BFC0000 0x00010000 4
[2022-12-19 15:21:56] INFO     mem_cmp 0x5C7C0000 0x7C7C0000 0x00010000 4
[2022-12-19 15:22:02] INFO     mem_cmp 0x5CFC0000 0x7CFC0000 0x00010000 4
[2022-12-19 15:22:09] INFO     mem_cmp 0x5D7C0000 0x7D7C0000 0x00010000 4
[2022-12-19 15:22:16] INFO     mem_cmp 0x5DFC0000 0x7DFC0000 0x00010000 4
[2022-12-19 15:22:22] INFO     mem_cmp 0x5E7C0000 0x7E7C0000 0x00010000 4
[2022-12-19 15:22:29] INFO     mem_cmp 0x5EFC0000 0x7EFC0000 0x00010000 4
[2022-12-19 15:22:36] INFO     mem_cmp 0x5F7C0000 0x7F7C0000 0x00010000 4
[2022-12-19 15:22:42] INFO     mem_cmp 0x5FFC0000 0x7FFC0000 0x00010000 4
[2022-12-19 15:22:42] INFO     STATE:Mem Compare State
[2022-12-19 15:22:49] INFO     mem_cmp 0x407C0000 0x607C0000 0x00010000 4
[2022-12-19 15:22:55] INFO     mem_cmp 0x40FC0000 0x60FC0000 0x00010000 4
[2022-12-19 15:23:02] INFO     mem_cmp 0x417C0000 0x617C0000 0x00010000 4
[2022-12-19 15:23:08] INFO     mem_cmp 0x41FC0000 0x61FC0000 0x00010000 4
[2022-12-19 15:23:15] INFO     mem_cmp 0x427C0000 0x627C0000 0x00010000 4
[2022-12-19 15:23:22] INFO     mem_cmp 0x42FC0000 0x62FC0000 0x00010000 4
[2022-12-19 15:23:28] INFO     mem_cmp 0x437C0000 0x637C0000 0x00010000 4
[2022-12-19 15:23:35] INFO     mem_cmp 0x43FC0000 0x63FC0000 0x00010000 4
[2022-12-19 15:23:41] INFO     mem_cmp 0x447C0000 0x647C0000 0x00010000 4
[2022-12-19 15:23:48] INFO     mem_cmp 0x44FC0000 0x64FC0000 0x00010000 4
[2022-12-19 15:23:54] INFO     mem_cmp 0x457C0000 0x657C0000 0x00010000 4
[2022-12-19 15:24:01] INFO     mem_cmp 0x45FC0000 0x65FC0000 0x00010000 4
[2022-12-19 15:24:08] INFO     mem_cmp 0x467C0000 0x667C0000 0x00010000 4
[2022-12-19 15:24:14] INFO     mem_cmp 0x46FC0000 0x66FC0000 0x00010000 4
[2022-12-19 15:24:21] INFO     mem_cmp 0x477C0000 0x677C0000 0x00010000 4
[2022-12-19 15:24:27] INFO     mem_cmp 0x47FC0000 0x67FC0000 0x00010000 4
[2022-12-19 15:24:34] INFO     mem_cmp 0x487C0000 0x687C0000 0x00010000 4
[2022-12-19 15:24:40] INFO     mem_cmp 0x48FC0000 0x68FC0000 0x00010000 4
[2022-12-19 15:24:47] INFO     mem_cmp 0x497C0000 0x697C0000 0x00010000 4
[2022-12-19 15:24:53] INFO     mem_cmp 0x49FC0000 0x69FC0000 0x00010000 4
[2022-12-19 15:25:00] INFO     mem_cmp 0x4A7C0000 0x6A7C0000 0x00010000 4
[2022-12-19 15:25:07] INFO     mem_cmp 0x4AFC0000 0x6AFC0000 0x00010000 4
[2022-12-19 15:25:13] INFO     mem_cmp 0x4B7C0000 0x6B7C0000 0x00010000 4
[2022-12-19 15:25:20] INFO     mem_cmp 0x4BFC0000 0x6BFC0000 0x00010000 4
[2022-12-19 15:25:26] INFO     mem_cmp 0x4C7C0000 0x6C7C0000 0x00010000 4
[2022-12-19 15:25:33] INFO     mem_cmp 0x4CFC0000 0x6CFC0000 0x00010000 4
[2022-12-19 15:25:40] INFO     mem_cmp 0x4D7C0000 0x6D7C0000 0x00010000 4
[2022-12-19 15:25:47] INFO     mem_cmp 0x4DFC0000 0x6DFC0000 0x00010000 4
[2022-12-19 15:25:53] INFO     mem_cmp 0x4E7C0000 0x6E7C0000 0x00010000 4
[2022-12-19 15:26:00] INFO     mem_cmp 0x4EFC0000 0x6EFC0000 0x00010000 4
[2022-12-19 15:26:06] INFO     mem_cmp 0x4F7C0000 0x6F7C0000 0x00010000 4
[2022-12-19 15:26:13] INFO     mem_cmp 0x4FFC0000 0x6FFC0000 0x00010000 4
[2022-12-19 15:26:20] INFO     mem_cmp 0x507C0000 0x707C0000 0x00010000 4
[2022-12-19 15:26:26] INFO     mem_cmp 0x50FC0000 0x70FC0000 0x00010000 4
[2022-12-19 15:26:33] INFO     mem_cmp 0x517C0000 0x717C0000 0x00010000 4
[2022-12-19 15:26:39] INFO     mem_cmp 0x51FC0000 0x71FC0000 0x00010000 4
[2022-12-19 15:26:45] INFO     mem_cmp 0x527C0000 0x727C0000 0x00010000 4
[2022-12-19 15:26:52] INFO     mem_cmp 0x52FC0000 0x72FC0000 0x00010000 4
[2022-12-19 15:26:58] INFO     mem_cmp 0x537C0000 0x737C0000 0x00010000 4
[2022-12-19 15:27:05] INFO     mem_cmp 0x53FC0000 0x73FC0000 0x00010000 4
[2022-12-19 15:27:12] INFO     mem_cmp 0x547C0000 0x747C0000 0x00010000 4
[2022-12-19 15:27:18] INFO     mem_cmp 0x54FC0000 0x74FC0000 0x00010000 4
[2022-12-19 15:27:25] INFO     mem_cmp 0x557C0000 0x757C0000 0x00010000 4
[2022-12-19 15:27:31] INFO     mem_cmp 0x55FC0000 0x75FC0000 0x00010000 4
[2022-12-19 15:27:38] INFO     mem_cmp 0x567C0000 0x767C0000 0x00010000 4
[2022-12-19 15:27:44] INFO     mem_cmp 0x56FC0000 0x76FC0000 0x00010000 4
[2022-12-19 15:27:51] INFO     mem_cmp 0x577C0000 0x777C0000 0x00010000 4
[2022-12-19 15:27:57] INFO     mem_cmp 0x57FC0000 0x77FC0000 0x00010000 4
[2022-12-19 15:28:04] INFO     mem_cmp 0x587C0000 0x787C0000 0x00010000 4
[2022-12-19 15:28:10] INFO     mem_cmp 0x58FC0000 0x78FC0000 0x00010000 4
[2022-12-19 15:28:17] INFO     mem_cmp 0x597C0000 0x797C0000 0x00010000 4
[2022-12-19 15:28:24] INFO     mem_cmp 0x59FC0000 0x79FC0000 0x00010000 4
[2022-12-19 15:28:30] INFO     mem_cmp 0x5A7C0000 0x7A7C0000 0x00010000 4
[2022-12-19 15:28:37] INFO     mem_cmp 0x5AFC0000 0x7AFC0000 0x00010000 4
[2022-12-19 15:28:43] INFO     mem_cmp 0x5B7C0000 0x7B7C0000 0x00010000 4
[2022-12-19 15:28:50] INFO     mem_cmp 0x5BFC0000 0x7BFC0000 0x00010000 4
[2022-12-19 15:28:57] INFO     mem_cmp 0x5C7C0000 0x7C7C0000 0x00010000 4
[2022-12-19 15:29:03] INFO     mem_cmp 0x5CFC0000 0x7CFC0000 0x00010000 4
[2022-12-19 15:29:10] INFO     mem_cmp 0x5D7C0000 0x7D7C0000 0x00010000 4
[2022-12-19 15:29:16] INFO     mem_cmp 0x5DFC0000 0x7DFC0000 0x00010000 4
[2022-12-19 15:29:23] INFO     mem_cmp 0x5E7C0000 0x7E7C0000 0x00010000 4
[2022-12-19 15:29:29] INFO     mem_cmp 0x5EFC0000 0x7EFC0000 0x00010000 4
[2022-12-19 15:29:36] INFO     mem_cmp 0x5F7C0000 0x7F7C0000 0x00010000 4
[2022-12-19 15:29:42] INFO     mem_cmp 0x5FFC0000 0x7FFC0000 0x00010000 4
[2022-12-19 15:29:43] INFO     STATE:Mem Compare State
[2022-12-19 15:29:49] INFO     mem_cmp 0x407C0000 0x607C0000 0x00010000 4
[2022-12-19 15:29:56] INFO     mem_cmp 0x40FC0000 0x60FC0000 0x00010000 4
[2022-12-19 15:30:03] INFO     mem_cmp 0x417C0000 0x617C0000 0x00010000 4
[2022-12-19 15:30:09] INFO     mem_cmp 0x41FC0000 0x61FC0000 0x00010000 4
[2022-12-19 15:30:16] INFO     mem_cmp 0x427C0000 0x627C0000 0x00010000 4
[2022-12-19 15:30:22] INFO     mem_cmp 0x42FC0000 0x62FC0000 0x00010000 4
[2022-12-19 15:30:29] INFO     mem_cmp 0x437C0000 0x637C0000 0x00010000 4
[2022-12-19 15:30:35] INFO     mem_cmp 0x43FC0000 0x63FC0000 0x00010000 4
[2022-12-19 15:30:41] INFO     mem_cmp 0x447C0000 0x647C0000 0x00010000 4
[2022-12-19 15:30:48] INFO     mem_cmp 0x44FC0000 0x64FC0000 0x00010000 4
[2022-12-19 15:30:55] INFO     mem_cmp 0x457C0000 0x657C0000 0x00010000 4
[2022-12-19 15:31:01] INFO     mem_cmp 0x45FC0000 0x65FC0000 0x00010000 4
[2022-12-19 15:31:08] INFO     mem_cmp 0x467C0000 0x667C0000 0x00010000 4
[2022-12-19 15:31:15] INFO     mem_cmp 0x46FC0000 0x66FC0000 0x00010000 4
[2022-12-19 15:31:21] INFO     mem_cmp 0x477C0000 0x677C0000 0x00010000 4
[2022-12-19 15:31:28] INFO     mem_cmp 0x47FC0000 0x67FC0000 0x00010000 4
[2022-12-19 15:31:34] INFO     mem_cmp 0x487C0000 0x687C0000 0x00010000 4
[2022-12-19 15:31:41] INFO     mem_cmp 0x48FC0000 0x68FC0000 0x00010000 4
[2022-12-19 15:31:48] INFO     mem_cmp 0x497C0000 0x697C0000 0x00010000 4
[2022-12-19 15:31:54] INFO     mem_cmp 0x49FC0000 0x69FC0000 0x00010000 4
[2022-12-19 15:32:01] INFO     mem_cmp 0x4A7C0000 0x6A7C0000 0x00010000 4
[2022-12-19 15:32:08] INFO     mem_cmp 0x4AFC0000 0x6AFC0000 0x00010000 4
[2022-12-19 15:32:15] INFO     mem_cmp 0x4B7C0000 0x6B7C0000 0x00010000 4
[2022-12-19 15:32:21] INFO     mem_cmp 0x4BFC0000 0x6BFC0000 0x00010000 4
[2022-12-19 15:32:27] INFO     mem_cmp 0x4C7C0000 0x6C7C0000 0x00010000 4
[2022-12-19 15:32:34] INFO     mem_cmp 0x4CFC0000 0x6CFC0000 0x00010000 4
[2022-12-19 15:32:40] INFO     mem_cmp 0x4D7C0000 0x6D7C0000 0x00010000 4
[2022-12-19 15:32:47] INFO     mem_cmp 0x4DFC0000 0x6DFC0000 0x00010000 4
[2022-12-19 15:32:54] INFO     mem_cmp 0x4E7C0000 0x6E7C0000 0x00010000 4
[2022-12-19 15:33:00] INFO     mem_cmp 0x4EFC0000 0x6EFC0000 0x00010000 4
[2022-12-19 15:33:07] INFO     mem_cmp 0x4F7C0000 0x6F7C0000 0x00010000 4
[2022-12-19 15:33:13] INFO     mem_cmp 0x4FFC0000 0x6FFC0000 0x00010000 4
[2022-12-19 15:33:20] INFO     mem_cmp 0x507C0000 0x707C0000 0x00010000 4
[2022-12-19 15:33:26] INFO     mem_cmp 0x50FC0000 0x70FC0000 0x00010000 4
[2022-12-19 15:33:33] INFO     mem_cmp 0x517C0000 0x717C0000 0x00010000 4
[2022-12-19 15:33:39] INFO     mem_cmp 0x51FC0000 0x71FC0000 0x00010000 4
[2022-12-19 15:33:46] INFO     mem_cmp 0x527C0000 0x727C0000 0x00010000 4
[2022-12-19 15:33:53] INFO     mem_cmp 0x52FC0000 0x72FC0000 0x00010000 4
[2022-12-19 15:33:59] INFO     mem_cmp 0x537C0000 0x737C0000 0x00010000 4
[2022-12-19 15:34:06] INFO     mem_cmp 0x53FC0000 0x73FC0000 0x00010000 4
[2022-12-19 15:34:12] INFO     mem_cmp 0x547C0000 0x747C0000 0x00010000 4
[2022-12-19 15:34:19] INFO     mem_cmp 0x54FC0000 0x74FC0000 0x00010000 4
[2022-12-19 15:34:26] INFO     mem_cmp 0x557C0000 0x757C0000 0x00010000 4
[2022-12-19 15:34:32] INFO     mem_cmp 0x55FC0000 0x75FC0000 0x00010000 4
[2022-12-19 15:34:39] INFO     mem_cmp 0x567C0000 0x767C0000 0x00010000 4
[2022-12-19 15:34:45] INFO     mem_cmp 0x56FC0000 0x76FC0000 0x00010000 4
[2022-12-19 15:34:52] INFO     mem_cmp 0x577C0000 0x777C0000 0x00010000 4
[2022-12-19 15:34:58] INFO     mem_cmp 0x57FC0000 0x77FC0000 0x00010000 4
[2022-12-19 15:35:04] INFO     mem_cmp 0x587C0000 0x787C0000 0x00010000 4
[2022-12-19 15:35:11] INFO     mem_cmp 0x58FC0000 0x78FC0000 0x00010000 4
[2022-12-19 15:35:17] INFO     mem_cmp 0x597C0000 0x797C0000 0x00010000 4
[2022-12-19 15:35:24] INFO     mem_cmp 0x59FC0000 0x79FC0000 0x00010000 4
[2022-12-19 15:35:30] INFO     mem_cmp 0x5A7C0000 0x7A7C0000 0x00010000 4
[2022-12-19 15:35:37] INFO     mem_cmp 0x5AFC0000 0x7AFC0000 0x00010000 4
[2022-12-19 15:35:44] INFO     mem_cmp 0x5B7C0000 0x7B7C0000 0x00010000 4
[2022-12-19 15:35:50] INFO     mem_cmp 0x5BFC0000 0x7BFC0000 0x00010000 4
[2022-12-19 15:35:57] INFO     mem_cmp 0x5C7C0000 0x7C7C0000 0x00010000 4
[2022-12-19 15:36:03] INFO     mem_cmp 0x5CFC0000 0x7CFC0000 0x00010000 4
[2022-12-19 15:36:10] INFO     mem_cmp 0x5D7C0000 0x7D7C0000 0x00010000 4
[2022-12-19 15:36:16] INFO     mem_cmp 0x5DFC0000 0x7DFC0000 0x00010000 4
[2022-12-19 15:36:23] INFO     mem_cmp 0x5E7C0000 0x7E7C0000 0x00010000 4
[2022-12-19 15:36:30] INFO     mem_cmp 0x5EFC0000 0x7EFC0000 0x00010000 4
[2022-12-19 15:36:36] INFO     mem_cmp 0x5F7C0000 0x7F7C0000 0x00010000 4
[2022-12-19 15:36:43] INFO     mem_cmp 0x5FFC0000 0x7FFC0000 0x00010000 4
[2022-12-19 15:36:43] INFO     STATE:Mem Compare State
[2022-12-19 15:36:49] INFO     mem_cmp 0x407C0000 0x607C0000 0x00010000 4
[2022-12-19 15:36:55] INFO     mem_cmp 0x40FC0000 0x60FC0000 0x00010000 4
[2022-12-19 15:37:02] INFO     mem_cmp 0x417C0000 0x617C0000 0x00010000 4
[2022-12-19 15:37:08] INFO     mem_cmp 0x41FC0000 0x61FC0000 0x00010000 4
[2022-12-19 15:37:15] INFO     mem_cmp 0x427C0000 0x627C0000 0x00010000 4
[2022-12-19 15:37:21] INFO     mem_cmp 0x42FC0000 0x62FC0000 0x00010000 4
[2022-12-19 15:37:28] INFO     mem_cmp 0x437C0000 0x637C0000 0x00010000 4
[2022-12-19 15:37:35] INFO     mem_cmp 0x43FC0000 0x63FC0000 0x00010000 4
[2022-12-19 15:37:41] INFO     mem_cmp 0x447C0000 0x647C0000 0x00010000 4
[2022-12-19 15:37:48] INFO     mem_cmp 0x44FC0000 0x64FC0000 0x00010000 4
[2022-12-19 15:37:54] INFO     mem_cmp 0x457C0000 0x657C0000 0x00010000 4
[2022-12-19 15:38:01] INFO     mem_cmp 0x45FC0000 0x65FC0000 0x00010000 4
[2022-12-19 15:38:08] INFO     mem_cmp 0x467C0000 0x667C0000 0x00010000 4
[2022-12-19 15:38:14] INFO     mem_cmp 0x46FC0000 0x66FC0000 0x00010000 4
[2022-12-19 15:38:21] INFO     mem_cmp 0x477C0000 0x677C0000 0x00010000 4
[2022-12-19 15:38:27] INFO     mem_cmp 0x47FC0000 0x67FC0000 0x00010000 4
[2022-12-19 15:38:34] INFO     mem_cmp 0x487C0000 0x687C0000 0x00010000 4
[2022-12-19 15:38:41] INFO     mem_cmp 0x48FC0000 0x68FC0000 0x00010000 4
[2022-12-19 15:38:47] INFO     mem_cmp 0x497C0000 0x697C0000 0x00010000 4
[2022-12-19 15:38:54] INFO     mem_cmp 0x49FC0000 0x69FC0000 0x00010000 4
[2022-12-19 15:39:01] INFO     mem_cmp 0x4A7C0000 0x6A7C0000 0x00010000 4
[2022-12-19 15:39:07] INFO     mem_cmp 0x4AFC0000 0x6AFC0000 0x00010000 4
[2022-12-19 15:39:14] INFO     mem_cmp 0x4B7C0000 0x6B7C0000 0x00010000 4
[2022-12-19 15:39:21] INFO     mem_cmp 0x4BFC0000 0x6BFC0000 0x00010000 4
[2022-12-19 15:39:27] INFO     mem_cmp 0x4C7C0000 0x6C7C0000 0x00010000 4
[2022-12-19 15:39:34] INFO     mem_cmp 0x4CFC0000 0x6CFC0000 0x00010000 4
[2022-12-19 15:39:41] INFO     mem_cmp 0x4D7C0000 0x6D7C0000 0x00010000 4
[2022-12-19 15:39:47] INFO     mem_cmp 0x4DFC0000 0x6DFC0000 0x00010000 4
[2022-12-19 15:39:54] INFO     mem_cmp 0x4E7C0000 0x6E7C0000 0x00010000 4
[2022-12-19 15:40:00] INFO     mem_cmp 0x4EFC0000 0x6EFC0000 0x00010000 4
[2022-12-19 15:40:07] INFO     mem_cmp 0x4F7C0000 0x6F7C0000 0x00010000 4
[2022-12-19 15:40:14] INFO     mem_cmp 0x4FFC0000 0x6FFC0000 0x00010000 4
[2022-12-19 15:40:20] INFO     mem_cmp 0x507C0000 0x707C0000 0x00010000 4
[2022-12-19 15:40:27] INFO     mem_cmp 0x50FC0000 0x70FC0000 0x00010000 4
[2022-12-19 15:40:34] INFO     mem_cmp 0x517C0000 0x717C0000 0x00010000 4
[2022-12-19 15:40:41] INFO     mem_cmp 0x51FC0000 0x71FC0000 0x00010000 4
[2022-12-19 15:40:47] INFO     mem_cmp 0x527C0000 0x727C0000 0x00010000 4
[2022-12-19 15:40:54] INFO     mem_cmp 0x52FC0000 0x72FC0000 0x00010000 4
[2022-12-19 15:41:00] INFO     mem_cmp 0x537C0000 0x737C0000 0x00010000 4
[2022-12-19 15:41:07] INFO     mem_cmp 0x53FC0000 0x73FC0000 0x00010000 4
[2022-12-19 15:41:14] INFO     mem_cmp 0x547C0000 0x747C0000 0x00010000 4
[2022-12-19 15:41:20] INFO     mem_cmp 0x54FC0000 0x74FC0000 0x00010000 4
[2022-12-19 15:41:27] INFO     mem_cmp 0x557C0000 0x757C0000 0x00010000 4
[2022-12-19 15:41:34] INFO     mem_cmp 0x55FC0000 0x75FC0000 0x00010000 4
[2022-12-19 15:41:40] INFO     mem_cmp 0x567C0000 0x767C0000 0x00010000 4
[2022-12-19 15:41:47] INFO     mem_cmp 0x56FC0000 0x76FC0000 0x00010000 4
[2022-12-19 15:41:53] INFO     mem_cmp 0x577C0000 0x777C0000 0x00010000 4
[2022-12-19 15:42:00] INFO     mem_cmp 0x57FC0000 0x77FC0000 0x00010000 4
[2022-12-19 15:42:07] INFO     mem_cmp 0x587C0000 0x787C0000 0x00010000 4
[2022-12-19 15:42:13] INFO     mem_cmp 0x58FC0000 0x78FC0000 0x00010000 4
[2022-12-19 15:42:20] INFO     mem_cmp 0x597C0000 0x797C0000 0x00010000 4
[2022-12-19 15:42:26] INFO     mem_cmp 0x59FC0000 0x79FC0000 0x00010000 4
[2022-12-19 15:42:33] INFO     mem_cmp 0x5A7C0000 0x7A7C0000 0x00010000 4
[2022-12-19 15:42:40] INFO     mem_cmp 0x5AFC0000 0x7AFC0000 0x00010000 4
[2022-12-19 15:42:46] INFO     mem_cmp 0x5B7C0000 0x7B7C0000 0x00010000 4
[2022-12-19 15:42:53] INFO     mem_cmp 0x5BFC0000 0x7BFC0000 0x00010000 4
[2022-12-19 15:42:59] INFO     mem_cmp 0x5C7C0000 0x7C7C0000 0x00010000 4
[2022-12-19 15:43:06] INFO     mem_cmp 0x5CFC0000 0x7CFC0000 0x00010000 4
[2022-12-19 15:43:12] INFO     mem_cmp 0x5D7C0000 0x7D7C0000 0x00010000 4
[2022-12-19 15:43:19] INFO     mem_cmp 0x5DFC0000 0x7DFC0000 0x00010000 4
[2022-12-19 15:43:25] INFO     mem_cmp 0x5E7C0000 0x7E7C0000 0x00010000 4
[2022-12-19 15:43:32] INFO     mem_cmp 0x5EFC0000 0x7EFC0000 0x00010000 4
[2022-12-19 15:43:38] INFO     mem_cmp 0x5F7C0000 0x7F7C0000 0x00010000 4
[2022-12-19 15:43:45] INFO     mem_cmp 0x5FFC0000 0x7FFC0000 0x00010000 4
[2022-12-19 15:43:45] INFO     STATE:Mem Compare State
[2022-12-19 15:43:52] INFO     mem_cmp 0x407C0000 0x607C0000 0x00010000 4
[2022-12-19 15:43:58] INFO     mem_cmp 0x40FC0000 0x60FC0000 0x00010000 4
[2022-12-19 15:44:05] INFO     mem_cmp 0x417C0000 0x617C0000 0x00010000 4
[2022-12-19 15:44:11] INFO     mem_cmp 0x41FC0000 0x61FC0000 0x00010000 4
[2022-12-19 15:44:18] INFO     mem_cmp 0x427C0000 0x627C0000 0x00010000 4
[2022-12-19 15:44:24] INFO     mem_cmp 0x42FC0000 0x62FC0000 0x00010000 4
[2022-12-19 15:44:31] INFO     mem_cmp 0x437C0000 0x637C0000 0x00010000 4
[2022-12-19 15:44:37] INFO     mem_cmp 0x43FC0000 0x63FC0000 0x00010000 4
[2022-12-19 15:44:44] INFO     mem_cmp 0x447C0000 0x647C0000 0x00010000 4
[2022-12-19 15:44:51] INFO     mem_cmp 0x44FC0000 0x64FC0000 0x00010000 4
[2022-12-19 15:44:57] INFO     mem_cmp 0x457C0000 0x657C0000 0x00010000 4
[2022-12-19 15:45:04] INFO     mem_cmp 0x45FC0000 0x65FC0000 0x00010000 4
[2022-12-19 15:45:10] INFO     mem_cmp 0x467C0000 0x667C0000 0x00010000 4
[2022-12-19 15:45:17] INFO     mem_cmp 0x46FC0000 0x66FC0000 0x00010000 4
[2022-12-19 15:45:23] INFO     mem_cmp 0x477C0000 0x677C0000 0x00010000 4
[2022-12-19 15:45:30] INFO     mem_cmp 0x47FC0000 0x67FC0000 0x00010000 4
[2022-12-19 15:45:36] INFO     mem_cmp 0x487C0000 0x687C0000 0x00010000 4
[2022-12-19 15:45:43] INFO     mem_cmp 0x48FC0000 0x68FC0000 0x00010000 4
[2022-12-19 15:45:50] INFO     mem_cmp 0x497C0000 0x697C0000 0x00010000 4
[2022-12-19 15:45:56] INFO     mem_cmp 0x49FC0000 0x69FC0000 0x00010000 4
[2022-12-19 15:46:03] INFO     mem_cmp 0x4A7C0000 0x6A7C0000 0x00010000 4
[2022-12-19 15:46:09] INFO     mem_cmp 0x4AFC0000 0x6AFC0000 0x00010000 4
[2022-12-19 15:46:16] INFO     mem_cmp 0x4B7C0000 0x6B7C0000 0x00010000 4
[2022-12-19 15:46:22] INFO     mem_cmp 0x4BFC0000 0x6BFC0000 0x00010000 4
[2022-12-19 15:46:29] INFO     mem_cmp 0x4C7C0000 0x6C7C0000 0x00010000 4
[2022-12-19 15:46:35] INFO     mem_cmp 0x4CFC0000 0x6CFC0000 0x00010000 4
[2022-12-19 15:46:42] INFO     mem_cmp 0x4D7C0000 0x6D7C0000 0x00010000 4
[2022-12-19 15:46:49] INFO     mem_cmp 0x4DFC0000 0x6DFC0000 0x00010000 4
[2022-12-19 15:46:55] INFO     mem_cmp 0x4E7C0000 0x6E7C0000 0x00010000 4
[2022-12-19 15:47:02] INFO     mem_cmp 0x4EFC0000 0x6EFC0000 0x00010000 4
[2022-12-19 15:47:09] INFO     mem_cmp 0x4F7C0000 0x6F7C0000 0x00010000 4
[2022-12-19 15:47:15] INFO     mem_cmp 0x4FFC0000 0x6FFC0000 0x00010000 4
[2022-12-19 15:47:22] INFO     mem_cmp 0x507C0000 0x707C0000 0x00010000 4
[2022-12-19 15:47:29] INFO     mem_cmp 0x50FC0000 0x70FC0000 0x00010000 4
[2022-12-19 15:47:35] INFO     mem_cmp 0x517C0000 0x717C0000 0x00010000 4
[2022-12-19 15:47:41] INFO     mem_cmp 0x51FC0000 0x71FC0000 0x00010000 4
[2022-12-19 15:47:48] INFO     mem_cmp 0x527C0000 0x727C0000 0x00010000 4
[2022-12-19 15:47:55] INFO     mem_cmp 0x52FC0000 0x72FC0000 0x00010000 4
[2022-12-19 15:48:01] INFO     mem_cmp 0x537C0000 0x737C0000 0x00010000 4
[2022-12-19 15:48:07] INFO     mem_cmp 0x53FC0000 0x73FC0000 0x00010000 4
[2022-12-19 15:48:14] INFO     mem_cmp 0x547C0000 0x747C0000 0x00010000 4
[2022-12-19 15:48:21] INFO     mem_cmp 0x54FC0000 0x74FC0000 0x00010000 4
[2022-12-19 15:48:27] INFO     mem_cmp 0x557C0000 0x757C0000 0x00010000 4
[2022-12-19 15:48:34] INFO     mem_cmp 0x55FC0000 0x75FC0000 0x00010000 4
[2022-12-19 15:48:40] INFO     mem_cmp 0x567C0000 0x767C0000 0x00010000 4
[2022-12-19 15:48:47] INFO     mem_cmp 0x56FC0000 0x76FC0000 0x00010000 4
[2022-12-19 15:48:53] INFO     mem_cmp 0x577C0000 0x777C0000 0x00010000 4
[2022-12-19 15:49:00] INFO     mem_cmp 0x57FC0000 0x77FC0000 0x00010000 4
[2022-12-19 15:49:06] INFO     mem_cmp 0x587C0000 0x787C0000 0x00010000 4
[2022-12-19 15:49:13] INFO     mem_cmp 0x58FC0000 0x78FC0000 0x00010000 4
[2022-12-19 15:49:19] INFO     mem_cmp 0x597C0000 0x797C0000 0x00010000 4
[2022-12-19 15:49:25] INFO     mem_cmp 0x59FC0000 0x79FC0000 0x00010000 4
[2022-12-19 15:49:32] INFO     mem_cmp 0x5A7C0000 0x7A7C0000 0x00010000 4
[2022-12-19 15:49:38] INFO     mem_cmp 0x5AFC0000 0x7AFC0000 0x00010000 4
[2022-12-19 15:49:44] INFO     mem_cmp 0x5B7C0000 0x7B7C0000 0x00010000 4
[2022-12-19 15:49:51] INFO     mem_cmp 0x5BFC0000 0x7BFC0000 0x00010000 4
[2022-12-19 15:49:57] INFO     mem_cmp 0x5C7C0000 0x7C7C0000 0x00010000 4
[2022-12-19 15:50:04] INFO     mem_cmp 0x5CFC0000 0x7CFC0000 0x00010000 4
[2022-12-19 15:50:11] INFO     mem_cmp 0x5D7C0000 0x7D7C0000 0x00010000 4
[2022-12-19 15:50:17] INFO     mem_cmp 0x5DFC0000 0x7DFC0000 0x00010000 4
[2022-12-19 15:50:24] INFO     mem_cmp 0x5E7C0000 0x7E7C0000 0x00010000 4
[2022-12-19 15:50:31] INFO     mem_cmp 0x5EFC0000 0x7EFC0000 0x00010000 4
[2022-12-19 15:50:37] INFO     mem_cmp 0x5F7C0000 0x7F7C0000 0x00010000 4
[2022-12-19 15:50:43] INFO     mem_cmp 0x5FFC0000 0x7FFC0000 0x00010000 4
[2022-12-19 15:50:44] INFO     STATE:Mem Compare State
[2022-12-19 15:50:50] INFO     mem_cmp 0x407C0000 0x607C0000 0x00010000 4
[2022-12-19 15:50:57] INFO     mem_cmp 0x40FC0000 0x60FC0000 0x00010000 4
[2022-12-19 15:51:04] INFO     mem_cmp 0x417C0000 0x617C0000 0x00010000 4
[2022-12-19 15:51:10] INFO     mem_cmp 0x41FC0000 0x61FC0000 0x00010000 4
[2022-12-19 15:51:17] INFO     mem_cmp 0x427C0000 0x627C0000 0x00010000 4
[2022-12-19 15:51:23] INFO     mem_cmp 0x42FC0000 0x62FC0000 0x00010000 4
[2022-12-19 15:51:30] INFO     mem_cmp 0x437C0000 0x637C0000 0x00010000 4
[2022-12-19 15:51:37] INFO     mem_cmp 0x43FC0000 0x63FC0000 0x00010000 4
[2022-12-19 15:51:43] INFO     mem_cmp 0x447C0000 0x647C0000 0x00010000 4
[2022-12-19 15:51:50] INFO     mem_cmp 0x44FC0000 0x64FC0000 0x00010000 4
[2022-12-19 15:51:56] INFO     mem_cmp 0x457C0000 0x657C0000 0x00010000 4
[2022-12-19 15:52:03] INFO     mem_cmp 0x45FC0000 0x65FC0000 0x00010000 4
[2022-12-19 15:52:09] INFO     mem_cmp 0x467C0000 0x667C0000 0x00010000 4
[2022-12-19 15:52:16] INFO     mem_cmp 0x46FC0000 0x66FC0000 0x00010000 4
[2022-12-19 15:52:23] INFO     mem_cmp 0x477C0000 0x677C0000 0x00010000 4
[2022-12-19 15:52:29] INFO     mem_cmp 0x47FC0000 0x67FC0000 0x00010000 4
[2022-12-19 15:52:36] INFO     mem_cmp 0x487C0000 0x687C0000 0x00010000 4
[2022-12-19 15:52:42] INFO     mem_cmp 0x48FC0000 0x68FC0000 0x00010000 4
[2022-12-19 15:52:48] INFO     mem_cmp 0x497C0000 0x697C0000 0x00010000 4
[2022-12-19 15:52:55] INFO     mem_cmp 0x49FC0000 0x69FC0000 0x00010000 4
[2022-12-19 15:53:01] INFO     mem_cmp 0x4A7C0000 0x6A7C0000 0x00010000 4
[2022-12-19 15:53:08] INFO     mem_cmp 0x4AFC0000 0x6AFC0000 0x00010000 4
[2022-12-19 15:53:14] INFO     mem_cmp 0x4B7C0000 0x6B7C0000 0x00010000 4
[2022-12-19 15:53:21] INFO     mem_cmp 0x4BFC0000 0x6BFC0000 0x00010000 4
[2022-12-19 15:53:28] INFO     mem_cmp 0x4C7C0000 0x6C7C0000 0x00010000 4
[2022-12-19 15:53:34] INFO     mem_cmp 0x4CFC0000 0x6CFC0000 0x00010000 4
[2022-12-19 15:53:40] INFO     mem_cmp 0x4D7C0000 0x6D7C0000 0x00010000 4
[2022-12-19 15:53:47] INFO     mem_cmp 0x4DFC0000 0x6DFC0000 0x00010000 4
[2022-12-19 15:53:53] INFO     mem_cmp 0x4E7C0000 0x6E7C0000 0x00010000 4
[2022-12-19 15:54:00] INFO     mem_cmp 0x4EFC0000 0x6EFC0000 0x00010000 4
[2022-12-19 15:54:07] INFO     mem_cmp 0x4F7C0000 0x6F7C0000 0x00010000 4
[2022-12-19 15:54:13] INFO     mem_cmp 0x4FFC0000 0x6FFC0000 0x00010000 4
[2022-12-19 15:54:20] INFO     mem_cmp 0x507C0000 0x707C0000 0x00010000 4
[2022-12-19 15:54:26] INFO     mem_cmp 0x50FC0000 0x70FC0000 0x00010000 4
[2022-12-19 15:54:33] INFO     mem_cmp 0x517C0000 0x717C0000 0x00010000 4
[2022-12-19 15:54:39] INFO     mem_cmp 0x51FC0000 0x71FC0000 0x00010000 4
[2022-12-19 15:54:46] INFO     mem_cmp 0x527C0000 0x727C0000 0x00010000 4
[2022-12-19 15:54:52] INFO     mem_cmp 0x52FC0000 0x72FC0000 0x00010000 4
[2022-12-19 15:54:59] INFO     mem_cmp 0x537C0000 0x737C0000 0x00010000 4
[2022-12-19 15:55:06] INFO     mem_cmp 0x53FC0000 0x73FC0000 0x00010000 4
[2022-12-19 15:55:12] INFO     mem_cmp 0x547C0000 0x747C0000 0x00010000 4
[2022-12-19 15:55:19] INFO     mem_cmp 0x54FC0000 0x74FC0000 0x00010000 4
[2022-12-19 15:55:25] INFO     mem_cmp 0x557C0000 0x757C0000 0x00010000 4
[2022-12-19 15:55:32] INFO     mem_cmp 0x55FC0000 0x75FC0000 0x00010000 4
[2022-12-19 15:55:38] INFO     mem_cmp 0x567C0000 0x767C0000 0x00010000 4
[2022-12-19 15:55:45] INFO     mem_cmp 0x56FC0000 0x76FC0000 0x00010000 4
[2022-12-19 15:55:52] INFO     mem_cmp 0x577C0000 0x777C0000 0x00010000 4
[2022-12-19 15:55:58] INFO     mem_cmp 0x57FC0000 0x77FC0000 0x00010000 4
[2022-12-19 15:56:05] INFO     mem_cmp 0x587C0000 0x787C0000 0x00010000 4
[2022-12-19 15:56:11] INFO     mem_cmp 0x58FC0000 0x78FC0000 0x00010000 4
[2022-12-19 15:56:18] INFO     mem_cmp 0x597C0000 0x797C0000 0x00010000 4
[2022-12-19 15:56:25] INFO     mem_cmp 0x59FC0000 0x79FC0000 0x00010000 4
[2022-12-19 15:56:31] INFO     mem_cmp 0x5A7C0000 0x7A7C0000 0x00010000 4
[2022-12-19 15:56:38] INFO     mem_cmp 0x5AFC0000 0x7AFC0000 0x00010000 4
[2022-12-19 15:56:45] INFO     mem_cmp 0x5B7C0000 0x7B7C0000 0x00010000 4
[2022-12-19 15:56:51] INFO     mem_cmp 0x5BFC0000 0x7BFC0000 0x00010000 4
[2022-12-19 15:56:58] INFO     mem_cmp 0x5C7C0000 0x7C7C0000 0x00010000 4
[2022-12-19 15:57:04] INFO     mem_cmp 0x5CFC0000 0x7CFC0000 0x00010000 4
[2022-12-19 15:57:11] INFO     mem_cmp 0x5D7C0000 0x7D7C0000 0x00010000 4
[2022-12-19 15:57:17] INFO     mem_cmp 0x5DFC0000 0x7DFC0000 0x00010000 4
[2022-12-19 15:57:24] INFO     mem_cmp 0x5E7C0000 0x7E7C0000 0x00010000 4
[2022-12-19 15:57:30] INFO     mem_cmp 0x5EFC0000 0x7EFC0000 0x00010000 4
[2022-12-19 15:57:37] INFO     mem_cmp 0x5F7C0000 0x7F7C0000 0x00010000 4
[2022-12-19 15:57:44] INFO     mem_cmp 0x5FFC0000 0x7FFC0000 0x00010000 4
[2022-12-19 15:57:44] INFO     STATE:Mem Compare State
[2022-12-19 15:57:50] INFO     mem_cmp 0x407C0000 0x607C0000 0x00010000 4
[2022-12-19 15:57:57] INFO     mem_cmp 0x40FC0000 0x60FC0000 0x00010000 4
[2022-12-19 15:58:03] INFO     mem_cmp 0x417C0000 0x617C0000 0x00010000 4
[2022-12-19 15:58:10] INFO     mem_cmp 0x41FC0000 0x61FC0000 0x00010000 4
[2022-12-19 15:58:16] INFO     mem_cmp 0x427C0000 0x627C0000 0x00010000 4
[2022-12-19 15:58:23] INFO     mem_cmp 0x42FC0000 0x62FC0000 0x00010000 4
[2022-12-19 15:58:30] INFO     mem_cmp 0x437C0000 0x637C0000 0x00010000 4
[2022-12-19 15:58:36] INFO     mem_cmp 0x43FC0000 0x63FC0000 0x00010000 4
[2022-12-19 15:58:43] INFO     mem_cmp 0x447C0000 0x647C0000 0x00010000 4
[2022-12-19 15:58:49] INFO     mem_cmp 0x44FC0000 0x64FC0000 0x00010000 4
[2022-12-19 15:58:56] INFO     mem_cmp 0x457C0000 0x657C0000 0x00010000 4
[2022-12-19 15:59:02] INFO     mem_cmp 0x45FC0000 0x65FC0000 0x00010000 4
[2022-12-19 15:59:09] INFO     mem_cmp 0x467C0000 0x667C0000 0x00010000 4
[2022-12-19 15:59:15] INFO     mem_cmp 0x46FC0000 0x66FC0000 0x00010000 4
[2022-12-19 15:59:22] INFO     mem_cmp 0x477C0000 0x677C0000 0x00010000 4
[2022-12-19 15:59:29] INFO     mem_cmp 0x47FC0000 0x67FC0000 0x00010000 4
[2022-12-19 15:59:35] INFO     mem_cmp 0x487C0000 0x687C0000 0x00010000 4
[2022-12-19 15:59:42] INFO     mem_cmp 0x48FC0000 0x68FC0000 0x00010000 4
[2022-12-19 15:59:48] INFO     mem_cmp 0x497C0000 0x697C0000 0x00010000 4
[2022-12-19 15:59:55] INFO     mem_cmp 0x49FC0000 0x69FC0000 0x00010000 4
[2022-12-19 16:00:01] INFO     mem_cmp 0x4A7C0000 0x6A7C0000 0x00010000 4
[2022-12-19 16:00:08] INFO     mem_cmp 0x4AFC0000 0x6AFC0000 0x00010000 4
[2022-12-19 16:00:15] INFO     mem_cmp 0x4B7C0000 0x6B7C0000 0x00010000 4
[2022-12-19 16:00:21] INFO     mem_cmp 0x4BFC0000 0x6BFC0000 0x00010000 4
[2022-12-19 16:00:28] INFO     mem_cmp 0x4C7C0000 0x6C7C0000 0x00010000 4
[2022-12-19 16:00:34] INFO     mem_cmp 0x4CFC0000 0x6CFC0000 0x00010000 4
[2022-12-19 16:00:41] INFO     mem_cmp 0x4D7C0000 0x6D7C0000 0x00010000 4
[2022-12-19 16:00:48] INFO     mem_cmp 0x4DFC0000 0x6DFC0000 0x00010000 4
[2022-12-19 16:00:54] INFO     mem_cmp 0x4E7C0000 0x6E7C0000 0x00010000 4
[2022-12-19 16:01:01] INFO     mem_cmp 0x4EFC0000 0x6EFC0000 0x00010000 4
[2022-12-19 16:01:07] INFO     mem_cmp 0x4F7C0000 0x6F7C0000 0x00010000 4
[2022-12-19 16:01:14] INFO     mem_cmp 0x4FFC0000 0x6FFC0000 0x00010000 4
[2022-12-19 16:01:20] INFO     mem_cmp 0x507C0000 0x707C0000 0x00010000 4
[2022-12-19 16:01:27] INFO     mem_cmp 0x50FC0000 0x70FC0000 0x00010000 4
[2022-12-19 16:01:34] INFO     mem_cmp 0x517C0000 0x717C0000 0x00010000 4
[2022-12-19 16:01:40] INFO     mem_cmp 0x51FC0000 0x71FC0000 0x00010000 4
[2022-12-19 16:01:47] INFO     mem_cmp 0x527C0000 0x727C0000 0x00010000 4
[2022-12-19 16:01:53] INFO     mem_cmp 0x52FC0000 0x72FC0000 0x00010000 4
[2022-12-19 16:02:00] INFO     mem_cmp 0x537C0000 0x737C0000 0x00010000 4
[2022-12-19 16:02:06] INFO     mem_cmp 0x53FC0000 0x73FC0000 0x00010000 4
[2022-12-19 16:02:13] INFO     mem_cmp 0x547C0000 0x747C0000 0x00010000 4
[2022-12-19 16:02:19] INFO     mem_cmp 0x54FC0000 0x74FC0000 0x00010000 4
[2022-12-19 16:02:26] INFO     mem_cmp 0x557C0000 0x757C0000 0x00010000 4
[2022-12-19 16:02:32] INFO     mem_cmp 0x55FC0000 0x75FC0000 0x00010000 4
[2022-12-19 16:02:39] INFO     mem_cmp 0x567C0000 0x767C0000 0x00010000 4
[2022-12-19 16:02:46] INFO     mem_cmp 0x56FC0000 0x76FC0000 0x00010000 4
[2022-12-19 16:02:52] INFO     mem_cmp 0x577C0000 0x777C0000 0x00010000 4
[2022-12-19 16:02:58] INFO     mem_cmp 0x57FC0000 0x77FC0000 0x00010000 4
[2022-12-19 16:03:05] INFO     mem_cmp 0x587C0000 0x787C0000 0x00010000 4
[2022-12-19 16:03:12] INFO     mem_cmp 0x58FC0000 0x78FC0000 0x00010000 4
[2022-12-19 16:03:18] INFO     mem_cmp 0x597C0000 0x797C0000 0x00010000 4
[2022-12-19 16:03:25] INFO     mem_cmp 0x59FC0000 0x79FC0000 0x00010000 4
[2022-12-19 16:03:31] INFO     mem_cmp 0x5A7C0000 0x7A7C0000 0x00010000 4
[2022-12-19 16:03:38] INFO     mem_cmp 0x5AFC0000 0x7AFC0000 0x00010000 4
[2022-12-19 16:03:44] INFO     mem_cmp 0x5B7C0000 0x7B7C0000 0x00010000 4
[2022-12-19 16:03:51] INFO     mem_cmp 0x5BFC0000 0x7BFC0000 0x00010000 4
[2022-12-19 16:03:57] INFO     mem_cmp 0x5C7C0000 0x7C7C0000 0x00010000 4
[2022-12-19 16:04:04] INFO     mem_cmp 0x5CFC0000 0x7CFC0000 0x00010000 4
[2022-12-19 16:04:11] INFO     mem_cmp 0x5D7C0000 0x7D7C0000 0x00010000 4
[2022-12-19 16:04:18] INFO     mem_cmp 0x5DFC0000 0x7DFC0000 0x00010000 4
[2022-12-19 16:04:24] INFO     mem_cmp 0x5E7C0000 0x7E7C0000 0x00010000 4
[2022-12-19 16:04:31] INFO     mem_cmp 0x5EFC0000 0x7EFC0000 0x00010000 4
[2022-12-19 16:04:37] INFO     mem_cmp 0x5F7C0000 0x7F7C0000 0x00010000 4
[2022-12-19 16:04:44] INFO     mem_cmp 0x5FFC0000 0x7FFC0000 0x00010000 4
[2022-12-19 16:04:44] INFO     STATE:Mem Compare State
[2022-12-19 16:04:51] INFO     mem_cmp 0x407C0000 0x607C0000 0x00010000 4
[2022-12-19 16:04:57] INFO     mem_cmp 0x40FC0000 0x60FC0000 0x00010000 4
[2022-12-19 16:05:04] INFO     mem_cmp 0x417C0000 0x617C0000 0x00010000 4
[2022-12-19 16:05:10] INFO     mem_cmp 0x41FC0000 0x61FC0000 0x00010000 4
[2022-12-19 16:05:17] INFO     mem_cmp 0x427C0000 0x627C0000 0x00010000 4
[2022-12-19 16:05:24] INFO     mem_cmp 0x42FC0000 0x62FC0000 0x00010000 4
[2022-12-19 16:05:30] INFO     mem_cmp 0x437C0000 0x637C0000 0x00010000 4
[2022-12-19 16:05:37] INFO     mem_cmp 0x43FC0000 0x63FC0000 0x00010000 4
[2022-12-19 16:05:43] INFO     mem_cmp 0x447C0000 0x647C0000 0x00010000 4
[2022-12-19 16:05:50] INFO     mem_cmp 0x44FC0000 0x64FC0000 0x00010000 4
[2022-12-19 16:05:56] INFO     mem_cmp 0x457C0000 0x657C0000 0x00010000 4
[2022-12-19 16:06:03] INFO     mem_cmp 0x45FC0000 0x65FC0000 0x00010000 4
[2022-12-19 16:06:09] INFO     mem_cmp 0x467C0000 0x667C0000 0x00010000 4
[2022-12-19 16:06:16] INFO     mem_cmp 0x46FC0000 0x66FC0000 0x00010000 4
[2022-12-19 16:06:22] INFO     mem_cmp 0x477C0000 0x677C0000 0x00010000 4
[2022-12-19 16:06:29] INFO     mem_cmp 0x47FC0000 0x67FC0000 0x00010000 4
[2022-12-19 16:06:35] INFO     mem_cmp 0x487C0000 0x687C0000 0x00010000 4
[2022-12-19 16:06:42] INFO     mem_cmp 0x48FC0000 0x68FC0000 0x00010000 4
[2022-12-19 16:06:48] INFO     mem_cmp 0x497C0000 0x697C0000 0x00010000 4
[2022-12-19 16:06:55] INFO     mem_cmp 0x49FC0000 0x69FC0000 0x00010000 4
[2022-12-19 16:07:02] INFO     mem_cmp 0x4A7C0000 0x6A7C0000 0x00010000 4
[2022-12-19 16:07:08] INFO     mem_cmp 0x4AFC0000 0x6AFC0000 0x00010000 4
[2022-12-19 16:07:15] INFO     mem_cmp 0x4B7C0000 0x6B7C0000 0x00010000 4
[2022-12-19 16:07:21] INFO     mem_cmp 0x4BFC0000 0x6BFC0000 0x00010000 4
[2022-12-19 16:07:28] INFO     mem_cmp 0x4C7C0000 0x6C7C0000 0x00010000 4
[2022-12-19 16:07:34] INFO     mem_cmp 0x4CFC0000 0x6CFC0000 0x00010000 4
[2022-12-19 16:07:41] INFO     mem_cmp 0x4D7C0000 0x6D7C0000 0x00010000 4
[2022-12-19 16:07:48] INFO     mem_cmp 0x4DFC0000 0x6DFC0000 0x00010000 4
[2022-12-19 16:07:54] INFO     mem_cmp 0x4E7C0000 0x6E7C0000 0x00010000 4
[2022-12-19 16:08:01] INFO     mem_cmp 0x4EFC0000 0x6EFC0000 0x00010000 4
[2022-12-19 16:08:08] INFO     mem_cmp 0x4F7C0000 0x6F7C0000 0x00010000 4
[2022-12-19 16:08:15] INFO     mem_cmp 0x4FFC0000 0x6FFC0000 0x00010000 4
[2022-12-19 16:08:21] INFO     mem_cmp 0x507C0000 0x707C0000 0x00010000 4
[2022-12-19 16:08:28] INFO     mem_cmp 0x50FC0000 0x70FC0000 0x00010000 4
[2022-12-19 16:08:34] INFO     mem_cmp 0x517C0000 0x717C0000 0x00010000 4
[2022-12-19 16:08:41] INFO     mem_cmp 0x51FC0000 0x71FC0000 0x00010000 4
[2022-12-19 16:08:47] INFO     mem_cmp 0x527C0000 0x727C0000 0x00010000 4
[2022-12-19 16:08:54] INFO     mem_cmp 0x52FC0000 0x72FC0000 0x00010000 4
[2022-12-19 16:09:01] INFO     mem_cmp 0x537C0000 0x737C0000 0x00010000 4
[2022-12-19 16:09:07] INFO     mem_cmp 0x53FC0000 0x73FC0000 0x00010000 4
[2022-12-19 16:09:14] INFO     mem_cmp 0x547C0000 0x747C0000 0x00010000 4
[2022-12-19 16:09:21] INFO     mem_cmp 0x54FC0000 0x74FC0000 0x00010000 4
[2022-12-19 16:09:27] INFO     mem_cmp 0x557C0000 0x757C0000 0x00010000 4
[2022-12-19 16:09:34] INFO     mem_cmp 0x55FC0000 0x75FC0000 0x00010000 4
[2022-12-19 16:09:41] INFO     mem_cmp 0x567C0000 0x767C0000 0x00010000 4
[2022-12-19 16:09:47] INFO     mem_cmp 0x56FC0000 0x76FC0000 0x00010000 4
[2022-12-19 16:09:54] INFO     mem_cmp 0x577C0000 0x777C0000 0x00010000 4
[2022-12-19 16:10:00] INFO     mem_cmp 0x57FC0000 0x77FC0000 0x00010000 4
[2022-12-19 16:10:06] INFO     mem_cmp 0x587C0000 0x787C0000 0x00010000 4
[2022-12-19 16:10:13] INFO     mem_cmp 0x58FC0000 0x78FC0000 0x00010000 4
[2022-12-19 16:10:19] INFO     mem_cmp 0x597C0000 0x797C0000 0x00010000 4
[2022-12-19 16:10:26] INFO     mem_cmp 0x59FC0000 0x79FC0000 0x00010000 4
[2022-12-19 16:10:32] INFO     mem_cmp 0x5A7C0000 0x7A7C0000 0x00010000 4
[2022-12-19 16:10:39] INFO     mem_cmp 0x5AFC0000 0x7AFC0000 0x00010000 4
[2022-12-19 16:10:45] INFO     mem_cmp 0x5B7C0000 0x7B7C0000 0x00010000 4
[2022-12-19 16:10:52] INFO     mem_cmp 0x5BFC0000 0x7BFC0000 0x00010000 4
[2022-12-19 16:10:59] INFO     mem_cmp 0x5C7C0000 0x7C7C0000 0x00010000 4
[2022-12-19 16:11:05] INFO     mem_cmp 0x5CFC0000 0x7CFC0000 0x00010000 4
[2022-12-19 16:11:12] INFO     mem_cmp 0x5D7C0000 0x7D7C0000 0x00010000 4
[2022-12-19 16:11:18] INFO     mem_cmp 0x5DFC0000 0x7DFC0000 0x00010000 4
[2022-12-19 16:11:25] INFO     mem_cmp 0x5E7C0000 0x7E7C0000 0x00010000 4
[2022-12-19 16:11:31] INFO     mem_cmp 0x5EFC0000 0x7EFC0000 0x00010000 4
[2022-12-19 16:11:38] INFO     mem_cmp 0x5F7C0000 0x7F7C0000 0x00010000 4
[2022-12-19 16:11:45] INFO     mem_cmp 0x5FFC0000 0x7FFC0000 0x00010000 4
[2022-12-19 16:11:45] INFO     STATE:Mem Compare State
[2022-12-19 16:11:51] INFO     mem_cmp 0x407C0000 0x607C0000 0x00010000 4
[2022-12-19 16:11:58] INFO     mem_cmp 0x40FC0000 0x60FC0000 0x00010000 4
[2022-12-19 16:12:04] INFO     mem_cmp 0x417C0000 0x617C0000 0x00010000 4
[2022-12-19 16:12:11] INFO     mem_cmp 0x41FC0000 0x61FC0000 0x00010000 4
[2022-12-19 16:12:18] INFO     mem_cmp 0x427C0000 0x627C0000 0x00010000 4
[2022-12-19 16:12:24] INFO     mem_cmp 0x42FC0000 0x62FC0000 0x00010000 4
[2022-12-19 16:12:31] INFO     mem_cmp 0x437C0000 0x637C0000 0x00010000 4
[2022-12-19 16:12:37] INFO     mem_cmp 0x43FC0000 0x63FC0000 0x00010000 4
[2022-12-19 16:12:44] INFO     mem_cmp 0x447C0000 0x647C0000 0x00010000 4
[2022-12-19 16:12:50] INFO     mem_cmp 0x44FC0000 0x64FC0000 0x00010000 4
[2022-12-19 16:12:57] INFO     mem_cmp 0x457C0000 0x657C0000 0x00010000 4
[2022-12-19 16:13:03] INFO     mem_cmp 0x45FC0000 0x65FC0000 0x00010000 4
[2022-12-19 16:13:10] INFO     mem_cmp 0x467C0000 0x667C0000 0x00010000 4
[2022-12-19 16:13:17] INFO     mem_cmp 0x46FC0000 0x66FC0000 0x00010000 4
[2022-12-19 16:13:24] INFO     mem_cmp 0x477C0000 0x677C0000 0x00010000 4
[2022-12-19 16:13:30] INFO     mem_cmp 0x47FC0000 0x67FC0000 0x00010000 4
[2022-12-19 16:13:37] INFO     mem_cmp 0x487C0000 0x687C0000 0x00010000 4
[2022-12-19 16:13:44] INFO     mem_cmp 0x48FC0000 0x68FC0000 0x00010000 4
[2022-12-19 16:13:50] INFO     mem_cmp 0x497C0000 0x697C0000 0x00010000 4
[2022-12-19 16:13:57] INFO     mem_cmp 0x49FC0000 0x69FC0000 0x00010000 4
[2022-12-19 16:14:04] INFO     mem_cmp 0x4A7C0000 0x6A7C0000 0x00010000 4
[2022-12-19 16:14:10] INFO     mem_cmp 0x4AFC0000 0x6AFC0000 0x00010000 4
[2022-12-19 16:14:17] INFO     mem_cmp 0x4B7C0000 0x6B7C0000 0x00010000 4
[2022-12-19 16:14:23] INFO     mem_cmp 0x4BFC0000 0x6BFC0000 0x00010000 4
[2022-12-19 16:14:30] INFO     mem_cmp 0x4C7C0000 0x6C7C0000 0x00010000 4
[2022-12-19 16:14:37] INFO     mem_cmp 0x4CFC0000 0x6CFC0000 0x00010000 4
[2022-12-19 16:14:43] INFO     mem_cmp 0x4D7C0000 0x6D7C0000 0x00010000 4
[2022-12-19 16:14:50] INFO     mem_cmp 0x4DFC0000 0x6DFC0000 0x00010000 4
[2022-12-19 16:14:56] INFO     mem_cmp 0x4E7C0000 0x6E7C0000 0x00010000 4
[2022-12-19 16:15:03] INFO     mem_cmp 0x4EFC0000 0x6EFC0000 0x00010000 4
[2022-12-19 16:15:10] INFO     mem_cmp 0x4F7C0000 0x6F7C0000 0x00010000 4
[2022-12-19 16:15:16] INFO     mem_cmp 0x4FFC0000 0x6FFC0000 0x00010000 4
[2022-12-19 16:15:23] INFO     mem_cmp 0x507C0000 0x707C0000 0x00010000 4
[2022-12-19 16:15:29] INFO     mem_cmp 0x50FC0000 0x70FC0000 0x00010000 4
[2022-12-19 16:15:36] INFO     mem_cmp 0x517C0000 0x717C0000 0x00010000 4
[2022-12-19 16:15:42] INFO     mem_cmp 0x51FC0000 0x71FC0000 0x00010000 4
[2022-12-19 16:15:49] INFO     mem_cmp 0x527C0000 0x727C0000 0x00010000 4
[2022-12-19 16:15:56] INFO     mem_cmp 0x52FC0000 0x72FC0000 0x00010000 4
[2022-12-19 16:16:02] INFO     mem_cmp 0x537C0000 0x737C0000 0x00010000 4
[2022-12-19 16:16:09] INFO     mem_cmp 0x53FC0000 0x73FC0000 0x00010000 4
[2022-12-19 16:16:15] INFO     mem_cmp 0x547C0000 0x747C0000 0x00010000 4
[2022-12-19 16:16:22] INFO     mem_cmp 0x54FC0000 0x74FC0000 0x00010000 4
[2022-12-19 16:16:29] INFO     mem_cmp 0x557C0000 0x757C0000 0x00010000 4
[2022-12-19 16:16:35] INFO     mem_cmp 0x55FC0000 0x75FC0000 0x00010000 4
[2022-12-19 16:16:42] INFO     mem_cmp 0x567C0000 0x767C0000 0x00010000 4
[2022-12-19 16:16:48] INFO     mem_cmp 0x56FC0000 0x76FC0000 0x00010000 4
[2022-12-19 16:16:55] INFO     mem_cmp 0x577C0000 0x777C0000 0x00010000 4
[2022-12-19 16:17:01] INFO     mem_cmp 0x57FC0000 0x77FC0000 0x00010000 4
[2022-12-19 16:17:08] INFO     mem_cmp 0x587C0000 0x787C0000 0x00010000 4
[2022-12-19 16:17:15] INFO     mem_cmp 0x58FC0000 0x78FC0000 0x00010000 4
[2022-12-19 16:17:21] INFO     mem_cmp 0x597C0000 0x797C0000 0x00010000 4
[2022-12-19 16:17:28] INFO     mem_cmp 0x59FC0000 0x79FC0000 0x00010000 4
[2022-12-19 16:17:34] INFO     mem_cmp 0x5A7C0000 0x7A7C0000 0x00010000 4
[2022-12-19 16:17:41] INFO     mem_cmp 0x5AFC0000 0x7AFC0000 0x00010000 4
[2022-12-19 16:17:48] INFO     mem_cmp 0x5B7C0000 0x7B7C0000 0x00010000 4
[2022-12-19 16:17:54] INFO     mem_cmp 0x5BFC0000 0x7BFC0000 0x00010000 4
[2022-12-19 16:18:01] INFO     mem_cmp 0x5C7C0000 0x7C7C0000 0x00010000 4
[2022-12-19 16:18:08] INFO     mem_cmp 0x5CFC0000 0x7CFC0000 0x00010000 4
[2022-12-19 16:18:14] INFO     mem_cmp 0x5D7C0000 0x7D7C0000 0x00010000 4
[2022-12-19 16:18:20] INFO     mem_cmp 0x5DFC0000 0x7DFC0000 0x00010000 4
[2022-12-19 16:18:27] INFO     mem_cmp 0x5E7C0000 0x7E7C0000 0x00010000 4
[2022-12-19 16:18:33] INFO     mem_cmp 0x5EFC0000 0x7EFC0000 0x00010000 4
[2022-12-19 16:18:40] INFO     mem_cmp 0x5F7C0000 0x7F7C0000 0x00010000 4
[2022-12-19 16:18:47] INFO     mem_cmp 0x5FFC0000 0x7FFC0000 0x00010000 4
[2022-12-19 16:18:47] INFO     STATE:Mem Compare State
[2022-12-19 16:18:53] INFO     mem_cmp 0x407C0000 0x607C0000 0x00010000 4
[2022-12-19 16:19:00] INFO     mem_cmp 0x40FC0000 0x60FC0000 0x00010000 4
[2022-12-19 16:19:07] INFO     mem_cmp 0x417C0000 0x617C0000 0x00010000 4
[2022-12-19 16:19:13] INFO     mem_cmp 0x41FC0000 0x61FC0000 0x00010000 4
[2022-12-19 16:19:20] INFO     mem_cmp 0x427C0000 0x627C0000 0x00010000 4
[2022-12-19 16:19:26] INFO     mem_cmp 0x42FC0000 0x62FC0000 0x00010000 4
[2022-12-19 16:19:33] INFO     mem_cmp 0x437C0000 0x637C0000 0x00010000 4
[2022-12-19 16:19:39] INFO     mem_cmp 0x43FC0000 0x63FC0000 0x00010000 4
[2022-12-19 16:19:46] INFO     mem_cmp 0x447C0000 0x647C0000 0x00010000 4
[2022-12-19 16:19:52] INFO     mem_cmp 0x44FC0000 0x64FC0000 0x00010000 4
[2022-12-19 16:19:59] INFO     mem_cmp 0x457C0000 0x657C0000 0x00010000 4
[2022-12-19 16:20:06] INFO     mem_cmp 0x45FC0000 0x65FC0000 0x00010000 4
[2022-12-19 16:20:12] INFO     mem_cmp 0x467C0000 0x667C0000 0x00010000 4
[2022-12-19 16:20:19] INFO     mem_cmp 0x46FC0000 0x66FC0000 0x00010000 4
[2022-12-19 16:20:26] INFO     mem_cmp 0x477C0000 0x677C0000 0x00010000 4
[2022-12-19 16:20:33] INFO     mem_cmp 0x47FC0000 0x67FC0000 0x00010000 4
[2022-12-19 16:20:39] INFO     mem_cmp 0x487C0000 0x687C0000 0x00010000 4
[2022-12-19 16:20:46] INFO     mem_cmp 0x48FC0000 0x68FC0000 0x00010000 4
[2022-12-19 16:20:52] INFO     mem_cmp 0x497C0000 0x697C0000 0x00010000 4
[2022-12-19 16:20:59] INFO     mem_cmp 0x49FC0000 0x69FC0000 0x00010000 4
[2022-12-19 16:21:06] INFO     mem_cmp 0x4A7C0000 0x6A7C0000 0x00010000 4
[2022-12-19 16:21:12] INFO     mem_cmp 0x4AFC0000 0x6AFC0000 0x00010000 4
[2022-12-19 16:21:18] INFO     mem_cmp 0x4B7C0000 0x6B7C0000 0x00010000 4
[2022-12-19 16:21:25] INFO     mem_cmp 0x4BFC0000 0x6BFC0000 0x00010000 4
[2022-12-19 16:21:31] INFO     mem_cmp 0x4C7C0000 0x6C7C0000 0x00010000 4
[2022-12-19 16:21:38] INFO     mem_cmp 0x4CFC0000 0x6CFC0000 0x00010000 4
[2022-12-19 16:21:45] INFO     mem_cmp 0x4D7C0000 0x6D7C0000 0x00010000 4
[2022-12-19 16:21:51] INFO     mem_cmp 0x4DFC0000 0x6DFC0000 0x00010000 4
[2022-12-19 16:21:58] INFO     mem_cmp 0x4E7C0000 0x6E7C0000 0x00010000 4
[2022-12-19 16:22:04] INFO     mem_cmp 0x4EFC0000 0x6EFC0000 0x00010000 4
[2022-12-19 16:22:11] INFO     mem_cmp 0x4F7C0000 0x6F7C0000 0x00010000 4
[2022-12-19 16:22:18] INFO     mem_cmp 0x4FFC0000 0x6FFC0000 0x00010000 4
[2022-12-19 16:22:24] INFO     mem_cmp 0x507C0000 0x707C0000 0x00010000 4
[2022-12-19 16:22:31] INFO     mem_cmp 0x50FC0000 0x70FC0000 0x00010000 4
[2022-12-19 16:22:37] INFO     mem_cmp 0x517C0000 0x717C0000 0x00010000 4
[2022-12-19 16:22:44] INFO     mem_cmp 0x51FC0000 0x71FC0000 0x00010000 4
[2022-12-19 16:22:50] INFO     mem_cmp 0x527C0000 0x727C0000 0x00010000 4
[2022-12-19 16:22:57] INFO     mem_cmp 0x52FC0000 0x72FC0000 0x00010000 4
[2022-12-19 16:23:03] INFO     mem_cmp 0x537C0000 0x737C0000 0x00010000 4
[2022-12-19 16:23:10] INFO     mem_cmp 0x53FC0000 0x73FC0000 0x00010000 4
[2022-12-19 16:23:17] INFO     mem_cmp 0x547C0000 0x747C0000 0x00010000 4
[2022-12-19 16:23:23] INFO     mem_cmp 0x54FC0000 0x74FC0000 0x00010000 4
[2022-12-19 16:23:30] INFO     mem_cmp 0x557C0000 0x757C0000 0x00010000 4
[2022-12-19 16:23:36] INFO     mem_cmp 0x55FC0000 0x75FC0000 0x00010000 4
[2022-12-19 16:23:43] INFO     mem_cmp 0x567C0000 0x767C0000 0x00010000 4
[2022-12-19 16:23:49] INFO     mem_cmp 0x56FC0000 0x76FC0000 0x00010000 4
[2022-12-19 16:23:56] INFO     mem_cmp 0x577C0000 0x777C0000 0x00010000 4
[2022-12-19 16:24:02] INFO     mem_cmp 0x57FC0000 0x77FC0000 0x00010000 4
[2022-12-19 16:24:09] INFO     mem_cmp 0x587C0000 0x787C0000 0x00010000 4
[2022-12-19 16:24:16] INFO     mem_cmp 0x58FC0000 0x78FC0000 0x00010000 4
[2022-12-19 16:24:22] INFO     mem_cmp 0x597C0000 0x797C0000 0x00010000 4
[2022-12-19 16:24:29] INFO     mem_cmp 0x59FC0000 0x79FC0000 0x00010000 4
[2022-12-19 16:24:35] INFO     mem_cmp 0x5A7C0000 0x7A7C0000 0x00010000 4
[2022-12-19 16:24:42] INFO     mem_cmp 0x5AFC0000 0x7AFC0000 0x00010000 4
[2022-12-19 16:24:48] INFO     mem_cmp 0x5B7C0000 0x7B7C0000 0x00010000 4
[2022-12-19 16:24:55] INFO     mem_cmp 0x5BFC0000 0x7BFC0000 0x00010000 4
[2022-12-19 16:25:02] INFO     mem_cmp 0x5C7C0000 0x7C7C0000 0x00010000 4
[2022-12-19 16:25:08] INFO     mem_cmp 0x5CFC0000 0x7CFC0000 0x00010000 4
[2022-12-19 16:25:15] INFO     mem_cmp 0x5D7C0000 0x7D7C0000 0x00010000 4
[2022-12-19 16:25:22] INFO     mem_cmp 0x5DFC0000 0x7DFC0000 0x00010000 4
[2022-12-19 16:25:28] INFO     mem_cmp 0x5E7C0000 0x7E7C0000 0x00010000 4
[2022-12-19 16:25:35] INFO     mem_cmp 0x5EFC0000 0x7EFC0000 0x00010000 4
[2022-12-19 16:25:41] INFO     mem_cmp 0x5F7C0000 0x7F7C0000 0x00010000 4
[2022-12-19 16:25:48] INFO     mem_cmp 0x5FFC0000 0x7FFC0000 0x00010000 4
[2022-12-19 16:25:48] INFO     STATE:Mem Compare State
[2022-12-19 16:25:55] INFO     mem_cmp 0x407C0000 0x607C0000 0x00010000 4
[2022-12-19 16:26:01] INFO     mem_cmp 0x40FC0000 0x60FC0000 0x00010000 4
[2022-12-19 16:26:08] INFO     mem_cmp 0x417C0000 0x617C0000 0x00010000 4
[2022-12-19 16:26:14] INFO     mem_cmp 0x41FC0000 0x61FC0000 0x00010000 4
[2022-12-19 16:26:21] INFO     mem_cmp 0x427C0000 0x627C0000 0x00010000 4
[2022-12-19 16:26:28] INFO     mem_cmp 0x42FC0000 0x62FC0000 0x00010000 4
[2022-12-19 16:26:34] INFO     mem_cmp 0x437C0000 0x637C0000 0x00010000 4
[2022-12-19 16:26:40] INFO     mem_cmp 0x43FC0000 0x63FC0000 0x00010000 4
[2022-12-19 16:26:47] INFO     mem_cmp 0x447C0000 0x647C0000 0x00010000 4
[2022-12-19 16:26:54] INFO     mem_cmp 0x44FC0000 0x64FC0000 0x00010000 4
[2022-12-19 16:27:01] INFO     mem_cmp 0x457C0000 0x657C0000 0x00010000 4
[2022-12-19 16:27:07] INFO     mem_cmp 0x45FC0000 0x65FC0000 0x00010000 4
[2022-12-19 16:27:14] INFO     mem_cmp 0x467C0000 0x667C0000 0x00010000 4
[2022-12-19 16:27:20] INFO     mem_cmp 0x46FC0000 0x66FC0000 0x00010000 4
[2022-12-19 16:27:27] INFO     mem_cmp 0x477C0000 0x677C0000 0x00010000 4
[2022-12-19 16:27:34] INFO     mem_cmp 0x47FC0000 0x67FC0000 0x00010000 4
[2022-12-19 16:27:40] INFO     mem_cmp 0x487C0000 0x687C0000 0x00010000 4
[2022-12-19 16:27:47] INFO     mem_cmp 0x48FC0000 0x68FC0000 0x00010000 4
[2022-12-19 16:27:53] INFO     mem_cmp 0x497C0000 0x697C0000 0x00010000 4
[2022-12-19 16:28:00] INFO     mem_cmp 0x49FC0000 0x69FC0000 0x00010000 4
[2022-12-19 16:28:07] INFO     mem_cmp 0x4A7C0000 0x6A7C0000 0x00010000 4
[2022-12-19 16:28:14] INFO     mem_cmp 0x4AFC0000 0x6AFC0000 0x00010000 4
[2022-12-19 16:28:20] INFO     mem_cmp 0x4B7C0000 0x6B7C0000 0x00010000 4
[2022-12-19 16:28:27] INFO     mem_cmp 0x4BFC0000 0x6BFC0000 0x00010000 4
[2022-12-19 16:28:33] INFO     mem_cmp 0x4C7C0000 0x6C7C0000 0x00010000 4
[2022-12-19 16:28:40] INFO     mem_cmp 0x4CFC0000 0x6CFC0000 0x00010000 4
[2022-12-19 16:28:47] INFO     mem_cmp 0x4D7C0000 0x6D7C0000 0x00010000 4
[2022-12-19 16:28:53] INFO     mem_cmp 0x4DFC0000 0x6DFC0000 0x00010000 4
[2022-12-19 16:29:00] INFO     mem_cmp 0x4E7C0000 0x6E7C0000 0x00010000 4
[2022-12-19 16:29:06] INFO     mem_cmp 0x4EFC0000 0x6EFC0000 0x00010000 4
[2022-12-19 16:29:13] INFO     mem_cmp 0x4F7C0000 0x6F7C0000 0x00010000 4
[2022-12-19 16:29:20] INFO     mem_cmp 0x4FFC0000 0x6FFC0000 0x00010000 4
[2022-12-19 16:29:26] INFO     mem_cmp 0x507C0000 0x707C0000 0x00010000 4
[2022-12-19 16:29:33] INFO     mem_cmp 0x50FC0000 0x70FC0000 0x00010000 4
[2022-12-19 16:29:40] INFO     mem_cmp 0x517C0000 0x717C0000 0x00010000 4
[2022-12-19 16:29:47] INFO     mem_cmp 0x51FC0000 0x71FC0000 0x00010000 4
[2022-12-19 16:29:53] INFO     mem_cmp 0x527C0000 0x727C0000 0x00010000 4
[2022-12-19 16:30:00] INFO     mem_cmp 0x52FC0000 0x72FC0000 0x00010000 4
[2022-12-19 16:30:07] INFO     mem_cmp 0x537C0000 0x737C0000 0x00010000 4
[2022-12-19 16:30:13] INFO     mem_cmp 0x53FC0000 0x73FC0000 0x00010000 4
[2022-12-19 16:30:20] INFO     mem_cmp 0x547C0000 0x747C0000 0x00010000 4
[2022-12-19 16:30:26] INFO     mem_cmp 0x54FC0000 0x74FC0000 0x00010000 4
[2022-12-19 16:30:33] INFO     mem_cmp 0x557C0000 0x757C0000 0x00010000 4
[2022-12-19 16:30:40] INFO     mem_cmp 0x55FC0000 0x75FC0000 0x00010000 4
[2022-12-19 16:30:47] INFO     mem_cmp 0x567C0000 0x767C0000 0x00010000 4
[2022-12-19 16:30:53] INFO     mem_cmp 0x56FC0000 0x76FC0000 0x00010000 4
[2022-12-19 16:31:00] INFO     mem_cmp 0x577C0000 0x777C0000 0x00010000 4
[2022-12-19 16:31:06] INFO     mem_cmp 0x57FC0000 0x77FC0000 0x00010000 4
[2022-12-19 16:31:13] INFO     mem_cmp 0x587C0000 0x787C0000 0x00010000 4
[2022-12-19 16:31:19] INFO     mem_cmp 0x58FC0000 0x78FC0000 0x00010000 4
[2022-12-19 16:31:26] INFO     mem_cmp 0x597C0000 0x797C0000 0x00010000 4
[2022-12-19 16:31:32] INFO     mem_cmp 0x59FC0000 0x79FC0000 0x00010000 4
[2022-12-19 16:31:39] INFO     mem_cmp 0x5A7C0000 0x7A7C0000 0x00010000 4
[2022-12-19 16:31:46] INFO     mem_cmp 0x5AFC0000 0x7AFC0000 0x00010000 4
[2022-12-19 16:31:52] INFO     mem_cmp 0x5B7C0000 0x7B7C0000 0x00010000 4
[2022-12-19 16:31:59] INFO     mem_cmp 0x5BFC0000 0x7BFC0000 0x00010000 4
[2022-12-19 16:32:05] INFO     mem_cmp 0x5C7C0000 0x7C7C0000 0x00010000 4
[2022-12-19 16:32:12] INFO     mem_cmp 0x5CFC0000 0x7CFC0000 0x00010000 4
[2022-12-19 16:32:19] INFO     mem_cmp 0x5D7C0000 0x7D7C0000 0x00010000 4
[2022-12-19 16:32:25] INFO     mem_cmp 0x5DFC0000 0x7DFC0000 0x00010000 4
[2022-12-19 16:32:32] INFO     mem_cmp 0x5E7C0000 0x7E7C0000 0x00010000 4
[2022-12-19 16:32:38] INFO     mem_cmp 0x5EFC0000 0x7EFC0000 0x00010000 4
[2022-12-19 16:32:45] INFO     mem_cmp 0x5F7C0000 0x7F7C0000 0x00010000 4
[2022-12-19 16:32:51] INFO     mem_cmp 0x5FFC0000 0x7FFC0000 0x00010000 4
[2022-12-19 16:32:52] INFO     STATE:Mem Compare State
[2022-12-19 16:32:58] INFO     mem_cmp 0x407C0000 0x607C0000 0x00010000 4
[2022-12-19 16:33:04] INFO     mem_cmp 0x40FC0000 0x60FC0000 0x00010000 4
[2022-12-19 16:33:11] INFO     mem_cmp 0x417C0000 0x617C0000 0x00010000 4
[2022-12-19 16:33:18] INFO     mem_cmp 0x41FC0000 0x61FC0000 0x00010000 4
[2022-12-19 16:33:24] INFO     mem_cmp 0x427C0000 0x627C0000 0x00010000 4
[2022-12-19 16:33:31] INFO     mem_cmp 0x42FC0000 0x62FC0000 0x00010000 4
[2022-12-19 16:33:38] INFO     mem_cmp 0x437C0000 0x637C0000 0x00010000 4
[2022-12-19 16:33:44] INFO     mem_cmp 0x43FC0000 0x63FC0000 0x00010000 4
[2022-12-19 16:33:51] INFO     mem_cmp 0x447C0000 0x647C0000 0x00010000 4
[2022-12-19 16:33:57] INFO     mem_cmp 0x44FC0000 0x64FC0000 0x00010000 4
[2022-12-19 16:34:04] INFO     mem_cmp 0x457C0000 0x657C0000 0x00010000 4
[2022-12-19 16:34:11] INFO     mem_cmp 0x45FC0000 0x65FC0000 0x00010000 4
[2022-12-19 16:34:17] INFO     mem_cmp 0x467C0000 0x667C0000 0x00010000 4
[2022-12-19 16:34:24] INFO     mem_cmp 0x46FC0000 0x66FC0000 0x00010000 4
[2022-12-19 16:34:30] INFO     mem_cmp 0x477C0000 0x677C0000 0x00010000 4
[2022-12-19 16:34:37] INFO     mem_cmp 0x47FC0000 0x67FC0000 0x00010000 4
[2022-12-19 16:34:43] INFO     mem_cmp 0x487C0000 0x687C0000 0x00010000 4
[2022-12-19 16:34:50] INFO     mem_cmp 0x48FC0000 0x68FC0000 0x00010000 4
[2022-12-19 16:34:57] INFO     mem_cmp 0x497C0000 0x697C0000 0x00010000 4
[2022-12-19 16:35:04] INFO     mem_cmp 0x49FC0000 0x69FC0000 0x00010000 4
[2022-12-19 16:35:10] INFO     mem_cmp 0x4A7C0000 0x6A7C0000 0x00010000 4
[2022-12-19 16:35:17] INFO     mem_cmp 0x4AFC0000 0x6AFC0000 0x00010000 4
[2022-12-19 16:35:24] INFO     mem_cmp 0x4B7C0000 0x6B7C0000 0x00010000 4
[2022-12-19 16:35:30] INFO     mem_cmp 0x4BFC0000 0x6BFC0000 0x00010000 4
[2022-12-19 16:35:37] INFO     mem_cmp 0x4C7C0000 0x6C7C0000 0x00010000 4
[2022-12-19 16:35:43] INFO     mem_cmp 0x4CFC0000 0x6CFC0000 0x00010000 4
[2022-12-19 16:35:50] INFO     mem_cmp 0x4D7C0000 0x6D7C0000 0x00010000 4
[2022-12-19 16:35:57] INFO     mem_cmp 0x4DFC0000 0x6DFC0000 0x00010000 4
[2022-12-19 16:36:03] INFO     mem_cmp 0x4E7C0000 0x6E7C0000 0x00010000 4
[2022-12-19 16:36:10] INFO     mem_cmp 0x4EFC0000 0x6EFC0000 0x00010000 4
[2022-12-19 16:36:17] INFO     mem_cmp 0x4F7C0000 0x6F7C0000 0x00010000 4
[2022-12-19 16:36:23] INFO     mem_cmp 0x4FFC0000 0x6FFC0000 0x00010000 4
[2022-12-19 16:36:30] INFO     mem_cmp 0x507C0000 0x707C0000 0x00010000 4
[2022-12-19 16:36:36] INFO     mem_cmp 0x50FC0000 0x70FC0000 0x00010000 4
[2022-12-19 16:36:43] INFO     mem_cmp 0x517C0000 0x717C0000 0x00010000 4
[2022-12-19 16:36:49] INFO     mem_cmp 0x51FC0000 0x71FC0000 0x00010000 4
[2022-12-19 16:36:56] INFO     mem_cmp 0x527C0000 0x727C0000 0x00010000 4
[2022-12-19 16:37:02] INFO     mem_cmp 0x52FC0000 0x72FC0000 0x00010000 4
[2022-12-19 16:37:09] INFO     mem_cmp 0x537C0000 0x737C0000 0x00010000 4
[2022-12-19 16:37:16] INFO     mem_cmp 0x53FC0000 0x73FC0000 0x00010000 4
[2022-12-19 16:37:22] INFO     mem_cmp 0x547C0000 0x747C0000 0x00010000 4
[2022-12-19 16:37:29] INFO     mem_cmp 0x54FC0000 0x74FC0000 0x00010000 4
[2022-12-19 16:37:35] INFO     mem_cmp 0x557C0000 0x757C0000 0x00010000 4
[2022-12-19 16:37:42] INFO     mem_cmp 0x55FC0000 0x75FC0000 0x00010000 4
[2022-12-19 16:37:48] INFO     mem_cmp 0x567C0000 0x767C0000 0x00010000 4
[2022-12-19 16:37:55] INFO     mem_cmp 0x56FC0000 0x76FC0000 0x00010000 4
[2022-12-19 16:38:01] INFO     mem_cmp 0x577C0000 0x777C0000 0x00010000 4
[2022-12-19 16:38:08] INFO     mem_cmp 0x57FC0000 0x77FC0000 0x00010000 4
[2022-12-19 16:38:14] INFO     mem_cmp 0x587C0000 0x787C0000 0x00010000 4
[2022-12-19 16:38:21] INFO     mem_cmp 0x58FC0000 0x78FC0000 0x00010000 4
[2022-12-19 16:38:28] INFO     mem_cmp 0x597C0000 0x797C0000 0x00010000 4
[2022-12-19 16:38:34] INFO     mem_cmp 0x59FC0000 0x79FC0000 0x00010000 4
[2022-12-19 16:38:41] INFO     mem_cmp 0x5A7C0000 0x7A7C0000 0x00010000 4
[2022-12-19 16:38:47] INFO     mem_cmp 0x5AFC0000 0x7AFC0000 0x00010000 4
[2022-12-19 16:38:54] INFO     mem_cmp 0x5B7C0000 0x7B7C0000 0x00010000 4
[2022-12-19 16:39:00] INFO     mem_cmp 0x5BFC0000 0x7BFC0000 0x00010000 4
[2022-12-19 16:39:07] INFO     mem_cmp 0x5C7C0000 0x7C7C0000 0x00010000 4
[2022-12-19 16:39:14] INFO     mem_cmp 0x5CFC0000 0x7CFC0000 0x00010000 4
[2022-12-19 16:39:20] INFO     mem_cmp 0x5D7C0000 0x7D7C0000 0x00010000 4
[2022-12-19 16:39:27] INFO     mem_cmp 0x5DFC0000 0x7DFC0000 0x00010000 4
[2022-12-19 16:39:34] INFO     mem_cmp 0x5E7C0000 0x7E7C0000 0x00010000 4
[2022-12-19 16:39:40] INFO     mem_cmp 0x5EFC0000 0x7EFC0000 0x00010000 4
[2022-12-19 16:39:47] INFO     mem_cmp 0x5F7C0000 0x7F7C0000 0x00010000 4
[2022-12-19 16:39:53] INFO     mem_cmp 0x5FFC0000 0x7FFC0000 0x00010000 4
[2022-12-19 16:39:53] INFO     STATE:Mem Compare State
[2022-12-19 16:40:00] INFO     mem_cmp 0x407C0000 0x607C0000 0x00010000 4
[2022-12-19 16:40:07] INFO     mem_cmp 0x40FC0000 0x60FC0000 0x00010000 4
[2022-12-19 16:40:13] INFO     mem_cmp 0x417C0000 0x617C0000 0x00010000 4
[2022-12-19 16:40:20] INFO     mem_cmp 0x41FC0000 0x61FC0000 0x00010000 4
[2022-12-19 16:40:26] INFO     mem_cmp 0x427C0000 0x627C0000 0x00010000 4
[2022-12-19 16:40:33] INFO     mem_cmp 0x42FC0000 0x62FC0000 0x00010000 4
[2022-12-19 16:40:39] INFO     mem_cmp 0x437C0000 0x637C0000 0x00010000 4
[2022-12-19 16:40:46] INFO     mem_cmp 0x43FC0000 0x63FC0000 0x00010000 4
[2022-12-19 16:40:53] INFO     mem_cmp 0x447C0000 0x647C0000 0x00010000 4
[2022-12-19 16:40:59] INFO     mem_cmp 0x44FC0000 0x64FC0000 0x00010000 4
[2022-12-19 16:41:06] INFO     mem_cmp 0x457C0000 0x657C0000 0x00010000 4
[2022-12-19 16:41:13] INFO     mem_cmp 0x45FC0000 0x65FC0000 0x00010000 4
[2022-12-19 16:41:19] INFO     mem_cmp 0x467C0000 0x667C0000 0x00010000 4
[2022-12-19 16:41:26] INFO     mem_cmp 0x46FC0000 0x66FC0000 0x00010000 4
[2022-12-19 16:41:32] INFO     mem_cmp 0x477C0000 0x677C0000 0x00010000 4
[2022-12-19 16:41:39] INFO     mem_cmp 0x47FC0000 0x67FC0000 0x00010000 4
[2022-12-19 16:41:45] INFO     mem_cmp 0x487C0000 0x687C0000 0x00010000 4
[2022-12-19 16:41:52] INFO     mem_cmp 0x48FC0000 0x68FC0000 0x00010000 4
[2022-12-19 16:41:58] INFO     mem_cmp 0x497C0000 0x697C0000 0x00010000 4
[2022-12-19 16:42:05] INFO     mem_cmp 0x49FC0000 0x69FC0000 0x00010000 4
[2022-12-19 16:42:12] INFO     mem_cmp 0x4A7C0000 0x6A7C0000 0x00010000 4
[2022-12-19 16:42:19] INFO     mem_cmp 0x4AFC0000 0x6AFC0000 0x00010000 4
[2022-12-19 16:42:25] INFO     mem_cmp 0x4B7C0000 0x6B7C0000 0x00010000 4
[2022-12-19 16:42:32] INFO     mem_cmp 0x4BFC0000 0x6BFC0000 0x00010000 4
[2022-12-19 16:42:39] INFO     mem_cmp 0x4C7C0000 0x6C7C0000 0x00010000 4
[2022-12-19 16:42:45] INFO     mem_cmp 0x4CFC0000 0x6CFC0000 0x00010000 4
[2022-12-19 16:42:51] INFO     mem_cmp 0x4D7C0000 0x6D7C0000 0x00010000 4
[2022-12-19 16:42:58] INFO     mem_cmp 0x4DFC0000 0x6DFC0000 0x00010000 4
[2022-12-19 16:43:04] INFO     mem_cmp 0x4E7C0000 0x6E7C0000 0x00010000 4
[2022-12-19 16:43:11] INFO     mem_cmp 0x4EFC0000 0x6EFC0000 0x00010000 4
[2022-12-19 16:43:18] INFO     mem_cmp 0x4F7C0000 0x6F7C0000 0x00010000 4
[2022-12-19 16:43:24] INFO     mem_cmp 0x4FFC0000 0x6FFC0000 0x00010000 4
[2022-12-19 16:43:31] INFO     mem_cmp 0x507C0000 0x707C0000 0x00010000 4
[2022-12-19 16:43:38] INFO     mem_cmp 0x50FC0000 0x70FC0000 0x00010000 4
[2022-12-19 16:43:44] INFO     mem_cmp 0x517C0000 0x717C0000 0x00010000 4
[2022-12-19 16:43:51] INFO     mem_cmp 0x51FC0000 0x71FC0000 0x00010000 4
[2022-12-19 16:43:58] INFO     mem_cmp 0x527C0000 0x727C0000 0x00010000 4
[2022-12-19 16:44:04] INFO     mem_cmp 0x52FC0000 0x72FC0000 0x00010000 4
[2022-12-19 16:44:11] INFO     mem_cmp 0x537C0000 0x737C0000 0x00010000 4
[2022-12-19 16:44:17] INFO     mem_cmp 0x53FC0000 0x73FC0000 0x00010000 4
[2022-12-19 16:44:24] INFO     mem_cmp 0x547C0000 0x747C0000 0x00010000 4
[2022-12-19 16:44:30] INFO     mem_cmp 0x54FC0000 0x74FC0000 0x00010000 4
[2022-12-19 16:44:37] INFO     mem_cmp 0x557C0000 0x757C0000 0x00010000 4
[2022-12-19 16:44:44] INFO     mem_cmp 0x55FC0000 0x75FC0000 0x00010000 4
[2022-12-19 16:44:50] INFO     mem_cmp 0x567C0000 0x767C0000 0x00010000 4
[2022-12-19 16:44:57] INFO     mem_cmp 0x56FC0000 0x76FC0000 0x00010000 4
[2022-12-19 16:45:03] INFO     mem_cmp 0x577C0000 0x777C0000 0x00010000 4
[2022-12-19 16:45:10] INFO     mem_cmp 0x57FC0000 0x77FC0000 0x00010000 4
[2022-12-19 16:45:16] INFO     mem_cmp 0x587C0000 0x787C0000 0x00010000 4
[2022-12-19 16:45:23] INFO     mem_cmp 0x58FC0000 0x78FC0000 0x00010000 4
[2022-12-19 16:45:29] INFO     mem_cmp 0x597C0000 0x797C0000 0x00010000 4
[2022-12-19 16:45:36] INFO     mem_cmp 0x59FC0000 0x79FC0000 0x00010000 4
[2022-12-19 16:45:43] INFO     mem_cmp 0x5A7C0000 0x7A7C0000 0x00010000 4
[2022-12-19 16:45:49] INFO     mem_cmp 0x5AFC0000 0x7AFC0000 0x00010000 4
[2022-12-19 16:45:56] INFO     mem_cmp 0x5B7C0000 0x7B7C0000 0x00010000 4
[2022-12-19 16:46:02] INFO     mem_cmp 0x5BFC0000 0x7BFC0000 0x00010000 4
[2022-12-19 16:46:09] INFO     mem_cmp 0x5C7C0000 0x7C7C0000 0x00010000 4
[2022-12-19 16:46:16] INFO     mem_cmp 0x5CFC0000 0x7CFC0000 0x00010000 4
[2022-12-19 16:46:22] INFO     mem_cmp 0x5D7C0000 0x7D7C0000 0x00010000 4
[2022-12-19 16:46:29] INFO     mem_cmp 0x5DFC0000 0x7DFC0000 0x00010000 4
[2022-12-19 16:46:36] INFO     mem_cmp 0x5E7C0000 0x7E7C0000 0x00010000 4
[2022-12-19 16:46:42] INFO     mem_cmp 0x5EFC0000 0x7EFC0000 0x00010000 4
[2022-12-19 16:46:49] INFO     mem_cmp 0x5F7C0000 0x7F7C0000 0x00010000 4
[2022-12-19 16:46:56] INFO     mem_cmp 0x5FFC0000 0x7FFC0000 0x00010000 4
[2022-12-19 16:46:56] INFO     STATE:Mem Compare State
[2022-12-19 16:47:02] INFO     mem_cmp 0x407C0000 0x607C0000 0x00010000 4
[2022-12-19 16:47:09] INFO     mem_cmp 0x40FC0000 0x60FC0000 0x00010000 4
[2022-12-19 16:47:15] INFO     mem_cmp 0x417C0000 0x617C0000 0x00010000 4
[2022-12-19 16:47:22] INFO     mem_cmp 0x41FC0000 0x61FC0000 0x00010000 4
[2022-12-19 16:47:28] INFO     mem_cmp 0x427C0000 0x627C0000 0x00010000 4
[2022-12-19 16:47:35] INFO     mem_cmp 0x42FC0000 0x62FC0000 0x00010000 4
[2022-12-19 16:47:42] INFO     mem_cmp 0x437C0000 0x637C0000 0x00010000 4
[2022-12-19 16:47:48] INFO     mem_cmp 0x43FC0000 0x63FC0000 0x00010000 4
[2022-12-19 16:47:55] INFO     mem_cmp 0x447C0000 0x647C0000 0x00010000 4
[2022-12-19 16:48:01] INFO     mem_cmp 0x44FC0000 0x64FC0000 0x00010000 4
[2022-12-19 16:48:08] INFO     mem_cmp 0x457C0000 0x657C0000 0x00010000 4
[2022-12-19 16:48:15] INFO     mem_cmp 0x45FC0000 0x65FC0000 0x00010000 4
[2022-12-19 16:48:21] INFO     mem_cmp 0x467C0000 0x667C0000 0x00010000 4
[2022-12-19 16:48:28] INFO     mem_cmp 0x46FC0000 0x66FC0000 0x00010000 4
[2022-12-19 16:48:34] INFO     mem_cmp 0x477C0000 0x677C0000 0x00010000 4
[2022-12-19 16:48:41] INFO     mem_cmp 0x47FC0000 0x67FC0000 0x00010000 4
[2022-12-19 16:48:47] INFO     mem_cmp 0x487C0000 0x687C0000 0x00010000 4
[2022-12-19 16:48:54] INFO     mem_cmp 0x48FC0000 0x68FC0000 0x00010000 4
[2022-12-19 16:49:01] INFO     mem_cmp 0x497C0000 0x697C0000 0x00010000 4
[2022-12-19 16:49:07] INFO     mem_cmp 0x49FC0000 0x69FC0000 0x00010000 4
[2022-12-19 16:49:14] INFO     mem_cmp 0x4A7C0000 0x6A7C0000 0x00010000 4
[2022-12-19 16:49:20] INFO     mem_cmp 0x4AFC0000 0x6AFC0000 0x00010000 4
[2022-12-19 16:49:27] INFO     mem_cmp 0x4B7C0000 0x6B7C0000 0x00010000 4
[2022-12-19 16:49:33] INFO     mem_cmp 0x4BFC0000 0x6BFC0000 0x00010000 4
[2022-12-19 16:49:40] INFO     mem_cmp 0x4C7C0000 0x6C7C0000 0x00010000 4
[2022-12-19 16:49:46] INFO     mem_cmp 0x4CFC0000 0x6CFC0000 0x00010000 4
[2022-12-19 16:49:53] INFO     mem_cmp 0x4D7C0000 0x6D7C0000 0x00010000 4
[2022-12-19 16:49:59] INFO     mem_cmp 0x4DFC0000 0x6DFC0000 0x00010000 4
[2022-12-19 16:50:06] INFO     mem_cmp 0x4E7C0000 0x6E7C0000 0x00010000 4
[2022-12-19 16:50:12] INFO     mem_cmp 0x4EFC0000 0x6EFC0000 0x00010000 4
[2022-12-19 16:50:19] INFO     mem_cmp 0x4F7C0000 0x6F7C0000 0x00010000 4
[2022-12-19 16:50:26] INFO     mem_cmp 0x4FFC0000 0x6FFC0000 0x00010000 4
[2022-12-19 16:50:32] INFO     mem_cmp 0x507C0000 0x707C0000 0x00010000 4
[2022-12-19 16:50:39] INFO     mem_cmp 0x50FC0000 0x70FC0000 0x00010000 4
[2022-12-19 16:50:45] INFO     mem_cmp 0x517C0000 0x717C0000 0x00010000 4
[2022-12-19 16:50:52] INFO     mem_cmp 0x51FC0000 0x71FC0000 0x00010000 4
[2022-12-19 16:50:59] INFO     mem_cmp 0x527C0000 0x727C0000 0x00010000 4
[2022-12-19 16:51:06] INFO     mem_cmp 0x52FC0000 0x72FC0000 0x00010000 4
[2022-12-19 16:51:12] INFO     mem_cmp 0x537C0000 0x737C0000 0x00010000 4
[2022-12-19 16:51:19] INFO     mem_cmp 0x53FC0000 0x73FC0000 0x00010000 4
[2022-12-19 16:51:25] INFO     mem_cmp 0x547C0000 0x747C0000 0x00010000 4
[2022-12-19 16:51:32] INFO     mem_cmp 0x54FC0000 0x74FC0000 0x00010000 4
[2022-12-19 16:51:39] INFO     mem_cmp 0x557C0000 0x757C0000 0x00010000 4
[2022-12-19 16:51:45] INFO     mem_cmp 0x55FC0000 0x75FC0000 0x00010000 4
[2022-12-19 16:51:52] INFO     mem_cmp 0x567C0000 0x767C0000 0x00010000 4
[2022-12-19 16:51:58] INFO     mem_cmp 0x56FC0000 0x76FC0000 0x00010000 4
[2022-12-19 16:52:05] INFO     mem_cmp 0x577C0000 0x777C0000 0x00010000 4
[2022-12-19 16:52:11] INFO     mem_cmp 0x57FC0000 0x77FC0000 0x00010000 4
[2022-12-19 16:52:18] INFO     mem_cmp 0x587C0000 0x787C0000 0x00010000 4
[2022-12-19 16:52:24] INFO     mem_cmp 0x58FC0000 0x78FC0000 0x00010000 4
[2022-12-19 16:52:31] INFO     mem_cmp 0x597C0000 0x797C0000 0x00010000 4
[2022-12-19 16:52:38] INFO     mem_cmp 0x59FC0000 0x79FC0000 0x00010000 4
[2022-12-19 16:52:44] INFO     mem_cmp 0x5A7C0000 0x7A7C0000 0x00010000 4
[2022-12-19 16:52:50] INFO     mem_cmp 0x5AFC0000 0x7AFC0000 0x00010000 4
[2022-12-19 16:52:57] INFO     mem_cmp 0x5B7C0000 0x7B7C0000 0x00010000 4
[2022-12-19 16:53:04] INFO     mem_cmp 0x5BFC0000 0x7BFC0000 0x00010000 4
[2022-12-19 16:53:10] INFO     mem_cmp 0x5C7C0000 0x7C7C0000 0x00010000 4
[2022-12-19 16:53:17] INFO     mem_cmp 0x5CFC0000 0x7CFC0000 0x00010000 4
[2022-12-19 16:53:23] INFO     mem_cmp 0x5D7C0000 0x7D7C0000 0x00010000 4
[2022-12-19 16:53:30] INFO     mem_cmp 0x5DFC0000 0x7DFC0000 0x00010000 4
[2022-12-19 16:53:36] INFO     mem_cmp 0x5E7C0000 0x7E7C0000 0x00010000 4
[2022-12-19 16:53:43] INFO     mem_cmp 0x5EFC0000 0x7EFC0000 0x00010000 4
[2022-12-19 16:53:49] INFO     mem_cmp 0x5F7C0000 0x7F7C0000 0x00010000 4
[2022-12-19 16:53:56] INFO     mem_cmp 0x5FFC0000 0x7FFC0000 0x00010000 4
[2022-12-19 16:53:56] INFO     STATE:Mem Compare State
[2022-12-19 16:54:03] INFO     mem_cmp 0x407C0000 0x607C0000 0x00010000 4
[2022-12-19 16:54:09] INFO     mem_cmp 0x40FC0000 0x60FC0000 0x00010000 4
[2022-12-19 16:54:15] INFO     mem_cmp 0x417C0000 0x617C0000 0x00010000 4
[2022-12-19 16:54:22] INFO     mem_cmp 0x41FC0000 0x61FC0000 0x00010000 4
[2022-12-19 16:54:29] INFO     mem_cmp 0x427C0000 0x627C0000 0x00010000 4
[2022-12-19 16:54:35] INFO     mem_cmp 0x42FC0000 0x62FC0000 0x00010000 4
[2022-12-19 16:54:42] INFO     mem_cmp 0x437C0000 0x637C0000 0x00010000 4
[2022-12-19 16:54:49] INFO     mem_cmp 0x43FC0000 0x63FC0000 0x00010000 4
[2022-12-19 16:54:55] INFO     mem_cmp 0x447C0000 0x647C0000 0x00010000 4
[2022-12-19 16:55:02] INFO     mem_cmp 0x44FC0000 0x64FC0000 0x00010000 4
[2022-12-19 16:55:08] INFO     mem_cmp 0x457C0000 0x657C0000 0x00010000 4
[2022-12-19 16:55:15] INFO     mem_cmp 0x45FC0000 0x65FC0000 0x00010000 4
[2022-12-19 16:55:22] INFO     mem_cmp 0x467C0000 0x667C0000 0x00010000 4
[2022-12-19 16:55:28] INFO     mem_cmp 0x46FC0000 0x66FC0000 0x00010000 4
[2022-12-19 16:55:35] INFO     mem_cmp 0x477C0000 0x677C0000 0x00010000 4
[2022-12-19 16:55:41] INFO     mem_cmp 0x47FC0000 0x67FC0000 0x00010000 4
[2022-12-19 16:55:48] INFO     mem_cmp 0x487C0000 0x687C0000 0x00010000 4
[2022-12-19 16:55:54] INFO     mem_cmp 0x48FC0000 0x68FC0000 0x00010000 4
[2022-12-19 16:56:01] INFO     mem_cmp 0x497C0000 0x697C0000 0x00010000 4
[2022-12-19 16:56:08] INFO     mem_cmp 0x49FC0000 0x69FC0000 0x00010000 4
[2022-12-19 16:56:14] INFO     mem_cmp 0x4A7C0000 0x6A7C0000 0x00010000 4
[2022-12-19 16:56:21] INFO     mem_cmp 0x4AFC0000 0x6AFC0000 0x00010000 4
[2022-12-19 16:56:28] INFO     mem_cmp 0x4B7C0000 0x6B7C0000 0x00010000 4
[2022-12-19 16:56:34] INFO     mem_cmp 0x4BFC0000 0x6BFC0000 0x00010000 4
[2022-12-19 16:56:41] INFO     mem_cmp 0x4C7C0000 0x6C7C0000 0x00010000 4
[2022-12-19 16:56:48] INFO     mem_cmp 0x4CFC0000 0x6CFC0000 0x00010000 4
[2022-12-19 16:56:54] INFO     mem_cmp 0x4D7C0000 0x6D7C0000 0x00010000 4
[2022-12-19 16:57:01] INFO     mem_cmp 0x4DFC0000 0x6DFC0000 0x00010000 4
[2022-12-19 16:57:07] INFO     mem_cmp 0x4E7C0000 0x6E7C0000 0x00010000 4
[2022-12-19 16:57:13] INFO     mem_cmp 0x4EFC0000 0x6EFC0000 0x00010000 4
[2022-12-19 16:57:20] INFO     mem_cmp 0x4F7C0000 0x6F7C0000 0x00010000 4
[2022-12-19 16:57:27] INFO     mem_cmp 0x4FFC0000 0x6FFC0000 0x00010000 4
[2022-12-19 16:57:33] INFO     mem_cmp 0x507C0000 0x707C0000 0x00010000 4
[2022-12-19 16:57:40] INFO     mem_cmp 0x50FC0000 0x70FC0000 0x00010000 4
[2022-12-19 16:57:46] INFO     mem_cmp 0x517C0000 0x717C0000 0x00010000 4
[2022-12-19 16:57:53] INFO     mem_cmp 0x51FC0000 0x71FC0000 0x00010000 4
[2022-12-19 16:57:59] INFO     mem_cmp 0x527C0000 0x727C0000 0x00010000 4
[2022-12-19 16:58:06] INFO     mem_cmp 0x52FC0000 0x72FC0000 0x00010000 4
[2022-12-19 16:58:12] INFO     mem_cmp 0x537C0000 0x737C0000 0x00010000 4
[2022-12-19 16:58:19] INFO     mem_cmp 0x53FC0000 0x73FC0000 0x00010000 4
[2022-12-19 16:58:25] INFO     mem_cmp 0x547C0000 0x747C0000 0x00010000 4
[2022-12-19 16:58:32] INFO     mem_cmp 0x54FC0000 0x74FC0000 0x00010000 4
[2022-12-19 16:58:39] INFO     mem_cmp 0x557C0000 0x757C0000 0x00010000 4
[2022-12-19 16:58:45] INFO     mem_cmp 0x55FC0000 0x75FC0000 0x00010000 4
[2022-12-19 16:58:52] INFO     mem_cmp 0x567C0000 0x767C0000 0x00010000 4
[2022-12-19 16:58:58] INFO     mem_cmp 0x56FC0000 0x76FC0000 0x00010000 4
[2022-12-19 16:59:05] INFO     mem_cmp 0x577C0000 0x777C0000 0x00010000 4
[2022-12-19 16:59:11] INFO     mem_cmp 0x57FC0000 0x77FC0000 0x00010000 4
[2022-12-19 16:59:18] INFO     mem_cmp 0x587C0000 0x787C0000 0x00010000 4
[2022-12-19 16:59:24] INFO     mem_cmp 0x58FC0000 0x78FC0000 0x00010000 4
[2022-12-19 16:59:31] INFO     mem_cmp 0x597C0000 0x797C0000 0x00010000 4
[2022-12-19 16:59:38] INFO     mem_cmp 0x59FC0000 0x79FC0000 0x00010000 4
[2022-12-19 16:59:44] INFO     mem_cmp 0x5A7C0000 0x7A7C0000 0x00010000 4
[2022-12-19 16:59:51] INFO     mem_cmp 0x5AFC0000 0x7AFC0000 0x00010000 4
[2022-12-19 16:59:58] INFO     mem_cmp 0x5B7C0000 0x7B7C0000 0x00010000 4
[2022-12-19 17:00:05] INFO     mem_cmp 0x5BFC0000 0x7BFC0000 0x00010000 4
[2022-12-19 17:00:11] INFO     mem_cmp 0x5C7C0000 0x7C7C0000 0x00010000 4
[2022-12-19 17:00:18] INFO     mem_cmp 0x5CFC0000 0x7CFC0000 0x00010000 4
[2022-12-19 17:00:24] INFO     mem_cmp 0x5D7C0000 0x7D7C0000 0x00010000 4
[2022-12-19 17:00:30] INFO     mem_cmp 0x5DFC0000 0x7DFC0000 0x00010000 4
[2022-12-19 17:00:37] INFO     mem_cmp 0x5E7C0000 0x7E7C0000 0x00010000 4
[2022-12-19 17:00:43] INFO     mem_cmp 0x5EFC0000 0x7EFC0000 0x00010000 4
[2022-12-19 17:00:50] INFO     mem_cmp 0x5F7C0000 0x7F7C0000 0x00010000 4
[2022-12-19 17:00:56] INFO     mem_cmp 0x5FFC0000 0x7FFC0000 0x00010000 4
[2022-12-19 17:00:57] INFO     STATE:Mem Compare State
[2022-12-19 17:01:03] INFO     mem_cmp 0x407C0000 0x607C0000 0x00010000 4
[2022-12-19 17:01:10] INFO     mem_cmp 0x40FC0000 0x60FC0000 0x00010000 4
[2022-12-19 17:01:16] INFO     mem_cmp 0x417C0000 0x617C0000 0x00010000 4
[2022-12-19 17:01:23] INFO     mem_cmp 0x41FC0000 0x61FC0000 0x00010000 4
[2022-12-19 17:01:29] INFO     mem_cmp 0x427C0000 0x627C0000 0x00010000 4
[2022-12-19 17:01:36] INFO     mem_cmp 0x42FC0000 0x62FC0000 0x00010000 4
[2022-12-19 17:01:43] INFO     mem_cmp 0x437C0000 0x637C0000 0x00010000 4
[2022-12-19 17:01:49] INFO     mem_cmp 0x43FC0000 0x63FC0000 0x00010000 4
[2022-12-19 17:01:56] INFO     mem_cmp 0x447C0000 0x647C0000 0x00010000 4
[2022-12-19 17:02:02] INFO     mem_cmp 0x44FC0000 0x64FC0000 0x00010000 4
[2022-12-19 17:02:09] INFO     mem_cmp 0x457C0000 0x657C0000 0x00010000 4
[2022-12-19 17:02:15] INFO     mem_cmp 0x45FC0000 0x65FC0000 0x00010000 4
[2022-12-19 17:02:22] INFO     mem_cmp 0x467C0000 0x667C0000 0x00010000 4
[2022-12-19 17:02:28] INFO     mem_cmp 0x46FC0000 0x66FC0000 0x00010000 4
[2022-12-19 17:02:35] INFO     mem_cmp 0x477C0000 0x677C0000 0x00010000 4
[2022-12-19 17:02:42] INFO     mem_cmp 0x47FC0000 0x67FC0000 0x00010000 4
[2022-12-19 17:02:48] INFO     mem_cmp 0x487C0000 0x687C0000 0x00010000 4
[2022-12-19 17:02:55] INFO     mem_cmp 0x48FC0000 0x68FC0000 0x00010000 4
[2022-12-19 17:03:01] INFO     mem_cmp 0x497C0000 0x697C0000 0x00010000 4
[2022-12-19 17:03:08] INFO     mem_cmp 0x49FC0000 0x69FC0000 0x00010000 4
[2022-12-19 17:03:15] INFO     mem_cmp 0x4A7C0000 0x6A7C0000 0x00010000 4
[2022-12-19 17:03:21] INFO     mem_cmp 0x4AFC0000 0x6AFC0000 0x00010000 4
[2022-12-19 17:03:28] INFO     mem_cmp 0x4B7C0000 0x6B7C0000 0x00010000 4
[2022-12-19 17:03:35] INFO     mem_cmp 0x4BFC0000 0x6BFC0000 0x00010000 4
[2022-12-19 17:03:41] INFO     mem_cmp 0x4C7C0000 0x6C7C0000 0x00010000 4
[2022-12-19 17:03:48] INFO     mem_cmp 0x4CFC0000 0x6CFC0000 0x00010000 4
[2022-12-19 17:03:54] INFO     mem_cmp 0x4D7C0000 0x6D7C0000 0x00010000 4
[2022-12-19 17:04:01] INFO     mem_cmp 0x4DFC0000 0x6DFC0000 0x00010000 4
[2022-12-19 17:04:08] INFO     mem_cmp 0x4E7C0000 0x6E7C0000 0x00010000 4
[2022-12-19 17:04:14] INFO     mem_cmp 0x4EFC0000 0x6EFC0000 0x00010000 4
[2022-12-19 17:04:21] INFO     mem_cmp 0x4F7C0000 0x6F7C0000 0x00010000 4
[2022-12-19 17:04:28] INFO     mem_cmp 0x4FFC0000 0x6FFC0000 0x00010000 4
[2022-12-19 17:04:34] INFO     mem_cmp 0x507C0000 0x707C0000 0x00010000 4
[2022-12-19 17:04:41] INFO     mem_cmp 0x50FC0000 0x70FC0000 0x00010000 4
[2022-12-19 17:04:48] INFO     mem_cmp 0x517C0000 0x717C0000 0x00010000 4
[2022-12-19 17:04:54] INFO     mem_cmp 0x51FC0000 0x71FC0000 0x00010000 4
[2022-12-19 17:05:01] INFO     mem_cmp 0x527C0000 0x727C0000 0x00010000 4
[2022-12-19 17:05:07] INFO     mem_cmp 0x52FC0000 0x72FC0000 0x00010000 4
[2022-12-19 17:05:14] INFO     mem_cmp 0x537C0000 0x737C0000 0x00010000 4
[2022-12-19 17:05:20] INFO     mem_cmp 0x53FC0000 0x73FC0000 0x00010000 4
[2022-12-19 17:05:27] INFO     mem_cmp 0x547C0000 0x747C0000 0x00010000 4
[2022-12-19 17:05:33] INFO     mem_cmp 0x54FC0000 0x74FC0000 0x00010000 4
[2022-12-19 17:05:40] INFO     mem_cmp 0x557C0000 0x757C0000 0x00010000 4
[2022-12-19 17:05:46] INFO     mem_cmp 0x55FC0000 0x75FC0000 0x00010000 4
[2022-12-19 17:05:53] INFO     mem_cmp 0x567C0000 0x767C0000 0x00010000 4
[2022-12-19 17:06:00] INFO     mem_cmp 0x56FC0000 0x76FC0000 0x00010000 4
[2022-12-19 17:06:07] INFO     mem_cmp 0x577C0000 0x777C0000 0x00010000 4
[2022-12-19 17:06:13] INFO     mem_cmp 0x57FC0000 0x77FC0000 0x00010000 4
[2022-12-19 17:06:20] INFO     mem_cmp 0x587C0000 0x787C0000 0x00010000 4
[2022-12-19 17:06:26] INFO     mem_cmp 0x58FC0000 0x78FC0000 0x00010000 4
[2022-12-19 17:06:33] INFO     mem_cmp 0x597C0000 0x797C0000 0x00010000 4
[2022-12-19 17:06:40] INFO     mem_cmp 0x59FC0000 0x79FC0000 0x00010000 4
[2022-12-19 17:06:46] INFO     mem_cmp 0x5A7C0000 0x7A7C0000 0x00010000 4
[2022-12-19 17:06:53] INFO     mem_cmp 0x5AFC0000 0x7AFC0000 0x00010000 4
[2022-12-19 17:06:59] INFO     mem_cmp 0x5B7C0000 0x7B7C0000 0x00010000 4
[2022-12-19 17:07:06] INFO     mem_cmp 0x5BFC0000 0x7BFC0000 0x00010000 4
[2022-12-19 17:07:13] INFO     mem_cmp 0x5C7C0000 0x7C7C0000 0x00010000 4
[2022-12-19 17:07:20] INFO     mem_cmp 0x5CFC0000 0x7CFC0000 0x00010000 4
[2022-12-19 17:07:26] INFO     mem_cmp 0x5D7C0000 0x7D7C0000 0x00010000 4
[2022-12-19 17:07:33] INFO     mem_cmp 0x5DFC0000 0x7DFC0000 0x00010000 4
[2022-12-19 17:07:40] INFO     mem_cmp 0x5E7C0000 0x7E7C0000 0x00010000 4
[2022-12-19 17:07:46] INFO     mem_cmp 0x5EFC0000 0x7EFC0000 0x00010000 4
[2022-12-19 17:07:53] INFO     mem_cmp 0x5F7C0000 0x7F7C0000 0x00010000 4
[2022-12-19 17:07:59] INFO     mem_cmp 0x5FFC0000 0x7FFC0000 0x00010000 4
[2022-12-19 17:08:00] INFO     STATE:Mem Compare State
[2022-12-19 17:08:06] INFO     mem_cmp 0x407C0000 0x607C0000 0x00010000 4
[2022-12-19 17:08:13] INFO     mem_cmp 0x40FC0000 0x60FC0000 0x00010000 4
[2022-12-19 17:08:19] INFO     mem_cmp 0x417C0000 0x617C0000 0x00010000 4
[2022-12-19 17:08:26] INFO     mem_cmp 0x41FC0000 0x61FC0000 0x00010000 4
[2022-12-19 17:08:33] INFO     mem_cmp 0x427C0000 0x627C0000 0x00010000 4
[2022-12-19 17:08:39] INFO     mem_cmp 0x42FC0000 0x62FC0000 0x00010000 4
[2022-12-19 17:08:46] INFO     mem_cmp 0x437C0000 0x637C0000 0x00010000 4
[2022-12-19 17:08:53] INFO     mem_cmp 0x43FC0000 0x63FC0000 0x00010000 4
[2022-12-19 17:08:59] INFO     mem_cmp 0x447C0000 0x647C0000 0x00010000 4
[2022-12-19 17:09:06] INFO     mem_cmp 0x44FC0000 0x64FC0000 0x00010000 4
[2022-12-19 17:09:12] INFO     mem_cmp 0x457C0000 0x657C0000 0x00010000 4
[2022-12-19 17:09:19] INFO     mem_cmp 0x45FC0000 0x65FC0000 0x00010000 4
[2022-12-19 17:09:26] INFO     mem_cmp 0x467C0000 0x667C0000 0x00010000 4
[2022-12-19 17:09:32] INFO     mem_cmp 0x46FC0000 0x66FC0000 0x00010000 4
[2022-12-19 17:09:39] INFO     mem_cmp 0x477C0000 0x677C0000 0x00010000 4
[2022-12-19 17:09:46] INFO     mem_cmp 0x47FC0000 0x67FC0000 0x00010000 4
[2022-12-19 17:09:53] INFO     mem_cmp 0x487C0000 0x687C0000 0x00010000 4
[2022-12-19 17:09:59] INFO     mem_cmp 0x48FC0000 0x68FC0000 0x00010000 4
[2022-12-19 17:10:06] INFO     mem_cmp 0x497C0000 0x697C0000 0x00010000 4
[2022-12-19 17:10:12] INFO     mem_cmp 0x49FC0000 0x69FC0000 0x00010000 4
[2022-12-19 17:10:19] INFO     mem_cmp 0x4A7C0000 0x6A7C0000 0x00010000 4
[2022-12-19 17:10:26] INFO     mem_cmp 0x4AFC0000 0x6AFC0000 0x00010000 4
[2022-12-19 17:10:32] INFO     mem_cmp 0x4B7C0000 0x6B7C0000 0x00010000 4
[2022-12-19 17:10:39] INFO     mem_cmp 0x4BFC0000 0x6BFC0000 0x00010000 4
[2022-12-19 17:10:45] INFO     mem_cmp 0x4C7C0000 0x6C7C0000 0x00010000 4
[2022-12-19 17:10:52] INFO     mem_cmp 0x4CFC0000 0x6CFC0000 0x00010000 4
[2022-12-19 17:10:58] INFO     mem_cmp 0x4D7C0000 0x6D7C0000 0x00010000 4
[2022-12-19 17:11:05] INFO     mem_cmp 0x4DFC0000 0x6DFC0000 0x00010000 4
[2022-12-19 17:11:12] INFO     mem_cmp 0x4E7C0000 0x6E7C0000 0x00010000 4
[2022-12-19 17:11:18] INFO     mem_cmp 0x4EFC0000 0x6EFC0000 0x00010000 4
[2022-12-19 17:11:25] INFO     mem_cmp 0x4F7C0000 0x6F7C0000 0x00010000 4
[2022-12-19 17:11:31] INFO     mem_cmp 0x4FFC0000 0x6FFC0000 0x00010000 4
[2022-12-19 17:11:38] INFO     mem_cmp 0x507C0000 0x707C0000 0x00010000 4
[2022-12-19 17:11:44] INFO     mem_cmp 0x50FC0000 0x70FC0000 0x00010000 4
[2022-12-19 17:11:51] INFO     mem_cmp 0x517C0000 0x717C0000 0x00010000 4
[2022-12-19 17:11:57] INFO     mem_cmp 0x51FC0000 0x71FC0000 0x00010000 4
[2022-12-19 17:12:04] INFO     mem_cmp 0x527C0000 0x727C0000 0x00010000 4
[2022-12-19 17:12:10] INFO     mem_cmp 0x52FC0000 0x72FC0000 0x00010000 4
[2022-12-19 17:12:17] INFO     mem_cmp 0x537C0000 0x737C0000 0x00010000 4
[2022-12-19 17:12:23] INFO     mem_cmp 0x53FC0000 0x73FC0000 0x00010000 4
[2022-12-19 17:12:30] INFO     mem_cmp 0x547C0000 0x747C0000 0x00010000 4
[2022-12-19 17:12:37] INFO     mem_cmp 0x54FC0000 0x74FC0000 0x00010000 4
[2022-12-19 17:12:43] INFO     mem_cmp 0x557C0000 0x757C0000 0x00010000 4
[2022-12-19 17:12:49] INFO     mem_cmp 0x55FC0000 0x75FC0000 0x00010000 4
[2022-12-19 17:12:56] INFO     mem_cmp 0x567C0000 0x767C0000 0x00010000 4
[2022-12-19 17:13:02] INFO     mem_cmp 0x56FC0000 0x76FC0000 0x00010000 4
[2022-12-19 17:13:09] INFO     mem_cmp 0x577C0000 0x777C0000 0x00010000 4
[2022-12-19 17:13:16] INFO     mem_cmp 0x57FC0000 0x77FC0000 0x00010000 4
[2022-12-19 17:13:22] INFO     mem_cmp 0x587C0000 0x787C0000 0x00010000 4
[2022-12-19 17:13:29] INFO     mem_cmp 0x58FC0000 0x78FC0000 0x00010000 4
[2022-12-19 17:13:36] INFO     mem_cmp 0x597C0000 0x797C0000 0x00010000 4
[2022-12-19 17:13:42] INFO     mem_cmp 0x59FC0000 0x79FC0000 0x00010000 4
[2022-12-19 17:13:49] INFO     mem_cmp 0x5A7C0000 0x7A7C0000 0x00010000 4
[2022-12-19 17:13:55] INFO     mem_cmp 0x5AFC0000 0x7AFC0000 0x00010000 4
[2022-12-19 17:14:02] INFO     mem_cmp 0x5B7C0000 0x7B7C0000 0x00010000 4
[2022-12-19 17:14:09] INFO     mem_cmp 0x5BFC0000 0x7BFC0000 0x00010000 4
[2022-12-19 17:14:15] INFO     mem_cmp 0x5C7C0000 0x7C7C0000 0x00010000 4
[2022-12-19 17:14:22] INFO     mem_cmp 0x5CFC0000 0x7CFC0000 0x00010000 4
[2022-12-19 17:14:28] INFO     mem_cmp 0x5D7C0000 0x7D7C0000 0x00010000 4
[2022-12-19 17:14:35] INFO     mem_cmp 0x5DFC0000 0x7DFC0000 0x00010000 4
[2022-12-19 17:14:42] INFO     mem_cmp 0x5E7C0000 0x7E7C0000 0x00010000 4
[2022-12-19 17:14:48] INFO     mem_cmp 0x5EFC0000 0x7EFC0000 0x00010000 4
[2022-12-19 17:14:55] INFO     mem_cmp 0x5F7C0000 0x7F7C0000 0x00010000 4
[2022-12-19 17:15:01] INFO     mem_cmp 0x5FFC0000 0x7FFC0000 0x00010000 4
[2022-12-19 17:15:02] INFO     STATE:Mem Compare State
[2022-12-19 17:15:08] INFO     mem_cmp 0x407C0000 0x607C0000 0x00010000 4
[2022-12-19 17:15:15] INFO     mem_cmp 0x40FC0000 0x60FC0000 0x00010000 4
[2022-12-19 17:15:21] INFO     mem_cmp 0x417C0000 0x617C0000 0x00010000 4
[2022-12-19 17:15:28] INFO     mem_cmp 0x41FC0000 0x61FC0000 0x00010000 4
[2022-12-19 17:15:34] INFO     mem_cmp 0x427C0000 0x627C0000 0x00010000 4
[2022-12-19 17:15:41] INFO     mem_cmp 0x42FC0000 0x62FC0000 0x00010000 4
[2022-12-19 17:15:48] INFO     mem_cmp 0x437C0000 0x637C0000 0x00010000 4
[2022-12-19 17:15:54] INFO     mem_cmp 0x43FC0000 0x63FC0000 0x00010000 4
[2022-12-19 17:16:00] INFO     mem_cmp 0x447C0000 0x647C0000 0x00010000 4
[2022-12-19 17:16:07] INFO     mem_cmp 0x44FC0000 0x64FC0000 0x00010000 4
[2022-12-19 17:16:14] INFO     mem_cmp 0x457C0000 0x657C0000 0x00010000 4
[2022-12-19 17:16:20] INFO     mem_cmp 0x45FC0000 0x65FC0000 0x00010000 4
[2022-12-19 17:16:27] INFO     mem_cmp 0x467C0000 0x667C0000 0x00010000 4
[2022-12-19 17:16:34] INFO     mem_cmp 0x46FC0000 0x66FC0000 0x00010000 4
[2022-12-19 17:16:41] INFO     mem_cmp 0x477C0000 0x677C0000 0x00010000 4
[2022-12-19 17:16:47] INFO     mem_cmp 0x47FC0000 0x67FC0000 0x00010000 4
[2022-12-19 17:16:54] INFO     mem_cmp 0x487C0000 0x687C0000 0x00010000 4
[2022-12-19 17:17:01] INFO     mem_cmp 0x48FC0000 0x68FC0000 0x00010000 4
[2022-12-19 17:17:08] INFO     mem_cmp 0x497C0000 0x697C0000 0x00010000 4
[2022-12-19 17:17:14] INFO     mem_cmp 0x49FC0000 0x69FC0000 0x00010000 4
[2022-12-19 17:17:21] INFO     mem_cmp 0x4A7C0000 0x6A7C0000 0x00010000 4
[2022-12-19 17:17:27] INFO     mem_cmp 0x4AFC0000 0x6AFC0000 0x00010000 4
[2022-12-19 17:17:34] INFO     mem_cmp 0x4B7C0000 0x6B7C0000 0x00010000 4
[2022-12-19 17:17:41] INFO     mem_cmp 0x4BFC0000 0x6BFC0000 0x00010000 4
[2022-12-19 17:17:47] INFO     mem_cmp 0x4C7C0000 0x6C7C0000 0x00010000 4
[2022-12-19 17:17:54] INFO     mem_cmp 0x4CFC0000 0x6CFC0000 0x00010000 4
[2022-12-19 17:18:00] INFO     mem_cmp 0x4D7C0000 0x6D7C0000 0x00010000 4
[2022-12-19 17:18:07] INFO     mem_cmp 0x4DFC0000 0x6DFC0000 0x00010000 4
[2022-12-19 17:18:14] INFO     mem_cmp 0x4E7C0000 0x6E7C0000 0x00010000 4
[2022-12-19 17:18:21] INFO     mem_cmp 0x4EFC0000 0x6EFC0000 0x00010000 4
[2022-12-19 17:18:27] INFO     mem_cmp 0x4F7C0000 0x6F7C0000 0x00010000 4
[2022-12-19 17:18:34] INFO     mem_cmp 0x4FFC0000 0x6FFC0000 0x00010000 4
[2022-12-19 17:18:40] INFO     mem_cmp 0x507C0000 0x707C0000 0x00010000 4
[2022-12-19 17:18:47] INFO     mem_cmp 0x50FC0000 0x70FC0000 0x00010000 4
[2022-12-19 17:18:53] INFO     mem_cmp 0x517C0000 0x717C0000 0x00010000 4
[2022-12-19 17:19:00] INFO     mem_cmp 0x51FC0000 0x71FC0000 0x00010000 4
[2022-12-19 17:19:06] INFO     mem_cmp 0x527C0000 0x727C0000 0x00010000 4
[2022-12-19 17:19:13] INFO     mem_cmp 0x52FC0000 0x72FC0000 0x00010000 4
[2022-12-19 17:19:19] INFO     mem_cmp 0x537C0000 0x737C0000 0x00010000 4
[2022-12-19 17:19:26] INFO     mem_cmp 0x53FC0000 0x73FC0000 0x00010000 4
[2022-12-19 17:19:32] INFO     mem_cmp 0x547C0000 0x747C0000 0x00010000 4
[2022-12-19 17:19:39] INFO     mem_cmp 0x54FC0000 0x74FC0000 0x00010000 4
[2022-12-19 17:19:46] INFO     mem_cmp 0x557C0000 0x757C0000 0x00010000 4
[2022-12-19 17:19:52] INFO     mem_cmp 0x55FC0000 0x75FC0000 0x00010000 4
[2022-12-19 17:19:59] INFO     mem_cmp 0x567C0000 0x767C0000 0x00010000 4
[2022-12-19 17:20:06] INFO     mem_cmp 0x56FC0000 0x76FC0000 0x00010000 4
[2022-12-19 17:20:12] INFO     mem_cmp 0x577C0000 0x777C0000 0x00010000 4
[2022-12-19 17:20:19] INFO     mem_cmp 0x57FC0000 0x77FC0000 0x00010000 4
[2022-12-19 17:20:25] INFO     mem_cmp 0x587C0000 0x787C0000 0x00010000 4
[2022-12-19 17:20:32] INFO     mem_cmp 0x58FC0000 0x78FC0000 0x00010000 4
[2022-12-19 17:20:39] INFO     mem_cmp 0x597C0000 0x797C0000 0x00010000 4
[2022-12-19 17:20:45] INFO     mem_cmp 0x59FC0000 0x79FC0000 0x00010000 4
[2022-12-19 17:20:52] INFO     mem_cmp 0x5A7C0000 0x7A7C0000 0x00010000 4
[2022-12-19 17:20:58] INFO     mem_cmp 0x5AFC0000 0x7AFC0000 0x00010000 4
[2022-12-19 17:21:05] INFO     mem_cmp 0x5B7C0000 0x7B7C0000 0x00010000 4
[2022-12-19 17:21:11] INFO     mem_cmp 0x5BFC0000 0x7BFC0000 0x00010000 4
[2022-12-19 17:21:18] INFO     mem_cmp 0x5C7C0000 0x7C7C0000 0x00010000 4
[2022-12-19 17:21:24] INFO     mem_cmp 0x5CFC0000 0x7CFC0000 0x00010000 4
[2022-12-19 17:21:31] INFO     mem_cmp 0x5D7C0000 0x7D7C0000 0x00010000 4
[2022-12-19 17:21:38] INFO     mem_cmp 0x5DFC0000 0x7DFC0000 0x00010000 4
[2022-12-19 17:21:44] INFO     mem_cmp 0x5E7C0000 0x7E7C0000 0x00010000 4
[2022-12-19 17:21:50] INFO     mem_cmp 0x5EFC0000 0x7EFC0000 0x00010000 4
[2022-12-19 17:21:57] INFO     mem_cmp 0x5F7C0000 0x7F7C0000 0x00010000 4
[2022-12-19 17:22:04] INFO     mem_cmp 0x5FFC0000 0x7FFC0000 0x00010000 4
[2022-12-19 17:22:04] INFO     STATE:Mem Compare State
[2022-12-19 17:22:10] INFO     mem_cmp 0x407C0000 0x607C0000 0x00010000 4
[2022-12-19 17:22:17] INFO     mem_cmp 0x40FC0000 0x60FC0000 0x00010000 4
[2022-12-19 17:22:24] INFO     mem_cmp 0x417C0000 0x617C0000 0x00010000 4
[2022-12-19 17:22:30] INFO     mem_cmp 0x41FC0000 0x61FC0000 0x00010000 4
[2022-12-19 17:22:37] INFO     mem_cmp 0x427C0000 0x627C0000 0x00010000 4
[2022-12-19 17:22:44] INFO     mem_cmp 0x42FC0000 0x62FC0000 0x00010000 4
[2022-12-19 17:22:50] INFO     mem_cmp 0x437C0000 0x637C0000 0x00010000 4
[2022-12-19 17:22:57] INFO     mem_cmp 0x43FC0000 0x63FC0000 0x00010000 4
[2022-12-19 17:23:04] INFO     mem_cmp 0x447C0000 0x647C0000 0x00010000 4
[2022-12-19 17:23:10] INFO     mem_cmp 0x44FC0000 0x64FC0000 0x00010000 4
[2022-12-19 17:23:17] INFO     mem_cmp 0x457C0000 0x657C0000 0x00010000 4
[2022-12-19 17:23:24] INFO     mem_cmp 0x45FC0000 0x65FC0000 0x00010000 4
[2022-12-19 17:23:30] INFO     mem_cmp 0x467C0000 0x667C0000 0x00010000 4
[2022-12-19 17:23:37] INFO     mem_cmp 0x46FC0000 0x66FC0000 0x00010000 4
[2022-12-19 17:23:43] INFO     mem_cmp 0x477C0000 0x677C0000 0x00010000 4
[2022-12-19 17:23:50] INFO     mem_cmp 0x47FC0000 0x67FC0000 0x00010000 4
[2022-12-19 17:23:56] INFO     mem_cmp 0x487C0000 0x687C0000 0x00010000 4
[2022-12-19 17:24:03] INFO     mem_cmp 0x48FC0000 0x68FC0000 0x00010000 4
[2022-12-19 17:24:09] INFO     mem_cmp 0x497C0000 0x697C0000 0x00010000 4
[2022-12-19 17:24:16] INFO     mem_cmp 0x49FC0000 0x69FC0000 0x00010000 4
[2022-12-19 17:24:23] INFO     mem_cmp 0x4A7C0000 0x6A7C0000 0x00010000 4
[2022-12-19 17:24:29] INFO     mem_cmp 0x4AFC0000 0x6AFC0000 0x00010000 4
[2022-12-19 17:24:36] INFO     mem_cmp 0x4B7C0000 0x6B7C0000 0x00010000 4
[2022-12-19 17:24:43] INFO     mem_cmp 0x4BFC0000 0x6BFC0000 0x00010000 4
[2022-12-19 17:24:49] INFO     mem_cmp 0x4C7C0000 0x6C7C0000 0x00010000 4
[2022-12-19 17:24:56] INFO     mem_cmp 0x4CFC0000 0x6CFC0000 0x00010000 4
[2022-12-19 17:25:03] INFO     mem_cmp 0x4D7C0000 0x6D7C0000 0x00010000 4
[2022-12-19 17:25:09] INFO     mem_cmp 0x4DFC0000 0x6DFC0000 0x00010000 4
[2022-12-19 17:25:16] INFO     mem_cmp 0x4E7C0000 0x6E7C0000 0x00010000 4
[2022-12-19 17:25:22] INFO     mem_cmp 0x4EFC0000 0x6EFC0000 0x00010000 4
[2022-12-19 17:25:29] INFO     mem_cmp 0x4F7C0000 0x6F7C0000 0x00010000 4
[2022-12-19 17:25:36] INFO     mem_cmp 0x4FFC0000 0x6FFC0000 0x00010000 4
[2022-12-19 17:25:42] INFO     mem_cmp 0x507C0000 0x707C0000 0x00010000 4
[2022-12-19 17:25:49] INFO     mem_cmp 0x50FC0000 0x70FC0000 0x00010000 4
[2022-12-19 17:25:55] INFO     mem_cmp 0x517C0000 0x717C0000 0x00010000 4
[2022-12-19 17:26:02] INFO     mem_cmp 0x51FC0000 0x71FC0000 0x00010000 4
[2022-12-19 17:26:08] INFO     mem_cmp 0x527C0000 0x727C0000 0x00010000 4
[2022-12-19 17:26:14] INFO     mem_cmp 0x52FC0000 0x72FC0000 0x00010000 4
[2022-12-19 17:26:21] INFO     mem_cmp 0x537C0000 0x737C0000 0x00010000 4
[2022-12-19 17:26:28] INFO     mem_cmp 0x53FC0000 0x73FC0000 0x00010000 4
[2022-12-19 17:26:34] INFO     mem_cmp 0x547C0000 0x747C0000 0x00010000 4
[2022-12-19 17:26:41] INFO     mem_cmp 0x54FC0000 0x74FC0000 0x00010000 4
[2022-12-19 17:26:47] INFO     mem_cmp 0x557C0000 0x757C0000 0x00010000 4
[2022-12-19 17:26:54] INFO     mem_cmp 0x55FC0000 0x75FC0000 0x00010000 4
[2022-12-19 17:27:00] INFO     mem_cmp 0x567C0000 0x767C0000 0x00010000 4
[2022-12-19 17:27:07] INFO     mem_cmp 0x56FC0000 0x76FC0000 0x00010000 4
[2022-12-19 17:27:14] INFO     mem_cmp 0x577C0000 0x777C0000 0x00010000 4
[2022-12-19 17:27:20] INFO     mem_cmp 0x57FC0000 0x77FC0000 0x00010000 4
[2022-12-19 17:27:27] INFO     mem_cmp 0x587C0000 0x787C0000 0x00010000 4
[2022-12-19 17:27:33] INFO     mem_cmp 0x58FC0000 0x78FC0000 0x00010000 4
[2022-12-19 17:27:40] INFO     mem_cmp 0x597C0000 0x797C0000 0x00010000 4
[2022-12-19 17:27:47] INFO     mem_cmp 0x59FC0000 0x79FC0000 0x00010000 4
[2022-12-19 17:27:53] INFO     mem_cmp 0x5A7C0000 0x7A7C0000 0x00010000 4
[2022-12-19 17:28:00] INFO     mem_cmp 0x5AFC0000 0x7AFC0000 0x00010000 4
[2022-12-19 17:28:06] INFO     mem_cmp 0x5B7C0000 0x7B7C0000 0x00010000 4
[2022-12-19 17:28:13] INFO     mem_cmp 0x5BFC0000 0x7BFC0000 0x00010000 4
[2022-12-19 17:28:20] INFO     mem_cmp 0x5C7C0000 0x7C7C0000 0x00010000 4
[2022-12-19 17:28:27] INFO     mem_cmp 0x5CFC0000 0x7CFC0000 0x00010000 4
[2022-12-19 17:28:33] INFO     mem_cmp 0x5D7C0000 0x7D7C0000 0x00010000 4
[2022-12-19 17:28:40] INFO     mem_cmp 0x5DFC0000 0x7DFC0000 0x00010000 4
[2022-12-19 17:28:46] INFO     mem_cmp 0x5E7C0000 0x7E7C0000 0x00010000 4
[2022-12-19 17:28:53] INFO     mem_cmp 0x5EFC0000 0x7EFC0000 0x00010000 4
[2022-12-19 17:28:59] INFO     mem_cmp 0x5F7C0000 0x7F7C0000 0x00010000 4
[2022-12-19 17:29:06] INFO     mem_cmp 0x5FFC0000 0x7FFC0000 0x00010000 4
[2022-12-19 17:29:06] INFO     STATE:Mem Compare State
[2022-12-19 17:29:13] INFO     mem_cmp 0x407C0000 0x607C0000 0x00010000 4
[2022-12-19 17:29:19] INFO     mem_cmp 0x40FC0000 0x60FC0000 0x00010000 4
[2022-12-19 17:29:26] INFO     mem_cmp 0x417C0000 0x617C0000 0x00010000 4
[2022-12-19 17:29:32] INFO     mem_cmp 0x41FC0000 0x61FC0000 0x00010000 4
[2022-12-19 17:29:39] INFO     mem_cmp 0x427C0000 0x627C0000 0x00010000 4
[2022-12-19 17:29:46] INFO     mem_cmp 0x42FC0000 0x62FC0000 0x00010000 4
[2022-12-19 17:29:52] INFO     mem_cmp 0x437C0000 0x637C0000 0x00010000 4
[2022-12-19 17:29:59] INFO     mem_cmp 0x43FC0000 0x63FC0000 0x00010000 4
[2022-12-19 17:30:05] INFO     mem_cmp 0x447C0000 0x647C0000 0x00010000 4
[2022-12-19 17:30:12] INFO     mem_cmp 0x44FC0000 0x64FC0000 0x00010000 4
[2022-12-19 17:30:19] INFO     mem_cmp 0x457C0000 0x657C0000 0x00010000 4
[2022-12-19 17:30:25] INFO     mem_cmp 0x45FC0000 0x65FC0000 0x00010000 4
[2022-12-19 17:30:32] INFO     mem_cmp 0x467C0000 0x667C0000 0x00010000 4
[2022-12-19 17:30:38] INFO     mem_cmp 0x46FC0000 0x66FC0000 0x00010000 4
[2022-12-19 17:30:45] INFO     mem_cmp 0x477C0000 0x677C0000 0x00010000 4
[2022-12-19 17:30:51] INFO     mem_cmp 0x47FC0000 0x67FC0000 0x00010000 4
[2022-12-19 17:30:58] INFO     mem_cmp 0x487C0000 0x687C0000 0x00010000 4
[2022-12-19 17:31:04] INFO     mem_cmp 0x48FC0000 0x68FC0000 0x00010000 4
[2022-12-19 17:31:11] INFO     mem_cmp 0x497C0000 0x697C0000 0x00010000 4
[2022-12-19 17:31:17] INFO     mem_cmp 0x49FC0000 0x69FC0000 0x00010000 4
[2022-12-19 17:31:24] INFO     mem_cmp 0x4A7C0000 0x6A7C0000 0x00010000 4
[2022-12-19 17:31:31] INFO     mem_cmp 0x4AFC0000 0x6AFC0000 0x00010000 4
[2022-12-19 17:31:37] INFO     mem_cmp 0x4B7C0000 0x6B7C0000 0x00010000 4
[2022-12-19 17:31:44] INFO     mem_cmp 0x4BFC0000 0x6BFC0000 0x00010000 4
[2022-12-19 17:31:50] INFO     mem_cmp 0x4C7C0000 0x6C7C0000 0x00010000 4
[2022-12-19 17:31:57] INFO     mem_cmp 0x4CFC0000 0x6CFC0000 0x00010000 4
[2022-12-19 17:32:03] INFO     mem_cmp 0x4D7C0000 0x6D7C0000 0x00010000 4
[2022-12-19 17:32:10] INFO     mem_cmp 0x4DFC0000 0x6DFC0000 0x00010000 4
[2022-12-19 17:32:17] INFO     mem_cmp 0x4E7C0000 0x6E7C0000 0x00010000 4
[2022-12-19 17:32:23] INFO     mem_cmp 0x4EFC0000 0x6EFC0000 0x00010000 4
[2022-12-19 17:32:30] INFO     mem_cmp 0x4F7C0000 0x6F7C0000 0x00010000 4
[2022-12-19 17:32:36] INFO     mem_cmp 0x4FFC0000 0x6FFC0000 0x00010000 4
[2022-12-19 17:32:43] INFO     mem_cmp 0x507C0000 0x707C0000 0x00010000 4
[2022-12-19 17:32:49] INFO     mem_cmp 0x50FC0000 0x70FC0000 0x00010000 4
[2022-12-19 17:32:56] INFO     mem_cmp 0x517C0000 0x717C0000 0x00010000 4
[2022-12-19 17:33:03] INFO     mem_cmp 0x51FC0000 0x71FC0000 0x00010000 4
[2022-12-19 17:33:09] INFO     mem_cmp 0x527C0000 0x727C0000 0x00010000 4
[2022-12-19 17:33:16] INFO     mem_cmp 0x52FC0000 0x72FC0000 0x00010000 4
[2022-12-19 17:33:22] INFO     mem_cmp 0x537C0000 0x737C0000 0x00010000 4
[2022-12-19 17:33:29] INFO     mem_cmp 0x53FC0000 0x73FC0000 0x00010000 4
[2022-12-19 17:33:35] INFO     mem_cmp 0x547C0000 0x747C0000 0x00010000 4
[2022-12-19 17:33:42] INFO     mem_cmp 0x54FC0000 0x74FC0000 0x00010000 4
[2022-12-19 17:33:48] INFO     mem_cmp 0x557C0000 0x757C0000 0x00010000 4
[2022-12-19 17:33:55] INFO     mem_cmp 0x55FC0000 0x75FC0000 0x00010000 4
[2022-12-19 17:34:02] INFO     mem_cmp 0x567C0000 0x767C0000 0x00010000 4
[2022-12-19 17:34:08] INFO     mem_cmp 0x56FC0000 0x76FC0000 0x00010000 4
[2022-12-19 17:34:15] INFO     mem_cmp 0x577C0000 0x777C0000 0x00010000 4
[2022-12-19 17:34:21] INFO     mem_cmp 0x57FC0000 0x77FC0000 0x00010000 4
[2022-12-19 17:34:28] INFO     mem_cmp 0x587C0000 0x787C0000 0x00010000 4
[2022-12-19 17:34:34] INFO     mem_cmp 0x58FC0000 0x78FC0000 0x00010000 4
[2022-12-19 17:34:41] INFO     mem_cmp 0x597C0000 0x797C0000 0x00010000 4
[2022-12-19 17:34:48] INFO     mem_cmp 0x59FC0000 0x79FC0000 0x00010000 4
[2022-12-19 17:34:54] INFO     mem_cmp 0x5A7C0000 0x7A7C0000 0x00010000 4
[2022-12-19 17:35:01] INFO     mem_cmp 0x5AFC0000 0x7AFC0000 0x00010000 4
[2022-12-19 17:35:08] INFO     mem_cmp 0x5B7C0000 0x7B7C0000 0x00010000 4
[2022-12-19 17:35:14] INFO     mem_cmp 0x5BFC0000 0x7BFC0000 0x00010000 4
[2022-12-19 17:35:21] INFO     mem_cmp 0x5C7C0000 0x7C7C0000 0x00010000 4
[2022-12-19 17:35:27] INFO     mem_cmp 0x5CFC0000 0x7CFC0000 0x00010000 4
[2022-12-19 17:35:34] INFO     mem_cmp 0x5D7C0000 0x7D7C0000 0x00010000 4
[2022-12-19 17:35:40] INFO     mem_cmp 0x5DFC0000 0x7DFC0000 0x00010000 4
[2022-12-19 17:35:47] INFO     mem_cmp 0x5E7C0000 0x7E7C0000 0x00010000 4
[2022-12-19 17:35:53] INFO     mem_cmp 0x5EFC0000 0x7EFC0000 0x00010000 4
[2022-12-19 17:36:00] INFO     mem_cmp 0x5F7C0000 0x7F7C0000 0x00010000 4
[2022-12-19 17:36:07] INFO     mem_cmp 0x5FFC0000 0x7FFC0000 0x00010000 4
[2022-12-19 17:36:07] INFO     STATE:Mem Compare State
[2022-12-19 17:36:13] INFO     mem_cmp 0x407C0000 0x607C0000 0x00010000 4
[2022-12-19 17:36:20] INFO     mem_cmp 0x40FC0000 0x60FC0000 0x00010000 4
[2022-12-19 17:36:26] INFO     mem_cmp 0x417C0000 0x617C0000 0x00010000 4
[2022-12-19 17:36:33] INFO     mem_cmp 0x41FC0000 0x61FC0000 0x00010000 4
[2022-12-19 17:36:39] INFO     mem_cmp 0x427C0000 0x627C0000 0x00010000 4
[2022-12-19 17:36:46] INFO     mem_cmp 0x42FC0000 0x62FC0000 0x00010000 4
[2022-12-19 17:36:52] INFO     mem_cmp 0x437C0000 0x637C0000 0x00010000 4
[2022-12-19 17:36:59] INFO     mem_cmp 0x43FC0000 0x63FC0000 0x00010000 4
[2022-12-19 17:37:06] INFO     mem_cmp 0x447C0000 0x647C0000 0x00010000 4
[2022-12-19 17:37:12] INFO     mem_cmp 0x44FC0000 0x64FC0000 0x00010000 4
[2022-12-19 17:37:19] INFO     mem_cmp 0x457C0000 0x657C0000 0x00010000 4
[2022-12-19 17:37:26] INFO     mem_cmp 0x45FC0000 0x65FC0000 0x00010000 4
[2022-12-19 17:37:32] INFO     mem_cmp 0x467C0000 0x667C0000 0x00010000 4
[2022-12-19 17:37:39] INFO     mem_cmp 0x46FC0000 0x66FC0000 0x00010000 4
[2022-12-19 17:37:45] INFO     mem_cmp 0x477C0000 0x677C0000 0x00010000 4
[2022-12-19 17:37:52] INFO     mem_cmp 0x47FC0000 0x67FC0000 0x00010000 4
[2022-12-19 17:37:59] INFO     mem_cmp 0x487C0000 0x687C0000 0x00010000 4
[2022-12-19 17:38:06] INFO     mem_cmp 0x48FC0000 0x68FC0000 0x00010000 4
[2022-12-19 17:38:13] INFO     mem_cmp 0x497C0000 0x697C0000 0x00010000 4
[2022-12-19 17:38:19] INFO     mem_cmp 0x49FC0000 0x69FC0000 0x00010000 4
[2022-12-19 17:38:26] INFO     mem_cmp 0x4A7C0000 0x6A7C0000 0x00010000 4
[2022-12-19 17:38:33] INFO     mem_cmp 0x4AFC0000 0x6AFC0000 0x00010000 4
[2022-12-19 17:38:39] INFO     mem_cmp 0x4B7C0000 0x6B7C0000 0x00010000 4
[2022-12-19 17:38:46] INFO     mem_cmp 0x4BFC0000 0x6BFC0000 0x00010000 4
[2022-12-19 17:38:53] INFO     mem_cmp 0x4C7C0000 0x6C7C0000 0x00010000 4
[2022-12-19 17:38:59] INFO     mem_cmp 0x4CFC0000 0x6CFC0000 0x00010000 4
[2022-12-19 17:39:06] INFO     mem_cmp 0x4D7C0000 0x6D7C0000 0x00010000 4
[2022-12-19 17:39:12] INFO     mem_cmp 0x4DFC0000 0x6DFC0000 0x00010000 4
[2022-12-19 17:39:19] INFO     mem_cmp 0x4E7C0000 0x6E7C0000 0x00010000 4
[2022-12-19 17:39:25] INFO     mem_cmp 0x4EFC0000 0x6EFC0000 0x00010000 4
[2022-12-19 17:39:32] INFO     mem_cmp 0x4F7C0000 0x6F7C0000 0x00010000 4
[2022-12-19 17:39:38] INFO     mem_cmp 0x4FFC0000 0x6FFC0000 0x00010000 4
[2022-12-19 17:39:45] INFO     mem_cmp 0x507C0000 0x707C0000 0x00010000 4
[2022-12-19 17:39:51] INFO     mem_cmp 0x50FC0000 0x70FC0000 0x00010000 4
[2022-12-19 17:39:58] INFO     mem_cmp 0x517C0000 0x717C0000 0x00010000 4
[2022-12-19 17:40:04] INFO     mem_cmp 0x51FC0000 0x71FC0000 0x00010000 4
[2022-12-19 17:40:11] INFO     mem_cmp 0x527C0000 0x727C0000 0x00010000 4
[2022-12-19 17:40:17] INFO     mem_cmp 0x52FC0000 0x72FC0000 0x00010000 4
[2022-12-19 17:40:24] INFO     mem_cmp 0x537C0000 0x737C0000 0x00010000 4
[2022-12-19 17:40:31] INFO     mem_cmp 0x53FC0000 0x73FC0000 0x00010000 4
[2022-12-19 17:40:37] INFO     mem_cmp 0x547C0000 0x747C0000 0x00010000 4
[2022-12-19 17:40:44] INFO     mem_cmp 0x54FC0000 0x74FC0000 0x00010000 4
[2022-12-19 17:40:50] INFO     mem_cmp 0x557C0000 0x757C0000 0x00010000 4
[2022-12-19 17:40:57] INFO     mem_cmp 0x55FC0000 0x75FC0000 0x00010000 4
[2022-12-19 17:41:04] INFO     mem_cmp 0x567C0000 0x767C0000 0x00010000 4
[2022-12-19 17:41:10] INFO     mem_cmp 0x56FC0000 0x76FC0000 0x00010000 4
[2022-12-19 17:41:17] INFO     mem_cmp 0x577C0000 0x777C0000 0x00010000 4
[2022-12-19 17:41:24] INFO     mem_cmp 0x57FC0000 0x77FC0000 0x00010000 4
[2022-12-19 17:41:30] INFO     mem_cmp 0x587C0000 0x787C0000 0x00010000 4
[2022-12-19 17:41:37] INFO     mem_cmp 0x58FC0000 0x78FC0000 0x00010000 4
[2022-12-19 17:41:44] INFO     mem_cmp 0x597C0000 0x797C0000 0x00010000 4
[2022-12-19 17:41:50] INFO     mem_cmp 0x59FC0000 0x79FC0000 0x00010000 4
[2022-12-19 17:41:57] INFO     mem_cmp 0x5A7C0000 0x7A7C0000 0x00010000 4
[2022-12-19 17:42:03] INFO     mem_cmp 0x5AFC0000 0x7AFC0000 0x00010000 4
[2022-12-19 17:42:10] INFO     mem_cmp 0x5B7C0000 0x7B7C0000 0x00010000 4
[2022-12-19 17:42:16] INFO     mem_cmp 0x5BFC0000 0x7BFC0000 0x00010000 4
[2022-12-19 17:42:23] INFO     mem_cmp 0x5C7C0000 0x7C7C0000 0x00010000 4
[2022-12-19 17:42:29] INFO     mem_cmp 0x5CFC0000 0x7CFC0000 0x00010000 4
[2022-12-19 17:42:36] INFO     mem_cmp 0x5D7C0000 0x7D7C0000 0x00010000 4
[2022-12-19 17:42:43] INFO     mem_cmp 0x5DFC0000 0x7DFC0000 0x00010000 4
[2022-12-19 17:42:49] INFO     mem_cmp 0x5E7C0000 0x7E7C0000 0x00010000 4
[2022-12-19 17:42:56] INFO     mem_cmp 0x5EFC0000 0x7EFC0000 0x00010000 4
[2022-12-19 17:43:03] INFO     mem_cmp 0x5F7C0000 0x7F7C0000 0x00010000 4
[2022-12-19 17:43:09] INFO     mem_cmp 0x5FFC0000 0x7FFC0000 0x00010000 4
[2022-12-19 17:43:09] INFO     STATE:Mem Compare State
[2022-12-19 17:43:16] INFO     mem_cmp 0x407C0000 0x607C0000 0x00010000 4
[2022-12-19 17:43:22] INFO     mem_cmp 0x40FC0000 0x60FC0000 0x00010000 4
[2022-12-19 17:43:29] INFO     mem_cmp 0x417C0000 0x617C0000 0x00010000 4
[2022-12-19 17:43:36] INFO     mem_cmp 0x41FC0000 0x61FC0000 0x00010000 4
[2022-12-19 17:43:42] INFO     mem_cmp 0x427C0000 0x627C0000 0x00010000 4
[2022-12-19 17:43:49] INFO     mem_cmp 0x42FC0000 0x62FC0000 0x00010000 4
[2022-12-19 17:43:55] INFO     mem_cmp 0x437C0000 0x637C0000 0x00010000 4
[2022-12-19 17:44:02] INFO     mem_cmp 0x43FC0000 0x63FC0000 0x00010000 4
[2022-12-19 17:44:09] INFO     mem_cmp 0x447C0000 0x647C0000 0x00010000 4
[2022-12-19 17:44:15] INFO     mem_cmp 0x44FC0000 0x64FC0000 0x00010000 4
[2022-12-19 17:44:22] INFO     mem_cmp 0x457C0000 0x657C0000 0x00010000 4
[2022-12-19 17:44:28] INFO     mem_cmp 0x45FC0000 0x65FC0000 0x00010000 4
[2022-12-19 17:44:35] INFO     mem_cmp 0x467C0000 0x667C0000 0x00010000 4
[2022-12-19 17:44:42] INFO     mem_cmp 0x46FC0000 0x66FC0000 0x00010000 4
[2022-12-19 17:44:48] INFO     mem_cmp 0x477C0000 0x677C0000 0x00010000 4
[2022-12-19 17:44:55] INFO     mem_cmp 0x47FC0000 0x67FC0000 0x00010000 4
[2022-12-19 17:45:02] INFO     mem_cmp 0x487C0000 0x687C0000 0x00010000 4
[2022-12-19 17:45:09] INFO     mem_cmp 0x48FC0000 0x68FC0000 0x00010000 4
[2022-12-19 17:45:15] INFO     mem_cmp 0x497C0000 0x697C0000 0x00010000 4
[2022-12-19 17:45:22] INFO     mem_cmp 0x49FC0000 0x69FC0000 0x00010000 4
[2022-12-19 17:45:28] INFO     mem_cmp 0x4A7C0000 0x6A7C0000 0x00010000 4
[2022-12-19 17:45:35] INFO     mem_cmp 0x4AFC0000 0x6AFC0000 0x00010000 4
[2022-12-19 17:45:42] INFO     mem_cmp 0x4B7C0000 0x6B7C0000 0x00010000 4
[2022-12-19 17:45:48] INFO     mem_cmp 0x4BFC0000 0x6BFC0000 0x00010000 4
[2022-12-19 17:45:55] INFO     mem_cmp 0x4C7C0000 0x6C7C0000 0x00010000 4
[2022-12-19 17:46:02] INFO     mem_cmp 0x4CFC0000 0x6CFC0000 0x00010000 4
[2022-12-19 17:46:08] INFO     mem_cmp 0x4D7C0000 0x6D7C0000 0x00010000 4
[2022-12-19 17:46:15] INFO     mem_cmp 0x4DFC0000 0x6DFC0000 0x00010000 4
[2022-12-19 17:46:22] INFO     mem_cmp 0x4E7C0000 0x6E7C0000 0x00010000 4
[2022-12-19 17:46:28] INFO     mem_cmp 0x4EFC0000 0x6EFC0000 0x00010000 4
[2022-12-19 17:46:35] INFO     mem_cmp 0x4F7C0000 0x6F7C0000 0x00010000 4
[2022-12-19 17:46:41] INFO     mem_cmp 0x4FFC0000 0x6FFC0000 0x00010000 4
[2022-12-19 17:46:48] INFO     mem_cmp 0x507C0000 0x707C0000 0x00010000 4
[2022-12-19 17:46:54] INFO     mem_cmp 0x50FC0000 0x70FC0000 0x00010000 4
[2022-12-19 17:47:01] INFO     mem_cmp 0x517C0000 0x717C0000 0x00010000 4
[2022-12-19 17:47:07] INFO     mem_cmp 0x51FC0000 0x71FC0000 0x00010000 4
[2022-12-19 17:47:14] INFO     mem_cmp 0x527C0000 0x727C0000 0x00010000 4
[2022-12-19 17:47:21] INFO     mem_cmp 0x52FC0000 0x72FC0000 0x00010000 4
[2022-12-19 17:47:27] INFO     mem_cmp 0x537C0000 0x737C0000 0x00010000 4
[2022-12-19 17:47:34] INFO     mem_cmp 0x53FC0000 0x73FC0000 0x00010000 4
[2022-12-19 17:47:40] INFO     mem_cmp 0x547C0000 0x747C0000 0x00010000 4
[2022-12-19 17:47:47] INFO     mem_cmp 0x54FC0000 0x74FC0000 0x00010000 4
[2022-12-19 17:47:54] INFO     mem_cmp 0x557C0000 0x757C0000 0x00010000 4
[2022-12-19 17:48:00] INFO     mem_cmp 0x55FC0000 0x75FC0000 0x00010000 4
[2022-12-19 17:48:07] INFO     mem_cmp 0x567C0000 0x767C0000 0x00010000 4
[2022-12-19 17:48:13] INFO     mem_cmp 0x56FC0000 0x76FC0000 0x00010000 4
[2022-12-19 17:48:20] INFO     mem_cmp 0x577C0000 0x777C0000 0x00010000 4
[2022-12-19 17:48:26] INFO     mem_cmp 0x57FC0000 0x77FC0000 0x00010000 4
[2022-12-19 17:48:32] INFO     mem_cmp 0x587C0000 0x787C0000 0x00010000 4
[2022-12-19 17:48:39] INFO     mem_cmp 0x58FC0000 0x78FC0000 0x00010000 4
[2022-12-19 17:48:46] INFO     mem_cmp 0x597C0000 0x797C0000 0x00010000 4
[2022-12-19 17:48:52] INFO     mem_cmp 0x59FC0000 0x79FC0000 0x00010000 4
[2022-12-19 17:48:59] INFO     mem_cmp 0x5A7C0000 0x7A7C0000 0x00010000 4
[2022-12-19 17:49:05] INFO     mem_cmp 0x5AFC0000 0x7AFC0000 0x00010000 4
[2022-12-19 17:49:12] INFO     mem_cmp 0x5B7C0000 0x7B7C0000 0x00010000 4
[2022-12-19 17:49:18] INFO     mem_cmp 0x5BFC0000 0x7BFC0000 0x00010000 4
[2022-12-19 17:49:25] INFO     mem_cmp 0x5C7C0000 0x7C7C0000 0x00010000 4
[2022-12-19 17:49:31] INFO     mem_cmp 0x5CFC0000 0x7CFC0000 0x00010000 4
[2022-12-19 17:49:38] INFO     mem_cmp 0x5D7C0000 0x7D7C0000 0x00010000 4
[2022-12-19 17:49:44] INFO     mem_cmp 0x5DFC0000 0x7DFC0000 0x00010000 4
[2022-12-19 17:49:50] INFO     mem_cmp 0x5E7C0000 0x7E7C0000 0x00010000 4
[2022-12-19 17:49:57] INFO     mem_cmp 0x5EFC0000 0x7EFC0000 0x00010000 4
[2022-12-19 17:50:03] INFO     mem_cmp 0x5F7C0000 0x7F7C0000 0x00010000 4
[2022-12-19 17:50:10] INFO     mem_cmp 0x5FFC0000 0x7FFC0000 0x00010000 4
[2022-12-19 17:50:10] INFO     STATE:Mem Compare State
[2022-12-19 17:50:17] INFO     mem_cmp 0x407C0000 0x607C0000 0x00010000 4
[2022-12-19 17:50:23] INFO     mem_cmp 0x40FC0000 0x60FC0000 0x00010000 4
[2022-12-19 17:50:30] INFO     mem_cmp 0x417C0000 0x617C0000 0x00010000 4
[2022-12-19 17:50:36] INFO     mem_cmp 0x41FC0000 0x61FC0000 0x00010000 4
[2022-12-19 17:50:43] INFO     mem_cmp 0x427C0000 0x627C0000 0x00010000 4
[2022-12-19 17:50:49] INFO     mem_cmp 0x42FC0000 0x62FC0000 0x00010000 4
[2022-12-19 17:50:56] INFO     mem_cmp 0x437C0000 0x637C0000 0x00010000 4
[2022-12-19 17:51:03] INFO     mem_cmp 0x43FC0000 0x63FC0000 0x00010000 4
[2022-12-19 17:51:09] INFO     mem_cmp 0x447C0000 0x647C0000 0x00010000 4
[2022-12-19 17:51:16] INFO     mem_cmp 0x44FC0000 0x64FC0000 0x00010000 4
[2022-12-19 17:51:22] INFO     mem_cmp 0x457C0000 0x657C0000 0x00010000 4
[2022-12-19 17:51:29] INFO     mem_cmp 0x45FC0000 0x65FC0000 0x00010000 4
[2022-12-19 17:51:35] INFO     mem_cmp 0x467C0000 0x667C0000 0x00010000 4
[2022-12-19 17:51:42] INFO     mem_cmp 0x46FC0000 0x66FC0000 0x00010000 4
[2022-12-19 17:51:48] INFO     mem_cmp 0x477C0000 0x677C0000 0x00010000 4
[2022-12-19 17:51:55] INFO     mem_cmp 0x47FC0000 0x67FC0000 0x00010000 4
[2022-12-19 17:52:01] INFO     mem_cmp 0x487C0000 0x687C0000 0x00010000 4
[2022-12-19 17:52:08] INFO     mem_cmp 0x48FC0000 0x68FC0000 0x00010000 4
[2022-12-19 17:52:14] INFO     mem_cmp 0x497C0000 0x697C0000 0x00010000 4
[2022-12-19 17:52:21] INFO     mem_cmp 0x49FC0000 0x69FC0000 0x00010000 4
[2022-12-19 17:52:27] INFO     mem_cmp 0x4A7C0000 0x6A7C0000 0x00010000 4
[2022-12-19 17:52:34] INFO     mem_cmp 0x4AFC0000 0x6AFC0000 0x00010000 4
[2022-12-19 17:52:40] INFO     mem_cmp 0x4B7C0000 0x6B7C0000 0x00010000 4
[2022-12-19 17:52:47] INFO     mem_cmp 0x4BFC0000 0x6BFC0000 0x00010000 4
[2022-12-19 17:52:54] INFO     mem_cmp 0x4C7C0000 0x6C7C0000 0x00010000 4
[2022-12-19 17:53:00] INFO     mem_cmp 0x4CFC0000 0x6CFC0000 0x00010000 4
[2022-12-19 17:53:06] INFO     mem_cmp 0x4D7C0000 0x6D7C0000 0x00010000 4
[2022-12-19 17:53:13] INFO     mem_cmp 0x4DFC0000 0x6DFC0000 0x00010000 4
[2022-12-19 17:53:19] INFO     mem_cmp 0x4E7C0000 0x6E7C0000 0x00010000 4
[2022-12-19 17:53:26] INFO     mem_cmp 0x4EFC0000 0x6EFC0000 0x00010000 4
[2022-12-19 17:53:33] INFO     mem_cmp 0x4F7C0000 0x6F7C0000 0x00010000 4
[2022-12-19 17:53:39] INFO     mem_cmp 0x4FFC0000 0x6FFC0000 0x00010000 4
[2022-12-19 17:53:46] INFO     mem_cmp 0x507C0000 0x707C0000 0x00010000 4
[2022-12-19 17:53:52] INFO     mem_cmp 0x50FC0000 0x70FC0000 0x00010000 4
[2022-12-19 17:53:59] INFO     mem_cmp 0x517C0000 0x717C0000 0x00010000 4
[2022-12-19 17:54:05] INFO     mem_cmp 0x51FC0000 0x71FC0000 0x00010000 4
[2022-12-19 17:54:12] INFO     mem_cmp 0x527C0000 0x727C0000 0x00010000 4
[2022-12-19 17:54:19] INFO     mem_cmp 0x52FC0000 0x72FC0000 0x00010000 4
[2022-12-19 17:54:25] INFO     mem_cmp 0x537C0000 0x737C0000 0x00010000 4
[2022-12-19 17:54:32] INFO     mem_cmp 0x53FC0000 0x73FC0000 0x00010000 4
[2022-12-19 17:54:38] INFO     mem_cmp 0x547C0000 0x747C0000 0x00010000 4
[2022-12-19 17:54:45] INFO     mem_cmp 0x54FC0000 0x74FC0000 0x00010000 4
[2022-12-19 17:54:51] INFO     mem_cmp 0x557C0000 0x757C0000 0x00010000 4
[2022-12-19 17:54:58] INFO     mem_cmp 0x55FC0000 0x75FC0000 0x00010000 4
[2022-12-19 17:55:04] INFO     mem_cmp 0x567C0000 0x767C0000 0x00010000 4
[2022-12-19 17:55:11] INFO     mem_cmp 0x56FC0000 0x76FC0000 0x00010000 4
[2022-12-19 17:55:17] INFO     mem_cmp 0x577C0000 0x777C0000 0x00010000 4
[2022-12-19 17:55:24] INFO     mem_cmp 0x57FC0000 0x77FC0000 0x00010000 4
[2022-12-19 17:55:31] INFO     mem_cmp 0x587C0000 0x787C0000 0x00010000 4
[2022-12-19 17:55:37] INFO     mem_cmp 0x58FC0000 0x78FC0000 0x00010000 4
[2022-12-19 17:55:43] INFO     mem_cmp 0x597C0000 0x797C0000 0x00010000 4
[2022-12-19 17:55:50] INFO     mem_cmp 0x59FC0000 0x79FC0000 0x00010000 4
[2022-12-19 17:55:57] INFO     mem_cmp 0x5A7C0000 0x7A7C0000 0x00010000 4
[2022-12-19 17:56:03] INFO     mem_cmp 0x5AFC0000 0x7AFC0000 0x00010000 4
[2022-12-19 17:56:10] INFO     mem_cmp 0x5B7C0000 0x7B7C0000 0x00010000 4
[2022-12-19 17:56:17] INFO     mem_cmp 0x5BFC0000 0x7BFC0000 0x00010000 4
[2022-12-19 17:56:23] INFO     mem_cmp 0x5C7C0000 0x7C7C0000 0x00010000 4
[2022-12-19 17:56:30] INFO     mem_cmp 0x5CFC0000 0x7CFC0000 0x00010000 4
[2022-12-19 17:56:37] INFO     mem_cmp 0x5D7C0000 0x7D7C0000 0x00010000 4
[2022-12-19 17:56:43] INFO     mem_cmp 0x5DFC0000 0x7DFC0000 0x00010000 4
[2022-12-19 17:56:50] INFO     mem_cmp 0x5E7C0000 0x7E7C0000 0x00010000 4
[2022-12-19 17:56:56] INFO     mem_cmp 0x5EFC0000 0x7EFC0000 0x00010000 4
[2022-12-19 17:57:03] INFO     mem_cmp 0x5F7C0000 0x7F7C0000 0x00010000 4
[2022-12-19 17:57:10] INFO     mem_cmp 0x5FFC0000 0x7FFC0000 0x00010000 4
[2022-12-19 17:57:10] INFO     STATE:Mem Compare State
[2022-12-19 17:57:16] INFO     mem_cmp 0x407C0000 0x607C0000 0x00010000 4
[2022-12-19 17:57:23] INFO     mem_cmp 0x40FC0000 0x60FC0000 0x00010000 4
[2022-12-19 17:57:30] INFO     mem_cmp 0x417C0000 0x617C0000 0x00010000 4
[2022-12-19 17:57:36] INFO     mem_cmp 0x41FC0000 0x61FC0000 0x00010000 4
[2022-12-19 17:57:43] INFO     mem_cmp 0x427C0000 0x627C0000 0x00010000 4
[2022-12-19 17:57:50] INFO     mem_cmp 0x42FC0000 0x62FC0000 0x00010000 4
[2022-12-19 17:57:57] INFO     mem_cmp 0x437C0000 0x637C0000 0x00010000 4
[2022-12-19 17:58:03] INFO     mem_cmp 0x43FC0000 0x63FC0000 0x00010000 4
[2022-12-19 17:58:10] INFO     mem_cmp 0x447C0000 0x647C0000 0x00010000 4
[2022-12-19 17:58:16] INFO     mem_cmp 0x44FC0000 0x64FC0000 0x00010000 4
[2022-12-19 17:58:23] INFO     mem_cmp 0x457C0000 0x657C0000 0x00010000 4
[2022-12-19 17:58:29] INFO     mem_cmp 0x45FC0000 0x65FC0000 0x00010000 4
[2022-12-19 17:58:36] INFO     mem_cmp 0x467C0000 0x667C0000 0x00010000 4
[2022-12-19 17:58:43] INFO     mem_cmp 0x46FC0000 0x66FC0000 0x00010000 4
[2022-12-19 17:58:49] INFO     mem_cmp 0x477C0000 0x677C0000 0x00010000 4
[2022-12-19 17:58:56] INFO     mem_cmp 0x47FC0000 0x67FC0000 0x00010000 4
[2022-12-19 17:59:02] INFO     mem_cmp 0x487C0000 0x687C0000 0x00010000 4
[2022-12-19 17:59:09] INFO     mem_cmp 0x48FC0000 0x68FC0000 0x00010000 4
[2022-12-19 17:59:15] INFO     mem_cmp 0x497C0000 0x697C0000 0x00010000 4
[2022-12-19 17:59:21] INFO     mem_cmp 0x49FC0000 0x69FC0000 0x00010000 4
[2022-12-19 17:59:28] INFO     mem_cmp 0x4A7C0000 0x6A7C0000 0x00010000 4
[2022-12-19 17:59:34] INFO     mem_cmp 0x4AFC0000 0x6AFC0000 0x00010000 4
[2022-12-19 17:59:41] INFO     mem_cmp 0x4B7C0000 0x6B7C0000 0x00010000 4
[2022-12-19 17:59:47] INFO     mem_cmp 0x4BFC0000 0x6BFC0000 0x00010000 4
[2022-12-19 17:59:54] INFO     mem_cmp 0x4C7C0000 0x6C7C0000 0x00010000 4
[2022-12-19 18:00:00] INFO     mem_cmp 0x4CFC0000 0x6CFC0000 0x00010000 4
[2022-12-19 18:00:07] INFO     mem_cmp 0x4D7C0000 0x6D7C0000 0x00010000 4
[2022-12-19 18:00:14] INFO     mem_cmp 0x4DFC0000 0x6DFC0000 0x00010000 4
[2022-12-19 18:00:20] INFO     mem_cmp 0x4E7C0000 0x6E7C0000 0x00010000 4
[2022-12-19 18:00:27] INFO     mem_cmp 0x4EFC0000 0x6EFC0000 0x00010000 4
[2022-12-19 18:00:33] INFO     mem_cmp 0x4F7C0000 0x6F7C0000 0x00010000 4
[2022-12-19 18:00:35] INFO     Memory Error detected
