[2022-12-19 19:54:23] INFO     STATE:Initial Starting State
[2022-12-19 19:54:23] INFO     STATE:Repower Board State
[2022-12-19 19:54:23] INFO     NETBOOTER:Attempt 1 to set port 5 with cycle=False
[2022-12-19 19:54:25] INFO     NETBOOTER:Setting port 5 to Off
[2022-12-19 19:54:26] INFO     NETBOOTER:Attempt 1 to set port 5 with cycle=False
[2022-12-19 19:54:28] INFO     NETBOOTER:Setting port 5 to On
[2022-12-19 19:54:29] INFO     STATE:Start Server State
[2022-12-19 19:54:29] INFO     Giving time for HW to boot before starting Litex Server (15 seconds)
[2022-12-19 19:54:34] INFO     Giving time for HW to boot before starting Litex Server (10 seconds)
[2022-12-19 19:54:39] INFO     Giving time for HW to boot before starting Litex Server (5 seconds)
[2022-12-19 19:54:44] INFO     Starting Litex Server
[2022-12-19 19:54:44] INFO     Giving time for Litex server to start without errors (15 seconds)
[2022-12-19 19:54:49] INFO     Giving time for Litex server to start without errors (10 seconds)
[2022-12-19 19:54:54] INFO     Giving time for Litex server to start without errors (5 seconds)
[2022-12-19 19:54:59] INFO     STATE:Create Client State
[2022-12-19 19:54:59] INFO     LiteX Crossover UART created: /dev/pts/13
[2022-12-19 19:54:59] INFO     Attempting to open:/dev/pts/13 at baud 1000000 with timeout=30
[2022-12-19 19:54:59] INFO     Serial port /dev/pts/13 open
[2022-12-19 19:54:59] INFO     STATE:Initial Prompt State
[2022-12-19 19:54:59] INFO     Giving time for bios to initialize memory (30 seconds)
[2022-12-19 19:55:09] INFO     Giving time for bios to initialize memory (20 seconds)
[2022-12-19 19:55:19] INFO     Giving time for bios to initialize memory (10 seconds)
[2022-12-19 19:55:29] INFO     Initial prompt attempt #1
[2022-12-19 19:55:29] INFO     Login prompt success
[2022-12-19 19:55:29] INFO     STATE:Mem Init State
[2022-12-19 19:55:29] INFO     Issuing mem_write command
[2022-12-19 19:55:29] INFO     Giving time for mem_write command (90 seconds)
[2022-12-19 19:55:39] INFO     Giving time for mem_write command (80 seconds)
[2022-12-19 19:55:49] INFO     Giving time for mem_write command (70 seconds)
[2022-12-19 19:55:59] INFO     Giving time for mem_write command (60 seconds)
[2022-12-19 19:56:09] INFO     Giving time for mem_write command (50 seconds)
[2022-12-19 19:56:19] INFO     Giving time for mem_write command (40 seconds)
[2022-12-19 19:56:29] INFO     Giving time for mem_write command (30 seconds)
[2022-12-19 19:56:39] INFO     Giving time for mem_write command (20 seconds)
[2022-12-19 19:56:49] INFO     Giving time for mem_write command (10 seconds)
[2022-12-19 19:56:59] INFO     STATE:Mem Compare State
[2022-12-19 19:57:06] INFO     mem_cmp 0x407C0000 0x607C0000 0x00010000 4
[2022-12-19 19:57:12] INFO     mem_cmp 0x40FC0000 0x60FC0000 0x00010000 4
[2022-12-19 19:57:19] INFO     mem_cmp 0x417C0000 0x617C0000 0x00010000 4
[2022-12-19 19:57:25] INFO     mem_cmp 0x41FC0000 0x61FC0000 0x00010000 4
[2022-12-19 19:57:32] INFO     mem_cmp 0x427C0000 0x627C0000 0x00010000 4
[2022-12-19 19:57:38] INFO     mem_cmp 0x42FC0000 0x62FC0000 0x00010000 4
[2022-12-19 19:57:45] INFO     mem_cmp 0x437C0000 0x637C0000 0x00010000 4
[2022-12-19 19:57:52] INFO     mem_cmp 0x43FC0000 0x63FC0000 0x00010000 4
[2022-12-19 19:57:58] INFO     mem_cmp 0x447C0000 0x647C0000 0x00010000 4
[2022-12-19 19:58:05] INFO     mem_cmp 0x44FC0000 0x64FC0000 0x00010000 4
[2022-12-19 19:58:11] INFO     mem_cmp 0x457C0000 0x657C0000 0x00010000 4
[2022-12-19 19:58:18] INFO     mem_cmp 0x45FC0000 0x65FC0000 0x00010000 4
[2022-12-19 19:58:24] INFO     mem_cmp 0x467C0000 0x667C0000 0x00010000 4
[2022-12-19 19:58:31] INFO     mem_cmp 0x46FC0000 0x66FC0000 0x00010000 4
[2022-12-19 19:58:37] INFO     mem_cmp 0x477C0000 0x677C0000 0x00010000 4
[2022-12-19 19:58:44] INFO     mem_cmp 0x47FC0000 0x67FC0000 0x00010000 4
[2022-12-19 19:58:50] INFO     mem_cmp 0x487C0000 0x687C0000 0x00010000 4
[2022-12-19 19:58:57] INFO     mem_cmp 0x48FC0000 0x68FC0000 0x00010000 4
[2022-12-19 19:59:03] INFO     mem_cmp 0x497C0000 0x697C0000 0x00010000 4
[2022-12-19 19:59:10] INFO     mem_cmp 0x49FC0000 0x69FC0000 0x00010000 4
[2022-12-19 19:59:16] INFO     mem_cmp 0x4A7C0000 0x6A7C0000 0x00010000 4
[2022-12-19 19:59:22] INFO     mem_cmp 0x4AFC0000 0x6AFC0000 0x00010000 4
[2022-12-19 19:59:29] INFO     mem_cmp 0x4B7C0000 0x6B7C0000 0x00010000 4
[2022-12-19 19:59:35] INFO     mem_cmp 0x4BFC0000 0x6BFC0000 0x00010000 4
[2022-12-19 19:59:42] INFO     mem_cmp 0x4C7C0000 0x6C7C0000 0x00010000 4
[2022-12-19 19:59:48] INFO     mem_cmp 0x4CFC0000 0x6CFC0000 0x00010000 4
[2022-12-19 19:59:55] INFO     mem_cmp 0x4D7C0000 0x6D7C0000 0x00010000 4
[2022-12-19 20:00:02] INFO     mem_cmp 0x4DFC0000 0x6DFC0000 0x00010000 4
[2022-12-19 20:00:08] INFO     mem_cmp 0x4E7C0000 0x6E7C0000 0x00010000 4
[2022-12-19 20:00:15] INFO     mem_cmp 0x4EFC0000 0x6EFC0000 0x00010000 4
[2022-12-19 20:00:21] INFO     mem_cmp 0x4F7C0000 0x6F7C0000 0x00010000 4
[2022-12-19 20:00:27] INFO     mem_cmp 0x4FFC0000 0x6FFC0000 0x00010000 4
[2022-12-19 20:00:34] INFO     mem_cmp 0x507C0000 0x707C0000 0x00010000 4
[2022-12-19 20:00:40] INFO     mem_cmp 0x50FC0000 0x70FC0000 0x00010000 4
[2022-12-19 20:00:47] INFO     mem_cmp 0x517C0000 0x717C0000 0x00010000 4
[2022-12-19 20:00:54] INFO     mem_cmp 0x51FC0000 0x71FC0000 0x00010000 4
[2022-12-19 20:01:00] INFO     mem_cmp 0x527C0000 0x727C0000 0x00010000 4
[2022-12-19 20:01:07] INFO     mem_cmp 0x52FC0000 0x72FC0000 0x00010000 4
[2022-12-19 20:01:13] INFO     mem_cmp 0x537C0000 0x737C0000 0x00010000 4
[2022-12-19 20:01:20] INFO     mem_cmp 0x53FC0000 0x73FC0000 0x00010000 4
[2022-12-19 20:01:26] INFO     mem_cmp 0x547C0000 0x747C0000 0x00010000 4
[2022-12-19 20:01:32] INFO     mem_cmp 0x54FC0000 0x74FC0000 0x00010000 4
[2022-12-19 20:01:39] INFO     mem_cmp 0x557C0000 0x757C0000 0x00010000 4
[2022-12-19 20:01:46] INFO     mem_cmp 0x55FC0000 0x75FC0000 0x00010000 4
[2022-12-19 20:01:52] INFO     mem_cmp 0x567C0000 0x767C0000 0x00010000 4
[2022-12-19 20:01:59] INFO     mem_cmp 0x56FC0000 0x76FC0000 0x00010000 4
[2022-12-19 20:02:05] INFO     mem_cmp 0x577C0000 0x777C0000 0x00010000 4
[2022-12-19 20:02:12] INFO     mem_cmp 0x57FC0000 0x77FC0000 0x00010000 4
[2022-12-19 20:02:18] INFO     mem_cmp 0x587C0000 0x787C0000 0x00010000 4
[2022-12-19 20:02:25] INFO     mem_cmp 0x58FC0000 0x78FC0000 0x00010000 4
[2022-12-19 20:02:31] INFO     mem_cmp 0x597C0000 0x797C0000 0x00010000 4
[2022-12-19 20:02:38] INFO     mem_cmp 0x59FC0000 0x79FC0000 0x00010000 4
[2022-12-19 20:02:45] INFO     mem_cmp 0x5A7C0000 0x7A7C0000 0x00010000 4
[2022-12-19 20:02:51] INFO     mem_cmp 0x5AFC0000 0x7AFC0000 0x00010000 4
[2022-12-19 20:02:58] INFO     mem_cmp 0x5B7C0000 0x7B7C0000 0x00010000 4
[2022-12-19 20:03:04] INFO     mem_cmp 0x5BFC0000 0x7BFC0000 0x00010000 4
[2022-12-19 20:03:11] INFO     mem_cmp 0x5C7C0000 0x7C7C0000 0x00010000 4
[2022-12-19 20:03:17] INFO     mem_cmp 0x5CFC0000 0x7CFC0000 0x00010000 4
[2022-12-19 20:03:24] INFO     mem_cmp 0x5D7C0000 0x7D7C0000 0x00010000 4
[2022-12-19 20:03:31] INFO     mem_cmp 0x5DFC0000 0x7DFC0000 0x00010000 4
[2022-12-19 20:03:37] INFO     mem_cmp 0x5E7C0000 0x7E7C0000 0x00010000 4
[2022-12-19 20:03:43] INFO     mem_cmp 0x5EFC0000 0x7EFC0000 0x00010000 4
[2022-12-19 20:03:50] INFO     mem_cmp 0x5F7C0000 0x7F7C0000 0x00010000 4
[2022-12-19 20:03:56] INFO     mem_cmp 0x5FFC0000 0x7FFC0000 0x00010000 4
[2022-12-19 20:03:57] INFO     STATE:Mem Compare State
[2022-12-19 20:04:03] INFO     mem_cmp 0x407C0000 0x607C0000 0x00010000 4
[2022-12-19 20:04:10] INFO     mem_cmp 0x40FC0000 0x60FC0000 0x00010000 4
[2022-12-19 20:04:16] INFO     mem_cmp 0x417C0000 0x617C0000 0x00010000 4
[2022-12-19 20:04:23] INFO     mem_cmp 0x41FC0000 0x61FC0000 0x00010000 4
[2022-12-19 20:04:29] INFO     mem_cmp 0x427C0000 0x627C0000 0x00010000 4
[2022-12-19 20:04:36] INFO     mem_cmp 0x42FC0000 0x62FC0000 0x00010000 4
[2022-12-19 20:04:42] INFO     mem_cmp 0x437C0000 0x637C0000 0x00010000 4
[2022-12-19 20:04:49] INFO     mem_cmp 0x43FC0000 0x63FC0000 0x00010000 4
[2022-12-19 20:04:55] INFO     mem_cmp 0x447C0000 0x647C0000 0x00010000 4
[2022-12-19 20:05:02] INFO     mem_cmp 0x44FC0000 0x64FC0000 0x00010000 4
[2022-12-19 20:05:08] INFO     mem_cmp 0x457C0000 0x657C0000 0x00010000 4
[2022-12-19 20:05:15] INFO     mem_cmp 0x45FC0000 0x65FC0000 0x00010000 4
[2022-12-19 20:05:21] INFO     mem_cmp 0x467C0000 0x667C0000 0x00010000 4
[2022-12-19 20:05:28] INFO     mem_cmp 0x46FC0000 0x66FC0000 0x00010000 4
[2022-12-19 20:05:34] INFO     mem_cmp 0x477C0000 0x677C0000 0x00010000 4
[2022-12-19 20:05:41] INFO     mem_cmp 0x47FC0000 0x67FC0000 0x00010000 4
[2022-12-19 20:05:47] INFO     mem_cmp 0x487C0000 0x687C0000 0x00010000 4
[2022-12-19 20:05:54] INFO     mem_cmp 0x48FC0000 0x68FC0000 0x00010000 4
[2022-12-19 20:06:00] INFO     mem_cmp 0x497C0000 0x697C0000 0x00010000 4
[2022-12-19 20:06:07] INFO     mem_cmp 0x49FC0000 0x69FC0000 0x00010000 4
[2022-12-19 20:06:13] INFO     mem_cmp 0x4A7C0000 0x6A7C0000 0x00010000 4
[2022-12-19 20:06:20] INFO     mem_cmp 0x4AFC0000 0x6AFC0000 0x00010000 4
[2022-12-19 20:06:26] INFO     mem_cmp 0x4B7C0000 0x6B7C0000 0x00010000 4
[2022-12-19 20:06:33] INFO     mem_cmp 0x4BFC0000 0x6BFC0000 0x00010000 4
[2022-12-19 20:06:39] INFO     mem_cmp 0x4C7C0000 0x6C7C0000 0x00010000 4
[2022-12-19 20:06:46] INFO     mem_cmp 0x4CFC0000 0x6CFC0000 0x00010000 4
[2022-12-19 20:06:53] INFO     mem_cmp 0x4D7C0000 0x6D7C0000 0x00010000 4
[2022-12-19 20:06:59] INFO     mem_cmp 0x4DFC0000 0x6DFC0000 0x00010000 4
[2022-12-19 20:07:06] INFO     mem_cmp 0x4E7C0000 0x6E7C0000 0x00010000 4
[2022-12-19 20:07:12] INFO     mem_cmp 0x4EFC0000 0x6EFC0000 0x00010000 4
[2022-12-19 20:07:19] INFO     mem_cmp 0x4F7C0000 0x6F7C0000 0x00010000 4
[2022-12-19 20:07:25] INFO     mem_cmp 0x4FFC0000 0x6FFC0000 0x00010000 4
[2022-12-19 20:07:32] INFO     mem_cmp 0x507C0000 0x707C0000 0x00010000 4
[2022-12-19 20:07:38] INFO     mem_cmp 0x50FC0000 0x70FC0000 0x00010000 4
[2022-12-19 20:07:44] INFO     mem_cmp 0x517C0000 0x717C0000 0x00010000 4
[2022-12-19 20:07:51] INFO     mem_cmp 0x51FC0000 0x71FC0000 0x00010000 4
[2022-12-19 20:07:57] INFO     mem_cmp 0x527C0000 0x727C0000 0x00010000 4
[2022-12-19 20:08:04] INFO     mem_cmp 0x52FC0000 0x72FC0000 0x00010000 4
[2022-12-19 20:08:10] INFO     mem_cmp 0x537C0000 0x737C0000 0x00010000 4
[2022-12-19 20:08:17] INFO     mem_cmp 0x53FC0000 0x73FC0000 0x00010000 4
[2022-12-19 20:08:23] INFO     mem_cmp 0x547C0000 0x747C0000 0x00010000 4
[2022-12-19 20:08:29] INFO     mem_cmp 0x54FC0000 0x74FC0000 0x00010000 4
[2022-12-19 20:08:35] INFO     mem_cmp 0x557C0000 0x757C0000 0x00010000 4
[2022-12-19 20:08:41] INFO     mem_cmp 0x55FC0000 0x75FC0000 0x00010000 4
[2022-12-19 20:08:47] INFO     mem_cmp 0x567C0000 0x767C0000 0x00010000 4
[2022-12-19 20:08:53] INFO     mem_cmp 0x56FC0000 0x76FC0000 0x00010000 4
[2022-12-19 20:09:00] INFO     mem_cmp 0x577C0000 0x777C0000 0x00010000 4
[2022-12-19 20:09:06] INFO     mem_cmp 0x57FC0000 0x77FC0000 0x00010000 4
[2022-12-19 20:09:12] INFO     mem_cmp 0x587C0000 0x787C0000 0x00010000 4
[2022-12-19 20:09:18] INFO     mem_cmp 0x58FC0000 0x78FC0000 0x00010000 4
[2022-12-19 20:09:25] INFO     mem_cmp 0x597C0000 0x797C0000 0x00010000 4
[2022-12-19 20:09:31] INFO     mem_cmp 0x59FC0000 0x79FC0000 0x00010000 4
[2022-12-19 20:09:37] INFO     mem_cmp 0x5A7C0000 0x7A7C0000 0x00010000 4
[2022-12-19 20:09:44] INFO     mem_cmp 0x5AFC0000 0x7AFC0000 0x00010000 4
[2022-12-19 20:09:50] INFO     mem_cmp 0x5B7C0000 0x7B7C0000 0x00010000 4
[2022-12-19 20:09:56] INFO     mem_cmp 0x5BFC0000 0x7BFC0000 0x00010000 4
[2022-12-19 20:10:02] INFO     mem_cmp 0x5C7C0000 0x7C7C0000 0x00010000 4
[2022-12-19 20:10:09] INFO     mem_cmp 0x5CFC0000 0x7CFC0000 0x00010000 4
[2022-12-19 20:10:15] INFO     mem_cmp 0x5D7C0000 0x7D7C0000 0x00010000 4
[2022-12-19 20:10:21] INFO     mem_cmp 0x5DFC0000 0x7DFC0000 0x00010000 4
[2022-12-19 20:10:28] INFO     mem_cmp 0x5E7C0000 0x7E7C0000 0x00010000 4
[2022-12-19 20:10:34] INFO     mem_cmp 0x5EFC0000 0x7EFC0000 0x00010000 4
[2022-12-19 20:10:41] INFO     mem_cmp 0x5F7C0000 0x7F7C0000 0x00010000 4
[2022-12-19 20:10:48] INFO     mem_cmp 0x5FFC0000 0x7FFC0000 0x00010000 4
[2022-12-19 20:10:48] INFO     STATE:Mem Compare State
[2022-12-19 20:10:54] INFO     mem_cmp 0x407C0000 0x607C0000 0x00010000 4
[2022-12-19 20:11:01] INFO     mem_cmp 0x40FC0000 0x60FC0000 0x00010000 4
[2022-12-19 20:11:07] INFO     mem_cmp 0x417C0000 0x617C0000 0x00010000 4
[2022-12-19 20:11:13] INFO     mem_cmp 0x41FC0000 0x61FC0000 0x00010000 4
[2022-12-19 20:11:20] INFO     mem_cmp 0x427C0000 0x627C0000 0x00010000 4
[2022-12-19 20:11:26] INFO     mem_cmp 0x42FC0000 0x62FC0000 0x00010000 4
[2022-12-19 20:11:33] INFO     mem_cmp 0x437C0000 0x637C0000 0x00010000 4
[2022-12-19 20:11:39] INFO     mem_cmp 0x43FC0000 0x63FC0000 0x00010000 4
[2022-12-19 20:11:45] INFO     mem_cmp 0x447C0000 0x647C0000 0x00010000 4
[2022-12-19 20:11:52] INFO     mem_cmp 0x44FC0000 0x64FC0000 0x00010000 4
[2022-12-19 20:11:58] INFO     mem_cmp 0x457C0000 0x657C0000 0x00010000 4
[2022-12-19 20:12:05] INFO     mem_cmp 0x45FC0000 0x65FC0000 0x00010000 4
[2022-12-19 20:12:11] INFO     mem_cmp 0x467C0000 0x667C0000 0x00010000 4
[2022-12-19 20:12:18] INFO     mem_cmp 0x46FC0000 0x66FC0000 0x00010000 4
[2022-12-19 20:12:24] INFO     mem_cmp 0x477C0000 0x677C0000 0x00010000 4
[2022-12-19 20:12:31] INFO     mem_cmp 0x47FC0000 0x67FC0000 0x00010000 4
[2022-12-19 20:12:37] INFO     mem_cmp 0x487C0000 0x687C0000 0x00010000 4
[2022-12-19 20:12:44] INFO     mem_cmp 0x48FC0000 0x68FC0000 0x00010000 4
[2022-12-19 20:12:50] INFO     mem_cmp 0x497C0000 0x697C0000 0x00010000 4
[2022-12-19 20:12:57] INFO     mem_cmp 0x49FC0000 0x69FC0000 0x00010000 4
[2022-12-19 20:13:04] INFO     mem_cmp 0x4A7C0000 0x6A7C0000 0x00010000 4
[2022-12-19 20:13:10] INFO     mem_cmp 0x4AFC0000 0x6AFC0000 0x00010000 4
[2022-12-19 20:13:17] INFO     mem_cmp 0x4B7C0000 0x6B7C0000 0x00010000 4
[2022-12-19 20:13:24] INFO     mem_cmp 0x4BFC0000 0x6BFC0000 0x00010000 4
[2022-12-19 20:13:30] INFO     mem_cmp 0x4C7C0000 0x6C7C0000 0x00010000 4
[2022-12-19 20:13:37] INFO     mem_cmp 0x4CFC0000 0x6CFC0000 0x00010000 4
[2022-12-19 20:13:43] INFO     mem_cmp 0x4D7C0000 0x6D7C0000 0x00010000 4
[2022-12-19 20:13:50] INFO     mem_cmp 0x4DFC0000 0x6DFC0000 0x00010000 4
[2022-12-19 20:13:57] INFO     mem_cmp 0x4E7C0000 0x6E7C0000 0x00010000 4
[2022-12-19 20:14:03] INFO     mem_cmp 0x4EFC0000 0x6EFC0000 0x00010000 4
[2022-12-19 20:14:10] INFO     mem_cmp 0x4F7C0000 0x6F7C0000 0x00010000 4
[2022-12-19 20:14:17] INFO     mem_cmp 0x4FFC0000 0x6FFC0000 0x00010000 4
[2022-12-19 20:14:23] INFO     mem_cmp 0x507C0000 0x707C0000 0x00010000 4
[2022-12-19 20:14:30] INFO     mem_cmp 0x50FC0000 0x70FC0000 0x00010000 4
[2022-12-19 20:14:37] INFO     mem_cmp 0x517C0000 0x717C0000 0x00010000 4
[2022-12-19 20:14:44] INFO     mem_cmp 0x51FC0000 0x71FC0000 0x00010000 4
[2022-12-19 20:14:50] INFO     mem_cmp 0x527C0000 0x727C0000 0x00010000 4
[2022-12-19 20:14:57] INFO     mem_cmp 0x52FC0000 0x72FC0000 0x00010000 4
[2022-12-19 20:15:03] INFO     mem_cmp 0x537C0000 0x737C0000 0x00010000 4
[2022-12-19 20:15:10] INFO     mem_cmp 0x53FC0000 0x73FC0000 0x00010000 4
[2022-12-19 20:15:16] INFO     mem_cmp 0x547C0000 0x747C0000 0x00010000 4
[2022-12-19 20:15:23] INFO     mem_cmp 0x54FC0000 0x74FC0000 0x00010000 4
[2022-12-19 20:15:30] INFO     mem_cmp 0x557C0000 0x757C0000 0x00010000 4
[2022-12-19 20:15:37] INFO     mem_cmp 0x55FC0000 0x75FC0000 0x00010000 4
[2022-12-19 20:15:43] INFO     mem_cmp 0x567C0000 0x767C0000 0x00010000 4
[2022-12-19 20:15:50] INFO     mem_cmp 0x56FC0000 0x76FC0000 0x00010000 4
[2022-12-19 20:15:56] INFO     mem_cmp 0x577C0000 0x777C0000 0x00010000 4
[2022-12-19 20:16:03] INFO     mem_cmp 0x57FC0000 0x77FC0000 0x00010000 4
[2022-12-19 20:16:10] INFO     mem_cmp 0x587C0000 0x787C0000 0x00010000 4
[2022-12-19 20:16:17] INFO     mem_cmp 0x58FC0000 0x78FC0000 0x00010000 4
[2022-12-19 20:16:31] INFO     mem_cmp 0x597C0000 0x797C0000 0x00010000 4
[2022-12-19 20:16:38] INFO     mem_cmp 0x59FC0000 0x79FC0000 0x00010000 4
[2022-12-19 20:16:45] INFO     mem_cmp 0x5A7C0000 0x7A7C0000 0x00010000 4
[2022-12-19 20:16:51] INFO     mem_cmp 0x5AFC0000 0x7AFC0000 0x00010000 4
[2022-12-19 20:16:58] INFO     mem_cmp 0x5B7C0000 0x7B7C0000 0x00010000 4
[2022-12-19 20:17:05] INFO     mem_cmp 0x5BFC0000 0x7BFC0000 0x00010000 4
[2022-12-19 20:17:12] INFO     mem_cmp 0x5C7C0000 0x7C7C0000 0x00010000 4
[2022-12-19 20:17:18] INFO     mem_cmp 0x5CFC0000 0x7CFC0000 0x00010000 4
[2022-12-19 20:17:25] INFO     mem_cmp 0x5D7C0000 0x7D7C0000 0x00010000 4
[2022-12-19 20:17:31] INFO     mem_cmp 0x5DFC0000 0x7DFC0000 0x00010000 4
[2022-12-19 20:17:38] INFO     mem_cmp 0x5E7C0000 0x7E7C0000 0x00010000 4
[2022-12-19 20:17:44] INFO     mem_cmp 0x5EFC0000 0x7EFC0000 0x00010000 4
[2022-12-19 20:17:50] INFO     mem_cmp 0x5F7C0000 0x7F7C0000 0x00010000 4
[2022-12-19 20:17:57] INFO     mem_cmp 0x5FFC0000 0x7FFC0000 0x00010000 4
[2022-12-19 20:17:57] INFO     STATE:Mem Compare State
[2022-12-19 20:18:04] INFO     mem_cmp 0x407C0000 0x607C0000 0x00010000 4
[2022-12-19 20:18:10] INFO     mem_cmp 0x40FC0000 0x60FC0000 0x00010000 4
[2022-12-19 20:18:17] INFO     mem_cmp 0x417C0000 0x617C0000 0x00010000 4
[2022-12-19 20:18:24] INFO     mem_cmp 0x41FC0000 0x61FC0000 0x00010000 4
[2022-12-19 20:18:30] INFO     mem_cmp 0x427C0000 0x627C0000 0x00010000 4
[2022-12-19 20:18:37] INFO     mem_cmp 0x42FC0000 0x62FC0000 0x00010000 4
[2022-12-19 20:18:43] INFO     mem_cmp 0x437C0000 0x637C0000 0x00010000 4
[2022-12-19 20:18:50] INFO     mem_cmp 0x43FC0000 0x63FC0000 0x00010000 4
[2022-12-19 20:18:56] INFO     mem_cmp 0x447C0000 0x647C0000 0x00010000 4
[2022-12-19 20:19:02] INFO     mem_cmp 0x44FC0000 0x64FC0000 0x00010000 4
[2022-12-19 20:19:09] INFO     mem_cmp 0x457C0000 0x657C0000 0x00010000 4
[2022-12-19 20:19:15] INFO     mem_cmp 0x45FC0000 0x65FC0000 0x00010000 4
[2022-12-19 20:19:22] INFO     mem_cmp 0x467C0000 0x667C0000 0x00010000 4
[2022-12-19 20:19:29] INFO     mem_cmp 0x46FC0000 0x66FC0000 0x00010000 4
[2022-12-19 20:19:35] INFO     mem_cmp 0x477C0000 0x677C0000 0x00010000 4
[2022-12-19 20:19:42] INFO     mem_cmp 0x47FC0000 0x67FC0000 0x00010000 4
[2022-12-19 20:19:48] INFO     mem_cmp 0x487C0000 0x687C0000 0x00010000 4
[2022-12-19 20:19:55] INFO     mem_cmp 0x48FC0000 0x68FC0000 0x00010000 4
[2022-12-19 20:20:02] INFO     mem_cmp 0x497C0000 0x697C0000 0x00010000 4
[2022-12-19 20:20:08] INFO     mem_cmp 0x49FC0000 0x69FC0000 0x00010000 4
[2022-12-19 20:20:14] INFO     mem_cmp 0x4A7C0000 0x6A7C0000 0x00010000 4
[2022-12-19 20:20:21] INFO     mem_cmp 0x4AFC0000 0x6AFC0000 0x00010000 4
[2022-12-19 20:20:27] INFO     mem_cmp 0x4B7C0000 0x6B7C0000 0x00010000 4
[2022-12-19 20:20:32] INFO     mem_cmp 0x4BFC0000 0x6BFC0000 0x00010000 4
[2022-12-19 20:20:38] INFO     mem_cmp 0x4C7C0000 0x6C7C0000 0x00010000 4
[2022-12-19 20:20:44] INFO     mem_cmp 0x4CFC0000 0x6CFC0000 0x00010000 4
[2022-12-19 20:20:50] INFO     mem_cmp 0x4D7C0000 0x6D7C0000 0x00010000 4
[2022-12-19 20:20:57] INFO     mem_cmp 0x4DFC0000 0x6DFC0000 0x00010000 4
[2022-12-19 20:21:03] INFO     mem_cmp 0x4E7C0000 0x6E7C0000 0x00010000 4
[2022-12-19 20:21:10] INFO     mem_cmp 0x4EFC0000 0x6EFC0000 0x00010000 4
[2022-12-19 20:21:17] INFO     mem_cmp 0x4F7C0000 0x6F7C0000 0x00010000 4
[2022-12-19 20:21:23] INFO     mem_cmp 0x4FFC0000 0x6FFC0000 0x00010000 4
[2022-12-19 20:21:30] INFO     mem_cmp 0x507C0000 0x707C0000 0x00010000 4
[2022-12-19 20:21:37] INFO     mem_cmp 0x50FC0000 0x70FC0000 0x00010000 4
[2022-12-19 20:21:43] INFO     mem_cmp 0x517C0000 0x717C0000 0x00010000 4
[2022-12-19 20:21:50] INFO     mem_cmp 0x51FC0000 0x71FC0000 0x00010000 4
[2022-12-19 20:21:56] INFO     mem_cmp 0x527C0000 0x727C0000 0x00010000 4
[2022-12-19 20:22:03] INFO     mem_cmp 0x52FC0000 0x72FC0000 0x00010000 4
[2022-12-19 20:22:10] INFO     mem_cmp 0x537C0000 0x737C0000 0x00010000 4
[2022-12-19 20:22:16] INFO     mem_cmp 0x53FC0000 0x73FC0000 0x00010000 4
[2022-12-19 20:22:23] INFO     mem_cmp 0x547C0000 0x747C0000 0x00010000 4
[2022-12-19 20:22:30] INFO     mem_cmp 0x54FC0000 0x74FC0000 0x00010000 4
[2022-12-19 20:22:36] INFO     mem_cmp 0x557C0000 0x757C0000 0x00010000 4
[2022-12-19 20:22:43] INFO     mem_cmp 0x55FC0000 0x75FC0000 0x00010000 4
[2022-12-19 20:22:50] INFO     mem_cmp 0x567C0000 0x767C0000 0x00010000 4
[2022-12-19 20:22:56] INFO     mem_cmp 0x56FC0000 0x76FC0000 0x00010000 4
[2022-12-19 20:23:03] INFO     mem_cmp 0x577C0000 0x777C0000 0x00010000 4
[2022-12-19 20:23:09] INFO     mem_cmp 0x57FC0000 0x77FC0000 0x00010000 4
[2022-12-19 20:23:16] INFO     mem_cmp 0x587C0000 0x787C0000 0x00010000 4
[2022-12-19 20:23:22] INFO     mem_cmp 0x58FC0000 0x78FC0000 0x00010000 4
[2022-12-19 20:23:29] INFO     mem_cmp 0x597C0000 0x797C0000 0x00010000 4
[2022-12-19 20:23:35] INFO     mem_cmp 0x59FC0000 0x79FC0000 0x00010000 4
[2022-12-19 20:23:42] INFO     mem_cmp 0x5A7C0000 0x7A7C0000 0x00010000 4
[2022-12-19 20:23:49] INFO     mem_cmp 0x5AFC0000 0x7AFC0000 0x00010000 4
[2022-12-19 20:23:55] INFO     mem_cmp 0x5B7C0000 0x7B7C0000 0x00010000 4
[2022-12-19 20:24:02] INFO     mem_cmp 0x5BFC0000 0x7BFC0000 0x00010000 4
[2022-12-19 20:24:09] INFO     mem_cmp 0x5C7C0000 0x7C7C0000 0x00010000 4
[2022-12-19 20:24:16] INFO     mem_cmp 0x5CFC0000 0x7CFC0000 0x00010000 4
[2022-12-19 20:24:22] INFO     mem_cmp 0x5D7C0000 0x7D7C0000 0x00010000 4
[2022-12-19 20:24:29] INFO     mem_cmp 0x5DFC0000 0x7DFC0000 0x00010000 4
[2022-12-19 20:24:35] INFO     mem_cmp 0x5E7C0000 0x7E7C0000 0x00010000 4
[2022-12-19 20:24:42] INFO     mem_cmp 0x5EFC0000 0x7EFC0000 0x00010000 4
[2022-12-19 20:24:48] INFO     mem_cmp 0x5F7C0000 0x7F7C0000 0x00010000 4
[2022-12-19 20:24:55] INFO     mem_cmp 0x5FFC0000 0x7FFC0000 0x00010000 4
[2022-12-19 20:24:55] INFO     STATE:Mem Compare State
[2022-12-19 20:25:02] INFO     mem_cmp 0x407C0000 0x607C0000 0x00010000 4
[2022-12-19 20:25:08] INFO     mem_cmp 0x40FC0000 0x60FC0000 0x00010000 4
[2022-12-19 20:25:15] INFO     mem_cmp 0x417C0000 0x617C0000 0x00010000 4
[2022-12-19 20:25:21] INFO     mem_cmp 0x41FC0000 0x61FC0000 0x00010000 4
[2022-12-19 20:25:28] INFO     mem_cmp 0x427C0000 0x627C0000 0x00010000 4
[2022-12-19 20:25:35] INFO     mem_cmp 0x42FC0000 0x62FC0000 0x00010000 4
[2022-12-19 20:25:41] INFO     mem_cmp 0x437C0000 0x637C0000 0x00010000 4
[2022-12-19 20:25:48] INFO     mem_cmp 0x43FC0000 0x63FC0000 0x00010000 4
[2022-12-19 20:25:54] INFO     mem_cmp 0x447C0000 0x647C0000 0x00010000 4
[2022-12-19 20:26:01] INFO     mem_cmp 0x44FC0000 0x64FC0000 0x00010000 4
[2022-12-19 20:26:07] INFO     mem_cmp 0x457C0000 0x657C0000 0x00010000 4
[2022-12-19 20:26:14] INFO     mem_cmp 0x45FC0000 0x65FC0000 0x00010000 4
[2022-12-19 20:26:21] INFO     mem_cmp 0x467C0000 0x667C0000 0x00010000 4
[2022-12-19 20:26:27] INFO     mem_cmp 0x46FC0000 0x66FC0000 0x00010000 4
[2022-12-19 20:26:34] INFO     mem_cmp 0x477C0000 0x677C0000 0x00010000 4
[2022-12-19 20:26:40] INFO     mem_cmp 0x47FC0000 0x67FC0000 0x00010000 4
[2022-12-19 20:26:47] INFO     mem_cmp 0x487C0000 0x687C0000 0x00010000 4
[2022-12-19 20:26:54] INFO     mem_cmp 0x48FC0000 0x68FC0000 0x00010000 4
[2022-12-19 20:27:00] INFO     mem_cmp 0x497C0000 0x697C0000 0x00010000 4
[2022-12-19 20:27:07] INFO     mem_cmp 0x49FC0000 0x69FC0000 0x00010000 4
[2022-12-19 20:27:13] INFO     mem_cmp 0x4A7C0000 0x6A7C0000 0x00010000 4
[2022-12-19 20:27:20] INFO     mem_cmp 0x4AFC0000 0x6AFC0000 0x00010000 4
[2022-12-19 20:27:27] INFO     mem_cmp 0x4B7C0000 0x6B7C0000 0x00010000 4
[2022-12-19 20:27:33] INFO     mem_cmp 0x4BFC0000 0x6BFC0000 0x00010000 4
[2022-12-19 20:27:40] INFO     mem_cmp 0x4C7C0000 0x6C7C0000 0x00010000 4
[2022-12-19 20:27:47] INFO     mem_cmp 0x4CFC0000 0x6CFC0000 0x00010000 4
[2022-12-19 20:27:53] INFO     mem_cmp 0x4D7C0000 0x6D7C0000 0x00010000 4
[2022-12-19 20:28:00] INFO     mem_cmp 0x4DFC0000 0x6DFC0000 0x00010000 4
[2022-12-19 20:28:07] INFO     mem_cmp 0x4E7C0000 0x6E7C0000 0x00010000 4
[2022-12-19 20:28:13] INFO     mem_cmp 0x4EFC0000 0x6EFC0000 0x00010000 4
[2022-12-19 20:28:20] INFO     mem_cmp 0x4F7C0000 0x6F7C0000 0x00010000 4
[2022-12-19 20:28:26] INFO     mem_cmp 0x4FFC0000 0x6FFC0000 0x00010000 4
[2022-12-19 20:28:32] INFO     mem_cmp 0x507C0000 0x707C0000 0x00010000 4
[2022-12-19 20:28:39] INFO     mem_cmp 0x50FC0000 0x70FC0000 0x00010000 4
[2022-12-19 20:28:46] INFO     mem_cmp 0x517C0000 0x717C0000 0x00010000 4
[2022-12-19 20:28:52] INFO     mem_cmp 0x51FC0000 0x71FC0000 0x00010000 4
[2022-12-19 20:28:59] INFO     mem_cmp 0x527C0000 0x727C0000 0x00010000 4
[2022-12-19 20:29:06] INFO     mem_cmp 0x52FC0000 0x72FC0000 0x00010000 4
[2022-12-19 20:29:12] INFO     mem_cmp 0x537C0000 0x737C0000 0x00010000 4
[2022-12-19 20:29:19] INFO     mem_cmp 0x53FC0000 0x73FC0000 0x00010000 4
[2022-12-19 20:29:26] INFO     mem_cmp 0x547C0000 0x747C0000 0x00010000 4
[2022-12-19 20:29:32] INFO     mem_cmp 0x54FC0000 0x74FC0000 0x00010000 4
[2022-12-19 20:29:39] INFO     mem_cmp 0x557C0000 0x757C0000 0x00010000 4
[2022-12-19 20:29:46] INFO     mem_cmp 0x55FC0000 0x75FC0000 0x00010000 4
[2022-12-19 20:29:52] INFO     mem_cmp 0x567C0000 0x767C0000 0x00010000 4
[2022-12-19 20:29:59] INFO     mem_cmp 0x56FC0000 0x76FC0000 0x00010000 4
[2022-12-19 20:30:06] INFO     mem_cmp 0x577C0000 0x777C0000 0x00010000 4
[2022-12-19 20:30:13] INFO     mem_cmp 0x57FC0000 0x77FC0000 0x00010000 4
[2022-12-19 20:30:20] INFO     mem_cmp 0x587C0000 0x787C0000 0x00010000 4
[2022-12-19 20:30:27] INFO     mem_cmp 0x58FC0000 0x78FC0000 0x00010000 4
[2022-12-19 20:30:33] INFO     mem_cmp 0x597C0000 0x797C0000 0x00010000 4
[2022-12-19 20:30:40] INFO     mem_cmp 0x59FC0000 0x79FC0000 0x00010000 4
[2022-12-19 20:30:46] INFO     mem_cmp 0x5A7C0000 0x7A7C0000 0x00010000 4
[2022-12-19 20:30:53] INFO     mem_cmp 0x5AFC0000 0x7AFC0000 0x00010000 4
[2022-12-19 20:30:59] INFO     mem_cmp 0x5B7C0000 0x7B7C0000 0x00010000 4
[2022-12-19 20:31:06] INFO     mem_cmp 0x5BFC0000 0x7BFC0000 0x00010000 4
[2022-12-19 20:31:12] INFO     mem_cmp 0x5C7C0000 0x7C7C0000 0x00010000 4
[2022-12-19 20:31:19] INFO     mem_cmp 0x5CFC0000 0x7CFC0000 0x00010000 4
[2022-12-19 20:31:26] INFO     mem_cmp 0x5D7C0000 0x7D7C0000 0x00010000 4
[2022-12-19 20:31:32] INFO     mem_cmp 0x5DFC0000 0x7DFC0000 0x00010000 4
[2022-12-19 20:31:39] INFO     mem_cmp 0x5E7C0000 0x7E7C0000 0x00010000 4
[2022-12-19 20:31:46] INFO     mem_cmp 0x5EFC0000 0x7EFC0000 0x00010000 4
[2022-12-19 20:31:52] INFO     mem_cmp 0x5F7C0000 0x7F7C0000 0x00010000 4
[2022-12-19 20:31:59] INFO     mem_cmp 0x5FFC0000 0x7FFC0000 0x00010000 4
[2022-12-19 20:31:59] INFO     STATE:Mem Compare State
[2022-12-19 20:32:05] INFO     mem_cmp 0x407C0000 0x607C0000 0x00010000 4
[2022-12-19 20:32:12] INFO     mem_cmp 0x40FC0000 0x60FC0000 0x00010000 4
[2022-12-19 20:32:19] INFO     mem_cmp 0x417C0000 0x617C0000 0x00010000 4
[2022-12-19 20:32:26] INFO     mem_cmp 0x41FC0000 0x61FC0000 0x00010000 4
[2022-12-19 20:32:32] INFO     mem_cmp 0x427C0000 0x627C0000 0x00010000 4
[2022-12-19 20:32:39] INFO     mem_cmp 0x42FC0000 0x62FC0000 0x00010000 4
[2022-12-19 20:32:45] INFO     mem_cmp 0x437C0000 0x637C0000 0x00010000 4
[2022-12-19 20:32:52] INFO     mem_cmp 0x43FC0000 0x63FC0000 0x00010000 4
[2022-12-19 20:32:59] INFO     mem_cmp 0x447C0000 0x647C0000 0x00010000 4
[2022-12-19 20:33:05] INFO     mem_cmp 0x44FC0000 0x64FC0000 0x00010000 4
[2022-12-19 20:33:12] INFO     mem_cmp 0x457C0000 0x657C0000 0x00010000 4
[2022-12-19 20:33:18] INFO     mem_cmp 0x45FC0000 0x65FC0000 0x00010000 4
[2022-12-19 20:33:25] INFO     mem_cmp 0x467C0000 0x667C0000 0x00010000 4
[2022-12-19 20:33:32] INFO     mem_cmp 0x46FC0000 0x66FC0000 0x00010000 4
[2022-12-19 20:33:38] INFO     mem_cmp 0x477C0000 0x677C0000 0x00010000 4
[2022-12-19 20:33:45] INFO     mem_cmp 0x47FC0000 0x67FC0000 0x00010000 4
[2022-12-19 20:33:52] INFO     mem_cmp 0x487C0000 0x687C0000 0x00010000 4
[2022-12-19 20:33:58] INFO     mem_cmp 0x48FC0000 0x68FC0000 0x00010000 4
[2022-12-19 20:34:05] INFO     mem_cmp 0x497C0000 0x697C0000 0x00010000 4
[2022-12-19 20:34:11] INFO     mem_cmp 0x49FC0000 0x69FC0000 0x00010000 4
[2022-12-19 20:34:18] INFO     mem_cmp 0x4A7C0000 0x6A7C0000 0x00010000 4
[2022-12-19 20:34:25] INFO     mem_cmp 0x4AFC0000 0x6AFC0000 0x00010000 4
[2022-12-19 20:34:31] INFO     mem_cmp 0x4B7C0000 0x6B7C0000 0x00010000 4
[2022-12-19 20:34:38] INFO     mem_cmp 0x4BFC0000 0x6BFC0000 0x00010000 4
[2022-12-19 20:34:45] INFO     mem_cmp 0x4C7C0000 0x6C7C0000 0x00010000 4
[2022-12-19 20:34:51] INFO     mem_cmp 0x4CFC0000 0x6CFC0000 0x00010000 4
[2022-12-19 20:34:58] INFO     mem_cmp 0x4D7C0000 0x6D7C0000 0x00010000 4
[2022-12-19 20:35:04] INFO     mem_cmp 0x4DFC0000 0x6DFC0000 0x00010000 4
[2022-12-19 20:35:11] INFO     mem_cmp 0x4E7C0000 0x6E7C0000 0x00010000 4
[2022-12-19 20:35:18] INFO     mem_cmp 0x4EFC0000 0x6EFC0000 0x00010000 4
[2022-12-19 20:35:24] INFO     mem_cmp 0x4F7C0000 0x6F7C0000 0x00010000 4
[2022-12-19 20:35:31] INFO     mem_cmp 0x4FFC0000 0x6FFC0000 0x00010000 4
[2022-12-19 20:35:37] INFO     mem_cmp 0x507C0000 0x707C0000 0x00010000 4
[2022-12-19 20:35:44] INFO     mem_cmp 0x50FC0000 0x70FC0000 0x00010000 4
[2022-12-19 20:35:51] INFO     mem_cmp 0x517C0000 0x717C0000 0x00010000 4
[2022-12-19 20:35:57] INFO     mem_cmp 0x51FC0000 0x71FC0000 0x00010000 4
[2022-12-19 20:36:04] INFO     mem_cmp 0x527C0000 0x727C0000 0x00010000 4
[2022-12-19 20:36:10] INFO     mem_cmp 0x52FC0000 0x72FC0000 0x00010000 4
[2022-12-19 20:36:17] INFO     mem_cmp 0x537C0000 0x737C0000 0x00010000 4
[2022-12-19 20:36:24] INFO     mem_cmp 0x53FC0000 0x73FC0000 0x00010000 4
[2022-12-19 20:36:31] INFO     mem_cmp 0x547C0000 0x747C0000 0x00010000 4
[2022-12-19 20:36:37] INFO     mem_cmp 0x54FC0000 0x74FC0000 0x00010000 4
[2022-12-19 20:36:44] INFO     mem_cmp 0x557C0000 0x757C0000 0x00010000 4
[2022-12-19 20:36:51] INFO     mem_cmp 0x55FC0000 0x75FC0000 0x00010000 4
[2022-12-19 20:36:57] INFO     mem_cmp 0x567C0000 0x767C0000 0x00010000 4
[2022-12-19 20:37:04] INFO     mem_cmp 0x56FC0000 0x76FC0000 0x00010000 4
[2022-12-19 20:37:10] INFO     mem_cmp 0x577C0000 0x777C0000 0x00010000 4
[2022-12-19 20:37:17] INFO     mem_cmp 0x57FC0000 0x77FC0000 0x00010000 4
[2022-12-19 20:37:24] INFO     mem_cmp 0x587C0000 0x787C0000 0x00010000 4
[2022-12-19 20:37:31] INFO     mem_cmp 0x58FC0000 0x78FC0000 0x00010000 4
[2022-12-19 20:37:38] INFO     mem_cmp 0x597C0000 0x797C0000 0x00010000 4
[2022-12-19 20:37:44] INFO     mem_cmp 0x59FC0000 0x79FC0000 0x00010000 4
[2022-12-19 20:37:51] INFO     mem_cmp 0x5A7C0000 0x7A7C0000 0x00010000 4
[2022-12-19 20:37:58] INFO     mem_cmp 0x5AFC0000 0x7AFC0000 0x00010000 4
[2022-12-19 20:38:04] INFO     mem_cmp 0x5B7C0000 0x7B7C0000 0x00010000 4
[2022-12-19 20:38:11] INFO     mem_cmp 0x5BFC0000 0x7BFC0000 0x00010000 4
[2022-12-19 20:38:17] INFO     mem_cmp 0x5C7C0000 0x7C7C0000 0x00010000 4
[2022-12-19 20:38:24] INFO     mem_cmp 0x5CFC0000 0x7CFC0000 0x00010000 4
[2022-12-19 20:38:31] INFO     mem_cmp 0x5D7C0000 0x7D7C0000 0x00010000 4
[2022-12-19 20:38:38] INFO     mem_cmp 0x5DFC0000 0x7DFC0000 0x00010000 4
[2022-12-19 20:38:44] INFO     mem_cmp 0x5E7C0000 0x7E7C0000 0x00010000 4
[2022-12-19 20:38:51] INFO     mem_cmp 0x5EFC0000 0x7EFC0000 0x00010000 4
[2022-12-19 20:38:58] INFO     mem_cmp 0x5F7C0000 0x7F7C0000 0x00010000 4
[2022-12-19 20:39:05] INFO     mem_cmp 0x5FFC0000 0x7FFC0000 0x00010000 4
[2022-12-19 20:39:05] INFO     STATE:Mem Compare State
[2022-12-19 20:39:11] INFO     mem_cmp 0x407C0000 0x607C0000 0x00010000 4
[2022-12-19 20:39:18] INFO     mem_cmp 0x40FC0000 0x60FC0000 0x00010000 4
[2022-12-19 20:39:24] INFO     mem_cmp 0x417C0000 0x617C0000 0x00010000 4
[2022-12-19 20:39:31] INFO     mem_cmp 0x41FC0000 0x61FC0000 0x00010000 4
[2022-12-19 20:39:38] INFO     mem_cmp 0x427C0000 0x627C0000 0x00010000 4
[2022-12-19 20:39:44] INFO     mem_cmp 0x42FC0000 0x62FC0000 0x00010000 4
[2022-12-19 20:39:51] INFO     mem_cmp 0x437C0000 0x637C0000 0x00010000 4
[2022-12-19 20:39:57] INFO     mem_cmp 0x43FC0000 0x63FC0000 0x00010000 4
[2022-12-19 20:40:04] INFO     mem_cmp 0x447C0000 0x647C0000 0x00010000 4
[2022-12-19 20:40:11] INFO     mem_cmp 0x44FC0000 0x64FC0000 0x00010000 4
[2022-12-19 20:40:18] INFO     mem_cmp 0x457C0000 0x657C0000 0x00010000 4
[2022-12-19 20:40:24] INFO     mem_cmp 0x45FC0000 0x65FC0000 0x00010000 4
[2022-12-19 20:40:31] INFO     mem_cmp 0x467C0000 0x667C0000 0x00010000 4
[2022-12-19 20:40:38] INFO     mem_cmp 0x46FC0000 0x66FC0000 0x00010000 4
[2022-12-19 20:40:44] INFO     mem_cmp 0x477C0000 0x677C0000 0x00010000 4
[2022-12-19 20:40:51] INFO     mem_cmp 0x47FC0000 0x67FC0000 0x00010000 4
[2022-12-19 20:40:57] INFO     mem_cmp 0x487C0000 0x687C0000 0x00010000 4
[2022-12-19 20:41:04] INFO     mem_cmp 0x48FC0000 0x68FC0000 0x00010000 4
[2022-12-19 20:41:11] INFO     mem_cmp 0x497C0000 0x697C0000 0x00010000 4
[2022-12-19 20:41:17] INFO     mem_cmp 0x49FC0000 0x69FC0000 0x00010000 4
[2022-12-19 20:41:24] INFO     mem_cmp 0x4A7C0000 0x6A7C0000 0x00010000 4
[2022-12-19 20:41:31] INFO     mem_cmp 0x4AFC0000 0x6AFC0000 0x00010000 4
[2022-12-19 20:41:37] INFO     mem_cmp 0x4B7C0000 0x6B7C0000 0x00010000 4
[2022-12-19 20:41:44] INFO     mem_cmp 0x4BFC0000 0x6BFC0000 0x00010000 4
[2022-12-19 20:41:51] INFO     mem_cmp 0x4C7C0000 0x6C7C0000 0x00010000 4
[2022-12-19 20:41:57] INFO     mem_cmp 0x4CFC0000 0x6CFC0000 0x00010000 4
[2022-12-19 20:42:04] INFO     mem_cmp 0x4D7C0000 0x6D7C0000 0x00010000 4
[2022-12-19 20:42:10] INFO     mem_cmp 0x4DFC0000 0x6DFC0000 0x00010000 4
[2022-12-19 20:42:16] INFO     mem_cmp 0x4E7C0000 0x6E7C0000 0x00010000 4
[2022-12-19 20:42:23] INFO     mem_cmp 0x4EFC0000 0x6EFC0000 0x00010000 4
[2022-12-19 20:42:30] INFO     mem_cmp 0x4F7C0000 0x6F7C0000 0x00010000 4
[2022-12-19 20:42:36] INFO     mem_cmp 0x4FFC0000 0x6FFC0000 0x00010000 4
[2022-12-19 20:42:43] INFO     mem_cmp 0x507C0000 0x707C0000 0x00010000 4
[2022-12-19 20:42:50] INFO     mem_cmp 0x50FC0000 0x70FC0000 0x00010000 4
[2022-12-19 20:42:57] INFO     mem_cmp 0x517C0000 0x717C0000 0x00010000 4
[2022-12-19 20:43:03] INFO     mem_cmp 0x51FC0000 0x71FC0000 0x00010000 4
[2022-12-19 20:43:10] INFO     mem_cmp 0x527C0000 0x727C0000 0x00010000 4
[2022-12-19 20:43:16] INFO     mem_cmp 0x52FC0000 0x72FC0000 0x00010000 4
[2022-12-19 20:43:23] INFO     mem_cmp 0x537C0000 0x737C0000 0x00010000 4
[2022-12-19 20:43:29] INFO     mem_cmp 0x53FC0000 0x73FC0000 0x00010000 4
[2022-12-19 20:43:36] INFO     mem_cmp 0x547C0000 0x747C0000 0x00010000 4
[2022-12-19 20:43:42] INFO     mem_cmp 0x54FC0000 0x74FC0000 0x00010000 4
[2022-12-19 20:43:49] INFO     mem_cmp 0x557C0000 0x757C0000 0x00010000 4
[2022-12-19 20:43:56] INFO     mem_cmp 0x55FC0000 0x75FC0000 0x00010000 4
[2022-12-19 20:44:03] INFO     mem_cmp 0x567C0000 0x767C0000 0x00010000 4
[2022-12-19 20:44:09] INFO     mem_cmp 0x56FC0000 0x76FC0000 0x00010000 4
[2022-12-19 20:44:16] INFO     mem_cmp 0x577C0000 0x777C0000 0x00010000 4
[2022-12-19 20:44:23] INFO     mem_cmp 0x57FC0000 0x77FC0000 0x00010000 4
[2022-12-19 20:44:29] INFO     mem_cmp 0x587C0000 0x787C0000 0x00010000 4
[2022-12-19 20:44:36] INFO     mem_cmp 0x58FC0000 0x78FC0000 0x00010000 4
[2022-12-19 20:44:42] INFO     mem_cmp 0x597C0000 0x797C0000 0x00010000 4
[2022-12-19 20:44:49] INFO     mem_cmp 0x59FC0000 0x79FC0000 0x00010000 4
[2022-12-19 20:44:55] INFO     mem_cmp 0x5A7C0000 0x7A7C0000 0x00010000 4
[2022-12-19 20:45:02] INFO     mem_cmp 0x5AFC0000 0x7AFC0000 0x00010000 4
[2022-12-19 20:45:09] INFO     mem_cmp 0x5B7C0000 0x7B7C0000 0x00010000 4
[2022-12-19 20:45:15] INFO     mem_cmp 0x5BFC0000 0x7BFC0000 0x00010000 4
[2022-12-19 20:45:22] INFO     mem_cmp 0x5C7C0000 0x7C7C0000 0x00010000 4
[2022-12-19 20:45:28] INFO     mem_cmp 0x5CFC0000 0x7CFC0000 0x00010000 4
[2022-12-19 20:45:35] INFO     mem_cmp 0x5D7C0000 0x7D7C0000 0x00010000 4
[2022-12-19 20:45:41] INFO     mem_cmp 0x5DFC0000 0x7DFC0000 0x00010000 4
[2022-12-19 20:45:48] INFO     mem_cmp 0x5E7C0000 0x7E7C0000 0x00010000 4
[2022-12-19 20:45:55] INFO     mem_cmp 0x5EFC0000 0x7EFC0000 0x00010000 4
[2022-12-19 20:46:01] INFO     mem_cmp 0x5F7C0000 0x7F7C0000 0x00010000 4
[2022-12-19 20:46:08] INFO     mem_cmp 0x5FFC0000 0x7FFC0000 0x00010000 4
[2022-12-19 20:46:08] INFO     STATE:Mem Compare State
[2022-12-19 20:46:14] INFO     mem_cmp 0x407C0000 0x607C0000 0x00010000 4
[2022-12-19 20:46:21] INFO     mem_cmp 0x40FC0000 0x60FC0000 0x00010000 4
[2022-12-19 20:46:27] INFO     mem_cmp 0x417C0000 0x617C0000 0x00010000 4
[2022-12-19 20:46:34] INFO     mem_cmp 0x41FC0000 0x61FC0000 0x00010000 4
[2022-12-19 20:46:40] INFO     mem_cmp 0x427C0000 0x627C0000 0x00010000 4
[2022-12-19 20:46:47] INFO     mem_cmp 0x42FC0000 0x62FC0000 0x00010000 4
[2022-12-19 20:46:54] INFO     mem_cmp 0x437C0000 0x637C0000 0x00010000 4
[2022-12-19 20:47:00] INFO     mem_cmp 0x43FC0000 0x63FC0000 0x00010000 4
[2022-12-19 20:47:07] INFO     mem_cmp 0x447C0000 0x647C0000 0x00010000 4
[2022-12-19 20:47:14] INFO     mem_cmp 0x44FC0000 0x64FC0000 0x00010000 4
[2022-12-19 20:47:20] INFO     mem_cmp 0x457C0000 0x657C0000 0x00010000 4
[2022-12-19 20:47:27] INFO     mem_cmp 0x45FC0000 0x65FC0000 0x00010000 4
[2022-12-19 20:47:34] INFO     mem_cmp 0x467C0000 0x667C0000 0x00010000 4
[2022-12-19 20:47:40] INFO     mem_cmp 0x46FC0000 0x66FC0000 0x00010000 4
[2022-12-19 20:47:47] INFO     mem_cmp 0x477C0000 0x677C0000 0x00010000 4
[2022-12-19 20:47:53] INFO     mem_cmp 0x47FC0000 0x67FC0000 0x00010000 4
[2022-12-19 20:48:00] INFO     mem_cmp 0x487C0000 0x687C0000 0x00010000 4
[2022-12-19 20:48:07] INFO     mem_cmp 0x48FC0000 0x68FC0000 0x00010000 4
[2022-12-19 20:48:13] INFO     mem_cmp 0x497C0000 0x697C0000 0x00010000 4
[2022-12-19 20:48:20] INFO     mem_cmp 0x49FC0000 0x69FC0000 0x00010000 4
[2022-12-19 20:48:27] INFO     mem_cmp 0x4A7C0000 0x6A7C0000 0x00010000 4
[2022-12-19 20:48:33] INFO     mem_cmp 0x4AFC0000 0x6AFC0000 0x00010000 4
[2022-12-19 20:48:40] INFO     mem_cmp 0x4B7C0000 0x6B7C0000 0x00010000 4
[2022-12-19 20:48:47] INFO     mem_cmp 0x4BFC0000 0x6BFC0000 0x00010000 4
[2022-12-19 20:48:54] INFO     mem_cmp 0x4C7C0000 0x6C7C0000 0x00010000 4
[2022-12-19 20:49:00] INFO     mem_cmp 0x4CFC0000 0x6CFC0000 0x00010000 4
[2022-12-19 20:49:07] INFO     mem_cmp 0x4D7C0000 0x6D7C0000 0x00010000 4
[2022-12-19 20:49:13] INFO     mem_cmp 0x4DFC0000 0x6DFC0000 0x00010000 4
[2022-12-19 20:49:20] INFO     mem_cmp 0x4E7C0000 0x6E7C0000 0x00010000 4
[2022-12-19 20:49:27] INFO     mem_cmp 0x4EFC0000 0x6EFC0000 0x00010000 4
[2022-12-19 20:49:34] INFO     mem_cmp 0x4F7C0000 0x6F7C0000 0x00010000 4
[2022-12-19 20:49:40] INFO     mem_cmp 0x4FFC0000 0x6FFC0000 0x00010000 4
[2022-12-19 20:49:47] INFO     mem_cmp 0x507C0000 0x707C0000 0x00010000 4
[2022-12-19 20:49:54] INFO     mem_cmp 0x50FC0000 0x70FC0000 0x00010000 4
[2022-12-19 20:50:00] INFO     mem_cmp 0x517C0000 0x717C0000 0x00010000 4
[2022-12-19 20:50:07] INFO     mem_cmp 0x51FC0000 0x71FC0000 0x00010000 4
[2022-12-19 20:50:14] INFO     mem_cmp 0x527C0000 0x727C0000 0x00010000 4
[2022-12-19 20:50:21] INFO     mem_cmp 0x52FC0000 0x72FC0000 0x00010000 4
[2022-12-19 20:50:28] INFO     mem_cmp 0x537C0000 0x737C0000 0x00010000 4
[2022-12-19 20:50:34] INFO     mem_cmp 0x53FC0000 0x73FC0000 0x00010000 4
[2022-12-19 20:50:41] INFO     mem_cmp 0x547C0000 0x747C0000 0x00010000 4
[2022-12-19 20:50:48] INFO     mem_cmp 0x54FC0000 0x74FC0000 0x00010000 4
[2022-12-19 20:50:54] INFO     mem_cmp 0x557C0000 0x757C0000 0x00010000 4
[2022-12-19 20:51:01] INFO     mem_cmp 0x55FC0000 0x75FC0000 0x00010000 4
[2022-12-19 20:51:07] INFO     mem_cmp 0x567C0000 0x767C0000 0x00010000 4
[2022-12-19 20:51:14] INFO     mem_cmp 0x56FC0000 0x76FC0000 0x00010000 4
[2022-12-19 20:51:21] INFO     mem_cmp 0x577C0000 0x777C0000 0x00010000 4
[2022-12-19 20:51:28] INFO     mem_cmp 0x57FC0000 0x77FC0000 0x00010000 4
[2022-12-19 20:51:34] INFO     mem_cmp 0x587C0000 0x787C0000 0x00010000 4
[2022-12-19 20:51:41] INFO     mem_cmp 0x58FC0000 0x78FC0000 0x00010000 4
[2022-12-19 20:51:48] INFO     mem_cmp 0x597C0000 0x797C0000 0x00010000 4
[2022-12-19 20:51:54] INFO     mem_cmp 0x59FC0000 0x79FC0000 0x00010000 4
[2022-12-19 20:52:01] INFO     mem_cmp 0x5A7C0000 0x7A7C0000 0x00010000 4
[2022-12-19 20:52:08] INFO     mem_cmp 0x5AFC0000 0x7AFC0000 0x00010000 4
[2022-12-19 20:52:14] INFO     mem_cmp 0x5B7C0000 0x7B7C0000 0x00010000 4
[2022-12-19 20:52:21] INFO     mem_cmp 0x5BFC0000 0x7BFC0000 0x00010000 4
[2022-12-19 20:52:28] INFO     mem_cmp 0x5C7C0000 0x7C7C0000 0x00010000 4
[2022-12-19 20:52:34] INFO     mem_cmp 0x5CFC0000 0x7CFC0000 0x00010000 4
[2022-12-19 20:52:41] INFO     mem_cmp 0x5D7C0000 0x7D7C0000 0x00010000 4
[2022-12-19 20:52:48] INFO     mem_cmp 0x5DFC0000 0x7DFC0000 0x00010000 4
[2022-12-19 20:52:54] INFO     mem_cmp 0x5E7C0000 0x7E7C0000 0x00010000 4
[2022-12-19 20:53:01] INFO     mem_cmp 0x5EFC0000 0x7EFC0000 0x00010000 4
[2022-12-19 20:53:08] INFO     mem_cmp 0x5F7C0000 0x7F7C0000 0x00010000 4
[2022-12-19 20:53:14] INFO     mem_cmp 0x5FFC0000 0x7FFC0000 0x00010000 4
[2022-12-19 20:53:14] INFO     STATE:Mem Compare State
[2022-12-19 20:53:21] INFO     mem_cmp 0x407C0000 0x607C0000 0x00010000 4
[2022-12-19 20:53:28] INFO     mem_cmp 0x40FC0000 0x60FC0000 0x00010000 4
[2022-12-19 20:53:34] INFO     mem_cmp 0x417C0000 0x617C0000 0x00010000 4
[2022-12-19 20:53:41] INFO     mem_cmp 0x41FC0000 0x61FC0000 0x00010000 4
[2022-12-19 20:53:48] INFO     mem_cmp 0x427C0000 0x627C0000 0x00010000 4
[2022-12-19 20:53:54] INFO     mem_cmp 0x42FC0000 0x62FC0000 0x00010000 4
[2022-12-19 20:54:01] INFO     mem_cmp 0x437C0000 0x637C0000 0x00010000 4
[2022-12-19 20:54:08] INFO     mem_cmp 0x43FC0000 0x63FC0000 0x00010000 4
[2022-12-19 20:54:14] INFO     mem_cmp 0x447C0000 0x647C0000 0x00010000 4
[2022-12-19 20:54:21] INFO     mem_cmp 0x44FC0000 0x64FC0000 0x00010000 4
[2022-12-19 20:54:28] INFO     mem_cmp 0x457C0000 0x657C0000 0x00010000 4
[2022-12-19 20:54:35] INFO     mem_cmp 0x45FC0000 0x65FC0000 0x00010000 4
[2022-12-19 20:54:41] INFO     mem_cmp 0x467C0000 0x667C0000 0x00010000 4
[2022-12-19 20:54:48] INFO     mem_cmp 0x46FC0000 0x66FC0000 0x00010000 4
[2022-12-19 20:54:55] INFO     mem_cmp 0x477C0000 0x677C0000 0x00010000 4
[2022-12-19 20:55:01] INFO     mem_cmp 0x47FC0000 0x67FC0000 0x00010000 4
[2022-12-19 20:55:08] INFO     mem_cmp 0x487C0000 0x687C0000 0x00010000 4
[2022-12-19 20:55:14] INFO     mem_cmp 0x48FC0000 0x68FC0000 0x00010000 4
[2022-12-19 20:55:21] INFO     mem_cmp 0x497C0000 0x697C0000 0x00010000 4
[2022-12-19 20:55:28] INFO     mem_cmp 0x49FC0000 0x69FC0000 0x00010000 4
[2022-12-19 20:55:34] INFO     mem_cmp 0x4A7C0000 0x6A7C0000 0x00010000 4
[2022-12-19 20:55:41] INFO     mem_cmp 0x4AFC0000 0x6AFC0000 0x00010000 4
[2022-12-19 20:55:47] INFO     mem_cmp 0x4B7C0000 0x6B7C0000 0x00010000 4
[2022-12-19 20:55:54] INFO     mem_cmp 0x4BFC0000 0x6BFC0000 0x00010000 4
[2022-12-19 20:56:01] INFO     mem_cmp 0x4C7C0000 0x6C7C0000 0x00010000 4
[2022-12-19 20:56:07] INFO     mem_cmp 0x4CFC0000 0x6CFC0000 0x00010000 4
[2022-12-19 20:56:14] INFO     mem_cmp 0x4D7C0000 0x6D7C0000 0x00010000 4
[2022-12-19 20:56:20] INFO     mem_cmp 0x4DFC0000 0x6DFC0000 0x00010000 4
[2022-12-19 20:56:27] INFO     mem_cmp 0x4E7C0000 0x6E7C0000 0x00010000 4
[2022-12-19 20:56:34] INFO     mem_cmp 0x4EFC0000 0x6EFC0000 0x00010000 4
[2022-12-19 20:56:40] INFO     mem_cmp 0x4F7C0000 0x6F7C0000 0x00010000 4
[2022-12-19 20:56:47] INFO     mem_cmp 0x4FFC0000 0x6FFC0000 0x00010000 4
[2022-12-19 20:56:54] INFO     mem_cmp 0x507C0000 0x707C0000 0x00010000 4
[2022-12-19 20:57:00] INFO     mem_cmp 0x50FC0000 0x70FC0000 0x00010000 4
[2022-12-19 20:57:07] INFO     mem_cmp 0x517C0000 0x717C0000 0x00010000 4
[2022-12-19 20:57:13] INFO     mem_cmp 0x51FC0000 0x71FC0000 0x00010000 4
[2022-12-19 20:57:20] INFO     mem_cmp 0x527C0000 0x727C0000 0x00010000 4
[2022-12-19 20:57:27] INFO     mem_cmp 0x52FC0000 0x72FC0000 0x00010000 4
[2022-12-19 20:57:33] INFO     mem_cmp 0x537C0000 0x737C0000 0x00010000 4
[2022-12-19 20:57:40] INFO     mem_cmp 0x53FC0000 0x73FC0000 0x00010000 4
[2022-12-19 20:57:47] INFO     mem_cmp 0x547C0000 0x747C0000 0x00010000 4
[2022-12-19 20:57:53] INFO     mem_cmp 0x54FC0000 0x74FC0000 0x00010000 4
[2022-12-19 20:58:00] INFO     mem_cmp 0x557C0000 0x757C0000 0x00010000 4
[2022-12-19 20:58:06] INFO     mem_cmp 0x55FC0000 0x75FC0000 0x00010000 4
[2022-12-19 20:58:13] INFO     mem_cmp 0x567C0000 0x767C0000 0x00010000 4
[2022-12-19 20:58:20] INFO     mem_cmp 0x56FC0000 0x76FC0000 0x00010000 4
[2022-12-19 20:58:26] INFO     mem_cmp 0x577C0000 0x777C0000 0x00010000 4
[2022-12-19 20:58:33] INFO     mem_cmp 0x57FC0000 0x77FC0000 0x00010000 4
[2022-12-19 20:58:40] INFO     mem_cmp 0x587C0000 0x787C0000 0x00010000 4
[2022-12-19 20:58:47] INFO     mem_cmp 0x58FC0000 0x78FC0000 0x00010000 4
[2022-12-19 20:58:53] INFO     mem_cmp 0x597C0000 0x797C0000 0x00010000 4
[2022-12-19 20:59:00] INFO     mem_cmp 0x59FC0000 0x79FC0000 0x00010000 4
[2022-12-19 20:59:06] INFO     mem_cmp 0x5A7C0000 0x7A7C0000 0x00010000 4
[2022-12-19 20:59:13] INFO     mem_cmp 0x5AFC0000 0x7AFC0000 0x00010000 4
[2022-12-19 20:59:20] INFO     mem_cmp 0x5B7C0000 0x7B7C0000 0x00010000 4
[2022-12-19 20:59:27] INFO     mem_cmp 0x5BFC0000 0x7BFC0000 0x00010000 4
[2022-12-19 20:59:33] INFO     mem_cmp 0x5C7C0000 0x7C7C0000 0x00010000 4
[2022-12-19 20:59:40] INFO     mem_cmp 0x5CFC0000 0x7CFC0000 0x00010000 4
[2022-12-19 20:59:47] INFO     mem_cmp 0x5D7C0000 0x7D7C0000 0x00010000 4
[2022-12-19 20:59:54] INFO     mem_cmp 0x5DFC0000 0x7DFC0000 0x00010000 4
[2022-12-19 21:00:00] INFO     mem_cmp 0x5E7C0000 0x7E7C0000 0x00010000 4
[2022-12-19 21:00:07] INFO     mem_cmp 0x5EFC0000 0x7EFC0000 0x00010000 4
[2022-12-19 21:00:13] INFO     mem_cmp 0x5F7C0000 0x7F7C0000 0x00010000 4
[2022-12-19 21:00:20] INFO     mem_cmp 0x5FFC0000 0x7FFC0000 0x00010000 4
[2022-12-19 21:00:20] INFO     STATE:Mem Compare State
[2022-12-19 21:00:27] INFO     mem_cmp 0x407C0000 0x607C0000 0x00010000 4
[2022-12-19 21:00:34] INFO     mem_cmp 0x40FC0000 0x60FC0000 0x00010000 4
[2022-12-19 21:00:40] INFO     mem_cmp 0x417C0000 0x617C0000 0x00010000 4
[2022-12-19 21:00:47] INFO     mem_cmp 0x41FC0000 0x61FC0000 0x00010000 4
[2022-12-19 21:00:54] INFO     mem_cmp 0x427C0000 0x627C0000 0x00010000 4
[2022-12-19 21:01:00] INFO     mem_cmp 0x42FC0000 0x62FC0000 0x00010000 4
[2022-12-19 21:01:07] INFO     mem_cmp 0x437C0000 0x637C0000 0x00010000 4
[2022-12-19 21:01:13] INFO     mem_cmp 0x43FC0000 0x63FC0000 0x00010000 4
[2022-12-19 21:01:20] INFO     mem_cmp 0x447C0000 0x647C0000 0x00010000 4
[2022-12-19 21:01:27] INFO     mem_cmp 0x44FC0000 0x64FC0000 0x00010000 4
[2022-12-19 21:01:33] INFO     mem_cmp 0x457C0000 0x657C0000 0x00010000 4
[2022-12-19 21:01:40] INFO     mem_cmp 0x45FC0000 0x65FC0000 0x00010000 4
[2022-12-19 21:01:46] INFO     mem_cmp 0x467C0000 0x667C0000 0x00010000 4
[2022-12-19 21:01:53] INFO     mem_cmp 0x46FC0000 0x66FC0000 0x00010000 4
[2022-12-19 21:01:59] INFO     mem_cmp 0x477C0000 0x677C0000 0x00010000 4
[2022-12-19 21:02:06] INFO     mem_cmp 0x47FC0000 0x67FC0000 0x00010000 4
[2022-12-19 21:02:13] INFO     mem_cmp 0x487C0000 0x687C0000 0x00010000 4
[2022-12-19 21:02:20] INFO     mem_cmp 0x48FC0000 0x68FC0000 0x00010000 4
[2022-12-19 21:02:27] INFO     mem_cmp 0x497C0000 0x697C0000 0x00010000 4
[2022-12-19 21:02:33] INFO     mem_cmp 0x49FC0000 0x69FC0000 0x00010000 4
[2022-12-19 21:02:40] INFO     mem_cmp 0x4A7C0000 0x6A7C0000 0x00010000 4
[2022-12-19 21:02:47] INFO     mem_cmp 0x4AFC0000 0x6AFC0000 0x00010000 4
[2022-12-19 21:02:53] INFO     mem_cmp 0x4B7C0000 0x6B7C0000 0x00010000 4
[2022-12-19 21:03:00] INFO     mem_cmp 0x4BFC0000 0x6BFC0000 0x00010000 4
[2022-12-19 21:03:07] INFO     mem_cmp 0x4C7C0000 0x6C7C0000 0x00010000 4
[2022-12-19 21:03:13] INFO     mem_cmp 0x4CFC0000 0x6CFC0000 0x00010000 4
[2022-12-19 21:03:20] INFO     mem_cmp 0x4D7C0000 0x6D7C0000 0x00010000 4
[2022-12-19 21:03:26] INFO     mem_cmp 0x4DFC0000 0x6DFC0000 0x00010000 4
[2022-12-19 21:03:33] INFO     mem_cmp 0x4E7C0000 0x6E7C0000 0x00010000 4
[2022-12-19 21:03:39] INFO     mem_cmp 0x4EFC0000 0x6EFC0000 0x00010000 4
[2022-12-19 21:03:46] INFO     mem_cmp 0x4F7C0000 0x6F7C0000 0x00010000 4
[2022-12-19 21:03:53] INFO     mem_cmp 0x4FFC0000 0x6FFC0000 0x00010000 4
[2022-12-19 21:04:00] INFO     mem_cmp 0x507C0000 0x707C0000 0x00010000 4
[2022-12-19 21:04:06] INFO     mem_cmp 0x50FC0000 0x70FC0000 0x00010000 4
[2022-12-19 21:04:13] INFO     mem_cmp 0x517C0000 0x717C0000 0x00010000 4
[2022-12-19 21:04:20] INFO     mem_cmp 0x51FC0000 0x71FC0000 0x00010000 4
[2022-12-19 21:04:26] INFO     mem_cmp 0x527C0000 0x727C0000 0x00010000 4
[2022-12-19 21:04:33] INFO     mem_cmp 0x52FC0000 0x72FC0000 0x00010000 4
[2022-12-19 21:04:39] INFO     mem_cmp 0x537C0000 0x737C0000 0x00010000 4
[2022-12-19 21:04:46] INFO     mem_cmp 0x53FC0000 0x73FC0000 0x00010000 4
[2022-12-19 21:04:53] INFO     mem_cmp 0x547C0000 0x747C0000 0x00010000 4
[2022-12-19 21:04:59] INFO     mem_cmp 0x54FC0000 0x74FC0000 0x00010000 4
[2022-12-19 21:05:06] INFO     mem_cmp 0x557C0000 0x757C0000 0x00010000 4
[2022-12-19 21:05:12] INFO     mem_cmp 0x55FC0000 0x75FC0000 0x00010000 4
[2022-12-19 21:05:19] INFO     mem_cmp 0x567C0000 0x767C0000 0x00010000 4
[2022-12-19 21:05:26] INFO     mem_cmp 0x56FC0000 0x76FC0000 0x00010000 4
[2022-12-19 21:05:32] INFO     mem_cmp 0x577C0000 0x777C0000 0x00010000 4
[2022-12-19 21:05:39] INFO     mem_cmp 0x57FC0000 0x77FC0000 0x00010000 4
[2022-12-19 21:05:46] INFO     mem_cmp 0x587C0000 0x787C0000 0x00010000 4
[2022-12-19 21:05:52] INFO     mem_cmp 0x58FC0000 0x78FC0000 0x00010000 4
[2022-12-19 21:05:59] INFO     mem_cmp 0x597C0000 0x797C0000 0x00010000 4
[2022-12-19 21:06:06] INFO     mem_cmp 0x59FC0000 0x79FC0000 0x00010000 4
[2022-12-19 21:06:12] INFO     mem_cmp 0x5A7C0000 0x7A7C0000 0x00010000 4
[2022-12-19 21:06:19] INFO     mem_cmp 0x5AFC0000 0x7AFC0000 0x00010000 4
[2022-12-19 21:06:26] INFO     mem_cmp 0x5B7C0000 0x7B7C0000 0x00010000 4
[2022-12-19 21:06:32] INFO     mem_cmp 0x5BFC0000 0x7BFC0000 0x00010000 4
[2022-12-19 21:06:39] INFO     mem_cmp 0x5C7C0000 0x7C7C0000 0x00010000 4
[2022-12-19 21:06:46] INFO     mem_cmp 0x5CFC0000 0x7CFC0000 0x00010000 4
[2022-12-19 21:06:52] INFO     mem_cmp 0x5D7C0000 0x7D7C0000 0x00010000 4
[2022-12-19 21:06:59] INFO     mem_cmp 0x5DFC0000 0x7DFC0000 0x00010000 4
[2022-12-19 21:07:05] INFO     mem_cmp 0x5E7C0000 0x7E7C0000 0x00010000 4
[2022-12-19 21:07:12] INFO     mem_cmp 0x5EFC0000 0x7EFC0000 0x00010000 4
[2022-12-19 21:07:19] INFO     mem_cmp 0x5F7C0000 0x7F7C0000 0x00010000 4
[2022-12-19 21:07:25] INFO     mem_cmp 0x5FFC0000 0x7FFC0000 0x00010000 4
[2022-12-19 21:07:26] INFO     STATE:Mem Compare State
[2022-12-19 21:07:32] INFO     mem_cmp 0x407C0000 0x607C0000 0x00010000 4
[2022-12-19 21:07:39] INFO     mem_cmp 0x40FC0000 0x60FC0000 0x00010000 4
[2022-12-19 21:07:46] INFO     mem_cmp 0x417C0000 0x617C0000 0x00010000 4
[2022-12-19 21:07:52] INFO     mem_cmp 0x41FC0000 0x61FC0000 0x00010000 4
[2022-12-19 21:07:59] INFO     mem_cmp 0x427C0000 0x627C0000 0x00010000 4
[2022-12-19 21:08:05] INFO     mem_cmp 0x42FC0000 0x62FC0000 0x00010000 4
[2022-12-19 21:08:12] INFO     mem_cmp 0x437C0000 0x637C0000 0x00010000 4
[2022-12-19 21:08:18] INFO     mem_cmp 0x43FC0000 0x63FC0000 0x00010000 4
[2022-12-19 21:08:25] INFO     mem_cmp 0x447C0000 0x647C0000 0x00010000 4
[2022-12-19 21:08:32] INFO     mem_cmp 0x44FC0000 0x64FC0000 0x00010000 4
[2022-12-19 21:08:38] INFO     mem_cmp 0x457C0000 0x657C0000 0x00010000 4
[2022-12-19 21:08:45] INFO     mem_cmp 0x45FC0000 0x65FC0000 0x00010000 4
[2022-12-19 21:08:51] INFO     mem_cmp 0x467C0000 0x667C0000 0x00010000 4
[2022-12-19 21:08:58] INFO     mem_cmp 0x46FC0000 0x66FC0000 0x00010000 4
[2022-12-19 21:09:05] INFO     mem_cmp 0x477C0000 0x677C0000 0x00010000 4
[2022-12-19 21:09:11] INFO     mem_cmp 0x47FC0000 0x67FC0000 0x00010000 4
[2022-12-19 21:09:18] INFO     mem_cmp 0x487C0000 0x687C0000 0x00010000 4
[2022-12-19 21:09:24] INFO     mem_cmp 0x48FC0000 0x68FC0000 0x00010000 4
[2022-12-19 21:09:31] INFO     mem_cmp 0x497C0000 0x697C0000 0x00010000 4
[2022-12-19 21:09:38] INFO     mem_cmp 0x49FC0000 0x69FC0000 0x00010000 4
[2022-12-19 21:09:44] INFO     mem_cmp 0x4A7C0000 0x6A7C0000 0x00010000 4
[2022-12-19 21:09:51] INFO     mem_cmp 0x4AFC0000 0x6AFC0000 0x00010000 4
[2022-12-19 21:09:58] INFO     mem_cmp 0x4B7C0000 0x6B7C0000 0x00010000 4
[2022-12-19 21:10:04] INFO     mem_cmp 0x4BFC0000 0x6BFC0000 0x00010000 4
[2022-12-19 21:10:11] INFO     mem_cmp 0x4C7C0000 0x6C7C0000 0x00010000 4
[2022-12-19 21:10:18] INFO     mem_cmp 0x4CFC0000 0x6CFC0000 0x00010000 4
[2022-12-19 21:10:24] INFO     mem_cmp 0x4D7C0000 0x6D7C0000 0x00010000 4
[2022-12-19 21:10:31] INFO     mem_cmp 0x4DFC0000 0x6DFC0000 0x00010000 4
[2022-12-19 21:10:37] INFO     mem_cmp 0x4E7C0000 0x6E7C0000 0x00010000 4
[2022-12-19 21:10:44] INFO     mem_cmp 0x4EFC0000 0x6EFC0000 0x00010000 4
[2022-12-19 21:10:51] INFO     mem_cmp 0x4F7C0000 0x6F7C0000 0x00010000 4
[2022-12-19 21:10:57] INFO     mem_cmp 0x4FFC0000 0x6FFC0000 0x00010000 4
[2022-12-19 21:11:04] INFO     mem_cmp 0x507C0000 0x707C0000 0x00010000 4
[2022-12-19 21:11:10] INFO     mem_cmp 0x50FC0000 0x70FC0000 0x00010000 4
[2022-12-19 21:11:17] INFO     mem_cmp 0x517C0000 0x717C0000 0x00010000 4
[2022-12-19 21:11:23] INFO     mem_cmp 0x51FC0000 0x71FC0000 0x00010000 4
[2022-12-19 21:11:30] INFO     mem_cmp 0x527C0000 0x727C0000 0x00010000 4
[2022-12-19 21:11:36] INFO     mem_cmp 0x52FC0000 0x72FC0000 0x00010000 4
[2022-12-19 21:11:43] INFO     mem_cmp 0x537C0000 0x737C0000 0x00010000 4
[2022-12-19 21:11:50] INFO     mem_cmp 0x53FC0000 0x73FC0000 0x00010000 4
[2022-12-19 21:11:57] INFO     mem_cmp 0x547C0000 0x747C0000 0x00010000 4
[2022-12-19 21:12:03] INFO     mem_cmp 0x54FC0000 0x74FC0000 0x00010000 4
[2022-12-19 21:12:10] INFO     mem_cmp 0x557C0000 0x757C0000 0x00010000 4
[2022-12-19 21:12:17] INFO     mem_cmp 0x55FC0000 0x75FC0000 0x00010000 4
[2022-12-19 21:12:23] INFO     mem_cmp 0x567C0000 0x767C0000 0x00010000 4
[2022-12-19 21:12:30] INFO     mem_cmp 0x56FC0000 0x76FC0000 0x00010000 4
[2022-12-19 21:12:36] INFO     mem_cmp 0x577C0000 0x777C0000 0x00010000 4
[2022-12-19 21:12:43] INFO     mem_cmp 0x57FC0000 0x77FC0000 0x00010000 4
[2022-12-19 21:12:50] INFO     mem_cmp 0x587C0000 0x787C0000 0x00010000 4
[2022-12-19 21:12:57] INFO     mem_cmp 0x58FC0000 0x78FC0000 0x00010000 4
[2022-12-19 21:13:03] INFO     mem_cmp 0x597C0000 0x797C0000 0x00010000 4
[2022-12-19 21:13:10] INFO     mem_cmp 0x59FC0000 0x79FC0000 0x00010000 4
[2022-12-19 21:13:17] INFO     mem_cmp 0x5A7C0000 0x7A7C0000 0x00010000 4
[2022-12-19 21:13:23] INFO     mem_cmp 0x5AFC0000 0x7AFC0000 0x00010000 4
[2022-12-19 21:13:30] INFO     mem_cmp 0x5B7C0000 0x7B7C0000 0x00010000 4
[2022-12-19 21:13:36] INFO     mem_cmp 0x5BFC0000 0x7BFC0000 0x00010000 4
[2022-12-19 21:13:43] INFO     mem_cmp 0x5C7C0000 0x7C7C0000 0x00010000 4
[2022-12-19 21:13:50] INFO     mem_cmp 0x5CFC0000 0x7CFC0000 0x00010000 4
[2022-12-19 21:13:57] INFO     mem_cmp 0x5D7C0000 0x7D7C0000 0x00010000 4
[2022-12-19 21:14:03] INFO     mem_cmp 0x5DFC0000 0x7DFC0000 0x00010000 4
[2022-12-19 21:14:10] INFO     mem_cmp 0x5E7C0000 0x7E7C0000 0x00010000 4
[2022-12-19 21:14:16] INFO     mem_cmp 0x5EFC0000 0x7EFC0000 0x00010000 4
[2022-12-19 21:14:23] INFO     mem_cmp 0x5F7C0000 0x7F7C0000 0x00010000 4
[2022-12-19 21:14:30] INFO     mem_cmp 0x5FFC0000 0x7FFC0000 0x00010000 4
[2022-12-19 21:14:30] INFO     STATE:Mem Compare State
[2022-12-19 21:14:37] INFO     mem_cmp 0x407C0000 0x607C0000 0x00010000 4
[2022-12-19 21:14:43] INFO     mem_cmp 0x40FC0000 0x60FC0000 0x00010000 4
[2022-12-19 21:14:50] INFO     mem_cmp 0x417C0000 0x617C0000 0x00010000 4
[2022-12-19 21:14:56] INFO     mem_cmp 0x41FC0000 0x61FC0000 0x00010000 4
[2022-12-19 21:15:03] INFO     mem_cmp 0x427C0000 0x627C0000 0x00010000 4
[2022-12-19 21:15:09] INFO     mem_cmp 0x42FC0000 0x62FC0000 0x00010000 4
[2022-12-19 21:15:16] INFO     mem_cmp 0x437C0000 0x637C0000 0x00010000 4
[2022-12-19 21:15:23] INFO     mem_cmp 0x43FC0000 0x63FC0000 0x00010000 4
[2022-12-19 21:15:29] INFO     mem_cmp 0x447C0000 0x647C0000 0x00010000 4
[2022-12-19 21:15:36] INFO     mem_cmp 0x44FC0000 0x64FC0000 0x00010000 4
[2022-12-19 21:15:43] INFO     mem_cmp 0x457C0000 0x657C0000 0x00010000 4
[2022-12-19 21:15:49] INFO     mem_cmp 0x45FC0000 0x65FC0000 0x00010000 4
[2022-12-19 21:15:56] INFO     mem_cmp 0x467C0000 0x667C0000 0x00010000 4
[2022-12-19 21:16:02] INFO     mem_cmp 0x46FC0000 0x66FC0000 0x00010000 4
[2022-12-19 21:16:09] INFO     mem_cmp 0x477C0000 0x677C0000 0x00010000 4
[2022-12-19 21:16:16] INFO     mem_cmp 0x47FC0000 0x67FC0000 0x00010000 4
[2022-12-19 21:16:23] INFO     mem_cmp 0x487C0000 0x687C0000 0x00010000 4
[2022-12-19 21:16:29] INFO     mem_cmp 0x48FC0000 0x68FC0000 0x00010000 4
[2022-12-19 21:16:36] INFO     mem_cmp 0x497C0000 0x697C0000 0x00010000 4
[2022-12-19 21:16:42] INFO     mem_cmp 0x49FC0000 0x69FC0000 0x00010000 4
[2022-12-19 21:16:49] INFO     mem_cmp 0x4A7C0000 0x6A7C0000 0x00010000 4
[2022-12-19 21:16:56] INFO     mem_cmp 0x4AFC0000 0x6AFC0000 0x00010000 4
[2022-12-19 21:17:02] INFO     mem_cmp 0x4B7C0000 0x6B7C0000 0x00010000 4
[2022-12-19 21:17:09] INFO     mem_cmp 0x4BFC0000 0x6BFC0000 0x00010000 4
[2022-12-19 21:17:16] INFO     mem_cmp 0x4C7C0000 0x6C7C0000 0x00010000 4
[2022-12-19 21:17:22] INFO     mem_cmp 0x4CFC0000 0x6CFC0000 0x00010000 4
[2022-12-19 21:17:29] INFO     mem_cmp 0x4D7C0000 0x6D7C0000 0x00010000 4
[2022-12-19 21:17:35] INFO     mem_cmp 0x4DFC0000 0x6DFC0000 0x00010000 4
[2022-12-19 21:17:42] INFO     mem_cmp 0x4E7C0000 0x6E7C0000 0x00010000 4
[2022-12-19 21:17:48] INFO     mem_cmp 0x4EFC0000 0x6EFC0000 0x00010000 4
[2022-12-19 21:17:55] INFO     mem_cmp 0x4F7C0000 0x6F7C0000 0x00010000 4
[2022-12-19 21:18:02] INFO     mem_cmp 0x4FFC0000 0x6FFC0000 0x00010000 4
[2022-12-19 21:18:08] INFO     mem_cmp 0x507C0000 0x707C0000 0x00010000 4
[2022-12-19 21:18:15] INFO     mem_cmp 0x50FC0000 0x70FC0000 0x00010000 4
[2022-12-19 21:18:21] INFO     mem_cmp 0x517C0000 0x717C0000 0x00010000 4
[2022-12-19 21:18:28] INFO     mem_cmp 0x51FC0000 0x71FC0000 0x00010000 4
[2022-12-19 21:18:35] INFO     mem_cmp 0x527C0000 0x727C0000 0x00010000 4
[2022-12-19 21:18:41] INFO     mem_cmp 0x52FC0000 0x72FC0000 0x00010000 4
[2022-12-19 21:18:48] INFO     mem_cmp 0x537C0000 0x737C0000 0x00010000 4
[2022-12-19 21:18:55] INFO     mem_cmp 0x53FC0000 0x73FC0000 0x00010000 4
[2022-12-19 21:19:02] INFO     mem_cmp 0x547C0000 0x747C0000 0x00010000 4
[2022-12-19 21:19:08] INFO     mem_cmp 0x54FC0000 0x74FC0000 0x00010000 4
[2022-12-19 21:19:15] INFO     mem_cmp 0x557C0000 0x757C0000 0x00010000 4
[2022-12-19 21:19:22] INFO     mem_cmp 0x55FC0000 0x75FC0000 0x00010000 4
[2022-12-19 21:19:29] INFO     mem_cmp 0x567C0000 0x767C0000 0x00010000 4
[2022-12-19 21:19:35] INFO     mem_cmp 0x56FC0000 0x76FC0000 0x00010000 4
[2022-12-19 21:19:42] INFO     mem_cmp 0x577C0000 0x777C0000 0x00010000 4
[2022-12-19 21:19:48] INFO     mem_cmp 0x57FC0000 0x77FC0000 0x00010000 4
[2022-12-19 21:19:55] INFO     mem_cmp 0x587C0000 0x787C0000 0x00010000 4
[2022-12-19 21:20:02] INFO     mem_cmp 0x58FC0000 0x78FC0000 0x00010000 4
[2022-12-19 21:20:08] INFO     mem_cmp 0x597C0000 0x797C0000 0x00010000 4
[2022-12-19 21:20:15] INFO     mem_cmp 0x59FC0000 0x79FC0000 0x00010000 4
[2022-12-19 21:20:22] INFO     mem_cmp 0x5A7C0000 0x7A7C0000 0x00010000 4
[2022-12-19 21:20:29] INFO     mem_cmp 0x5AFC0000 0x7AFC0000 0x00010000 4
[2022-12-19 21:20:35] INFO     mem_cmp 0x5B7C0000 0x7B7C0000 0x00010000 4
[2022-12-19 21:20:42] INFO     mem_cmp 0x5BFC0000 0x7BFC0000 0x00010000 4
[2022-12-19 21:20:49] INFO     mem_cmp 0x5C7C0000 0x7C7C0000 0x00010000 4
[2022-12-19 21:20:55] INFO     mem_cmp 0x5CFC0000 0x7CFC0000 0x00010000 4
[2022-12-19 21:21:02] INFO     mem_cmp 0x5D7C0000 0x7D7C0000 0x00010000 4
[2022-12-19 21:21:08] INFO     mem_cmp 0x5DFC0000 0x7DFC0000 0x00010000 4
[2022-12-19 21:21:15] INFO     mem_cmp 0x5E7C0000 0x7E7C0000 0x00010000 4
[2022-12-19 21:21:22] INFO     mem_cmp 0x5EFC0000 0x7EFC0000 0x00010000 4
[2022-12-19 21:21:29] INFO     mem_cmp 0x5F7C0000 0x7F7C0000 0x00010000 4
[2022-12-19 21:21:36] INFO     mem_cmp 0x5FFC0000 0x7FFC0000 0x00010000 4
[2022-12-19 21:21:36] INFO     STATE:Mem Compare State
[2022-12-19 21:21:42] INFO     mem_cmp 0x407C0000 0x607C0000 0x00010000 4
[2022-12-19 21:21:49] INFO     mem_cmp 0x40FC0000 0x60FC0000 0x00010000 4
[2022-12-19 21:21:55] INFO     mem_cmp 0x417C0000 0x617C0000 0x00010000 4
[2022-12-19 21:22:02] INFO     mem_cmp 0x41FC0000 0x61FC0000 0x00010000 4
[2022-12-19 21:22:09] INFO     mem_cmp 0x427C0000 0x627C0000 0x00010000 4
[2022-12-19 21:22:15] INFO     mem_cmp 0x42FC0000 0x62FC0000 0x00010000 4
[2022-12-19 21:22:22] INFO     mem_cmp 0x437C0000 0x637C0000 0x00010000 4
[2022-12-19 21:22:29] INFO     mem_cmp 0x43FC0000 0x63FC0000 0x00010000 4
[2022-12-19 21:22:36] INFO     mem_cmp 0x447C0000 0x647C0000 0x00010000 4
[2022-12-19 21:22:42] INFO     mem_cmp 0x44FC0000 0x64FC0000 0x00010000 4
[2022-12-19 21:22:49] INFO     mem_cmp 0x457C0000 0x657C0000 0x00010000 4
[2022-12-19 21:22:55] INFO     mem_cmp 0x45FC0000 0x65FC0000 0x00010000 4
[2022-12-19 21:23:02] INFO     mem_cmp 0x467C0000 0x667C0000 0x00010000 4
[2022-12-19 21:23:09] INFO     mem_cmp 0x46FC0000 0x66FC0000 0x00010000 4
[2022-12-19 21:23:16] INFO     mem_cmp 0x477C0000 0x677C0000 0x00010000 4
[2022-12-19 21:23:22] INFO     mem_cmp 0x47FC0000 0x67FC0000 0x00010000 4
[2022-12-19 21:23:29] INFO     mem_cmp 0x487C0000 0x687C0000 0x00010000 4
[2022-12-19 21:23:36] INFO     mem_cmp 0x48FC0000 0x68FC0000 0x00010000 4
[2022-12-19 21:23:43] INFO     mem_cmp 0x497C0000 0x697C0000 0x00010000 4
[2022-12-19 21:23:49] INFO     mem_cmp 0x49FC0000 0x69FC0000 0x00010000 4
[2022-12-19 21:23:56] INFO     mem_cmp 0x4A7C0000 0x6A7C0000 0x00010000 4
[2022-12-19 21:24:03] INFO     mem_cmp 0x4AFC0000 0x6AFC0000 0x00010000 4
[2022-12-19 21:24:09] INFO     mem_cmp 0x4B7C0000 0x6B7C0000 0x00010000 4
[2022-12-19 21:24:16] INFO     mem_cmp 0x4BFC0000 0x6BFC0000 0x00010000 4
[2022-12-19 21:24:23] INFO     mem_cmp 0x4C7C0000 0x6C7C0000 0x00010000 4
[2022-12-19 21:24:30] INFO     mem_cmp 0x4CFC0000 0x6CFC0000 0x00010000 4
[2022-12-19 21:24:36] INFO     mem_cmp 0x4D7C0000 0x6D7C0000 0x00010000 4
[2022-12-19 21:24:43] INFO     mem_cmp 0x4DFC0000 0x6DFC0000 0x00010000 4
[2022-12-19 21:24:50] INFO     mem_cmp 0x4E7C0000 0x6E7C0000 0x00010000 4
[2022-12-19 21:24:56] INFO     mem_cmp 0x4EFC0000 0x6EFC0000 0x00010000 4
[2022-12-19 21:25:03] INFO     mem_cmp 0x4F7C0000 0x6F7C0000 0x00010000 4
[2022-12-19 21:25:09] INFO     mem_cmp 0x4FFC0000 0x6FFC0000 0x00010000 4
[2022-12-19 21:25:16] INFO     mem_cmp 0x507C0000 0x707C0000 0x00010000 4
[2022-12-19 21:25:23] INFO     mem_cmp 0x50FC0000 0x70FC0000 0x00010000 4
[2022-12-19 21:25:30] INFO     mem_cmp 0x517C0000 0x717C0000 0x00010000 4
[2022-12-19 21:25:36] INFO     mem_cmp 0x51FC0000 0x71FC0000 0x00010000 4
[2022-12-19 21:25:43] INFO     mem_cmp 0x527C0000 0x727C0000 0x00010000 4
[2022-12-19 21:25:50] INFO     mem_cmp 0x52FC0000 0x72FC0000 0x00010000 4
[2022-12-19 21:25:57] INFO     mem_cmp 0x537C0000 0x737C0000 0x00010000 4
[2022-12-19 21:26:03] INFO     mem_cmp 0x53FC0000 0x73FC0000 0x00010000 4
[2022-12-19 21:26:10] INFO     mem_cmp 0x547C0000 0x747C0000 0x00010000 4
[2022-12-19 21:26:16] INFO     mem_cmp 0x54FC0000 0x74FC0000 0x00010000 4
[2022-12-19 21:26:23] INFO     mem_cmp 0x557C0000 0x757C0000 0x00010000 4
[2022-12-19 21:26:30] INFO     mem_cmp 0x55FC0000 0x75FC0000 0x00010000 4
[2022-12-19 21:26:37] INFO     mem_cmp 0x567C0000 0x767C0000 0x00010000 4
[2022-12-19 21:26:43] INFO     mem_cmp 0x56FC0000 0x76FC0000 0x00010000 4
[2022-12-19 21:26:50] INFO     mem_cmp 0x577C0000 0x777C0000 0x00010000 4
[2022-12-19 21:26:56] INFO     mem_cmp 0x57FC0000 0x77FC0000 0x00010000 4
[2022-12-19 21:27:03] INFO     mem_cmp 0x587C0000 0x787C0000 0x00010000 4
[2022-12-19 21:27:10] INFO     mem_cmp 0x58FC0000 0x78FC0000 0x00010000 4
[2022-12-19 21:27:17] INFO     mem_cmp 0x597C0000 0x797C0000 0x00010000 4
[2022-12-19 21:27:23] INFO     mem_cmp 0x59FC0000 0x79FC0000 0x00010000 4
[2022-12-19 21:27:30] INFO     mem_cmp 0x5A7C0000 0x7A7C0000 0x00010000 4
[2022-12-19 21:27:37] INFO     mem_cmp 0x5AFC0000 0x7AFC0000 0x00010000 4
[2022-12-19 21:27:43] INFO     mem_cmp 0x5B7C0000 0x7B7C0000 0x00010000 4
[2022-12-19 21:27:50] INFO     mem_cmp 0x5BFC0000 0x7BFC0000 0x00010000 4
[2022-12-19 21:27:56] INFO     mem_cmp 0x5C7C0000 0x7C7C0000 0x00010000 4
[2022-12-19 21:28:03] INFO     mem_cmp 0x5CFC0000 0x7CFC0000 0x00010000 4
[2022-12-19 21:28:10] INFO     mem_cmp 0x5D7C0000 0x7D7C0000 0x00010000 4
[2022-12-19 21:28:16] INFO     mem_cmp 0x5DFC0000 0x7DFC0000 0x00010000 4
[2022-12-19 21:28:23] INFO     mem_cmp 0x5E7C0000 0x7E7C0000 0x00010000 4
[2022-12-19 21:28:29] INFO     mem_cmp 0x5EFC0000 0x7EFC0000 0x00010000 4
[2022-12-19 21:28:36] INFO     mem_cmp 0x5F7C0000 0x7F7C0000 0x00010000 4
[2022-12-19 21:28:43] INFO     mem_cmp 0x5FFC0000 0x7FFC0000 0x00010000 4
[2022-12-19 21:28:43] INFO     STATE:Mem Compare State
[2022-12-19 21:28:49] INFO     mem_cmp 0x407C0000 0x607C0000 0x00010000 4
[2022-12-19 21:28:56] INFO     mem_cmp 0x40FC0000 0x60FC0000 0x00010000 4
[2022-12-19 21:29:03] INFO     mem_cmp 0x417C0000 0x617C0000 0x00010000 4
[2022-12-19 21:29:09] INFO     mem_cmp 0x41FC0000 0x61FC0000 0x00010000 4
[2022-12-19 21:29:16] INFO     mem_cmp 0x427C0000 0x627C0000 0x00010000 4
[2022-12-19 21:29:22] INFO     mem_cmp 0x42FC0000 0x62FC0000 0x00010000 4
[2022-12-19 21:29:29] INFO     mem_cmp 0x437C0000 0x637C0000 0x00010000 4
[2022-12-19 21:29:36] INFO     mem_cmp 0x43FC0000 0x63FC0000 0x00010000 4
[2022-12-19 21:29:42] INFO     mem_cmp 0x447C0000 0x647C0000 0x00010000 4
[2022-12-19 21:29:49] INFO     mem_cmp 0x44FC0000 0x64FC0000 0x00010000 4
[2022-12-19 21:29:56] INFO     mem_cmp 0x457C0000 0x657C0000 0x00010000 4
[2022-12-19 21:30:02] INFO     mem_cmp 0x45FC0000 0x65FC0000 0x00010000 4
[2022-12-19 21:30:09] INFO     mem_cmp 0x467C0000 0x667C0000 0x00010000 4
[2022-12-19 21:30:16] INFO     mem_cmp 0x46FC0000 0x66FC0000 0x00010000 4
[2022-12-19 21:30:22] INFO     mem_cmp 0x477C0000 0x677C0000 0x00010000 4
[2022-12-19 21:30:29] INFO     mem_cmp 0x47FC0000 0x67FC0000 0x00010000 4
[2022-12-19 21:30:36] INFO     mem_cmp 0x487C0000 0x687C0000 0x00010000 4
[2022-12-19 21:30:42] INFO     mem_cmp 0x48FC0000 0x68FC0000 0x00010000 4
[2022-12-19 21:30:49] INFO     mem_cmp 0x497C0000 0x697C0000 0x00010000 4
[2022-12-19 21:30:56] INFO     mem_cmp 0x49FC0000 0x69FC0000 0x00010000 4
[2022-12-19 21:31:03] INFO     mem_cmp 0x4A7C0000 0x6A7C0000 0x00010000 4
[2022-12-19 21:31:09] INFO     mem_cmp 0x4AFC0000 0x6AFC0000 0x00010000 4
[2022-12-19 21:31:16] INFO     mem_cmp 0x4B7C0000 0x6B7C0000 0x00010000 4
[2022-12-19 21:31:23] INFO     mem_cmp 0x4BFC0000 0x6BFC0000 0x00010000 4
[2022-12-19 21:31:29] INFO     mem_cmp 0x4C7C0000 0x6C7C0000 0x00010000 4
[2022-12-19 21:31:36] INFO     mem_cmp 0x4CFC0000 0x6CFC0000 0x00010000 4
[2022-12-19 21:31:43] INFO     mem_cmp 0x4D7C0000 0x6D7C0000 0x00010000 4
[2022-12-19 21:31:49] INFO     mem_cmp 0x4DFC0000 0x6DFC0000 0x00010000 4
[2022-12-19 21:31:56] INFO     mem_cmp 0x4E7C0000 0x6E7C0000 0x00010000 4
[2022-12-19 21:32:03] INFO     mem_cmp 0x4EFC0000 0x6EFC0000 0x00010000 4
[2022-12-19 21:32:09] INFO     mem_cmp 0x4F7C0000 0x6F7C0000 0x00010000 4
[2022-12-19 21:32:16] INFO     mem_cmp 0x4FFC0000 0x6FFC0000 0x00010000 4
[2022-12-19 21:32:23] INFO     mem_cmp 0x507C0000 0x707C0000 0x00010000 4
[2022-12-19 21:32:29] INFO     mem_cmp 0x50FC0000 0x70FC0000 0x00010000 4
[2022-12-19 21:32:36] INFO     mem_cmp 0x517C0000 0x717C0000 0x00010000 4
[2022-12-19 21:32:43] INFO     mem_cmp 0x51FC0000 0x71FC0000 0x00010000 4
[2022-12-19 21:32:49] INFO     mem_cmp 0x527C0000 0x727C0000 0x00010000 4
[2022-12-19 21:32:56] INFO     mem_cmp 0x52FC0000 0x72FC0000 0x00010000 4
[2022-12-19 21:33:02] INFO     mem_cmp 0x537C0000 0x737C0000 0x00010000 4
[2022-12-19 21:33:09] INFO     mem_cmp 0x53FC0000 0x73FC0000 0x00010000 4
[2022-12-19 21:33:16] INFO     mem_cmp 0x547C0000 0x747C0000 0x00010000 4
[2022-12-19 21:33:22] INFO     mem_cmp 0x54FC0000 0x74FC0000 0x00010000 4
[2022-12-19 21:33:29] INFO     mem_cmp 0x557C0000 0x757C0000 0x00010000 4
[2022-12-19 21:33:36] INFO     mem_cmp 0x55FC0000 0x75FC0000 0x00010000 4
[2022-12-19 21:33:42] INFO     mem_cmp 0x567C0000 0x767C0000 0x00010000 4
[2022-12-19 21:33:49] INFO     mem_cmp 0x56FC0000 0x76FC0000 0x00010000 4
[2022-12-19 21:33:56] INFO     mem_cmp 0x577C0000 0x777C0000 0x00010000 4
[2022-12-19 21:34:02] INFO     mem_cmp 0x57FC0000 0x77FC0000 0x00010000 4
[2022-12-19 21:34:08] INFO     mem_cmp 0x587C0000 0x787C0000 0x00010000 4
[2022-12-19 21:34:15] INFO     mem_cmp 0x58FC0000 0x78FC0000 0x00010000 4
[2022-12-19 21:34:22] INFO     mem_cmp 0x597C0000 0x797C0000 0x00010000 4
[2022-12-19 21:34:28] INFO     mem_cmp 0x59FC0000 0x79FC0000 0x00010000 4
[2022-12-19 21:34:35] INFO     mem_cmp 0x5A7C0000 0x7A7C0000 0x00010000 4
[2022-12-19 21:34:42] INFO     mem_cmp 0x5AFC0000 0x7AFC0000 0x00010000 4
[2022-12-19 21:34:48] INFO     mem_cmp 0x5B7C0000 0x7B7C0000 0x00010000 4
[2022-12-19 21:34:55] INFO     mem_cmp 0x5BFC0000 0x7BFC0000 0x00010000 4
[2022-12-19 21:35:02] INFO     mem_cmp 0x5C7C0000 0x7C7C0000 0x00010000 4
[2022-12-19 21:35:08] INFO     mem_cmp 0x5CFC0000 0x7CFC0000 0x00010000 4
[2022-12-19 21:35:15] INFO     mem_cmp 0x5D7C0000 0x7D7C0000 0x00010000 4
[2022-12-19 21:35:21] INFO     mem_cmp 0x5DFC0000 0x7DFC0000 0x00010000 4
[2022-12-19 21:35:28] INFO     mem_cmp 0x5E7C0000 0x7E7C0000 0x00010000 4
[2022-12-19 21:35:35] INFO     mem_cmp 0x5EFC0000 0x7EFC0000 0x00010000 4
[2022-12-19 21:35:41] INFO     mem_cmp 0x5F7C0000 0x7F7C0000 0x00010000 4
[2022-12-19 21:35:48] INFO     mem_cmp 0x5FFC0000 0x7FFC0000 0x00010000 4
[2022-12-19 21:35:48] INFO     STATE:Mem Compare State
[2022-12-19 21:35:54] INFO     mem_cmp 0x407C0000 0x607C0000 0x00010000 4
[2022-12-19 21:36:01] INFO     mem_cmp 0x40FC0000 0x60FC0000 0x00010000 4
[2022-12-19 21:36:08] INFO     mem_cmp 0x417C0000 0x617C0000 0x00010000 4
[2022-12-19 21:36:15] INFO     mem_cmp 0x41FC0000 0x61FC0000 0x00010000 4
[2022-12-19 21:36:21] INFO     mem_cmp 0x427C0000 0x627C0000 0x00010000 4
[2022-12-19 21:36:28] INFO     mem_cmp 0x42FC0000 0x62FC0000 0x00010000 4
[2022-12-19 21:36:34] INFO     mem_cmp 0x437C0000 0x637C0000 0x00010000 4
[2022-12-19 21:36:41] INFO     mem_cmp 0x43FC0000 0x63FC0000 0x00010000 4
[2022-12-19 21:36:48] INFO     mem_cmp 0x447C0000 0x647C0000 0x00010000 4
[2022-12-19 21:36:54] INFO     mem_cmp 0x44FC0000 0x64FC0000 0x00010000 4
[2022-12-19 21:37:01] INFO     mem_cmp 0x457C0000 0x657C0000 0x00010000 4
[2022-12-19 21:37:08] INFO     mem_cmp 0x45FC0000 0x65FC0000 0x00010000 4
[2022-12-19 21:37:15] INFO     mem_cmp 0x467C0000 0x667C0000 0x00010000 4
[2022-12-19 21:37:22] INFO     mem_cmp 0x46FC0000 0x66FC0000 0x00010000 4
[2022-12-19 21:37:28] INFO     mem_cmp 0x477C0000 0x677C0000 0x00010000 4
[2022-12-19 21:37:35] INFO     mem_cmp 0x47FC0000 0x67FC0000 0x00010000 4
[2022-12-19 21:37:41] INFO     mem_cmp 0x487C0000 0x687C0000 0x00010000 4
[2022-12-19 21:37:48] INFO     mem_cmp 0x48FC0000 0x68FC0000 0x00010000 4
[2022-12-19 21:37:54] INFO     mem_cmp 0x497C0000 0x697C0000 0x00010000 4
[2022-12-19 21:38:01] INFO     mem_cmp 0x49FC0000 0x69FC0000 0x00010000 4
[2022-12-19 21:38:08] INFO     mem_cmp 0x4A7C0000 0x6A7C0000 0x00010000 4
[2022-12-19 21:38:14] INFO     mem_cmp 0x4AFC0000 0x6AFC0000 0x00010000 4
[2022-12-19 21:38:21] INFO     mem_cmp 0x4B7C0000 0x6B7C0000 0x00010000 4
[2022-12-19 21:38:28] INFO     mem_cmp 0x4BFC0000 0x6BFC0000 0x00010000 4
[2022-12-19 21:38:35] INFO     mem_cmp 0x4C7C0000 0x6C7C0000 0x00010000 4
[2022-12-19 21:38:41] INFO     mem_cmp 0x4CFC0000 0x6CFC0000 0x00010000 4
[2022-12-19 21:38:47] INFO     mem_cmp 0x4D7C0000 0x6D7C0000 0x00010000 4
[2022-12-19 21:38:54] INFO     mem_cmp 0x4DFC0000 0x6DFC0000 0x00010000 4
[2022-12-19 21:39:00] INFO     mem_cmp 0x4E7C0000 0x6E7C0000 0x00010000 4
[2022-12-19 21:39:07] INFO     mem_cmp 0x4EFC0000 0x6EFC0000 0x00010000 4
[2022-12-19 21:39:14] INFO     mem_cmp 0x4F7C0000 0x6F7C0000 0x00010000 4
[2022-12-19 21:39:21] INFO     mem_cmp 0x4FFC0000 0x6FFC0000 0x00010000 4
[2022-12-19 21:39:27] INFO     mem_cmp 0x507C0000 0x707C0000 0x00010000 4
[2022-12-19 21:39:34] INFO     mem_cmp 0x50FC0000 0x70FC0000 0x00010000 4
[2022-12-19 21:39:41] INFO     mem_cmp 0x517C0000 0x717C0000 0x00010000 4
[2022-12-19 21:39:48] INFO     mem_cmp 0x51FC0000 0x71FC0000 0x00010000 4
[2022-12-19 21:39:54] INFO     mem_cmp 0x527C0000 0x727C0000 0x00010000 4
[2022-12-19 21:40:01] INFO     mem_cmp 0x52FC0000 0x72FC0000 0x00010000 4
[2022-12-19 21:40:07] INFO     mem_cmp 0x537C0000 0x737C0000 0x00010000 4
[2022-12-19 21:40:14] INFO     mem_cmp 0x53FC0000 0x73FC0000 0x00010000 4
[2022-12-19 21:40:21] INFO     mem_cmp 0x547C0000 0x747C0000 0x00010000 4
[2022-12-19 21:40:27] INFO     mem_cmp 0x54FC0000 0x74FC0000 0x00010000 4
[2022-12-19 21:40:34] INFO     mem_cmp 0x557C0000 0x757C0000 0x00010000 4
[2022-12-19 21:40:41] INFO     mem_cmp 0x55FC0000 0x75FC0000 0x00010000 4
[2022-12-19 21:40:47] INFO     mem_cmp 0x567C0000 0x767C0000 0x00010000 4
[2022-12-19 21:40:54] INFO     mem_cmp 0x56FC0000 0x76FC0000 0x00010000 4
[2022-12-19 21:41:01] INFO     mem_cmp 0x577C0000 0x777C0000 0x00010000 4
[2022-12-19 21:41:08] INFO     mem_cmp 0x57FC0000 0x77FC0000 0x00010000 4
[2022-12-19 21:41:14] INFO     mem_cmp 0x587C0000 0x787C0000 0x00010000 4
[2022-12-19 21:41:21] INFO     mem_cmp 0x58FC0000 0x78FC0000 0x00010000 4
[2022-12-19 21:41:27] INFO     mem_cmp 0x597C0000 0x797C0000 0x00010000 4
[2022-12-19 21:41:34] INFO     mem_cmp 0x59FC0000 0x79FC0000 0x00010000 4
[2022-12-19 21:41:41] INFO     mem_cmp 0x5A7C0000 0x7A7C0000 0x00010000 4
[2022-12-19 21:41:48] INFO     mem_cmp 0x5AFC0000 0x7AFC0000 0x00010000 4
[2022-12-19 21:41:54] INFO     mem_cmp 0x5B7C0000 0x7B7C0000 0x00010000 4
[2022-12-19 21:42:01] INFO     mem_cmp 0x5BFC0000 0x7BFC0000 0x00010000 4
[2022-12-19 21:42:08] INFO     mem_cmp 0x5C7C0000 0x7C7C0000 0x00010000 4
[2022-12-19 21:42:14] INFO     mem_cmp 0x5CFC0000 0x7CFC0000 0x00010000 4
[2022-12-19 21:42:21] INFO     mem_cmp 0x5D7C0000 0x7D7C0000 0x00010000 4
[2022-12-19 21:42:28] INFO     mem_cmp 0x5DFC0000 0x7DFC0000 0x00010000 4
[2022-12-19 21:42:34] INFO     mem_cmp 0x5E7C0000 0x7E7C0000 0x00010000 4
[2022-12-19 21:42:41] INFO     mem_cmp 0x5EFC0000 0x7EFC0000 0x00010000 4
[2022-12-19 21:42:47] INFO     mem_cmp 0x5F7C0000 0x7F7C0000 0x00010000 4
[2022-12-19 21:42:54] INFO     mem_cmp 0x5FFC0000 0x7FFC0000 0x00010000 4
[2022-12-19 21:42:54] INFO     STATE:Mem Compare State
[2022-12-19 21:43:01] INFO     mem_cmp 0x407C0000 0x607C0000 0x00010000 4
[2022-12-19 21:43:07] INFO     mem_cmp 0x40FC0000 0x60FC0000 0x00010000 4
[2022-12-19 21:43:14] INFO     mem_cmp 0x417C0000 0x617C0000 0x00010000 4
[2022-12-19 21:43:20] INFO     mem_cmp 0x41FC0000 0x61FC0000 0x00010000 4
[2022-12-19 21:43:27] INFO     mem_cmp 0x427C0000 0x627C0000 0x00010000 4
[2022-12-19 21:43:34] INFO     mem_cmp 0x42FC0000 0x62FC0000 0x00010000 4
[2022-12-19 21:43:41] INFO     mem_cmp 0x437C0000 0x637C0000 0x00010000 4
[2022-12-19 21:43:47] INFO     mem_cmp 0x43FC0000 0x63FC0000 0x00010000 4
[2022-12-19 21:43:54] INFO     mem_cmp 0x447C0000 0x647C0000 0x00010000 4
[2022-12-19 21:44:01] INFO     mem_cmp 0x44FC0000 0x64FC0000 0x00010000 4
[2022-12-19 21:44:07] INFO     mem_cmp 0x457C0000 0x657C0000 0x00010000 4
[2022-12-19 21:44:14] INFO     mem_cmp 0x45FC0000 0x65FC0000 0x00010000 4
[2022-12-19 21:44:20] INFO     mem_cmp 0x467C0000 0x667C0000 0x00010000 4
[2022-12-19 21:44:27] INFO     mem_cmp 0x46FC0000 0x66FC0000 0x00010000 4
[2022-12-19 21:44:33] INFO     mem_cmp 0x477C0000 0x677C0000 0x00010000 4
[2022-12-19 21:44:40] INFO     mem_cmp 0x47FC0000 0x67FC0000 0x00010000 4
[2022-12-19 21:44:47] INFO     mem_cmp 0x487C0000 0x687C0000 0x00010000 4
[2022-12-19 21:44:54] INFO     mem_cmp 0x48FC0000 0x68FC0000 0x00010000 4
[2022-12-19 21:45:00] INFO     mem_cmp 0x497C0000 0x697C0000 0x00010000 4
[2022-12-19 21:45:07] INFO     mem_cmp 0x49FC0000 0x69FC0000 0x00010000 4
[2022-12-19 21:45:14] INFO     mem_cmp 0x4A7C0000 0x6A7C0000 0x00010000 4
[2022-12-19 21:45:21] INFO     mem_cmp 0x4AFC0000 0x6AFC0000 0x00010000 4
[2022-12-19 21:45:27] INFO     mem_cmp 0x4B7C0000 0x6B7C0000 0x00010000 4
[2022-12-19 21:45:34] INFO     mem_cmp 0x4BFC0000 0x6BFC0000 0x00010000 4
[2022-12-19 21:45:40] INFO     mem_cmp 0x4C7C0000 0x6C7C0000 0x00010000 4
[2022-12-19 21:45:47] INFO     mem_cmp 0x4CFC0000 0x6CFC0000 0x00010000 4
[2022-12-19 21:45:54] INFO     mem_cmp 0x4D7C0000 0x6D7C0000 0x00010000 4
[2022-12-19 21:46:01] INFO     mem_cmp 0x4DFC0000 0x6DFC0000 0x00010000 4
[2022-12-19 21:46:07] INFO     mem_cmp 0x4E7C0000 0x6E7C0000 0x00010000 4
[2022-12-19 21:46:14] INFO     mem_cmp 0x4EFC0000 0x6EFC0000 0x00010000 4
[2022-12-19 21:46:21] INFO     mem_cmp 0x4F7C0000 0x6F7C0000 0x00010000 4
[2022-12-19 21:46:27] INFO     mem_cmp 0x4FFC0000 0x6FFC0000 0x00010000 4
[2022-12-19 21:46:34] INFO     mem_cmp 0x507C0000 0x707C0000 0x00010000 4
[2022-12-19 21:46:40] INFO     mem_cmp 0x50FC0000 0x70FC0000 0x00010000 4
[2022-12-19 21:46:47] INFO     mem_cmp 0x517C0000 0x717C0000 0x00010000 4
[2022-12-19 21:46:54] INFO     mem_cmp 0x51FC0000 0x71FC0000 0x00010000 4
[2022-12-19 21:47:00] INFO     mem_cmp 0x527C0000 0x727C0000 0x00010000 4
[2022-12-19 21:47:07] INFO     mem_cmp 0x52FC0000 0x72FC0000 0x00010000 4
[2022-12-19 21:47:14] INFO     mem_cmp 0x537C0000 0x737C0000 0x00010000 4
[2022-12-19 21:47:21] INFO     mem_cmp 0x53FC0000 0x73FC0000 0x00010000 4
[2022-12-19 21:47:27] INFO     mem_cmp 0x547C0000 0x747C0000 0x00010000 4
[2022-12-19 21:47:34] INFO     mem_cmp 0x54FC0000 0x74FC0000 0x00010000 4
[2022-12-19 21:47:40] INFO     mem_cmp 0x557C0000 0x757C0000 0x00010000 4
[2022-12-19 21:47:47] INFO     mem_cmp 0x55FC0000 0x75FC0000 0x00010000 4
[2022-12-19 21:47:54] INFO     mem_cmp 0x567C0000 0x767C0000 0x00010000 4
[2022-12-19 21:48:01] INFO     mem_cmp 0x56FC0000 0x76FC0000 0x00010000 4
[2022-12-19 21:48:07] INFO     mem_cmp 0x577C0000 0x777C0000 0x00010000 4
[2022-12-19 21:48:14] INFO     mem_cmp 0x57FC0000 0x77FC0000 0x00010000 4
[2022-12-19 21:48:20] INFO     mem_cmp 0x587C0000 0x787C0000 0x00010000 4
[2022-12-19 21:48:27] INFO     mem_cmp 0x58FC0000 0x78FC0000 0x00010000 4
[2022-12-19 21:48:33] INFO     mem_cmp 0x597C0000 0x797C0000 0x00010000 4
[2022-12-19 21:48:40] INFO     mem_cmp 0x59FC0000 0x79FC0000 0x00010000 4
[2022-12-19 21:48:47] INFO     mem_cmp 0x5A7C0000 0x7A7C0000 0x00010000 4
[2022-12-19 21:48:53] INFO     mem_cmp 0x5AFC0000 0x7AFC0000 0x00010000 4
[2022-12-19 21:49:00] INFO     mem_cmp 0x5B7C0000 0x7B7C0000 0x00010000 4
[2022-12-19 21:49:07] INFO     mem_cmp 0x5BFC0000 0x7BFC0000 0x00010000 4
[2022-12-19 21:49:14] INFO     mem_cmp 0x5C7C0000 0x7C7C0000 0x00010000 4
[2022-12-19 21:49:20] INFO     mem_cmp 0x5CFC0000 0x7CFC0000 0x00010000 4
[2022-12-19 21:49:27] INFO     mem_cmp 0x5D7C0000 0x7D7C0000 0x00010000 4
[2022-12-19 21:49:34] INFO     mem_cmp 0x5DFC0000 0x7DFC0000 0x00010000 4
[2022-12-19 21:49:40] INFO     mem_cmp 0x5E7C0000 0x7E7C0000 0x00010000 4
[2022-12-19 21:49:47] INFO     mem_cmp 0x5EFC0000 0x7EFC0000 0x00010000 4
[2022-12-19 21:49:54] INFO     mem_cmp 0x5F7C0000 0x7F7C0000 0x00010000 4
[2022-12-19 21:50:00] INFO     mem_cmp 0x5FFC0000 0x7FFC0000 0x00010000 4
[2022-12-19 21:50:00] INFO     STATE:Mem Compare State
[2022-12-19 21:50:07] INFO     mem_cmp 0x407C0000 0x607C0000 0x00010000 4
[2022-12-19 21:50:13] INFO     mem_cmp 0x40FC0000 0x60FC0000 0x00010000 4
[2022-12-19 21:50:20] INFO     mem_cmp 0x417C0000 0x617C0000 0x00010000 4
[2022-12-19 21:50:27] INFO     mem_cmp 0x41FC0000 0x61FC0000 0x00010000 4
[2022-12-19 21:50:33] INFO     mem_cmp 0x427C0000 0x627C0000 0x00010000 4
[2022-12-19 21:50:40] INFO     mem_cmp 0x42FC0000 0x62FC0000 0x00010000 4
[2022-12-19 21:50:47] INFO     mem_cmp 0x437C0000 0x637C0000 0x00010000 4
[2022-12-19 21:50:53] INFO     mem_cmp 0x43FC0000 0x63FC0000 0x00010000 4
[2022-12-19 21:51:00] INFO     mem_cmp 0x447C0000 0x647C0000 0x00010000 4
[2022-12-19 21:51:07] INFO     mem_cmp 0x44FC0000 0x64FC0000 0x00010000 4
[2022-12-19 21:51:14] INFO     mem_cmp 0x457C0000 0x657C0000 0x00010000 4
[2022-12-19 21:51:20] INFO     mem_cmp 0x45FC0000 0x65FC0000 0x00010000 4
[2022-12-19 21:51:27] INFO     mem_cmp 0x467C0000 0x667C0000 0x00010000 4
[2022-12-19 21:51:33] INFO     mem_cmp 0x46FC0000 0x66FC0000 0x00010000 4
[2022-12-19 21:51:40] INFO     mem_cmp 0x477C0000 0x677C0000 0x00010000 4
[2022-12-19 21:51:47] INFO     mem_cmp 0x47FC0000 0x67FC0000 0x00010000 4
[2022-12-19 21:51:54] INFO     mem_cmp 0x487C0000 0x687C0000 0x00010000 4
[2022-12-19 21:52:00] INFO     mem_cmp 0x48FC0000 0x68FC0000 0x00010000 4
[2022-12-19 21:52:07] INFO     mem_cmp 0x497C0000 0x697C0000 0x00010000 4
[2022-12-19 21:52:14] INFO     mem_cmp 0x49FC0000 0x69FC0000 0x00010000 4
[2022-12-19 21:52:20] INFO     mem_cmp 0x4A7C0000 0x6A7C0000 0x00010000 4
[2022-12-19 21:52:27] INFO     mem_cmp 0x4AFC0000 0x6AFC0000 0x00010000 4
[2022-12-19 21:52:34] INFO     mem_cmp 0x4B7C0000 0x6B7C0000 0x00010000 4
[2022-12-19 21:52:40] INFO     mem_cmp 0x4BFC0000 0x6BFC0000 0x00010000 4
[2022-12-19 21:52:47] INFO     mem_cmp 0x4C7C0000 0x6C7C0000 0x00010000 4
[2022-12-19 21:52:54] INFO     mem_cmp 0x4CFC0000 0x6CFC0000 0x00010000 4
[2022-12-19 21:53:01] INFO     mem_cmp 0x4D7C0000 0x6D7C0000 0x00010000 4
[2022-12-19 21:53:07] INFO     mem_cmp 0x4DFC0000 0x6DFC0000 0x00010000 4
[2022-12-19 21:53:14] INFO     mem_cmp 0x4E7C0000 0x6E7C0000 0x00010000 4
[2022-12-19 21:53:21] INFO     mem_cmp 0x4EFC0000 0x6EFC0000 0x00010000 4
[2022-12-19 21:53:28] INFO     mem_cmp 0x4F7C0000 0x6F7C0000 0x00010000 4
[2022-12-19 21:53:34] INFO     mem_cmp 0x4FFC0000 0x6FFC0000 0x00010000 4
[2022-12-19 21:53:41] INFO     mem_cmp 0x507C0000 0x707C0000 0x00010000 4
[2022-12-19 21:53:47] INFO     mem_cmp 0x50FC0000 0x70FC0000 0x00010000 4
[2022-12-19 21:53:54] INFO     mem_cmp 0x517C0000 0x717C0000 0x00010000 4
[2022-12-19 21:54:01] INFO     mem_cmp 0x51FC0000 0x71FC0000 0x00010000 4
[2022-12-19 21:54:08] INFO     mem_cmp 0x527C0000 0x727C0000 0x00010000 4
[2022-12-19 21:54:14] INFO     mem_cmp 0x52FC0000 0x72FC0000 0x00010000 4
[2022-12-19 21:54:21] INFO     mem_cmp 0x537C0000 0x737C0000 0x00010000 4
[2022-12-19 21:54:28] INFO     mem_cmp 0x53FC0000 0x73FC0000 0x00010000 4
[2022-12-19 21:54:35] INFO     mem_cmp 0x547C0000 0x747C0000 0x00010000 4
[2022-12-19 21:54:41] INFO     mem_cmp 0x54FC0000 0x74FC0000 0x00010000 4
[2022-12-19 21:54:48] INFO     mem_cmp 0x557C0000 0x757C0000 0x00010000 4
[2022-12-19 21:54:55] INFO     mem_cmp 0x55FC0000 0x75FC0000 0x00010000 4
[2022-12-19 21:55:01] INFO     mem_cmp 0x567C0000 0x767C0000 0x00010000 4
[2022-12-19 21:55:08] INFO     mem_cmp 0x56FC0000 0x76FC0000 0x00010000 4
[2022-12-19 21:55:14] INFO     mem_cmp 0x577C0000 0x777C0000 0x00010000 4
[2022-12-19 21:55:21] INFO     mem_cmp 0x57FC0000 0x77FC0000 0x00010000 4
[2022-12-19 21:55:28] INFO     mem_cmp 0x587C0000 0x787C0000 0x00010000 4
[2022-12-19 21:55:34] INFO     mem_cmp 0x58FC0000 0x78FC0000 0x00010000 4
[2022-12-19 21:55:41] INFO     mem_cmp 0x597C0000 0x797C0000 0x00010000 4
[2022-12-19 21:55:48] INFO     mem_cmp 0x59FC0000 0x79FC0000 0x00010000 4
[2022-12-19 21:55:54] INFO     mem_cmp 0x5A7C0000 0x7A7C0000 0x00010000 4
[2022-12-19 21:56:01] INFO     mem_cmp 0x5AFC0000 0x7AFC0000 0x00010000 4
[2022-12-19 21:56:08] INFO     mem_cmp 0x5B7C0000 0x7B7C0000 0x00010000 4
[2022-12-19 21:56:14] INFO     mem_cmp 0x5BFC0000 0x7BFC0000 0x00010000 4
[2022-12-19 21:56:21] INFO     mem_cmp 0x5C7C0000 0x7C7C0000 0x00010000 4
[2022-12-19 21:56:28] INFO     mem_cmp 0x5CFC0000 0x7CFC0000 0x00010000 4
[2022-12-19 21:56:35] INFO     mem_cmp 0x5D7C0000 0x7D7C0000 0x00010000 4
[2022-12-19 21:56:42] INFO     mem_cmp 0x5DFC0000 0x7DFC0000 0x00010000 4
[2022-12-19 21:56:48] INFO     mem_cmp 0x5E7C0000 0x7E7C0000 0x00010000 4
[2022-12-19 21:56:55] INFO     mem_cmp 0x5EFC0000 0x7EFC0000 0x00010000 4
[2022-12-19 21:57:02] INFO     mem_cmp 0x5F7C0000 0x7F7C0000 0x00010000 4
[2022-12-19 21:57:08] INFO     mem_cmp 0x5FFC0000 0x7FFC0000 0x00010000 4
[2022-12-19 21:57:08] INFO     STATE:Mem Compare State
[2022-12-19 21:57:15] INFO     mem_cmp 0x407C0000 0x607C0000 0x00010000 4
[2022-12-19 21:57:22] INFO     mem_cmp 0x40FC0000 0x60FC0000 0x00010000 4
[2022-12-19 21:57:29] INFO     mem_cmp 0x417C0000 0x617C0000 0x00010000 4
[2022-12-19 21:57:36] INFO     mem_cmp 0x41FC0000 0x61FC0000 0x00010000 4
[2022-12-19 21:57:42] INFO     mem_cmp 0x427C0000 0x627C0000 0x00010000 4
[2022-12-19 21:57:49] INFO     mem_cmp 0x42FC0000 0x62FC0000 0x00010000 4
[2022-12-19 21:57:56] INFO     mem_cmp 0x437C0000 0x637C0000 0x00010000 4
[2022-12-19 21:58:02] INFO     mem_cmp 0x43FC0000 0x63FC0000 0x00010000 4
[2022-12-19 21:58:09] INFO     mem_cmp 0x447C0000 0x647C0000 0x00010000 4
[2022-12-19 21:58:15] INFO     mem_cmp 0x44FC0000 0x64FC0000 0x00010000 4
[2022-12-19 21:58:22] INFO     mem_cmp 0x457C0000 0x657C0000 0x00010000 4
[2022-12-19 21:58:29] INFO     mem_cmp 0x45FC0000 0x65FC0000 0x00010000 4
[2022-12-19 21:58:35] INFO     mem_cmp 0x467C0000 0x667C0000 0x00010000 4
[2022-12-19 21:58:42] INFO     mem_cmp 0x46FC0000 0x66FC0000 0x00010000 4
[2022-12-19 21:58:49] INFO     mem_cmp 0x477C0000 0x677C0000 0x00010000 4
[2022-12-19 21:58:55] INFO     mem_cmp 0x47FC0000 0x67FC0000 0x00010000 4
[2022-12-19 21:59:02] INFO     mem_cmp 0x487C0000 0x687C0000 0x00010000 4
[2022-12-19 21:59:08] INFO     mem_cmp 0x48FC0000 0x68FC0000 0x00010000 4
[2022-12-19 21:59:15] INFO     mem_cmp 0x497C0000 0x697C0000 0x00010000 4
[2022-12-19 21:59:22] INFO     mem_cmp 0x49FC0000 0x69FC0000 0x00010000 4
[2022-12-19 21:59:29] INFO     mem_cmp 0x4A7C0000 0x6A7C0000 0x00010000 4
[2022-12-19 21:59:36] INFO     mem_cmp 0x4AFC0000 0x6AFC0000 0x00010000 4
[2022-12-19 21:59:42] INFO     mem_cmp 0x4B7C0000 0x6B7C0000 0x00010000 4
[2022-12-19 21:59:49] INFO     mem_cmp 0x4BFC0000 0x6BFC0000 0x00010000 4
[2022-12-19 21:59:56] INFO     mem_cmp 0x4C7C0000 0x6C7C0000 0x00010000 4
[2022-12-19 22:00:03] INFO     mem_cmp 0x4CFC0000 0x6CFC0000 0x00010000 4
[2022-12-19 22:00:09] INFO     mem_cmp 0x4D7C0000 0x6D7C0000 0x00010000 4
[2022-12-19 22:00:16] INFO     mem_cmp 0x4DFC0000 0x6DFC0000 0x00010000 4
[2022-12-19 22:00:22] INFO     mem_cmp 0x4E7C0000 0x6E7C0000 0x00010000 4
[2022-12-19 22:00:29] INFO     mem_cmp 0x4EFC0000 0x6EFC0000 0x00010000 4
[2022-12-19 22:00:36] INFO     mem_cmp 0x4F7C0000 0x6F7C0000 0x00010000 4
[2022-12-19 22:00:42] INFO     mem_cmp 0x4FFC0000 0x6FFC0000 0x00010000 4
[2022-12-19 22:00:49] INFO     mem_cmp 0x507C0000 0x707C0000 0x00010000 4
[2022-12-19 22:00:55] INFO     mem_cmp 0x50FC0000 0x70FC0000 0x00010000 4
[2022-12-19 22:01:02] INFO     mem_cmp 0x517C0000 0x717C0000 0x00010000 4
[2022-12-19 22:01:09] INFO     mem_cmp 0x51FC0000 0x71FC0000 0x00010000 4
[2022-12-19 22:01:15] INFO     mem_cmp 0x527C0000 0x727C0000 0x00010000 4
[2022-12-19 22:01:22] INFO     mem_cmp 0x52FC0000 0x72FC0000 0x00010000 4
[2022-12-19 22:01:28] INFO     mem_cmp 0x537C0000 0x737C0000 0x00010000 4
[2022-12-19 22:01:35] INFO     mem_cmp 0x53FC0000 0x73FC0000 0x00010000 4
[2022-12-19 22:01:41] INFO     mem_cmp 0x547C0000 0x747C0000 0x00010000 4
[2022-12-19 22:01:48] INFO     mem_cmp 0x54FC0000 0x74FC0000 0x00010000 4
[2022-12-19 22:01:55] INFO     mem_cmp 0x557C0000 0x757C0000 0x00010000 4
[2022-12-19 22:02:01] INFO     mem_cmp 0x55FC0000 0x75FC0000 0x00010000 4
[2022-12-19 22:02:08] INFO     mem_cmp 0x567C0000 0x767C0000 0x00010000 4
[2022-12-19 22:02:15] INFO     mem_cmp 0x56FC0000 0x76FC0000 0x00010000 4
[2022-12-19 22:02:21] INFO     mem_cmp 0x577C0000 0x777C0000 0x00010000 4
[2022-12-19 22:02:28] INFO     mem_cmp 0x57FC0000 0x77FC0000 0x00010000 4
[2022-12-19 22:02:35] INFO     mem_cmp 0x587C0000 0x787C0000 0x00010000 4
[2022-12-19 22:02:41] INFO     mem_cmp 0x58FC0000 0x78FC0000 0x00010000 4
[2022-12-19 22:02:48] INFO     mem_cmp 0x597C0000 0x797C0000 0x00010000 4
[2022-12-19 22:02:54] INFO     mem_cmp 0x59FC0000 0x79FC0000 0x00010000 4
[2022-12-19 22:03:01] INFO     mem_cmp 0x5A7C0000 0x7A7C0000 0x00010000 4
[2022-12-19 22:03:08] INFO     mem_cmp 0x5AFC0000 0x7AFC0000 0x00010000 4
[2022-12-19 22:03:14] INFO     mem_cmp 0x5B7C0000 0x7B7C0000 0x00010000 4
[2022-12-19 22:03:21] INFO     mem_cmp 0x5BFC0000 0x7BFC0000 0x00010000 4
[2022-12-19 22:03:27] INFO     mem_cmp 0x5C7C0000 0x7C7C0000 0x00010000 4
[2022-12-19 22:03:34] INFO     mem_cmp 0x5CFC0000 0x7CFC0000 0x00010000 4
[2022-12-19 22:03:41] INFO     mem_cmp 0x5D7C0000 0x7D7C0000 0x00010000 4
[2022-12-19 22:03:48] INFO     mem_cmp 0x5DFC0000 0x7DFC0000 0x00010000 4
[2022-12-19 22:03:54] INFO     mem_cmp 0x5E7C0000 0x7E7C0000 0x00010000 4
[2022-12-19 22:04:01] INFO     mem_cmp 0x5EFC0000 0x7EFC0000 0x00010000 4
[2022-12-19 22:04:07] INFO     mem_cmp 0x5F7C0000 0x7F7C0000 0x00010000 4
[2022-12-19 22:04:14] INFO     mem_cmp 0x5FFC0000 0x7FFC0000 0x00010000 4
[2022-12-19 22:04:14] INFO     STATE:Mem Compare State
[2022-12-19 22:04:21] INFO     mem_cmp 0x407C0000 0x607C0000 0x00010000 4
[2022-12-19 22:04:27] INFO     mem_cmp 0x40FC0000 0x60FC0000 0x00010000 4
[2022-12-19 22:04:34] INFO     mem_cmp 0x417C0000 0x617C0000 0x00010000 4
[2022-12-19 22:04:41] INFO     mem_cmp 0x41FC0000 0x61FC0000 0x00010000 4
[2022-12-19 22:04:47] INFO     mem_cmp 0x427C0000 0x627C0000 0x00010000 4
[2022-12-19 22:04:54] INFO     mem_cmp 0x42FC0000 0x62FC0000 0x00010000 4
[2022-12-19 22:05:01] INFO     mem_cmp 0x437C0000 0x637C0000 0x00010000 4
[2022-12-19 22:05:08] INFO     mem_cmp 0x43FC0000 0x63FC0000 0x00010000 4
[2022-12-19 22:05:14] INFO     mem_cmp 0x447C0000 0x647C0000 0x00010000 4
[2022-12-19 22:05:21] INFO     mem_cmp 0x44FC0000 0x64FC0000 0x00010000 4
[2022-12-19 22:05:28] INFO     mem_cmp 0x457C0000 0x657C0000 0x00010000 4
[2022-12-19 22:05:34] INFO     mem_cmp 0x45FC0000 0x65FC0000 0x00010000 4
[2022-12-19 22:05:41] INFO     mem_cmp 0x467C0000 0x667C0000 0x00010000 4
[2022-12-19 22:05:47] INFO     mem_cmp 0x46FC0000 0x66FC0000 0x00010000 4
[2022-12-19 22:05:54] INFO     mem_cmp 0x477C0000 0x677C0000 0x00010000 4
[2022-12-19 22:06:00] INFO     mem_cmp 0x47FC0000 0x67FC0000 0x00010000 4
[2022-12-19 22:06:07] INFO     mem_cmp 0x487C0000 0x687C0000 0x00010000 4
[2022-12-19 22:06:14] INFO     mem_cmp 0x48FC0000 0x68FC0000 0x00010000 4
[2022-12-19 22:06:21] INFO     mem_cmp 0x497C0000 0x697C0000 0x00010000 4
[2022-12-19 22:06:27] INFO     mem_cmp 0x49FC0000 0x69FC0000 0x00010000 4
[2022-12-19 22:06:34] INFO     mem_cmp 0x4A7C0000 0x6A7C0000 0x00010000 4
[2022-12-19 22:06:40] INFO     mem_cmp 0x4AFC0000 0x6AFC0000 0x00010000 4
[2022-12-19 22:06:47] INFO     mem_cmp 0x4B7C0000 0x6B7C0000 0x00010000 4
[2022-12-19 22:06:54] INFO     mem_cmp 0x4BFC0000 0x6BFC0000 0x00010000 4
[2022-12-19 22:07:00] INFO     mem_cmp 0x4C7C0000 0x6C7C0000 0x00010000 4
[2022-12-19 22:07:07] INFO     mem_cmp 0x4CFC0000 0x6CFC0000 0x00010000 4
[2022-12-19 22:07:14] INFO     mem_cmp 0x4D7C0000 0x6D7C0000 0x00010000 4
[2022-12-19 22:07:21] INFO     mem_cmp 0x4DFC0000 0x6DFC0000 0x00010000 4
[2022-12-19 22:07:27] INFO     mem_cmp 0x4E7C0000 0x6E7C0000 0x00010000 4
[2022-12-19 22:07:34] INFO     mem_cmp 0x4EFC0000 0x6EFC0000 0x00010000 4
[2022-12-19 22:07:41] INFO     mem_cmp 0x4F7C0000 0x6F7C0000 0x00010000 4
[2022-12-19 22:07:47] INFO     mem_cmp 0x4FFC0000 0x6FFC0000 0x00010000 4
[2022-12-19 22:07:54] INFO     mem_cmp 0x507C0000 0x707C0000 0x00010000 4
[2022-12-19 22:08:01] INFO     mem_cmp 0x50FC0000 0x70FC0000 0x00010000 4
[2022-12-19 22:08:07] INFO     mem_cmp 0x517C0000 0x717C0000 0x00010000 4
[2022-12-19 22:08:14] INFO     mem_cmp 0x51FC0000 0x71FC0000 0x00010000 4
[2022-12-19 22:08:21] INFO     mem_cmp 0x527C0000 0x727C0000 0x00010000 4
[2022-12-19 22:08:28] INFO     mem_cmp 0x52FC0000 0x72FC0000 0x00010000 4
[2022-12-19 22:08:34] INFO     mem_cmp 0x537C0000 0x737C0000 0x00010000 4
[2022-12-19 22:08:41] INFO     mem_cmp 0x53FC0000 0x73FC0000 0x00010000 4
[2022-12-19 22:08:48] INFO     mem_cmp 0x547C0000 0x747C0000 0x00010000 4
[2022-12-19 22:08:54] INFO     mem_cmp 0x54FC0000 0x74FC0000 0x00010000 4
[2022-12-19 22:09:01] INFO     mem_cmp 0x557C0000 0x757C0000 0x00010000 4
[2022-12-19 22:09:07] INFO     mem_cmp 0x55FC0000 0x75FC0000 0x00010000 4
[2022-12-19 22:09:14] INFO     mem_cmp 0x567C0000 0x767C0000 0x00010000 4
[2022-12-19 22:09:20] INFO     mem_cmp 0x56FC0000 0x76FC0000 0x00010000 4
[2022-12-19 22:09:27] INFO     mem_cmp 0x577C0000 0x777C0000 0x00010000 4
[2022-12-19 22:09:33] INFO     mem_cmp 0x57FC0000 0x77FC0000 0x00010000 4
[2022-12-19 22:09:40] INFO     mem_cmp 0x587C0000 0x787C0000 0x00010000 4
[2022-12-19 22:09:47] INFO     mem_cmp 0x58FC0000 0x78FC0000 0x00010000 4
[2022-12-19 22:09:54] INFO     mem_cmp 0x597C0000 0x797C0000 0x00010000 4
[2022-12-19 22:10:00] INFO     mem_cmp 0x59FC0000 0x79FC0000 0x00010000 4
[2022-12-19 22:10:07] INFO     mem_cmp 0x5A7C0000 0x7A7C0000 0x00010000 4
[2022-12-19 22:10:14] INFO     mem_cmp 0x5AFC0000 0x7AFC0000 0x00010000 4
[2022-12-19 22:10:20] INFO     mem_cmp 0x5B7C0000 0x7B7C0000 0x00010000 4
[2022-12-19 22:10:26] INFO     mem_cmp 0x5BFC0000 0x7BFC0000 0x00010000 4
[2022-12-19 22:10:33] INFO     mem_cmp 0x5C7C0000 0x7C7C0000 0x00010000 4
[2022-12-19 22:10:40] INFO     mem_cmp 0x5CFC0000 0x7CFC0000 0x00010000 4
[2022-12-19 22:10:47] INFO     mem_cmp 0x5D7C0000 0x7D7C0000 0x00010000 4
[2022-12-19 22:10:53] INFO     mem_cmp 0x5DFC0000 0x7DFC0000 0x00010000 4
[2022-12-19 22:11:00] INFO     mem_cmp 0x5E7C0000 0x7E7C0000 0x00010000 4
[2022-12-19 22:11:07] INFO     mem_cmp 0x5EFC0000 0x7EFC0000 0x00010000 4
[2022-12-19 22:11:13] INFO     mem_cmp 0x5F7C0000 0x7F7C0000 0x00010000 4
[2022-12-19 22:11:20] INFO     mem_cmp 0x5FFC0000 0x7FFC0000 0x00010000 4
[2022-12-19 22:11:20] INFO     STATE:Mem Compare State
[2022-12-19 22:11:27] INFO     mem_cmp 0x407C0000 0x607C0000 0x00010000 4
[2022-12-19 22:11:33] INFO     mem_cmp 0x40FC0000 0x60FC0000 0x00010000 4
[2022-12-19 22:11:40] INFO     mem_cmp 0x417C0000 0x617C0000 0x00010000 4
[2022-12-19 22:11:46] INFO     mem_cmp 0x41FC0000 0x61FC0000 0x00010000 4
[2022-12-19 22:11:53] INFO     mem_cmp 0x427C0000 0x627C0000 0x00010000 4
[2022-12-19 22:12:00] INFO     mem_cmp 0x42FC0000 0x62FC0000 0x00010000 4
[2022-12-19 22:12:06] INFO     mem_cmp 0x437C0000 0x637C0000 0x00010000 4
[2022-12-19 22:12:13] INFO     mem_cmp 0x43FC0000 0x63FC0000 0x00010000 4
[2022-12-19 22:12:19] INFO     mem_cmp 0x447C0000 0x647C0000 0x00010000 4
[2022-12-19 22:12:26] INFO     mem_cmp 0x44FC0000 0x64FC0000 0x00010000 4
[2022-12-19 22:12:33] INFO     mem_cmp 0x457C0000 0x657C0000 0x00010000 4
[2022-12-19 22:12:39] INFO     mem_cmp 0x45FC0000 0x65FC0000 0x00010000 4
[2022-12-19 22:12:46] INFO     mem_cmp 0x467C0000 0x667C0000 0x00010000 4
[2022-12-19 22:12:53] INFO     mem_cmp 0x46FC0000 0x66FC0000 0x00010000 4
[2022-12-19 22:12:59] INFO     mem_cmp 0x477C0000 0x677C0000 0x00010000 4
[2022-12-19 22:13:06] INFO     mem_cmp 0x47FC0000 0x67FC0000 0x00010000 4
[2022-12-19 22:13:13] INFO     mem_cmp 0x487C0000 0x687C0000 0x00010000 4
[2022-12-19 22:13:19] INFO     mem_cmp 0x48FC0000 0x68FC0000 0x00010000 4
[2022-12-19 22:13:26] INFO     mem_cmp 0x497C0000 0x697C0000 0x00010000 4
[2022-12-19 22:13:32] INFO     mem_cmp 0x49FC0000 0x69FC0000 0x00010000 4
[2022-12-19 22:13:39] INFO     mem_cmp 0x4A7C0000 0x6A7C0000 0x00010000 4
[2022-12-19 22:13:46] INFO     mem_cmp 0x4AFC0000 0x6AFC0000 0x00010000 4
[2022-12-19 22:13:53] INFO     mem_cmp 0x4B7C0000 0x6B7C0000 0x00010000 4
[2022-12-19 22:13:59] INFO     mem_cmp 0x4BFC0000 0x6BFC0000 0x00010000 4
[2022-12-19 22:14:06] INFO     mem_cmp 0x4C7C0000 0x6C7C0000 0x00010000 4
[2022-12-19 22:14:13] INFO     mem_cmp 0x4CFC0000 0x6CFC0000 0x00010000 4
[2022-12-19 22:14:19] INFO     mem_cmp 0x4D7C0000 0x6D7C0000 0x00010000 4
[2022-12-19 22:14:26] INFO     mem_cmp 0x4DFC0000 0x6DFC0000 0x00010000 4
[2022-12-19 22:14:33] INFO     mem_cmp 0x4E7C0000 0x6E7C0000 0x00010000 4
[2022-12-19 22:14:40] INFO     mem_cmp 0x4EFC0000 0x6EFC0000 0x00010000 4
[2022-12-19 22:14:46] INFO     mem_cmp 0x4F7C0000 0x6F7C0000 0x00010000 4
[2022-12-19 22:14:53] INFO     mem_cmp 0x4FFC0000 0x6FFC0000 0x00010000 4
[2022-12-19 22:14:59] INFO     mem_cmp 0x507C0000 0x707C0000 0x00010000 4
[2022-12-19 22:15:06] INFO     mem_cmp 0x50FC0000 0x70FC0000 0x00010000 4
[2022-12-19 22:15:13] INFO     mem_cmp 0x517C0000 0x717C0000 0x00010000 4
[2022-12-19 22:15:20] INFO     mem_cmp 0x51FC0000 0x71FC0000 0x00010000 4
[2022-12-19 22:15:27] INFO     mem_cmp 0x527C0000 0x727C0000 0x00010000 4
[2022-12-19 22:15:34] INFO     mem_cmp 0x52FC0000 0x72FC0000 0x00010000 4
[2022-12-19 22:15:40] INFO     mem_cmp 0x537C0000 0x737C0000 0x00010000 4
[2022-12-19 22:15:47] INFO     mem_cmp 0x53FC0000 0x73FC0000 0x00010000 4
[2022-12-19 22:15:54] INFO     mem_cmp 0x547C0000 0x747C0000 0x00010000 4
[2022-12-19 22:16:01] INFO     mem_cmp 0x54FC0000 0x74FC0000 0x00010000 4
[2022-12-19 22:16:07] INFO     mem_cmp 0x557C0000 0x757C0000 0x00010000 4
[2022-12-19 22:16:14] INFO     mem_cmp 0x55FC0000 0x75FC0000 0x00010000 4
[2022-12-19 22:16:21] INFO     mem_cmp 0x567C0000 0x767C0000 0x00010000 4
[2022-12-19 22:16:27] INFO     mem_cmp 0x56FC0000 0x76FC0000 0x00010000 4
[2022-12-19 22:16:34] INFO     mem_cmp 0x577C0000 0x777C0000 0x00010000 4
[2022-12-19 22:16:41] INFO     mem_cmp 0x57FC0000 0x77FC0000 0x00010000 4
[2022-12-19 22:16:47] INFO     mem_cmp 0x587C0000 0x787C0000 0x00010000 4
[2022-12-19 22:16:54] INFO     mem_cmp 0x58FC0000 0x78FC0000 0x00010000 4
[2022-12-19 22:17:01] INFO     mem_cmp 0x597C0000 0x797C0000 0x00010000 4
[2022-12-19 22:17:07] INFO     mem_cmp 0x59FC0000 0x79FC0000 0x00010000 4
[2022-12-19 22:17:14] INFO     mem_cmp 0x5A7C0000 0x7A7C0000 0x00010000 4
[2022-12-19 22:17:21] INFO     mem_cmp 0x5AFC0000 0x7AFC0000 0x00010000 4
[2022-12-19 22:17:27] INFO     mem_cmp 0x5B7C0000 0x7B7C0000 0x00010000 4
[2022-12-19 22:17:34] INFO     mem_cmp 0x5BFC0000 0x7BFC0000 0x00010000 4
[2022-12-19 22:17:41] INFO     mem_cmp 0x5C7C0000 0x7C7C0000 0x00010000 4
[2022-12-19 22:17:48] INFO     mem_cmp 0x5CFC0000 0x7CFC0000 0x00010000 4
[2022-12-19 22:17:54] INFO     mem_cmp 0x5D7C0000 0x7D7C0000 0x00010000 4
[2022-12-19 22:18:01] INFO     mem_cmp 0x5DFC0000 0x7DFC0000 0x00010000 4
[2022-12-19 22:18:08] INFO     mem_cmp 0x5E7C0000 0x7E7C0000 0x00010000 4
[2022-12-19 22:18:14] INFO     mem_cmp 0x5EFC0000 0x7EFC0000 0x00010000 4
[2022-12-19 22:18:21] INFO     mem_cmp 0x5F7C0000 0x7F7C0000 0x00010000 4
[2022-12-19 22:18:28] INFO     mem_cmp 0x5FFC0000 0x7FFC0000 0x00010000 4
[2022-12-19 22:18:28] INFO     STATE:Mem Compare State
[2022-12-19 22:18:34] INFO     mem_cmp 0x407C0000 0x607C0000 0x00010000 4
[2022-12-19 22:18:41] INFO     mem_cmp 0x40FC0000 0x60FC0000 0x00010000 4
[2022-12-19 22:18:47] INFO     mem_cmp 0x417C0000 0x617C0000 0x00010000 4
[2022-12-19 22:18:54] INFO     mem_cmp 0x41FC0000 0x61FC0000 0x00010000 4
[2022-12-19 22:19:01] INFO     mem_cmp 0x427C0000 0x627C0000 0x00010000 4
[2022-12-19 22:19:07] INFO     mem_cmp 0x42FC0000 0x62FC0000 0x00010000 4
[2022-12-19 22:19:14] INFO     mem_cmp 0x437C0000 0x637C0000 0x00010000 4
[2022-12-19 22:19:21] INFO     mem_cmp 0x43FC0000 0x63FC0000 0x00010000 4
[2022-12-19 22:19:28] INFO     mem_cmp 0x447C0000 0x647C0000 0x00010000 4
[2022-12-19 22:19:35] INFO     mem_cmp 0x44FC0000 0x64FC0000 0x00010000 4
[2022-12-19 22:19:41] INFO     mem_cmp 0x457C0000 0x657C0000 0x00010000 4
[2022-12-19 22:19:48] INFO     mem_cmp 0x45FC0000 0x65FC0000 0x00010000 4
[2022-12-19 22:19:54] INFO     mem_cmp 0x467C0000 0x667C0000 0x00010000 4
[2022-12-19 22:20:01] INFO     mem_cmp 0x46FC0000 0x66FC0000 0x00010000 4
[2022-12-19 22:20:07] INFO     mem_cmp 0x477C0000 0x677C0000 0x00010000 4
[2022-12-19 22:20:14] INFO     mem_cmp 0x47FC0000 0x67FC0000 0x00010000 4
[2022-12-19 22:20:21] INFO     mem_cmp 0x487C0000 0x687C0000 0x00010000 4
[2022-12-19 22:20:27] INFO     mem_cmp 0x48FC0000 0x68FC0000 0x00010000 4
[2022-12-19 22:20:33] INFO     mem_cmp 0x497C0000 0x697C0000 0x00010000 4
[2022-12-19 22:20:40] INFO     mem_cmp 0x49FC0000 0x69FC0000 0x00010000 4
[2022-12-19 22:20:46] INFO     mem_cmp 0x4A7C0000 0x6A7C0000 0x00010000 4
[2022-12-19 22:20:53] INFO     mem_cmp 0x4AFC0000 0x6AFC0000 0x00010000 4
[2022-12-19 22:21:00] INFO     mem_cmp 0x4B7C0000 0x6B7C0000 0x00010000 4
[2022-12-19 22:21:06] INFO     mem_cmp 0x4BFC0000 0x6BFC0000 0x00010000 4
[2022-12-19 22:21:13] INFO     mem_cmp 0x4C7C0000 0x6C7C0000 0x00010000 4
[2022-12-19 22:21:20] INFO     mem_cmp 0x4CFC0000 0x6CFC0000 0x00010000 4
[2022-12-19 22:21:26] INFO     mem_cmp 0x4D7C0000 0x6D7C0000 0x00010000 4
[2022-12-19 22:21:33] INFO     mem_cmp 0x4DFC0000 0x6DFC0000 0x00010000 4
[2022-12-19 22:21:39] INFO     mem_cmp 0x4E7C0000 0x6E7C0000 0x00010000 4
[2022-12-19 22:21:46] INFO     mem_cmp 0x4EFC0000 0x6EFC0000 0x00010000 4
[2022-12-19 22:21:52] INFO     mem_cmp 0x4F7C0000 0x6F7C0000 0x00010000 4
[2022-12-19 22:21:59] INFO     mem_cmp 0x4FFC0000 0x6FFC0000 0x00010000 4
[2022-12-19 22:22:06] INFO     mem_cmp 0x507C0000 0x707C0000 0x00010000 4
[2022-12-19 22:22:12] INFO     mem_cmp 0x50FC0000 0x70FC0000 0x00010000 4
[2022-12-19 22:22:19] INFO     mem_cmp 0x517C0000 0x717C0000 0x00010000 4
[2022-12-19 22:22:26] INFO     mem_cmp 0x51FC0000 0x71FC0000 0x00010000 4
[2022-12-19 22:22:32] INFO     mem_cmp 0x527C0000 0x727C0000 0x00010000 4
[2022-12-19 22:22:39] INFO     mem_cmp 0x52FC0000 0x72FC0000 0x00010000 4
[2022-12-19 22:22:46] INFO     mem_cmp 0x537C0000 0x737C0000 0x00010000 4
[2022-12-19 22:22:53] INFO     mem_cmp 0x53FC0000 0x73FC0000 0x00010000 4
[2022-12-19 22:22:59] INFO     mem_cmp 0x547C0000 0x747C0000 0x00010000 4
[2022-12-19 22:23:06] INFO     mem_cmp 0x54FC0000 0x74FC0000 0x00010000 4
[2022-12-19 22:23:13] INFO     mem_cmp 0x557C0000 0x757C0000 0x00010000 4
[2022-12-19 22:23:19] INFO     mem_cmp 0x55FC0000 0x75FC0000 0x00010000 4
[2022-12-19 22:23:26] INFO     mem_cmp 0x567C0000 0x767C0000 0x00010000 4
[2022-12-19 22:23:33] INFO     mem_cmp 0x56FC0000 0x76FC0000 0x00010000 4
[2022-12-19 22:23:40] INFO     mem_cmp 0x577C0000 0x777C0000 0x00010000 4
[2022-12-19 22:23:46] INFO     mem_cmp 0x57FC0000 0x77FC0000 0x00010000 4
[2022-12-19 22:23:53] INFO     mem_cmp 0x587C0000 0x787C0000 0x00010000 4
[2022-12-19 22:23:59] INFO     mem_cmp 0x58FC0000 0x78FC0000 0x00010000 4
[2022-12-19 22:24:06] INFO     mem_cmp 0x597C0000 0x797C0000 0x00010000 4
[2022-12-19 22:24:13] INFO     mem_cmp 0x59FC0000 0x79FC0000 0x00010000 4
[2022-12-19 22:24:20] INFO     mem_cmp 0x5A7C0000 0x7A7C0000 0x00010000 4
[2022-12-19 22:24:26] INFO     mem_cmp 0x5AFC0000 0x7AFC0000 0x00010000 4
[2022-12-19 22:24:33] INFO     mem_cmp 0x5B7C0000 0x7B7C0000 0x00010000 4
[2022-12-19 22:24:40] INFO     mem_cmp 0x5BFC0000 0x7BFC0000 0x00010000 4
[2022-12-19 22:24:47] INFO     mem_cmp 0x5C7C0000 0x7C7C0000 0x00010000 4
[2022-12-19 22:24:53] INFO     mem_cmp 0x5CFC0000 0x7CFC0000 0x00010000 4
[2022-12-19 22:25:00] INFO     mem_cmp 0x5D7C0000 0x7D7C0000 0x00010000 4
[2022-12-19 22:25:07] INFO     mem_cmp 0x5DFC0000 0x7DFC0000 0x00010000 4
[2022-12-19 22:25:13] INFO     mem_cmp 0x5E7C0000 0x7E7C0000 0x00010000 4
[2022-12-19 22:25:20] INFO     mem_cmp 0x5EFC0000 0x7EFC0000 0x00010000 4
[2022-12-19 22:25:27] INFO     mem_cmp 0x5F7C0000 0x7F7C0000 0x00010000 4
[2022-12-19 22:25:34] INFO     mem_cmp 0x5FFC0000 0x7FFC0000 0x00010000 4
[2022-12-19 22:25:34] INFO     STATE:Mem Compare State
[2022-12-19 22:25:40] INFO     mem_cmp 0x407C0000 0x607C0000 0x00010000 4
[2022-12-19 22:25:47] INFO     mem_cmp 0x40FC0000 0x60FC0000 0x00010000 4
[2022-12-19 22:25:53] INFO     mem_cmp 0x417C0000 0x617C0000 0x00010000 4
[2022-12-19 22:26:00] INFO     mem_cmp 0x41FC0000 0x61FC0000 0x00010000 4
[2022-12-19 22:26:07] INFO     mem_cmp 0x427C0000 0x627C0000 0x00010000 4
[2022-12-19 22:26:13] INFO     mem_cmp 0x42FC0000 0x62FC0000 0x00010000 4
[2022-12-19 22:26:20] INFO     mem_cmp 0x437C0000 0x637C0000 0x00010000 4
[2022-12-19 22:26:27] INFO     mem_cmp 0x43FC0000 0x63FC0000 0x00010000 4
[2022-12-19 22:26:33] INFO     mem_cmp 0x447C0000 0x647C0000 0x00010000 4
[2022-12-19 22:26:40] INFO     mem_cmp 0x44FC0000 0x64FC0000 0x00010000 4
[2022-12-19 22:26:46] INFO     mem_cmp 0x457C0000 0x657C0000 0x00010000 4
[2022-12-19 22:26:53] INFO     mem_cmp 0x45FC0000 0x65FC0000 0x00010000 4
[2022-12-19 22:27:00] INFO     mem_cmp 0x467C0000 0x667C0000 0x00010000 4
[2022-12-19 22:27:06] INFO     mem_cmp 0x46FC0000 0x66FC0000 0x00010000 4
[2022-12-19 22:27:13] INFO     mem_cmp 0x477C0000 0x677C0000 0x00010000 4
[2022-12-19 22:27:20] INFO     mem_cmp 0x47FC0000 0x67FC0000 0x00010000 4
[2022-12-19 22:27:26] INFO     mem_cmp 0x487C0000 0x687C0000 0x00010000 4
[2022-12-19 22:27:33] INFO     mem_cmp 0x48FC0000 0x68FC0000 0x00010000 4
[2022-12-19 22:27:40] INFO     mem_cmp 0x497C0000 0x697C0000 0x00010000 4
[2022-12-19 22:27:46] INFO     mem_cmp 0x49FC0000 0x69FC0000 0x00010000 4
[2022-12-19 22:27:53] INFO     mem_cmp 0x4A7C0000 0x6A7C0000 0x00010000 4
[2022-12-19 22:28:00] INFO     mem_cmp 0x4AFC0000 0x6AFC0000 0x00010000 4
[2022-12-19 22:28:06] INFO     mem_cmp 0x4B7C0000 0x6B7C0000 0x00010000 4
[2022-12-19 22:28:13] INFO     mem_cmp 0x4BFC0000 0x6BFC0000 0x00010000 4
[2022-12-19 22:28:20] INFO     mem_cmp 0x4C7C0000 0x6C7C0000 0x00010000 4
[2022-12-19 22:28:26] INFO     mem_cmp 0x4CFC0000 0x6CFC0000 0x00010000 4
[2022-12-19 22:28:33] INFO     mem_cmp 0x4D7C0000 0x6D7C0000 0x00010000 4
[2022-12-19 22:28:40] INFO     mem_cmp 0x4DFC0000 0x6DFC0000 0x00010000 4
[2022-12-19 22:28:46] INFO     mem_cmp 0x4E7C0000 0x6E7C0000 0x00010000 4
[2022-12-19 22:28:53] INFO     mem_cmp 0x4EFC0000 0x6EFC0000 0x00010000 4
[2022-12-19 22:29:00] INFO     mem_cmp 0x4F7C0000 0x6F7C0000 0x00010000 4
[2022-12-19 22:29:06] INFO     mem_cmp 0x4FFC0000 0x6FFC0000 0x00010000 4
[2022-12-19 22:29:13] INFO     mem_cmp 0x507C0000 0x707C0000 0x00010000 4
[2022-12-19 22:29:19] INFO     mem_cmp 0x50FC0000 0x70FC0000 0x00010000 4
[2022-12-19 22:29:26] INFO     mem_cmp 0x517C0000 0x717C0000 0x00010000 4
[2022-12-19 22:29:33] INFO     mem_cmp 0x51FC0000 0x71FC0000 0x00010000 4
[2022-12-19 22:29:40] INFO     mem_cmp 0x527C0000 0x727C0000 0x00010000 4
[2022-12-19 22:29:46] INFO     mem_cmp 0x52FC0000 0x72FC0000 0x00010000 4
[2022-12-19 22:29:53] INFO     mem_cmp 0x537C0000 0x737C0000 0x00010000 4
[2022-12-19 22:30:00] INFO     mem_cmp 0x53FC0000 0x73FC0000 0x00010000 4
[2022-12-19 22:30:07] INFO     mem_cmp 0x547C0000 0x747C0000 0x00010000 4
[2022-12-19 22:30:13] INFO     mem_cmp 0x54FC0000 0x74FC0000 0x00010000 4
[2022-12-19 22:30:20] INFO     mem_cmp 0x557C0000 0x757C0000 0x00010000 4
[2022-12-19 22:30:26] INFO     mem_cmp 0x55FC0000 0x75FC0000 0x00010000 4
[2022-12-19 22:30:33] INFO     mem_cmp 0x567C0000 0x767C0000 0x00010000 4
[2022-12-19 22:30:40] INFO     mem_cmp 0x56FC0000 0x76FC0000 0x00010000 4
[2022-12-19 22:30:46] INFO     mem_cmp 0x577C0000 0x777C0000 0x00010000 4
[2022-12-19 22:30:53] INFO     mem_cmp 0x57FC0000 0x77FC0000 0x00010000 4
[2022-12-19 22:31:00] INFO     mem_cmp 0x587C0000 0x787C0000 0x00010000 4
[2022-12-19 22:31:06] INFO     mem_cmp 0x58FC0000 0x78FC0000 0x00010000 4
[2022-12-19 22:31:13] INFO     mem_cmp 0x597C0000 0x797C0000 0x00010000 4
[2022-12-19 22:31:20] INFO     mem_cmp 0x59FC0000 0x79FC0000 0x00010000 4
[2022-12-19 22:31:26] INFO     mem_cmp 0x5A7C0000 0x7A7C0000 0x00010000 4
[2022-12-19 22:31:33] INFO     mem_cmp 0x5AFC0000 0x7AFC0000 0x00010000 4
[2022-12-19 22:31:39] INFO     mem_cmp 0x5B7C0000 0x7B7C0000 0x00010000 4
[2022-12-19 22:31:46] INFO     mem_cmp 0x5BFC0000 0x7BFC0000 0x00010000 4
[2022-12-19 22:31:53] INFO     mem_cmp 0x5C7C0000 0x7C7C0000 0x00010000 4
[2022-12-19 22:32:00] INFO     mem_cmp 0x5CFC0000 0x7CFC0000 0x00010000 4
[2022-12-19 22:32:06] INFO     mem_cmp 0x5D7C0000 0x7D7C0000 0x00010000 4
[2022-12-19 22:32:13] INFO     mem_cmp 0x5DFC0000 0x7DFC0000 0x00010000 4
[2022-12-19 22:32:20] INFO     mem_cmp 0x5E7C0000 0x7E7C0000 0x00010000 4
[2022-12-19 22:32:26] INFO     mem_cmp 0x5EFC0000 0x7EFC0000 0x00010000 4
[2022-12-19 22:32:33] INFO     mem_cmp 0x5F7C0000 0x7F7C0000 0x00010000 4
[2022-12-19 22:32:39] INFO     mem_cmp 0x5FFC0000 0x7FFC0000 0x00010000 4
[2022-12-19 22:32:40] INFO     STATE:Mem Compare State
[2022-12-19 22:32:46] INFO     mem_cmp 0x407C0000 0x607C0000 0x00010000 4
[2022-12-19 22:32:53] INFO     mem_cmp 0x40FC0000 0x60FC0000 0x00010000 4
[2022-12-19 22:32:59] INFO     mem_cmp 0x417C0000 0x617C0000 0x00010000 4
[2022-12-19 22:33:06] INFO     mem_cmp 0x41FC0000 0x61FC0000 0x00010000 4
[2022-12-19 22:33:12] INFO     mem_cmp 0x427C0000 0x627C0000 0x00010000 4
[2022-12-19 22:33:19] INFO     mem_cmp 0x42FC0000 0x62FC0000 0x00010000 4
[2022-12-19 22:33:25] INFO     mem_cmp 0x437C0000 0x637C0000 0x00010000 4
[2022-12-19 22:33:32] INFO     mem_cmp 0x43FC0000 0x63FC0000 0x00010000 4
[2022-12-19 22:33:38] INFO     mem_cmp 0x447C0000 0x647C0000 0x00010000 4
[2022-12-19 22:33:45] INFO     mem_cmp 0x44FC0000 0x64FC0000 0x00010000 4
[2022-12-19 22:33:52] INFO     mem_cmp 0x457C0000 0x657C0000 0x00010000 4
[2022-12-19 22:33:59] INFO     mem_cmp 0x45FC0000 0x65FC0000 0x00010000 4
[2022-12-19 22:34:05] INFO     mem_cmp 0x467C0000 0x667C0000 0x00010000 4
[2022-12-19 22:34:12] INFO     mem_cmp 0x46FC0000 0x66FC0000 0x00010000 4
[2022-12-19 22:34:18] INFO     mem_cmp 0x477C0000 0x677C0000 0x00010000 4
[2022-12-19 22:34:25] INFO     mem_cmp 0x47FC0000 0x67FC0000 0x00010000 4
[2022-12-19 22:34:32] INFO     mem_cmp 0x487C0000 0x687C0000 0x00010000 4
[2022-12-19 22:34:38] INFO     mem_cmp 0x48FC0000 0x68FC0000 0x00010000 4
[2022-12-19 22:34:45] INFO     mem_cmp 0x497C0000 0x697C0000 0x00010000 4
[2022-12-19 22:34:52] INFO     mem_cmp 0x49FC0000 0x69FC0000 0x00010000 4
[2022-12-19 22:34:58] INFO     mem_cmp 0x4A7C0000 0x6A7C0000 0x00010000 4
[2022-12-19 22:35:05] INFO     mem_cmp 0x4AFC0000 0x6AFC0000 0x00010000 4
[2022-12-19 22:35:11] INFO     mem_cmp 0x4B7C0000 0x6B7C0000 0x00010000 4
[2022-12-19 22:35:18] INFO     mem_cmp 0x4BFC0000 0x6BFC0000 0x00010000 4
[2022-12-19 22:35:25] INFO     mem_cmp 0x4C7C0000 0x6C7C0000 0x00010000 4
[2022-12-19 22:35:31] INFO     mem_cmp 0x4CFC0000 0x6CFC0000 0x00010000 4
[2022-12-19 22:35:38] INFO     mem_cmp 0x4D7C0000 0x6D7C0000 0x00010000 4
[2022-12-19 22:35:44] INFO     mem_cmp 0x4DFC0000 0x6DFC0000 0x00010000 4
[2022-12-19 22:35:51] INFO     mem_cmp 0x4E7C0000 0x6E7C0000 0x00010000 4
[2022-12-19 22:35:58] INFO     mem_cmp 0x4EFC0000 0x6EFC0000 0x00010000 4
[2022-12-19 22:36:05] INFO     mem_cmp 0x4F7C0000 0x6F7C0000 0x00010000 4
[2022-12-19 22:36:11] INFO     mem_cmp 0x4FFC0000 0x6FFC0000 0x00010000 4
[2022-12-19 22:36:18] INFO     mem_cmp 0x507C0000 0x707C0000 0x00010000 4
[2022-12-19 22:36:25] INFO     mem_cmp 0x50FC0000 0x70FC0000 0x00010000 4
[2022-12-19 22:36:31] INFO     mem_cmp 0x517C0000 0x717C0000 0x00010000 4
[2022-12-19 22:36:38] INFO     mem_cmp 0x51FC0000 0x71FC0000 0x00010000 4
[2022-12-19 22:36:45] INFO     mem_cmp 0x527C0000 0x727C0000 0x00010000 4
[2022-12-19 22:36:51] INFO     mem_cmp 0x52FC0000 0x72FC0000 0x00010000 4
[2022-12-19 22:36:58] INFO     mem_cmp 0x537C0000 0x737C0000 0x00010000 4
[2022-12-19 22:37:05] INFO     mem_cmp 0x53FC0000 0x73FC0000 0x00010000 4
[2022-12-19 22:37:11] INFO     mem_cmp 0x547C0000 0x747C0000 0x00010000 4
[2022-12-19 22:37:18] INFO     mem_cmp 0x54FC0000 0x74FC0000 0x00010000 4
[2022-12-19 22:37:24] INFO     mem_cmp 0x557C0000 0x757C0000 0x00010000 4
[2022-12-19 22:37:31] INFO     mem_cmp 0x55FC0000 0x75FC0000 0x00010000 4
[2022-12-19 22:37:38] INFO     mem_cmp 0x567C0000 0x767C0000 0x00010000 4
[2022-12-19 22:37:44] INFO     mem_cmp 0x56FC0000 0x76FC0000 0x00010000 4
[2022-12-19 22:37:51] INFO     mem_cmp 0x577C0000 0x777C0000 0x00010000 4
[2022-12-19 22:37:58] INFO     mem_cmp 0x57FC0000 0x77FC0000 0x00010000 4
[2022-12-19 22:38:05] INFO     mem_cmp 0x587C0000 0x787C0000 0x00010000 4
[2022-12-19 22:38:11] INFO     mem_cmp 0x58FC0000 0x78FC0000 0x00010000 4
[2022-12-19 22:38:18] INFO     mem_cmp 0x597C0000 0x797C0000 0x00010000 4
[2022-12-19 22:38:25] INFO     mem_cmp 0x59FC0000 0x79FC0000 0x00010000 4
[2022-12-19 22:38:31] INFO     mem_cmp 0x5A7C0000 0x7A7C0000 0x00010000 4
[2022-12-19 22:38:38] INFO     mem_cmp 0x5AFC0000 0x7AFC0000 0x00010000 4
[2022-12-19 22:38:45] INFO     mem_cmp 0x5B7C0000 0x7B7C0000 0x00010000 4
[2022-12-19 22:38:51] INFO     mem_cmp 0x5BFC0000 0x7BFC0000 0x00010000 4
[2022-12-19 22:38:58] INFO     mem_cmp 0x5C7C0000 0x7C7C0000 0x00010000 4
[2022-12-19 22:39:04] INFO     mem_cmp 0x5CFC0000 0x7CFC0000 0x00010000 4
[2022-12-19 22:39:11] INFO     mem_cmp 0x5D7C0000 0x7D7C0000 0x00010000 4
[2022-12-19 22:39:17] INFO     mem_cmp 0x5DFC0000 0x7DFC0000 0x00010000 4
[2022-12-19 22:39:24] INFO     mem_cmp 0x5E7C0000 0x7E7C0000 0x00010000 4
[2022-12-19 22:39:30] INFO     mem_cmp 0x5EFC0000 0x7EFC0000 0x00010000 4
[2022-12-19 22:39:37] INFO     mem_cmp 0x5F7C0000 0x7F7C0000 0x00010000 4
[2022-12-19 22:39:44] INFO     mem_cmp 0x5FFC0000 0x7FFC0000 0x00010000 4
[2022-12-19 22:39:44] INFO     STATE:Mem Compare State
[2022-12-19 22:39:51] INFO     mem_cmp 0x407C0000 0x607C0000 0x00010000 4
[2022-12-19 22:39:57] INFO     mem_cmp 0x40FC0000 0x60FC0000 0x00010000 4
[2022-12-19 22:40:04] INFO     mem_cmp 0x417C0000 0x617C0000 0x00010000 4
[2022-12-19 22:40:05] INFO     Memory Error detected
[2022-12-19 22:40:05] INFO     addr1: 0x41891d50, content: 0x5a5a5a5a
[2022-12-19 22:40:05] INFO     addr2: 0x61891d50, content: 0x5a5a5a52
[2022-12-19 22:40:10] INFO     mem_cmp 0x41FC0000 0x61FC0000 0x00010000 4
[2022-12-19 22:40:17] INFO     mem_cmp 0x427C0000 0x627C0000 0x00010000 4
[2022-12-19 22:40:24] INFO     mem_cmp 0x42FC0000 0x62FC0000 0x00010000 4
[2022-12-19 22:40:30] INFO     mem_cmp 0x437C0000 0x637C0000 0x00010000 4
[2022-12-19 22:40:37] INFO     mem_cmp 0x43FC0000 0x63FC0000 0x00010000 4
[2022-12-19 22:40:44] INFO     mem_cmp 0x447C0000 0x647C0000 0x00010000 4
[2022-12-19 22:40:50] INFO     mem_cmp 0x44FC0000 0x64FC0000 0x00010000 4
[2022-12-19 22:40:57] INFO     mem_cmp 0x457C0000 0x657C0000 0x00010000 4
[2022-12-19 22:41:03] INFO     mem_cmp 0x45FC0000 0x65FC0000 0x00010000 4
[2022-12-19 22:41:10] INFO     mem_cmp 0x467C0000 0x667C0000 0x00010000 4
[2022-12-19 22:41:16] INFO     mem_cmp 0x46FC0000 0x66FC0000 0x00010000 4
[2022-12-19 22:41:23] INFO     mem_cmp 0x477C0000 0x677C0000 0x00010000 4
[2022-12-19 22:41:30] INFO     mem_cmp 0x47FC0000 0x67FC0000 0x00010000 4
[2022-12-19 22:41:37] INFO     mem_cmp 0x487C0000 0x687C0000 0x00010000 4
[2022-12-19 22:41:44] INFO     mem_cmp 0x48FC0000 0x68FC0000 0x00010000 4
[2022-12-19 22:41:50] INFO     mem_cmp 0x497C0000 0x697C0000 0x00010000 4
[2022-12-19 22:41:57] INFO     mem_cmp 0x49FC0000 0x69FC0000 0x00010000 4
[2022-12-19 22:42:03] INFO     mem_cmp 0x4A7C0000 0x6A7C0000 0x00010000 4
[2022-12-19 22:42:10] INFO     mem_cmp 0x4AFC0000 0x6AFC0000 0x00010000 4
[2022-12-19 22:42:16] INFO     mem_cmp 0x4B7C0000 0x6B7C0000 0x00010000 4
[2022-12-19 22:42:23] INFO     mem_cmp 0x4BFC0000 0x6BFC0000 0x00010000 4
[2022-12-19 22:42:29] INFO     mem_cmp 0x4C7C0000 0x6C7C0000 0x00010000 4
[2022-12-19 22:42:36] INFO     mem_cmp 0x4CFC0000 0x6CFC0000 0x00010000 4
[2022-12-19 22:42:43] INFO     mem_cmp 0x4D7C0000 0x6D7C0000 0x00010000 4
[2022-12-19 22:42:49] INFO     mem_cmp 0x4DFC0000 0x6DFC0000 0x00010000 4
[2022-12-19 22:42:56] INFO     mem_cmp 0x4E7C0000 0x6E7C0000 0x00010000 4
[2022-12-19 22:43:03] INFO     mem_cmp 0x4EFC0000 0x6EFC0000 0x00010000 4
[2022-12-19 22:43:09] INFO     mem_cmp 0x4F7C0000 0x6F7C0000 0x00010000 4
[2022-12-19 22:43:16] INFO     mem_cmp 0x4FFC0000 0x6FFC0000 0x00010000 4
[2022-12-19 22:43:22] INFO     mem_cmp 0x507C0000 0x707C0000 0x00010000 4
[2022-12-19 22:43:29] INFO     mem_cmp 0x50FC0000 0x70FC0000 0x00010000 4
[2022-12-19 22:43:36] INFO     mem_cmp 0x517C0000 0x717C0000 0x00010000 4
[2022-12-19 22:43:42] INFO     mem_cmp 0x51FC0000 0x71FC0000 0x00010000 4
[2022-12-19 22:43:49] INFO     mem_cmp 0x527C0000 0x727C0000 0x00010000 4
[2022-12-19 22:43:56] INFO     mem_cmp 0x52FC0000 0x72FC0000 0x00010000 4
[2022-12-19 22:44:02] INFO     mem_cmp 0x537C0000 0x737C0000 0x00010000 4
[2022-12-19 22:44:09] INFO     mem_cmp 0x53FC0000 0x73FC0000 0x00010000 4
[2022-12-19 22:44:15] INFO     mem_cmp 0x547C0000 0x747C0000 0x00010000 4
[2022-12-19 22:44:22] INFO     mem_cmp 0x54FC0000 0x74FC0000 0x00010000 4
[2022-12-19 22:44:29] INFO     mem_cmp 0x557C0000 0x757C0000 0x00010000 4
[2022-12-19 22:44:36] INFO     mem_cmp 0x55FC0000 0x75FC0000 0x00010000 4
[2022-12-19 22:44:42] INFO     mem_cmp 0x567C0000 0x767C0000 0x00010000 4
[2022-12-19 22:44:49] INFO     mem_cmp 0x56FC0000 0x76FC0000 0x00010000 4
[2022-12-19 22:44:56] INFO     mem_cmp 0x577C0000 0x777C0000 0x00010000 4
[2022-12-19 22:45:02] INFO     mem_cmp 0x57FC0000 0x77FC0000 0x00010000 4
[2022-12-19 22:45:09] INFO     mem_cmp 0x587C0000 0x787C0000 0x00010000 4
[2022-12-19 22:45:15] INFO     mem_cmp 0x58FC0000 0x78FC0000 0x00010000 4
[2022-12-19 22:45:22] INFO     mem_cmp 0x597C0000 0x797C0000 0x00010000 4
[2022-12-19 22:45:29] INFO     mem_cmp 0x59FC0000 0x79FC0000 0x00010000 4
[2022-12-19 22:45:35] INFO     mem_cmp 0x5A7C0000 0x7A7C0000 0x00010000 4
[2022-12-19 22:45:42] INFO     mem_cmp 0x5AFC0000 0x7AFC0000 0x00010000 4
[2022-12-19 22:45:48] INFO     mem_cmp 0x5B7C0000 0x7B7C0000 0x00010000 4
[2022-12-19 22:45:55] INFO     mem_cmp 0x5BFC0000 0x7BFC0000 0x00010000 4
[2022-12-19 22:46:01] INFO     mem_cmp 0x5C7C0000 0x7C7C0000 0x00010000 4
[2022-12-19 22:46:08] INFO     mem_cmp 0x5CFC0000 0x7CFC0000 0x00010000 4
[2022-12-19 22:46:15] INFO     mem_cmp 0x5D7C0000 0x7D7C0000 0x00010000 4
[2022-12-19 22:46:21] INFO     mem_cmp 0x5DFC0000 0x7DFC0000 0x00010000 4
[2022-12-19 22:46:28] INFO     mem_cmp 0x5E7C0000 0x7E7C0000 0x00010000 4
[2022-12-19 22:46:35] INFO     mem_cmp 0x5EFC0000 0x7EFC0000 0x00010000 4
[2022-12-19 22:46:41] INFO     mem_cmp 0x5F7C0000 0x7F7C0000 0x00010000 4
[2022-12-19 22:46:48] INFO     mem_cmp 0x5FFC0000 0x7FFC0000 0x00010000 4
[2022-12-19 22:46:48] INFO     STATE:Mem Init State
[2022-12-19 22:46:48] INFO     Issuing mem_write command
[2022-12-19 22:46:48] INFO     Giving time for mem_write command (90 seconds)
[2022-12-19 22:46:58] INFO     Giving time for mem_write command (80 seconds)
[2022-12-19 22:47:08] INFO     Giving time for mem_write command (70 seconds)
[2022-12-19 22:47:18] INFO     Giving time for mem_write command (60 seconds)
[2022-12-19 22:47:28] INFO     Giving time for mem_write command (50 seconds)
[2022-12-19 22:47:38] INFO     Giving time for mem_write command (40 seconds)
[2022-12-19 22:47:48] INFO     Giving time for mem_write command (30 seconds)
[2022-12-19 22:47:58] INFO     Giving time for mem_write command (20 seconds)
[2022-12-19 22:48:08] INFO     Giving time for mem_write command (10 seconds)
[2022-12-19 22:48:18] INFO     STATE:Mem Compare State
[2022-12-19 22:48:24] INFO     mem_cmp 0x407C0000 0x607C0000 0x00010000 4
[2022-12-19 22:48:31] INFO     mem_cmp 0x40FC0000 0x60FC0000 0x00010000 4
[2022-12-19 22:48:37] INFO     mem_cmp 0x417C0000 0x617C0000 0x00010000 4
[2022-12-19 22:48:44] INFO     mem_cmp 0x41FC0000 0x61FC0000 0x00010000 4
[2022-12-19 22:48:51] INFO     mem_cmp 0x427C0000 0x627C0000 0x00010000 4
[2022-12-19 22:48:58] INFO     mem_cmp 0x42FC0000 0x62FC0000 0x00010000 4
[2022-12-19 22:49:04] INFO     mem_cmp 0x437C0000 0x637C0000 0x00010000 4
[2022-12-19 22:49:11] INFO     mem_cmp 0x43FC0000 0x63FC0000 0x00010000 4
[2022-12-19 22:49:18] INFO     mem_cmp 0x447C0000 0x647C0000 0x00010000 4
[2022-12-19 22:49:24] INFO     mem_cmp 0x44FC0000 0x64FC0000 0x00010000 4
[2022-12-19 22:49:31] INFO     mem_cmp 0x457C0000 0x657C0000 0x00010000 4
[2022-12-19 22:49:38] INFO     mem_cmp 0x45FC0000 0x65FC0000 0x00010000 4
[2022-12-19 22:49:44] INFO     mem_cmp 0x467C0000 0x667C0000 0x00010000 4
[2022-12-19 22:49:51] INFO     mem_cmp 0x46FC0000 0x66FC0000 0x00010000 4
[2022-12-19 22:49:57] INFO     mem_cmp 0x477C0000 0x677C0000 0x00010000 4
[2022-12-19 22:50:04] INFO     mem_cmp 0x47FC0000 0x67FC0000 0x00010000 4
[2022-12-19 22:50:10] INFO     mem_cmp 0x487C0000 0x687C0000 0x00010000 4
[2022-12-19 22:50:17] INFO     mem_cmp 0x48FC0000 0x68FC0000 0x00010000 4
[2022-12-19 22:50:24] INFO     mem_cmp 0x497C0000 0x697C0000 0x00010000 4
[2022-12-19 22:50:30] INFO     mem_cmp 0x49FC0000 0x69FC0000 0x00010000 4
[2022-12-19 22:50:37] INFO     mem_cmp 0x4A7C0000 0x6A7C0000 0x00010000 4
[2022-12-19 22:50:43] INFO     mem_cmp 0x4AFC0000 0x6AFC0000 0x00010000 4
[2022-12-19 22:50:50] INFO     mem_cmp 0x4B7C0000 0x6B7C0000 0x00010000 4
[2022-12-19 22:50:57] INFO     mem_cmp 0x4BFC0000 0x6BFC0000 0x00010000 4
[2022-12-19 22:51:03] INFO     mem_cmp 0x4C7C0000 0x6C7C0000 0x00010000 4
[2022-12-19 22:51:10] INFO     mem_cmp 0x4CFC0000 0x6CFC0000 0x00010000 4
[2022-12-19 22:51:16] INFO     mem_cmp 0x4D7C0000 0x6D7C0000 0x00010000 4
[2022-12-19 22:51:23] INFO     mem_cmp 0x4DFC0000 0x6DFC0000 0x00010000 4
[2022-12-19 22:51:29] INFO     mem_cmp 0x4E7C0000 0x6E7C0000 0x00010000 4
[2022-12-19 22:51:36] INFO     mem_cmp 0x4EFC0000 0x6EFC0000 0x00010000 4
[2022-12-19 22:51:42] INFO     mem_cmp 0x4F7C0000 0x6F7C0000 0x00010000 4
[2022-12-19 22:51:49] INFO     mem_cmp 0x4FFC0000 0x6FFC0000 0x00010000 4
[2022-12-19 22:51:56] INFO     mem_cmp 0x507C0000 0x707C0000 0x00010000 4
[2022-12-19 22:52:02] INFO     mem_cmp 0x50FC0000 0x70FC0000 0x00010000 4
[2022-12-19 22:52:09] INFO     mem_cmp 0x517C0000 0x717C0000 0x00010000 4
[2022-12-19 22:52:15] INFO     mem_cmp 0x51FC0000 0x71FC0000 0x00010000 4
[2022-12-19 22:52:22] INFO     mem_cmp 0x527C0000 0x727C0000 0x00010000 4
[2022-12-19 22:52:29] INFO     mem_cmp 0x52FC0000 0x72FC0000 0x00010000 4
[2022-12-19 22:52:36] INFO     mem_cmp 0x537C0000 0x737C0000 0x00010000 4
[2022-12-19 22:52:42] INFO     mem_cmp 0x53FC0000 0x73FC0000 0x00010000 4
[2022-12-19 22:52:49] INFO     mem_cmp 0x547C0000 0x747C0000 0x00010000 4
[2022-12-19 22:52:56] INFO     mem_cmp 0x54FC0000 0x74FC0000 0x00010000 4
[2022-12-19 22:53:02] INFO     mem_cmp 0x557C0000 0x757C0000 0x00010000 4
[2022-12-19 22:53:09] INFO     mem_cmp 0x55FC0000 0x75FC0000 0x00010000 4
[2022-12-19 22:53:15] INFO     mem_cmp 0x567C0000 0x767C0000 0x00010000 4
[2022-12-19 22:53:22] INFO     mem_cmp 0x56FC0000 0x76FC0000 0x00010000 4
[2022-12-19 22:53:28] INFO     mem_cmp 0x577C0000 0x777C0000 0x00010000 4
[2022-12-19 22:53:35] INFO     mem_cmp 0x57FC0000 0x77FC0000 0x00010000 4
[2022-12-19 22:53:42] INFO     mem_cmp 0x587C0000 0x787C0000 0x00010000 4
[2022-12-19 22:53:49] INFO     mem_cmp 0x58FC0000 0x78FC0000 0x00010000 4
[2022-12-19 22:53:55] INFO     mem_cmp 0x597C0000 0x797C0000 0x00010000 4
[2022-12-19 22:54:02] INFO     mem_cmp 0x59FC0000 0x79FC0000 0x00010000 4
[2022-12-19 22:54:08] INFO     mem_cmp 0x5A7C0000 0x7A7C0000 0x00010000 4
[2022-12-19 22:54:15] INFO     mem_cmp 0x5AFC0000 0x7AFC0000 0x00010000 4
[2022-12-19 22:54:22] INFO     mem_cmp 0x5B7C0000 0x7B7C0000 0x00010000 4
[2022-12-19 22:54:29] INFO     mem_cmp 0x5BFC0000 0x7BFC0000 0x00010000 4
[2022-12-19 22:54:35] INFO     mem_cmp 0x5C7C0000 0x7C7C0000 0x00010000 4
[2022-12-19 22:54:42] INFO     mem_cmp 0x5CFC0000 0x7CFC0000 0x00010000 4
[2022-12-19 22:54:49] INFO     mem_cmp 0x5D7C0000 0x7D7C0000 0x00010000 4
[2022-12-19 22:54:56] INFO     mem_cmp 0x5DFC0000 0x7DFC0000 0x00010000 4
[2022-12-19 22:55:02] INFO     mem_cmp 0x5E7C0000 0x7E7C0000 0x00010000 4
[2022-12-19 22:55:09] INFO     mem_cmp 0x5EFC0000 0x7EFC0000 0x00010000 4
[2022-12-19 22:55:16] INFO     mem_cmp 0x5F7C0000 0x7F7C0000 0x00010000 4
[2022-12-19 22:55:22] INFO     mem_cmp 0x5FFC0000 0x7FFC0000 0x00010000 4
[2022-12-19 22:55:23] INFO     STATE:Mem Compare State
[2022-12-19 22:55:29] INFO     mem_cmp 0x407C0000 0x607C0000 0x00010000 4
[2022-12-19 22:55:36] INFO     mem_cmp 0x40FC0000 0x60FC0000 0x00010000 4
[2022-12-19 22:55:43] INFO     mem_cmp 0x417C0000 0x617C0000 0x00010000 4
[2022-12-19 22:55:49] INFO     mem_cmp 0x41FC0000 0x61FC0000 0x00010000 4
[2022-12-19 22:55:56] INFO     mem_cmp 0x427C0000 0x627C0000 0x00010000 4
[2022-12-19 22:56:03] INFO     mem_cmp 0x42FC0000 0x62FC0000 0x00010000 4
[2022-12-19 22:56:09] INFO     mem_cmp 0x437C0000 0x637C0000 0x00010000 4
[2022-12-19 22:56:16] INFO     mem_cmp 0x43FC0000 0x63FC0000 0x00010000 4
[2022-12-19 22:56:22] INFO     mem_cmp 0x447C0000 0x647C0000 0x00010000 4
[2022-12-19 22:56:29] INFO     mem_cmp 0x44FC0000 0x64FC0000 0x00010000 4
[2022-12-19 22:56:36] INFO     mem_cmp 0x457C0000 0x657C0000 0x00010000 4
[2022-12-19 22:56:42] INFO     mem_cmp 0x45FC0000 0x65FC0000 0x00010000 4
[2022-12-19 22:56:49] INFO     mem_cmp 0x467C0000 0x667C0000 0x00010000 4
[2022-12-19 22:56:56] INFO     mem_cmp 0x46FC0000 0x66FC0000 0x00010000 4
[2022-12-19 22:57:02] INFO     mem_cmp 0x477C0000 0x677C0000 0x00010000 4
[2022-12-19 22:57:09] INFO     mem_cmp 0x47FC0000 0x67FC0000 0x00010000 4
[2022-12-19 22:57:15] INFO     mem_cmp 0x487C0000 0x687C0000 0x00010000 4
[2022-12-19 22:57:22] INFO     mem_cmp 0x48FC0000 0x68FC0000 0x00010000 4
[2022-12-19 22:57:29] INFO     mem_cmp 0x497C0000 0x697C0000 0x00010000 4
[2022-12-19 22:57:35] INFO     mem_cmp 0x49FC0000 0x69FC0000 0x00010000 4
[2022-12-19 22:57:42] INFO     mem_cmp 0x4A7C0000 0x6A7C0000 0x00010000 4
[2022-12-19 22:57:48] INFO     mem_cmp 0x4AFC0000 0x6AFC0000 0x00010000 4
[2022-12-19 22:57:55] INFO     mem_cmp 0x4B7C0000 0x6B7C0000 0x00010000 4
[2022-12-19 22:58:02] INFO     mem_cmp 0x4BFC0000 0x6BFC0000 0x00010000 4
[2022-12-19 22:58:08] INFO     mem_cmp 0x4C7C0000 0x6C7C0000 0x00010000 4
[2022-12-19 22:58:15] INFO     mem_cmp 0x4CFC0000 0x6CFC0000 0x00010000 4
[2022-12-19 22:58:21] INFO     mem_cmp 0x4D7C0000 0x6D7C0000 0x00010000 4
[2022-12-19 22:58:28] INFO     mem_cmp 0x4DFC0000 0x6DFC0000 0x00010000 4
[2022-12-19 22:58:35] INFO     mem_cmp 0x4E7C0000 0x6E7C0000 0x00010000 4
[2022-12-19 22:58:42] INFO     mem_cmp 0x4EFC0000 0x6EFC0000 0x00010000 4
[2022-12-19 22:58:48] INFO     mem_cmp 0x4F7C0000 0x6F7C0000 0x00010000 4
[2022-12-19 22:58:55] INFO     mem_cmp 0x4FFC0000 0x6FFC0000 0x00010000 4
[2022-12-19 22:59:01] INFO     mem_cmp 0x507C0000 0x707C0000 0x00010000 4
[2022-12-19 22:59:08] INFO     mem_cmp 0x50FC0000 0x70FC0000 0x00010000 4
[2022-12-19 22:59:15] INFO     mem_cmp 0x517C0000 0x717C0000 0x00010000 4
[2022-12-19 22:59:22] INFO     mem_cmp 0x51FC0000 0x71FC0000 0x00010000 4
[2022-12-19 22:59:28] INFO     mem_cmp 0x527C0000 0x727C0000 0x00010000 4
[2022-12-19 22:59:35] INFO     mem_cmp 0x52FC0000 0x72FC0000 0x00010000 4
[2022-12-19 22:59:41] INFO     mem_cmp 0x537C0000 0x737C0000 0x00010000 4
[2022-12-19 22:59:48] INFO     mem_cmp 0x53FC0000 0x73FC0000 0x00010000 4
[2022-12-19 22:59:55] INFO     mem_cmp 0x547C0000 0x747C0000 0x00010000 4
[2022-12-19 23:00:01] INFO     mem_cmp 0x54FC0000 0x74FC0000 0x00010000 4
[2022-12-19 23:00:08] INFO     mem_cmp 0x557C0000 0x757C0000 0x00010000 4
[2022-12-19 23:00:15] INFO     mem_cmp 0x55FC0000 0x75FC0000 0x00010000 4
[2022-12-19 23:00:21] INFO     mem_cmp 0x567C0000 0x767C0000 0x00010000 4
[2022-12-19 23:00:28] INFO     mem_cmp 0x56FC0000 0x76FC0000 0x00010000 4
[2022-12-19 23:00:34] INFO     mem_cmp 0x577C0000 0x777C0000 0x00010000 4
[2022-12-19 23:00:41] INFO     mem_cmp 0x57FC0000 0x77FC0000 0x00010000 4
[2022-12-19 23:00:47] INFO     mem_cmp 0x587C0000 0x787C0000 0x00010000 4
[2022-12-19 23:00:54] INFO     mem_cmp 0x58FC0000 0x78FC0000 0x00010000 4
[2022-12-19 23:01:01] INFO     mem_cmp 0x597C0000 0x797C0000 0x00010000 4
[2022-12-19 23:01:07] INFO     mem_cmp 0x59FC0000 0x79FC0000 0x00010000 4
[2022-12-19 23:01:14] INFO     mem_cmp 0x5A7C0000 0x7A7C0000 0x00010000 4
[2022-12-19 23:01:20] INFO     mem_cmp 0x5AFC0000 0x7AFC0000 0x00010000 4
[2022-12-19 23:01:27] INFO     mem_cmp 0x5B7C0000 0x7B7C0000 0x00010000 4
[2022-12-19 23:01:34] INFO     mem_cmp 0x5BFC0000 0x7BFC0000 0x00010000 4
[2022-12-19 23:01:40] INFO     mem_cmp 0x5C7C0000 0x7C7C0000 0x00010000 4
[2022-12-19 23:01:47] INFO     mem_cmp 0x5CFC0000 0x7CFC0000 0x00010000 4
[2022-12-19 23:01:54] INFO     mem_cmp 0x5D7C0000 0x7D7C0000 0x00010000 4
[2022-12-19 23:02:00] INFO     mem_cmp 0x5DFC0000 0x7DFC0000 0x00010000 4
[2022-12-19 23:02:07] INFO     mem_cmp 0x5E7C0000 0x7E7C0000 0x00010000 4
[2022-12-19 23:02:14] INFO     mem_cmp 0x5EFC0000 0x7EFC0000 0x00010000 4
[2022-12-19 23:02:20] INFO     mem_cmp 0x5F7C0000 0x7F7C0000 0x00010000 4
[2022-12-19 23:02:26] INFO     mem_cmp 0x5FFC0000 0x7FFC0000 0x00010000 4
[2022-12-19 23:02:27] INFO     STATE:Mem Compare State
[2022-12-19 23:02:33] INFO     mem_cmp 0x407C0000 0x607C0000 0x00010000 4
[2022-12-19 23:02:39] INFO     mem_cmp 0x40FC0000 0x60FC0000 0x00010000 4
[2022-12-19 23:02:46] INFO     mem_cmp 0x417C0000 0x617C0000 0x00010000 4
[2022-12-19 23:02:53] INFO     mem_cmp 0x41FC0000 0x61FC0000 0x00010000 4
[2022-12-19 23:02:59] INFO     mem_cmp 0x427C0000 0x627C0000 0x00010000 4
[2022-12-19 23:03:06] INFO     mem_cmp 0x42FC0000 0x62FC0000 0x00010000 4
[2022-12-19 23:03:13] INFO     mem_cmp 0x437C0000 0x637C0000 0x00010000 4
[2022-12-19 23:03:19] INFO     mem_cmp 0x43FC0000 0x63FC0000 0x00010000 4
[2022-12-19 23:03:26] INFO     mem_cmp 0x447C0000 0x647C0000 0x00010000 4
[2022-12-19 23:03:32] INFO     mem_cmp 0x44FC0000 0x64FC0000 0x00010000 4
[2022-12-19 23:03:39] INFO     mem_cmp 0x457C0000 0x657C0000 0x00010000 4
[2022-12-19 23:03:46] INFO     mem_cmp 0x45FC0000 0x65FC0000 0x00010000 4
[2022-12-19 23:03:52] INFO     mem_cmp 0x467C0000 0x667C0000 0x00010000 4
[2022-12-19 23:03:59] INFO     mem_cmp 0x46FC0000 0x66FC0000 0x00010000 4
[2022-12-19 23:04:05] INFO     mem_cmp 0x477C0000 0x677C0000 0x00010000 4
[2022-12-19 23:04:12] INFO     mem_cmp 0x47FC0000 0x67FC0000 0x00010000 4
[2022-12-19 23:04:19] INFO     mem_cmp 0x487C0000 0x687C0000 0x00010000 4
[2022-12-19 23:04:25] INFO     mem_cmp 0x48FC0000 0x68FC0000 0x00010000 4
[2022-12-19 23:04:32] INFO     mem_cmp 0x497C0000 0x697C0000 0x00010000 4
[2022-12-19 23:04:38] INFO     mem_cmp 0x49FC0000 0x69FC0000 0x00010000 4
[2022-12-19 23:04:45] INFO     mem_cmp 0x4A7C0000 0x6A7C0000 0x00010000 4
[2022-12-19 23:04:51] INFO     mem_cmp 0x4AFC0000 0x6AFC0000 0x00010000 4
[2022-12-19 23:04:58] INFO     mem_cmp 0x4B7C0000 0x6B7C0000 0x00010000 4
[2022-12-19 23:05:05] INFO     mem_cmp 0x4BFC0000 0x6BFC0000 0x00010000 4
[2022-12-19 23:05:12] INFO     mem_cmp 0x4C7C0000 0x6C7C0000 0x00010000 4
[2022-12-19 23:05:19] INFO     mem_cmp 0x4CFC0000 0x6CFC0000 0x00010000 4
[2022-12-19 23:05:25] INFO     mem_cmp 0x4D7C0000 0x6D7C0000 0x00010000 4
[2022-12-19 23:05:32] INFO     mem_cmp 0x4DFC0000 0x6DFC0000 0x00010000 4
[2022-12-19 23:05:38] INFO     mem_cmp 0x4E7C0000 0x6E7C0000 0x00010000 4
[2022-12-19 23:05:45] INFO     mem_cmp 0x4EFC0000 0x6EFC0000 0x00010000 4
[2022-12-19 23:05:51] INFO     mem_cmp 0x4F7C0000 0x6F7C0000 0x00010000 4
[2022-12-19 23:05:58] INFO     mem_cmp 0x4FFC0000 0x6FFC0000 0x00010000 4
[2022-12-19 23:06:05] INFO     mem_cmp 0x507C0000 0x707C0000 0x00010000 4
[2022-12-19 23:06:11] INFO     mem_cmp 0x50FC0000 0x70FC0000 0x00010000 4
[2022-12-19 23:06:18] INFO     mem_cmp 0x517C0000 0x717C0000 0x00010000 4
[2022-12-19 23:06:25] INFO     mem_cmp 0x51FC0000 0x71FC0000 0x00010000 4
[2022-12-19 23:06:31] INFO     mem_cmp 0x527C0000 0x727C0000 0x00010000 4
[2022-12-19 23:06:38] INFO     mem_cmp 0x52FC0000 0x72FC0000 0x00010000 4
[2022-12-19 23:06:45] INFO     mem_cmp 0x537C0000 0x737C0000 0x00010000 4
[2022-12-19 23:06:51] INFO     mem_cmp 0x53FC0000 0x73FC0000 0x00010000 4
[2022-12-19 23:06:58] INFO     mem_cmp 0x547C0000 0x747C0000 0x00010000 4
[2022-12-19 23:07:05] INFO     mem_cmp 0x54FC0000 0x74FC0000 0x00010000 4
[2022-12-19 23:07:12] INFO     mem_cmp 0x557C0000 0x757C0000 0x00010000 4
[2022-12-19 23:07:18] INFO     mem_cmp 0x55FC0000 0x75FC0000 0x00010000 4
[2022-12-19 23:07:25] INFO     mem_cmp 0x567C0000 0x767C0000 0x00010000 4
[2022-12-19 23:07:31] INFO     mem_cmp 0x56FC0000 0x76FC0000 0x00010000 4
[2022-12-19 23:07:38] INFO     mem_cmp 0x577C0000 0x777C0000 0x00010000 4
[2022-12-19 23:07:45] INFO     mem_cmp 0x57FC0000 0x77FC0000 0x00010000 4
[2022-12-19 23:07:51] INFO     mem_cmp 0x587C0000 0x787C0000 0x00010000 4
[2022-12-19 23:07:58] INFO     mem_cmp 0x58FC0000 0x78FC0000 0x00010000 4
[2022-12-19 23:08:05] INFO     mem_cmp 0x597C0000 0x797C0000 0x00010000 4
[2022-12-19 23:08:11] INFO     mem_cmp 0x59FC0000 0x79FC0000 0x00010000 4
[2022-12-19 23:08:18] INFO     mem_cmp 0x5A7C0000 0x7A7C0000 0x00010000 4
[2022-12-19 23:08:24] INFO     mem_cmp 0x5AFC0000 0x7AFC0000 0x00010000 4
[2022-12-19 23:08:31] INFO     mem_cmp 0x5B7C0000 0x7B7C0000 0x00010000 4
[2022-12-19 23:08:38] INFO     mem_cmp 0x5BFC0000 0x7BFC0000 0x00010000 4
[2022-12-19 23:08:45] INFO     mem_cmp 0x5C7C0000 0x7C7C0000 0x00010000 4
[2022-12-19 23:08:51] INFO     mem_cmp 0x5CFC0000 0x7CFC0000 0x00010000 4
[2022-12-19 23:08:58] INFO     mem_cmp 0x5D7C0000 0x7D7C0000 0x00010000 4
[2022-12-19 23:09:05] INFO     mem_cmp 0x5DFC0000 0x7DFC0000 0x00010000 4
[2022-12-19 23:09:11] INFO     mem_cmp 0x5E7C0000 0x7E7C0000 0x00010000 4
[2022-12-19 23:09:18] INFO     mem_cmp 0x5EFC0000 0x7EFC0000 0x00010000 4
[2022-12-19 23:09:25] INFO     mem_cmp 0x5F7C0000 0x7F7C0000 0x00010000 4
[2022-12-19 23:09:31] INFO     mem_cmp 0x5FFC0000 0x7FFC0000 0x00010000 4
[2022-12-19 23:09:32] INFO     STATE:Mem Compare State
[2022-12-19 23:09:38] INFO     mem_cmp 0x407C0000 0x607C0000 0x00010000 4
[2022-12-19 23:09:44] INFO     mem_cmp 0x40FC0000 0x60FC0000 0x00010000 4
[2022-12-19 23:09:51] INFO     mem_cmp 0x417C0000 0x617C0000 0x00010000 4
[2022-12-19 23:09:58] INFO     mem_cmp 0x41FC0000 0x61FC0000 0x00010000 4
[2022-12-19 23:10:04] INFO     mem_cmp 0x427C0000 0x627C0000 0x00010000 4
[2022-12-19 23:10:10] INFO     mem_cmp 0x42FC0000 0x62FC0000 0x00010000 4
[2022-12-19 23:10:17] INFO     mem_cmp 0x437C0000 0x637C0000 0x00010000 4
[2022-12-19 23:10:24] INFO     mem_cmp 0x43FC0000 0x63FC0000 0x00010000 4
[2022-12-19 23:10:31] INFO     mem_cmp 0x447C0000 0x647C0000 0x00010000 4
[2022-12-19 23:10:37] INFO     mem_cmp 0x44FC0000 0x64FC0000 0x00010000 4
[2022-12-19 23:10:44] INFO     mem_cmp 0x457C0000 0x657C0000 0x00010000 4
[2022-12-19 23:10:51] INFO     mem_cmp 0x45FC0000 0x65FC0000 0x00010000 4
[2022-12-19 23:10:57] INFO     mem_cmp 0x467C0000 0x667C0000 0x00010000 4
[2022-12-19 23:11:04] INFO     mem_cmp 0x46FC0000 0x66FC0000 0x00010000 4
[2022-12-19 23:11:10] INFO     mem_cmp 0x477C0000 0x677C0000 0x00010000 4
[2022-12-19 23:11:17] INFO     mem_cmp 0x47FC0000 0x67FC0000 0x00010000 4
[2022-12-19 23:11:24] INFO     mem_cmp 0x487C0000 0x687C0000 0x00010000 4
[2022-12-19 23:11:30] INFO     mem_cmp 0x48FC0000 0x68FC0000 0x00010000 4
[2022-12-19 23:11:37] INFO     mem_cmp 0x497C0000 0x697C0000 0x00010000 4
[2022-12-19 23:11:43] INFO     mem_cmp 0x49FC0000 0x69FC0000 0x00010000 4
[2022-12-19 23:11:50] INFO     mem_cmp 0x4A7C0000 0x6A7C0000 0x00010000 4
[2022-12-19 23:11:57] INFO     mem_cmp 0x4AFC0000 0x6AFC0000 0x00010000 4
[2022-12-19 23:12:03] INFO     mem_cmp 0x4B7C0000 0x6B7C0000 0x00010000 4
[2022-12-19 23:12:10] INFO     mem_cmp 0x4BFC0000 0x6BFC0000 0x00010000 4
[2022-12-19 23:12:17] INFO     mem_cmp 0x4C7C0000 0x6C7C0000 0x00010000 4
[2022-12-19 23:12:23] INFO     mem_cmp 0x4CFC0000 0x6CFC0000 0x00010000 4
[2022-12-19 23:12:30] INFO     mem_cmp 0x4D7C0000 0x6D7C0000 0x00010000 4
[2022-12-19 23:12:36] INFO     mem_cmp 0x4DFC0000 0x6DFC0000 0x00010000 4
[2022-12-19 23:12:43] INFO     mem_cmp 0x4E7C0000 0x6E7C0000 0x00010000 4
[2022-12-19 23:12:50] INFO     mem_cmp 0x4EFC0000 0x6EFC0000 0x00010000 4
[2022-12-19 23:12:56] INFO     mem_cmp 0x4F7C0000 0x6F7C0000 0x00010000 4
[2022-12-19 23:13:03] INFO     mem_cmp 0x4FFC0000 0x6FFC0000 0x00010000 4
[2022-12-19 23:13:09] INFO     mem_cmp 0x507C0000 0x707C0000 0x00010000 4
[2022-12-19 23:13:16] INFO     mem_cmp 0x50FC0000 0x70FC0000 0x00010000 4
[2022-12-19 23:13:23] INFO     mem_cmp 0x517C0000 0x717C0000 0x00010000 4
[2022-12-19 23:13:30] INFO     mem_cmp 0x51FC0000 0x71FC0000 0x00010000 4
[2022-12-19 23:13:36] INFO     mem_cmp 0x527C0000 0x727C0000 0x00010000 4
[2022-12-19 23:13:43] INFO     mem_cmp 0x52FC0000 0x72FC0000 0x00010000 4
[2022-12-19 23:13:50] INFO     mem_cmp 0x537C0000 0x737C0000 0x00010000 4
[2022-12-19 23:13:56] INFO     mem_cmp 0x53FC0000 0x73FC0000 0x00010000 4
[2022-12-19 23:14:03] INFO     mem_cmp 0x547C0000 0x747C0000 0x00010000 4
[2022-12-19 23:14:10] INFO     mem_cmp 0x54FC0000 0x74FC0000 0x00010000 4
[2022-12-19 23:14:17] INFO     mem_cmp 0x557C0000 0x757C0000 0x00010000 4
[2022-12-19 23:14:24] INFO     mem_cmp 0x55FC0000 0x75FC0000 0x00010000 4
[2022-12-19 23:14:31] INFO     mem_cmp 0x567C0000 0x767C0000 0x00010000 4
[2022-12-19 23:14:37] INFO     mem_cmp 0x56FC0000 0x76FC0000 0x00010000 4
[2022-12-19 23:14:44] INFO     mem_cmp 0x577C0000 0x777C0000 0x00010000 4
[2022-12-19 23:14:50] INFO     mem_cmp 0x57FC0000 0x77FC0000 0x00010000 4
[2022-12-19 23:14:57] INFO     mem_cmp 0x587C0000 0x787C0000 0x00010000 4
[2022-12-19 23:15:04] INFO     mem_cmp 0x58FC0000 0x78FC0000 0x00010000 4
[2022-12-19 23:15:10] INFO     mem_cmp 0x597C0000 0x797C0000 0x00010000 4
[2022-12-19 23:15:17] INFO     mem_cmp 0x59FC0000 0x79FC0000 0x00010000 4
[2022-12-19 23:15:23] INFO     mem_cmp 0x5A7C0000 0x7A7C0000 0x00010000 4
[2022-12-19 23:15:30] INFO     mem_cmp 0x5AFC0000 0x7AFC0000 0x00010000 4
[2022-12-19 23:15:37] INFO     mem_cmp 0x5B7C0000 0x7B7C0000 0x00010000 4
[2022-12-19 23:15:43] INFO     mem_cmp 0x5BFC0000 0x7BFC0000 0x00010000 4
[2022-12-19 23:15:50] INFO     mem_cmp 0x5C7C0000 0x7C7C0000 0x00010000 4
[2022-12-19 23:15:57] INFO     mem_cmp 0x5CFC0000 0x7CFC0000 0x00010000 4
[2022-12-19 23:16:03] INFO     mem_cmp 0x5D7C0000 0x7D7C0000 0x00010000 4
[2022-12-19 23:16:10] INFO     mem_cmp 0x5DFC0000 0x7DFC0000 0x00010000 4
[2022-12-19 23:16:16] INFO     mem_cmp 0x5E7C0000 0x7E7C0000 0x00010000 4
[2022-12-19 23:16:23] INFO     mem_cmp 0x5EFC0000 0x7EFC0000 0x00010000 4
[2022-12-19 23:16:29] INFO     mem_cmp 0x5F7C0000 0x7F7C0000 0x00010000 4
[2022-12-19 23:16:36] INFO     mem_cmp 0x5FFC0000 0x7FFC0000 0x00010000 4
[2022-12-19 23:16:36] INFO     STATE:Mem Compare State
[2022-12-19 23:16:42] INFO     mem_cmp 0x407C0000 0x607C0000 0x00010000 4
[2022-12-19 23:16:49] INFO     mem_cmp 0x40FC0000 0x60FC0000 0x00010000 4
[2022-12-19 23:16:56] INFO     mem_cmp 0x417C0000 0x617C0000 0x00010000 4
[2022-12-19 23:17:02] INFO     mem_cmp 0x41FC0000 0x61FC0000 0x00010000 4
[2022-12-19 23:17:09] INFO     mem_cmp 0x427C0000 0x627C0000 0x00010000 4
[2022-12-19 23:17:16] INFO     mem_cmp 0x42FC0000 0x62FC0000 0x00010000 4
[2022-12-19 23:17:22] INFO     mem_cmp 0x437C0000 0x637C0000 0x00010000 4
[2022-12-19 23:17:29] INFO     mem_cmp 0x43FC0000 0x63FC0000 0x00010000 4
[2022-12-19 23:17:35] INFO     mem_cmp 0x447C0000 0x647C0000 0x00010000 4
[2022-12-19 23:17:42] INFO     mem_cmp 0x44FC0000 0x64FC0000 0x00010000 4
[2022-12-19 23:17:49] INFO     mem_cmp 0x457C0000 0x657C0000 0x00010000 4
[2022-12-19 23:17:55] INFO     mem_cmp 0x45FC0000 0x65FC0000 0x00010000 4
[2022-12-19 23:18:02] INFO     mem_cmp 0x467C0000 0x667C0000 0x00010000 4
[2022-12-19 23:18:09] INFO     mem_cmp 0x46FC0000 0x66FC0000 0x00010000 4
[2022-12-19 23:18:15] INFO     mem_cmp 0x477C0000 0x677C0000 0x00010000 4
[2022-12-19 23:18:22] INFO     mem_cmp 0x47FC0000 0x67FC0000 0x00010000 4
[2022-12-19 23:18:29] INFO     mem_cmp 0x487C0000 0x687C0000 0x00010000 4
[2022-12-19 23:18:35] INFO     mem_cmp 0x48FC0000 0x68FC0000 0x00010000 4
[2022-12-19 23:18:42] INFO     mem_cmp 0x497C0000 0x697C0000 0x00010000 4
[2022-12-19 23:18:48] INFO     mem_cmp 0x49FC0000 0x69FC0000 0x00010000 4
[2022-12-19 23:18:55] INFO     mem_cmp 0x4A7C0000 0x6A7C0000 0x00010000 4
[2022-12-19 23:19:02] INFO     mem_cmp 0x4AFC0000 0x6AFC0000 0x00010000 4
[2022-12-19 23:19:08] INFO     mem_cmp 0x4B7C0000 0x6B7C0000 0x00010000 4
[2022-12-19 23:19:15] INFO     mem_cmp 0x4BFC0000 0x6BFC0000 0x00010000 4
[2022-12-19 23:19:22] INFO     mem_cmp 0x4C7C0000 0x6C7C0000 0x00010000 4
[2022-12-19 23:19:28] INFO     mem_cmp 0x4CFC0000 0x6CFC0000 0x00010000 4
[2022-12-19 23:19:35] INFO     mem_cmp 0x4D7C0000 0x6D7C0000 0x00010000 4
[2022-12-19 23:19:42] INFO     mem_cmp 0x4DFC0000 0x6DFC0000 0x00010000 4
[2022-12-19 23:19:48] INFO     mem_cmp 0x4E7C0000 0x6E7C0000 0x00010000 4
[2022-12-19 23:19:55] INFO     mem_cmp 0x4EFC0000 0x6EFC0000 0x00010000 4
[2022-12-19 23:20:01] INFO     mem_cmp 0x4F7C0000 0x6F7C0000 0x00010000 4
[2022-12-19 23:20:08] INFO     mem_cmp 0x4FFC0000 0x6FFC0000 0x00010000 4
[2022-12-19 23:20:15] INFO     mem_cmp 0x507C0000 0x707C0000 0x00010000 4
[2022-12-19 23:20:21] INFO     mem_cmp 0x50FC0000 0x70FC0000 0x00010000 4
[2022-12-19 23:20:28] INFO     mem_cmp 0x517C0000 0x717C0000 0x00010000 4
[2022-12-19 23:20:35] INFO     mem_cmp 0x51FC0000 0x71FC0000 0x00010000 4
[2022-12-19 23:20:41] INFO     mem_cmp 0x527C0000 0x727C0000 0x00010000 4
[2022-12-19 23:20:48] INFO     mem_cmp 0x52FC0000 0x72FC0000 0x00010000 4
[2022-12-19 23:20:55] INFO     mem_cmp 0x537C0000 0x737C0000 0x00010000 4
[2022-12-19 23:21:01] INFO     mem_cmp 0x53FC0000 0x73FC0000 0x00010000 4
[2022-12-19 23:21:08] INFO     mem_cmp 0x547C0000 0x747C0000 0x00010000 4
[2022-12-19 23:21:14] INFO     mem_cmp 0x54FC0000 0x74FC0000 0x00010000 4
[2022-12-19 23:21:21] INFO     mem_cmp 0x557C0000 0x757C0000 0x00010000 4
[2022-12-19 23:21:27] INFO     mem_cmp 0x55FC0000 0x75FC0000 0x00010000 4
[2022-12-19 23:21:34] INFO     mem_cmp 0x567C0000 0x767C0000 0x00010000 4
[2022-12-19 23:21:41] INFO     mem_cmp 0x56FC0000 0x76FC0000 0x00010000 4
[2022-12-19 23:21:48] INFO     mem_cmp 0x577C0000 0x777C0000 0x00010000 4
[2022-12-19 23:21:54] INFO     mem_cmp 0x57FC0000 0x77FC0000 0x00010000 4
[2022-12-19 23:22:01] INFO     mem_cmp 0x587C0000 0x787C0000 0x00010000 4
[2022-12-19 23:22:08] INFO     mem_cmp 0x58FC0000 0x78FC0000 0x00010000 4
[2022-12-19 23:22:14] INFO     mem_cmp 0x597C0000 0x797C0000 0x00010000 4
[2022-12-19 23:22:21] INFO     mem_cmp 0x59FC0000 0x79FC0000 0x00010000 4
[2022-12-19 23:22:27] INFO     mem_cmp 0x5A7C0000 0x7A7C0000 0x00010000 4
[2022-12-19 23:22:34] INFO     mem_cmp 0x5AFC0000 0x7AFC0000 0x00010000 4
[2022-12-19 23:22:41] INFO     mem_cmp 0x5B7C0000 0x7B7C0000 0x00010000 4
[2022-12-19 23:22:47] INFO     mem_cmp 0x5BFC0000 0x7BFC0000 0x00010000 4
[2022-12-19 23:22:54] INFO     mem_cmp 0x5C7C0000 0x7C7C0000 0x00010000 4
[2022-12-19 23:23:01] INFO     mem_cmp 0x5CFC0000 0x7CFC0000 0x00010000 4
[2022-12-19 23:23:07] INFO     mem_cmp 0x5D7C0000 0x7D7C0000 0x00010000 4
[2022-12-19 23:23:14] INFO     mem_cmp 0x5DFC0000 0x7DFC0000 0x00010000 4
[2022-12-19 23:23:20] INFO     mem_cmp 0x5E7C0000 0x7E7C0000 0x00010000 4
[2022-12-19 23:23:27] INFO     mem_cmp 0x5EFC0000 0x7EFC0000 0x00010000 4
[2022-12-19 23:23:34] INFO     mem_cmp 0x5F7C0000 0x7F7C0000 0x00010000 4
[2022-12-19 23:23:40] INFO     mem_cmp 0x5FFC0000 0x7FFC0000 0x00010000 4
[2022-12-19 23:23:41] INFO     STATE:Mem Compare State
[2022-12-19 23:23:47] INFO     mem_cmp 0x407C0000 0x607C0000 0x00010000 4
[2022-12-19 23:23:54] INFO     mem_cmp 0x40FC0000 0x60FC0000 0x00010000 4
[2022-12-19 23:24:01] INFO     mem_cmp 0x417C0000 0x617C0000 0x00010000 4
[2022-12-19 23:24:07] INFO     mem_cmp 0x41FC0000 0x61FC0000 0x00010000 4
[2022-12-19 23:24:14] INFO     mem_cmp 0x427C0000 0x627C0000 0x00010000 4
[2022-12-19 23:24:20] INFO     mem_cmp 0x42FC0000 0x62FC0000 0x00010000 4
[2022-12-19 23:24:27] INFO     mem_cmp 0x437C0000 0x637C0000 0x00010000 4
[2022-12-19 23:24:33] INFO     mem_cmp 0x43FC0000 0x63FC0000 0x00010000 4
[2022-12-19 23:24:40] INFO     mem_cmp 0x447C0000 0x647C0000 0x00010000 4
[2022-12-19 23:24:47] INFO     mem_cmp 0x44FC0000 0x64FC0000 0x00010000 4
[2022-12-19 23:24:53] INFO     mem_cmp 0x457C0000 0x657C0000 0x00010000 4
[2022-12-19 23:25:00] INFO     mem_cmp 0x45FC0000 0x65FC0000 0x00010000 4
[2022-12-19 23:25:07] INFO     mem_cmp 0x467C0000 0x667C0000 0x00010000 4
[2022-12-19 23:25:13] INFO     mem_cmp 0x46FC0000 0x66FC0000 0x00010000 4
[2022-12-19 23:25:20] INFO     mem_cmp 0x477C0000 0x677C0000 0x00010000 4
[2022-12-19 23:25:27] INFO     mem_cmp 0x47FC0000 0x67FC0000 0x00010000 4
[2022-12-19 23:25:33] INFO     mem_cmp 0x487C0000 0x687C0000 0x00010000 4
[2022-12-19 23:25:40] INFO     mem_cmp 0x48FC0000 0x68FC0000 0x00010000 4
[2022-12-19 23:25:47] INFO     mem_cmp 0x497C0000 0x697C0000 0x00010000 4
[2022-12-19 23:25:53] INFO     mem_cmp 0x49FC0000 0x69FC0000 0x00010000 4
[2022-12-19 23:26:00] INFO     mem_cmp 0x4A7C0000 0x6A7C0000 0x00010000 4
[2022-12-19 23:26:06] INFO     mem_cmp 0x4AFC0000 0x6AFC0000 0x00010000 4
[2022-12-19 23:26:13] INFO     mem_cmp 0x4B7C0000 0x6B7C0000 0x00010000 4
[2022-12-19 23:26:20] INFO     mem_cmp 0x4BFC0000 0x6BFC0000 0x00010000 4
[2022-12-19 23:26:26] INFO     mem_cmp 0x4C7C0000 0x6C7C0000 0x00010000 4
[2022-12-19 23:26:33] INFO     mem_cmp 0x4CFC0000 0x6CFC0000 0x00010000 4
[2022-12-19 23:26:39] INFO     mem_cmp 0x4D7C0000 0x6D7C0000 0x00010000 4
[2022-12-19 23:26:46] INFO     mem_cmp 0x4DFC0000 0x6DFC0000 0x00010000 4
[2022-12-19 23:26:53] INFO     mem_cmp 0x4E7C0000 0x6E7C0000 0x00010000 4
[2022-12-19 23:26:59] INFO     mem_cmp 0x4EFC0000 0x6EFC0000 0x00010000 4
[2022-12-19 23:27:06] INFO     mem_cmp 0x4F7C0000 0x6F7C0000 0x00010000 4
[2022-12-19 23:27:13] INFO     mem_cmp 0x4FFC0000 0x6FFC0000 0x00010000 4
[2022-12-19 23:27:19] INFO     mem_cmp 0x507C0000 0x707C0000 0x00010000 4
[2022-12-19 23:27:26] INFO     mem_cmp 0x50FC0000 0x70FC0000 0x00010000 4
[2022-12-19 23:27:33] INFO     mem_cmp 0x517C0000 0x717C0000 0x00010000 4
[2022-12-19 23:27:39] INFO     mem_cmp 0x51FC0000 0x71FC0000 0x00010000 4
[2022-12-19 23:27:46] INFO     mem_cmp 0x527C0000 0x727C0000 0x00010000 4
[2022-12-19 23:27:52] INFO     mem_cmp 0x52FC0000 0x72FC0000 0x00010000 4
[2022-12-19 23:27:59] INFO     mem_cmp 0x537C0000 0x737C0000 0x00010000 4
[2022-12-19 23:28:06] INFO     mem_cmp 0x53FC0000 0x73FC0000 0x00010000 4
[2022-12-19 23:28:12] INFO     mem_cmp 0x547C0000 0x747C0000 0x00010000 4
[2022-12-19 23:28:19] INFO     mem_cmp 0x54FC0000 0x74FC0000 0x00010000 4
[2022-12-19 23:28:26] INFO     mem_cmp 0x557C0000 0x757C0000 0x00010000 4
[2022-12-19 23:28:33] INFO     mem_cmp 0x55FC0000 0x75FC0000 0x00010000 4
[2022-12-19 23:28:40] INFO     mem_cmp 0x567C0000 0x767C0000 0x00010000 4
[2022-12-19 23:28:46] INFO     mem_cmp 0x56FC0000 0x76FC0000 0x00010000 4
[2022-12-19 23:28:53] INFO     mem_cmp 0x577C0000 0x777C0000 0x00010000 4
[2022-12-19 23:28:59] INFO     mem_cmp 0x57FC0000 0x77FC0000 0x00010000 4
[2022-12-19 23:29:06] INFO     mem_cmp 0x587C0000 0x787C0000 0x00010000 4
[2022-12-19 23:29:13] INFO     mem_cmp 0x58FC0000 0x78FC0000 0x00010000 4
[2022-12-19 23:29:19] INFO     mem_cmp 0x597C0000 0x797C0000 0x00010000 4
[2022-12-19 23:29:26] INFO     mem_cmp 0x59FC0000 0x79FC0000 0x00010000 4
[2022-12-19 23:29:33] INFO     mem_cmp 0x5A7C0000 0x7A7C0000 0x00010000 4
[2022-12-19 23:29:39] INFO     mem_cmp 0x5AFC0000 0x7AFC0000 0x00010000 4
[2022-12-19 23:29:46] INFO     mem_cmp 0x5B7C0000 0x7B7C0000 0x00010000 4
[2022-12-19 23:29:53] INFO     mem_cmp 0x5BFC0000 0x7BFC0000 0x00010000 4
[2022-12-19 23:29:59] INFO     mem_cmp 0x5C7C0000 0x7C7C0000 0x00010000 4
[2022-12-19 23:30:06] INFO     mem_cmp 0x5CFC0000 0x7CFC0000 0x00010000 4
[2022-12-19 23:30:13] INFO     mem_cmp 0x5D7C0000 0x7D7C0000 0x00010000 4
[2022-12-19 23:30:19] INFO     mem_cmp 0x5DFC0000 0x7DFC0000 0x00010000 4
[2022-12-19 23:30:26] INFO     mem_cmp 0x5E7C0000 0x7E7C0000 0x00010000 4
[2022-12-19 23:30:33] INFO     mem_cmp 0x5EFC0000 0x7EFC0000 0x00010000 4
[2022-12-19 23:30:39] INFO     mem_cmp 0x5F7C0000 0x7F7C0000 0x00010000 4
[2022-12-19 23:30:46] INFO     mem_cmp 0x5FFC0000 0x7FFC0000 0x00010000 4
[2022-12-19 23:30:46] INFO     STATE:Mem Compare State
[2022-12-19 23:30:53] INFO     mem_cmp 0x407C0000 0x607C0000 0x00010000 4
[2022-12-19 23:30:59] INFO     mem_cmp 0x40FC0000 0x60FC0000 0x00010000 4
[2022-12-19 23:31:06] INFO     mem_cmp 0x417C0000 0x617C0000 0x00010000 4
[2022-12-19 23:31:13] INFO     mem_cmp 0x41FC0000 0x61FC0000 0x00010000 4
[2022-12-19 23:31:19] INFO     mem_cmp 0x427C0000 0x627C0000 0x00010000 4
[2022-12-19 23:31:26] INFO     mem_cmp 0x42FC0000 0x62FC0000 0x00010000 4
[2022-12-19 23:31:33] INFO     mem_cmp 0x437C0000 0x637C0000 0x00010000 4
[2022-12-19 23:31:40] INFO     mem_cmp 0x43FC0000 0x63FC0000 0x00010000 4
[2022-12-19 23:31:46] INFO     mem_cmp 0x447C0000 0x647C0000 0x00010000 4
[2022-12-19 23:31:53] INFO     mem_cmp 0x44FC0000 0x64FC0000 0x00010000 4
[2022-12-19 23:32:00] INFO     mem_cmp 0x457C0000 0x657C0000 0x00010000 4
[2022-12-19 23:32:06] INFO     mem_cmp 0x45FC0000 0x65FC0000 0x00010000 4
[2022-12-19 23:32:13] INFO     mem_cmp 0x467C0000 0x667C0000 0x00010000 4
[2022-12-19 23:32:20] INFO     mem_cmp 0x46FC0000 0x66FC0000 0x00010000 4
[2022-12-19 23:32:27] INFO     mem_cmp 0x477C0000 0x677C0000 0x00010000 4
[2022-12-19 23:32:33] INFO     mem_cmp 0x47FC0000 0x67FC0000 0x00010000 4
[2022-12-19 23:32:40] INFO     mem_cmp 0x487C0000 0x687C0000 0x00010000 4
[2022-12-19 23:32:46] INFO     mem_cmp 0x48FC0000 0x68FC0000 0x00010000 4
[2022-12-19 23:32:53] INFO     mem_cmp 0x497C0000 0x697C0000 0x00010000 4
[2022-12-19 23:33:00] INFO     mem_cmp 0x49FC0000 0x69FC0000 0x00010000 4
[2022-12-19 23:33:06] INFO     mem_cmp 0x4A7C0000 0x6A7C0000 0x00010000 4
[2022-12-19 23:33:13] INFO     mem_cmp 0x4AFC0000 0x6AFC0000 0x00010000 4
[2022-12-19 23:33:20] INFO     mem_cmp 0x4B7C0000 0x6B7C0000 0x00010000 4
[2022-12-19 23:33:26] INFO     mem_cmp 0x4BFC0000 0x6BFC0000 0x00010000 4
[2022-12-19 23:33:33] INFO     mem_cmp 0x4C7C0000 0x6C7C0000 0x00010000 4
[2022-12-19 23:33:40] INFO     mem_cmp 0x4CFC0000 0x6CFC0000 0x00010000 4
[2022-12-19 23:33:46] INFO     mem_cmp 0x4D7C0000 0x6D7C0000 0x00010000 4
[2022-12-19 23:33:53] INFO     mem_cmp 0x4DFC0000 0x6DFC0000 0x00010000 4
[2022-12-19 23:33:59] INFO     mem_cmp 0x4E7C0000 0x6E7C0000 0x00010000 4
[2022-12-19 23:34:06] INFO     mem_cmp 0x4EFC0000 0x6EFC0000 0x00010000 4
[2022-12-19 23:34:12] INFO     mem_cmp 0x4F7C0000 0x6F7C0000 0x00010000 4
[2022-12-19 23:34:19] INFO     mem_cmp 0x4FFC0000 0x6FFC0000 0x00010000 4
[2022-12-19 23:34:26] INFO     mem_cmp 0x507C0000 0x707C0000 0x00010000 4
[2022-12-19 23:34:33] INFO     mem_cmp 0x50FC0000 0x70FC0000 0x00010000 4
[2022-12-19 23:34:39] INFO     mem_cmp 0x517C0000 0x717C0000 0x00010000 4
[2022-12-19 23:34:46] INFO     mem_cmp 0x51FC0000 0x71FC0000 0x00010000 4
[2022-12-19 23:34:52] INFO     mem_cmp 0x527C0000 0x727C0000 0x00010000 4
[2022-12-19 23:34:59] INFO     mem_cmp 0x52FC0000 0x72FC0000 0x00010000 4
[2022-12-19 23:35:06] INFO     mem_cmp 0x537C0000 0x737C0000 0x00010000 4
[2022-12-19 23:35:12] INFO     mem_cmp 0x53FC0000 0x73FC0000 0x00010000 4
[2022-12-19 23:35:19] INFO     mem_cmp 0x547C0000 0x747C0000 0x00010000 4
[2022-12-19 23:35:26] INFO     mem_cmp 0x54FC0000 0x74FC0000 0x00010000 4
[2022-12-19 23:35:32] INFO     mem_cmp 0x557C0000 0x757C0000 0x00010000 4
[2022-12-19 23:35:39] INFO     mem_cmp 0x55FC0000 0x75FC0000 0x00010000 4
[2022-12-19 23:35:46] INFO     mem_cmp 0x567C0000 0x767C0000 0x00010000 4
[2022-12-19 23:35:52] INFO     mem_cmp 0x56FC0000 0x76FC0000 0x00010000 4
[2022-12-19 23:35:59] INFO     mem_cmp 0x577C0000 0x777C0000 0x00010000 4
[2022-12-19 23:36:05] INFO     mem_cmp 0x57FC0000 0x77FC0000 0x00010000 4
[2022-12-19 23:36:12] INFO     mem_cmp 0x587C0000 0x787C0000 0x00010000 4
[2022-12-19 23:36:18] INFO     mem_cmp 0x58FC0000 0x78FC0000 0x00010000 4
[2022-12-19 23:36:25] INFO     mem_cmp 0x597C0000 0x797C0000 0x00010000 4
[2022-12-19 23:36:32] INFO     mem_cmp 0x59FC0000 0x79FC0000 0x00010000 4
[2022-12-19 23:36:38] INFO     mem_cmp 0x5A7C0000 0x7A7C0000 0x00010000 4
[2022-12-19 23:36:45] INFO     mem_cmp 0x5AFC0000 0x7AFC0000 0x00010000 4
[2022-12-19 23:36:51] INFO     mem_cmp 0x5B7C0000 0x7B7C0000 0x00010000 4
[2022-12-19 23:36:58] INFO     mem_cmp 0x5BFC0000 0x7BFC0000 0x00010000 4
[2022-12-19 23:37:05] INFO     mem_cmp 0x5C7C0000 0x7C7C0000 0x00010000 4
[2022-12-19 23:37:11] INFO     mem_cmp 0x5CFC0000 0x7CFC0000 0x00010000 4
[2022-12-19 23:37:18] INFO     mem_cmp 0x5D7C0000 0x7D7C0000 0x00010000 4
[2022-12-19 23:37:25] INFO     mem_cmp 0x5DFC0000 0x7DFC0000 0x00010000 4
[2022-12-19 23:37:32] INFO     mem_cmp 0x5E7C0000 0x7E7C0000 0x00010000 4
[2022-12-19 23:37:38] INFO     mem_cmp 0x5EFC0000 0x7EFC0000 0x00010000 4
[2022-12-19 23:37:45] INFO     mem_cmp 0x5F7C0000 0x7F7C0000 0x00010000 4
[2022-12-19 23:37:51] INFO     mem_cmp 0x5FFC0000 0x7FFC0000 0x00010000 4
[2022-12-19 23:37:52] INFO     STATE:Mem Compare State
[2022-12-19 23:37:58] INFO     mem_cmp 0x407C0000 0x607C0000 0x00010000 4
[2022-12-19 23:38:04] INFO     mem_cmp 0x40FC0000 0x60FC0000 0x00010000 4
[2022-12-19 23:38:11] INFO     mem_cmp 0x417C0000 0x617C0000 0x00010000 4
[2022-12-19 23:38:18] INFO     mem_cmp 0x41FC0000 0x61FC0000 0x00010000 4
[2022-12-19 23:38:25] INFO     mem_cmp 0x427C0000 0x627C0000 0x00010000 4
[2022-12-19 23:38:32] INFO     mem_cmp 0x42FC0000 0x62FC0000 0x00010000 4
[2022-12-19 23:38:38] INFO     mem_cmp 0x437C0000 0x637C0000 0x00010000 4
[2022-12-19 23:38:45] INFO     mem_cmp 0x43FC0000 0x63FC0000 0x00010000 4
[2022-12-19 23:38:51] INFO     mem_cmp 0x447C0000 0x647C0000 0x00010000 4
[2022-12-19 23:38:58] INFO     mem_cmp 0x44FC0000 0x64FC0000 0x00010000 4
[2022-12-19 23:39:05] INFO     mem_cmp 0x457C0000 0x657C0000 0x00010000 4
[2022-12-19 23:39:12] INFO     mem_cmp 0x45FC0000 0x65FC0000 0x00010000 4
[2022-12-19 23:39:18] INFO     mem_cmp 0x467C0000 0x667C0000 0x00010000 4
[2022-12-19 23:39:25] INFO     mem_cmp 0x46FC0000 0x66FC0000 0x00010000 4
[2022-12-19 23:39:32] INFO     mem_cmp 0x477C0000 0x677C0000 0x00010000 4
[2022-12-19 23:39:38] INFO     mem_cmp 0x47FC0000 0x67FC0000 0x00010000 4
[2022-12-19 23:39:45] INFO     mem_cmp 0x487C0000 0x687C0000 0x00010000 4
[2022-12-19 23:39:52] INFO     mem_cmp 0x48FC0000 0x68FC0000 0x00010000 4
[2022-12-19 23:39:58] INFO     mem_cmp 0x497C0000 0x697C0000 0x00010000 4
[2022-12-19 23:40:05] INFO     mem_cmp 0x49FC0000 0x69FC0000 0x00010000 4
[2022-12-19 23:40:11] INFO     mem_cmp 0x4A7C0000 0x6A7C0000 0x00010000 4
[2022-12-19 23:40:18] INFO     mem_cmp 0x4AFC0000 0x6AFC0000 0x00010000 4
[2022-12-19 23:40:24] INFO     mem_cmp 0x4B7C0000 0x6B7C0000 0x00010000 4
[2022-12-19 23:40:31] INFO     mem_cmp 0x4BFC0000 0x6BFC0000 0x00010000 4
[2022-12-19 23:40:37] INFO     mem_cmp 0x4C7C0000 0x6C7C0000 0x00010000 4
[2022-12-19 23:40:44] INFO     mem_cmp 0x4CFC0000 0x6CFC0000 0x00010000 4
[2022-12-19 23:40:51] INFO     mem_cmp 0x4D7C0000 0x6D7C0000 0x00010000 4
[2022-12-19 23:40:57] INFO     mem_cmp 0x4DFC0000 0x6DFC0000 0x00010000 4
[2022-12-19 23:41:04] INFO     mem_cmp 0x4E7C0000 0x6E7C0000 0x00010000 4
[2022-12-19 23:41:10] INFO     mem_cmp 0x4EFC0000 0x6EFC0000 0x00010000 4
[2022-12-19 23:41:17] INFO     mem_cmp 0x4F7C0000 0x6F7C0000 0x00010000 4
[2022-12-19 23:41:24] INFO     mem_cmp 0x4FFC0000 0x6FFC0000 0x00010000 4
[2022-12-19 23:41:30] INFO     mem_cmp 0x507C0000 0x707C0000 0x00010000 4
[2022-12-19 23:41:37] INFO     mem_cmp 0x50FC0000 0x70FC0000 0x00010000 4
[2022-12-19 23:41:43] INFO     mem_cmp 0x517C0000 0x717C0000 0x00010000 4
[2022-12-19 23:41:50] INFO     mem_cmp 0x51FC0000 0x71FC0000 0x00010000 4
[2022-12-19 23:41:57] INFO     mem_cmp 0x527C0000 0x727C0000 0x00010000 4
[2022-12-19 23:42:03] INFO     mem_cmp 0x52FC0000 0x72FC0000 0x00010000 4
[2022-12-19 23:42:10] INFO     mem_cmp 0x537C0000 0x737C0000 0x00010000 4
[2022-12-19 23:42:16] INFO     mem_cmp 0x53FC0000 0x73FC0000 0x00010000 4
[2022-12-19 23:42:23] INFO     mem_cmp 0x547C0000 0x747C0000 0x00010000 4
[2022-12-19 23:42:30] INFO     mem_cmp 0x54FC0000 0x74FC0000 0x00010000 4
[2022-12-19 23:42:36] INFO     mem_cmp 0x557C0000 0x757C0000 0x00010000 4
[2022-12-19 23:42:43] INFO     mem_cmp 0x55FC0000 0x75FC0000 0x00010000 4
[2022-12-19 23:42:50] INFO     mem_cmp 0x567C0000 0x767C0000 0x00010000 4
[2022-12-19 23:42:56] INFO     mem_cmp 0x56FC0000 0x76FC0000 0x00010000 4
[2022-12-19 23:43:03] INFO     mem_cmp 0x577C0000 0x777C0000 0x00010000 4
[2022-12-19 23:43:09] INFO     mem_cmp 0x57FC0000 0x77FC0000 0x00010000 4
[2022-12-19 23:43:16] INFO     mem_cmp 0x587C0000 0x787C0000 0x00010000 4
[2022-12-19 23:43:23] INFO     mem_cmp 0x58FC0000 0x78FC0000 0x00010000 4
[2022-12-19 23:43:29] INFO     mem_cmp 0x597C0000 0x797C0000 0x00010000 4
[2022-12-19 23:43:36] INFO     mem_cmp 0x59FC0000 0x79FC0000 0x00010000 4
[2022-12-19 23:43:42] INFO     mem_cmp 0x5A7C0000 0x7A7C0000 0x00010000 4
[2022-12-19 23:43:49] INFO     mem_cmp 0x5AFC0000 0x7AFC0000 0x00010000 4
[2022-12-19 23:43:56] INFO     mem_cmp 0x5B7C0000 0x7B7C0000 0x00010000 4
[2022-12-19 23:44:02] INFO     mem_cmp 0x5BFC0000 0x7BFC0000 0x00010000 4
[2022-12-19 23:44:09] INFO     mem_cmp 0x5C7C0000 0x7C7C0000 0x00010000 4
[2022-12-19 23:44:16] INFO     mem_cmp 0x5CFC0000 0x7CFC0000 0x00010000 4
[2022-12-19 23:44:23] INFO     mem_cmp 0x5D7C0000 0x7D7C0000 0x00010000 4
[2022-12-19 23:44:29] INFO     mem_cmp 0x5DFC0000 0x7DFC0000 0x00010000 4
[2022-12-19 23:44:36] INFO     mem_cmp 0x5E7C0000 0x7E7C0000 0x00010000 4
[2022-12-19 23:44:43] INFO     mem_cmp 0x5EFC0000 0x7EFC0000 0x00010000 4
[2022-12-19 23:44:49] INFO     mem_cmp 0x5F7C0000 0x7F7C0000 0x00010000 4
[2022-12-19 23:44:56] INFO     mem_cmp 0x5FFC0000 0x7FFC0000 0x00010000 4
[2022-12-19 23:44:56] INFO     STATE:Mem Compare State
[2022-12-19 23:45:02] INFO     mem_cmp 0x407C0000 0x607C0000 0x00010000 4
[2022-12-19 23:45:09] INFO     mem_cmp 0x40FC0000 0x60FC0000 0x00010000 4
[2022-12-19 23:45:16] INFO     mem_cmp 0x417C0000 0x617C0000 0x00010000 4
[2022-12-19 23:45:23] INFO     mem_cmp 0x41FC0000 0x61FC0000 0x00010000 4
[2022-12-19 23:45:29] INFO     mem_cmp 0x427C0000 0x627C0000 0x00010000 4
[2022-12-19 23:45:36] INFO     mem_cmp 0x42FC0000 0x62FC0000 0x00010000 4
[2022-12-19 23:45:43] INFO     mem_cmp 0x437C0000 0x637C0000 0x00010000 4
[2022-12-19 23:45:49] INFO     mem_cmp 0x43FC0000 0x63FC0000 0x00010000 4
[2022-12-19 23:45:56] INFO     mem_cmp 0x447C0000 0x647C0000 0x00010000 4
[2022-12-19 23:46:03] INFO     mem_cmp 0x44FC0000 0x64FC0000 0x00010000 4
[2022-12-19 23:46:09] INFO     mem_cmp 0x457C0000 0x657C0000 0x00010000 4
[2022-12-19 23:46:16] INFO     mem_cmp 0x45FC0000 0x65FC0000 0x00010000 4
[2022-12-19 23:46:23] INFO     mem_cmp 0x467C0000 0x667C0000 0x00010000 4
[2022-12-19 23:46:29] INFO     mem_cmp 0x46FC0000 0x66FC0000 0x00010000 4
[2022-12-19 23:46:36] INFO     mem_cmp 0x477C0000 0x677C0000 0x00010000 4
[2022-12-19 23:46:42] INFO     mem_cmp 0x47FC0000 0x67FC0000 0x00010000 4
[2022-12-19 23:46:49] INFO     mem_cmp 0x487C0000 0x687C0000 0x00010000 4
[2022-12-19 23:46:56] INFO     mem_cmp 0x48FC0000 0x68FC0000 0x00010000 4
[2022-12-19 23:47:02] INFO     mem_cmp 0x497C0000 0x697C0000 0x00010000 4
[2022-12-19 23:47:09] INFO     mem_cmp 0x49FC0000 0x69FC0000 0x00010000 4
[2022-12-19 23:47:15] INFO     mem_cmp 0x4A7C0000 0x6A7C0000 0x00010000 4
[2022-12-19 23:47:22] INFO     mem_cmp 0x4AFC0000 0x6AFC0000 0x00010000 4
[2022-12-19 23:47:29] INFO     mem_cmp 0x4B7C0000 0x6B7C0000 0x00010000 4
[2022-12-19 23:47:35] INFO     mem_cmp 0x4BFC0000 0x6BFC0000 0x00010000 4
[2022-12-19 23:47:42] INFO     mem_cmp 0x4C7C0000 0x6C7C0000 0x00010000 4
[2022-12-19 23:47:48] INFO     mem_cmp 0x4CFC0000 0x6CFC0000 0x00010000 4
[2022-12-19 23:47:55] INFO     mem_cmp 0x4D7C0000 0x6D7C0000 0x00010000 4
[2022-12-19 23:48:02] INFO     mem_cmp 0x4DFC0000 0x6DFC0000 0x00010000 4
[2022-12-19 23:48:09] INFO     mem_cmp 0x4E7C0000 0x6E7C0000 0x00010000 4
[2022-12-19 23:48:15] INFO     mem_cmp 0x4EFC0000 0x6EFC0000 0x00010000 4
[2022-12-19 23:48:22] INFO     mem_cmp 0x4F7C0000 0x6F7C0000 0x00010000 4
[2022-12-19 23:48:29] INFO     mem_cmp 0x4FFC0000 0x6FFC0000 0x00010000 4
[2022-12-19 23:48:35] INFO     mem_cmp 0x507C0000 0x707C0000 0x00010000 4
[2022-12-19 23:48:42] INFO     mem_cmp 0x50FC0000 0x70FC0000 0x00010000 4
[2022-12-19 23:48:49] INFO     mem_cmp 0x517C0000 0x717C0000 0x00010000 4
[2022-12-19 23:48:56] INFO     mem_cmp 0x51FC0000 0x71FC0000 0x00010000 4
[2022-12-19 23:49:02] INFO     mem_cmp 0x527C0000 0x727C0000 0x00010000 4
[2022-12-19 23:49:09] INFO     mem_cmp 0x52FC0000 0x72FC0000 0x00010000 4
[2022-12-19 23:49:16] INFO     mem_cmp 0x537C0000 0x737C0000 0x00010000 4
[2022-12-19 23:49:23] INFO     mem_cmp 0x53FC0000 0x73FC0000 0x00010000 4
[2022-12-19 23:49:29] INFO     mem_cmp 0x547C0000 0x747C0000 0x00010000 4
[2022-12-19 23:49:36] INFO     mem_cmp 0x54FC0000 0x74FC0000 0x00010000 4
[2022-12-19 23:49:42] INFO     mem_cmp 0x557C0000 0x757C0000 0x00010000 4
[2022-12-19 23:49:49] INFO     mem_cmp 0x55FC0000 0x75FC0000 0x00010000 4
[2022-12-19 23:49:56] INFO     mem_cmp 0x567C0000 0x767C0000 0x00010000 4
[2022-12-19 23:50:03] INFO     mem_cmp 0x56FC0000 0x76FC0000 0x00010000 4
[2022-12-19 23:50:09] INFO     mem_cmp 0x577C0000 0x777C0000 0x00010000 4
[2022-12-19 23:50:16] INFO     mem_cmp 0x57FC0000 0x77FC0000 0x00010000 4
[2022-12-19 23:50:22] INFO     mem_cmp 0x587C0000 0x787C0000 0x00010000 4
[2022-12-19 23:50:29] INFO     mem_cmp 0x58FC0000 0x78FC0000 0x00010000 4
[2022-12-19 23:50:36] INFO     mem_cmp 0x597C0000 0x797C0000 0x00010000 4
[2022-12-19 23:50:42] INFO     mem_cmp 0x59FC0000 0x79FC0000 0x00010000 4
[2022-12-19 23:50:49] INFO     mem_cmp 0x5A7C0000 0x7A7C0000 0x00010000 4
[2022-12-19 23:50:56] INFO     mem_cmp 0x5AFC0000 0x7AFC0000 0x00010000 4
[2022-12-19 23:51:02] INFO     mem_cmp 0x5B7C0000 0x7B7C0000 0x00010000 4
[2022-12-19 23:51:09] INFO     mem_cmp 0x5BFC0000 0x7BFC0000 0x00010000 4
[2022-12-19 23:51:16] INFO     mem_cmp 0x5C7C0000 0x7C7C0000 0x00010000 4
[2022-12-19 23:51:22] INFO     mem_cmp 0x5CFC0000 0x7CFC0000 0x00010000 4
[2022-12-19 23:51:29] INFO     mem_cmp 0x5D7C0000 0x7D7C0000 0x00010000 4
[2022-12-19 23:51:35] INFO     mem_cmp 0x5DFC0000 0x7DFC0000 0x00010000 4
[2022-12-19 23:51:42] INFO     mem_cmp 0x5E7C0000 0x7E7C0000 0x00010000 4
[2022-12-19 23:51:49] INFO     mem_cmp 0x5EFC0000 0x7EFC0000 0x00010000 4
[2022-12-19 23:51:55] INFO     mem_cmp 0x5F7C0000 0x7F7C0000 0x00010000 4
[2022-12-19 23:52:02] INFO     mem_cmp 0x5FFC0000 0x7FFC0000 0x00010000 4
[2022-12-19 23:52:02] INFO     STATE:Mem Compare State
[2022-12-19 23:52:08] INFO     mem_cmp 0x407C0000 0x607C0000 0x00010000 4
[2022-12-19 23:52:15] INFO     mem_cmp 0x40FC0000 0x60FC0000 0x00010000 4
[2022-12-19 23:52:22] INFO     mem_cmp 0x417C0000 0x617C0000 0x00010000 4
[2022-12-19 23:52:28] INFO     mem_cmp 0x41FC0000 0x61FC0000 0x00010000 4
[2022-12-19 23:52:35] INFO     mem_cmp 0x427C0000 0x627C0000 0x00010000 4
[2022-12-19 23:52:42] INFO     mem_cmp 0x42FC0000 0x62FC0000 0x00010000 4
[2022-12-19 23:52:48] INFO     mem_cmp 0x437C0000 0x637C0000 0x00010000 4
[2022-12-19 23:52:55] INFO     mem_cmp 0x43FC0000 0x63FC0000 0x00010000 4
[2022-12-19 23:53:02] INFO     mem_cmp 0x447C0000 0x647C0000 0x00010000 4
[2022-12-19 23:53:08] INFO     mem_cmp 0x44FC0000 0x64FC0000 0x00010000 4
[2022-12-19 23:53:15] INFO     mem_cmp 0x457C0000 0x657C0000 0x00010000 4
[2022-12-19 23:53:21] INFO     mem_cmp 0x45FC0000 0x65FC0000 0x00010000 4
[2022-12-19 23:53:28] INFO     mem_cmp 0x467C0000 0x667C0000 0x00010000 4
[2022-12-19 23:53:35] INFO     mem_cmp 0x46FC0000 0x66FC0000 0x00010000 4
[2022-12-19 23:53:41] INFO     mem_cmp 0x477C0000 0x677C0000 0x00010000 4
[2022-12-19 23:53:48] INFO     mem_cmp 0x47FC0000 0x67FC0000 0x00010000 4
[2022-12-19 23:53:55] INFO     mem_cmp 0x487C0000 0x687C0000 0x00010000 4
[2022-12-19 23:54:01] INFO     mem_cmp 0x48FC0000 0x68FC0000 0x00010000 4
[2022-12-19 23:54:08] INFO     mem_cmp 0x497C0000 0x697C0000 0x00010000 4
[2022-12-19 23:54:15] INFO     mem_cmp 0x49FC0000 0x69FC0000 0x00010000 4
[2022-12-19 23:54:21] INFO     mem_cmp 0x4A7C0000 0x6A7C0000 0x00010000 4
[2022-12-19 23:54:28] INFO     mem_cmp 0x4AFC0000 0x6AFC0000 0x00010000 4
[2022-12-19 23:54:35] INFO     mem_cmp 0x4B7C0000 0x6B7C0000 0x00010000 4
[2022-12-19 23:54:41] INFO     mem_cmp 0x4BFC0000 0x6BFC0000 0x00010000 4
[2022-12-19 23:54:48] INFO     mem_cmp 0x4C7C0000 0x6C7C0000 0x00010000 4
[2022-12-19 23:54:55] INFO     mem_cmp 0x4CFC0000 0x6CFC0000 0x00010000 4
[2022-12-19 23:55:01] INFO     mem_cmp 0x4D7C0000 0x6D7C0000 0x00010000 4
[2022-12-19 23:55:08] INFO     mem_cmp 0x4DFC0000 0x6DFC0000 0x00010000 4
[2022-12-19 23:55:15] INFO     mem_cmp 0x4E7C0000 0x6E7C0000 0x00010000 4
[2022-12-19 23:55:21] INFO     mem_cmp 0x4EFC0000 0x6EFC0000 0x00010000 4
[2022-12-19 23:55:28] INFO     mem_cmp 0x4F7C0000 0x6F7C0000 0x00010000 4
[2022-12-19 23:55:34] INFO     mem_cmp 0x4FFC0000 0x6FFC0000 0x00010000 4
[2022-12-19 23:55:41] INFO     mem_cmp 0x507C0000 0x707C0000 0x00010000 4
[2022-12-19 23:55:48] INFO     mem_cmp 0x50FC0000 0x70FC0000 0x00010000 4
[2022-12-19 23:55:54] INFO     mem_cmp 0x517C0000 0x717C0000 0x00010000 4
[2022-12-19 23:56:01] INFO     mem_cmp 0x51FC0000 0x71FC0000 0x00010000 4
[2022-12-19 23:56:08] INFO     mem_cmp 0x527C0000 0x727C0000 0x00010000 4
[2022-12-19 23:56:14] INFO     mem_cmp 0x52FC0000 0x72FC0000 0x00010000 4
[2022-12-19 23:56:21] INFO     mem_cmp 0x537C0000 0x737C0000 0x00010000 4
[2022-12-19 23:56:27] INFO     mem_cmp 0x53FC0000 0x73FC0000 0x00010000 4
[2022-12-19 23:56:34] INFO     mem_cmp 0x547C0000 0x747C0000 0x00010000 4
[2022-12-19 23:56:41] INFO     mem_cmp 0x54FC0000 0x74FC0000 0x00010000 4
[2022-12-19 23:56:47] INFO     mem_cmp 0x557C0000 0x757C0000 0x00010000 4
[2022-12-19 23:56:54] INFO     mem_cmp 0x55FC0000 0x75FC0000 0x00010000 4
[2022-12-19 23:57:00] INFO     mem_cmp 0x567C0000 0x767C0000 0x00010000 4
[2022-12-19 23:57:07] INFO     mem_cmp 0x56FC0000 0x76FC0000 0x00010000 4
[2022-12-19 23:57:14] INFO     mem_cmp 0x577C0000 0x777C0000 0x00010000 4
[2022-12-19 23:57:20] INFO     mem_cmp 0x57FC0000 0x77FC0000 0x00010000 4
[2022-12-19 23:57:27] INFO     mem_cmp 0x587C0000 0x787C0000 0x00010000 4
[2022-12-19 23:57:34] INFO     mem_cmp 0x58FC0000 0x78FC0000 0x00010000 4
[2022-12-19 23:57:40] INFO     mem_cmp 0x597C0000 0x797C0000 0x00010000 4
[2022-12-19 23:57:47] INFO     mem_cmp 0x59FC0000 0x79FC0000 0x00010000 4
[2022-12-19 23:57:54] INFO     mem_cmp 0x5A7C0000 0x7A7C0000 0x00010000 4
[2022-12-19 23:58:01] INFO     mem_cmp 0x5AFC0000 0x7AFC0000 0x00010000 4
[2022-12-19 23:58:07] INFO     mem_cmp 0x5B7C0000 0x7B7C0000 0x00010000 4
[2022-12-19 23:58:14] INFO     mem_cmp 0x5BFC0000 0x7BFC0000 0x00010000 4
[2022-12-19 23:58:20] INFO     mem_cmp 0x5C7C0000 0x7C7C0000 0x00010000 4
[2022-12-19 23:58:27] INFO     mem_cmp 0x5CFC0000 0x7CFC0000 0x00010000 4
[2022-12-19 23:58:34] INFO     mem_cmp 0x5D7C0000 0x7D7C0000 0x00010000 4
[2022-12-19 23:58:40] INFO     mem_cmp 0x5DFC0000 0x7DFC0000 0x00010000 4
[2022-12-19 23:58:47] INFO     mem_cmp 0x5E7C0000 0x7E7C0000 0x00010000 4
[2022-12-19 23:58:53] INFO     mem_cmp 0x5EFC0000 0x7EFC0000 0x00010000 4
[2022-12-19 23:59:00] INFO     mem_cmp 0x5F7C0000 0x7F7C0000 0x00010000 4
[2022-12-19 23:59:06] INFO     mem_cmp 0x5FFC0000 0x7FFC0000 0x00010000 4
[2022-12-19 23:59:07] INFO     STATE:Mem Compare State
[2022-12-19 23:59:13] INFO     mem_cmp 0x407C0000 0x607C0000 0x00010000 4
[2022-12-19 23:59:20] INFO     mem_cmp 0x40FC0000 0x60FC0000 0x00010000 4
[2022-12-19 23:59:27] INFO     mem_cmp 0x417C0000 0x617C0000 0x00010000 4
[2022-12-19 23:59:34] INFO     mem_cmp 0x41FC0000 0x61FC0000 0x00010000 4
[2022-12-19 23:59:40] INFO     mem_cmp 0x427C0000 0x627C0000 0x00010000 4
[2022-12-19 23:59:47] INFO     mem_cmp 0x42FC0000 0x62FC0000 0x00010000 4
[2022-12-19 23:59:53] INFO     mem_cmp 0x437C0000 0x637C0000 0x00010000 4
[2022-12-20 00:00:00] INFO     mem_cmp 0x43FC0000 0x63FC0000 0x00010000 4
[2022-12-20 00:00:07] INFO     mem_cmp 0x447C0000 0x647C0000 0x00010000 4
[2022-12-20 00:00:13] INFO     mem_cmp 0x44FC0000 0x64FC0000 0x00010000 4
[2022-12-20 00:00:20] INFO     mem_cmp 0x457C0000 0x657C0000 0x00010000 4
[2022-12-20 00:00:27] INFO     mem_cmp 0x45FC0000 0x65FC0000 0x00010000 4
[2022-12-20 00:00:34] INFO     mem_cmp 0x467C0000 0x667C0000 0x00010000 4
[2022-12-20 00:00:40] INFO     mem_cmp 0x46FC0000 0x66FC0000 0x00010000 4
[2022-12-20 00:00:47] INFO     mem_cmp 0x477C0000 0x677C0000 0x00010000 4
[2022-12-20 00:00:54] INFO     mem_cmp 0x47FC0000 0x67FC0000 0x00010000 4
[2022-12-20 00:01:00] INFO     mem_cmp 0x487C0000 0x687C0000 0x00010000 4
[2022-12-20 00:01:07] INFO     mem_cmp 0x48FC0000 0x68FC0000 0x00010000 4
[2022-12-20 00:01:14] INFO     mem_cmp 0x497C0000 0x697C0000 0x00010000 4
[2022-12-20 00:01:20] INFO     mem_cmp 0x49FC0000 0x69FC0000 0x00010000 4
[2022-12-20 00:01:27] INFO     mem_cmp 0x4A7C0000 0x6A7C0000 0x00010000 4
[2022-12-20 00:01:34] INFO     mem_cmp 0x4AFC0000 0x6AFC0000 0x00010000 4
[2022-12-20 00:01:40] INFO     mem_cmp 0x4B7C0000 0x6B7C0000 0x00010000 4
[2022-12-20 00:01:47] INFO     mem_cmp 0x4BFC0000 0x6BFC0000 0x00010000 4
[2022-12-20 00:01:54] INFO     mem_cmp 0x4C7C0000 0x6C7C0000 0x00010000 4
[2022-12-20 00:02:00] INFO     mem_cmp 0x4CFC0000 0x6CFC0000 0x00010000 4
[2022-12-20 00:02:07] INFO     mem_cmp 0x4D7C0000 0x6D7C0000 0x00010000 4
[2022-12-20 00:02:14] INFO     mem_cmp 0x4DFC0000 0x6DFC0000 0x00010000 4
[2022-12-20 00:02:20] INFO     mem_cmp 0x4E7C0000 0x6E7C0000 0x00010000 4
[2022-12-20 00:02:27] INFO     mem_cmp 0x4EFC0000 0x6EFC0000 0x00010000 4
[2022-12-20 00:02:33] INFO     mem_cmp 0x4F7C0000 0x6F7C0000 0x00010000 4
[2022-12-20 00:02:40] INFO     mem_cmp 0x4FFC0000 0x6FFC0000 0x00010000 4
[2022-12-20 00:02:47] INFO     mem_cmp 0x507C0000 0x707C0000 0x00010000 4
[2022-12-20 00:02:54] INFO     mem_cmp 0x50FC0000 0x70FC0000 0x00010000 4
[2022-12-20 00:03:00] INFO     mem_cmp 0x517C0000 0x717C0000 0x00010000 4
[2022-12-20 00:03:07] INFO     mem_cmp 0x51FC0000 0x71FC0000 0x00010000 4
[2022-12-20 00:03:13] INFO     mem_cmp 0x527C0000 0x727C0000 0x00010000 4
[2022-12-20 00:03:20] INFO     mem_cmp 0x52FC0000 0x72FC0000 0x00010000 4
[2022-12-20 00:03:26] INFO     mem_cmp 0x537C0000 0x737C0000 0x00010000 4
[2022-12-20 00:03:33] INFO     mem_cmp 0x53FC0000 0x73FC0000 0x00010000 4
[2022-12-20 00:03:40] INFO     mem_cmp 0x547C0000 0x747C0000 0x00010000 4
[2022-12-20 00:03:46] INFO     mem_cmp 0x54FC0000 0x74FC0000 0x00010000 4
[2022-12-20 00:03:53] INFO     mem_cmp 0x557C0000 0x757C0000 0x00010000 4
[2022-12-20 00:04:00] INFO     mem_cmp 0x55FC0000 0x75FC0000 0x00010000 4
[2022-12-20 00:04:06] INFO     mem_cmp 0x567C0000 0x767C0000 0x00010000 4
[2022-12-20 00:04:13] INFO     mem_cmp 0x56FC0000 0x76FC0000 0x00010000 4
[2022-12-20 00:04:20] INFO     mem_cmp 0x577C0000 0x777C0000 0x00010000 4
[2022-12-20 00:04:26] INFO     mem_cmp 0x57FC0000 0x77FC0000 0x00010000 4
[2022-12-20 00:04:33] INFO     mem_cmp 0x587C0000 0x787C0000 0x00010000 4
[2022-12-20 00:04:40] INFO     mem_cmp 0x58FC0000 0x78FC0000 0x00010000 4
[2022-12-20 00:04:46] INFO     mem_cmp 0x597C0000 0x797C0000 0x00010000 4
[2022-12-20 00:04:53] INFO     mem_cmp 0x59FC0000 0x79FC0000 0x00010000 4
[2022-12-20 00:05:00] INFO     mem_cmp 0x5A7C0000 0x7A7C0000 0x00010000 4
[2022-12-20 00:05:06] INFO     mem_cmp 0x5AFC0000 0x7AFC0000 0x00010000 4
[2022-12-20 00:05:13] INFO     mem_cmp 0x5B7C0000 0x7B7C0000 0x00010000 4
[2022-12-20 00:05:20] INFO     mem_cmp 0x5BFC0000 0x7BFC0000 0x00010000 4
[2022-12-20 00:05:26] INFO     mem_cmp 0x5C7C0000 0x7C7C0000 0x00010000 4
[2022-12-20 00:05:33] INFO     mem_cmp 0x5CFC0000 0x7CFC0000 0x00010000 4
[2022-12-20 00:05:39] INFO     mem_cmp 0x5D7C0000 0x7D7C0000 0x00010000 4
[2022-12-20 00:05:46] INFO     mem_cmp 0x5DFC0000 0x7DFC0000 0x00010000 4
[2022-12-20 00:05:52] INFO     mem_cmp 0x5E7C0000 0x7E7C0000 0x00010000 4
[2022-12-20 00:05:59] INFO     mem_cmp 0x5EFC0000 0x7EFC0000 0x00010000 4
[2022-12-20 00:06:05] INFO     mem_cmp 0x5F7C0000 0x7F7C0000 0x00010000 4
[2022-12-20 00:06:12] INFO     mem_cmp 0x5FFC0000 0x7FFC0000 0x00010000 4
[2022-12-20 00:06:12] INFO     STATE:Mem Compare State
[2022-12-20 00:06:19] INFO     mem_cmp 0x407C0000 0x607C0000 0x00010000 4
[2022-12-20 00:06:26] INFO     mem_cmp 0x40FC0000 0x60FC0000 0x00010000 4
[2022-12-20 00:06:32] INFO     mem_cmp 0x417C0000 0x617C0000 0x00010000 4
[2022-12-20 00:06:39] INFO     mem_cmp 0x41FC0000 0x61FC0000 0x00010000 4
[2022-12-20 00:06:45] INFO     mem_cmp 0x427C0000 0x627C0000 0x00010000 4
[2022-12-20 00:06:52] INFO     mem_cmp 0x42FC0000 0x62FC0000 0x00010000 4
[2022-12-20 00:06:59] INFO     mem_cmp 0x437C0000 0x637C0000 0x00010000 4
[2022-12-20 00:07:05] INFO     mem_cmp 0x43FC0000 0x63FC0000 0x00010000 4
[2022-12-20 00:07:12] INFO     mem_cmp 0x447C0000 0x647C0000 0x00010000 4
[2022-12-20 00:07:19] INFO     mem_cmp 0x44FC0000 0x64FC0000 0x00010000 4
[2022-12-20 00:07:25] INFO     mem_cmp 0x457C0000 0x657C0000 0x00010000 4
[2022-12-20 00:07:32] INFO     mem_cmp 0x45FC0000 0x65FC0000 0x00010000 4
[2022-12-20 00:07:38] INFO     mem_cmp 0x467C0000 0x667C0000 0x00010000 4
[2022-12-20 00:07:45] INFO     mem_cmp 0x46FC0000 0x66FC0000 0x00010000 4
[2022-12-20 00:07:51] INFO     mem_cmp 0x477C0000 0x677C0000 0x00010000 4
[2022-12-20 00:07:58] INFO     mem_cmp 0x47FC0000 0x67FC0000 0x00010000 4
[2022-12-20 00:08:05] INFO     mem_cmp 0x487C0000 0x687C0000 0x00010000 4
[2022-12-20 00:08:11] INFO     mem_cmp 0x48FC0000 0x68FC0000 0x00010000 4
[2022-12-20 00:08:18] INFO     mem_cmp 0x497C0000 0x697C0000 0x00010000 4
[2022-12-20 00:08:24] INFO     mem_cmp 0x49FC0000 0x69FC0000 0x00010000 4
[2022-12-20 00:08:31] INFO     mem_cmp 0x4A7C0000 0x6A7C0000 0x00010000 4
[2022-12-20 00:08:38] INFO     mem_cmp 0x4AFC0000 0x6AFC0000 0x00010000 4
[2022-12-20 00:08:44] INFO     mem_cmp 0x4B7C0000 0x6B7C0000 0x00010000 4
[2022-12-20 00:08:51] INFO     mem_cmp 0x4BFC0000 0x6BFC0000 0x00010000 4
[2022-12-20 00:08:58] INFO     mem_cmp 0x4C7C0000 0x6C7C0000 0x00010000 4
[2022-12-20 00:09:04] INFO     mem_cmp 0x4CFC0000 0x6CFC0000 0x00010000 4
[2022-12-20 00:09:11] INFO     mem_cmp 0x4D7C0000 0x6D7C0000 0x00010000 4
[2022-12-20 00:09:17] INFO     mem_cmp 0x4DFC0000 0x6DFC0000 0x00010000 4
[2022-12-20 00:09:24] INFO     mem_cmp 0x4E7C0000 0x6E7C0000 0x00010000 4
[2022-12-20 00:09:31] INFO     mem_cmp 0x4EFC0000 0x6EFC0000 0x00010000 4
[2022-12-20 00:09:37] INFO     mem_cmp 0x4F7C0000 0x6F7C0000 0x00010000 4
[2022-12-20 00:09:44] INFO     mem_cmp 0x4FFC0000 0x6FFC0000 0x00010000 4
[2022-12-20 00:09:51] INFO     mem_cmp 0x507C0000 0x707C0000 0x00010000 4
[2022-12-20 00:09:58] INFO     mem_cmp 0x50FC0000 0x70FC0000 0x00010000 4
[2022-12-20 00:10:04] INFO     mem_cmp 0x517C0000 0x717C0000 0x00010000 4
[2022-12-20 00:10:11] INFO     mem_cmp 0x51FC0000 0x71FC0000 0x00010000 4
[2022-12-20 00:10:17] INFO     mem_cmp 0x527C0000 0x727C0000 0x00010000 4
[2022-12-20 00:10:24] INFO     mem_cmp 0x52FC0000 0x72FC0000 0x00010000 4
[2022-12-20 00:10:31] INFO     mem_cmp 0x537C0000 0x737C0000 0x00010000 4
[2022-12-20 00:10:38] INFO     mem_cmp 0x53FC0000 0x73FC0000 0x00010000 4
[2022-12-20 00:10:44] INFO     mem_cmp 0x547C0000 0x747C0000 0x00010000 4
[2022-12-20 00:10:51] INFO     mem_cmp 0x54FC0000 0x74FC0000 0x00010000 4
[2022-12-20 00:10:57] INFO     mem_cmp 0x557C0000 0x757C0000 0x00010000 4
[2022-12-20 00:11:04] INFO     mem_cmp 0x55FC0000 0x75FC0000 0x00010000 4
[2022-12-20 00:11:11] INFO     mem_cmp 0x567C0000 0x767C0000 0x00010000 4
[2022-12-20 00:11:17] INFO     mem_cmp 0x56FC0000 0x76FC0000 0x00010000 4
[2022-12-20 00:11:24] INFO     mem_cmp 0x577C0000 0x777C0000 0x00010000 4
[2022-12-20 00:11:31] INFO     mem_cmp 0x57FC0000 0x77FC0000 0x00010000 4
[2022-12-20 00:11:37] INFO     mem_cmp 0x587C0000 0x787C0000 0x00010000 4
[2022-12-20 00:11:44] INFO     mem_cmp 0x58FC0000 0x78FC0000 0x00010000 4
[2022-12-20 00:11:51] INFO     mem_cmp 0x597C0000 0x797C0000 0x00010000 4
[2022-12-20 00:11:57] INFO     mem_cmp 0x59FC0000 0x79FC0000 0x00010000 4
[2022-12-20 00:12:04] INFO     mem_cmp 0x5A7C0000 0x7A7C0000 0x00010000 4
[2022-12-20 00:12:10] INFO     mem_cmp 0x5AFC0000 0x7AFC0000 0x00010000 4
[2022-12-20 00:12:17] INFO     mem_cmp 0x5B7C0000 0x7B7C0000 0x00010000 4
[2022-12-20 00:12:24] INFO     mem_cmp 0x5BFC0000 0x7BFC0000 0x00010000 4
[2022-12-20 00:12:31] INFO     mem_cmp 0x5C7C0000 0x7C7C0000 0x00010000 4
[2022-12-20 00:12:38] INFO     mem_cmp 0x5CFC0000 0x7CFC0000 0x00010000 4
[2022-12-20 00:12:44] INFO     mem_cmp 0x5D7C0000 0x7D7C0000 0x00010000 4
[2022-12-20 00:12:51] INFO     mem_cmp 0x5DFC0000 0x7DFC0000 0x00010000 4
[2022-12-20 00:12:57] INFO     mem_cmp 0x5E7C0000 0x7E7C0000 0x00010000 4
[2022-12-20 00:13:04] INFO     mem_cmp 0x5EFC0000 0x7EFC0000 0x00010000 4
[2022-12-20 00:13:11] INFO     mem_cmp 0x5F7C0000 0x7F7C0000 0x00010000 4
[2022-12-20 00:13:17] INFO     mem_cmp 0x5FFC0000 0x7FFC0000 0x00010000 4
[2022-12-20 00:13:18] INFO     STATE:Mem Compare State
[2022-12-20 00:13:24] INFO     mem_cmp 0x407C0000 0x607C0000 0x00010000 4
[2022-12-20 00:13:31] INFO     mem_cmp 0x40FC0000 0x60FC0000 0x00010000 4
[2022-12-20 00:13:37] INFO     mem_cmp 0x417C0000 0x617C0000 0x00010000 4
[2022-12-20 00:13:44] INFO     mem_cmp 0x41FC0000 0x61FC0000 0x00010000 4
[2022-12-20 00:13:51] INFO     mem_cmp 0x427C0000 0x627C0000 0x00010000 4
[2022-12-20 00:13:58] INFO     mem_cmp 0x42FC0000 0x62FC0000 0x00010000 4
[2022-12-20 00:14:04] INFO     mem_cmp 0x437C0000 0x637C0000 0x00010000 4
[2022-12-20 00:14:11] INFO     mem_cmp 0x43FC0000 0x63FC0000 0x00010000 4
[2022-12-20 00:14:17] INFO     mem_cmp 0x447C0000 0x647C0000 0x00010000 4
[2022-12-20 00:14:24] INFO     mem_cmp 0x44FC0000 0x64FC0000 0x00010000 4
[2022-12-20 00:14:30] INFO     mem_cmp 0x457C0000 0x657C0000 0x00010000 4
[2022-12-20 00:14:37] INFO     mem_cmp 0x45FC0000 0x65FC0000 0x00010000 4
[2022-12-20 00:14:44] INFO     mem_cmp 0x467C0000 0x667C0000 0x00010000 4
[2022-12-20 00:14:50] INFO     mem_cmp 0x46FC0000 0x66FC0000 0x00010000 4
[2022-12-20 00:14:57] INFO     mem_cmp 0x477C0000 0x677C0000 0x00010000 4
[2022-12-20 00:15:04] INFO     mem_cmp 0x47FC0000 0x67FC0000 0x00010000 4
[2022-12-20 00:15:10] INFO     mem_cmp 0x487C0000 0x687C0000 0x00010000 4
[2022-12-20 00:15:17] INFO     mem_cmp 0x48FC0000 0x68FC0000 0x00010000 4
[2022-12-20 00:15:23] INFO     mem_cmp 0x497C0000 0x697C0000 0x00010000 4
[2022-12-20 00:15:30] INFO     mem_cmp 0x49FC0000 0x69FC0000 0x00010000 4
[2022-12-20 00:15:37] INFO     mem_cmp 0x4A7C0000 0x6A7C0000 0x00010000 4
[2022-12-20 00:15:43] INFO     mem_cmp 0x4AFC0000 0x6AFC0000 0x00010000 4
[2022-12-20 00:15:50] INFO     mem_cmp 0x4B7C0000 0x6B7C0000 0x00010000 4
[2022-12-20 00:15:57] INFO     mem_cmp 0x4BFC0000 0x6BFC0000 0x00010000 4
[2022-12-20 00:16:03] INFO     mem_cmp 0x4C7C0000 0x6C7C0000 0x00010000 4
[2022-12-20 00:16:10] INFO     mem_cmp 0x4CFC0000 0x6CFC0000 0x00010000 4
[2022-12-20 00:16:17] INFO     mem_cmp 0x4D7C0000 0x6D7C0000 0x00010000 4
[2022-12-20 00:16:24] INFO     mem_cmp 0x4DFC0000 0x6DFC0000 0x00010000 4
[2022-12-20 00:16:30] INFO     mem_cmp 0x4E7C0000 0x6E7C0000 0x00010000 4
[2022-12-20 00:16:37] INFO     mem_cmp 0x4EFC0000 0x6EFC0000 0x00010000 4
[2022-12-20 00:16:43] INFO     mem_cmp 0x4F7C0000 0x6F7C0000 0x00010000 4
[2022-12-20 00:16:50] INFO     mem_cmp 0x4FFC0000 0x6FFC0000 0x00010000 4
[2022-12-20 00:16:57] INFO     mem_cmp 0x507C0000 0x707C0000 0x00010000 4
[2022-12-20 00:17:04] INFO     mem_cmp 0x50FC0000 0x70FC0000 0x00010000 4
[2022-12-20 00:17:10] INFO     mem_cmp 0x517C0000 0x717C0000 0x00010000 4
[2022-12-20 00:17:17] INFO     mem_cmp 0x51FC0000 0x71FC0000 0x00010000 4
[2022-12-20 00:17:24] INFO     mem_cmp 0x527C0000 0x727C0000 0x00010000 4
[2022-12-20 00:17:31] INFO     mem_cmp 0x52FC0000 0x72FC0000 0x00010000 4
[2022-12-20 00:17:37] INFO     mem_cmp 0x537C0000 0x737C0000 0x00010000 4
[2022-12-20 00:17:44] INFO     mem_cmp 0x53FC0000 0x73FC0000 0x00010000 4
[2022-12-20 00:17:51] INFO     mem_cmp 0x547C0000 0x747C0000 0x00010000 4
[2022-12-20 00:17:57] INFO     mem_cmp 0x54FC0000 0x74FC0000 0x00010000 4
[2022-12-20 00:18:04] INFO     mem_cmp 0x557C0000 0x757C0000 0x00010000 4
[2022-12-20 00:18:10] INFO     mem_cmp 0x55FC0000 0x75FC0000 0x00010000 4
[2022-12-20 00:18:17] INFO     mem_cmp 0x567C0000 0x767C0000 0x00010000 4
[2022-12-20 00:18:23] INFO     mem_cmp 0x56FC0000 0x76FC0000 0x00010000 4
[2022-12-20 00:18:30] INFO     mem_cmp 0x577C0000 0x777C0000 0x00010000 4
[2022-12-20 00:18:37] INFO     mem_cmp 0x57FC0000 0x77FC0000 0x00010000 4
[2022-12-20 00:18:43] INFO     mem_cmp 0x587C0000 0x787C0000 0x00010000 4
[2022-12-20 00:18:50] INFO     mem_cmp 0x58FC0000 0x78FC0000 0x00010000 4
[2022-12-20 00:18:56] INFO     mem_cmp 0x597C0000 0x797C0000 0x00010000 4
[2022-12-20 00:19:03] INFO     mem_cmp 0x59FC0000 0x79FC0000 0x00010000 4
[2022-12-20 00:19:10] INFO     mem_cmp 0x5A7C0000 0x7A7C0000 0x00010000 4
[2022-12-20 00:19:16] INFO     mem_cmp 0x5AFC0000 0x7AFC0000 0x00010000 4
[2022-12-20 00:19:23] INFO     mem_cmp 0x5B7C0000 0x7B7C0000 0x00010000 4
[2022-12-20 00:19:29] INFO     mem_cmp 0x5BFC0000 0x7BFC0000 0x00010000 4
[2022-12-20 00:19:36] INFO     mem_cmp 0x5C7C0000 0x7C7C0000 0x00010000 4
[2022-12-20 00:19:43] INFO     mem_cmp 0x5CFC0000 0x7CFC0000 0x00010000 4
[2022-12-20 00:19:49] INFO     mem_cmp 0x5D7C0000 0x7D7C0000 0x00010000 4
[2022-12-20 00:19:56] INFO     mem_cmp 0x5DFC0000 0x7DFC0000 0x00010000 4
[2022-12-20 00:20:03] INFO     mem_cmp 0x5E7C0000 0x7E7C0000 0x00010000 4
[2022-12-20 00:20:09] INFO     mem_cmp 0x5EFC0000 0x7EFC0000 0x00010000 4
[2022-12-20 00:20:16] INFO     mem_cmp 0x5F7C0000 0x7F7C0000 0x00010000 4
[2022-12-20 00:20:23] INFO     mem_cmp 0x5FFC0000 0x7FFC0000 0x00010000 4
[2022-12-20 00:20:23] INFO     STATE:Mem Compare State
[2022-12-20 00:20:29] INFO     mem_cmp 0x407C0000 0x607C0000 0x00010000 4
[2022-12-20 00:20:36] INFO     mem_cmp 0x40FC0000 0x60FC0000 0x00010000 4
[2022-12-20 00:20:42] INFO     mem_cmp 0x417C0000 0x617C0000 0x00010000 4
[2022-12-20 00:20:49] INFO     mem_cmp 0x41FC0000 0x61FC0000 0x00010000 4
[2022-12-20 00:20:55] INFO     mem_cmp 0x427C0000 0x627C0000 0x00010000 4
[2022-12-20 00:21:02] INFO     mem_cmp 0x42FC0000 0x62FC0000 0x00010000 4
[2022-12-20 00:21:09] INFO     mem_cmp 0x437C0000 0x637C0000 0x00010000 4
[2022-12-20 00:21:15] INFO     mem_cmp 0x43FC0000 0x63FC0000 0x00010000 4
[2022-12-20 00:21:22] INFO     mem_cmp 0x447C0000 0x647C0000 0x00010000 4
[2022-12-20 00:21:29] INFO     mem_cmp 0x44FC0000 0x64FC0000 0x00010000 4
[2022-12-20 00:21:35] INFO     mem_cmp 0x457C0000 0x657C0000 0x00010000 4
[2022-12-20 00:21:42] INFO     mem_cmp 0x45FC0000 0x65FC0000 0x00010000 4
[2022-12-20 00:21:49] INFO     mem_cmp 0x467C0000 0x667C0000 0x00010000 4
[2022-12-20 00:21:55] INFO     mem_cmp 0x46FC0000 0x66FC0000 0x00010000 4
[2022-12-20 00:22:02] INFO     mem_cmp 0x477C0000 0x677C0000 0x00010000 4
[2022-12-20 00:22:08] INFO     mem_cmp 0x47FC0000 0x67FC0000 0x00010000 4
[2022-12-20 00:22:15] INFO     mem_cmp 0x487C0000 0x687C0000 0x00010000 4
[2022-12-20 00:22:21] INFO     mem_cmp 0x48FC0000 0x68FC0000 0x00010000 4
[2022-12-20 00:22:28] INFO     mem_cmp 0x497C0000 0x697C0000 0x00010000 4
[2022-12-20 00:22:34] INFO     mem_cmp 0x49FC0000 0x69FC0000 0x00010000 4
[2022-12-20 00:22:41] INFO     mem_cmp 0x4A7C0000 0x6A7C0000 0x00010000 4
[2022-12-20 00:22:48] INFO     mem_cmp 0x4AFC0000 0x6AFC0000 0x00010000 4
[2022-12-20 00:22:54] INFO     mem_cmp 0x4B7C0000 0x6B7C0000 0x00010000 4
[2022-12-20 00:23:01] INFO     mem_cmp 0x4BFC0000 0x6BFC0000 0x00010000 4
[2022-12-20 00:23:07] INFO     mem_cmp 0x4C7C0000 0x6C7C0000 0x00010000 4
[2022-12-20 00:23:14] INFO     mem_cmp 0x4CFC0000 0x6CFC0000 0x00010000 4
[2022-12-20 00:23:21] INFO     mem_cmp 0x4D7C0000 0x6D7C0000 0x00010000 4
[2022-12-20 00:23:27] INFO     mem_cmp 0x4DFC0000 0x6DFC0000 0x00010000 4
[2022-12-20 00:23:34] INFO     mem_cmp 0x4E7C0000 0x6E7C0000 0x00010000 4
[2022-12-20 00:23:41] INFO     mem_cmp 0x4EFC0000 0x6EFC0000 0x00010000 4
[2022-12-20 00:23:47] INFO     mem_cmp 0x4F7C0000 0x6F7C0000 0x00010000 4
[2022-12-20 00:23:54] INFO     mem_cmp 0x4FFC0000 0x6FFC0000 0x00010000 4
[2022-12-20 00:24:00] INFO     mem_cmp 0x507C0000 0x707C0000 0x00010000 4
[2022-12-20 00:24:07] INFO     mem_cmp 0x50FC0000 0x70FC0000 0x00010000 4
[2022-12-20 00:24:13] INFO     mem_cmp 0x517C0000 0x717C0000 0x00010000 4
[2022-12-20 00:24:20] INFO     mem_cmp 0x51FC0000 0x71FC0000 0x00010000 4
[2022-12-20 00:24:27] INFO     mem_cmp 0x527C0000 0x727C0000 0x00010000 4
[2022-12-20 00:24:33] INFO     mem_cmp 0x52FC0000 0x72FC0000 0x00010000 4
[2022-12-20 00:24:40] INFO     mem_cmp 0x537C0000 0x737C0000 0x00010000 4
[2022-12-20 00:24:47] INFO     mem_cmp 0x53FC0000 0x73FC0000 0x00010000 4
[2022-12-20 00:24:53] INFO     mem_cmp 0x547C0000 0x747C0000 0x00010000 4
[2022-12-20 00:25:00] INFO     mem_cmp 0x54FC0000 0x74FC0000 0x00010000 4
[2022-12-20 00:25:07] INFO     mem_cmp 0x557C0000 0x757C0000 0x00010000 4
[2022-12-20 00:25:13] INFO     mem_cmp 0x55FC0000 0x75FC0000 0x00010000 4
[2022-12-20 00:25:20] INFO     mem_cmp 0x567C0000 0x767C0000 0x00010000 4
[2022-12-20 00:25:27] INFO     mem_cmp 0x56FC0000 0x76FC0000 0x00010000 4
[2022-12-20 00:25:33] INFO     mem_cmp 0x577C0000 0x777C0000 0x00010000 4
[2022-12-20 00:25:40] INFO     mem_cmp 0x57FC0000 0x77FC0000 0x00010000 4
[2022-12-20 00:25:46] INFO     mem_cmp 0x587C0000 0x787C0000 0x00010000 4
[2022-12-20 00:25:53] INFO     mem_cmp 0x58FC0000 0x78FC0000 0x00010000 4
[2022-12-20 00:26:00] INFO     mem_cmp 0x597C0000 0x797C0000 0x00010000 4
[2022-12-20 00:26:06] INFO     mem_cmp 0x59FC0000 0x79FC0000 0x00010000 4
[2022-12-20 00:26:13] INFO     mem_cmp 0x5A7C0000 0x7A7C0000 0x00010000 4
[2022-12-20 00:26:19] INFO     mem_cmp 0x5AFC0000 0x7AFC0000 0x00010000 4
[2022-12-20 00:26:26] INFO     mem_cmp 0x5B7C0000 0x7B7C0000 0x00010000 4
[2022-12-20 00:26:32] INFO     mem_cmp 0x5BFC0000 0x7BFC0000 0x00010000 4
[2022-12-20 00:26:39] INFO     mem_cmp 0x5C7C0000 0x7C7C0000 0x00010000 4
[2022-12-20 00:26:46] INFO     mem_cmp 0x5CFC0000 0x7CFC0000 0x00010000 4
[2022-12-20 00:26:52] INFO     mem_cmp 0x5D7C0000 0x7D7C0000 0x00010000 4
[2022-12-20 00:26:59] INFO     mem_cmp 0x5DFC0000 0x7DFC0000 0x00010000 4
[2022-12-20 00:27:05] INFO     mem_cmp 0x5E7C0000 0x7E7C0000 0x00010000 4
[2022-12-20 00:27:11] INFO     mem_cmp 0x5EFC0000 0x7EFC0000 0x00010000 4
[2022-12-20 00:27:18] INFO     mem_cmp 0x5F7C0000 0x7F7C0000 0x00010000 4
[2022-12-20 00:27:25] INFO     mem_cmp 0x5FFC0000 0x7FFC0000 0x00010000 4
[2022-12-20 00:27:25] INFO     STATE:Mem Compare State
[2022-12-20 00:27:32] INFO     mem_cmp 0x407C0000 0x607C0000 0x00010000 4
[2022-12-20 00:27:38] INFO     mem_cmp 0x40FC0000 0x60FC0000 0x00010000 4
[2022-12-20 00:27:44] INFO     mem_cmp 0x417C0000 0x617C0000 0x00010000 4
[2022-12-20 00:27:51] INFO     mem_cmp 0x41FC0000 0x61FC0000 0x00010000 4
[2022-12-20 00:27:58] INFO     mem_cmp 0x427C0000 0x627C0000 0x00010000 4
[2022-12-20 00:28:04] INFO     mem_cmp 0x42FC0000 0x62FC0000 0x00010000 4
[2022-12-20 00:28:11] INFO     mem_cmp 0x437C0000 0x637C0000 0x00010000 4
[2022-12-20 00:28:18] INFO     mem_cmp 0x43FC0000 0x63FC0000 0x00010000 4
[2022-12-20 00:28:24] INFO     mem_cmp 0x447C0000 0x647C0000 0x00010000 4
[2022-12-20 00:28:31] INFO     mem_cmp 0x44FC0000 0x64FC0000 0x00010000 4
[2022-12-20 00:28:37] INFO     mem_cmp 0x457C0000 0x657C0000 0x00010000 4
[2022-12-20 00:28:44] INFO     mem_cmp 0x45FC0000 0x65FC0000 0x00010000 4
[2022-12-20 00:28:51] INFO     mem_cmp 0x467C0000 0x667C0000 0x00010000 4
[2022-12-20 00:28:58] INFO     mem_cmp 0x46FC0000 0x66FC0000 0x00010000 4
[2022-12-20 00:29:04] INFO     mem_cmp 0x477C0000 0x677C0000 0x00010000 4
[2022-12-20 00:29:11] INFO     mem_cmp 0x47FC0000 0x67FC0000 0x00010000 4
[2022-12-20 00:29:17] INFO     mem_cmp 0x487C0000 0x687C0000 0x00010000 4
[2022-12-20 00:29:24] INFO     mem_cmp 0x48FC0000 0x68FC0000 0x00010000 4
[2022-12-20 00:29:31] INFO     mem_cmp 0x497C0000 0x697C0000 0x00010000 4
[2022-12-20 00:29:37] INFO     mem_cmp 0x49FC0000 0x69FC0000 0x00010000 4
[2022-12-20 00:29:44] INFO     mem_cmp 0x4A7C0000 0x6A7C0000 0x00010000 4
[2022-12-20 00:29:50] INFO     mem_cmp 0x4AFC0000 0x6AFC0000 0x00010000 4
[2022-12-20 00:29:57] INFO     mem_cmp 0x4B7C0000 0x6B7C0000 0x00010000 4
[2022-12-20 00:30:04] INFO     mem_cmp 0x4BFC0000 0x6BFC0000 0x00010000 4
[2022-12-20 00:30:10] INFO     mem_cmp 0x4C7C0000 0x6C7C0000 0x00010000 4
[2022-12-20 00:30:17] INFO     mem_cmp 0x4CFC0000 0x6CFC0000 0x00010000 4
[2022-12-20 00:30:23] INFO     mem_cmp 0x4D7C0000 0x6D7C0000 0x00010000 4
[2022-12-20 00:30:30] INFO     mem_cmp 0x4DFC0000 0x6DFC0000 0x00010000 4
[2022-12-20 00:30:36] INFO     mem_cmp 0x4E7C0000 0x6E7C0000 0x00010000 4
[2022-12-20 00:30:42] INFO     mem_cmp 0x4EFC0000 0x6EFC0000 0x00010000 4
[2022-12-20 00:30:49] INFO     mem_cmp 0x4F7C0000 0x6F7C0000 0x00010000 4
[2022-12-20 00:30:56] INFO     mem_cmp 0x4FFC0000 0x6FFC0000 0x00010000 4
[2022-12-20 00:31:02] INFO     mem_cmp 0x507C0000 0x707C0000 0x00010000 4
[2022-12-20 00:31:09] INFO     mem_cmp 0x50FC0000 0x70FC0000 0x00010000 4
[2022-12-20 00:31:15] INFO     mem_cmp 0x517C0000 0x717C0000 0x00010000 4
[2022-12-20 00:31:22] INFO     mem_cmp 0x51FC0000 0x71FC0000 0x00010000 4
[2022-12-20 00:31:28] INFO     mem_cmp 0x527C0000 0x727C0000 0x00010000 4
[2022-12-20 00:31:35] INFO     mem_cmp 0x52FC0000 0x72FC0000 0x00010000 4
[2022-12-20 00:31:42] INFO     mem_cmp 0x537C0000 0x737C0000 0x00010000 4
[2022-12-20 00:31:49] INFO     mem_cmp 0x53FC0000 0x73FC0000 0x00010000 4
[2022-12-20 00:31:55] INFO     mem_cmp 0x547C0000 0x747C0000 0x00010000 4
[2022-12-20 00:32:02] INFO     mem_cmp 0x54FC0000 0x74FC0000 0x00010000 4
[2022-12-20 00:32:08] INFO     mem_cmp 0x557C0000 0x757C0000 0x00010000 4
[2022-12-20 00:32:15] INFO     mem_cmp 0x55FC0000 0x75FC0000 0x00010000 4
[2022-12-20 00:32:21] INFO     mem_cmp 0x567C0000 0x767C0000 0x00010000 4
[2022-12-20 00:32:28] INFO     mem_cmp 0x56FC0000 0x76FC0000 0x00010000 4
[2022-12-20 00:32:34] INFO     mem_cmp 0x577C0000 0x777C0000 0x00010000 4
[2022-12-20 00:32:41] INFO     mem_cmp 0x57FC0000 0x77FC0000 0x00010000 4
[2022-12-20 00:32:47] INFO     mem_cmp 0x587C0000 0x787C0000 0x00010000 4
[2022-12-20 00:32:54] INFO     mem_cmp 0x58FC0000 0x78FC0000 0x00010000 4
[2022-12-20 00:33:00] INFO     mem_cmp 0x597C0000 0x797C0000 0x00010000 4
[2022-12-20 00:33:07] INFO     mem_cmp 0x59FC0000 0x79FC0000 0x00010000 4
[2022-12-20 00:33:13] INFO     mem_cmp 0x5A7C0000 0x7A7C0000 0x00010000 4
[2022-12-20 00:33:20] INFO     mem_cmp 0x5AFC0000 0x7AFC0000 0x00010000 4
[2022-12-20 00:33:27] INFO     mem_cmp 0x5B7C0000 0x7B7C0000 0x00010000 4
[2022-12-20 00:33:33] INFO     mem_cmp 0x5BFC0000 0x7BFC0000 0x00010000 4
[2022-12-20 00:33:40] INFO     mem_cmp 0x5C7C0000 0x7C7C0000 0x00010000 4
[2022-12-20 00:33:47] INFO     mem_cmp 0x5CFC0000 0x7CFC0000 0x00010000 4
[2022-12-20 00:33:53] INFO     mem_cmp 0x5D7C0000 0x7D7C0000 0x00010000 4
[2022-12-20 00:34:00] INFO     mem_cmp 0x5DFC0000 0x7DFC0000 0x00010000 4
[2022-12-20 00:34:06] INFO     mem_cmp 0x5E7C0000 0x7E7C0000 0x00010000 4
[2022-12-20 00:34:13] INFO     mem_cmp 0x5EFC0000 0x7EFC0000 0x00010000 4
[2022-12-20 00:34:20] INFO     mem_cmp 0x5F7C0000 0x7F7C0000 0x00010000 4
[2022-12-20 00:34:26] INFO     mem_cmp 0x5FFC0000 0x7FFC0000 0x00010000 4
[2022-12-20 00:34:27] INFO     STATE:Mem Compare State
[2022-12-20 00:34:33] INFO     mem_cmp 0x407C0000 0x607C0000 0x00010000 4
[2022-12-20 00:34:39] INFO     mem_cmp 0x40FC0000 0x60FC0000 0x00010000 4
[2022-12-20 00:34:46] INFO     mem_cmp 0x417C0000 0x617C0000 0x00010000 4
[2022-12-20 00:34:53] INFO     mem_cmp 0x41FC0000 0x61FC0000 0x00010000 4
[2022-12-20 00:34:59] INFO     mem_cmp 0x427C0000 0x627C0000 0x00010000 4
[2022-12-20 00:35:06] INFO     mem_cmp 0x42FC0000 0x62FC0000 0x00010000 4
[2022-12-20 00:35:13] INFO     mem_cmp 0x437C0000 0x637C0000 0x00010000 4
[2022-12-20 00:35:19] INFO     mem_cmp 0x43FC0000 0x63FC0000 0x00010000 4
[2022-12-20 00:35:26] INFO     mem_cmp 0x447C0000 0x647C0000 0x00010000 4
[2022-12-20 00:35:32] INFO     mem_cmp 0x44FC0000 0x64FC0000 0x00010000 4
[2022-12-20 00:35:39] INFO     mem_cmp 0x457C0000 0x657C0000 0x00010000 4
[2022-12-20 00:35:46] INFO     mem_cmp 0x45FC0000 0x65FC0000 0x00010000 4
[2022-12-20 00:35:53] INFO     mem_cmp 0x467C0000 0x667C0000 0x00010000 4
[2022-12-20 00:35:59] INFO     mem_cmp 0x46FC0000 0x66FC0000 0x00010000 4
[2022-12-20 00:36:06] INFO     mem_cmp 0x477C0000 0x677C0000 0x00010000 4
[2022-12-20 00:36:12] INFO     mem_cmp 0x47FC0000 0x67FC0000 0x00010000 4
[2022-12-20 00:36:19] INFO     mem_cmp 0x487C0000 0x687C0000 0x00010000 4
[2022-12-20 00:36:26] INFO     mem_cmp 0x48FC0000 0x68FC0000 0x00010000 4
[2022-12-20 00:36:32] INFO     mem_cmp 0x497C0000 0x697C0000 0x00010000 4
[2022-12-20 00:36:39] INFO     mem_cmp 0x49FC0000 0x69FC0000 0x00010000 4
[2022-12-20 00:36:45] INFO     mem_cmp 0x4A7C0000 0x6A7C0000 0x00010000 4
[2022-12-20 00:36:52] INFO     mem_cmp 0x4AFC0000 0x6AFC0000 0x00010000 4
[2022-12-20 00:36:58] INFO     mem_cmp 0x4B7C0000 0x6B7C0000 0x00010000 4
[2022-12-20 00:37:05] INFO     mem_cmp 0x4BFC0000 0x6BFC0000 0x00010000 4
[2022-12-20 00:37:12] INFO     mem_cmp 0x4C7C0000 0x6C7C0000 0x00010000 4
[2022-12-20 00:37:19] INFO     mem_cmp 0x4CFC0000 0x6CFC0000 0x00010000 4
[2022-12-20 00:37:25] INFO     mem_cmp 0x4D7C0000 0x6D7C0000 0x00010000 4
[2022-12-20 00:37:32] INFO     mem_cmp 0x4DFC0000 0x6DFC0000 0x00010000 4
[2022-12-20 00:37:39] INFO     mem_cmp 0x4E7C0000 0x6E7C0000 0x00010000 4
[2022-12-20 00:37:45] INFO     mem_cmp 0x4EFC0000 0x6EFC0000 0x00010000 4
[2022-12-20 00:37:52] INFO     mem_cmp 0x4F7C0000 0x6F7C0000 0x00010000 4
[2022-12-20 00:37:58] INFO     mem_cmp 0x4FFC0000 0x6FFC0000 0x00010000 4
[2022-12-20 00:38:05] INFO     mem_cmp 0x507C0000 0x707C0000 0x00010000 4
[2022-12-20 00:38:12] INFO     mem_cmp 0x50FC0000 0x70FC0000 0x00010000 4
[2022-12-20 00:38:18] INFO     mem_cmp 0x517C0000 0x717C0000 0x00010000 4
[2022-12-20 00:38:25] INFO     mem_cmp 0x51FC0000 0x71FC0000 0x00010000 4
[2022-12-20 00:38:32] INFO     mem_cmp 0x527C0000 0x727C0000 0x00010000 4
[2022-12-20 00:38:39] INFO     mem_cmp 0x52FC0000 0x72FC0000 0x00010000 4
[2022-12-20 00:38:45] INFO     mem_cmp 0x537C0000 0x737C0000 0x00010000 4
[2022-12-20 00:38:52] INFO     mem_cmp 0x53FC0000 0x73FC0000 0x00010000 4
[2022-12-20 00:38:58] INFO     mem_cmp 0x547C0000 0x747C0000 0x00010000 4
[2022-12-20 00:39:04] INFO     mem_cmp 0x54FC0000 0x74FC0000 0x00010000 4
[2022-12-20 00:39:11] INFO     mem_cmp 0x557C0000 0x757C0000 0x00010000 4
[2022-12-20 00:39:17] INFO     mem_cmp 0x55FC0000 0x75FC0000 0x00010000 4
[2022-12-20 00:39:24] INFO     mem_cmp 0x567C0000 0x767C0000 0x00010000 4
[2022-12-20 00:39:30] INFO     mem_cmp 0x56FC0000 0x76FC0000 0x00010000 4
[2022-12-20 00:39:37] INFO     mem_cmp 0x577C0000 0x777C0000 0x00010000 4
[2022-12-20 00:39:44] INFO     mem_cmp 0x57FC0000 0x77FC0000 0x00010000 4
[2022-12-20 00:39:50] INFO     mem_cmp 0x587C0000 0x787C0000 0x00010000 4
[2022-12-20 00:39:57] INFO     mem_cmp 0x58FC0000 0x78FC0000 0x00010000 4
[2022-12-20 00:40:03] INFO     mem_cmp 0x597C0000 0x797C0000 0x00010000 4
[2022-12-20 00:40:10] INFO     mem_cmp 0x59FC0000 0x79FC0000 0x00010000 4
[2022-12-20 00:40:16] INFO     mem_cmp 0x5A7C0000 0x7A7C0000 0x00010000 4
[2022-12-20 00:40:23] INFO     mem_cmp 0x5AFC0000 0x7AFC0000 0x00010000 4
[2022-12-20 00:40:29] INFO     mem_cmp 0x5B7C0000 0x7B7C0000 0x00010000 4
[2022-12-20 00:40:36] INFO     mem_cmp 0x5BFC0000 0x7BFC0000 0x00010000 4
[2022-12-20 00:40:43] INFO     mem_cmp 0x5C7C0000 0x7C7C0000 0x00010000 4
[2022-12-20 00:40:49] INFO     mem_cmp 0x5CFC0000 0x7CFC0000 0x00010000 4
[2022-12-20 00:40:56] INFO     mem_cmp 0x5D7C0000 0x7D7C0000 0x00010000 4
[2022-12-20 00:41:02] INFO     mem_cmp 0x5DFC0000 0x7DFC0000 0x00010000 4
[2022-12-20 00:41:09] INFO     mem_cmp 0x5E7C0000 0x7E7C0000 0x00010000 4
[2022-12-20 00:41:15] INFO     mem_cmp 0x5EFC0000 0x7EFC0000 0x00010000 4
[2022-12-20 00:41:22] INFO     mem_cmp 0x5F7C0000 0x7F7C0000 0x00010000 4
[2022-12-20 00:41:29] INFO     mem_cmp 0x5FFC0000 0x7FFC0000 0x00010000 4
[2022-12-20 00:41:29] INFO     STATE:Mem Compare State
[2022-12-20 00:41:35] INFO     mem_cmp 0x407C0000 0x607C0000 0x00010000 4
[2022-12-20 00:41:42] INFO     mem_cmp 0x40FC0000 0x60FC0000 0x00010000 4
[2022-12-20 00:41:49] INFO     mem_cmp 0x417C0000 0x617C0000 0x00010000 4
[2022-12-20 00:41:55] INFO     mem_cmp 0x41FC0000 0x61FC0000 0x00010000 4
[2022-12-20 00:42:02] INFO     mem_cmp 0x427C0000 0x627C0000 0x00010000 4
[2022-12-20 00:42:09] INFO     mem_cmp 0x42FC0000 0x62FC0000 0x00010000 4
[2022-12-20 00:42:15] INFO     mem_cmp 0x437C0000 0x637C0000 0x00010000 4
[2022-12-20 00:42:22] INFO     mem_cmp 0x43FC0000 0x63FC0000 0x00010000 4
[2022-12-20 00:42:28] INFO     mem_cmp 0x447C0000 0x647C0000 0x00010000 4
[2022-12-20 00:42:35] INFO     mem_cmp 0x44FC0000 0x64FC0000 0x00010000 4
[2022-12-20 00:42:42] INFO     mem_cmp 0x457C0000 0x657C0000 0x00010000 4
[2022-12-20 00:42:49] INFO     mem_cmp 0x45FC0000 0x65FC0000 0x00010000 4
[2022-12-20 00:42:56] INFO     mem_cmp 0x467C0000 0x667C0000 0x00010000 4
[2022-12-20 00:43:02] INFO     mem_cmp 0x46FC0000 0x66FC0000 0x00010000 4
[2022-12-20 00:43:09] INFO     mem_cmp 0x477C0000 0x677C0000 0x00010000 4
[2022-12-20 00:43:15] INFO     mem_cmp 0x47FC0000 0x67FC0000 0x00010000 4
[2022-12-20 00:43:22] INFO     mem_cmp 0x487C0000 0x687C0000 0x00010000 4
[2022-12-20 00:43:29] INFO     mem_cmp 0x48FC0000 0x68FC0000 0x00010000 4
[2022-12-20 00:43:35] INFO     mem_cmp 0x497C0000 0x697C0000 0x00010000 4
[2022-12-20 00:43:42] INFO     mem_cmp 0x49FC0000 0x69FC0000 0x00010000 4
[2022-12-20 00:43:49] INFO     mem_cmp 0x4A7C0000 0x6A7C0000 0x00010000 4
[2022-12-20 00:43:55] INFO     mem_cmp 0x4AFC0000 0x6AFC0000 0x00010000 4
[2022-12-20 00:44:02] INFO     mem_cmp 0x4B7C0000 0x6B7C0000 0x00010000 4
[2022-12-20 00:44:09] INFO     mem_cmp 0x4BFC0000 0x6BFC0000 0x00010000 4
[2022-12-20 00:44:15] INFO     mem_cmp 0x4C7C0000 0x6C7C0000 0x00010000 4
[2022-12-20 00:44:22] INFO     mem_cmp 0x4CFC0000 0x6CFC0000 0x00010000 4
[2022-12-20 00:44:28] INFO     mem_cmp 0x4D7C0000 0x6D7C0000 0x00010000 4
[2022-12-20 00:44:35] INFO     mem_cmp 0x4DFC0000 0x6DFC0000 0x00010000 4
[2022-12-20 00:44:41] INFO     mem_cmp 0x4E7C0000 0x6E7C0000 0x00010000 4
[2022-12-20 00:44:48] INFO     mem_cmp 0x4EFC0000 0x6EFC0000 0x00010000 4
[2022-12-20 00:44:55] INFO     mem_cmp 0x4F7C0000 0x6F7C0000 0x00010000 4
[2022-12-20 00:45:01] INFO     mem_cmp 0x4FFC0000 0x6FFC0000 0x00010000 4
[2022-12-20 00:45:08] INFO     mem_cmp 0x507C0000 0x707C0000 0x00010000 4
[2022-12-20 00:45:15] INFO     mem_cmp 0x50FC0000 0x70FC0000 0x00010000 4
[2022-12-20 00:45:21] INFO     mem_cmp 0x517C0000 0x717C0000 0x00010000 4
[2022-12-20 00:45:28] INFO     mem_cmp 0x51FC0000 0x71FC0000 0x00010000 4
[2022-12-20 00:45:34] INFO     mem_cmp 0x527C0000 0x727C0000 0x00010000 4
[2022-12-20 00:45:41] INFO     mem_cmp 0x52FC0000 0x72FC0000 0x00010000 4
[2022-12-20 00:45:47] INFO     mem_cmp 0x537C0000 0x737C0000 0x00010000 4
[2022-12-20 00:45:54] INFO     mem_cmp 0x53FC0000 0x73FC0000 0x00010000 4
[2022-12-20 00:46:01] INFO     mem_cmp 0x547C0000 0x747C0000 0x00010000 4
[2022-12-20 00:46:07] INFO     mem_cmp 0x54FC0000 0x74FC0000 0x00010000 4
[2022-12-20 00:46:13] INFO     mem_cmp 0x557C0000 0x757C0000 0x00010000 4
[2022-12-20 00:46:20] INFO     mem_cmp 0x55FC0000 0x75FC0000 0x00010000 4
[2022-12-20 00:46:27] INFO     mem_cmp 0x567C0000 0x767C0000 0x00010000 4
[2022-12-20 00:46:33] INFO     mem_cmp 0x56FC0000 0x76FC0000 0x00010000 4
[2022-12-20 00:46:40] INFO     mem_cmp 0x577C0000 0x777C0000 0x00010000 4
[2022-12-20 00:46:47] INFO     mem_cmp 0x57FC0000 0x77FC0000 0x00010000 4
[2022-12-20 00:46:53] INFO     mem_cmp 0x587C0000 0x787C0000 0x00010000 4
[2022-12-20 00:47:00] INFO     mem_cmp 0x58FC0000 0x78FC0000 0x00010000 4
[2022-12-20 00:47:06] INFO     mem_cmp 0x597C0000 0x797C0000 0x00010000 4
[2022-12-20 00:47:13] INFO     mem_cmp 0x59FC0000 0x79FC0000 0x00010000 4
[2022-12-20 00:47:20] INFO     mem_cmp 0x5A7C0000 0x7A7C0000 0x00010000 4
[2022-12-20 00:47:26] INFO     mem_cmp 0x5AFC0000 0x7AFC0000 0x00010000 4
[2022-12-20 00:47:33] INFO     mem_cmp 0x5B7C0000 0x7B7C0000 0x00010000 4
[2022-12-20 00:47:40] INFO     mem_cmp 0x5BFC0000 0x7BFC0000 0x00010000 4
[2022-12-20 00:47:46] INFO     mem_cmp 0x5C7C0000 0x7C7C0000 0x00010000 4
[2022-12-20 00:47:53] INFO     mem_cmp 0x5CFC0000 0x7CFC0000 0x00010000 4
[2022-12-20 00:47:59] INFO     mem_cmp 0x5D7C0000 0x7D7C0000 0x00010000 4
[2022-12-20 00:48:06] INFO     mem_cmp 0x5DFC0000 0x7DFC0000 0x00010000 4
[2022-12-20 00:48:12] INFO     mem_cmp 0x5E7C0000 0x7E7C0000 0x00010000 4
[2022-12-20 00:48:19] INFO     mem_cmp 0x5EFC0000 0x7EFC0000 0x00010000 4
[2022-12-20 00:48:25] INFO     mem_cmp 0x5F7C0000 0x7F7C0000 0x00010000 4
[2022-12-20 00:48:32] INFO     mem_cmp 0x5FFC0000 0x7FFC0000 0x00010000 4
[2022-12-20 00:48:32] INFO     STATE:Mem Compare State
[2022-12-20 00:48:39] INFO     mem_cmp 0x407C0000 0x607C0000 0x00010000 4
[2022-12-20 00:48:45] INFO     mem_cmp 0x40FC0000 0x60FC0000 0x00010000 4
[2022-12-20 00:48:52] INFO     mem_cmp 0x417C0000 0x617C0000 0x00010000 4
[2022-12-20 00:48:58] INFO     mem_cmp 0x41FC0000 0x61FC0000 0x00010000 4
[2022-12-20 00:49:05] INFO     mem_cmp 0x427C0000 0x627C0000 0x00010000 4
[2022-12-20 00:49:12] INFO     mem_cmp 0x42FC0000 0x62FC0000 0x00010000 4
[2022-12-20 00:49:18] INFO     mem_cmp 0x437C0000 0x637C0000 0x00010000 4
[2022-12-20 00:49:25] INFO     mem_cmp 0x43FC0000 0x63FC0000 0x00010000 4
[2022-12-20 00:49:32] INFO     mem_cmp 0x447C0000 0x647C0000 0x00010000 4
[2022-12-20 00:49:38] INFO     mem_cmp 0x44FC0000 0x64FC0000 0x00010000 4
[2022-12-20 00:49:45] INFO     mem_cmp 0x457C0000 0x657C0000 0x00010000 4
[2022-12-20 00:49:51] INFO     mem_cmp 0x45FC0000 0x65FC0000 0x00010000 4
[2022-12-20 00:49:58] INFO     mem_cmp 0x467C0000 0x667C0000 0x00010000 4
[2022-12-20 00:50:04] INFO     mem_cmp 0x46FC0000 0x66FC0000 0x00010000 4
[2022-12-20 00:50:11] INFO     mem_cmp 0x477C0000 0x677C0000 0x00010000 4
[2022-12-20 00:50:17] INFO     mem_cmp 0x47FC0000 0x67FC0000 0x00010000 4
[2022-12-20 00:50:24] INFO     mem_cmp 0x487C0000 0x687C0000 0x00010000 4
[2022-12-20 00:50:31] INFO     mem_cmp 0x48FC0000 0x68FC0000 0x00010000 4
[2022-12-20 00:50:37] INFO     mem_cmp 0x497C0000 0x697C0000 0x00010000 4
[2022-12-20 00:50:44] INFO     mem_cmp 0x49FC0000 0x69FC0000 0x00010000 4
[2022-12-20 00:50:50] INFO     mem_cmp 0x4A7C0000 0x6A7C0000 0x00010000 4
[2022-12-20 00:50:57] INFO     mem_cmp 0x4AFC0000 0x6AFC0000 0x00010000 4
[2022-12-20 00:51:03] INFO     mem_cmp 0x4B7C0000 0x6B7C0000 0x00010000 4
[2022-12-20 00:51:10] INFO     mem_cmp 0x4BFC0000 0x6BFC0000 0x00010000 4
[2022-12-20 00:51:16] INFO     mem_cmp 0x4C7C0000 0x6C7C0000 0x00010000 4
[2022-12-20 00:51:23] INFO     mem_cmp 0x4CFC0000 0x6CFC0000 0x00010000 4
[2022-12-20 00:51:29] INFO     mem_cmp 0x4D7C0000 0x6D7C0000 0x00010000 4
[2022-12-20 00:51:36] INFO     mem_cmp 0x4DFC0000 0x6DFC0000 0x00010000 4
[2022-12-20 00:51:42] INFO     mem_cmp 0x4E7C0000 0x6E7C0000 0x00010000 4
[2022-12-20 00:51:49] INFO     mem_cmp 0x4EFC0000 0x6EFC0000 0x00010000 4
[2022-12-20 00:51:56] INFO     mem_cmp 0x4F7C0000 0x6F7C0000 0x00010000 4
[2022-12-20 00:52:03] INFO     mem_cmp 0x4FFC0000 0x6FFC0000 0x00010000 4
[2022-12-20 00:52:09] INFO     mem_cmp 0x507C0000 0x707C0000 0x00010000 4
[2022-12-20 00:52:16] INFO     mem_cmp 0x50FC0000 0x70FC0000 0x00010000 4
[2022-12-20 00:52:23] INFO     mem_cmp 0x517C0000 0x717C0000 0x00010000 4
[2022-12-20 00:52:30] INFO     mem_cmp 0x51FC0000 0x71FC0000 0x00010000 4
[2022-12-20 00:52:36] INFO     mem_cmp 0x527C0000 0x727C0000 0x00010000 4
[2022-12-20 00:52:43] INFO     mem_cmp 0x52FC0000 0x72FC0000 0x00010000 4
[2022-12-20 00:52:49] INFO     mem_cmp 0x537C0000 0x737C0000 0x00010000 4
[2022-12-20 00:52:56] INFO     mem_cmp 0x53FC0000 0x73FC0000 0x00010000 4
[2022-12-20 00:53:02] INFO     mem_cmp 0x547C0000 0x747C0000 0x00010000 4
[2022-12-20 00:53:09] INFO     mem_cmp 0x54FC0000 0x74FC0000 0x00010000 4
[2022-12-20 00:53:16] INFO     mem_cmp 0x557C0000 0x757C0000 0x00010000 4
[2022-12-20 00:53:22] INFO     mem_cmp 0x55FC0000 0x75FC0000 0x00010000 4
[2022-12-20 00:53:29] INFO     mem_cmp 0x567C0000 0x767C0000 0x00010000 4
[2022-12-20 00:53:35] INFO     mem_cmp 0x56FC0000 0x76FC0000 0x00010000 4
[2022-12-20 00:53:42] INFO     mem_cmp 0x577C0000 0x777C0000 0x00010000 4
[2022-12-20 00:53:49] INFO     mem_cmp 0x57FC0000 0x77FC0000 0x00010000 4
[2022-12-20 00:53:55] INFO     mem_cmp 0x587C0000 0x787C0000 0x00010000 4
[2022-12-20 00:54:02] INFO     mem_cmp 0x58FC0000 0x78FC0000 0x00010000 4
[2022-12-20 00:54:09] INFO     mem_cmp 0x597C0000 0x797C0000 0x00010000 4
[2022-12-20 00:54:15] INFO     mem_cmp 0x59FC0000 0x79FC0000 0x00010000 4
[2022-12-20 00:54:22] INFO     mem_cmp 0x5A7C0000 0x7A7C0000 0x00010000 4
[2022-12-20 00:54:29] INFO     mem_cmp 0x5AFC0000 0x7AFC0000 0x00010000 4
[2022-12-20 00:54:35] INFO     mem_cmp 0x5B7C0000 0x7B7C0000 0x00010000 4
[2022-12-20 00:54:42] INFO     mem_cmp 0x5BFC0000 0x7BFC0000 0x00010000 4
[2022-12-20 00:54:48] INFO     mem_cmp 0x5C7C0000 0x7C7C0000 0x00010000 4
[2022-12-20 00:54:55] INFO     mem_cmp 0x5CFC0000 0x7CFC0000 0x00010000 4
[2022-12-20 00:55:01] INFO     mem_cmp 0x5D7C0000 0x7D7C0000 0x00010000 4
[2022-12-20 00:55:08] INFO     mem_cmp 0x5DFC0000 0x7DFC0000 0x00010000 4
[2022-12-20 00:55:15] INFO     mem_cmp 0x5E7C0000 0x7E7C0000 0x00010000 4
[2022-12-20 00:55:21] INFO     mem_cmp 0x5EFC0000 0x7EFC0000 0x00010000 4
[2022-12-20 00:55:28] INFO     mem_cmp 0x5F7C0000 0x7F7C0000 0x00010000 4
[2022-12-20 00:55:35] INFO     mem_cmp 0x5FFC0000 0x7FFC0000 0x00010000 4
[2022-12-20 00:55:35] INFO     STATE:Mem Compare State
[2022-12-20 00:55:42] INFO     mem_cmp 0x407C0000 0x607C0000 0x00010000 4
[2022-12-20 00:55:48] INFO     mem_cmp 0x40FC0000 0x60FC0000 0x00010000 4
[2022-12-20 00:55:55] INFO     mem_cmp 0x417C0000 0x617C0000 0x00010000 4
[2022-12-20 00:56:01] INFO     mem_cmp 0x41FC0000 0x61FC0000 0x00010000 4
[2022-12-20 00:56:08] INFO     mem_cmp 0x427C0000 0x627C0000 0x00010000 4
[2022-12-20 00:56:15] INFO     mem_cmp 0x42FC0000 0x62FC0000 0x00010000 4
[2022-12-20 00:56:21] INFO     mem_cmp 0x437C0000 0x637C0000 0x00010000 4
[2022-12-20 00:56:28] INFO     mem_cmp 0x43FC0000 0x63FC0000 0x00010000 4
[2022-12-20 00:56:34] INFO     mem_cmp 0x447C0000 0x647C0000 0x00010000 4
[2022-12-20 00:56:41] INFO     mem_cmp 0x44FC0000 0x64FC0000 0x00010000 4
[2022-12-20 00:56:48] INFO     mem_cmp 0x457C0000 0x657C0000 0x00010000 4
[2022-12-20 00:56:54] INFO     mem_cmp 0x45FC0000 0x65FC0000 0x00010000 4
[2022-12-20 00:57:01] INFO     mem_cmp 0x467C0000 0x667C0000 0x00010000 4
[2022-12-20 00:57:07] INFO     mem_cmp 0x46FC0000 0x66FC0000 0x00010000 4
[2022-12-20 00:57:14] INFO     mem_cmp 0x477C0000 0x677C0000 0x00010000 4
[2022-12-20 00:57:21] INFO     mem_cmp 0x47FC0000 0x67FC0000 0x00010000 4
[2022-12-20 00:57:27] INFO     mem_cmp 0x487C0000 0x687C0000 0x00010000 4
[2022-12-20 00:57:34] INFO     mem_cmp 0x48FC0000 0x68FC0000 0x00010000 4
[2022-12-20 00:57:41] INFO     mem_cmp 0x497C0000 0x697C0000 0x00010000 4
[2022-12-20 00:57:47] INFO     mem_cmp 0x49FC0000 0x69FC0000 0x00010000 4
[2022-12-20 00:57:54] INFO     mem_cmp 0x4A7C0000 0x6A7C0000 0x00010000 4
[2022-12-20 00:58:01] INFO     mem_cmp 0x4AFC0000 0x6AFC0000 0x00010000 4
[2022-12-20 00:58:07] INFO     mem_cmp 0x4B7C0000 0x6B7C0000 0x00010000 4
[2022-12-20 00:58:14] INFO     mem_cmp 0x4BFC0000 0x6BFC0000 0x00010000 4
[2022-12-20 00:58:21] INFO     mem_cmp 0x4C7C0000 0x6C7C0000 0x00010000 4
[2022-12-20 00:58:27] INFO     mem_cmp 0x4CFC0000 0x6CFC0000 0x00010000 4
[2022-12-20 00:58:34] INFO     mem_cmp 0x4D7C0000 0x6D7C0000 0x00010000 4
[2022-12-20 00:58:41] INFO     mem_cmp 0x4DFC0000 0x6DFC0000 0x00010000 4
[2022-12-20 00:58:48] INFO     mem_cmp 0x4E7C0000 0x6E7C0000 0x00010000 4
[2022-12-20 00:58:54] INFO     mem_cmp 0x4EFC0000 0x6EFC0000 0x00010000 4
[2022-12-20 00:59:01] INFO     mem_cmp 0x4F7C0000 0x6F7C0000 0x00010000 4
[2022-12-20 00:59:07] INFO     mem_cmp 0x4FFC0000 0x6FFC0000 0x00010000 4
[2022-12-20 00:59:14] INFO     mem_cmp 0x507C0000 0x707C0000 0x00010000 4
[2022-12-20 00:59:21] INFO     mem_cmp 0x50FC0000 0x70FC0000 0x00010000 4
[2022-12-20 00:59:27] INFO     mem_cmp 0x517C0000 0x717C0000 0x00010000 4
[2022-12-20 00:59:34] INFO     mem_cmp 0x51FC0000 0x71FC0000 0x00010000 4
[2022-12-20 00:59:40] INFO     mem_cmp 0x527C0000 0x727C0000 0x00010000 4
[2022-12-20 00:59:47] INFO     mem_cmp 0x52FC0000 0x72FC0000 0x00010000 4
[2022-12-20 00:59:54] INFO     mem_cmp 0x537C0000 0x737C0000 0x00010000 4
[2022-12-20 01:00:00] INFO     mem_cmp 0x53FC0000 0x73FC0000 0x00010000 4
[2022-12-20 01:00:07] INFO     mem_cmp 0x547C0000 0x747C0000 0x00010000 4
[2022-12-20 01:00:14] INFO     mem_cmp 0x54FC0000 0x74FC0000 0x00010000 4
[2022-12-20 01:00:20] INFO     mem_cmp 0x557C0000 0x757C0000 0x00010000 4
[2022-12-20 01:00:27] INFO     mem_cmp 0x55FC0000 0x75FC0000 0x00010000 4
[2022-12-20 01:00:34] INFO     mem_cmp 0x567C0000 0x767C0000 0x00010000 4
[2022-12-20 01:00:40] INFO     mem_cmp 0x56FC0000 0x76FC0000 0x00010000 4
[2022-12-20 01:00:47] INFO     mem_cmp 0x577C0000 0x777C0000 0x00010000 4
[2022-12-20 01:00:54] INFO     mem_cmp 0x57FC0000 0x77FC0000 0x00010000 4
[2022-12-20 01:01:00] INFO     mem_cmp 0x587C0000 0x787C0000 0x00010000 4
[2022-12-20 01:01:07] INFO     mem_cmp 0x58FC0000 0x78FC0000 0x00010000 4
[2022-12-20 01:01:14] INFO     mem_cmp 0x597C0000 0x797C0000 0x00010000 4
[2022-12-20 01:01:20] INFO     mem_cmp 0x59FC0000 0x79FC0000 0x00010000 4
[2022-12-20 01:01:27] INFO     mem_cmp 0x5A7C0000 0x7A7C0000 0x00010000 4
[2022-12-20 01:01:34] INFO     mem_cmp 0x5AFC0000 0x7AFC0000 0x00010000 4
[2022-12-20 01:01:40] INFO     mem_cmp 0x5B7C0000 0x7B7C0000 0x00010000 4
[2022-12-20 01:01:47] INFO     mem_cmp 0x5BFC0000 0x7BFC0000 0x00010000 4
[2022-12-20 01:01:53] INFO     mem_cmp 0x5C7C0000 0x7C7C0000 0x00010000 4
[2022-12-20 01:02:00] INFO     mem_cmp 0x5CFC0000 0x7CFC0000 0x00010000 4
[2022-12-20 01:02:07] INFO     mem_cmp 0x5D7C0000 0x7D7C0000 0x00010000 4
[2022-12-20 01:02:13] INFO     mem_cmp 0x5DFC0000 0x7DFC0000 0x00010000 4
[2022-12-20 01:02:20] INFO     mem_cmp 0x5E7C0000 0x7E7C0000 0x00010000 4
[2022-12-20 01:02:26] INFO     mem_cmp 0x5EFC0000 0x7EFC0000 0x00010000 4
[2022-12-20 01:02:33] INFO     mem_cmp 0x5F7C0000 0x7F7C0000 0x00010000 4
[2022-12-20 01:02:39] INFO     mem_cmp 0x5FFC0000 0x7FFC0000 0x00010000 4
[2022-12-20 01:02:40] INFO     STATE:Mem Compare State
[2022-12-20 01:02:46] INFO     mem_cmp 0x407C0000 0x607C0000 0x00010000 4
[2022-12-20 01:02:53] INFO     mem_cmp 0x40FC0000 0x60FC0000 0x00010000 4
[2022-12-20 01:02:59] INFO     mem_cmp 0x417C0000 0x617C0000 0x00010000 4
[2022-12-20 01:03:06] INFO     mem_cmp 0x41FC0000 0x61FC0000 0x00010000 4
[2022-12-20 01:03:13] INFO     mem_cmp 0x427C0000 0x627C0000 0x00010000 4
[2022-12-20 01:03:19] INFO     mem_cmp 0x42FC0000 0x62FC0000 0x00010000 4
[2022-12-20 01:03:26] INFO     mem_cmp 0x437C0000 0x637C0000 0x00010000 4
[2022-12-20 01:03:32] INFO     mem_cmp 0x43FC0000 0x63FC0000 0x00010000 4
[2022-12-20 01:03:39] INFO     mem_cmp 0x447C0000 0x647C0000 0x00010000 4
[2022-12-20 01:03:45] INFO     mem_cmp 0x44FC0000 0x64FC0000 0x00010000 4
[2022-12-20 01:03:52] INFO     mem_cmp 0x457C0000 0x657C0000 0x00010000 4
[2022-12-20 01:03:59] INFO     mem_cmp 0x45FC0000 0x65FC0000 0x00010000 4
[2022-12-20 01:04:05] INFO     mem_cmp 0x467C0000 0x667C0000 0x00010000 4
[2022-12-20 01:04:12] INFO     mem_cmp 0x46FC0000 0x66FC0000 0x00010000 4
[2022-12-20 01:04:18] INFO     mem_cmp 0x477C0000 0x677C0000 0x00010000 4
[2022-12-20 01:04:25] INFO     mem_cmp 0x47FC0000 0x67FC0000 0x00010000 4
[2022-12-20 01:04:32] INFO     mem_cmp 0x487C0000 0x687C0000 0x00010000 4
[2022-12-20 01:04:38] INFO     mem_cmp 0x48FC0000 0x68FC0000 0x00010000 4
[2022-12-20 01:04:45] INFO     mem_cmp 0x497C0000 0x697C0000 0x00010000 4
[2022-12-20 01:04:51] INFO     mem_cmp 0x49FC0000 0x69FC0000 0x00010000 4
[2022-12-20 01:04:58] INFO     mem_cmp 0x4A7C0000 0x6A7C0000 0x00010000 4
[2022-12-20 01:05:05] INFO     mem_cmp 0x4AFC0000 0x6AFC0000 0x00010000 4
[2022-12-20 01:05:11] INFO     mem_cmp 0x4B7C0000 0x6B7C0000 0x00010000 4
[2022-12-20 01:05:18] INFO     mem_cmp 0x4BFC0000 0x6BFC0000 0x00010000 4
[2022-12-20 01:05:24] INFO     mem_cmp 0x4C7C0000 0x6C7C0000 0x00010000 4
[2022-12-20 01:05:31] INFO     mem_cmp 0x4CFC0000 0x6CFC0000 0x00010000 4
[2022-12-20 01:05:38] INFO     mem_cmp 0x4D7C0000 0x6D7C0000 0x00010000 4
[2022-12-20 01:05:45] INFO     mem_cmp 0x4DFC0000 0x6DFC0000 0x00010000 4
[2022-12-20 01:05:51] INFO     mem_cmp 0x4E7C0000 0x6E7C0000 0x00010000 4
[2022-12-20 01:05:58] INFO     mem_cmp 0x4EFC0000 0x6EFC0000 0x00010000 4
[2022-12-20 01:06:04] INFO     mem_cmp 0x4F7C0000 0x6F7C0000 0x00010000 4
[2022-12-20 01:06:11] INFO     mem_cmp 0x4FFC0000 0x6FFC0000 0x00010000 4
[2022-12-20 01:06:18] INFO     mem_cmp 0x507C0000 0x707C0000 0x00010000 4
[2022-12-20 01:06:25] INFO     mem_cmp 0x50FC0000 0x70FC0000 0x00010000 4
[2022-12-20 01:06:31] INFO     mem_cmp 0x517C0000 0x717C0000 0x00010000 4
[2022-12-20 01:06:38] INFO     mem_cmp 0x51FC0000 0x71FC0000 0x00010000 4
[2022-12-20 01:06:44] INFO     mem_cmp 0x527C0000 0x727C0000 0x00010000 4
[2022-12-20 01:06:51] INFO     mem_cmp 0x52FC0000 0x72FC0000 0x00010000 4
[2022-12-20 01:06:57] INFO     mem_cmp 0x537C0000 0x737C0000 0x00010000 4
[2022-12-20 01:07:04] INFO     mem_cmp 0x53FC0000 0x73FC0000 0x00010000 4
[2022-12-20 01:07:11] INFO     mem_cmp 0x547C0000 0x747C0000 0x00010000 4
[2022-12-20 01:07:17] INFO     mem_cmp 0x54FC0000 0x74FC0000 0x00010000 4
[2022-12-20 01:07:24] INFO     mem_cmp 0x557C0000 0x757C0000 0x00010000 4
[2022-12-20 01:07:31] INFO     mem_cmp 0x55FC0000 0x75FC0000 0x00010000 4
[2022-12-20 01:07:37] INFO     mem_cmp 0x567C0000 0x767C0000 0x00010000 4
[2022-12-20 01:07:44] INFO     mem_cmp 0x56FC0000 0x76FC0000 0x00010000 4
[2022-12-20 01:07:50] INFO     mem_cmp 0x577C0000 0x777C0000 0x00010000 4
[2022-12-20 01:07:57] INFO     mem_cmp 0x57FC0000 0x77FC0000 0x00010000 4
[2022-12-20 01:08:04] INFO     mem_cmp 0x587C0000 0x787C0000 0x00010000 4
[2022-12-20 01:08:11] INFO     mem_cmp 0x58FC0000 0x78FC0000 0x00010000 4
[2022-12-20 01:08:17] INFO     mem_cmp 0x597C0000 0x797C0000 0x00010000 4
[2022-12-20 01:08:24] INFO     mem_cmp 0x59FC0000 0x79FC0000 0x00010000 4
[2022-12-20 01:08:31] INFO     mem_cmp 0x5A7C0000 0x7A7C0000 0x00010000 4
[2022-12-20 01:08:37] INFO     mem_cmp 0x5AFC0000 0x7AFC0000 0x00010000 4
[2022-12-20 01:08:44] INFO     mem_cmp 0x5B7C0000 0x7B7C0000 0x00010000 4
[2022-12-20 01:08:51] INFO     mem_cmp 0x5BFC0000 0x7BFC0000 0x00010000 4
[2022-12-20 01:08:57] INFO     mem_cmp 0x5C7C0000 0x7C7C0000 0x00010000 4
[2022-12-20 01:09:04] INFO     mem_cmp 0x5CFC0000 0x7CFC0000 0x00010000 4
[2022-12-20 01:09:11] INFO     mem_cmp 0x5D7C0000 0x7D7C0000 0x00010000 4
[2022-12-20 01:09:17] INFO     mem_cmp 0x5DFC0000 0x7DFC0000 0x00010000 4
[2022-12-20 01:09:24] INFO     mem_cmp 0x5E7C0000 0x7E7C0000 0x00010000 4
[2022-12-20 01:09:30] INFO     mem_cmp 0x5EFC0000 0x7EFC0000 0x00010000 4
[2022-12-20 01:09:37] INFO     mem_cmp 0x5F7C0000 0x7F7C0000 0x00010000 4
[2022-12-20 01:09:44] INFO     mem_cmp 0x5FFC0000 0x7FFC0000 0x00010000 4
[2022-12-20 01:09:44] INFO     STATE:Mem Compare State
[2022-12-20 01:09:50] INFO     mem_cmp 0x407C0000 0x607C0000 0x00010000 4
[2022-12-20 01:09:57] INFO     mem_cmp 0x40FC0000 0x60FC0000 0x00010000 4
[2022-12-20 01:10:03] INFO     mem_cmp 0x417C0000 0x617C0000 0x00010000 4
[2022-12-20 01:10:10] INFO     mem_cmp 0x41FC0000 0x61FC0000 0x00010000 4
[2022-12-20 01:10:16] INFO     mem_cmp 0x427C0000 0x627C0000 0x00010000 4
[2022-12-20 01:10:23] INFO     mem_cmp 0x42FC0000 0x62FC0000 0x00010000 4
[2022-12-20 01:10:30] INFO     mem_cmp 0x437C0000 0x637C0000 0x00010000 4
[2022-12-20 01:10:36] INFO     mem_cmp 0x43FC0000 0x63FC0000 0x00010000 4
[2022-12-20 01:10:43] INFO     mem_cmp 0x447C0000 0x647C0000 0x00010000 4
[2022-12-20 01:10:50] INFO     mem_cmp 0x44FC0000 0x64FC0000 0x00010000 4
[2022-12-20 01:10:57] INFO     mem_cmp 0x457C0000 0x657C0000 0x00010000 4
[2022-12-20 01:11:03] INFO     mem_cmp 0x45FC0000 0x65FC0000 0x00010000 4
[2022-12-20 01:11:10] INFO     mem_cmp 0x467C0000 0x667C0000 0x00010000 4
[2022-12-20 01:11:17] INFO     mem_cmp 0x46FC0000 0x66FC0000 0x00010000 4
[2022-12-20 01:11:23] INFO     mem_cmp 0x477C0000 0x677C0000 0x00010000 4
[2022-12-20 01:11:30] INFO     mem_cmp 0x47FC0000 0x67FC0000 0x00010000 4
[2022-12-20 01:11:36] INFO     mem_cmp 0x487C0000 0x687C0000 0x00010000 4
[2022-12-20 01:11:43] INFO     mem_cmp 0x48FC0000 0x68FC0000 0x00010000 4
[2022-12-20 01:11:50] INFO     mem_cmp 0x497C0000 0x697C0000 0x00010000 4
[2022-12-20 01:11:56] INFO     mem_cmp 0x49FC0000 0x69FC0000 0x00010000 4
[2022-12-20 01:12:03] INFO     mem_cmp 0x4A7C0000 0x6A7C0000 0x00010000 4
[2022-12-20 01:12:10] INFO     mem_cmp 0x4AFC0000 0x6AFC0000 0x00010000 4
[2022-12-20 01:12:16] INFO     mem_cmp 0x4B7C0000 0x6B7C0000 0x00010000 4
[2022-12-20 01:12:23] INFO     mem_cmp 0x4BFC0000 0x6BFC0000 0x00010000 4
[2022-12-20 01:12:29] INFO     mem_cmp 0x4C7C0000 0x6C7C0000 0x00010000 4
[2022-12-20 01:12:36] INFO     mem_cmp 0x4CFC0000 0x6CFC0000 0x00010000 4
[2022-12-20 01:12:43] INFO     mem_cmp 0x4D7C0000 0x6D7C0000 0x00010000 4
[2022-12-20 01:12:49] INFO     mem_cmp 0x4DFC0000 0x6DFC0000 0x00010000 4
[2022-12-20 01:12:56] INFO     mem_cmp 0x4E7C0000 0x6E7C0000 0x00010000 4
[2022-12-20 01:13:02] INFO     mem_cmp 0x4EFC0000 0x6EFC0000 0x00010000 4
[2022-12-20 01:13:09] INFO     mem_cmp 0x4F7C0000 0x6F7C0000 0x00010000 4
[2022-12-20 01:13:16] INFO     mem_cmp 0x4FFC0000 0x6FFC0000 0x00010000 4
[2022-12-20 01:13:22] INFO     mem_cmp 0x507C0000 0x707C0000 0x00010000 4
[2022-12-20 01:13:29] INFO     mem_cmp 0x50FC0000 0x70FC0000 0x00010000 4
[2022-12-20 01:13:36] INFO     mem_cmp 0x517C0000 0x717C0000 0x00010000 4
[2022-12-20 01:13:42] INFO     mem_cmp 0x51FC0000 0x71FC0000 0x00010000 4
[2022-12-20 01:13:49] INFO     mem_cmp 0x527C0000 0x727C0000 0x00010000 4
[2022-12-20 01:13:56] INFO     mem_cmp 0x52FC0000 0x72FC0000 0x00010000 4
[2022-12-20 01:14:02] INFO     mem_cmp 0x537C0000 0x737C0000 0x00010000 4
[2022-12-20 01:14:09] INFO     mem_cmp 0x53FC0000 0x73FC0000 0x00010000 4
[2022-12-20 01:14:15] INFO     mem_cmp 0x547C0000 0x747C0000 0x00010000 4
[2022-12-20 01:14:22] INFO     mem_cmp 0x54FC0000 0x74FC0000 0x00010000 4
[2022-12-20 01:14:29] INFO     mem_cmp 0x557C0000 0x757C0000 0x00010000 4
[2022-12-20 01:14:35] INFO     mem_cmp 0x55FC0000 0x75FC0000 0x00010000 4
[2022-12-20 01:14:42] INFO     mem_cmp 0x567C0000 0x767C0000 0x00010000 4
[2022-12-20 01:14:49] INFO     mem_cmp 0x56FC0000 0x76FC0000 0x00010000 4
[2022-12-20 01:14:55] INFO     mem_cmp 0x577C0000 0x777C0000 0x00010000 4
[2022-12-20 01:15:02] INFO     mem_cmp 0x57FC0000 0x77FC0000 0x00010000 4
[2022-12-20 01:15:09] INFO     mem_cmp 0x587C0000 0x787C0000 0x00010000 4
[2022-12-20 01:15:16] INFO     mem_cmp 0x58FC0000 0x78FC0000 0x00010000 4
[2022-12-20 01:15:23] INFO     mem_cmp 0x597C0000 0x797C0000 0x00010000 4
[2022-12-20 01:15:29] INFO     mem_cmp 0x59FC0000 0x79FC0000 0x00010000 4
[2022-12-20 01:15:36] INFO     mem_cmp 0x5A7C0000 0x7A7C0000 0x00010000 4
[2022-12-20 01:15:43] INFO     mem_cmp 0x5AFC0000 0x7AFC0000 0x00010000 4
[2022-12-20 01:15:49] INFO     mem_cmp 0x5B7C0000 0x7B7C0000 0x00010000 4
[2022-12-20 01:15:56] INFO     mem_cmp 0x5BFC0000 0x7BFC0000 0x00010000 4
[2022-12-20 01:16:03] INFO     mem_cmp 0x5C7C0000 0x7C7C0000 0x00010000 4
[2022-12-20 01:16:09] INFO     mem_cmp 0x5CFC0000 0x7CFC0000 0x00010000 4
[2022-12-20 01:16:16] INFO     mem_cmp 0x5D7C0000 0x7D7C0000 0x00010000 4
[2022-12-20 01:16:22] INFO     mem_cmp 0x5DFC0000 0x7DFC0000 0x00010000 4
[2022-12-20 01:16:29] INFO     mem_cmp 0x5E7C0000 0x7E7C0000 0x00010000 4
[2022-12-20 01:16:36] INFO     mem_cmp 0x5EFC0000 0x7EFC0000 0x00010000 4
[2022-12-20 01:16:42] INFO     mem_cmp 0x5F7C0000 0x7F7C0000 0x00010000 4
[2022-12-20 01:16:49] INFO     mem_cmp 0x5FFC0000 0x7FFC0000 0x00010000 4
[2022-12-20 01:16:49] INFO     STATE:Mem Compare State
[2022-12-20 01:16:55] INFO     mem_cmp 0x407C0000 0x607C0000 0x00010000 4
[2022-12-20 01:17:02] INFO     mem_cmp 0x40FC0000 0x60FC0000 0x00010000 4
[2022-12-20 01:17:08] INFO     mem_cmp 0x417C0000 0x617C0000 0x00010000 4
[2022-12-20 01:17:15] INFO     mem_cmp 0x41FC0000 0x61FC0000 0x00010000 4
[2022-12-20 01:17:22] INFO     mem_cmp 0x427C0000 0x627C0000 0x00010000 4
[2022-12-20 01:17:28] INFO     mem_cmp 0x42FC0000 0x62FC0000 0x00010000 4
[2022-12-20 01:17:35] INFO     mem_cmp 0x437C0000 0x637C0000 0x00010000 4
[2022-12-20 01:17:41] INFO     mem_cmp 0x43FC0000 0x63FC0000 0x00010000 4
[2022-12-20 01:17:48] INFO     mem_cmp 0x447C0000 0x647C0000 0x00010000 4
[2022-12-20 01:17:55] INFO     mem_cmp 0x44FC0000 0x64FC0000 0x00010000 4
[2022-12-20 01:18:01] INFO     mem_cmp 0x457C0000 0x657C0000 0x00010000 4
[2022-12-20 01:18:08] INFO     mem_cmp 0x45FC0000 0x65FC0000 0x00010000 4
[2022-12-20 01:18:15] INFO     mem_cmp 0x467C0000 0x667C0000 0x00010000 4
[2022-12-20 01:18:21] INFO     mem_cmp 0x46FC0000 0x66FC0000 0x00010000 4
[2022-12-20 01:18:28] INFO     mem_cmp 0x477C0000 0x677C0000 0x00010000 4
[2022-12-20 01:18:35] INFO     mem_cmp 0x47FC0000 0x67FC0000 0x00010000 4
[2022-12-20 01:18:41] INFO     mem_cmp 0x487C0000 0x687C0000 0x00010000 4
[2022-12-20 01:18:48] INFO     mem_cmp 0x48FC0000 0x68FC0000 0x00010000 4
[2022-12-20 01:18:54] INFO     mem_cmp 0x497C0000 0x697C0000 0x00010000 4
[2022-12-20 01:19:01] INFO     mem_cmp 0x49FC0000 0x69FC0000 0x00010000 4
[2022-12-20 01:19:08] INFO     mem_cmp 0x4A7C0000 0x6A7C0000 0x00010000 4
[2022-12-20 01:19:15] INFO     mem_cmp 0x4AFC0000 0x6AFC0000 0x00010000 4
[2022-12-20 01:19:21] INFO     mem_cmp 0x4B7C0000 0x6B7C0000 0x00010000 4
[2022-12-20 01:19:28] INFO     mem_cmp 0x4BFC0000 0x6BFC0000 0x00010000 4
[2022-12-20 01:19:34] INFO     mem_cmp 0x4C7C0000 0x6C7C0000 0x00010000 4
[2022-12-20 01:19:41] INFO     mem_cmp 0x4CFC0000 0x6CFC0000 0x00010000 4
[2022-12-20 01:19:48] INFO     mem_cmp 0x4D7C0000 0x6D7C0000 0x00010000 4
[2022-12-20 01:19:55] INFO     mem_cmp 0x4DFC0000 0x6DFC0000 0x00010000 4
[2022-12-20 01:20:01] INFO     mem_cmp 0x4E7C0000 0x6E7C0000 0x00010000 4
[2022-12-20 01:20:08] INFO     mem_cmp 0x4EFC0000 0x6EFC0000 0x00010000 4
[2022-12-20 01:20:14] INFO     mem_cmp 0x4F7C0000 0x6F7C0000 0x00010000 4
[2022-12-20 01:20:21] INFO     mem_cmp 0x4FFC0000 0x6FFC0000 0x00010000 4
[2022-12-20 01:20:27] INFO     mem_cmp 0x507C0000 0x707C0000 0x00010000 4
[2022-12-20 01:20:34] INFO     mem_cmp 0x50FC0000 0x70FC0000 0x00010000 4
[2022-12-20 01:20:41] INFO     mem_cmp 0x517C0000 0x717C0000 0x00010000 4
[2022-12-20 01:20:47] INFO     mem_cmp 0x51FC0000 0x71FC0000 0x00010000 4
[2022-12-20 01:20:54] INFO     mem_cmp 0x527C0000 0x727C0000 0x00010000 4
[2022-12-20 01:21:01] INFO     mem_cmp 0x52FC0000 0x72FC0000 0x00010000 4
[2022-12-20 01:21:07] INFO     mem_cmp 0x537C0000 0x737C0000 0x00010000 4
[2022-12-20 01:21:14] INFO     mem_cmp 0x53FC0000 0x73FC0000 0x00010000 4
[2022-12-20 01:21:20] INFO     mem_cmp 0x547C0000 0x747C0000 0x00010000 4
[2022-12-20 01:21:27] INFO     mem_cmp 0x54FC0000 0x74FC0000 0x00010000 4
[2022-12-20 01:21:33] INFO     mem_cmp 0x557C0000 0x757C0000 0x00010000 4
[2022-12-20 01:21:40] INFO     mem_cmp 0x55FC0000 0x75FC0000 0x00010000 4
[2022-12-20 01:21:47] INFO     mem_cmp 0x567C0000 0x767C0000 0x00010000 4
[2022-12-20 01:21:53] INFO     mem_cmp 0x56FC0000 0x76FC0000 0x00010000 4
[2022-12-20 01:22:00] INFO     mem_cmp 0x577C0000 0x777C0000 0x00010000 4
[2022-12-20 01:22:06] INFO     mem_cmp 0x57FC0000 0x77FC0000 0x00010000 4
[2022-12-20 01:22:13] INFO     mem_cmp 0x587C0000 0x787C0000 0x00010000 4
[2022-12-20 01:22:20] INFO     mem_cmp 0x58FC0000 0x78FC0000 0x00010000 4
[2022-12-20 01:22:26] INFO     mem_cmp 0x597C0000 0x797C0000 0x00010000 4
[2022-12-20 01:22:33] INFO     mem_cmp 0x59FC0000 0x79FC0000 0x00010000 4
[2022-12-20 01:22:40] INFO     mem_cmp 0x5A7C0000 0x7A7C0000 0x00010000 4
[2022-12-20 01:22:47] INFO     mem_cmp 0x5AFC0000 0x7AFC0000 0x00010000 4
[2022-12-20 01:22:53] INFO     mem_cmp 0x5B7C0000 0x7B7C0000 0x00010000 4
[2022-12-20 01:23:00] INFO     mem_cmp 0x5BFC0000 0x7BFC0000 0x00010000 4
[2022-12-20 01:23:06] INFO     mem_cmp 0x5C7C0000 0x7C7C0000 0x00010000 4
[2022-12-20 01:23:13] INFO     mem_cmp 0x5CFC0000 0x7CFC0000 0x00010000 4
[2022-12-20 01:23:20] INFO     mem_cmp 0x5D7C0000 0x7D7C0000 0x00010000 4
[2022-12-20 01:23:26] INFO     mem_cmp 0x5DFC0000 0x7DFC0000 0x00010000 4
[2022-12-20 01:23:33] INFO     mem_cmp 0x5E7C0000 0x7E7C0000 0x00010000 4
[2022-12-20 01:23:40] INFO     mem_cmp 0x5EFC0000 0x7EFC0000 0x00010000 4
[2022-12-20 01:23:46] INFO     mem_cmp 0x5F7C0000 0x7F7C0000 0x00010000 4
[2022-12-20 01:23:53] INFO     mem_cmp 0x5FFC0000 0x7FFC0000 0x00010000 4
[2022-12-20 01:23:53] INFO     STATE:Mem Compare State
[2022-12-20 01:23:59] INFO     mem_cmp 0x407C0000 0x607C0000 0x00010000 4
[2022-12-20 01:24:06] INFO     mem_cmp 0x40FC0000 0x60FC0000 0x00010000 4
[2022-12-20 01:24:13] INFO     mem_cmp 0x417C0000 0x617C0000 0x00010000 4
[2022-12-20 01:24:19] INFO     mem_cmp 0x41FC0000 0x61FC0000 0x00010000 4
[2022-12-20 01:24:25] INFO     mem_cmp 0x427C0000 0x627C0000 0x00010000 4
[2022-12-20 01:24:32] INFO     mem_cmp 0x42FC0000 0x62FC0000 0x00010000 4
[2022-12-20 01:24:39] INFO     mem_cmp 0x437C0000 0x637C0000 0x00010000 4
[2022-12-20 01:24:45] INFO     mem_cmp 0x43FC0000 0x63FC0000 0x00010000 4
[2022-12-20 01:24:52] INFO     mem_cmp 0x447C0000 0x647C0000 0x00010000 4
[2022-12-20 01:24:59] INFO     mem_cmp 0x44FC0000 0x64FC0000 0x00010000 4
[2022-12-20 01:25:06] INFO     mem_cmp 0x457C0000 0x657C0000 0x00010000 4
[2022-12-20 01:25:12] INFO     mem_cmp 0x45FC0000 0x65FC0000 0x00010000 4
[2022-12-20 01:25:19] INFO     mem_cmp 0x467C0000 0x667C0000 0x00010000 4
[2022-12-20 01:25:26] INFO     mem_cmp 0x46FC0000 0x66FC0000 0x00010000 4
[2022-12-20 01:25:33] INFO     mem_cmp 0x477C0000 0x677C0000 0x00010000 4
[2022-12-20 01:25:39] INFO     mem_cmp 0x47FC0000 0x67FC0000 0x00010000 4
[2022-12-20 01:25:45] INFO     mem_cmp 0x487C0000 0x687C0000 0x00010000 4
[2022-12-20 01:25:51] INFO     mem_cmp 0x48FC0000 0x68FC0000 0x00010000 4
[2022-12-20 01:25:58] INFO     mem_cmp 0x497C0000 0x697C0000 0x00010000 4
[2022-12-20 01:26:04] INFO     mem_cmp 0x49FC0000 0x69FC0000 0x00010000 4
[2022-12-20 01:26:11] INFO     mem_cmp 0x4A7C0000 0x6A7C0000 0x00010000 4
[2022-12-20 01:26:17] INFO     mem_cmp 0x4AFC0000 0x6AFC0000 0x00010000 4
[2022-12-20 01:26:24] INFO     mem_cmp 0x4B7C0000 0x6B7C0000 0x00010000 4
[2022-12-20 01:26:30] INFO     mem_cmp 0x4BFC0000 0x6BFC0000 0x00010000 4
[2022-12-20 01:26:37] INFO     mem_cmp 0x4C7C0000 0x6C7C0000 0x00010000 4
[2022-12-20 01:26:43] INFO     mem_cmp 0x4CFC0000 0x6CFC0000 0x00010000 4
[2022-12-20 01:26:50] INFO     mem_cmp 0x4D7C0000 0x6D7C0000 0x00010000 4
[2022-12-20 01:26:57] INFO     mem_cmp 0x4DFC0000 0x6DFC0000 0x00010000 4
[2022-12-20 01:27:04] INFO     mem_cmp 0x4E7C0000 0x6E7C0000 0x00010000 4
[2022-12-20 01:27:10] INFO     mem_cmp 0x4EFC0000 0x6EFC0000 0x00010000 4
[2022-12-20 01:27:17] INFO     mem_cmp 0x4F7C0000 0x6F7C0000 0x00010000 4
[2022-12-20 01:27:24] INFO     mem_cmp 0x4FFC0000 0x6FFC0000 0x00010000 4
[2022-12-20 01:27:30] INFO     mem_cmp 0x507C0000 0x707C0000 0x00010000 4
[2022-12-20 01:27:37] INFO     mem_cmp 0x50FC0000 0x70FC0000 0x00010000 4
[2022-12-20 01:27:44] INFO     mem_cmp 0x517C0000 0x717C0000 0x00010000 4
[2022-12-20 01:27:50] INFO     mem_cmp 0x51FC0000 0x71FC0000 0x00010000 4
[2022-12-20 01:27:57] INFO     mem_cmp 0x527C0000 0x727C0000 0x00010000 4
[2022-12-20 01:28:04] INFO     mem_cmp 0x52FC0000 0x72FC0000 0x00010000 4
[2022-12-20 01:28:10] INFO     mem_cmp 0x537C0000 0x737C0000 0x00010000 4
[2022-12-20 01:28:17] INFO     mem_cmp 0x53FC0000 0x73FC0000 0x00010000 4
[2022-12-20 01:28:23] INFO     mem_cmp 0x547C0000 0x747C0000 0x00010000 4
[2022-12-20 01:28:30] INFO     mem_cmp 0x54FC0000 0x74FC0000 0x00010000 4
[2022-12-20 01:28:37] INFO     mem_cmp 0x557C0000 0x757C0000 0x00010000 4
[2022-12-20 01:28:44] INFO     mem_cmp 0x55FC0000 0x75FC0000 0x00010000 4
[2022-12-20 01:28:51] INFO     mem_cmp 0x567C0000 0x767C0000 0x00010000 4
[2022-12-20 01:28:57] INFO     mem_cmp 0x56FC0000 0x76FC0000 0x00010000 4
[2022-12-20 01:29:04] INFO     mem_cmp 0x577C0000 0x777C0000 0x00010000 4
[2022-12-20 01:29:10] INFO     mem_cmp 0x57FC0000 0x77FC0000 0x00010000 4
[2022-12-20 01:29:17] INFO     mem_cmp 0x587C0000 0x787C0000 0x00010000 4
[2022-12-20 01:29:23] INFO     mem_cmp 0x58FC0000 0x78FC0000 0x00010000 4
[2022-12-20 01:29:30] INFO     mem_cmp 0x597C0000 0x797C0000 0x00010000 4
[2022-12-20 01:29:37] INFO     mem_cmp 0x59FC0000 0x79FC0000 0x00010000 4
[2022-12-20 01:29:44] INFO     mem_cmp 0x5A7C0000 0x7A7C0000 0x00010000 4
[2022-12-20 01:29:50] INFO     mem_cmp 0x5AFC0000 0x7AFC0000 0x00010000 4
[2022-12-20 01:29:57] INFO     mem_cmp 0x5B7C0000 0x7B7C0000 0x00010000 4
[2022-12-20 01:30:04] INFO     mem_cmp 0x5BFC0000 0x7BFC0000 0x00010000 4
[2022-12-20 01:30:11] INFO     mem_cmp 0x5C7C0000 0x7C7C0000 0x00010000 4
[2022-12-20 01:30:17] INFO     mem_cmp 0x5CFC0000 0x7CFC0000 0x00010000 4
[2022-12-20 01:30:24] INFO     mem_cmp 0x5D7C0000 0x7D7C0000 0x00010000 4
[2022-12-20 01:30:30] INFO     mem_cmp 0x5DFC0000 0x7DFC0000 0x00010000 4
[2022-12-20 01:30:37] INFO     mem_cmp 0x5E7C0000 0x7E7C0000 0x00010000 4
[2022-12-20 01:30:44] INFO     mem_cmp 0x5EFC0000 0x7EFC0000 0x00010000 4
[2022-12-20 01:30:50] INFO     mem_cmp 0x5F7C0000 0x7F7C0000 0x00010000 4
[2022-12-20 01:30:56] INFO     mem_cmp 0x5FFC0000 0x7FFC0000 0x00010000 4
[2022-12-20 01:30:57] INFO     STATE:Mem Compare State
[2022-12-20 01:31:03] INFO     mem_cmp 0x407C0000 0x607C0000 0x00010000 4
[2022-12-20 01:31:10] INFO     mem_cmp 0x40FC0000 0x60FC0000 0x00010000 4
[2022-12-20 01:31:16] INFO     mem_cmp 0x417C0000 0x617C0000 0x00010000 4
[2022-12-20 01:31:23] INFO     mem_cmp 0x41FC0000 0x61FC0000 0x00010000 4
[2022-12-20 01:31:29] INFO     mem_cmp 0x427C0000 0x627C0000 0x00010000 4
[2022-12-20 01:31:35] INFO     mem_cmp 0x42FC0000 0x62FC0000 0x00010000 4
[2022-12-20 01:31:42] INFO     mem_cmp 0x437C0000 0x637C0000 0x00010000 4
[2022-12-20 01:31:49] INFO     mem_cmp 0x43FC0000 0x63FC0000 0x00010000 4
[2022-12-20 01:31:55] INFO     mem_cmp 0x447C0000 0x647C0000 0x00010000 4
[2022-12-20 01:32:02] INFO     mem_cmp 0x44FC0000 0x64FC0000 0x00010000 4
[2022-12-20 01:32:08] INFO     mem_cmp 0x457C0000 0x657C0000 0x00010000 4
[2022-12-20 01:32:15] INFO     mem_cmp 0x45FC0000 0x65FC0000 0x00010000 4
[2022-12-20 01:32:21] INFO     mem_cmp 0x467C0000 0x667C0000 0x00010000 4
[2022-12-20 01:32:28] INFO     mem_cmp 0x46FC0000 0x66FC0000 0x00010000 4
[2022-12-20 01:32:35] INFO     mem_cmp 0x477C0000 0x677C0000 0x00010000 4
[2022-12-20 01:32:41] INFO     mem_cmp 0x47FC0000 0x67FC0000 0x00010000 4
[2022-12-20 01:32:48] INFO     mem_cmp 0x487C0000 0x687C0000 0x00010000 4
[2022-12-20 01:32:55] INFO     mem_cmp 0x48FC0000 0x68FC0000 0x00010000 4
[2022-12-20 01:33:02] INFO     mem_cmp 0x497C0000 0x697C0000 0x00010000 4
[2022-12-20 01:33:08] INFO     mem_cmp 0x49FC0000 0x69FC0000 0x00010000 4
[2022-12-20 01:33:15] INFO     mem_cmp 0x4A7C0000 0x6A7C0000 0x00010000 4
[2022-12-20 01:33:22] INFO     mem_cmp 0x4AFC0000 0x6AFC0000 0x00010000 4
[2022-12-20 01:33:28] INFO     mem_cmp 0x4B7C0000 0x6B7C0000 0x00010000 4
[2022-12-20 01:33:35] INFO     mem_cmp 0x4BFC0000 0x6BFC0000 0x00010000 4
[2022-12-20 01:33:42] INFO     mem_cmp 0x4C7C0000 0x6C7C0000 0x00010000 4
[2022-12-20 01:33:48] INFO     mem_cmp 0x4CFC0000 0x6CFC0000 0x00010000 4
[2022-12-20 01:33:55] INFO     mem_cmp 0x4D7C0000 0x6D7C0000 0x00010000 4
[2022-12-20 01:34:02] INFO     mem_cmp 0x4DFC0000 0x6DFC0000 0x00010000 4
[2022-12-20 01:34:09] INFO     mem_cmp 0x4E7C0000 0x6E7C0000 0x00010000 4
[2022-12-20 01:34:16] INFO     mem_cmp 0x4EFC0000 0x6EFC0000 0x00010000 4
[2022-12-20 01:34:23] INFO     mem_cmp 0x4F7C0000 0x6F7C0000 0x00010000 4
[2022-12-20 01:34:29] INFO     mem_cmp 0x4FFC0000 0x6FFC0000 0x00010000 4
[2022-12-20 01:34:36] INFO     mem_cmp 0x507C0000 0x707C0000 0x00010000 4
[2022-12-20 01:34:42] INFO     mem_cmp 0x50FC0000 0x70FC0000 0x00010000 4
[2022-12-20 01:34:49] INFO     mem_cmp 0x517C0000 0x717C0000 0x00010000 4
[2022-12-20 01:34:55] INFO     mem_cmp 0x51FC0000 0x71FC0000 0x00010000 4
[2022-12-20 01:35:02] INFO     mem_cmp 0x527C0000 0x727C0000 0x00010000 4
[2022-12-20 01:35:09] INFO     mem_cmp 0x52FC0000 0x72FC0000 0x00010000 4
[2022-12-20 01:35:15] INFO     mem_cmp 0x537C0000 0x737C0000 0x00010000 4
[2022-12-20 01:35:22] INFO     mem_cmp 0x53FC0000 0x73FC0000 0x00010000 4
[2022-12-20 01:35:28] INFO     mem_cmp 0x547C0000 0x747C0000 0x00010000 4
[2022-12-20 01:35:35] INFO     mem_cmp 0x54FC0000 0x74FC0000 0x00010000 4
[2022-12-20 01:35:41] INFO     mem_cmp 0x557C0000 0x757C0000 0x00010000 4
[2022-12-20 01:35:48] INFO     mem_cmp 0x55FC0000 0x75FC0000 0x00010000 4
[2022-12-20 01:35:55] INFO     mem_cmp 0x567C0000 0x767C0000 0x00010000 4
[2022-12-20 01:36:02] INFO     mem_cmp 0x56FC0000 0x76FC0000 0x00010000 4
[2022-12-20 01:36:08] INFO     mem_cmp 0x577C0000 0x777C0000 0x00010000 4
[2022-12-20 01:36:15] INFO     mem_cmp 0x57FC0000 0x77FC0000 0x00010000 4
[2022-12-20 01:36:22] INFO     mem_cmp 0x587C0000 0x787C0000 0x00010000 4
[2022-12-20 01:36:28] INFO     mem_cmp 0x58FC0000 0x78FC0000 0x00010000 4
[2022-12-20 01:36:35] INFO     mem_cmp 0x597C0000 0x797C0000 0x00010000 4
[2022-12-20 01:36:42] INFO     mem_cmp 0x59FC0000 0x79FC0000 0x00010000 4
[2022-12-20 01:36:48] INFO     mem_cmp 0x5A7C0000 0x7A7C0000 0x00010000 4
[2022-12-20 01:36:55] INFO     mem_cmp 0x5AFC0000 0x7AFC0000 0x00010000 4
[2022-12-20 01:37:01] INFO     mem_cmp 0x5B7C0000 0x7B7C0000 0x00010000 4
[2022-12-20 01:37:08] INFO     mem_cmp 0x5BFC0000 0x7BFC0000 0x00010000 4
[2022-12-20 01:37:15] INFO     mem_cmp 0x5C7C0000 0x7C7C0000 0x00010000 4
[2022-12-20 01:37:22] INFO     mem_cmp 0x5CFC0000 0x7CFC0000 0x00010000 4
[2022-12-20 01:37:28] INFO     mem_cmp 0x5D7C0000 0x7D7C0000 0x00010000 4
[2022-12-20 01:37:35] INFO     mem_cmp 0x5DFC0000 0x7DFC0000 0x00010000 4
[2022-12-20 01:37:41] INFO     mem_cmp 0x5E7C0000 0x7E7C0000 0x00010000 4
[2022-12-20 01:37:48] INFO     mem_cmp 0x5EFC0000 0x7EFC0000 0x00010000 4
[2022-12-20 01:37:54] INFO     mem_cmp 0x5F7C0000 0x7F7C0000 0x00010000 4
[2022-12-20 01:38:01] INFO     mem_cmp 0x5FFC0000 0x7FFC0000 0x00010000 4
[2022-12-20 01:38:01] INFO     STATE:Mem Compare State
[2022-12-20 01:38:08] INFO     mem_cmp 0x407C0000 0x607C0000 0x00010000 4
[2022-12-20 01:38:14] INFO     mem_cmp 0x40FC0000 0x60FC0000 0x00010000 4
[2022-12-20 01:38:21] INFO     mem_cmp 0x417C0000 0x617C0000 0x00010000 4
[2022-12-20 01:38:28] INFO     mem_cmp 0x41FC0000 0x61FC0000 0x00010000 4
[2022-12-20 01:38:34] INFO     mem_cmp 0x427C0000 0x627C0000 0x00010000 4
[2022-12-20 01:38:41] INFO     mem_cmp 0x42FC0000 0x62FC0000 0x00010000 4
[2022-12-20 01:38:47] INFO     mem_cmp 0x437C0000 0x637C0000 0x00010000 4
[2022-12-20 01:38:54] INFO     mem_cmp 0x43FC0000 0x63FC0000 0x00010000 4
[2022-12-20 01:39:01] INFO     mem_cmp 0x447C0000 0x647C0000 0x00010000 4
[2022-12-20 01:39:07] INFO     mem_cmp 0x44FC0000 0x64FC0000 0x00010000 4
[2022-12-20 01:39:14] INFO     mem_cmp 0x457C0000 0x657C0000 0x00010000 4
[2022-12-20 01:39:20] INFO     mem_cmp 0x45FC0000 0x65FC0000 0x00010000 4
[2022-12-20 01:39:27] INFO     mem_cmp 0x467C0000 0x667C0000 0x00010000 4
[2022-12-20 01:39:33] INFO     mem_cmp 0x46FC0000 0x66FC0000 0x00010000 4
[2022-12-20 01:39:40] INFO     mem_cmp 0x477C0000 0x677C0000 0x00010000 4
[2022-12-20 01:39:47] INFO     mem_cmp 0x47FC0000 0x67FC0000 0x00010000 4
[2022-12-20 01:39:53] INFO     mem_cmp 0x487C0000 0x687C0000 0x00010000 4
[2022-12-20 01:40:00] INFO     mem_cmp 0x48FC0000 0x68FC0000 0x00010000 4
[2022-12-20 01:40:07] INFO     mem_cmp 0x497C0000 0x697C0000 0x00010000 4
[2022-12-20 01:40:14] INFO     mem_cmp 0x49FC0000 0x69FC0000 0x00010000 4
[2022-12-20 01:40:20] INFO     mem_cmp 0x4A7C0000 0x6A7C0000 0x00010000 4
[2022-12-20 01:40:27] INFO     mem_cmp 0x4AFC0000 0x6AFC0000 0x00010000 4
[2022-12-20 01:40:33] INFO     mem_cmp 0x4B7C0000 0x6B7C0000 0x00010000 4
[2022-12-20 01:40:40] INFO     mem_cmp 0x4BFC0000 0x6BFC0000 0x00010000 4
[2022-12-20 01:40:47] INFO     mem_cmp 0x4C7C0000 0x6C7C0000 0x00010000 4
[2022-12-20 01:40:54] INFO     mem_cmp 0x4CFC0000 0x6CFC0000 0x00010000 4
[2022-12-20 01:41:00] INFO     mem_cmp 0x4D7C0000 0x6D7C0000 0x00010000 4
[2022-12-20 01:41:07] INFO     mem_cmp 0x4DFC0000 0x6DFC0000 0x00010000 4
[2022-12-20 01:41:13] INFO     mem_cmp 0x4E7C0000 0x6E7C0000 0x00010000 4
[2022-12-20 01:41:20] INFO     mem_cmp 0x4EFC0000 0x6EFC0000 0x00010000 4
[2022-12-20 01:41:26] INFO     mem_cmp 0x4F7C0000 0x6F7C0000 0x00010000 4
[2022-12-20 01:41:33] INFO     mem_cmp 0x4FFC0000 0x6FFC0000 0x00010000 4
[2022-12-20 01:41:40] INFO     mem_cmp 0x507C0000 0x707C0000 0x00010000 4
[2022-12-20 01:41:46] INFO     mem_cmp 0x50FC0000 0x70FC0000 0x00010000 4
[2022-12-20 01:41:53] INFO     mem_cmp 0x517C0000 0x717C0000 0x00010000 4
[2022-12-20 01:41:59] INFO     mem_cmp 0x51FC0000 0x71FC0000 0x00010000 4
[2022-12-20 01:42:06] INFO     mem_cmp 0x527C0000 0x727C0000 0x00010000 4
[2022-12-20 01:42:12] INFO     mem_cmp 0x52FC0000 0x72FC0000 0x00010000 4
[2022-12-20 01:42:19] INFO     mem_cmp 0x537C0000 0x737C0000 0x00010000 4
[2022-12-20 01:42:26] INFO     mem_cmp 0x53FC0000 0x73FC0000 0x00010000 4
[2022-12-20 01:42:32] INFO     mem_cmp 0x547C0000 0x747C0000 0x00010000 4
[2022-12-20 01:42:39] INFO     mem_cmp 0x54FC0000 0x74FC0000 0x00010000 4
[2022-12-20 01:42:46] INFO     mem_cmp 0x557C0000 0x757C0000 0x00010000 4
[2022-12-20 01:42:52] INFO     mem_cmp 0x55FC0000 0x75FC0000 0x00010000 4
[2022-12-20 01:42:59] INFO     mem_cmp 0x567C0000 0x767C0000 0x00010000 4
[2022-12-20 01:43:06] INFO     mem_cmp 0x56FC0000 0x76FC0000 0x00010000 4
[2022-12-20 01:43:12] INFO     mem_cmp 0x577C0000 0x777C0000 0x00010000 4
[2022-12-20 01:43:18] INFO     mem_cmp 0x57FC0000 0x77FC0000 0x00010000 4
[2022-12-20 01:43:25] INFO     mem_cmp 0x587C0000 0x787C0000 0x00010000 4
[2022-12-20 01:43:32] INFO     mem_cmp 0x58FC0000 0x78FC0000 0x00010000 4
[2022-12-20 01:43:38] INFO     mem_cmp 0x597C0000 0x797C0000 0x00010000 4
[2022-12-20 01:43:45] INFO     mem_cmp 0x59FC0000 0x79FC0000 0x00010000 4
[2022-12-20 01:43:52] INFO     mem_cmp 0x5A7C0000 0x7A7C0000 0x00010000 4
[2022-12-20 01:43:58] INFO     mem_cmp 0x5AFC0000 0x7AFC0000 0x00010000 4
[2022-12-20 01:44:05] INFO     mem_cmp 0x5B7C0000 0x7B7C0000 0x00010000 4
[2022-12-20 01:44:11] INFO     mem_cmp 0x5BFC0000 0x7BFC0000 0x00010000 4
[2022-12-20 01:44:18] INFO     mem_cmp 0x5C7C0000 0x7C7C0000 0x00010000 4
[2022-12-20 01:44:24] INFO     mem_cmp 0x5CFC0000 0x7CFC0000 0x00010000 4
[2022-12-20 01:44:31] INFO     mem_cmp 0x5D7C0000 0x7D7C0000 0x00010000 4
[2022-12-20 01:44:37] INFO     mem_cmp 0x5DFC0000 0x7DFC0000 0x00010000 4
[2022-12-20 01:44:44] INFO     mem_cmp 0x5E7C0000 0x7E7C0000 0x00010000 4
[2022-12-20 01:44:50] INFO     mem_cmp 0x5EFC0000 0x7EFC0000 0x00010000 4
[2022-12-20 01:44:57] INFO     mem_cmp 0x5F7C0000 0x7F7C0000 0x00010000 4
[2022-12-20 01:45:04] INFO     mem_cmp 0x5FFC0000 0x7FFC0000 0x00010000 4
[2022-12-20 01:45:04] INFO     STATE:Mem Compare State
[2022-12-20 01:45:10] INFO     mem_cmp 0x407C0000 0x607C0000 0x00010000 4
[2022-12-20 01:45:17] INFO     mem_cmp 0x40FC0000 0x60FC0000 0x00010000 4
[2022-12-20 01:45:24] INFO     mem_cmp 0x417C0000 0x617C0000 0x00010000 4
[2022-12-20 01:45:30] INFO     mem_cmp 0x41FC0000 0x61FC0000 0x00010000 4
[2022-12-20 01:45:37] INFO     mem_cmp 0x427C0000 0x627C0000 0x00010000 4
[2022-12-20 01:45:43] INFO     mem_cmp 0x42FC0000 0x62FC0000 0x00010000 4
[2022-12-20 01:45:50] INFO     mem_cmp 0x437C0000 0x637C0000 0x00010000 4
[2022-12-20 01:45:57] INFO     mem_cmp 0x43FC0000 0x63FC0000 0x00010000 4
[2022-12-20 01:46:03] INFO     mem_cmp 0x447C0000 0x647C0000 0x00010000 4
[2022-12-20 01:46:09] INFO     mem_cmp 0x44FC0000 0x64FC0000 0x00010000 4
[2022-12-20 01:46:16] INFO     mem_cmp 0x457C0000 0x657C0000 0x00010000 4
[2022-12-20 01:46:22] INFO     mem_cmp 0x45FC0000 0x65FC0000 0x00010000 4
[2022-12-20 01:46:29] INFO     mem_cmp 0x467C0000 0x667C0000 0x00010000 4
[2022-12-20 01:46:35] INFO     mem_cmp 0x46FC0000 0x66FC0000 0x00010000 4
[2022-12-20 01:46:42] INFO     mem_cmp 0x477C0000 0x677C0000 0x00010000 4
[2022-12-20 01:46:48] INFO     mem_cmp 0x47FC0000 0x67FC0000 0x00010000 4
[2022-12-20 01:46:55] INFO     mem_cmp 0x487C0000 0x687C0000 0x00010000 4
[2022-12-20 01:47:02] INFO     mem_cmp 0x48FC0000 0x68FC0000 0x00010000 4
[2022-12-20 01:47:08] INFO     mem_cmp 0x497C0000 0x697C0000 0x00010000 4
[2022-12-20 01:47:15] INFO     mem_cmp 0x49FC0000 0x69FC0000 0x00010000 4
[2022-12-20 01:47:22] INFO     mem_cmp 0x4A7C0000 0x6A7C0000 0x00010000 4
[2022-12-20 01:47:28] INFO     mem_cmp 0x4AFC0000 0x6AFC0000 0x00010000 4
[2022-12-20 01:47:35] INFO     mem_cmp 0x4B7C0000 0x6B7C0000 0x00010000 4
[2022-12-20 01:47:41] INFO     mem_cmp 0x4BFC0000 0x6BFC0000 0x00010000 4
[2022-12-20 01:47:48] INFO     mem_cmp 0x4C7C0000 0x6C7C0000 0x00010000 4
[2022-12-20 01:47:54] INFO     mem_cmp 0x4CFC0000 0x6CFC0000 0x00010000 4
[2022-12-20 01:48:01] INFO     mem_cmp 0x4D7C0000 0x6D7C0000 0x00010000 4
[2022-12-20 01:48:08] INFO     mem_cmp 0x4DFC0000 0x6DFC0000 0x00010000 4
[2022-12-20 01:48:14] INFO     mem_cmp 0x4E7C0000 0x6E7C0000 0x00010000 4
[2022-12-20 01:48:21] INFO     mem_cmp 0x4EFC0000 0x6EFC0000 0x00010000 4
[2022-12-20 01:48:28] INFO     mem_cmp 0x4F7C0000 0x6F7C0000 0x00010000 4
[2022-12-20 01:48:34] INFO     mem_cmp 0x4FFC0000 0x6FFC0000 0x00010000 4
[2022-12-20 01:48:41] INFO     mem_cmp 0x507C0000 0x707C0000 0x00010000 4
[2022-12-20 01:48:47] INFO     mem_cmp 0x50FC0000 0x70FC0000 0x00010000 4
[2022-12-20 01:48:54] INFO     mem_cmp 0x517C0000 0x717C0000 0x00010000 4
[2022-12-20 01:49:01] INFO     mem_cmp 0x51FC0000 0x71FC0000 0x00010000 4
[2022-12-20 01:49:07] INFO     mem_cmp 0x527C0000 0x727C0000 0x00010000 4
[2022-12-20 01:49:14] INFO     mem_cmp 0x52FC0000 0x72FC0000 0x00010000 4
[2022-12-20 01:49:20] INFO     mem_cmp 0x537C0000 0x737C0000 0x00010000 4
[2022-12-20 01:49:27] INFO     mem_cmp 0x53FC0000 0x73FC0000 0x00010000 4
[2022-12-20 01:49:33] INFO     mem_cmp 0x547C0000 0x747C0000 0x00010000 4
[2022-12-20 01:49:40] INFO     mem_cmp 0x54FC0000 0x74FC0000 0x00010000 4
[2022-12-20 01:49:47] INFO     mem_cmp 0x557C0000 0x757C0000 0x00010000 4
[2022-12-20 01:49:54] INFO     mem_cmp 0x55FC0000 0x75FC0000 0x00010000 4
[2022-12-20 01:50:00] INFO     mem_cmp 0x567C0000 0x767C0000 0x00010000 4
[2022-12-20 01:50:07] INFO     mem_cmp 0x56FC0000 0x76FC0000 0x00010000 4
[2022-12-20 01:50:14] INFO     mem_cmp 0x577C0000 0x777C0000 0x00010000 4
[2022-12-20 01:50:20] INFO     mem_cmp 0x57FC0000 0x77FC0000 0x00010000 4
[2022-12-20 01:50:27] INFO     mem_cmp 0x587C0000 0x787C0000 0x00010000 4
[2022-12-20 01:50:34] INFO     mem_cmp 0x58FC0000 0x78FC0000 0x00010000 4
[2022-12-20 01:50:40] INFO     mem_cmp 0x597C0000 0x797C0000 0x00010000 4
[2022-12-20 01:50:47] INFO     mem_cmp 0x59FC0000 0x79FC0000 0x00010000 4
[2022-12-20 01:50:54] INFO     mem_cmp 0x5A7C0000 0x7A7C0000 0x00010000 4
[2022-12-20 01:51:01] INFO     mem_cmp 0x5AFC0000 0x7AFC0000 0x00010000 4
[2022-12-20 01:51:08] INFO     mem_cmp 0x5B7C0000 0x7B7C0000 0x00010000 4
[2022-12-20 01:51:14] INFO     mem_cmp 0x5BFC0000 0x7BFC0000 0x00010000 4
[2022-12-20 01:51:21] INFO     mem_cmp 0x5C7C0000 0x7C7C0000 0x00010000 4
[2022-12-20 01:51:28] INFO     mem_cmp 0x5CFC0000 0x7CFC0000 0x00010000 4
[2022-12-20 01:51:34] INFO     mem_cmp 0x5D7C0000 0x7D7C0000 0x00010000 4
[2022-12-20 01:51:41] INFO     mem_cmp 0x5DFC0000 0x7DFC0000 0x00010000 4
[2022-12-20 01:51:48] INFO     mem_cmp 0x5E7C0000 0x7E7C0000 0x00010000 4
[2022-12-20 01:51:54] INFO     mem_cmp 0x5EFC0000 0x7EFC0000 0x00010000 4
[2022-12-20 01:52:01] INFO     mem_cmp 0x5F7C0000 0x7F7C0000 0x00010000 4
[2022-12-20 01:52:07] INFO     mem_cmp 0x5FFC0000 0x7FFC0000 0x00010000 4
[2022-12-20 01:52:08] INFO     STATE:Mem Compare State
[2022-12-20 01:52:14] INFO     mem_cmp 0x407C0000 0x607C0000 0x00010000 4
[2022-12-20 01:52:21] INFO     mem_cmp 0x40FC0000 0x60FC0000 0x00010000 4
[2022-12-20 01:52:28] INFO     mem_cmp 0x417C0000 0x617C0000 0x00010000 4
[2022-12-20 01:52:34] INFO     mem_cmp 0x41FC0000 0x61FC0000 0x00010000 4
[2022-12-20 01:52:41] INFO     mem_cmp 0x427C0000 0x627C0000 0x00010000 4
[2022-12-20 01:52:48] INFO     mem_cmp 0x42FC0000 0x62FC0000 0x00010000 4
[2022-12-20 01:52:54] INFO     mem_cmp 0x437C0000 0x637C0000 0x00010000 4
[2022-12-20 01:53:01] INFO     mem_cmp 0x43FC0000 0x63FC0000 0x00010000 4
[2022-12-20 01:53:07] INFO     mem_cmp 0x447C0000 0x647C0000 0x00010000 4
[2022-12-20 01:53:14] INFO     mem_cmp 0x44FC0000 0x64FC0000 0x00010000 4
[2022-12-20 01:53:21] INFO     mem_cmp 0x457C0000 0x657C0000 0x00010000 4
[2022-12-20 01:53:27] INFO     mem_cmp 0x45FC0000 0x65FC0000 0x00010000 4
[2022-12-20 01:53:34] INFO     mem_cmp 0x467C0000 0x667C0000 0x00010000 4
[2022-12-20 01:53:41] INFO     mem_cmp 0x46FC0000 0x66FC0000 0x00010000 4
[2022-12-20 01:53:47] INFO     mem_cmp 0x477C0000 0x677C0000 0x00010000 4
[2022-12-20 01:53:54] INFO     mem_cmp 0x47FC0000 0x67FC0000 0x00010000 4
[2022-12-20 01:54:00] INFO     mem_cmp 0x487C0000 0x687C0000 0x00010000 4
[2022-12-20 01:54:07] INFO     mem_cmp 0x48FC0000 0x68FC0000 0x00010000 4
[2022-12-20 01:54:14] INFO     mem_cmp 0x497C0000 0x697C0000 0x00010000 4
[2022-12-20 01:54:20] INFO     mem_cmp 0x49FC0000 0x69FC0000 0x00010000 4
[2022-12-20 01:54:27] INFO     mem_cmp 0x4A7C0000 0x6A7C0000 0x00010000 4
[2022-12-20 01:54:34] INFO     mem_cmp 0x4AFC0000 0x6AFC0000 0x00010000 4
[2022-12-20 01:54:40] INFO     mem_cmp 0x4B7C0000 0x6B7C0000 0x00010000 4
[2022-12-20 01:54:47] INFO     mem_cmp 0x4BFC0000 0x6BFC0000 0x00010000 4
[2022-12-20 01:54:53] INFO     mem_cmp 0x4C7C0000 0x6C7C0000 0x00010000 4
[2022-12-20 01:55:00] INFO     mem_cmp 0x4CFC0000 0x6CFC0000 0x00010000 4
[2022-12-20 01:55:06] INFO     mem_cmp 0x4D7C0000 0x6D7C0000 0x00010000 4
[2022-12-20 01:55:13] INFO     mem_cmp 0x4DFC0000 0x6DFC0000 0x00010000 4
[2022-12-20 01:55:19] INFO     mem_cmp 0x4E7C0000 0x6E7C0000 0x00010000 4
[2022-12-20 01:55:26] INFO     mem_cmp 0x4EFC0000 0x6EFC0000 0x00010000 4
[2022-12-20 01:55:33] INFO     mem_cmp 0x4F7C0000 0x6F7C0000 0x00010000 4
[2022-12-20 01:55:39] INFO     mem_cmp 0x4FFC0000 0x6FFC0000 0x00010000 4
[2022-12-20 01:55:46] INFO     mem_cmp 0x507C0000 0x707C0000 0x00010000 4
[2022-12-20 01:55:52] INFO     mem_cmp 0x50FC0000 0x70FC0000 0x00010000 4
[2022-12-20 01:55:59] INFO     mem_cmp 0x517C0000 0x717C0000 0x00010000 4
[2022-12-20 01:56:05] INFO     mem_cmp 0x51FC0000 0x71FC0000 0x00010000 4
[2022-12-20 01:56:12] INFO     mem_cmp 0x527C0000 0x727C0000 0x00010000 4
[2022-12-20 01:56:19] INFO     mem_cmp 0x52FC0000 0x72FC0000 0x00010000 4
[2022-12-20 01:56:26] INFO     mem_cmp 0x537C0000 0x737C0000 0x00010000 4
[2022-12-20 01:56:32] INFO     mem_cmp 0x53FC0000 0x73FC0000 0x00010000 4
[2022-12-20 01:56:38] INFO     mem_cmp 0x547C0000 0x747C0000 0x00010000 4
[2022-12-20 01:56:45] INFO     mem_cmp 0x54FC0000 0x74FC0000 0x00010000 4
[2022-12-20 01:56:51] INFO     mem_cmp 0x557C0000 0x757C0000 0x00010000 4
[2022-12-20 01:56:58] INFO     mem_cmp 0x55FC0000 0x75FC0000 0x00010000 4
[2022-12-20 01:57:05] INFO     mem_cmp 0x567C0000 0x767C0000 0x00010000 4
[2022-12-20 01:57:11] INFO     mem_cmp 0x56FC0000 0x76FC0000 0x00010000 4
[2022-12-20 01:57:18] INFO     mem_cmp 0x577C0000 0x777C0000 0x00010000 4
[2022-12-20 01:57:24] INFO     mem_cmp 0x57FC0000 0x77FC0000 0x00010000 4
[2022-12-20 01:57:31] INFO     mem_cmp 0x587C0000 0x787C0000 0x00010000 4
[2022-12-20 01:57:38] INFO     mem_cmp 0x58FC0000 0x78FC0000 0x00010000 4
[2022-12-20 01:57:44] INFO     mem_cmp 0x597C0000 0x797C0000 0x00010000 4
[2022-12-20 01:57:51] INFO     mem_cmp 0x59FC0000 0x79FC0000 0x00010000 4
[2022-12-20 01:57:57] INFO     mem_cmp 0x5A7C0000 0x7A7C0000 0x00010000 4
[2022-12-20 01:58:04] INFO     mem_cmp 0x5AFC0000 0x7AFC0000 0x00010000 4
[2022-12-20 01:58:11] INFO     mem_cmp 0x5B7C0000 0x7B7C0000 0x00010000 4
[2022-12-20 01:58:17] INFO     mem_cmp 0x5BFC0000 0x7BFC0000 0x00010000 4
[2022-12-20 01:58:24] INFO     mem_cmp 0x5C7C0000 0x7C7C0000 0x00010000 4
[2022-12-20 01:58:31] INFO     mem_cmp 0x5CFC0000 0x7CFC0000 0x00010000 4
[2022-12-20 01:58:38] INFO     mem_cmp 0x5D7C0000 0x7D7C0000 0x00010000 4
[2022-12-20 01:58:44] INFO     mem_cmp 0x5DFC0000 0x7DFC0000 0x00010000 4
[2022-12-20 01:58:51] INFO     mem_cmp 0x5E7C0000 0x7E7C0000 0x00010000 4
[2022-12-20 01:58:58] INFO     mem_cmp 0x5EFC0000 0x7EFC0000 0x00010000 4
[2022-12-20 01:59:05] INFO     mem_cmp 0x5F7C0000 0x7F7C0000 0x00010000 4
[2022-12-20 01:59:11] INFO     mem_cmp 0x5FFC0000 0x7FFC0000 0x00010000 4
[2022-12-20 01:59:11] INFO     STATE:Mem Compare State
[2022-12-20 01:59:18] INFO     mem_cmp 0x407C0000 0x607C0000 0x00010000 4
[2022-12-20 01:59:24] INFO     mem_cmp 0x40FC0000 0x60FC0000 0x00010000 4
[2022-12-20 01:59:31] INFO     mem_cmp 0x417C0000 0x617C0000 0x00010000 4
[2022-12-20 01:59:38] INFO     mem_cmp 0x41FC0000 0x61FC0000 0x00010000 4
[2022-12-20 01:59:44] INFO     mem_cmp 0x427C0000 0x627C0000 0x00010000 4
[2022-12-20 01:59:51] INFO     mem_cmp 0x42FC0000 0x62FC0000 0x00010000 4
[2022-12-20 01:59:58] INFO     mem_cmp 0x437C0000 0x637C0000 0x00010000 4
[2022-12-20 02:00:04] INFO     mem_cmp 0x43FC0000 0x63FC0000 0x00010000 4
[2022-12-20 02:00:11] INFO     mem_cmp 0x447C0000 0x647C0000 0x00010000 4
[2022-12-20 02:00:18] INFO     mem_cmp 0x44FC0000 0x64FC0000 0x00010000 4
[2022-12-20 02:00:25] INFO     mem_cmp 0x457C0000 0x657C0000 0x00010000 4
[2022-12-20 02:00:31] INFO     mem_cmp 0x45FC0000 0x65FC0000 0x00010000 4
[2022-12-20 02:00:38] INFO     mem_cmp 0x467C0000 0x667C0000 0x00010000 4
[2022-12-20 02:00:45] INFO     mem_cmp 0x46FC0000 0x66FC0000 0x00010000 4
[2022-12-20 02:00:51] INFO     mem_cmp 0x477C0000 0x677C0000 0x00010000 4
[2022-12-20 02:00:58] INFO     mem_cmp 0x47FC0000 0x67FC0000 0x00010000 4
[2022-12-20 02:01:04] INFO     mem_cmp 0x487C0000 0x687C0000 0x00010000 4
[2022-12-20 02:01:11] INFO     mem_cmp 0x48FC0000 0x68FC0000 0x00010000 4
[2022-12-20 02:01:17] INFO     mem_cmp 0x497C0000 0x697C0000 0x00010000 4
[2022-12-20 02:01:24] INFO     mem_cmp 0x49FC0000 0x69FC0000 0x00010000 4
[2022-12-20 02:01:30] INFO     mem_cmp 0x4A7C0000 0x6A7C0000 0x00010000 4
[2022-12-20 02:01:37] INFO     mem_cmp 0x4AFC0000 0x6AFC0000 0x00010000 4
[2022-12-20 02:01:44] INFO     mem_cmp 0x4B7C0000 0x6B7C0000 0x00010000 4
[2022-12-20 02:01:51] INFO     mem_cmp 0x4BFC0000 0x6BFC0000 0x00010000 4
[2022-12-20 02:01:58] INFO     mem_cmp 0x4C7C0000 0x6C7C0000 0x00010000 4
[2022-12-20 02:02:04] INFO     mem_cmp 0x4CFC0000 0x6CFC0000 0x00010000 4
[2022-12-20 02:02:11] INFO     mem_cmp 0x4D7C0000 0x6D7C0000 0x00010000 4
[2022-12-20 02:02:18] INFO     mem_cmp 0x4DFC0000 0x6DFC0000 0x00010000 4
[2022-12-20 02:02:24] INFO     mem_cmp 0x4E7C0000 0x6E7C0000 0x00010000 4
[2022-12-20 02:02:31] INFO     mem_cmp 0x4EFC0000 0x6EFC0000 0x00010000 4
[2022-12-20 02:02:38] INFO     mem_cmp 0x4F7C0000 0x6F7C0000 0x00010000 4
[2022-12-20 02:02:44] INFO     mem_cmp 0x4FFC0000 0x6FFC0000 0x00010000 4
[2022-12-20 02:02:51] INFO     mem_cmp 0x507C0000 0x707C0000 0x00010000 4
[2022-12-20 02:02:57] INFO     mem_cmp 0x50FC0000 0x70FC0000 0x00010000 4
[2022-12-20 02:03:04] INFO     mem_cmp 0x517C0000 0x717C0000 0x00010000 4
[2022-12-20 02:03:10] INFO     mem_cmp 0x51FC0000 0x71FC0000 0x00010000 4
[2022-12-20 02:03:17] INFO     mem_cmp 0x527C0000 0x727C0000 0x00010000 4
[2022-12-20 02:03:23] INFO     mem_cmp 0x52FC0000 0x72FC0000 0x00010000 4
[2022-12-20 02:03:30] INFO     mem_cmp 0x537C0000 0x737C0000 0x00010000 4
[2022-12-20 02:03:37] INFO     mem_cmp 0x53FC0000 0x73FC0000 0x00010000 4
[2022-12-20 02:03:43] INFO     mem_cmp 0x547C0000 0x747C0000 0x00010000 4
[2022-12-20 02:03:50] INFO     mem_cmp 0x54FC0000 0x74FC0000 0x00010000 4
[2022-12-20 02:03:56] INFO     mem_cmp 0x557C0000 0x757C0000 0x00010000 4
[2022-12-20 02:04:03] INFO     mem_cmp 0x55FC0000 0x75FC0000 0x00010000 4
[2022-12-20 02:04:10] INFO     mem_cmp 0x567C0000 0x767C0000 0x00010000 4
[2022-12-20 02:04:17] INFO     mem_cmp 0x56FC0000 0x76FC0000 0x00010000 4
[2022-12-20 02:04:23] INFO     mem_cmp 0x577C0000 0x777C0000 0x00010000 4
[2022-12-20 02:04:30] INFO     mem_cmp 0x57FC0000 0x77FC0000 0x00010000 4
[2022-12-20 02:04:37] INFO     mem_cmp 0x587C0000 0x787C0000 0x00010000 4
[2022-12-20 02:04:44] INFO     mem_cmp 0x58FC0000 0x78FC0000 0x00010000 4
[2022-12-20 02:04:50] INFO     mem_cmp 0x597C0000 0x797C0000 0x00010000 4
[2022-12-20 02:04:57] INFO     mem_cmp 0x59FC0000 0x79FC0000 0x00010000 4
[2022-12-20 02:05:03] INFO     mem_cmp 0x5A7C0000 0x7A7C0000 0x00010000 4
[2022-12-20 02:05:10] INFO     mem_cmp 0x5AFC0000 0x7AFC0000 0x00010000 4
[2022-12-20 02:05:17] INFO     mem_cmp 0x5B7C0000 0x7B7C0000 0x00010000 4
[2022-12-20 02:05:23] INFO     mem_cmp 0x5BFC0000 0x7BFC0000 0x00010000 4
[2022-12-20 02:05:30] INFO     mem_cmp 0x5C7C0000 0x7C7C0000 0x00010000 4
[2022-12-20 02:05:36] INFO     mem_cmp 0x5CFC0000 0x7CFC0000 0x00010000 4
[2022-12-20 02:05:43] INFO     mem_cmp 0x5D7C0000 0x7D7C0000 0x00010000 4
[2022-12-20 02:05:50] INFO     mem_cmp 0x5DFC0000 0x7DFC0000 0x00010000 4
[2022-12-20 02:05:56] INFO     mem_cmp 0x5E7C0000 0x7E7C0000 0x00010000 4
[2022-12-20 02:06:03] INFO     mem_cmp 0x5EFC0000 0x7EFC0000 0x00010000 4
[2022-12-20 02:06:10] INFO     mem_cmp 0x5F7C0000 0x7F7C0000 0x00010000 4
[2022-12-20 02:06:16] INFO     mem_cmp 0x5FFC0000 0x7FFC0000 0x00010000 4
[2022-12-20 02:06:16] INFO     STATE:Mem Compare State
[2022-12-20 02:06:23] INFO     mem_cmp 0x407C0000 0x607C0000 0x00010000 4
[2022-12-20 02:06:30] INFO     mem_cmp 0x40FC0000 0x60FC0000 0x00010000 4
[2022-12-20 02:06:36] INFO     mem_cmp 0x417C0000 0x617C0000 0x00010000 4
[2022-12-20 02:06:43] INFO     mem_cmp 0x41FC0000 0x61FC0000 0x00010000 4
[2022-12-20 02:06:50] INFO     mem_cmp 0x427C0000 0x627C0000 0x00010000 4
[2022-12-20 02:06:56] INFO     mem_cmp 0x42FC0000 0x62FC0000 0x00010000 4
[2022-12-20 02:07:03] INFO     mem_cmp 0x437C0000 0x637C0000 0x00010000 4
[2022-12-20 02:07:10] INFO     mem_cmp 0x43FC0000 0x63FC0000 0x00010000 4
[2022-12-20 02:07:17] INFO     mem_cmp 0x447C0000 0x647C0000 0x00010000 4
[2022-12-20 02:07:23] INFO     mem_cmp 0x44FC0000 0x64FC0000 0x00010000 4
[2022-12-20 02:07:30] INFO     mem_cmp 0x457C0000 0x657C0000 0x00010000 4
[2022-12-20 02:07:36] INFO     mem_cmp 0x45FC0000 0x65FC0000 0x00010000 4
[2022-12-20 02:07:43] INFO     mem_cmp 0x467C0000 0x667C0000 0x00010000 4
[2022-12-20 02:07:50] INFO     mem_cmp 0x46FC0000 0x66FC0000 0x00010000 4
[2022-12-20 02:07:56] INFO     mem_cmp 0x477C0000 0x677C0000 0x00010000 4
[2022-12-20 02:08:03] INFO     mem_cmp 0x47FC0000 0x67FC0000 0x00010000 4
[2022-12-20 02:08:09] INFO     mem_cmp 0x487C0000 0x687C0000 0x00010000 4
[2022-12-20 02:08:16] INFO     mem_cmp 0x48FC0000 0x68FC0000 0x00010000 4
[2022-12-20 02:08:22] INFO     mem_cmp 0x497C0000 0x697C0000 0x00010000 4
[2022-12-20 02:08:29] INFO     mem_cmp 0x49FC0000 0x69FC0000 0x00010000 4
[2022-12-20 02:08:36] INFO     mem_cmp 0x4A7C0000 0x6A7C0000 0x00010000 4
[2022-12-20 02:08:43] INFO     mem_cmp 0x4AFC0000 0x6AFC0000 0x00010000 4
[2022-12-20 02:08:49] INFO     mem_cmp 0x4B7C0000 0x6B7C0000 0x00010000 4
[2022-12-20 02:08:56] INFO     mem_cmp 0x4BFC0000 0x6BFC0000 0x00010000 4
[2022-12-20 02:09:02] INFO     mem_cmp 0x4C7C0000 0x6C7C0000 0x00010000 4
[2022-12-20 02:09:09] INFO     mem_cmp 0x4CFC0000 0x6CFC0000 0x00010000 4
[2022-12-20 02:09:16] INFO     mem_cmp 0x4D7C0000 0x6D7C0000 0x00010000 4
[2022-12-20 02:09:23] INFO     mem_cmp 0x4DFC0000 0x6DFC0000 0x00010000 4
[2022-12-20 02:09:29] INFO     mem_cmp 0x4E7C0000 0x6E7C0000 0x00010000 4
[2022-12-20 02:09:36] INFO     mem_cmp 0x4EFC0000 0x6EFC0000 0x00010000 4
[2022-12-20 02:09:42] INFO     mem_cmp 0x4F7C0000 0x6F7C0000 0x00010000 4
[2022-12-20 02:09:49] INFO     mem_cmp 0x4FFC0000 0x6FFC0000 0x00010000 4
[2022-12-20 02:09:56] INFO     mem_cmp 0x507C0000 0x707C0000 0x00010000 4
[2022-12-20 02:10:02] INFO     mem_cmp 0x50FC0000 0x70FC0000 0x00010000 4
[2022-12-20 02:10:09] INFO     mem_cmp 0x517C0000 0x717C0000 0x00010000 4
[2022-12-20 02:10:16] INFO     mem_cmp 0x51FC0000 0x71FC0000 0x00010000 4
[2022-12-20 02:10:22] INFO     mem_cmp 0x527C0000 0x727C0000 0x00010000 4
[2022-12-20 02:10:29] INFO     mem_cmp 0x52FC0000 0x72FC0000 0x00010000 4
[2022-12-20 02:10:36] INFO     mem_cmp 0x537C0000 0x737C0000 0x00010000 4
[2022-12-20 02:10:43] INFO     mem_cmp 0x53FC0000 0x73FC0000 0x00010000 4
[2022-12-20 02:10:49] INFO     mem_cmp 0x547C0000 0x747C0000 0x00010000 4
[2022-12-20 02:10:56] INFO     mem_cmp 0x54FC0000 0x74FC0000 0x00010000 4
[2022-12-20 02:11:03] INFO     mem_cmp 0x557C0000 0x757C0000 0x00010000 4
[2022-12-20 02:11:10] INFO     mem_cmp 0x55FC0000 0x75FC0000 0x00010000 4
[2022-12-20 02:11:16] INFO     mem_cmp 0x567C0000 0x767C0000 0x00010000 4
[2022-12-20 02:11:23] INFO     mem_cmp 0x56FC0000 0x76FC0000 0x00010000 4
[2022-12-20 02:11:30] INFO     mem_cmp 0x577C0000 0x777C0000 0x00010000 4
[2022-12-20 02:11:36] INFO     mem_cmp 0x57FC0000 0x77FC0000 0x00010000 4
[2022-12-20 02:11:43] INFO     mem_cmp 0x587C0000 0x787C0000 0x00010000 4
[2022-12-20 02:11:50] INFO     mem_cmp 0x58FC0000 0x78FC0000 0x00010000 4
[2022-12-20 02:11:56] INFO     mem_cmp 0x597C0000 0x797C0000 0x00010000 4
[2022-12-20 02:12:03] INFO     mem_cmp 0x59FC0000 0x79FC0000 0x00010000 4
[2022-12-20 02:12:10] INFO     mem_cmp 0x5A7C0000 0x7A7C0000 0x00010000 4
[2022-12-20 02:12:16] INFO     mem_cmp 0x5AFC0000 0x7AFC0000 0x00010000 4
[2022-12-20 02:12:23] INFO     mem_cmp 0x5B7C0000 0x7B7C0000 0x00010000 4
[2022-12-20 02:12:29] INFO     mem_cmp 0x5BFC0000 0x7BFC0000 0x00010000 4
[2022-12-20 02:12:36] INFO     mem_cmp 0x5C7C0000 0x7C7C0000 0x00010000 4
[2022-12-20 02:12:42] INFO     mem_cmp 0x5CFC0000 0x7CFC0000 0x00010000 4
[2022-12-20 02:12:49] INFO     mem_cmp 0x5D7C0000 0x7D7C0000 0x00010000 4
[2022-12-20 02:12:56] INFO     mem_cmp 0x5DFC0000 0x7DFC0000 0x00010000 4
[2022-12-20 02:13:02] INFO     mem_cmp 0x5E7C0000 0x7E7C0000 0x00010000 4
[2022-12-20 02:13:09] INFO     mem_cmp 0x5EFC0000 0x7EFC0000 0x00010000 4
[2022-12-20 02:13:15] INFO     mem_cmp 0x5F7C0000 0x7F7C0000 0x00010000 4
[2022-12-20 02:13:22] INFO     mem_cmp 0x5FFC0000 0x7FFC0000 0x00010000 4
[2022-12-20 02:13:22] INFO     STATE:Mem Compare State
[2022-12-20 02:13:28] INFO     mem_cmp 0x407C0000 0x607C0000 0x00010000 4
[2022-12-20 02:13:35] INFO     mem_cmp 0x40FC0000 0x60FC0000 0x00010000 4
[2022-12-20 02:13:42] INFO     mem_cmp 0x417C0000 0x617C0000 0x00010000 4
[2022-12-20 02:13:48] INFO     mem_cmp 0x41FC0000 0x61FC0000 0x00010000 4
[2022-12-20 02:13:55] INFO     mem_cmp 0x427C0000 0x627C0000 0x00010000 4
[2022-12-20 02:14:02] INFO     mem_cmp 0x42FC0000 0x62FC0000 0x00010000 4
[2022-12-20 02:14:09] INFO     mem_cmp 0x437C0000 0x637C0000 0x00010000 4
[2022-12-20 02:14:15] INFO     mem_cmp 0x43FC0000 0x63FC0000 0x00010000 4
[2022-12-20 02:14:22] INFO     mem_cmp 0x447C0000 0x647C0000 0x00010000 4
[2022-12-20 02:14:29] INFO     mem_cmp 0x44FC0000 0x64FC0000 0x00010000 4
[2022-12-20 02:14:36] INFO     mem_cmp 0x457C0000 0x657C0000 0x00010000 4
[2022-12-20 02:14:42] INFO     mem_cmp 0x45FC0000 0x65FC0000 0x00010000 4
[2022-12-20 02:14:49] INFO     mem_cmp 0x467C0000 0x667C0000 0x00010000 4
[2022-12-20 02:14:55] INFO     mem_cmp 0x46FC0000 0x66FC0000 0x00010000 4
[2022-12-20 02:15:02] INFO     mem_cmp 0x477C0000 0x677C0000 0x00010000 4
[2022-12-20 02:15:09] INFO     mem_cmp 0x47FC0000 0x67FC0000 0x00010000 4
[2022-12-20 02:15:15] INFO     mem_cmp 0x487C0000 0x687C0000 0x00010000 4
[2022-12-20 02:15:22] INFO     mem_cmp 0x48FC0000 0x68FC0000 0x00010000 4
[2022-12-20 02:15:28] INFO     mem_cmp 0x497C0000 0x697C0000 0x00010000 4
[2022-12-20 02:15:35] INFO     mem_cmp 0x49FC0000 0x69FC0000 0x00010000 4
[2022-12-20 02:15:42] INFO     mem_cmp 0x4A7C0000 0x6A7C0000 0x00010000 4
[2022-12-20 02:15:48] INFO     mem_cmp 0x4AFC0000 0x6AFC0000 0x00010000 4
[2022-12-20 02:15:55] INFO     mem_cmp 0x4B7C0000 0x6B7C0000 0x00010000 4
[2022-12-20 02:16:01] INFO     mem_cmp 0x4BFC0000 0x6BFC0000 0x00010000 4
[2022-12-20 02:16:08] INFO     mem_cmp 0x4C7C0000 0x6C7C0000 0x00010000 4
[2022-12-20 02:16:14] INFO     mem_cmp 0x4CFC0000 0x6CFC0000 0x00010000 4
[2022-12-20 02:16:21] INFO     mem_cmp 0x4D7C0000 0x6D7C0000 0x00010000 4
[2022-12-20 02:16:28] INFO     mem_cmp 0x4DFC0000 0x6DFC0000 0x00010000 4
[2022-12-20 02:16:34] INFO     mem_cmp 0x4E7C0000 0x6E7C0000 0x00010000 4
[2022-12-20 02:16:41] INFO     mem_cmp 0x4EFC0000 0x6EFC0000 0x00010000 4
[2022-12-20 02:16:48] INFO     mem_cmp 0x4F7C0000 0x6F7C0000 0x00010000 4
[2022-12-20 02:16:54] INFO     mem_cmp 0x4FFC0000 0x6FFC0000 0x00010000 4
[2022-12-20 02:17:01] INFO     mem_cmp 0x507C0000 0x707C0000 0x00010000 4
[2022-12-20 02:17:08] INFO     mem_cmp 0x50FC0000 0x70FC0000 0x00010000 4
[2022-12-20 02:17:14] INFO     mem_cmp 0x517C0000 0x717C0000 0x00010000 4
[2022-12-20 02:17:21] INFO     mem_cmp 0x51FC0000 0x71FC0000 0x00010000 4
[2022-12-20 02:17:28] INFO     mem_cmp 0x527C0000 0x727C0000 0x00010000 4
[2022-12-20 02:17:35] INFO     mem_cmp 0x52FC0000 0x72FC0000 0x00010000 4
[2022-12-20 02:17:41] INFO     mem_cmp 0x537C0000 0x737C0000 0x00010000 4
[2022-12-20 02:17:48] INFO     mem_cmp 0x53FC0000 0x73FC0000 0x00010000 4
[2022-12-20 02:17:55] INFO     mem_cmp 0x547C0000 0x747C0000 0x00010000 4
[2022-12-20 02:18:01] INFO     mem_cmp 0x54FC0000 0x74FC0000 0x00010000 4
[2022-12-20 02:18:08] INFO     mem_cmp 0x557C0000 0x757C0000 0x00010000 4
[2022-12-20 02:18:14] INFO     mem_cmp 0x55FC0000 0x75FC0000 0x00010000 4
[2022-12-20 02:18:21] INFO     mem_cmp 0x567C0000 0x767C0000 0x00010000 4
[2022-12-20 02:18:28] INFO     mem_cmp 0x56FC0000 0x76FC0000 0x00010000 4
[2022-12-20 02:18:34] INFO     mem_cmp 0x577C0000 0x777C0000 0x00010000 4
[2022-12-20 02:18:41] INFO     mem_cmp 0x57FC0000 0x77FC0000 0x00010000 4
[2022-12-20 02:18:47] INFO     mem_cmp 0x587C0000 0x787C0000 0x00010000 4
[2022-12-20 02:18:54] INFO     mem_cmp 0x58FC0000 0x78FC0000 0x00010000 4
[2022-12-20 02:19:01] INFO     mem_cmp 0x597C0000 0x797C0000 0x00010000 4
[2022-12-20 02:19:07] INFO     mem_cmp 0x59FC0000 0x79FC0000 0x00010000 4
[2022-12-20 02:19:14] INFO     mem_cmp 0x5A7C0000 0x7A7C0000 0x00010000 4
[2022-12-20 02:19:21] INFO     mem_cmp 0x5AFC0000 0x7AFC0000 0x00010000 4
[2022-12-20 02:19:27] INFO     mem_cmp 0x5B7C0000 0x7B7C0000 0x00010000 4
[2022-12-20 02:19:34] INFO     mem_cmp 0x5BFC0000 0x7BFC0000 0x00010000 4
[2022-12-20 02:19:40] INFO     mem_cmp 0x5C7C0000 0x7C7C0000 0x00010000 4
[2022-12-20 02:19:47] INFO     mem_cmp 0x5CFC0000 0x7CFC0000 0x00010000 4
[2022-12-20 02:19:54] INFO     mem_cmp 0x5D7C0000 0x7D7C0000 0x00010000 4
[2022-12-20 02:20:00] INFO     mem_cmp 0x5DFC0000 0x7DFC0000 0x00010000 4
[2022-12-20 02:20:07] INFO     mem_cmp 0x5E7C0000 0x7E7C0000 0x00010000 4
[2022-12-20 02:20:14] INFO     mem_cmp 0x5EFC0000 0x7EFC0000 0x00010000 4
[2022-12-20 02:20:20] INFO     mem_cmp 0x5F7C0000 0x7F7C0000 0x00010000 4
[2022-12-20 02:20:27] INFO     mem_cmp 0x5FFC0000 0x7FFC0000 0x00010000 4
[2022-12-20 02:20:27] INFO     STATE:Mem Compare State
[2022-12-20 02:20:34] INFO     mem_cmp 0x407C0000 0x607C0000 0x00010000 4
[2022-12-20 02:20:41] INFO     mem_cmp 0x40FC0000 0x60FC0000 0x00010000 4
[2022-12-20 02:20:47] INFO     mem_cmp 0x417C0000 0x617C0000 0x00010000 4
[2022-12-20 02:20:54] INFO     mem_cmp 0x41FC0000 0x61FC0000 0x00010000 4
[2022-12-20 02:21:01] INFO     mem_cmp 0x427C0000 0x627C0000 0x00010000 4
[2022-12-20 02:21:07] INFO     mem_cmp 0x42FC0000 0x62FC0000 0x00010000 4
[2022-12-20 02:21:14] INFO     mem_cmp 0x437C0000 0x637C0000 0x00010000 4
[2022-12-20 02:21:20] INFO     mem_cmp 0x43FC0000 0x63FC0000 0x00010000 4
[2022-12-20 02:21:27] INFO     mem_cmp 0x447C0000 0x647C0000 0x00010000 4
[2022-12-20 02:21:34] INFO     mem_cmp 0x44FC0000 0x64FC0000 0x00010000 4
[2022-12-20 02:21:40] INFO     mem_cmp 0x457C0000 0x657C0000 0x00010000 4
[2022-12-20 02:21:47] INFO     mem_cmp 0x45FC0000 0x65FC0000 0x00010000 4
[2022-12-20 02:21:53] INFO     mem_cmp 0x467C0000 0x667C0000 0x00010000 4
[2022-12-20 02:22:00] INFO     mem_cmp 0x46FC0000 0x66FC0000 0x00010000 4
[2022-12-20 02:22:07] INFO     mem_cmp 0x477C0000 0x677C0000 0x00010000 4
[2022-12-20 02:22:13] INFO     mem_cmp 0x47FC0000 0x67FC0000 0x00010000 4
[2022-12-20 02:22:20] INFO     mem_cmp 0x487C0000 0x687C0000 0x00010000 4
[2022-12-20 02:22:26] INFO     mem_cmp 0x48FC0000 0x68FC0000 0x00010000 4
[2022-12-20 02:22:33] INFO     mem_cmp 0x497C0000 0x697C0000 0x00010000 4
[2022-12-20 02:22:39] INFO     mem_cmp 0x49FC0000 0x69FC0000 0x00010000 4
[2022-12-20 02:22:46] INFO     mem_cmp 0x4A7C0000 0x6A7C0000 0x00010000 4
[2022-12-20 02:22:53] INFO     mem_cmp 0x4AFC0000 0x6AFC0000 0x00010000 4
[2022-12-20 02:22:59] INFO     mem_cmp 0x4B7C0000 0x6B7C0000 0x00010000 4
[2022-12-20 02:23:06] INFO     mem_cmp 0x4BFC0000 0x6BFC0000 0x00010000 4
[2022-12-20 02:23:13] INFO     mem_cmp 0x4C7C0000 0x6C7C0000 0x00010000 4
[2022-12-20 02:23:19] INFO     mem_cmp 0x4CFC0000 0x6CFC0000 0x00010000 4
[2022-12-20 02:23:26] INFO     mem_cmp 0x4D7C0000 0x6D7C0000 0x00010000 4
[2022-12-20 02:23:33] INFO     mem_cmp 0x4DFC0000 0x6DFC0000 0x00010000 4
[2022-12-20 02:23:39] INFO     mem_cmp 0x4E7C0000 0x6E7C0000 0x00010000 4
[2022-12-20 02:23:46] INFO     mem_cmp 0x4EFC0000 0x6EFC0000 0x00010000 4
[2022-12-20 02:23:52] INFO     mem_cmp 0x4F7C0000 0x6F7C0000 0x00010000 4
[2022-12-20 02:23:59] INFO     mem_cmp 0x4FFC0000 0x6FFC0000 0x00010000 4
[2022-12-20 02:24:06] INFO     mem_cmp 0x507C0000 0x707C0000 0x00010000 4
[2022-12-20 02:24:12] INFO     mem_cmp 0x50FC0000 0x70FC0000 0x00010000 4
[2022-12-20 02:24:19] INFO     mem_cmp 0x517C0000 0x717C0000 0x00010000 4
[2022-12-20 02:24:26] INFO     mem_cmp 0x51FC0000 0x71FC0000 0x00010000 4
[2022-12-20 02:24:32] INFO     mem_cmp 0x527C0000 0x727C0000 0x00010000 4
[2022-12-20 02:24:39] INFO     mem_cmp 0x52FC0000 0x72FC0000 0x00010000 4
[2022-12-20 02:24:46] INFO     mem_cmp 0x537C0000 0x737C0000 0x00010000 4
[2022-12-20 02:24:52] INFO     mem_cmp 0x53FC0000 0x73FC0000 0x00010000 4
[2022-12-20 02:24:59] INFO     mem_cmp 0x547C0000 0x747C0000 0x00010000 4
[2022-12-20 02:25:05] INFO     mem_cmp 0x54FC0000 0x74FC0000 0x00010000 4
[2022-12-20 02:25:12] INFO     mem_cmp 0x557C0000 0x757C0000 0x00010000 4
[2022-12-20 02:25:18] INFO     mem_cmp 0x55FC0000 0x75FC0000 0x00010000 4
[2022-12-20 02:25:25] INFO     mem_cmp 0x567C0000 0x767C0000 0x00010000 4
[2022-12-20 02:25:32] INFO     mem_cmp 0x56FC0000 0x76FC0000 0x00010000 4
[2022-12-20 02:25:38] INFO     mem_cmp 0x577C0000 0x777C0000 0x00010000 4
[2022-12-20 02:25:45] INFO     mem_cmp 0x57FC0000 0x77FC0000 0x00010000 4
[2022-12-20 02:25:52] INFO     mem_cmp 0x587C0000 0x787C0000 0x00010000 4
[2022-12-20 02:25:58] INFO     mem_cmp 0x58FC0000 0x78FC0000 0x00010000 4
[2022-12-20 02:26:05] INFO     mem_cmp 0x597C0000 0x797C0000 0x00010000 4
[2022-12-20 02:26:12] INFO     mem_cmp 0x59FC0000 0x79FC0000 0x00010000 4
[2022-12-20 02:26:18] INFO     mem_cmp 0x5A7C0000 0x7A7C0000 0x00010000 4
[2022-12-20 02:26:25] INFO     mem_cmp 0x5AFC0000 0x7AFC0000 0x00010000 4
[2022-12-20 02:26:31] INFO     mem_cmp 0x5B7C0000 0x7B7C0000 0x00010000 4
[2022-12-20 02:26:38] INFO     mem_cmp 0x5BFC0000 0x7BFC0000 0x00010000 4
[2022-12-20 02:26:45] INFO     mem_cmp 0x5C7C0000 0x7C7C0000 0x00010000 4
[2022-12-20 02:26:52] INFO     mem_cmp 0x5CFC0000 0x7CFC0000 0x00010000 4
[2022-12-20 02:26:58] INFO     mem_cmp 0x5D7C0000 0x7D7C0000 0x00010000 4
[2022-12-20 02:27:05] INFO     mem_cmp 0x5DFC0000 0x7DFC0000 0x00010000 4
[2022-12-20 02:27:11] INFO     mem_cmp 0x5E7C0000 0x7E7C0000 0x00010000 4
[2022-12-20 02:27:18] INFO     mem_cmp 0x5EFC0000 0x7EFC0000 0x00010000 4
[2022-12-20 02:27:25] INFO     mem_cmp 0x5F7C0000 0x7F7C0000 0x00010000 4
[2022-12-20 02:27:32] INFO     mem_cmp 0x5FFC0000 0x7FFC0000 0x00010000 4
[2022-12-20 02:27:32] INFO     STATE:Mem Compare State
[2022-12-20 02:27:38] INFO     mem_cmp 0x407C0000 0x607C0000 0x00010000 4
[2022-12-20 02:27:45] INFO     mem_cmp 0x40FC0000 0x60FC0000 0x00010000 4
[2022-12-20 02:27:52] INFO     mem_cmp 0x417C0000 0x617C0000 0x00010000 4
[2022-12-20 02:27:59] INFO     mem_cmp 0x41FC0000 0x61FC0000 0x00010000 4
[2022-12-20 02:28:05] INFO     mem_cmp 0x427C0000 0x627C0000 0x00010000 4
[2022-12-20 02:28:12] INFO     mem_cmp 0x42FC0000 0x62FC0000 0x00010000 4
[2022-12-20 02:28:19] INFO     mem_cmp 0x437C0000 0x637C0000 0x00010000 4
[2022-12-20 02:28:26] INFO     mem_cmp 0x43FC0000 0x63FC0000 0x00010000 4
[2022-12-20 02:28:32] INFO     mem_cmp 0x447C0000 0x647C0000 0x00010000 4
[2022-12-20 02:28:39] INFO     mem_cmp 0x44FC0000 0x64FC0000 0x00010000 4
[2022-12-20 02:28:45] INFO     mem_cmp 0x457C0000 0x657C0000 0x00010000 4
[2022-12-20 02:28:52] INFO     mem_cmp 0x45FC0000 0x65FC0000 0x00010000 4
[2022-12-20 02:28:59] INFO     mem_cmp 0x467C0000 0x667C0000 0x00010000 4
[2022-12-20 02:29:05] INFO     mem_cmp 0x46FC0000 0x66FC0000 0x00010000 4
[2022-12-20 02:29:12] INFO     mem_cmp 0x477C0000 0x677C0000 0x00010000 4
[2022-12-20 02:29:18] INFO     mem_cmp 0x47FC0000 0x67FC0000 0x00010000 4
[2022-12-20 02:29:25] INFO     mem_cmp 0x487C0000 0x687C0000 0x00010000 4
[2022-12-20 02:29:31] INFO     mem_cmp 0x48FC0000 0x68FC0000 0x00010000 4
[2022-12-20 02:29:38] INFO     mem_cmp 0x497C0000 0x697C0000 0x00010000 4
[2022-12-20 02:29:45] INFO     mem_cmp 0x49FC0000 0x69FC0000 0x00010000 4
[2022-12-20 02:29:51] INFO     mem_cmp 0x4A7C0000 0x6A7C0000 0x00010000 4
[2022-12-20 02:29:58] INFO     mem_cmp 0x4AFC0000 0x6AFC0000 0x00010000 4
[2022-12-20 02:30:05] INFO     mem_cmp 0x4B7C0000 0x6B7C0000 0x00010000 4
[2022-12-20 02:30:11] INFO     mem_cmp 0x4BFC0000 0x6BFC0000 0x00010000 4
[2022-12-20 02:30:18] INFO     mem_cmp 0x4C7C0000 0x6C7C0000 0x00010000 4
[2022-12-20 02:30:25] INFO     mem_cmp 0x4CFC0000 0x6CFC0000 0x00010000 4
[2022-12-20 02:30:32] INFO     mem_cmp 0x4D7C0000 0x6D7C0000 0x00010000 4
[2022-12-20 02:30:38] INFO     mem_cmp 0x4DFC0000 0x6DFC0000 0x00010000 4
[2022-12-20 02:30:45] INFO     mem_cmp 0x4E7C0000 0x6E7C0000 0x00010000 4
[2022-12-20 02:30:51] INFO     mem_cmp 0x4EFC0000 0x6EFC0000 0x00010000 4
[2022-12-20 02:30:58] INFO     mem_cmp 0x4F7C0000 0x6F7C0000 0x00010000 4
[2022-12-20 02:31:05] INFO     mem_cmp 0x4FFC0000 0x6FFC0000 0x00010000 4
[2022-12-20 02:31:11] INFO     mem_cmp 0x507C0000 0x707C0000 0x00010000 4
[2022-12-20 02:31:18] INFO     mem_cmp 0x50FC0000 0x70FC0000 0x00010000 4
[2022-12-20 02:31:24] INFO     mem_cmp 0x517C0000 0x717C0000 0x00010000 4
[2022-12-20 02:31:31] INFO     mem_cmp 0x51FC0000 0x71FC0000 0x00010000 4
[2022-12-20 02:31:37] INFO     mem_cmp 0x527C0000 0x727C0000 0x00010000 4
[2022-12-20 02:31:44] INFO     mem_cmp 0x52FC0000 0x72FC0000 0x00010000 4
[2022-12-20 02:31:51] INFO     mem_cmp 0x537C0000 0x737C0000 0x00010000 4
[2022-12-20 02:31:57] INFO     mem_cmp 0x53FC0000 0x73FC0000 0x00010000 4
[2022-12-20 02:32:04] INFO     mem_cmp 0x547C0000 0x747C0000 0x00010000 4
[2022-12-20 02:32:10] INFO     mem_cmp 0x54FC0000 0x74FC0000 0x00010000 4
[2022-12-20 02:32:17] INFO     mem_cmp 0x557C0000 0x757C0000 0x00010000 4
[2022-12-20 02:32:24] INFO     mem_cmp 0x55FC0000 0x75FC0000 0x00010000 4
[2022-12-20 02:32:31] INFO     mem_cmp 0x567C0000 0x767C0000 0x00010000 4
[2022-12-20 02:32:38] INFO     mem_cmp 0x56FC0000 0x76FC0000 0x00010000 4
[2022-12-20 02:32:44] INFO     mem_cmp 0x577C0000 0x777C0000 0x00010000 4
[2022-12-20 02:32:51] INFO     mem_cmp 0x57FC0000 0x77FC0000 0x00010000 4
[2022-12-20 02:32:57] INFO     mem_cmp 0x587C0000 0x787C0000 0x00010000 4
[2022-12-20 02:33:04] INFO     mem_cmp 0x58FC0000 0x78FC0000 0x00010000 4
[2022-12-20 02:33:11] INFO     mem_cmp 0x597C0000 0x797C0000 0x00010000 4
[2022-12-20 02:33:17] INFO     mem_cmp 0x59FC0000 0x79FC0000 0x00010000 4
[2022-12-20 02:33:24] INFO     mem_cmp 0x5A7C0000 0x7A7C0000 0x00010000 4
[2022-12-20 02:33:30] INFO     mem_cmp 0x5AFC0000 0x7AFC0000 0x00010000 4
[2022-12-20 02:33:37] INFO     mem_cmp 0x5B7C0000 0x7B7C0000 0x00010000 4
[2022-12-20 02:33:43] INFO     mem_cmp 0x5BFC0000 0x7BFC0000 0x00010000 4
[2022-12-20 02:33:50] INFO     mem_cmp 0x5C7C0000 0x7C7C0000 0x00010000 4
[2022-12-20 02:33:57] INFO     mem_cmp 0x5CFC0000 0x7CFC0000 0x00010000 4
[2022-12-20 02:34:03] INFO     mem_cmp 0x5D7C0000 0x7D7C0000 0x00010000 4
[2022-12-20 02:34:10] INFO     mem_cmp 0x5DFC0000 0x7DFC0000 0x00010000 4
[2022-12-20 02:34:17] INFO     mem_cmp 0x5E7C0000 0x7E7C0000 0x00010000 4
[2022-12-20 02:34:23] INFO     mem_cmp 0x5EFC0000 0x7EFC0000 0x00010000 4
[2022-12-20 02:34:30] INFO     mem_cmp 0x5F7C0000 0x7F7C0000 0x00010000 4
[2022-12-20 02:34:36] INFO     mem_cmp 0x5FFC0000 0x7FFC0000 0x00010000 4
[2022-12-20 02:34:36] INFO     STATE:Mem Compare State
[2022-12-20 02:34:43] INFO     mem_cmp 0x407C0000 0x607C0000 0x00010000 4
[2022-12-20 02:34:49] INFO     mem_cmp 0x40FC0000 0x60FC0000 0x00010000 4
[2022-12-20 02:34:56] INFO     mem_cmp 0x417C0000 0x617C0000 0x00010000 4
[2022-12-20 02:35:03] INFO     mem_cmp 0x41FC0000 0x61FC0000 0x00010000 4
[2022-12-20 02:35:10] INFO     mem_cmp 0x427C0000 0x627C0000 0x00010000 4
[2022-12-20 02:35:16] INFO     mem_cmp 0x42FC0000 0x62FC0000 0x00010000 4
[2022-12-20 02:35:23] INFO     mem_cmp 0x437C0000 0x637C0000 0x00010000 4
[2022-12-20 02:35:29] INFO     mem_cmp 0x43FC0000 0x63FC0000 0x00010000 4
[2022-12-20 02:35:36] INFO     mem_cmp 0x447C0000 0x647C0000 0x00010000 4
[2022-12-20 02:35:43] INFO     mem_cmp 0x44FC0000 0x64FC0000 0x00010000 4
[2022-12-20 02:35:49] INFO     mem_cmp 0x457C0000 0x657C0000 0x00010000 4
[2022-12-20 02:35:56] INFO     mem_cmp 0x45FC0000 0x65FC0000 0x00010000 4
[2022-12-20 02:36:02] INFO     mem_cmp 0x467C0000 0x667C0000 0x00010000 4
[2022-12-20 02:36:09] INFO     mem_cmp 0x46FC0000 0x66FC0000 0x00010000 4
[2022-12-20 02:36:16] INFO     mem_cmp 0x477C0000 0x677C0000 0x00010000 4
[2022-12-20 02:36:22] INFO     mem_cmp 0x47FC0000 0x67FC0000 0x00010000 4
[2022-12-20 02:36:29] INFO     mem_cmp 0x487C0000 0x687C0000 0x00010000 4
[2022-12-20 02:36:36] INFO     mem_cmp 0x48FC0000 0x68FC0000 0x00010000 4
[2022-12-20 02:36:42] INFO     mem_cmp 0x497C0000 0x697C0000 0x00010000 4
[2022-12-20 02:36:49] INFO     mem_cmp 0x49FC0000 0x69FC0000 0x00010000 4
[2022-12-20 02:36:55] INFO     mem_cmp 0x4A7C0000 0x6A7C0000 0x00010000 4
[2022-12-20 02:37:02] INFO     mem_cmp 0x4AFC0000 0x6AFC0000 0x00010000 4
[2022-12-20 02:37:08] INFO     mem_cmp 0x4B7C0000 0x6B7C0000 0x00010000 4
[2022-12-20 02:37:15] INFO     mem_cmp 0x4BFC0000 0x6BFC0000 0x00010000 4
[2022-12-20 02:37:22] INFO     mem_cmp 0x4C7C0000 0x6C7C0000 0x00010000 4
[2022-12-20 02:37:28] INFO     mem_cmp 0x4CFC0000 0x6CFC0000 0x00010000 4
[2022-12-20 02:37:35] INFO     mem_cmp 0x4D7C0000 0x6D7C0000 0x00010000 4
[2022-12-20 02:37:41] INFO     mem_cmp 0x4DFC0000 0x6DFC0000 0x00010000 4
[2022-12-20 02:37:48] INFO     mem_cmp 0x4E7C0000 0x6E7C0000 0x00010000 4
[2022-12-20 02:37:55] INFO     mem_cmp 0x4EFC0000 0x6EFC0000 0x00010000 4
[2022-12-20 02:38:02] INFO     mem_cmp 0x4F7C0000 0x6F7C0000 0x00010000 4
[2022-12-20 02:38:08] INFO     mem_cmp 0x4FFC0000 0x6FFC0000 0x00010000 4
[2022-12-20 02:38:14] INFO     mem_cmp 0x507C0000 0x707C0000 0x00010000 4
[2022-12-20 02:38:21] INFO     mem_cmp 0x50FC0000 0x70FC0000 0x00010000 4
[2022-12-20 02:38:28] INFO     mem_cmp 0x517C0000 0x717C0000 0x00010000 4
[2022-12-20 02:38:34] INFO     mem_cmp 0x51FC0000 0x71FC0000 0x00010000 4
[2022-12-20 02:38:41] INFO     mem_cmp 0x527C0000 0x727C0000 0x00010000 4
[2022-12-20 02:38:47] INFO     mem_cmp 0x52FC0000 0x72FC0000 0x00010000 4
[2022-12-20 02:38:54] INFO     mem_cmp 0x537C0000 0x737C0000 0x00010000 4
[2022-12-20 02:39:01] INFO     mem_cmp 0x53FC0000 0x73FC0000 0x00010000 4
[2022-12-20 02:39:07] INFO     mem_cmp 0x547C0000 0x747C0000 0x00010000 4
[2022-12-20 02:39:14] INFO     mem_cmp 0x54FC0000 0x74FC0000 0x00010000 4
[2022-12-20 02:39:21] INFO     mem_cmp 0x557C0000 0x757C0000 0x00010000 4
[2022-12-20 02:39:27] INFO     mem_cmp 0x55FC0000 0x75FC0000 0x00010000 4
[2022-12-20 02:39:34] INFO     mem_cmp 0x567C0000 0x767C0000 0x00010000 4
[2022-12-20 02:39:40] INFO     mem_cmp 0x56FC0000 0x76FC0000 0x00010000 4
[2022-12-20 02:39:47] INFO     mem_cmp 0x577C0000 0x777C0000 0x00010000 4
[2022-12-20 02:39:53] INFO     mem_cmp 0x57FC0000 0x77FC0000 0x00010000 4
[2022-12-20 02:40:00] INFO     mem_cmp 0x587C0000 0x787C0000 0x00010000 4
[2022-12-20 02:40:07] INFO     mem_cmp 0x58FC0000 0x78FC0000 0x00010000 4
[2022-12-20 02:40:13] INFO     mem_cmp 0x597C0000 0x797C0000 0x00010000 4
[2022-12-20 02:40:20] INFO     mem_cmp 0x59FC0000 0x79FC0000 0x00010000 4
[2022-12-20 02:40:27] INFO     mem_cmp 0x5A7C0000 0x7A7C0000 0x00010000 4
[2022-12-20 02:40:34] INFO     mem_cmp 0x5AFC0000 0x7AFC0000 0x00010000 4
[2022-12-20 02:40:40] INFO     mem_cmp 0x5B7C0000 0x7B7C0000 0x00010000 4
[2022-12-20 02:40:47] INFO     mem_cmp 0x5BFC0000 0x7BFC0000 0x00010000 4
[2022-12-20 02:40:53] INFO     mem_cmp 0x5C7C0000 0x7C7C0000 0x00010000 4
[2022-12-20 02:41:00] INFO     mem_cmp 0x5CFC0000 0x7CFC0000 0x00010000 4
[2022-12-20 02:41:07] INFO     mem_cmp 0x5D7C0000 0x7D7C0000 0x00010000 4
[2022-12-20 02:41:14] INFO     mem_cmp 0x5DFC0000 0x7DFC0000 0x00010000 4
[2022-12-20 02:41:20] INFO     mem_cmp 0x5E7C0000 0x7E7C0000 0x00010000 4
[2022-12-20 02:41:27] INFO     mem_cmp 0x5EFC0000 0x7EFC0000 0x00010000 4
[2022-12-20 02:41:34] INFO     mem_cmp 0x5F7C0000 0x7F7C0000 0x00010000 4
[2022-12-20 02:41:40] INFO     mem_cmp 0x5FFC0000 0x7FFC0000 0x00010000 4
[2022-12-20 02:41:41] INFO     STATE:Mem Compare State
[2022-12-20 02:41:47] INFO     mem_cmp 0x407C0000 0x607C0000 0x00010000 4
[2022-12-20 02:41:54] INFO     mem_cmp 0x40FC0000 0x60FC0000 0x00010000 4
[2022-12-20 02:42:00] INFO     mem_cmp 0x417C0000 0x617C0000 0x00010000 4
[2022-12-20 02:42:07] INFO     mem_cmp 0x41FC0000 0x61FC0000 0x00010000 4
[2022-12-20 02:42:14] INFO     mem_cmp 0x427C0000 0x627C0000 0x00010000 4
[2022-12-20 02:42:20] INFO     mem_cmp 0x42FC0000 0x62FC0000 0x00010000 4
[2022-12-20 02:42:27] INFO     mem_cmp 0x437C0000 0x637C0000 0x00010000 4
[2022-12-20 02:42:34] INFO     mem_cmp 0x43FC0000 0x63FC0000 0x00010000 4
[2022-12-20 02:42:40] INFO     mem_cmp 0x447C0000 0x647C0000 0x00010000 4
[2022-12-20 02:42:47] INFO     mem_cmp 0x44FC0000 0x64FC0000 0x00010000 4
[2022-12-20 02:42:54] INFO     mem_cmp 0x457C0000 0x657C0000 0x00010000 4
[2022-12-20 02:43:00] INFO     mem_cmp 0x45FC0000 0x65FC0000 0x00010000 4
[2022-12-20 02:43:07] INFO     mem_cmp 0x467C0000 0x667C0000 0x00010000 4
[2022-12-20 02:43:13] INFO     mem_cmp 0x46FC0000 0x66FC0000 0x00010000 4
[2022-12-20 02:43:20] INFO     mem_cmp 0x477C0000 0x677C0000 0x00010000 4
[2022-12-20 02:43:26] INFO     mem_cmp 0x47FC0000 0x67FC0000 0x00010000 4
[2022-12-20 02:43:33] INFO     mem_cmp 0x487C0000 0x687C0000 0x00010000 4
[2022-12-20 02:43:39] INFO     mem_cmp 0x48FC0000 0x68FC0000 0x00010000 4
[2022-12-20 02:43:46] INFO     mem_cmp 0x497C0000 0x697C0000 0x00010000 4
[2022-12-20 02:43:53] INFO     mem_cmp 0x49FC0000 0x69FC0000 0x00010000 4
[2022-12-20 02:44:00] INFO     mem_cmp 0x4A7C0000 0x6A7C0000 0x00010000 4
[2022-12-20 02:44:06] INFO     mem_cmp 0x4AFC0000 0x6AFC0000 0x00010000 4
[2022-12-20 02:44:13] INFO     mem_cmp 0x4B7C0000 0x6B7C0000 0x00010000 4
[2022-12-20 02:44:19] INFO     mem_cmp 0x4BFC0000 0x6BFC0000 0x00010000 4
[2022-12-20 02:44:26] INFO     mem_cmp 0x4C7C0000 0x6C7C0000 0x00010000 4
[2022-12-20 02:44:32] INFO     mem_cmp 0x4CFC0000 0x6CFC0000 0x00010000 4
[2022-12-20 02:44:39] INFO     mem_cmp 0x4D7C0000 0x6D7C0000 0x00010000 4
[2022-12-20 02:44:45] INFO     mem_cmp 0x4DFC0000 0x6DFC0000 0x00010000 4
[2022-12-20 02:44:52] INFO     mem_cmp 0x4E7C0000 0x6E7C0000 0x00010000 4
[2022-12-20 02:44:59] INFO     mem_cmp 0x4EFC0000 0x6EFC0000 0x00010000 4
[2022-12-20 02:45:05] INFO     mem_cmp 0x4F7C0000 0x6F7C0000 0x00010000 4
[2022-12-20 02:45:12] INFO     mem_cmp 0x4FFC0000 0x6FFC0000 0x00010000 4
[2022-12-20 02:45:18] INFO     mem_cmp 0x507C0000 0x707C0000 0x00010000 4
[2022-12-20 02:45:25] INFO     mem_cmp 0x50FC0000 0x70FC0000 0x00010000 4
[2022-12-20 02:45:32] INFO     mem_cmp 0x517C0000 0x717C0000 0x00010000 4
[2022-12-20 02:45:39] INFO     mem_cmp 0x51FC0000 0x71FC0000 0x00010000 4
[2022-12-20 02:45:46] INFO     mem_cmp 0x527C0000 0x727C0000 0x00010000 4
[2022-12-20 02:45:52] INFO     mem_cmp 0x52FC0000 0x72FC0000 0x00010000 4
[2022-12-20 02:45:59] INFO     mem_cmp 0x537C0000 0x737C0000 0x00010000 4
[2022-12-20 02:46:05] INFO     mem_cmp 0x53FC0000 0x73FC0000 0x00010000 4
[2022-12-20 02:46:12] INFO     mem_cmp 0x547C0000 0x747C0000 0x00010000 4
[2022-12-20 02:46:19] INFO     mem_cmp 0x54FC0000 0x74FC0000 0x00010000 4
[2022-12-20 02:46:26] INFO     mem_cmp 0x557C0000 0x757C0000 0x00010000 4
[2022-12-20 02:46:33] INFO     mem_cmp 0x55FC0000 0x75FC0000 0x00010000 4
[2022-12-20 02:46:39] INFO     mem_cmp 0x567C0000 0x767C0000 0x00010000 4
[2022-12-20 02:46:46] INFO     mem_cmp 0x56FC0000 0x76FC0000 0x00010000 4
[2022-12-20 02:46:52] INFO     mem_cmp 0x577C0000 0x777C0000 0x00010000 4
[2022-12-20 02:46:59] INFO     mem_cmp 0x57FC0000 0x77FC0000 0x00010000 4
[2022-12-20 02:47:06] INFO     mem_cmp 0x587C0000 0x787C0000 0x00010000 4
[2022-12-20 02:47:12] INFO     mem_cmp 0x58FC0000 0x78FC0000 0x00010000 4
[2022-12-20 02:47:19] INFO     mem_cmp 0x597C0000 0x797C0000 0x00010000 4
[2022-12-20 02:47:26] INFO     mem_cmp 0x59FC0000 0x79FC0000 0x00010000 4
[2022-12-20 02:47:32] INFO     mem_cmp 0x5A7C0000 0x7A7C0000 0x00010000 4
[2022-12-20 02:47:39] INFO     mem_cmp 0x5AFC0000 0x7AFC0000 0x00010000 4
[2022-12-20 02:47:46] INFO     mem_cmp 0x5B7C0000 0x7B7C0000 0x00010000 4
[2022-12-20 02:47:53] INFO     mem_cmp 0x5BFC0000 0x7BFC0000 0x00010000 4
[2022-12-20 02:47:59] INFO     mem_cmp 0x5C7C0000 0x7C7C0000 0x00010000 4
[2022-12-20 02:48:06] INFO     mem_cmp 0x5CFC0000 0x7CFC0000 0x00010000 4
[2022-12-20 02:48:13] INFO     mem_cmp 0x5D7C0000 0x7D7C0000 0x00010000 4
[2022-12-20 02:48:19] INFO     mem_cmp 0x5DFC0000 0x7DFC0000 0x00010000 4
[2022-12-20 02:48:26] INFO     mem_cmp 0x5E7C0000 0x7E7C0000 0x00010000 4
[2022-12-20 02:48:33] INFO     mem_cmp 0x5EFC0000 0x7EFC0000 0x00010000 4
[2022-12-20 02:48:39] INFO     mem_cmp 0x5F7C0000 0x7F7C0000 0x00010000 4
[2022-12-20 02:48:46] INFO     mem_cmp 0x5FFC0000 0x7FFC0000 0x00010000 4
[2022-12-20 02:48:46] INFO     STATE:Mem Compare State
[2022-12-20 02:48:53] INFO     mem_cmp 0x407C0000 0x607C0000 0x00010000 4
[2022-12-20 02:48:59] INFO     mem_cmp 0x40FC0000 0x60FC0000 0x00010000 4
[2022-12-20 02:49:06] INFO     mem_cmp 0x417C0000 0x617C0000 0x00010000 4
[2022-12-20 02:49:13] INFO     mem_cmp 0x41FC0000 0x61FC0000 0x00010000 4
[2022-12-20 02:49:20] INFO     mem_cmp 0x427C0000 0x627C0000 0x00010000 4
[2022-12-20 02:49:27] INFO     mem_cmp 0x42FC0000 0x62FC0000 0x00010000 4
[2022-12-20 02:49:33] INFO     mem_cmp 0x437C0000 0x637C0000 0x00010000 4
[2022-12-20 02:49:40] INFO     mem_cmp 0x43FC0000 0x63FC0000 0x00010000 4
[2022-12-20 02:49:47] INFO     mem_cmp 0x447C0000 0x647C0000 0x00010000 4
[2022-12-20 02:49:53] INFO     mem_cmp 0x44FC0000 0x64FC0000 0x00010000 4
[2022-12-20 02:50:00] INFO     mem_cmp 0x457C0000 0x657C0000 0x00010000 4
[2022-12-20 02:50:06] INFO     mem_cmp 0x45FC0000 0x65FC0000 0x00010000 4
[2022-12-20 02:50:13] INFO     mem_cmp 0x467C0000 0x667C0000 0x00010000 4
[2022-12-20 02:50:20] INFO     mem_cmp 0x46FC0000 0x66FC0000 0x00010000 4
[2022-12-20 02:50:26] INFO     mem_cmp 0x477C0000 0x677C0000 0x00010000 4
[2022-12-20 02:50:33] INFO     mem_cmp 0x47FC0000 0x67FC0000 0x00010000 4
[2022-12-20 02:50:39] INFO     mem_cmp 0x487C0000 0x687C0000 0x00010000 4
[2022-12-20 02:50:46] INFO     mem_cmp 0x48FC0000 0x68FC0000 0x00010000 4
[2022-12-20 02:50:52] INFO     mem_cmp 0x497C0000 0x697C0000 0x00010000 4
[2022-12-20 02:50:59] INFO     mem_cmp 0x49FC0000 0x69FC0000 0x00010000 4
[2022-12-20 02:51:06] INFO     mem_cmp 0x4A7C0000 0x6A7C0000 0x00010000 4
[2022-12-20 02:51:12] INFO     mem_cmp 0x4AFC0000 0x6AFC0000 0x00010000 4
[2022-12-20 02:51:19] INFO     mem_cmp 0x4B7C0000 0x6B7C0000 0x00010000 4
[2022-12-20 02:51:26] INFO     mem_cmp 0x4BFC0000 0x6BFC0000 0x00010000 4
[2022-12-20 02:51:32] INFO     mem_cmp 0x4C7C0000 0x6C7C0000 0x00010000 4
[2022-12-20 02:51:39] INFO     mem_cmp 0x4CFC0000 0x6CFC0000 0x00010000 4
[2022-12-20 02:51:46] INFO     mem_cmp 0x4D7C0000 0x6D7C0000 0x00010000 4
[2022-12-20 02:51:52] INFO     mem_cmp 0x4DFC0000 0x6DFC0000 0x00010000 4
[2022-12-20 02:51:59] INFO     mem_cmp 0x4E7C0000 0x6E7C0000 0x00010000 4
[2022-12-20 02:52:06] INFO     mem_cmp 0x4EFC0000 0x6EFC0000 0x00010000 4
[2022-12-20 02:52:13] INFO     mem_cmp 0x4F7C0000 0x6F7C0000 0x00010000 4
[2022-12-20 02:52:19] INFO     mem_cmp 0x4FFC0000 0x6FFC0000 0x00010000 4
[2022-12-20 02:52:26] INFO     mem_cmp 0x507C0000 0x707C0000 0x00010000 4
[2022-12-20 02:52:33] INFO     mem_cmp 0x50FC0000 0x70FC0000 0x00010000 4
[2022-12-20 02:52:39] INFO     mem_cmp 0x517C0000 0x717C0000 0x00010000 4
[2022-12-20 02:52:46] INFO     mem_cmp 0x51FC0000 0x71FC0000 0x00010000 4
[2022-12-20 02:52:53] INFO     mem_cmp 0x527C0000 0x727C0000 0x00010000 4
[2022-12-20 02:52:59] INFO     mem_cmp 0x52FC0000 0x72FC0000 0x00010000 4
[2022-12-20 02:53:05] INFO     mem_cmp 0x537C0000 0x737C0000 0x00010000 4
[2022-12-20 02:53:12] INFO     mem_cmp 0x53FC0000 0x73FC0000 0x00010000 4
[2022-12-20 02:53:19] INFO     mem_cmp 0x547C0000 0x747C0000 0x00010000 4
[2022-12-20 02:53:25] INFO     mem_cmp 0x54FC0000 0x74FC0000 0x00010000 4
[2022-12-20 02:53:32] INFO     mem_cmp 0x557C0000 0x757C0000 0x00010000 4
[2022-12-20 02:53:39] INFO     mem_cmp 0x55FC0000 0x75FC0000 0x00010000 4
[2022-12-20 02:53:45] INFO     mem_cmp 0x567C0000 0x767C0000 0x00010000 4
[2022-12-20 02:53:52] INFO     mem_cmp 0x56FC0000 0x76FC0000 0x00010000 4
[2022-12-20 02:53:58] INFO     mem_cmp 0x577C0000 0x777C0000 0x00010000 4
[2022-12-20 02:54:05] INFO     mem_cmp 0x57FC0000 0x77FC0000 0x00010000 4
[2022-12-20 02:54:11] INFO     mem_cmp 0x587C0000 0x787C0000 0x00010000 4
[2022-12-20 02:54:18] INFO     mem_cmp 0x58FC0000 0x78FC0000 0x00010000 4
[2022-12-20 02:54:24] INFO     mem_cmp 0x597C0000 0x797C0000 0x00010000 4
[2022-12-20 02:54:31] INFO     mem_cmp 0x59FC0000 0x79FC0000 0x00010000 4
[2022-12-20 02:54:37] INFO     mem_cmp 0x5A7C0000 0x7A7C0000 0x00010000 4
[2022-12-20 02:54:44] INFO     mem_cmp 0x5AFC0000 0x7AFC0000 0x00010000 4
[2022-12-20 02:54:51] INFO     mem_cmp 0x5B7C0000 0x7B7C0000 0x00010000 4
[2022-12-20 02:54:57] INFO     mem_cmp 0x5BFC0000 0x7BFC0000 0x00010000 4
[2022-12-20 02:55:04] INFO     mem_cmp 0x5C7C0000 0x7C7C0000 0x00010000 4
[2022-12-20 02:55:11] INFO     mem_cmp 0x5CFC0000 0x7CFC0000 0x00010000 4
[2022-12-20 02:55:17] INFO     mem_cmp 0x5D7C0000 0x7D7C0000 0x00010000 4
[2022-12-20 02:55:24] INFO     mem_cmp 0x5DFC0000 0x7DFC0000 0x00010000 4
[2022-12-20 02:55:31] INFO     mem_cmp 0x5E7C0000 0x7E7C0000 0x00010000 4
[2022-12-20 02:55:37] INFO     mem_cmp 0x5EFC0000 0x7EFC0000 0x00010000 4
[2022-12-20 02:55:44] INFO     mem_cmp 0x5F7C0000 0x7F7C0000 0x00010000 4
[2022-12-20 02:55:51] INFO     mem_cmp 0x5FFC0000 0x7FFC0000 0x00010000 4
[2022-12-20 02:55:51] INFO     STATE:Mem Compare State
[2022-12-20 02:55:57] INFO     mem_cmp 0x407C0000 0x607C0000 0x00010000 4
[2022-12-20 02:56:04] INFO     mem_cmp 0x40FC0000 0x60FC0000 0x00010000 4
[2022-12-20 02:56:10] INFO     mem_cmp 0x417C0000 0x617C0000 0x00010000 4
[2022-12-20 02:56:17] INFO     mem_cmp 0x41FC0000 0x61FC0000 0x00010000 4
[2022-12-20 02:56:23] INFO     mem_cmp 0x427C0000 0x627C0000 0x00010000 4
[2022-12-20 02:56:30] INFO     mem_cmp 0x42FC0000 0x62FC0000 0x00010000 4
[2022-12-20 02:56:37] INFO     mem_cmp 0x437C0000 0x637C0000 0x00010000 4
[2022-12-20 02:56:43] INFO     mem_cmp 0x43FC0000 0x63FC0000 0x00010000 4
[2022-12-20 02:56:50] INFO     mem_cmp 0x447C0000 0x647C0000 0x00010000 4
[2022-12-20 02:56:57] INFO     mem_cmp 0x44FC0000 0x64FC0000 0x00010000 4
[2022-12-20 02:57:03] INFO     mem_cmp 0x457C0000 0x657C0000 0x00010000 4
[2022-12-20 02:57:10] INFO     mem_cmp 0x45FC0000 0x65FC0000 0x00010000 4
[2022-12-20 02:57:17] INFO     mem_cmp 0x467C0000 0x667C0000 0x00010000 4
[2022-12-20 02:57:23] INFO     mem_cmp 0x46FC0000 0x66FC0000 0x00010000 4
[2022-12-20 02:57:30] INFO     mem_cmp 0x477C0000 0x677C0000 0x00010000 4
[2022-12-20 02:57:37] INFO     mem_cmp 0x47FC0000 0x67FC0000 0x00010000 4
[2022-12-20 02:57:43] INFO     mem_cmp 0x487C0000 0x687C0000 0x00010000 4
[2022-12-20 02:57:50] INFO     mem_cmp 0x48FC0000 0x68FC0000 0x00010000 4
[2022-12-20 02:57:57] INFO     mem_cmp 0x497C0000 0x697C0000 0x00010000 4
[2022-12-20 02:58:04] INFO     mem_cmp 0x49FC0000 0x69FC0000 0x00010000 4
[2022-12-20 02:58:10] INFO     mem_cmp 0x4A7C0000 0x6A7C0000 0x00010000 4
[2022-12-20 02:58:17] INFO     mem_cmp 0x4AFC0000 0x6AFC0000 0x00010000 4
[2022-12-20 02:58:24] INFO     mem_cmp 0x4B7C0000 0x6B7C0000 0x00010000 4
[2022-12-20 02:58:30] INFO     mem_cmp 0x4BFC0000 0x6BFC0000 0x00010000 4
[2022-12-20 02:58:37] INFO     mem_cmp 0x4C7C0000 0x6C7C0000 0x00010000 4
[2022-12-20 02:58:43] INFO     mem_cmp 0x4CFC0000 0x6CFC0000 0x00010000 4
[2022-12-20 02:58:50] INFO     mem_cmp 0x4D7C0000 0x6D7C0000 0x00010000 4
[2022-12-20 02:58:57] INFO     mem_cmp 0x4DFC0000 0x6DFC0000 0x00010000 4
[2022-12-20 02:59:03] INFO     mem_cmp 0x4E7C0000 0x6E7C0000 0x00010000 4
[2022-12-20 02:59:10] INFO     mem_cmp 0x4EFC0000 0x6EFC0000 0x00010000 4
[2022-12-20 02:59:17] INFO     mem_cmp 0x4F7C0000 0x6F7C0000 0x00010000 4
[2022-12-20 02:59:23] INFO     mem_cmp 0x4FFC0000 0x6FFC0000 0x00010000 4
[2022-12-20 02:59:30] INFO     mem_cmp 0x507C0000 0x707C0000 0x00010000 4
[2022-12-20 02:59:37] INFO     mem_cmp 0x50FC0000 0x70FC0000 0x00010000 4
[2022-12-20 02:59:43] INFO     mem_cmp 0x517C0000 0x717C0000 0x00010000 4
[2022-12-20 02:59:50] INFO     mem_cmp 0x51FC0000 0x71FC0000 0x00010000 4
[2022-12-20 02:59:57] INFO     mem_cmp 0x527C0000 0x727C0000 0x00010000 4
[2022-12-20 03:00:03] INFO     mem_cmp 0x52FC0000 0x72FC0000 0x00010000 4
[2022-12-20 03:00:10] INFO     mem_cmp 0x537C0000 0x737C0000 0x00010000 4
[2022-12-20 03:00:17] INFO     mem_cmp 0x53FC0000 0x73FC0000 0x00010000 4
[2022-12-20 03:00:23] INFO     mem_cmp 0x547C0000 0x747C0000 0x00010000 4
[2022-12-20 03:00:30] INFO     mem_cmp 0x54FC0000 0x74FC0000 0x00010000 4
[2022-12-20 03:00:37] INFO     mem_cmp 0x557C0000 0x757C0000 0x00010000 4
[2022-12-20 03:00:43] INFO     mem_cmp 0x55FC0000 0x75FC0000 0x00010000 4
[2022-12-20 03:00:50] INFO     mem_cmp 0x567C0000 0x767C0000 0x00010000 4
[2022-12-20 03:00:56] INFO     mem_cmp 0x56FC0000 0x76FC0000 0x00010000 4
[2022-12-20 03:01:03] INFO     mem_cmp 0x577C0000 0x777C0000 0x00010000 4
[2022-12-20 03:01:10] INFO     mem_cmp 0x57FC0000 0x77FC0000 0x00010000 4
[2022-12-20 03:01:16] INFO     mem_cmp 0x587C0000 0x787C0000 0x00010000 4
[2022-12-20 03:01:23] INFO     mem_cmp 0x58FC0000 0x78FC0000 0x00010000 4
[2022-12-20 03:01:30] INFO     mem_cmp 0x597C0000 0x797C0000 0x00010000 4
[2022-12-20 03:01:36] INFO     mem_cmp 0x59FC0000 0x79FC0000 0x00010000 4
[2022-12-20 03:01:43] INFO     mem_cmp 0x5A7C0000 0x7A7C0000 0x00010000 4
[2022-12-20 03:01:50] INFO     mem_cmp 0x5AFC0000 0x7AFC0000 0x00010000 4
[2022-12-20 03:01:56] INFO     mem_cmp 0x5B7C0000 0x7B7C0000 0x00010000 4
[2022-12-20 03:02:03] INFO     mem_cmp 0x5BFC0000 0x7BFC0000 0x00010000 4
[2022-12-20 03:02:09] INFO     mem_cmp 0x5C7C0000 0x7C7C0000 0x00010000 4
[2022-12-20 03:02:16] INFO     mem_cmp 0x5CFC0000 0x7CFC0000 0x00010000 4
[2022-12-20 03:02:22] INFO     mem_cmp 0x5D7C0000 0x7D7C0000 0x00010000 4
[2022-12-20 03:02:29] INFO     mem_cmp 0x5DFC0000 0x7DFC0000 0x00010000 4
[2022-12-20 03:02:35] INFO     mem_cmp 0x5E7C0000 0x7E7C0000 0x00010000 4
[2022-12-20 03:02:42] INFO     mem_cmp 0x5EFC0000 0x7EFC0000 0x00010000 4
[2022-12-20 03:02:49] INFO     mem_cmp 0x5F7C0000 0x7F7C0000 0x00010000 4
[2022-12-20 03:02:56] INFO     mem_cmp 0x5FFC0000 0x7FFC0000 0x00010000 4
[2022-12-20 03:02:56] INFO     STATE:Mem Compare State
[2022-12-20 03:03:02] INFO     mem_cmp 0x407C0000 0x607C0000 0x00010000 4
[2022-12-20 03:03:09] INFO     mem_cmp 0x40FC0000 0x60FC0000 0x00010000 4
[2022-12-20 03:03:15] INFO     mem_cmp 0x417C0000 0x617C0000 0x00010000 4
[2022-12-20 03:03:22] INFO     mem_cmp 0x41FC0000 0x61FC0000 0x00010000 4
[2022-12-20 03:03:28] INFO     mem_cmp 0x427C0000 0x627C0000 0x00010000 4
[2022-12-20 03:03:35] INFO     mem_cmp 0x42FC0000 0x62FC0000 0x00010000 4
[2022-12-20 03:03:42] INFO     mem_cmp 0x437C0000 0x637C0000 0x00010000 4
[2022-12-20 03:03:48] INFO     mem_cmp 0x43FC0000 0x63FC0000 0x00010000 4
[2022-12-20 03:03:54] INFO     mem_cmp 0x447C0000 0x647C0000 0x00010000 4
[2022-12-20 03:04:01] INFO     mem_cmp 0x44FC0000 0x64FC0000 0x00010000 4
[2022-12-20 03:04:08] INFO     mem_cmp 0x457C0000 0x657C0000 0x00010000 4
[2022-12-20 03:04:14] INFO     mem_cmp 0x45FC0000 0x65FC0000 0x00010000 4
[2022-12-20 03:04:21] INFO     mem_cmp 0x467C0000 0x667C0000 0x00010000 4
[2022-12-20 03:04:27] INFO     mem_cmp 0x46FC0000 0x66FC0000 0x00010000 4
[2022-12-20 03:04:34] INFO     mem_cmp 0x477C0000 0x677C0000 0x00010000 4
[2022-12-20 03:04:41] INFO     mem_cmp 0x47FC0000 0x67FC0000 0x00010000 4
[2022-12-20 03:04:47] INFO     mem_cmp 0x487C0000 0x687C0000 0x00010000 4
[2022-12-20 03:04:54] INFO     mem_cmp 0x48FC0000 0x68FC0000 0x00010000 4
[2022-12-20 03:05:01] INFO     mem_cmp 0x497C0000 0x697C0000 0x00010000 4
[2022-12-20 03:05:07] INFO     mem_cmp 0x49FC0000 0x69FC0000 0x00010000 4
[2022-12-20 03:05:14] INFO     mem_cmp 0x4A7C0000 0x6A7C0000 0x00010000 4
[2022-12-20 03:05:20] INFO     mem_cmp 0x4AFC0000 0x6AFC0000 0x00010000 4
[2022-12-20 03:05:27] INFO     mem_cmp 0x4B7C0000 0x6B7C0000 0x00010000 4
[2022-12-20 03:05:34] INFO     mem_cmp 0x4BFC0000 0x6BFC0000 0x00010000 4
[2022-12-20 03:05:40] INFO     mem_cmp 0x4C7C0000 0x6C7C0000 0x00010000 4
[2022-12-20 03:05:47] INFO     mem_cmp 0x4CFC0000 0x6CFC0000 0x00010000 4
[2022-12-20 03:05:53] INFO     mem_cmp 0x4D7C0000 0x6D7C0000 0x00010000 4
[2022-12-20 03:06:00] INFO     mem_cmp 0x4DFC0000 0x6DFC0000 0x00010000 4
[2022-12-20 03:06:07] INFO     mem_cmp 0x4E7C0000 0x6E7C0000 0x00010000 4
[2022-12-20 03:06:13] INFO     mem_cmp 0x4EFC0000 0x6EFC0000 0x00010000 4
[2022-12-20 03:06:20] INFO     mem_cmp 0x4F7C0000 0x6F7C0000 0x00010000 4
[2022-12-20 03:06:26] INFO     mem_cmp 0x4FFC0000 0x6FFC0000 0x00010000 4
[2022-12-20 03:06:33] INFO     mem_cmp 0x507C0000 0x707C0000 0x00010000 4
[2022-12-20 03:06:39] INFO     mem_cmp 0x50FC0000 0x70FC0000 0x00010000 4
[2022-12-20 03:06:46] INFO     mem_cmp 0x517C0000 0x717C0000 0x00010000 4
[2022-12-20 03:06:53] INFO     mem_cmp 0x51FC0000 0x71FC0000 0x00010000 4
[2022-12-20 03:06:59] INFO     mem_cmp 0x527C0000 0x727C0000 0x00010000 4
[2022-12-20 03:07:06] INFO     mem_cmp 0x52FC0000 0x72FC0000 0x00010000 4
[2022-12-20 03:07:12] INFO     mem_cmp 0x537C0000 0x737C0000 0x00010000 4
[2022-12-20 03:07:19] INFO     mem_cmp 0x53FC0000 0x73FC0000 0x00010000 4
[2022-12-20 03:07:26] INFO     mem_cmp 0x547C0000 0x747C0000 0x00010000 4
[2022-12-20 03:07:33] INFO     mem_cmp 0x54FC0000 0x74FC0000 0x00010000 4
[2022-12-20 03:07:39] INFO     mem_cmp 0x557C0000 0x757C0000 0x00010000 4
[2022-12-20 03:07:46] INFO     mem_cmp 0x55FC0000 0x75FC0000 0x00010000 4
[2022-12-20 03:07:53] INFO     mem_cmp 0x567C0000 0x767C0000 0x00010000 4
[2022-12-20 03:07:59] INFO     mem_cmp 0x56FC0000 0x76FC0000 0x00010000 4
[2022-12-20 03:08:05] INFO     mem_cmp 0x577C0000 0x777C0000 0x00010000 4
[2022-12-20 03:08:12] INFO     mem_cmp 0x57FC0000 0x77FC0000 0x00010000 4
[2022-12-20 03:08:19] INFO     mem_cmp 0x587C0000 0x787C0000 0x00010000 4
[2022-12-20 03:08:26] INFO     mem_cmp 0x58FC0000 0x78FC0000 0x00010000 4
[2022-12-20 03:08:32] INFO     mem_cmp 0x597C0000 0x797C0000 0x00010000 4
[2022-12-20 03:08:39] INFO     mem_cmp 0x59FC0000 0x79FC0000 0x00010000 4
[2022-12-20 03:08:45] INFO     mem_cmp 0x5A7C0000 0x7A7C0000 0x00010000 4
[2022-12-20 03:08:51] INFO     mem_cmp 0x5AFC0000 0x7AFC0000 0x00010000 4
[2022-12-20 03:08:58] INFO     mem_cmp 0x5B7C0000 0x7B7C0000 0x00010000 4
[2022-12-20 03:09:05] INFO     mem_cmp 0x5BFC0000 0x7BFC0000 0x00010000 4
[2022-12-20 03:09:12] INFO     mem_cmp 0x5C7C0000 0x7C7C0000 0x00010000 4
[2022-12-20 03:09:18] INFO     mem_cmp 0x5CFC0000 0x7CFC0000 0x00010000 4
[2022-12-20 03:09:25] INFO     mem_cmp 0x5D7C0000 0x7D7C0000 0x00010000 4
[2022-12-20 03:09:32] INFO     mem_cmp 0x5DFC0000 0x7DFC0000 0x00010000 4
[2022-12-20 03:09:38] INFO     mem_cmp 0x5E7C0000 0x7E7C0000 0x00010000 4
[2022-12-20 03:09:45] INFO     mem_cmp 0x5EFC0000 0x7EFC0000 0x00010000 4
[2022-12-20 03:09:52] INFO     mem_cmp 0x5F7C0000 0x7F7C0000 0x00010000 4
[2022-12-20 03:09:58] INFO     mem_cmp 0x5FFC0000 0x7FFC0000 0x00010000 4
[2022-12-20 03:09:59] INFO     STATE:Mem Compare State
[2022-12-20 03:10:05] INFO     mem_cmp 0x407C0000 0x607C0000 0x00010000 4
[2022-12-20 03:10:12] INFO     mem_cmp 0x40FC0000 0x60FC0000 0x00010000 4
[2022-12-20 03:10:18] INFO     mem_cmp 0x417C0000 0x617C0000 0x00010000 4
[2022-12-20 03:10:25] INFO     mem_cmp 0x41FC0000 0x61FC0000 0x00010000 4
[2022-12-20 03:10:32] INFO     mem_cmp 0x427C0000 0x627C0000 0x00010000 4
[2022-12-20 03:10:38] INFO     mem_cmp 0x42FC0000 0x62FC0000 0x00010000 4
[2022-12-20 03:10:45] INFO     mem_cmp 0x437C0000 0x637C0000 0x00010000 4
[2022-12-20 03:10:51] INFO     mem_cmp 0x43FC0000 0x63FC0000 0x00010000 4
[2022-12-20 03:10:58] INFO     mem_cmp 0x447C0000 0x647C0000 0x00010000 4
[2022-12-20 03:11:04] INFO     mem_cmp 0x44FC0000 0x64FC0000 0x00010000 4
[2022-12-20 03:11:11] INFO     mem_cmp 0x457C0000 0x657C0000 0x00010000 4
[2022-12-20 03:11:17] INFO     mem_cmp 0x45FC0000 0x65FC0000 0x00010000 4
[2022-12-20 03:11:24] INFO     mem_cmp 0x467C0000 0x667C0000 0x00010000 4
[2022-12-20 03:11:31] INFO     mem_cmp 0x46FC0000 0x66FC0000 0x00010000 4
[2022-12-20 03:11:37] INFO     mem_cmp 0x477C0000 0x677C0000 0x00010000 4
[2022-12-20 03:11:44] INFO     mem_cmp 0x47FC0000 0x67FC0000 0x00010000 4
[2022-12-20 03:11:50] INFO     mem_cmp 0x487C0000 0x687C0000 0x00010000 4
[2022-12-20 03:11:57] INFO     mem_cmp 0x48FC0000 0x68FC0000 0x00010000 4
[2022-12-20 03:12:03] INFO     mem_cmp 0x497C0000 0x697C0000 0x00010000 4
[2022-12-20 03:12:10] INFO     mem_cmp 0x49FC0000 0x69FC0000 0x00010000 4
[2022-12-20 03:12:17] INFO     mem_cmp 0x4A7C0000 0x6A7C0000 0x00010000 4
[2022-12-20 03:12:24] INFO     mem_cmp 0x4AFC0000 0x6AFC0000 0x00010000 4
[2022-12-20 03:12:30] INFO     mem_cmp 0x4B7C0000 0x6B7C0000 0x00010000 4
[2022-12-20 03:12:37] INFO     mem_cmp 0x4BFC0000 0x6BFC0000 0x00010000 4
[2022-12-20 03:12:44] INFO     mem_cmp 0x4C7C0000 0x6C7C0000 0x00010000 4
[2022-12-20 03:12:51] INFO     mem_cmp 0x4CFC0000 0x6CFC0000 0x00010000 4
[2022-12-20 03:12:57] INFO     mem_cmp 0x4D7C0000 0x6D7C0000 0x00010000 4
[2022-12-20 03:13:04] INFO     mem_cmp 0x4DFC0000 0x6DFC0000 0x00010000 4
[2022-12-20 03:13:10] INFO     mem_cmp 0x4E7C0000 0x6E7C0000 0x00010000 4
[2022-12-20 03:13:17] INFO     mem_cmp 0x4EFC0000 0x6EFC0000 0x00010000 4
[2022-12-20 03:13:24] INFO     mem_cmp 0x4F7C0000 0x6F7C0000 0x00010000 4
[2022-12-20 03:13:30] INFO     mem_cmp 0x4FFC0000 0x6FFC0000 0x00010000 4
[2022-12-20 03:13:37] INFO     mem_cmp 0x507C0000 0x707C0000 0x00010000 4
[2022-12-20 03:13:43] INFO     mem_cmp 0x50FC0000 0x70FC0000 0x00010000 4
[2022-12-20 03:13:50] INFO     mem_cmp 0x517C0000 0x717C0000 0x00010000 4
[2022-12-20 03:13:57] INFO     mem_cmp 0x51FC0000 0x71FC0000 0x00010000 4
[2022-12-20 03:14:03] INFO     mem_cmp 0x527C0000 0x727C0000 0x00010000 4
[2022-12-20 03:14:10] INFO     mem_cmp 0x52FC0000 0x72FC0000 0x00010000 4
[2022-12-20 03:14:17] INFO     mem_cmp 0x537C0000 0x737C0000 0x00010000 4
[2022-12-20 03:14:24] INFO     mem_cmp 0x53FC0000 0x73FC0000 0x00010000 4
[2022-12-20 03:14:30] INFO     mem_cmp 0x547C0000 0x747C0000 0x00010000 4
[2022-12-20 03:14:37] INFO     mem_cmp 0x54FC0000 0x74FC0000 0x00010000 4
[2022-12-20 03:14:43] INFO     mem_cmp 0x557C0000 0x757C0000 0x00010000 4
[2022-12-20 03:14:50] INFO     mem_cmp 0x55FC0000 0x75FC0000 0x00010000 4
[2022-12-20 03:14:57] INFO     mem_cmp 0x567C0000 0x767C0000 0x00010000 4
[2022-12-20 03:15:03] INFO     mem_cmp 0x56FC0000 0x76FC0000 0x00010000 4
[2022-12-20 03:15:10] INFO     mem_cmp 0x577C0000 0x777C0000 0x00010000 4
[2022-12-20 03:15:16] INFO     mem_cmp 0x57FC0000 0x77FC0000 0x00010000 4
[2022-12-20 03:15:23] INFO     mem_cmp 0x587C0000 0x787C0000 0x00010000 4
[2022-12-20 03:15:30] INFO     mem_cmp 0x58FC0000 0x78FC0000 0x00010000 4
[2022-12-20 03:15:37] INFO     mem_cmp 0x597C0000 0x797C0000 0x00010000 4
[2022-12-20 03:15:43] INFO     mem_cmp 0x59FC0000 0x79FC0000 0x00010000 4
[2022-12-20 03:15:50] INFO     mem_cmp 0x5A7C0000 0x7A7C0000 0x00010000 4
[2022-12-20 03:15:57] INFO     mem_cmp 0x5AFC0000 0x7AFC0000 0x00010000 4
[2022-12-20 03:16:03] INFO     mem_cmp 0x5B7C0000 0x7B7C0000 0x00010000 4
[2022-12-20 03:16:10] INFO     mem_cmp 0x5BFC0000 0x7BFC0000 0x00010000 4
[2022-12-20 03:16:16] INFO     mem_cmp 0x5C7C0000 0x7C7C0000 0x00010000 4
[2022-12-20 03:16:23] INFO     mem_cmp 0x5CFC0000 0x7CFC0000 0x00010000 4
[2022-12-20 03:16:30] INFO     mem_cmp 0x5D7C0000 0x7D7C0000 0x00010000 4
[2022-12-20 03:16:37] INFO     mem_cmp 0x5DFC0000 0x7DFC0000 0x00010000 4
[2022-12-20 03:16:44] INFO     mem_cmp 0x5E7C0000 0x7E7C0000 0x00010000 4
[2022-12-20 03:16:50] INFO     mem_cmp 0x5EFC0000 0x7EFC0000 0x00010000 4
[2022-12-20 03:16:57] INFO     mem_cmp 0x5F7C0000 0x7F7C0000 0x00010000 4
[2022-12-20 03:17:03] INFO     mem_cmp 0x5FFC0000 0x7FFC0000 0x00010000 4
[2022-12-20 03:17:03] INFO     STATE:Mem Compare State
[2022-12-20 03:17:10] INFO     mem_cmp 0x407C0000 0x607C0000 0x00010000 4
[2022-12-20 03:17:16] INFO     mem_cmp 0x40FC0000 0x60FC0000 0x00010000 4
[2022-12-20 03:17:23] INFO     mem_cmp 0x417C0000 0x617C0000 0x00010000 4
[2022-12-20 03:17:30] INFO     mem_cmp 0x41FC0000 0x61FC0000 0x00010000 4
[2022-12-20 03:17:37] INFO     mem_cmp 0x427C0000 0x627C0000 0x00010000 4
[2022-12-20 03:17:43] INFO     mem_cmp 0x42FC0000 0x62FC0000 0x00010000 4
[2022-12-20 03:17:50] INFO     mem_cmp 0x437C0000 0x637C0000 0x00010000 4
[2022-12-20 03:17:57] INFO     mem_cmp 0x43FC0000 0x63FC0000 0x00010000 4
[2022-12-20 03:18:04] INFO     mem_cmp 0x447C0000 0x647C0000 0x00010000 4
[2022-12-20 03:18:11] INFO     mem_cmp 0x44FC0000 0x64FC0000 0x00010000 4
[2022-12-20 03:18:17] INFO     mem_cmp 0x457C0000 0x657C0000 0x00010000 4
[2022-12-20 03:18:24] INFO     mem_cmp 0x45FC0000 0x65FC0000 0x00010000 4
[2022-12-20 03:18:31] INFO     mem_cmp 0x467C0000 0x667C0000 0x00010000 4
[2022-12-20 03:18:37] INFO     mem_cmp 0x46FC0000 0x66FC0000 0x00010000 4
[2022-12-20 03:18:44] INFO     mem_cmp 0x477C0000 0x677C0000 0x00010000 4
[2022-12-20 03:18:51] INFO     mem_cmp 0x47FC0000 0x67FC0000 0x00010000 4
[2022-12-20 03:18:57] INFO     mem_cmp 0x487C0000 0x687C0000 0x00010000 4
[2022-12-20 03:19:04] INFO     mem_cmp 0x48FC0000 0x68FC0000 0x00010000 4
[2022-12-20 03:19:11] INFO     mem_cmp 0x497C0000 0x697C0000 0x00010000 4
[2022-12-20 03:19:17] INFO     mem_cmp 0x49FC0000 0x69FC0000 0x00010000 4
[2022-12-20 03:19:24] INFO     mem_cmp 0x4A7C0000 0x6A7C0000 0x00010000 4
[2022-12-20 03:19:30] INFO     mem_cmp 0x4AFC0000 0x6AFC0000 0x00010000 4
[2022-12-20 03:19:37] INFO     mem_cmp 0x4B7C0000 0x6B7C0000 0x00010000 4
[2022-12-20 03:19:44] INFO     mem_cmp 0x4BFC0000 0x6BFC0000 0x00010000 4
[2022-12-20 03:19:50] INFO     mem_cmp 0x4C7C0000 0x6C7C0000 0x00010000 4
[2022-12-20 03:19:57] INFO     mem_cmp 0x4CFC0000 0x6CFC0000 0x00010000 4
[2022-12-20 03:20:04] INFO     mem_cmp 0x4D7C0000 0x6D7C0000 0x00010000 4
[2022-12-20 03:20:10] INFO     mem_cmp 0x4DFC0000 0x6DFC0000 0x00010000 4
[2022-12-20 03:20:17] INFO     mem_cmp 0x4E7C0000 0x6E7C0000 0x00010000 4
[2022-12-20 03:20:23] INFO     mem_cmp 0x4EFC0000 0x6EFC0000 0x00010000 4
[2022-12-20 03:20:30] INFO     mem_cmp 0x4F7C0000 0x6F7C0000 0x00010000 4
[2022-12-20 03:20:36] INFO     mem_cmp 0x4FFC0000 0x6FFC0000 0x00010000 4
[2022-12-20 03:20:43] INFO     mem_cmp 0x507C0000 0x707C0000 0x00010000 4
[2022-12-20 03:20:49] INFO     mem_cmp 0x50FC0000 0x70FC0000 0x00010000 4
[2022-12-20 03:20:56] INFO     mem_cmp 0x517C0000 0x717C0000 0x00010000 4
[2022-12-20 03:21:03] INFO     mem_cmp 0x51FC0000 0x71FC0000 0x00010000 4
[2022-12-20 03:21:10] INFO     mem_cmp 0x527C0000 0x727C0000 0x00010000 4
[2022-12-20 03:21:17] INFO     mem_cmp 0x52FC0000 0x72FC0000 0x00010000 4
[2022-12-20 03:21:23] INFO     mem_cmp 0x537C0000 0x737C0000 0x00010000 4
[2022-12-20 03:21:30] INFO     mem_cmp 0x53FC0000 0x73FC0000 0x00010000 4
[2022-12-20 03:21:37] INFO     mem_cmp 0x547C0000 0x747C0000 0x00010000 4
[2022-12-20 03:21:43] INFO     mem_cmp 0x54FC0000 0x74FC0000 0x00010000 4
[2022-12-20 03:21:50] INFO     mem_cmp 0x557C0000 0x757C0000 0x00010000 4
[2022-12-20 03:21:57] INFO     mem_cmp 0x55FC0000 0x75FC0000 0x00010000 4
[2022-12-20 03:22:04] INFO     mem_cmp 0x567C0000 0x767C0000 0x00010000 4
[2022-12-20 03:22:10] INFO     mem_cmp 0x56FC0000 0x76FC0000 0x00010000 4
[2022-12-20 03:22:17] INFO     mem_cmp 0x577C0000 0x777C0000 0x00010000 4
[2022-12-20 03:22:23] INFO     mem_cmp 0x57FC0000 0x77FC0000 0x00010000 4
[2022-12-20 03:22:30] INFO     mem_cmp 0x587C0000 0x787C0000 0x00010000 4
[2022-12-20 03:22:37] INFO     mem_cmp 0x58FC0000 0x78FC0000 0x00010000 4
[2022-12-20 03:22:43] INFO     mem_cmp 0x597C0000 0x797C0000 0x00010000 4
[2022-12-20 03:22:50] INFO     mem_cmp 0x59FC0000 0x79FC0000 0x00010000 4
[2022-12-20 03:22:56] INFO     mem_cmp 0x5A7C0000 0x7A7C0000 0x00010000 4
[2022-12-20 03:23:03] INFO     mem_cmp 0x5AFC0000 0x7AFC0000 0x00010000 4
[2022-12-20 03:23:10] INFO     mem_cmp 0x5B7C0000 0x7B7C0000 0x00010000 4
[2022-12-20 03:23:16] INFO     mem_cmp 0x5BFC0000 0x7BFC0000 0x00010000 4
[2022-12-20 03:23:23] INFO     mem_cmp 0x5C7C0000 0x7C7C0000 0x00010000 4
[2022-12-20 03:23:30] INFO     mem_cmp 0x5CFC0000 0x7CFC0000 0x00010000 4
[2022-12-20 03:23:36] INFO     mem_cmp 0x5D7C0000 0x7D7C0000 0x00010000 4
[2022-12-20 03:23:43] INFO     mem_cmp 0x5DFC0000 0x7DFC0000 0x00010000 4
[2022-12-20 03:23:50] INFO     mem_cmp 0x5E7C0000 0x7E7C0000 0x00010000 4
[2022-12-20 03:23:56] INFO     mem_cmp 0x5EFC0000 0x7EFC0000 0x00010000 4
[2022-12-20 03:24:03] INFO     mem_cmp 0x5F7C0000 0x7F7C0000 0x00010000 4
[2022-12-20 03:24:09] INFO     mem_cmp 0x5FFC0000 0x7FFC0000 0x00010000 4
[2022-12-20 03:24:10] INFO     STATE:Mem Compare State
[2022-12-20 03:24:16] INFO     mem_cmp 0x407C0000 0x607C0000 0x00010000 4
[2022-12-20 03:24:23] INFO     mem_cmp 0x40FC0000 0x60FC0000 0x00010000 4
[2022-12-20 03:24:29] INFO     mem_cmp 0x417C0000 0x617C0000 0x00010000 4
[2022-12-20 03:24:36] INFO     mem_cmp 0x41FC0000 0x61FC0000 0x00010000 4
[2022-12-20 03:24:42] INFO     mem_cmp 0x427C0000 0x627C0000 0x00010000 4
[2022-12-20 03:24:49] INFO     mem_cmp 0x42FC0000 0x62FC0000 0x00010000 4
[2022-12-20 03:24:55] INFO     mem_cmp 0x437C0000 0x637C0000 0x00010000 4
[2022-12-20 03:25:02] INFO     mem_cmp 0x43FC0000 0x63FC0000 0x00010000 4
[2022-12-20 03:25:09] INFO     mem_cmp 0x447C0000 0x647C0000 0x00010000 4
[2022-12-20 03:25:15] INFO     mem_cmp 0x44FC0000 0x64FC0000 0x00010000 4
[2022-12-20 03:25:22] INFO     mem_cmp 0x457C0000 0x657C0000 0x00010000 4
[2022-12-20 03:25:29] INFO     mem_cmp 0x45FC0000 0x65FC0000 0x00010000 4
[2022-12-20 03:25:35] INFO     mem_cmp 0x467C0000 0x667C0000 0x00010000 4
[2022-12-20 03:25:42] INFO     mem_cmp 0x46FC0000 0x66FC0000 0x00010000 4
[2022-12-20 03:25:49] INFO     mem_cmp 0x477C0000 0x677C0000 0x00010000 4
[2022-12-20 03:25:55] INFO     mem_cmp 0x47FC0000 0x67FC0000 0x00010000 4
[2022-12-20 03:26:02] INFO     mem_cmp 0x487C0000 0x687C0000 0x00010000 4
[2022-12-20 03:26:09] INFO     mem_cmp 0x48FC0000 0x68FC0000 0x00010000 4
[2022-12-20 03:26:15] INFO     mem_cmp 0x497C0000 0x697C0000 0x00010000 4
[2022-12-20 03:26:22] INFO     mem_cmp 0x49FC0000 0x69FC0000 0x00010000 4
[2022-12-20 03:26:28] INFO     mem_cmp 0x4A7C0000 0x6A7C0000 0x00010000 4
[2022-12-20 03:26:35] INFO     mem_cmp 0x4AFC0000 0x6AFC0000 0x00010000 4
[2022-12-20 03:26:42] INFO     mem_cmp 0x4B7C0000 0x6B7C0000 0x00010000 4
[2022-12-20 03:26:49] INFO     mem_cmp 0x4BFC0000 0x6BFC0000 0x00010000 4
[2022-12-20 03:26:55] INFO     mem_cmp 0x4C7C0000 0x6C7C0000 0x00010000 4
[2022-12-20 03:27:02] INFO     mem_cmp 0x4CFC0000 0x6CFC0000 0x00010000 4
[2022-12-20 03:27:09] INFO     mem_cmp 0x4D7C0000 0x6D7C0000 0x00010000 4
[2022-12-20 03:27:15] INFO     mem_cmp 0x4DFC0000 0x6DFC0000 0x00010000 4
[2022-12-20 03:27:22] INFO     mem_cmp 0x4E7C0000 0x6E7C0000 0x00010000 4
[2022-12-20 03:27:29] INFO     mem_cmp 0x4EFC0000 0x6EFC0000 0x00010000 4
[2022-12-20 03:27:36] INFO     mem_cmp 0x4F7C0000 0x6F7C0000 0x00010000 4
[2022-12-20 03:27:42] INFO     mem_cmp 0x4FFC0000 0x6FFC0000 0x00010000 4
[2022-12-20 03:27:49] INFO     mem_cmp 0x507C0000 0x707C0000 0x00010000 4
[2022-12-20 03:27:56] INFO     mem_cmp 0x50FC0000 0x70FC0000 0x00010000 4
[2022-12-20 03:28:03] INFO     mem_cmp 0x517C0000 0x717C0000 0x00010000 4
[2022-12-20 03:28:09] INFO     mem_cmp 0x51FC0000 0x71FC0000 0x00010000 4
[2022-12-20 03:28:16] INFO     mem_cmp 0x527C0000 0x727C0000 0x00010000 4
[2022-12-20 03:28:23] INFO     mem_cmp 0x52FC0000 0x72FC0000 0x00010000 4
[2022-12-20 03:28:29] INFO     mem_cmp 0x537C0000 0x737C0000 0x00010000 4
[2022-12-20 03:28:36] INFO     mem_cmp 0x53FC0000 0x73FC0000 0x00010000 4
[2022-12-20 03:28:42] INFO     mem_cmp 0x547C0000 0x747C0000 0x00010000 4
[2022-12-20 03:28:49] INFO     mem_cmp 0x54FC0000 0x74FC0000 0x00010000 4
[2022-12-20 03:28:55] INFO     mem_cmp 0x557C0000 0x757C0000 0x00010000 4
[2022-12-20 03:29:02] INFO     mem_cmp 0x55FC0000 0x75FC0000 0x00010000 4
[2022-12-20 03:29:08] INFO     mem_cmp 0x567C0000 0x767C0000 0x00010000 4
[2022-12-20 03:29:15] INFO     mem_cmp 0x56FC0000 0x76FC0000 0x00010000 4
[2022-12-20 03:29:22] INFO     mem_cmp 0x577C0000 0x777C0000 0x00010000 4
[2022-12-20 03:29:28] INFO     mem_cmp 0x57FC0000 0x77FC0000 0x00010000 4
[2022-12-20 03:29:35] INFO     mem_cmp 0x587C0000 0x787C0000 0x00010000 4
[2022-12-20 03:29:41] INFO     mem_cmp 0x58FC0000 0x78FC0000 0x00010000 4
[2022-12-20 03:29:48] INFO     mem_cmp 0x597C0000 0x797C0000 0x00010000 4
[2022-12-20 03:29:55] INFO     mem_cmp 0x59FC0000 0x79FC0000 0x00010000 4
[2022-12-20 03:30:01] INFO     mem_cmp 0x5A7C0000 0x7A7C0000 0x00010000 4
[2022-12-20 03:30:08] INFO     mem_cmp 0x5AFC0000 0x7AFC0000 0x00010000 4
[2022-12-20 03:30:14] INFO     mem_cmp 0x5B7C0000 0x7B7C0000 0x00010000 4
[2022-12-20 03:30:21] INFO     mem_cmp 0x5BFC0000 0x7BFC0000 0x00010000 4
[2022-12-20 03:30:28] INFO     mem_cmp 0x5C7C0000 0x7C7C0000 0x00010000 4
[2022-12-20 03:30:35] INFO     mem_cmp 0x5CFC0000 0x7CFC0000 0x00010000 4
[2022-12-20 03:30:41] INFO     mem_cmp 0x5D7C0000 0x7D7C0000 0x00010000 4
[2022-12-20 03:30:48] INFO     mem_cmp 0x5DFC0000 0x7DFC0000 0x00010000 4
[2022-12-20 03:30:54] INFO     mem_cmp 0x5E7C0000 0x7E7C0000 0x00010000 4
[2022-12-20 03:31:01] INFO     mem_cmp 0x5EFC0000 0x7EFC0000 0x00010000 4
[2022-12-20 03:31:08] INFO     mem_cmp 0x5F7C0000 0x7F7C0000 0x00010000 4
[2022-12-20 03:31:14] INFO     mem_cmp 0x5FFC0000 0x7FFC0000 0x00010000 4
[2022-12-20 03:31:15] INFO     STATE:Mem Compare State
[2022-12-20 03:31:21] INFO     mem_cmp 0x407C0000 0x607C0000 0x00010000 4
[2022-12-20 03:31:27] INFO     mem_cmp 0x40FC0000 0x60FC0000 0x00010000 4
[2022-12-20 03:31:34] INFO     mem_cmp 0x417C0000 0x617C0000 0x00010000 4
[2022-12-20 03:31:41] INFO     mem_cmp 0x41FC0000 0x61FC0000 0x00010000 4
[2022-12-20 03:31:47] INFO     mem_cmp 0x427C0000 0x627C0000 0x00010000 4
[2022-12-20 03:31:54] INFO     mem_cmp 0x42FC0000 0x62FC0000 0x00010000 4
[2022-12-20 03:32:00] INFO     mem_cmp 0x437C0000 0x637C0000 0x00010000 4
[2022-12-20 03:32:07] INFO     mem_cmp 0x43FC0000 0x63FC0000 0x00010000 4
[2022-12-20 03:32:14] INFO     mem_cmp 0x447C0000 0x647C0000 0x00010000 4
[2022-12-20 03:32:20] INFO     mem_cmp 0x44FC0000 0x64FC0000 0x00010000 4
[2022-12-20 03:32:27] INFO     mem_cmp 0x457C0000 0x657C0000 0x00010000 4
[2022-12-20 03:32:33] INFO     mem_cmp 0x45FC0000 0x65FC0000 0x00010000 4
[2022-12-20 03:32:40] INFO     mem_cmp 0x467C0000 0x667C0000 0x00010000 4
[2022-12-20 03:32:47] INFO     mem_cmp 0x46FC0000 0x66FC0000 0x00010000 4
[2022-12-20 03:32:53] INFO     mem_cmp 0x477C0000 0x677C0000 0x00010000 4
[2022-12-20 03:33:00] INFO     mem_cmp 0x47FC0000 0x67FC0000 0x00010000 4
[2022-12-20 03:33:06] INFO     mem_cmp 0x487C0000 0x687C0000 0x00010000 4
[2022-12-20 03:33:13] INFO     mem_cmp 0x48FC0000 0x68FC0000 0x00010000 4
[2022-12-20 03:33:20] INFO     mem_cmp 0x497C0000 0x697C0000 0x00010000 4
[2022-12-20 03:33:26] INFO     mem_cmp 0x49FC0000 0x69FC0000 0x00010000 4
[2022-12-20 03:33:33] INFO     mem_cmp 0x4A7C0000 0x6A7C0000 0x00010000 4
[2022-12-20 03:33:39] INFO     mem_cmp 0x4AFC0000 0x6AFC0000 0x00010000 4
[2022-12-20 03:33:46] INFO     mem_cmp 0x4B7C0000 0x6B7C0000 0x00010000 4
[2022-12-20 03:33:53] INFO     mem_cmp 0x4BFC0000 0x6BFC0000 0x00010000 4
[2022-12-20 03:33:59] INFO     mem_cmp 0x4C7C0000 0x6C7C0000 0x00010000 4
[2022-12-20 03:34:06] INFO     mem_cmp 0x4CFC0000 0x6CFC0000 0x00010000 4
[2022-12-20 03:34:13] INFO     mem_cmp 0x4D7C0000 0x6D7C0000 0x00010000 4
[2022-12-20 03:34:20] INFO     mem_cmp 0x4DFC0000 0x6DFC0000 0x00010000 4
[2022-12-20 03:34:26] INFO     mem_cmp 0x4E7C0000 0x6E7C0000 0x00010000 4
[2022-12-20 03:34:33] INFO     mem_cmp 0x4EFC0000 0x6EFC0000 0x00010000 4
[2022-12-20 03:34:39] INFO     mem_cmp 0x4F7C0000 0x6F7C0000 0x00010000 4
[2022-12-20 03:34:46] INFO     mem_cmp 0x4FFC0000 0x6FFC0000 0x00010000 4
[2022-12-20 03:34:52] INFO     mem_cmp 0x507C0000 0x707C0000 0x00010000 4
[2022-12-20 03:34:59] INFO     mem_cmp 0x50FC0000 0x70FC0000 0x00010000 4
[2022-12-20 03:35:05] INFO     mem_cmp 0x517C0000 0x717C0000 0x00010000 4
[2022-12-20 03:35:12] INFO     mem_cmp 0x51FC0000 0x71FC0000 0x00010000 4
[2022-12-20 03:35:18] INFO     mem_cmp 0x527C0000 0x727C0000 0x00010000 4
[2022-12-20 03:35:25] INFO     mem_cmp 0x52FC0000 0x72FC0000 0x00010000 4
[2022-12-20 03:35:32] INFO     mem_cmp 0x537C0000 0x737C0000 0x00010000 4
[2022-12-20 03:35:38] INFO     mem_cmp 0x53FC0000 0x73FC0000 0x00010000 4
[2022-12-20 03:35:45] INFO     mem_cmp 0x547C0000 0x747C0000 0x00010000 4
[2022-12-20 03:35:52] INFO     mem_cmp 0x54FC0000 0x74FC0000 0x00010000 4
[2022-12-20 03:35:59] INFO     mem_cmp 0x557C0000 0x757C0000 0x00010000 4
[2022-12-20 03:36:06] INFO     mem_cmp 0x55FC0000 0x75FC0000 0x00010000 4
[2022-12-20 03:36:12] INFO     mem_cmp 0x567C0000 0x767C0000 0x00010000 4
[2022-12-20 03:36:19] INFO     mem_cmp 0x56FC0000 0x76FC0000 0x00010000 4
[2022-12-20 03:36:26] INFO     mem_cmp 0x577C0000 0x777C0000 0x00010000 4
[2022-12-20 03:36:32] INFO     mem_cmp 0x57FC0000 0x77FC0000 0x00010000 4
[2022-12-20 03:36:39] INFO     mem_cmp 0x587C0000 0x787C0000 0x00010000 4
[2022-12-20 03:36:46] INFO     mem_cmp 0x58FC0000 0x78FC0000 0x00010000 4
[2022-12-20 03:36:52] INFO     mem_cmp 0x597C0000 0x797C0000 0x00010000 4
[2022-12-20 03:36:59] INFO     mem_cmp 0x59FC0000 0x79FC0000 0x00010000 4
[2022-12-20 03:37:06] INFO     mem_cmp 0x5A7C0000 0x7A7C0000 0x00010000 4
[2022-12-20 03:37:13] INFO     mem_cmp 0x5AFC0000 0x7AFC0000 0x00010000 4
[2022-12-20 03:37:19] INFO     mem_cmp 0x5B7C0000 0x7B7C0000 0x00010000 4
[2022-12-20 03:37:26] INFO     mem_cmp 0x5BFC0000 0x7BFC0000 0x00010000 4
[2022-12-20 03:37:33] INFO     mem_cmp 0x5C7C0000 0x7C7C0000 0x00010000 4
[2022-12-20 03:37:39] INFO     mem_cmp 0x5CFC0000 0x7CFC0000 0x00010000 4
[2022-12-20 03:37:46] INFO     mem_cmp 0x5D7C0000 0x7D7C0000 0x00010000 4
[2022-12-20 03:37:52] INFO     mem_cmp 0x5DFC0000 0x7DFC0000 0x00010000 4
[2022-12-20 03:37:59] INFO     mem_cmp 0x5E7C0000 0x7E7C0000 0x00010000 4
[2022-12-20 03:38:06] INFO     mem_cmp 0x5EFC0000 0x7EFC0000 0x00010000 4
[2022-12-20 03:38:12] INFO     mem_cmp 0x5F7C0000 0x7F7C0000 0x00010000 4
[2022-12-20 03:38:19] INFO     mem_cmp 0x5FFC0000 0x7FFC0000 0x00010000 4
[2022-12-20 03:38:19] INFO     STATE:Mem Compare State
[2022-12-20 03:38:26] INFO     mem_cmp 0x407C0000 0x607C0000 0x00010000 4
[2022-12-20 03:38:33] INFO     mem_cmp 0x40FC0000 0x60FC0000 0x00010000 4
[2022-12-20 03:38:39] INFO     mem_cmp 0x417C0000 0x617C0000 0x00010000 4
[2022-12-20 03:38:46] INFO     mem_cmp 0x41FC0000 0x61FC0000 0x00010000 4
[2022-12-20 03:38:53] INFO     mem_cmp 0x427C0000 0x627C0000 0x00010000 4
[2022-12-20 03:38:59] INFO     mem_cmp 0x42FC0000 0x62FC0000 0x00010000 4
[2022-12-20 03:39:06] INFO     mem_cmp 0x437C0000 0x637C0000 0x00010000 4
[2022-12-20 03:39:13] INFO     mem_cmp 0x43FC0000 0x63FC0000 0x00010000 4
[2022-12-20 03:39:19] INFO     mem_cmp 0x447C0000 0x647C0000 0x00010000 4
[2022-12-20 03:39:26] INFO     mem_cmp 0x44FC0000 0x64FC0000 0x00010000 4
[2022-12-20 03:39:32] INFO     mem_cmp 0x457C0000 0x657C0000 0x00010000 4
[2022-12-20 03:39:39] INFO     mem_cmp 0x45FC0000 0x65FC0000 0x00010000 4
[2022-12-20 03:39:46] INFO     mem_cmp 0x467C0000 0x667C0000 0x00010000 4
[2022-12-20 03:39:52] INFO     mem_cmp 0x46FC0000 0x66FC0000 0x00010000 4
[2022-12-20 03:39:58] INFO     mem_cmp 0x477C0000 0x677C0000 0x00010000 4
[2022-12-20 03:40:05] INFO     mem_cmp 0x47FC0000 0x67FC0000 0x00010000 4
[2022-12-20 03:40:12] INFO     mem_cmp 0x487C0000 0x687C0000 0x00010000 4
[2022-12-20 03:40:18] INFO     mem_cmp 0x48FC0000 0x68FC0000 0x00010000 4
[2022-12-20 03:40:25] INFO     mem_cmp 0x497C0000 0x697C0000 0x00010000 4
[2022-12-20 03:40:31] INFO     mem_cmp 0x49FC0000 0x69FC0000 0x00010000 4
[2022-12-20 03:40:38] INFO     mem_cmp 0x4A7C0000 0x6A7C0000 0x00010000 4
[2022-12-20 03:40:44] INFO     mem_cmp 0x4AFC0000 0x6AFC0000 0x00010000 4
[2022-12-20 03:40:51] INFO     mem_cmp 0x4B7C0000 0x6B7C0000 0x00010000 4
[2022-12-20 03:40:57] INFO     mem_cmp 0x4BFC0000 0x6BFC0000 0x00010000 4
[2022-12-20 03:41:04] INFO     mem_cmp 0x4C7C0000 0x6C7C0000 0x00010000 4
[2022-12-20 03:41:11] INFO     mem_cmp 0x4CFC0000 0x6CFC0000 0x00010000 4
[2022-12-20 03:41:17] INFO     mem_cmp 0x4D7C0000 0x6D7C0000 0x00010000 4
[2022-12-20 03:41:24] INFO     mem_cmp 0x4DFC0000 0x6DFC0000 0x00010000 4
[2022-12-20 03:41:31] INFO     mem_cmp 0x4E7C0000 0x6E7C0000 0x00010000 4
[2022-12-20 03:41:37] INFO     mem_cmp 0x4EFC0000 0x6EFC0000 0x00010000 4
[2022-12-20 03:41:44] INFO     mem_cmp 0x4F7C0000 0x6F7C0000 0x00010000 4
[2022-12-20 03:41:51] INFO     mem_cmp 0x4FFC0000 0x6FFC0000 0x00010000 4
[2022-12-20 03:41:58] INFO     mem_cmp 0x507C0000 0x707C0000 0x00010000 4
[2022-12-20 03:42:04] INFO     mem_cmp 0x50FC0000 0x70FC0000 0x00010000 4
[2022-12-20 03:42:11] INFO     mem_cmp 0x517C0000 0x717C0000 0x00010000 4
[2022-12-20 03:42:18] INFO     mem_cmp 0x51FC0000 0x71FC0000 0x00010000 4
[2022-12-20 03:42:24] INFO     mem_cmp 0x527C0000 0x727C0000 0x00010000 4
[2022-12-20 03:42:31] INFO     mem_cmp 0x52FC0000 0x72FC0000 0x00010000 4
[2022-12-20 03:42:37] INFO     mem_cmp 0x537C0000 0x737C0000 0x00010000 4
[2022-12-20 03:42:44] INFO     mem_cmp 0x53FC0000 0x73FC0000 0x00010000 4
[2022-12-20 03:42:50] INFO     mem_cmp 0x547C0000 0x747C0000 0x00010000 4
[2022-12-20 03:42:57] INFO     mem_cmp 0x54FC0000 0x74FC0000 0x00010000 4
[2022-12-20 03:43:03] INFO     mem_cmp 0x557C0000 0x757C0000 0x00010000 4
[2022-12-20 03:43:10] INFO     mem_cmp 0x55FC0000 0x75FC0000 0x00010000 4
[2022-12-20 03:43:17] INFO     mem_cmp 0x567C0000 0x767C0000 0x00010000 4
[2022-12-20 03:43:23] INFO     mem_cmp 0x56FC0000 0x76FC0000 0x00010000 4
[2022-12-20 03:43:30] INFO     mem_cmp 0x577C0000 0x777C0000 0x00010000 4
[2022-12-20 03:43:37] INFO     mem_cmp 0x57FC0000 0x77FC0000 0x00010000 4
[2022-12-20 03:43:43] INFO     mem_cmp 0x587C0000 0x787C0000 0x00010000 4
[2022-12-20 03:43:50] INFO     mem_cmp 0x58FC0000 0x78FC0000 0x00010000 4
[2022-12-20 03:43:56] INFO     mem_cmp 0x597C0000 0x797C0000 0x00010000 4
[2022-12-20 03:44:03] INFO     mem_cmp 0x59FC0000 0x79FC0000 0x00010000 4
[2022-12-20 03:44:10] INFO     mem_cmp 0x5A7C0000 0x7A7C0000 0x00010000 4
[2022-12-20 03:44:16] INFO     mem_cmp 0x5AFC0000 0x7AFC0000 0x00010000 4
[2022-12-20 03:44:23] INFO     mem_cmp 0x5B7C0000 0x7B7C0000 0x00010000 4
[2022-12-20 03:44:30] INFO     mem_cmp 0x5BFC0000 0x7BFC0000 0x00010000 4
[2022-12-20 03:44:36] INFO     mem_cmp 0x5C7C0000 0x7C7C0000 0x00010000 4
[2022-12-20 03:44:43] INFO     mem_cmp 0x5CFC0000 0x7CFC0000 0x00010000 4
[2022-12-20 03:44:50] INFO     mem_cmp 0x5D7C0000 0x7D7C0000 0x00010000 4
[2022-12-20 03:44:56] INFO     mem_cmp 0x5DFC0000 0x7DFC0000 0x00010000 4
[2022-12-20 03:45:03] INFO     mem_cmp 0x5E7C0000 0x7E7C0000 0x00010000 4
[2022-12-20 03:45:09] INFO     mem_cmp 0x5EFC0000 0x7EFC0000 0x00010000 4
[2022-12-20 03:45:15] INFO     mem_cmp 0x5F7C0000 0x7F7C0000 0x00010000 4
[2022-12-20 03:45:22] INFO     mem_cmp 0x5FFC0000 0x7FFC0000 0x00010000 4
[2022-12-20 03:45:22] INFO     STATE:Mem Compare State
[2022-12-20 03:45:29] INFO     mem_cmp 0x407C0000 0x607C0000 0x00010000 4
[2022-12-20 03:45:35] INFO     mem_cmp 0x40FC0000 0x60FC0000 0x00010000 4
[2022-12-20 03:45:42] INFO     mem_cmp 0x417C0000 0x617C0000 0x00010000 4
[2022-12-20 03:45:48] INFO     mem_cmp 0x41FC0000 0x61FC0000 0x00010000 4
[2022-12-20 03:45:55] INFO     mem_cmp 0x427C0000 0x627C0000 0x00010000 4
[2022-12-20 03:46:02] INFO     mem_cmp 0x42FC0000 0x62FC0000 0x00010000 4
[2022-12-20 03:46:09] INFO     mem_cmp 0x437C0000 0x637C0000 0x00010000 4
[2022-12-20 03:46:15] INFO     mem_cmp 0x43FC0000 0x63FC0000 0x00010000 4
[2022-12-20 03:46:22] INFO     mem_cmp 0x447C0000 0x647C0000 0x00010000 4
[2022-12-20 03:46:29] INFO     mem_cmp 0x44FC0000 0x64FC0000 0x00010000 4
[2022-12-20 03:46:35] INFO     mem_cmp 0x457C0000 0x657C0000 0x00010000 4
[2022-12-20 03:46:42] INFO     mem_cmp 0x45FC0000 0x65FC0000 0x00010000 4
[2022-12-20 03:46:48] INFO     mem_cmp 0x467C0000 0x667C0000 0x00010000 4
[2022-12-20 03:46:55] INFO     mem_cmp 0x46FC0000 0x66FC0000 0x00010000 4
[2022-12-20 03:47:01] INFO     mem_cmp 0x477C0000 0x677C0000 0x00010000 4
[2022-12-20 03:47:08] INFO     mem_cmp 0x47FC0000 0x67FC0000 0x00010000 4
[2022-12-20 03:47:14] INFO     mem_cmp 0x487C0000 0x687C0000 0x00010000 4
[2022-12-20 03:47:21] INFO     mem_cmp 0x48FC0000 0x68FC0000 0x00010000 4
[2022-12-20 03:47:27] INFO     mem_cmp 0x497C0000 0x697C0000 0x00010000 4
[2022-12-20 03:47:34] INFO     mem_cmp 0x49FC0000 0x69FC0000 0x00010000 4
[2022-12-20 03:47:41] INFO     mem_cmp 0x4A7C0000 0x6A7C0000 0x00010000 4
[2022-12-20 03:47:47] INFO     mem_cmp 0x4AFC0000 0x6AFC0000 0x00010000 4
[2022-12-20 03:47:54] INFO     mem_cmp 0x4B7C0000 0x6B7C0000 0x00010000 4
[2022-12-20 03:48:01] INFO     mem_cmp 0x4BFC0000 0x6BFC0000 0x00010000 4
[2022-12-20 03:48:07] INFO     mem_cmp 0x4C7C0000 0x6C7C0000 0x00010000 4
[2022-12-20 03:48:14] INFO     mem_cmp 0x4CFC0000 0x6CFC0000 0x00010000 4
[2022-12-20 03:48:21] INFO     mem_cmp 0x4D7C0000 0x6D7C0000 0x00010000 4
[2022-12-20 03:48:27] INFO     mem_cmp 0x4DFC0000 0x6DFC0000 0x00010000 4
[2022-12-20 03:48:34] INFO     mem_cmp 0x4E7C0000 0x6E7C0000 0x00010000 4
[2022-12-20 03:48:41] INFO     mem_cmp 0x4EFC0000 0x6EFC0000 0x00010000 4
[2022-12-20 03:48:47] INFO     mem_cmp 0x4F7C0000 0x6F7C0000 0x00010000 4
[2022-12-20 03:48:54] INFO     mem_cmp 0x4FFC0000 0x6FFC0000 0x00010000 4
[2022-12-20 03:49:01] INFO     mem_cmp 0x507C0000 0x707C0000 0x00010000 4
[2022-12-20 03:49:07] INFO     mem_cmp 0x50FC0000 0x70FC0000 0x00010000 4
[2022-12-20 03:49:14] INFO     mem_cmp 0x517C0000 0x717C0000 0x00010000 4
[2022-12-20 03:49:21] INFO     mem_cmp 0x51FC0000 0x71FC0000 0x00010000 4
[2022-12-20 03:49:27] INFO     mem_cmp 0x527C0000 0x727C0000 0x00010000 4
[2022-12-20 03:49:34] INFO     mem_cmp 0x52FC0000 0x72FC0000 0x00010000 4
[2022-12-20 03:49:41] INFO     mem_cmp 0x537C0000 0x737C0000 0x00010000 4
[2022-12-20 03:49:48] INFO     mem_cmp 0x53FC0000 0x73FC0000 0x00010000 4
[2022-12-20 03:49:54] INFO     mem_cmp 0x547C0000 0x747C0000 0x00010000 4
[2022-12-20 03:50:01] INFO     mem_cmp 0x54FC0000 0x74FC0000 0x00010000 4
[2022-12-20 03:50:08] INFO     mem_cmp 0x557C0000 0x757C0000 0x00010000 4
[2022-12-20 03:50:14] INFO     mem_cmp 0x55FC0000 0x75FC0000 0x00010000 4
[2022-12-20 03:50:21] INFO     mem_cmp 0x567C0000 0x767C0000 0x00010000 4
[2022-12-20 03:50:27] INFO     mem_cmp 0x56FC0000 0x76FC0000 0x00010000 4
[2022-12-20 03:50:33] INFO     mem_cmp 0x577C0000 0x777C0000 0x00010000 4
[2022-12-20 03:50:40] INFO     mem_cmp 0x57FC0000 0x77FC0000 0x00010000 4
[2022-12-20 03:50:47] INFO     mem_cmp 0x587C0000 0x787C0000 0x00010000 4
[2022-12-20 03:50:53] INFO     mem_cmp 0x58FC0000 0x78FC0000 0x00010000 4
[2022-12-20 03:51:00] INFO     mem_cmp 0x597C0000 0x797C0000 0x00010000 4
[2022-12-20 03:51:07] INFO     mem_cmp 0x59FC0000 0x79FC0000 0x00010000 4
[2022-12-20 03:51:13] INFO     mem_cmp 0x5A7C0000 0x7A7C0000 0x00010000 4
[2022-12-20 03:51:20] INFO     mem_cmp 0x5AFC0000 0x7AFC0000 0x00010000 4
[2022-12-20 03:51:26] INFO     mem_cmp 0x5B7C0000 0x7B7C0000 0x00010000 4
[2022-12-20 03:51:33] INFO     mem_cmp 0x5BFC0000 0x7BFC0000 0x00010000 4
[2022-12-20 03:51:39] INFO     mem_cmp 0x5C7C0000 0x7C7C0000 0x00010000 4
[2022-12-20 03:51:46] INFO     mem_cmp 0x5CFC0000 0x7CFC0000 0x00010000 4
[2022-12-20 03:51:53] INFO     mem_cmp 0x5D7C0000 0x7D7C0000 0x00010000 4
[2022-12-20 03:52:00] INFO     mem_cmp 0x5DFC0000 0x7DFC0000 0x00010000 4
[2022-12-20 03:52:06] INFO     mem_cmp 0x5E7C0000 0x7E7C0000 0x00010000 4
[2022-12-20 03:52:13] INFO     mem_cmp 0x5EFC0000 0x7EFC0000 0x00010000 4
[2022-12-20 03:52:19] INFO     mem_cmp 0x5F7C0000 0x7F7C0000 0x00010000 4
[2022-12-20 03:52:26] INFO     mem_cmp 0x5FFC0000 0x7FFC0000 0x00010000 4
[2022-12-20 03:52:26] INFO     STATE:Mem Compare State
[2022-12-20 03:52:32] INFO     mem_cmp 0x407C0000 0x607C0000 0x00010000 4
[2022-12-20 03:52:39] INFO     mem_cmp 0x40FC0000 0x60FC0000 0x00010000 4
[2022-12-20 03:52:45] INFO     mem_cmp 0x417C0000 0x617C0000 0x00010000 4
[2022-12-20 03:52:52] INFO     mem_cmp 0x41FC0000 0x61FC0000 0x00010000 4
[2022-12-20 03:52:59] INFO     mem_cmp 0x427C0000 0x627C0000 0x00010000 4
[2022-12-20 03:53:05] INFO     mem_cmp 0x42FC0000 0x62FC0000 0x00010000 4
[2022-12-20 03:53:12] INFO     mem_cmp 0x437C0000 0x637C0000 0x00010000 4
[2022-12-20 03:53:18] INFO     mem_cmp 0x43FC0000 0x63FC0000 0x00010000 4
[2022-12-20 03:53:25] INFO     mem_cmp 0x447C0000 0x647C0000 0x00010000 4
[2022-12-20 03:53:32] INFO     mem_cmp 0x44FC0000 0x64FC0000 0x00010000 4
[2022-12-20 03:53:38] INFO     mem_cmp 0x457C0000 0x657C0000 0x00010000 4
[2022-12-20 03:53:45] INFO     mem_cmp 0x45FC0000 0x65FC0000 0x00010000 4
[2022-12-20 03:53:51] INFO     mem_cmp 0x467C0000 0x667C0000 0x00010000 4
[2022-12-20 03:53:58] INFO     mem_cmp 0x46FC0000 0x66FC0000 0x00010000 4
[2022-12-20 03:54:04] INFO     mem_cmp 0x477C0000 0x677C0000 0x00010000 4
[2022-12-20 03:54:11] INFO     mem_cmp 0x47FC0000 0x67FC0000 0x00010000 4
[2022-12-20 03:54:18] INFO     mem_cmp 0x487C0000 0x687C0000 0x00010000 4
[2022-12-20 03:54:24] INFO     mem_cmp 0x48FC0000 0x68FC0000 0x00010000 4
[2022-12-20 03:54:31] INFO     mem_cmp 0x497C0000 0x697C0000 0x00010000 4
[2022-12-20 03:54:38] INFO     mem_cmp 0x49FC0000 0x69FC0000 0x00010000 4
[2022-12-20 03:54:44] INFO     mem_cmp 0x4A7C0000 0x6A7C0000 0x00010000 4
[2022-12-20 03:54:51] INFO     mem_cmp 0x4AFC0000 0x6AFC0000 0x00010000 4
[2022-12-20 03:54:57] INFO     mem_cmp 0x4B7C0000 0x6B7C0000 0x00010000 4
[2022-12-20 03:55:04] INFO     mem_cmp 0x4BFC0000 0x6BFC0000 0x00010000 4
[2022-12-20 03:55:11] INFO     mem_cmp 0x4C7C0000 0x6C7C0000 0x00010000 4
[2022-12-20 03:55:17] INFO     mem_cmp 0x4CFC0000 0x6CFC0000 0x00010000 4
[2022-12-20 03:55:24] INFO     mem_cmp 0x4D7C0000 0x6D7C0000 0x00010000 4
[2022-12-20 03:55:30] INFO     mem_cmp 0x4DFC0000 0x6DFC0000 0x00010000 4
[2022-12-20 03:55:37] INFO     mem_cmp 0x4E7C0000 0x6E7C0000 0x00010000 4
[2022-12-20 03:55:44] INFO     mem_cmp 0x4EFC0000 0x6EFC0000 0x00010000 4
[2022-12-20 03:55:50] INFO     mem_cmp 0x4F7C0000 0x6F7C0000 0x00010000 4
[2022-12-20 03:55:57] INFO     mem_cmp 0x4FFC0000 0x6FFC0000 0x00010000 4
[2022-12-20 03:56:04] INFO     mem_cmp 0x507C0000 0x707C0000 0x00010000 4
[2022-12-20 03:56:11] INFO     mem_cmp 0x50FC0000 0x70FC0000 0x00010000 4
[2022-12-20 03:56:17] INFO     mem_cmp 0x517C0000 0x717C0000 0x00010000 4
[2022-12-20 03:56:24] INFO     mem_cmp 0x51FC0000 0x71FC0000 0x00010000 4
[2022-12-20 03:56:31] INFO     mem_cmp 0x527C0000 0x727C0000 0x00010000 4
[2022-12-20 03:56:37] INFO     mem_cmp 0x52FC0000 0x72FC0000 0x00010000 4
[2022-12-20 03:56:44] INFO     mem_cmp 0x537C0000 0x737C0000 0x00010000 4
[2022-12-20 03:56:51] INFO     mem_cmp 0x53FC0000 0x73FC0000 0x00010000 4
[2022-12-20 03:56:57] INFO     mem_cmp 0x547C0000 0x747C0000 0x00010000 4
[2022-12-20 03:57:04] INFO     mem_cmp 0x54FC0000 0x74FC0000 0x00010000 4
[2022-12-20 03:57:10] INFO     mem_cmp 0x557C0000 0x757C0000 0x00010000 4
[2022-12-20 03:57:17] INFO     mem_cmp 0x55FC0000 0x75FC0000 0x00010000 4
[2022-12-20 03:57:24] INFO     mem_cmp 0x567C0000 0x767C0000 0x00010000 4
[2022-12-20 03:57:30] INFO     mem_cmp 0x56FC0000 0x76FC0000 0x00010000 4
[2022-12-20 03:57:37] INFO     mem_cmp 0x577C0000 0x777C0000 0x00010000 4
[2022-12-20 03:57:43] INFO     mem_cmp 0x57FC0000 0x77FC0000 0x00010000 4
[2022-12-20 03:57:50] INFO     mem_cmp 0x587C0000 0x787C0000 0x00010000 4
[2022-12-20 03:57:57] INFO     mem_cmp 0x58FC0000 0x78FC0000 0x00010000 4
[2022-12-20 03:58:03] INFO     mem_cmp 0x597C0000 0x797C0000 0x00010000 4
[2022-12-20 03:58:10] INFO     mem_cmp 0x59FC0000 0x79FC0000 0x00010000 4
[2022-12-20 03:58:16] INFO     mem_cmp 0x5A7C0000 0x7A7C0000 0x00010000 4
[2022-12-20 03:58:23] INFO     mem_cmp 0x5AFC0000 0x7AFC0000 0x00010000 4
[2022-12-20 03:58:30] INFO     mem_cmp 0x5B7C0000 0x7B7C0000 0x00010000 4
[2022-12-20 03:58:36] INFO     mem_cmp 0x5BFC0000 0x7BFC0000 0x00010000 4
[2022-12-20 03:58:43] INFO     mem_cmp 0x5C7C0000 0x7C7C0000 0x00010000 4
[2022-12-20 03:58:49] INFO     mem_cmp 0x5CFC0000 0x7CFC0000 0x00010000 4
[2022-12-20 03:58:56] INFO     mem_cmp 0x5D7C0000 0x7D7C0000 0x00010000 4
[2022-12-20 03:59:03] INFO     mem_cmp 0x5DFC0000 0x7DFC0000 0x00010000 4
[2022-12-20 03:59:09] INFO     mem_cmp 0x5E7C0000 0x7E7C0000 0x00010000 4
[2022-12-20 03:59:16] INFO     mem_cmp 0x5EFC0000 0x7EFC0000 0x00010000 4
[2022-12-20 03:59:22] INFO     mem_cmp 0x5F7C0000 0x7F7C0000 0x00010000 4
[2022-12-20 03:59:29] INFO     mem_cmp 0x5FFC0000 0x7FFC0000 0x00010000 4
[2022-12-20 03:59:29] INFO     STATE:Mem Compare State
[2022-12-20 03:59:36] INFO     mem_cmp 0x407C0000 0x607C0000 0x00010000 4
[2022-12-20 03:59:42] INFO     mem_cmp 0x40FC0000 0x60FC0000 0x00010000 4
[2022-12-20 03:59:49] INFO     mem_cmp 0x417C0000 0x617C0000 0x00010000 4
[2022-12-20 03:59:55] INFO     mem_cmp 0x41FC0000 0x61FC0000 0x00010000 4
[2022-12-20 04:00:02] INFO     mem_cmp 0x427C0000 0x627C0000 0x00010000 4
[2022-12-20 04:00:09] INFO     mem_cmp 0x42FC0000 0x62FC0000 0x00010000 4
[2022-12-20 04:00:15] INFO     mem_cmp 0x437C0000 0x637C0000 0x00010000 4
[2022-12-20 04:00:22] INFO     mem_cmp 0x43FC0000 0x63FC0000 0x00010000 4
[2022-12-20 04:00:28] INFO     mem_cmp 0x447C0000 0x647C0000 0x00010000 4
[2022-12-20 04:00:35] INFO     mem_cmp 0x44FC0000 0x64FC0000 0x00010000 4
[2022-12-20 04:00:42] INFO     mem_cmp 0x457C0000 0x657C0000 0x00010000 4
[2022-12-20 04:00:48] INFO     mem_cmp 0x45FC0000 0x65FC0000 0x00010000 4
[2022-12-20 04:00:55] INFO     mem_cmp 0x467C0000 0x667C0000 0x00010000 4
[2022-12-20 04:01:01] INFO     mem_cmp 0x46FC0000 0x66FC0000 0x00010000 4
[2022-12-20 04:01:08] INFO     mem_cmp 0x477C0000 0x677C0000 0x00010000 4
[2022-12-20 04:01:15] INFO     mem_cmp 0x47FC0000 0x67FC0000 0x00010000 4
[2022-12-20 04:01:21] INFO     mem_cmp 0x487C0000 0x687C0000 0x00010000 4
[2022-12-20 04:01:28] INFO     mem_cmp 0x48FC0000 0x68FC0000 0x00010000 4
[2022-12-20 04:01:35] INFO     mem_cmp 0x497C0000 0x697C0000 0x00010000 4
[2022-12-20 04:01:41] INFO     mem_cmp 0x49FC0000 0x69FC0000 0x00010000 4
[2022-12-20 04:01:48] INFO     mem_cmp 0x4A7C0000 0x6A7C0000 0x00010000 4
[2022-12-20 04:01:54] INFO     mem_cmp 0x4AFC0000 0x6AFC0000 0x00010000 4
[2022-12-20 04:02:01] INFO     mem_cmp 0x4B7C0000 0x6B7C0000 0x00010000 4
[2022-12-20 04:02:08] INFO     mem_cmp 0x4BFC0000 0x6BFC0000 0x00010000 4
[2022-12-20 04:02:14] INFO     mem_cmp 0x4C7C0000 0x6C7C0000 0x00010000 4
[2022-12-20 04:02:21] INFO     mem_cmp 0x4CFC0000 0x6CFC0000 0x00010000 4
[2022-12-20 04:02:27] INFO     mem_cmp 0x4D7C0000 0x6D7C0000 0x00010000 4
[2022-12-20 04:02:34] INFO     mem_cmp 0x4DFC0000 0x6DFC0000 0x00010000 4
[2022-12-20 04:02:41] INFO     mem_cmp 0x4E7C0000 0x6E7C0000 0x00010000 4
[2022-12-20 04:02:48] INFO     mem_cmp 0x4EFC0000 0x6EFC0000 0x00010000 4
[2022-12-20 04:02:54] INFO     mem_cmp 0x4F7C0000 0x6F7C0000 0x00010000 4
[2022-12-20 04:03:01] INFO     mem_cmp 0x4FFC0000 0x6FFC0000 0x00010000 4
[2022-12-20 04:03:07] INFO     mem_cmp 0x507C0000 0x707C0000 0x00010000 4
[2022-12-20 04:03:14] INFO     mem_cmp 0x50FC0000 0x70FC0000 0x00010000 4
[2022-12-20 04:03:20] INFO     mem_cmp 0x517C0000 0x717C0000 0x00010000 4
[2022-12-20 04:03:27] INFO     mem_cmp 0x51FC0000 0x71FC0000 0x00010000 4
[2022-12-20 04:03:34] INFO     mem_cmp 0x527C0000 0x727C0000 0x00010000 4
[2022-12-20 04:03:41] INFO     mem_cmp 0x52FC0000 0x72FC0000 0x00010000 4
[2022-12-20 04:03:47] INFO     mem_cmp 0x537C0000 0x737C0000 0x00010000 4
[2022-12-20 04:03:54] INFO     mem_cmp 0x53FC0000 0x73FC0000 0x00010000 4
[2022-12-20 04:04:00] INFO     mem_cmp 0x547C0000 0x747C0000 0x00010000 4
[2022-12-20 04:04:07] INFO     mem_cmp 0x54FC0000 0x74FC0000 0x00010000 4
[2022-12-20 04:04:14] INFO     mem_cmp 0x557C0000 0x757C0000 0x00010000 4
[2022-12-20 04:04:21] INFO     mem_cmp 0x55FC0000 0x75FC0000 0x00010000 4
[2022-12-20 04:04:27] INFO     mem_cmp 0x567C0000 0x767C0000 0x00010000 4
[2022-12-20 04:04:34] INFO     mem_cmp 0x56FC0000 0x76FC0000 0x00010000 4
[2022-12-20 04:04:40] INFO     mem_cmp 0x577C0000 0x777C0000 0x00010000 4
[2022-12-20 04:04:47] INFO     mem_cmp 0x57FC0000 0x77FC0000 0x00010000 4
[2022-12-20 04:04:53] INFO     mem_cmp 0x587C0000 0x787C0000 0x00010000 4
[2022-12-20 04:05:00] INFO     mem_cmp 0x58FC0000 0x78FC0000 0x00010000 4
[2022-12-20 04:05:06] INFO     mem_cmp 0x597C0000 0x797C0000 0x00010000 4
[2022-12-20 04:05:13] INFO     mem_cmp 0x59FC0000 0x79FC0000 0x00010000 4
[2022-12-20 04:05:20] INFO     mem_cmp 0x5A7C0000 0x7A7C0000 0x00010000 4
[2022-12-20 04:05:27] INFO     mem_cmp 0x5AFC0000 0x7AFC0000 0x00010000 4
[2022-12-20 04:05:33] INFO     mem_cmp 0x5B7C0000 0x7B7C0000 0x00010000 4
[2022-12-20 04:05:40] INFO     mem_cmp 0x5BFC0000 0x7BFC0000 0x00010000 4
[2022-12-20 04:05:47] INFO     mem_cmp 0x5C7C0000 0x7C7C0000 0x00010000 4
[2022-12-20 04:05:54] INFO     mem_cmp 0x5CFC0000 0x7CFC0000 0x00010000 4
[2022-12-20 04:06:00] INFO     mem_cmp 0x5D7C0000 0x7D7C0000 0x00010000 4
[2022-12-20 04:06:07] INFO     mem_cmp 0x5DFC0000 0x7DFC0000 0x00010000 4
[2022-12-20 04:06:13] INFO     mem_cmp 0x5E7C0000 0x7E7C0000 0x00010000 4
[2022-12-20 04:06:20] INFO     mem_cmp 0x5EFC0000 0x7EFC0000 0x00010000 4
[2022-12-20 04:06:27] INFO     mem_cmp 0x5F7C0000 0x7F7C0000 0x00010000 4
[2022-12-20 04:06:34] INFO     mem_cmp 0x5FFC0000 0x7FFC0000 0x00010000 4
[2022-12-20 04:06:34] INFO     STATE:Mem Compare State
[2022-12-20 04:06:40] INFO     mem_cmp 0x407C0000 0x607C0000 0x00010000 4
[2022-12-20 04:06:47] INFO     mem_cmp 0x40FC0000 0x60FC0000 0x00010000 4
[2022-12-20 04:06:53] INFO     mem_cmp 0x417C0000 0x617C0000 0x00010000 4
[2022-12-20 04:07:00] INFO     mem_cmp 0x41FC0000 0x61FC0000 0x00010000 4
[2022-12-20 04:07:07] INFO     mem_cmp 0x427C0000 0x627C0000 0x00010000 4
[2022-12-20 04:07:13] INFO     mem_cmp 0x42FC0000 0x62FC0000 0x00010000 4
[2022-12-20 04:07:20] INFO     mem_cmp 0x437C0000 0x637C0000 0x00010000 4
[2022-12-20 04:07:26] INFO     mem_cmp 0x43FC0000 0x63FC0000 0x00010000 4
[2022-12-20 04:07:33] INFO     mem_cmp 0x447C0000 0x647C0000 0x00010000 4
[2022-12-20 04:07:39] INFO     mem_cmp 0x44FC0000 0x64FC0000 0x00010000 4
[2022-12-20 04:07:46] INFO     mem_cmp 0x457C0000 0x657C0000 0x00010000 4
[2022-12-20 04:07:53] INFO     mem_cmp 0x45FC0000 0x65FC0000 0x00010000 4
[2022-12-20 04:07:59] INFO     mem_cmp 0x467C0000 0x667C0000 0x00010000 4
[2022-12-20 04:08:06] INFO     mem_cmp 0x46FC0000 0x66FC0000 0x00010000 4
[2022-12-20 04:08:13] INFO     mem_cmp 0x477C0000 0x677C0000 0x00010000 4
[2022-12-20 04:08:19] INFO     mem_cmp 0x47FC0000 0x67FC0000 0x00010000 4
[2022-12-20 04:08:26] INFO     mem_cmp 0x487C0000 0x687C0000 0x00010000 4
[2022-12-20 04:08:33] INFO     mem_cmp 0x48FC0000 0x68FC0000 0x00010000 4
[2022-12-20 04:08:39] INFO     mem_cmp 0x497C0000 0x697C0000 0x00010000 4
[2022-12-20 04:08:46] INFO     mem_cmp 0x49FC0000 0x69FC0000 0x00010000 4
[2022-12-20 04:08:53] INFO     mem_cmp 0x4A7C0000 0x6A7C0000 0x00010000 4
[2022-12-20 04:08:59] INFO     mem_cmp 0x4AFC0000 0x6AFC0000 0x00010000 4
[2022-12-20 04:09:06] INFO     mem_cmp 0x4B7C0000 0x6B7C0000 0x00010000 4
[2022-12-20 04:09:13] INFO     mem_cmp 0x4BFC0000 0x6BFC0000 0x00010000 4
[2022-12-20 04:09:19] INFO     mem_cmp 0x4C7C0000 0x6C7C0000 0x00010000 4
[2022-12-20 04:09:26] INFO     mem_cmp 0x4CFC0000 0x6CFC0000 0x00010000 4
[2022-12-20 04:09:33] INFO     mem_cmp 0x4D7C0000 0x6D7C0000 0x00010000 4
[2022-12-20 04:09:39] INFO     mem_cmp 0x4DFC0000 0x6DFC0000 0x00010000 4
[2022-12-20 04:09:46] INFO     mem_cmp 0x4E7C0000 0x6E7C0000 0x00010000 4
[2022-12-20 04:09:52] INFO     mem_cmp 0x4EFC0000 0x6EFC0000 0x00010000 4
[2022-12-20 04:09:59] INFO     mem_cmp 0x4F7C0000 0x6F7C0000 0x00010000 4
[2022-12-20 04:10:06] INFO     mem_cmp 0x4FFC0000 0x6FFC0000 0x00010000 4
[2022-12-20 04:10:13] INFO     mem_cmp 0x507C0000 0x707C0000 0x00010000 4
[2022-12-20 04:10:19] INFO     mem_cmp 0x50FC0000 0x70FC0000 0x00010000 4
[2022-12-20 04:10:26] INFO     mem_cmp 0x517C0000 0x717C0000 0x00010000 4
[2022-12-20 04:10:32] INFO     mem_cmp 0x51FC0000 0x71FC0000 0x00010000 4
[2022-12-20 04:10:39] INFO     mem_cmp 0x527C0000 0x727C0000 0x00010000 4
[2022-12-20 04:10:45] INFO     mem_cmp 0x52FC0000 0x72FC0000 0x00010000 4
[2022-12-20 04:10:52] INFO     mem_cmp 0x537C0000 0x737C0000 0x00010000 4
[2022-12-20 04:10:59] INFO     mem_cmp 0x53FC0000 0x73FC0000 0x00010000 4
[2022-12-20 04:11:05] INFO     mem_cmp 0x547C0000 0x747C0000 0x00010000 4
[2022-12-20 04:11:12] INFO     mem_cmp 0x54FC0000 0x74FC0000 0x00010000 4
[2022-12-20 04:11:18] INFO     mem_cmp 0x557C0000 0x757C0000 0x00010000 4
[2022-12-20 04:11:25] INFO     mem_cmp 0x55FC0000 0x75FC0000 0x00010000 4
[2022-12-20 04:11:31] INFO     mem_cmp 0x567C0000 0x767C0000 0x00010000 4
[2022-12-20 04:11:38] INFO     mem_cmp 0x56FC0000 0x76FC0000 0x00010000 4
[2022-12-20 04:11:45] INFO     mem_cmp 0x577C0000 0x777C0000 0x00010000 4
[2022-12-20 04:11:52] INFO     mem_cmp 0x57FC0000 0x77FC0000 0x00010000 4
[2022-12-20 04:11:58] INFO     mem_cmp 0x587C0000 0x787C0000 0x00010000 4
[2022-12-20 04:12:05] INFO     mem_cmp 0x58FC0000 0x78FC0000 0x00010000 4
[2022-12-20 04:12:11] INFO     mem_cmp 0x597C0000 0x797C0000 0x00010000 4
[2022-12-20 04:12:18] INFO     mem_cmp 0x59FC0000 0x79FC0000 0x00010000 4
[2022-12-20 04:12:24] INFO     mem_cmp 0x5A7C0000 0x7A7C0000 0x00010000 4
[2022-12-20 04:12:31] INFO     mem_cmp 0x5AFC0000 0x7AFC0000 0x00010000 4
[2022-12-20 04:12:38] INFO     mem_cmp 0x5B7C0000 0x7B7C0000 0x00010000 4
[2022-12-20 04:12:44] INFO     mem_cmp 0x5BFC0000 0x7BFC0000 0x00010000 4
[2022-12-20 04:12:50] INFO     mem_cmp 0x5C7C0000 0x7C7C0000 0x00010000 4
[2022-12-20 04:12:57] INFO     mem_cmp 0x5CFC0000 0x7CFC0000 0x00010000 4
[2022-12-20 04:13:04] INFO     mem_cmp 0x5D7C0000 0x7D7C0000 0x00010000 4
[2022-12-20 04:13:10] INFO     mem_cmp 0x5DFC0000 0x7DFC0000 0x00010000 4
[2022-12-20 04:13:17] INFO     mem_cmp 0x5E7C0000 0x7E7C0000 0x00010000 4
[2022-12-20 04:13:23] INFO     mem_cmp 0x5EFC0000 0x7EFC0000 0x00010000 4
[2022-12-20 04:13:30] INFO     mem_cmp 0x5F7C0000 0x7F7C0000 0x00010000 4
[2022-12-20 04:13:37] INFO     mem_cmp 0x5FFC0000 0x7FFC0000 0x00010000 4
[2022-12-20 04:13:37] INFO     STATE:Mem Compare State
[2022-12-20 04:13:43] INFO     mem_cmp 0x407C0000 0x607C0000 0x00010000 4
[2022-12-20 04:13:50] INFO     mem_cmp 0x40FC0000 0x60FC0000 0x00010000 4
[2022-12-20 04:13:57] INFO     mem_cmp 0x417C0000 0x617C0000 0x00010000 4
[2022-12-20 04:14:03] INFO     mem_cmp 0x41FC0000 0x61FC0000 0x00010000 4
[2022-12-20 04:14:10] INFO     mem_cmp 0x427C0000 0x627C0000 0x00010000 4
[2022-12-20 04:14:17] INFO     mem_cmp 0x42FC0000 0x62FC0000 0x00010000 4
[2022-12-20 04:14:24] INFO     mem_cmp 0x437C0000 0x637C0000 0x00010000 4
[2022-12-20 04:14:30] INFO     mem_cmp 0x43FC0000 0x63FC0000 0x00010000 4
[2022-12-20 04:14:37] INFO     mem_cmp 0x447C0000 0x647C0000 0x00010000 4
[2022-12-20 04:14:43] INFO     mem_cmp 0x44FC0000 0x64FC0000 0x00010000 4
[2022-12-20 04:14:50] INFO     mem_cmp 0x457C0000 0x657C0000 0x00010000 4
[2022-12-20 04:14:57] INFO     mem_cmp 0x45FC0000 0x65FC0000 0x00010000 4
[2022-12-20 04:15:03] INFO     mem_cmp 0x467C0000 0x667C0000 0x00010000 4
[2022-12-20 04:15:10] INFO     mem_cmp 0x46FC0000 0x66FC0000 0x00010000 4
[2022-12-20 04:15:17] INFO     mem_cmp 0x477C0000 0x677C0000 0x00010000 4
[2022-12-20 04:15:24] INFO     mem_cmp 0x47FC0000 0x67FC0000 0x00010000 4
[2022-12-20 04:15:30] INFO     mem_cmp 0x487C0000 0x687C0000 0x00010000 4
[2022-12-20 04:15:37] INFO     mem_cmp 0x48FC0000 0x68FC0000 0x00010000 4
[2022-12-20 04:15:44] INFO     mem_cmp 0x497C0000 0x697C0000 0x00010000 4
[2022-12-20 04:15:50] INFO     mem_cmp 0x49FC0000 0x69FC0000 0x00010000 4
[2022-12-20 04:15:57] INFO     mem_cmp 0x4A7C0000 0x6A7C0000 0x00010000 4
[2022-12-20 04:16:03] INFO     mem_cmp 0x4AFC0000 0x6AFC0000 0x00010000 4
[2022-12-20 04:16:10] INFO     mem_cmp 0x4B7C0000 0x6B7C0000 0x00010000 4
[2022-12-20 04:16:16] INFO     mem_cmp 0x4BFC0000 0x6BFC0000 0x00010000 4
[2022-12-20 04:16:23] INFO     mem_cmp 0x4C7C0000 0x6C7C0000 0x00010000 4
[2022-12-20 04:16:30] INFO     mem_cmp 0x4CFC0000 0x6CFC0000 0x00010000 4
[2022-12-20 04:16:36] INFO     mem_cmp 0x4D7C0000 0x6D7C0000 0x00010000 4
[2022-12-20 04:16:43] INFO     mem_cmp 0x4DFC0000 0x6DFC0000 0x00010000 4
[2022-12-20 04:16:50] INFO     mem_cmp 0x4E7C0000 0x6E7C0000 0x00010000 4
[2022-12-20 04:16:56] INFO     mem_cmp 0x4EFC0000 0x6EFC0000 0x00010000 4
[2022-12-20 04:17:03] INFO     mem_cmp 0x4F7C0000 0x6F7C0000 0x00010000 4
[2022-12-20 04:17:10] INFO     mem_cmp 0x4FFC0000 0x6FFC0000 0x00010000 4
[2022-12-20 04:17:16] INFO     mem_cmp 0x507C0000 0x707C0000 0x00010000 4
[2022-12-20 04:17:23] INFO     mem_cmp 0x50FC0000 0x70FC0000 0x00010000 4
[2022-12-20 04:17:30] INFO     mem_cmp 0x517C0000 0x717C0000 0x00010000 4
[2022-12-20 04:17:37] INFO     mem_cmp 0x51FC0000 0x71FC0000 0x00010000 4
[2022-12-20 04:17:43] INFO     mem_cmp 0x527C0000 0x727C0000 0x00010000 4
[2022-12-20 04:17:50] INFO     mem_cmp 0x52FC0000 0x72FC0000 0x00010000 4
[2022-12-20 04:17:56] INFO     mem_cmp 0x537C0000 0x737C0000 0x00010000 4
[2022-12-20 04:18:03] INFO     mem_cmp 0x53FC0000 0x73FC0000 0x00010000 4
[2022-12-20 04:18:09] INFO     mem_cmp 0x547C0000 0x747C0000 0x00010000 4
[2022-12-20 04:18:16] INFO     mem_cmp 0x54FC0000 0x74FC0000 0x00010000 4
[2022-12-20 04:18:22] INFO     mem_cmp 0x557C0000 0x757C0000 0x00010000 4
[2022-12-20 04:18:28] INFO     mem_cmp 0x55FC0000 0x75FC0000 0x00010000 4
[2022-12-20 04:18:35] INFO     mem_cmp 0x567C0000 0x767C0000 0x00010000 4
[2022-12-20 04:18:41] INFO     mem_cmp 0x56FC0000 0x76FC0000 0x00010000 4
[2022-12-20 04:18:48] INFO     mem_cmp 0x577C0000 0x777C0000 0x00010000 4
[2022-12-20 04:18:55] INFO     mem_cmp 0x57FC0000 0x77FC0000 0x00010000 4
[2022-12-20 04:19:02] INFO     mem_cmp 0x587C0000 0x787C0000 0x00010000 4
[2022-12-20 04:19:09] INFO     mem_cmp 0x58FC0000 0x78FC0000 0x00010000 4
[2022-12-20 04:19:15] INFO     mem_cmp 0x597C0000 0x797C0000 0x00010000 4
[2022-12-20 04:19:22] INFO     mem_cmp 0x59FC0000 0x79FC0000 0x00010000 4
[2022-12-20 04:19:28] INFO     mem_cmp 0x5A7C0000 0x7A7C0000 0x00010000 4
[2022-12-20 04:19:35] INFO     mem_cmp 0x5AFC0000 0x7AFC0000 0x00010000 4
[2022-12-20 04:19:41] INFO     mem_cmp 0x5B7C0000 0x7B7C0000 0x00010000 4
[2022-12-20 04:19:48] INFO     mem_cmp 0x5BFC0000 0x7BFC0000 0x00010000 4
[2022-12-20 04:19:55] INFO     mem_cmp 0x5C7C0000 0x7C7C0000 0x00010000 4
[2022-12-20 04:20:01] INFO     mem_cmp 0x5CFC0000 0x7CFC0000 0x00010000 4
[2022-12-20 04:20:08] INFO     mem_cmp 0x5D7C0000 0x7D7C0000 0x00010000 4
[2022-12-20 04:20:15] INFO     mem_cmp 0x5DFC0000 0x7DFC0000 0x00010000 4
[2022-12-20 04:20:22] INFO     mem_cmp 0x5E7C0000 0x7E7C0000 0x00010000 4
[2022-12-20 04:20:28] INFO     mem_cmp 0x5EFC0000 0x7EFC0000 0x00010000 4
[2022-12-20 04:20:35] INFO     mem_cmp 0x5F7C0000 0x7F7C0000 0x00010000 4
[2022-12-20 04:20:41] INFO     mem_cmp 0x5FFC0000 0x7FFC0000 0x00010000 4
[2022-12-20 04:20:41] INFO     STATE:Mem Compare State
[2022-12-20 04:20:48] INFO     mem_cmp 0x407C0000 0x607C0000 0x00010000 4
[2022-12-20 04:20:54] INFO     mem_cmp 0x40FC0000 0x60FC0000 0x00010000 4
[2022-12-20 04:21:01] INFO     mem_cmp 0x417C0000 0x617C0000 0x00010000 4
[2022-12-20 04:21:08] INFO     mem_cmp 0x41FC0000 0x61FC0000 0x00010000 4
[2022-12-20 04:21:14] INFO     mem_cmp 0x427C0000 0x627C0000 0x00010000 4
[2022-12-20 04:21:21] INFO     mem_cmp 0x42FC0000 0x62FC0000 0x00010000 4
[2022-12-20 04:21:28] INFO     mem_cmp 0x437C0000 0x637C0000 0x00010000 4
[2022-12-20 04:21:34] INFO     mem_cmp 0x43FC0000 0x63FC0000 0x00010000 4
[2022-12-20 04:21:41] INFO     mem_cmp 0x447C0000 0x647C0000 0x00010000 4
[2022-12-20 04:21:48] INFO     mem_cmp 0x44FC0000 0x64FC0000 0x00010000 4
[2022-12-20 04:21:54] INFO     mem_cmp 0x457C0000 0x657C0000 0x00010000 4
[2022-12-20 04:22:01] INFO     mem_cmp 0x45FC0000 0x65FC0000 0x00010000 4
[2022-12-20 04:22:08] INFO     mem_cmp 0x467C0000 0x667C0000 0x00010000 4
[2022-12-20 04:22:14] INFO     mem_cmp 0x46FC0000 0x66FC0000 0x00010000 4
[2022-12-20 04:22:19] INFO     mem_cmp 0x477C0000 0x677C0000 0x00010000 4
[2022-12-20 04:22:24] INFO     mem_cmp 0x47FC0000 0x67FC0000 0x00010000 4
[2022-12-20 04:22:30] INFO     mem_cmp 0x487C0000 0x687C0000 0x00010000 4
[2022-12-20 04:22:37] INFO     mem_cmp 0x48FC0000 0x68FC0000 0x00010000 4
[2022-12-20 04:22:43] INFO     mem_cmp 0x497C0000 0x697C0000 0x00010000 4
[2022-12-20 04:22:50] INFO     mem_cmp 0x49FC0000 0x69FC0000 0x00010000 4
[2022-12-20 04:22:57] INFO     mem_cmp 0x4A7C0000 0x6A7C0000 0x00010000 4
[2022-12-20 04:23:03] INFO     mem_cmp 0x4AFC0000 0x6AFC0000 0x00010000 4
[2022-12-20 04:23:10] INFO     mem_cmp 0x4B7C0000 0x6B7C0000 0x00010000 4
[2022-12-20 04:23:16] INFO     mem_cmp 0x4BFC0000 0x6BFC0000 0x00010000 4
[2022-12-20 04:23:23] INFO     mem_cmp 0x4C7C0000 0x6C7C0000 0x00010000 4
[2022-12-20 04:23:30] INFO     mem_cmp 0x4CFC0000 0x6CFC0000 0x00010000 4
[2022-12-20 04:23:36] INFO     mem_cmp 0x4D7C0000 0x6D7C0000 0x00010000 4
[2022-12-20 04:23:43] INFO     mem_cmp 0x4DFC0000 0x6DFC0000 0x00010000 4
[2022-12-20 04:23:49] INFO     mem_cmp 0x4E7C0000 0x6E7C0000 0x00010000 4
[2022-12-20 04:23:56] INFO     mem_cmp 0x4EFC0000 0x6EFC0000 0x00010000 4
[2022-12-20 04:24:03] INFO     mem_cmp 0x4F7C0000 0x6F7C0000 0x00010000 4
[2022-12-20 04:24:10] INFO     mem_cmp 0x4FFC0000 0x6FFC0000 0x00010000 4
[2022-12-20 04:24:17] INFO     mem_cmp 0x507C0000 0x707C0000 0x00010000 4
[2022-12-20 04:24:24] INFO     mem_cmp 0x50FC0000 0x70FC0000 0x00010000 4
[2022-12-20 04:24:30] INFO     mem_cmp 0x517C0000 0x717C0000 0x00010000 4
[2022-12-20 04:24:36] INFO     mem_cmp 0x51FC0000 0x71FC0000 0x00010000 4
[2022-12-20 04:24:43] INFO     mem_cmp 0x527C0000 0x727C0000 0x00010000 4
[2022-12-20 04:24:49] INFO     mem_cmp 0x52FC0000 0x72FC0000 0x00010000 4
[2022-12-20 04:24:56] INFO     mem_cmp 0x537C0000 0x737C0000 0x00010000 4
[2022-12-20 04:25:03] INFO     mem_cmp 0x53FC0000 0x73FC0000 0x00010000 4
[2022-12-20 04:25:09] INFO     mem_cmp 0x547C0000 0x747C0000 0x00010000 4
[2022-12-20 04:25:16] INFO     mem_cmp 0x54FC0000 0x74FC0000 0x00010000 4
[2022-12-20 04:25:23] INFO     mem_cmp 0x557C0000 0x757C0000 0x00010000 4
[2022-12-20 04:25:23] INFO     Memory Error detected
[2022-12-20 04:25:23] INFO     addr1: 0x5587d170, content: 0x5a1a5a5a
[2022-12-20 04:25:23] INFO     addr2: 0x7587d170, content: 0x5a5a5a5a
[2022-12-20 04:25:29] INFO     mem_cmp 0x55FC0000 0x75FC0000 0x00010000 4
[2022-12-20 04:25:36] INFO     mem_cmp 0x567C0000 0x767C0000 0x00010000 4
[2022-12-20 04:25:42] INFO     mem_cmp 0x56FC0000 0x76FC0000 0x00010000 4
[2022-12-20 04:25:49] INFO     mem_cmp 0x577C0000 0x777C0000 0x00010000 4
[2022-12-20 04:25:55] INFO     mem_cmp 0x57FC0000 0x77FC0000 0x00010000 4
[2022-12-20 04:26:02] INFO     mem_cmp 0x587C0000 0x787C0000 0x00010000 4
[2022-12-20 04:26:09] INFO     mem_cmp 0x58FC0000 0x78FC0000 0x00010000 4
[2022-12-20 04:26:15] INFO     mem_cmp 0x597C0000 0x797C0000 0x00010000 4
[2022-12-20 04:26:22] INFO     mem_cmp 0x59FC0000 0x79FC0000 0x00010000 4
[2022-12-20 04:26:29] INFO     mem_cmp 0x5A7C0000 0x7A7C0000 0x00010000 4
[2022-12-20 04:26:35] INFO     mem_cmp 0x5AFC0000 0x7AFC0000 0x00010000 4
[2022-12-20 04:26:42] INFO     mem_cmp 0x5B7C0000 0x7B7C0000 0x00010000 4
[2022-12-20 04:26:49] INFO     mem_cmp 0x5BFC0000 0x7BFC0000 0x00010000 4
[2022-12-20 04:26:55] INFO     mem_cmp 0x5C7C0000 0x7C7C0000 0x00010000 4
[2022-12-20 04:27:02] INFO     mem_cmp 0x5CFC0000 0x7CFC0000 0x00010000 4
[2022-12-20 04:27:09] INFO     mem_cmp 0x5D7C0000 0x7D7C0000 0x00010000 4
[2022-12-20 04:27:15] INFO     mem_cmp 0x5DFC0000 0x7DFC0000 0x00010000 4
[2022-12-20 04:27:22] INFO     mem_cmp 0x5E7C0000 0x7E7C0000 0x00010000 4
[2022-12-20 04:27:28] INFO     mem_cmp 0x5EFC0000 0x7EFC0000 0x00010000 4
[2022-12-20 04:27:35] INFO     mem_cmp 0x5F7C0000 0x7F7C0000 0x00010000 4
[2022-12-20 04:27:41] INFO     mem_cmp 0x5FFC0000 0x7FFC0000 0x00010000 4
[2022-12-20 04:27:42] INFO     STATE:Mem Init State
[2022-12-20 04:27:42] INFO     Issuing mem_write command
[2022-12-20 04:27:42] INFO     Giving time for mem_write command (90 seconds)
[2022-12-20 04:27:52] INFO     Giving time for mem_write command (80 seconds)
[2022-12-20 04:28:02] INFO     Giving time for mem_write command (70 seconds)
[2022-12-20 04:28:12] INFO     Giving time for mem_write command (60 seconds)
[2022-12-20 04:28:22] INFO     Giving time for mem_write command (50 seconds)
[2022-12-20 04:28:32] INFO     Giving time for mem_write command (40 seconds)
[2022-12-20 04:28:42] INFO     Giving time for mem_write command (30 seconds)
[2022-12-20 04:28:52] INFO     Giving time for mem_write command (20 seconds)
[2022-12-20 04:29:02] INFO     Giving time for mem_write command (10 seconds)
[2022-12-20 04:29:12] INFO     STATE:Mem Compare State
[2022-12-20 04:29:18] INFO     mem_cmp 0x407C0000 0x607C0000 0x00010000 4
[2022-12-20 04:29:25] INFO     mem_cmp 0x40FC0000 0x60FC0000 0x00010000 4
[2022-12-20 04:29:31] INFO     mem_cmp 0x417C0000 0x617C0000 0x00010000 4
[2022-12-20 04:29:37] INFO     mem_cmp 0x41FC0000 0x61FC0000 0x00010000 4
[2022-12-20 04:29:44] INFO     mem_cmp 0x427C0000 0x627C0000 0x00010000 4
[2022-12-20 04:29:51] INFO     mem_cmp 0x42FC0000 0x62FC0000 0x00010000 4
[2022-12-20 04:29:57] INFO     mem_cmp 0x437C0000 0x637C0000 0x00010000 4
[2022-12-20 04:30:04] INFO     mem_cmp 0x43FC0000 0x63FC0000 0x00010000 4
[2022-12-20 04:30:10] INFO     mem_cmp 0x447C0000 0x647C0000 0x00010000 4
[2022-12-20 04:30:17] INFO     mem_cmp 0x44FC0000 0x64FC0000 0x00010000 4
[2022-12-20 04:30:23] INFO     mem_cmp 0x457C0000 0x657C0000 0x00010000 4
[2022-12-20 04:30:30] INFO     mem_cmp 0x45FC0000 0x65FC0000 0x00010000 4
[2022-12-20 04:30:36] INFO     mem_cmp 0x467C0000 0x667C0000 0x00010000 4
[2022-12-20 04:30:43] INFO     mem_cmp 0x46FC0000 0x66FC0000 0x00010000 4
[2022-12-20 04:30:49] INFO     mem_cmp 0x477C0000 0x677C0000 0x00010000 4
[2022-12-20 04:30:56] INFO     mem_cmp 0x47FC0000 0x67FC0000 0x00010000 4
[2022-12-20 04:31:01] INFO     mem_cmp 0x487C0000 0x687C0000 0x00010000 4
[2022-12-20 04:31:08] INFO     mem_cmp 0x48FC0000 0x68FC0000 0x00010000 4
[2022-12-20 04:31:14] INFO     mem_cmp 0x497C0000 0x697C0000 0x00010000 4
[2022-12-20 04:31:21] INFO     mem_cmp 0x49FC0000 0x69FC0000 0x00010000 4
[2022-12-20 04:31:27] INFO     mem_cmp 0x4A7C0000 0x6A7C0000 0x00010000 4
[2022-12-20 04:31:34] INFO     mem_cmp 0x4AFC0000 0x6AFC0000 0x00010000 4
[2022-12-20 04:31:41] INFO     mem_cmp 0x4B7C0000 0x6B7C0000 0x00010000 4
[2022-12-20 04:31:47] INFO     mem_cmp 0x4BFC0000 0x6BFC0000 0x00010000 4
[2022-12-20 04:31:54] INFO     mem_cmp 0x4C7C0000 0x6C7C0000 0x00010000 4
[2022-12-20 04:32:00] INFO     mem_cmp 0x4CFC0000 0x6CFC0000 0x00010000 4
[2022-12-20 04:32:07] INFO     mem_cmp 0x4D7C0000 0x6D7C0000 0x00010000 4
[2022-12-20 04:32:14] INFO     mem_cmp 0x4DFC0000 0x6DFC0000 0x00010000 4
[2022-12-20 04:32:20] INFO     mem_cmp 0x4E7C0000 0x6E7C0000 0x00010000 4
[2022-12-20 04:32:27] INFO     mem_cmp 0x4EFC0000 0x6EFC0000 0x00010000 4
[2022-12-20 04:32:34] INFO     mem_cmp 0x4F7C0000 0x6F7C0000 0x00010000 4
[2022-12-20 04:32:40] INFO     mem_cmp 0x4FFC0000 0x6FFC0000 0x00010000 4
[2022-12-20 04:32:47] INFO     mem_cmp 0x507C0000 0x707C0000 0x00010000 4
[2022-12-20 04:32:53] INFO     mem_cmp 0x50FC0000 0x70FC0000 0x00010000 4
[2022-12-20 04:33:00] INFO     mem_cmp 0x517C0000 0x717C0000 0x00010000 4
[2022-12-20 04:33:07] INFO     mem_cmp 0x51FC0000 0x71FC0000 0x00010000 4
[2022-12-20 04:33:13] INFO     mem_cmp 0x527C0000 0x727C0000 0x00010000 4
[2022-12-20 04:33:20] INFO     mem_cmp 0x52FC0000 0x72FC0000 0x00010000 4
[2022-12-20 04:33:26] INFO     mem_cmp 0x537C0000 0x737C0000 0x00010000 4
[2022-12-20 04:33:32] INFO     mem_cmp 0x53FC0000 0x73FC0000 0x00010000 4
[2022-12-20 04:33:39] INFO     mem_cmp 0x547C0000 0x747C0000 0x00010000 4
[2022-12-20 04:33:46] INFO     mem_cmp 0x54FC0000 0x74FC0000 0x00010000 4
[2022-12-20 04:33:52] INFO     mem_cmp 0x557C0000 0x757C0000 0x00010000 4
[2022-12-20 04:33:59] INFO     mem_cmp 0x55FC0000 0x75FC0000 0x00010000 4
[2022-12-20 04:34:05] INFO     mem_cmp 0x567C0000 0x767C0000 0x00010000 4
[2022-12-20 04:34:12] INFO     mem_cmp 0x56FC0000 0x76FC0000 0x00010000 4
[2022-12-20 04:34:19] INFO     mem_cmp 0x577C0000 0x777C0000 0x00010000 4
[2022-12-20 04:34:25] INFO     mem_cmp 0x57FC0000 0x77FC0000 0x00010000 4
[2022-12-20 04:34:32] INFO     mem_cmp 0x587C0000 0x787C0000 0x00010000 4
[2022-12-20 04:34:39] INFO     mem_cmp 0x58FC0000 0x78FC0000 0x00010000 4
[2022-12-20 04:34:46] INFO     mem_cmp 0x597C0000 0x797C0000 0x00010000 4
[2022-12-20 04:34:52] INFO     mem_cmp 0x59FC0000 0x79FC0000 0x00010000 4
[2022-12-20 04:34:59] INFO     mem_cmp 0x5A7C0000 0x7A7C0000 0x00010000 4
[2022-12-20 04:35:06] INFO     mem_cmp 0x5AFC0000 0x7AFC0000 0x00010000 4
[2022-12-20 04:35:12] INFO     mem_cmp 0x5B7C0000 0x7B7C0000 0x00010000 4
[2022-12-20 04:35:19] INFO     mem_cmp 0x5BFC0000 0x7BFC0000 0x00010000 4
[2022-12-20 04:35:26] INFO     mem_cmp 0x5C7C0000 0x7C7C0000 0x00010000 4
[2022-12-20 04:35:33] INFO     mem_cmp 0x5CFC0000 0x7CFC0000 0x00010000 4
[2022-12-20 04:35:39] INFO     mem_cmp 0x5D7C0000 0x7D7C0000 0x00010000 4
[2022-12-20 04:35:46] INFO     mem_cmp 0x5DFC0000 0x7DFC0000 0x00010000 4
[2022-12-20 04:35:53] INFO     mem_cmp 0x5E7C0000 0x7E7C0000 0x00010000 4
[2022-12-20 04:36:00] INFO     mem_cmp 0x5EFC0000 0x7EFC0000 0x00010000 4
[2022-12-20 04:36:06] INFO     mem_cmp 0x5F7C0000 0x7F7C0000 0x00010000 4
[2022-12-20 04:36:13] INFO     mem_cmp 0x5FFC0000 0x7FFC0000 0x00010000 4
[2022-12-20 04:36:13] INFO     STATE:Mem Compare State
[2022-12-20 04:36:19] INFO     mem_cmp 0x407C0000 0x607C0000 0x00010000 4
[2022-12-20 04:36:26] INFO     mem_cmp 0x40FC0000 0x60FC0000 0x00010000 4
[2022-12-20 04:36:33] INFO     mem_cmp 0x417C0000 0x617C0000 0x00010000 4
[2022-12-20 04:36:39] INFO     mem_cmp 0x41FC0000 0x61FC0000 0x00010000 4
[2022-12-20 04:36:46] INFO     mem_cmp 0x427C0000 0x627C0000 0x00010000 4
[2022-12-20 04:36:53] INFO     mem_cmp 0x42FC0000 0x62FC0000 0x00010000 4
[2022-12-20 04:36:59] INFO     mem_cmp 0x437C0000 0x637C0000 0x00010000 4
[2022-12-20 04:37:06] INFO     mem_cmp 0x43FC0000 0x63FC0000 0x00010000 4
[2022-12-20 04:37:13] INFO     mem_cmp 0x447C0000 0x647C0000 0x00010000 4
[2022-12-20 04:37:19] INFO     mem_cmp 0x44FC0000 0x64FC0000 0x00010000 4
[2022-12-20 04:37:26] INFO     mem_cmp 0x457C0000 0x657C0000 0x00010000 4
[2022-12-20 04:37:32] INFO     mem_cmp 0x45FC0000 0x65FC0000 0x00010000 4
[2022-12-20 04:37:39] INFO     mem_cmp 0x467C0000 0x667C0000 0x00010000 4
[2022-12-20 04:37:45] INFO     mem_cmp 0x46FC0000 0x66FC0000 0x00010000 4
[2022-12-20 04:37:51] INFO     mem_cmp 0x477C0000 0x677C0000 0x00010000 4
[2022-12-20 04:37:58] INFO     mem_cmp 0x47FC0000 0x67FC0000 0x00010000 4
[2022-12-20 04:38:05] INFO     mem_cmp 0x487C0000 0x687C0000 0x00010000 4
[2022-12-20 04:38:11] INFO     mem_cmp 0x48FC0000 0x68FC0000 0x00010000 4
[2022-12-20 04:38:18] INFO     mem_cmp 0x497C0000 0x697C0000 0x00010000 4
[2022-12-20 04:38:25] INFO     mem_cmp 0x49FC0000 0x69FC0000 0x00010000 4
[2022-12-20 04:38:32] INFO     mem_cmp 0x4A7C0000 0x6A7C0000 0x00010000 4
[2022-12-20 04:38:38] INFO     mem_cmp 0x4AFC0000 0x6AFC0000 0x00010000 4
[2022-12-20 04:38:45] INFO     mem_cmp 0x4B7C0000 0x6B7C0000 0x00010000 4
[2022-12-20 04:38:51] INFO     mem_cmp 0x4BFC0000 0x6BFC0000 0x00010000 4
[2022-12-20 04:38:58] INFO     mem_cmp 0x4C7C0000 0x6C7C0000 0x00010000 4
[2022-12-20 04:39:05] INFO     mem_cmp 0x4CFC0000 0x6CFC0000 0x00010000 4
[2022-12-20 04:39:12] INFO     mem_cmp 0x4D7C0000 0x6D7C0000 0x00010000 4
[2022-12-20 04:39:18] INFO     mem_cmp 0x4DFC0000 0x6DFC0000 0x00010000 4
[2022-12-20 04:39:25] INFO     mem_cmp 0x4E7C0000 0x6E7C0000 0x00010000 4
[2022-12-20 04:39:32] INFO     mem_cmp 0x4EFC0000 0x6EFC0000 0x00010000 4
[2022-12-20 04:39:38] INFO     mem_cmp 0x4F7C0000 0x6F7C0000 0x00010000 4
[2022-12-20 04:39:45] INFO     mem_cmp 0x4FFC0000 0x6FFC0000 0x00010000 4
[2022-12-20 04:39:51] INFO     mem_cmp 0x507C0000 0x707C0000 0x00010000 4
[2022-12-20 04:39:58] INFO     mem_cmp 0x50FC0000 0x70FC0000 0x00010000 4
[2022-12-20 04:40:04] INFO     mem_cmp 0x517C0000 0x717C0000 0x00010000 4
[2022-12-20 04:40:11] INFO     mem_cmp 0x51FC0000 0x71FC0000 0x00010000 4
[2022-12-20 04:40:17] INFO     mem_cmp 0x527C0000 0x727C0000 0x00010000 4
[2022-12-20 04:40:24] INFO     mem_cmp 0x52FC0000 0x72FC0000 0x00010000 4
[2022-12-20 04:40:30] INFO     mem_cmp 0x537C0000 0x737C0000 0x00010000 4
[2022-12-20 04:40:37] INFO     mem_cmp 0x53FC0000 0x73FC0000 0x00010000 4
[2022-12-20 04:40:44] INFO     mem_cmp 0x547C0000 0x747C0000 0x00010000 4
[2022-12-20 04:40:50] INFO     mem_cmp 0x54FC0000 0x74FC0000 0x00010000 4
[2022-12-20 04:40:57] INFO     mem_cmp 0x557C0000 0x757C0000 0x00010000 4
[2022-12-20 04:41:04] INFO     mem_cmp 0x55FC0000 0x75FC0000 0x00010000 4
[2022-12-20 04:41:11] INFO     mem_cmp 0x567C0000 0x767C0000 0x00010000 4
[2022-12-20 04:41:17] INFO     mem_cmp 0x56FC0000 0x76FC0000 0x00010000 4
[2022-12-20 04:41:24] INFO     mem_cmp 0x577C0000 0x777C0000 0x00010000 4
[2022-12-20 04:41:30] INFO     mem_cmp 0x57FC0000 0x77FC0000 0x00010000 4
[2022-12-20 04:41:37] INFO     mem_cmp 0x587C0000 0x787C0000 0x00010000 4
[2022-12-20 04:41:43] INFO     mem_cmp 0x58FC0000 0x78FC0000 0x00010000 4
[2022-12-20 04:41:50] INFO     mem_cmp 0x597C0000 0x797C0000 0x00010000 4
[2022-12-20 04:41:56] INFO     mem_cmp 0x59FC0000 0x79FC0000 0x00010000 4
[2022-12-20 04:42:03] INFO     mem_cmp 0x5A7C0000 0x7A7C0000 0x00010000 4
[2022-12-20 04:42:10] INFO     mem_cmp 0x5AFC0000 0x7AFC0000 0x00010000 4
[2022-12-20 04:42:16] INFO     mem_cmp 0x5B7C0000 0x7B7C0000 0x00010000 4
[2022-12-20 04:42:23] INFO     mem_cmp 0x5BFC0000 0x7BFC0000 0x00010000 4
[2022-12-20 04:42:30] INFO     mem_cmp 0x5C7C0000 0x7C7C0000 0x00010000 4
[2022-12-20 04:42:37] INFO     mem_cmp 0x5CFC0000 0x7CFC0000 0x00010000 4
[2022-12-20 04:42:43] INFO     mem_cmp 0x5D7C0000 0x7D7C0000 0x00010000 4
[2022-12-20 04:42:50] INFO     mem_cmp 0x5DFC0000 0x7DFC0000 0x00010000 4
[2022-12-20 04:42:57] INFO     mem_cmp 0x5E7C0000 0x7E7C0000 0x00010000 4
[2022-12-20 04:43:03] INFO     mem_cmp 0x5EFC0000 0x7EFC0000 0x00010000 4
[2022-12-20 04:43:10] INFO     mem_cmp 0x5F7C0000 0x7F7C0000 0x00010000 4
[2022-12-20 04:43:17] INFO     mem_cmp 0x5FFC0000 0x7FFC0000 0x00010000 4
[2022-12-20 04:43:17] INFO     STATE:Mem Compare State
[2022-12-20 04:43:23] INFO     mem_cmp 0x407C0000 0x607C0000 0x00010000 4
[2022-12-20 04:43:30] INFO     mem_cmp 0x40FC0000 0x60FC0000 0x00010000 4
[2022-12-20 04:43:37] INFO     mem_cmp 0x417C0000 0x617C0000 0x00010000 4
[2022-12-20 04:43:43] INFO     mem_cmp 0x41FC0000 0x61FC0000 0x00010000 4
[2022-12-20 04:43:50] INFO     mem_cmp 0x427C0000 0x627C0000 0x00010000 4
[2022-12-20 04:43:57] INFO     mem_cmp 0x42FC0000 0x62FC0000 0x00010000 4
[2022-12-20 04:44:03] INFO     mem_cmp 0x437C0000 0x637C0000 0x00010000 4
[2022-12-20 04:44:10] INFO     mem_cmp 0x43FC0000 0x63FC0000 0x00010000 4
[2022-12-20 04:44:16] INFO     mem_cmp 0x447C0000 0x647C0000 0x00010000 4
[2022-12-20 04:44:23] INFO     mem_cmp 0x44FC0000 0x64FC0000 0x00010000 4
[2022-12-20 04:44:30] INFO     mem_cmp 0x457C0000 0x657C0000 0x00010000 4
[2022-12-20 04:44:36] INFO     mem_cmp 0x45FC0000 0x65FC0000 0x00010000 4
[2022-12-20 04:44:43] INFO     mem_cmp 0x467C0000 0x667C0000 0x00010000 4
[2022-12-20 04:44:50] INFO     mem_cmp 0x46FC0000 0x66FC0000 0x00010000 4
[2022-12-20 04:44:56] INFO     mem_cmp 0x477C0000 0x677C0000 0x00010000 4
[2022-12-20 04:45:03] INFO     mem_cmp 0x47FC0000 0x67FC0000 0x00010000 4
[2022-12-20 04:45:09] INFO     mem_cmp 0x487C0000 0x687C0000 0x00010000 4
[2022-12-20 04:45:16] INFO     mem_cmp 0x48FC0000 0x68FC0000 0x00010000 4
[2022-12-20 04:45:22] INFO     mem_cmp 0x497C0000 0x697C0000 0x00010000 4
[2022-12-20 04:45:29] INFO     mem_cmp 0x49FC0000 0x69FC0000 0x00010000 4
[2022-12-20 04:45:35] INFO     mem_cmp 0x4A7C0000 0x6A7C0000 0x00010000 4
[2022-12-20 04:45:42] INFO     mem_cmp 0x4AFC0000 0x6AFC0000 0x00010000 4
[2022-12-20 04:45:49] INFO     mem_cmp 0x4B7C0000 0x6B7C0000 0x00010000 4
[2022-12-20 04:45:55] INFO     mem_cmp 0x4BFC0000 0x6BFC0000 0x00010000 4
[2022-12-20 04:46:02] INFO     mem_cmp 0x4C7C0000 0x6C7C0000 0x00010000 4
[2022-12-20 04:46:08] INFO     mem_cmp 0x4CFC0000 0x6CFC0000 0x00010000 4
[2022-12-20 04:46:15] INFO     mem_cmp 0x4D7C0000 0x6D7C0000 0x00010000 4
[2022-12-20 04:46:22] INFO     mem_cmp 0x4DFC0000 0x6DFC0000 0x00010000 4
[2022-12-20 04:46:28] INFO     mem_cmp 0x4E7C0000 0x6E7C0000 0x00010000 4
[2022-12-20 04:46:35] INFO     mem_cmp 0x4EFC0000 0x6EFC0000 0x00010000 4
[2022-12-20 04:46:41] INFO     mem_cmp 0x4F7C0000 0x6F7C0000 0x00010000 4
[2022-12-20 04:46:48] INFO     mem_cmp 0x4FFC0000 0x6FFC0000 0x00010000 4
[2022-12-20 04:46:54] INFO     mem_cmp 0x507C0000 0x707C0000 0x00010000 4
[2022-12-20 04:47:01] INFO     mem_cmp 0x50FC0000 0x70FC0000 0x00010000 4
[2022-12-20 04:47:08] INFO     mem_cmp 0x517C0000 0x717C0000 0x00010000 4
[2022-12-20 04:47:14] INFO     mem_cmp 0x51FC0000 0x71FC0000 0x00010000 4
[2022-12-20 04:47:21] INFO     mem_cmp 0x527C0000 0x727C0000 0x00010000 4
[2022-12-20 04:47:28] INFO     mem_cmp 0x52FC0000 0x72FC0000 0x00010000 4
[2022-12-20 04:47:34] INFO     mem_cmp 0x537C0000 0x737C0000 0x00010000 4
[2022-12-20 04:47:41] INFO     mem_cmp 0x53FC0000 0x73FC0000 0x00010000 4
[2022-12-20 04:47:48] INFO     mem_cmp 0x547C0000 0x747C0000 0x00010000 4
[2022-12-20 04:47:54] INFO     mem_cmp 0x54FC0000 0x74FC0000 0x00010000 4
[2022-12-20 04:48:01] INFO     mem_cmp 0x557C0000 0x757C0000 0x00010000 4
[2022-12-20 04:48:08] INFO     mem_cmp 0x55FC0000 0x75FC0000 0x00010000 4
[2022-12-20 04:48:14] INFO     mem_cmp 0x567C0000 0x767C0000 0x00010000 4
[2022-12-20 04:48:21] INFO     mem_cmp 0x56FC0000 0x76FC0000 0x00010000 4
[2022-12-20 04:48:27] INFO     mem_cmp 0x577C0000 0x777C0000 0x00010000 4
[2022-12-20 04:48:34] INFO     mem_cmp 0x57FC0000 0x77FC0000 0x00010000 4
[2022-12-20 04:48:41] INFO     mem_cmp 0x587C0000 0x787C0000 0x00010000 4
[2022-12-20 04:48:48] INFO     mem_cmp 0x58FC0000 0x78FC0000 0x00010000 4
[2022-12-20 04:48:54] INFO     mem_cmp 0x597C0000 0x797C0000 0x00010000 4
[2022-12-20 04:49:01] INFO     mem_cmp 0x59FC0000 0x79FC0000 0x00010000 4
[2022-12-20 04:49:07] INFO     mem_cmp 0x5A7C0000 0x7A7C0000 0x00010000 4
[2022-12-20 04:49:13] INFO     mem_cmp 0x5AFC0000 0x7AFC0000 0x00010000 4
[2022-12-20 04:49:20] INFO     mem_cmp 0x5B7C0000 0x7B7C0000 0x00010000 4
[2022-12-20 04:49:27] INFO     mem_cmp 0x5BFC0000 0x7BFC0000 0x00010000 4
[2022-12-20 04:49:33] INFO     mem_cmp 0x5C7C0000 0x7C7C0000 0x00010000 4
[2022-12-20 04:49:40] INFO     mem_cmp 0x5CFC0000 0x7CFC0000 0x00010000 4
[2022-12-20 04:49:46] INFO     mem_cmp 0x5D7C0000 0x7D7C0000 0x00010000 4
[2022-12-20 04:49:53] INFO     mem_cmp 0x5DFC0000 0x7DFC0000 0x00010000 4
[2022-12-20 04:50:00] INFO     mem_cmp 0x5E7C0000 0x7E7C0000 0x00010000 4
[2022-12-20 04:50:06] INFO     mem_cmp 0x5EFC0000 0x7EFC0000 0x00010000 4
[2022-12-20 04:50:13] INFO     mem_cmp 0x5F7C0000 0x7F7C0000 0x00010000 4
[2022-12-20 04:50:19] INFO     mem_cmp 0x5FFC0000 0x7FFC0000 0x00010000 4
[2022-12-20 04:50:20] INFO     STATE:Mem Compare State
[2022-12-20 04:50:26] INFO     mem_cmp 0x407C0000 0x607C0000 0x00010000 4
[2022-12-20 04:50:32] INFO     mem_cmp 0x40FC0000 0x60FC0000 0x00010000 4
[2022-12-20 04:50:39] INFO     mem_cmp 0x417C0000 0x617C0000 0x00010000 4
[2022-12-20 04:50:46] INFO     mem_cmp 0x41FC0000 0x61FC0000 0x00010000 4
[2022-12-20 04:50:52] INFO     mem_cmp 0x427C0000 0x627C0000 0x00010000 4
[2022-12-20 04:50:59] INFO     mem_cmp 0x42FC0000 0x62FC0000 0x00010000 4
[2022-12-20 04:51:05] INFO     mem_cmp 0x437C0000 0x637C0000 0x00010000 4
[2022-12-20 04:51:12] INFO     mem_cmp 0x43FC0000 0x63FC0000 0x00010000 4
[2022-12-20 04:51:19] INFO     mem_cmp 0x447C0000 0x647C0000 0x00010000 4
[2022-12-20 04:51:26] INFO     mem_cmp 0x44FC0000 0x64FC0000 0x00010000 4
[2022-12-20 04:51:32] INFO     mem_cmp 0x457C0000 0x657C0000 0x00010000 4
[2022-12-20 04:51:39] INFO     mem_cmp 0x45FC0000 0x65FC0000 0x00010000 4
[2022-12-20 04:51:46] INFO     mem_cmp 0x467C0000 0x667C0000 0x00010000 4
[2022-12-20 04:51:52] INFO     mem_cmp 0x46FC0000 0x66FC0000 0x00010000 4
[2022-12-20 04:51:59] INFO     mem_cmp 0x477C0000 0x677C0000 0x00010000 4
[2022-12-20 04:52:06] INFO     mem_cmp 0x47FC0000 0x67FC0000 0x00010000 4
[2022-12-20 04:52:12] INFO     mem_cmp 0x487C0000 0x687C0000 0x00010000 4
[2022-12-20 04:52:19] INFO     mem_cmp 0x48FC0000 0x68FC0000 0x00010000 4
[2022-12-20 04:52:26] INFO     mem_cmp 0x497C0000 0x697C0000 0x00010000 4
[2022-12-20 04:52:32] INFO     mem_cmp 0x49FC0000 0x69FC0000 0x00010000 4
[2022-12-20 04:52:39] INFO     mem_cmp 0x4A7C0000 0x6A7C0000 0x00010000 4
[2022-12-20 04:52:46] INFO     mem_cmp 0x4AFC0000 0x6AFC0000 0x00010000 4
[2022-12-20 04:52:53] INFO     mem_cmp 0x4B7C0000 0x6B7C0000 0x00010000 4
[2022-12-20 04:52:59] INFO     mem_cmp 0x4BFC0000 0x6BFC0000 0x00010000 4
[2022-12-20 04:53:06] INFO     mem_cmp 0x4C7C0000 0x6C7C0000 0x00010000 4
[2022-12-20 04:53:12] INFO     mem_cmp 0x4CFC0000 0x6CFC0000 0x00010000 4
[2022-12-20 04:53:19] INFO     mem_cmp 0x4D7C0000 0x6D7C0000 0x00010000 4
[2022-12-20 04:53:26] INFO     mem_cmp 0x4DFC0000 0x6DFC0000 0x00010000 4
[2022-12-20 04:53:32] INFO     mem_cmp 0x4E7C0000 0x6E7C0000 0x00010000 4
[2022-12-20 04:53:39] INFO     mem_cmp 0x4EFC0000 0x6EFC0000 0x00010000 4
[2022-12-20 04:53:45] INFO     mem_cmp 0x4F7C0000 0x6F7C0000 0x00010000 4
[2022-12-20 04:53:52] INFO     mem_cmp 0x4FFC0000 0x6FFC0000 0x00010000 4
[2022-12-20 04:53:58] INFO     mem_cmp 0x507C0000 0x707C0000 0x00010000 4
[2022-12-20 04:54:05] INFO     mem_cmp 0x50FC0000 0x70FC0000 0x00010000 4
[2022-12-20 04:54:12] INFO     mem_cmp 0x517C0000 0x717C0000 0x00010000 4
[2022-12-20 04:54:18] INFO     mem_cmp 0x51FC0000 0x71FC0000 0x00010000 4
[2022-12-20 04:54:25] INFO     mem_cmp 0x527C0000 0x727C0000 0x00010000 4
[2022-12-20 04:54:32] INFO     mem_cmp 0x52FC0000 0x72FC0000 0x00010000 4
[2022-12-20 04:54:38] INFO     mem_cmp 0x537C0000 0x737C0000 0x00010000 4
[2022-12-20 04:54:45] INFO     mem_cmp 0x53FC0000 0x73FC0000 0x00010000 4
[2022-12-20 04:54:51] INFO     mem_cmp 0x547C0000 0x747C0000 0x00010000 4
[2022-12-20 04:54:58] INFO     mem_cmp 0x54FC0000 0x74FC0000 0x00010000 4
[2022-12-20 04:55:04] INFO     mem_cmp 0x557C0000 0x757C0000 0x00010000 4
[2022-12-20 04:55:11] INFO     mem_cmp 0x55FC0000 0x75FC0000 0x00010000 4
[2022-12-20 04:55:17] INFO     mem_cmp 0x567C0000 0x767C0000 0x00010000 4
[2022-12-20 04:55:24] INFO     mem_cmp 0x56FC0000 0x76FC0000 0x00010000 4
[2022-12-20 04:55:31] INFO     mem_cmp 0x577C0000 0x777C0000 0x00010000 4
[2022-12-20 04:55:37] INFO     mem_cmp 0x57FC0000 0x77FC0000 0x00010000 4
[2022-12-20 04:55:44] INFO     mem_cmp 0x587C0000 0x787C0000 0x00010000 4
[2022-12-20 04:55:51] INFO     mem_cmp 0x58FC0000 0x78FC0000 0x00010000 4
[2022-12-20 04:55:57] INFO     mem_cmp 0x597C0000 0x797C0000 0x00010000 4
[2022-12-20 04:56:03] INFO     mem_cmp 0x59FC0000 0x79FC0000 0x00010000 4
[2022-12-20 04:56:10] INFO     mem_cmp 0x5A7C0000 0x7A7C0000 0x00010000 4
[2022-12-20 04:56:17] INFO     mem_cmp 0x5AFC0000 0x7AFC0000 0x00010000 4
[2022-12-20 04:56:23] INFO     mem_cmp 0x5B7C0000 0x7B7C0000 0x00010000 4
[2022-12-20 04:56:30] INFO     mem_cmp 0x5BFC0000 0x7BFC0000 0x00010000 4
[2022-12-20 04:56:36] INFO     mem_cmp 0x5C7C0000 0x7C7C0000 0x00010000 4
[2022-12-20 04:56:43] INFO     mem_cmp 0x5CFC0000 0x7CFC0000 0x00010000 4
[2022-12-20 04:56:50] INFO     mem_cmp 0x5D7C0000 0x7D7C0000 0x00010000 4
[2022-12-20 04:56:56] INFO     mem_cmp 0x5DFC0000 0x7DFC0000 0x00010000 4
[2022-12-20 04:57:03] INFO     mem_cmp 0x5E7C0000 0x7E7C0000 0x00010000 4
[2022-12-20 04:57:10] INFO     mem_cmp 0x5EFC0000 0x7EFC0000 0x00010000 4
[2022-12-20 04:57:16] INFO     mem_cmp 0x5F7C0000 0x7F7C0000 0x00010000 4
[2022-12-20 04:57:23] INFO     mem_cmp 0x5FFC0000 0x7FFC0000 0x00010000 4
[2022-12-20 04:57:23] INFO     STATE:Mem Compare State
[2022-12-20 04:57:30] INFO     mem_cmp 0x407C0000 0x607C0000 0x00010000 4
[2022-12-20 04:57:37] INFO     mem_cmp 0x40FC0000 0x60FC0000 0x00010000 4
[2022-12-20 04:57:43] INFO     mem_cmp 0x417C0000 0x617C0000 0x00010000 4
[2022-12-20 04:57:50] INFO     mem_cmp 0x41FC0000 0x61FC0000 0x00010000 4
[2022-12-20 04:57:56] INFO     mem_cmp 0x427C0000 0x627C0000 0x00010000 4
[2022-12-20 04:58:03] INFO     mem_cmp 0x42FC0000 0x62FC0000 0x00010000 4
[2022-12-20 04:58:10] INFO     mem_cmp 0x437C0000 0x637C0000 0x00010000 4
[2022-12-20 04:58:16] INFO     mem_cmp 0x43FC0000 0x63FC0000 0x00010000 4
[2022-12-20 04:58:23] INFO     mem_cmp 0x447C0000 0x647C0000 0x00010000 4
[2022-12-20 04:58:30] INFO     mem_cmp 0x44FC0000 0x64FC0000 0x00010000 4
[2022-12-20 04:58:36] INFO     mem_cmp 0x457C0000 0x657C0000 0x00010000 4
[2022-12-20 04:58:43] INFO     mem_cmp 0x45FC0000 0x65FC0000 0x00010000 4
[2022-12-20 04:58:49] INFO     mem_cmp 0x467C0000 0x667C0000 0x00010000 4
[2022-12-20 04:58:56] INFO     mem_cmp 0x46FC0000 0x66FC0000 0x00010000 4
[2022-12-20 04:59:02] INFO     mem_cmp 0x477C0000 0x677C0000 0x00010000 4
[2022-12-20 04:59:09] INFO     mem_cmp 0x47FC0000 0x67FC0000 0x00010000 4
[2022-12-20 04:59:16] INFO     mem_cmp 0x487C0000 0x687C0000 0x00010000 4
[2022-12-20 04:59:22] INFO     mem_cmp 0x48FC0000 0x68FC0000 0x00010000 4
[2022-12-20 04:59:29] INFO     mem_cmp 0x497C0000 0x697C0000 0x00010000 4
[2022-12-20 04:59:35] INFO     mem_cmp 0x49FC0000 0x69FC0000 0x00010000 4
[2022-12-20 04:59:42] INFO     mem_cmp 0x4A7C0000 0x6A7C0000 0x00010000 4
[2022-12-20 04:59:49] INFO     mem_cmp 0x4AFC0000 0x6AFC0000 0x00010000 4
[2022-12-20 04:59:55] INFO     mem_cmp 0x4B7C0000 0x6B7C0000 0x00010000 4
[2022-12-20 05:00:02] INFO     mem_cmp 0x4BFC0000 0x6BFC0000 0x00010000 4
[2022-12-20 05:00:08] INFO     mem_cmp 0x4C7C0000 0x6C7C0000 0x00010000 4
[2022-12-20 05:00:15] INFO     mem_cmp 0x4CFC0000 0x6CFC0000 0x00010000 4
[2022-12-20 05:00:22] INFO     mem_cmp 0x4D7C0000 0x6D7C0000 0x00010000 4
[2022-12-20 05:00:28] INFO     mem_cmp 0x4DFC0000 0x6DFC0000 0x00010000 4
[2022-12-20 05:00:35] INFO     mem_cmp 0x4E7C0000 0x6E7C0000 0x00010000 4
[2022-12-20 05:00:42] INFO     mem_cmp 0x4EFC0000 0x6EFC0000 0x00010000 4
[2022-12-20 05:00:48] INFO     mem_cmp 0x4F7C0000 0x6F7C0000 0x00010000 4
[2022-12-20 05:00:55] INFO     mem_cmp 0x4FFC0000 0x6FFC0000 0x00010000 4
[2022-12-20 05:01:02] INFO     mem_cmp 0x507C0000 0x707C0000 0x00010000 4
[2022-12-20 05:01:08] INFO     mem_cmp 0x50FC0000 0x70FC0000 0x00010000 4
[2022-12-20 05:01:15] INFO     mem_cmp 0x517C0000 0x717C0000 0x00010000 4
[2022-12-20 05:01:21] INFO     mem_cmp 0x51FC0000 0x71FC0000 0x00010000 4
[2022-12-20 05:01:28] INFO     mem_cmp 0x527C0000 0x727C0000 0x00010000 4
[2022-12-20 05:01:34] INFO     mem_cmp 0x52FC0000 0x72FC0000 0x00010000 4
[2022-12-20 05:01:41] INFO     mem_cmp 0x537C0000 0x737C0000 0x00010000 4
[2022-12-20 05:01:48] INFO     mem_cmp 0x53FC0000 0x73FC0000 0x00010000 4
[2022-12-20 05:01:54] INFO     mem_cmp 0x547C0000 0x747C0000 0x00010000 4
[2022-12-20 05:02:01] INFO     mem_cmp 0x54FC0000 0x74FC0000 0x00010000 4
[2022-12-20 05:02:08] INFO     mem_cmp 0x557C0000 0x757C0000 0x00010000 4
[2022-12-20 05:02:14] INFO     mem_cmp 0x55FC0000 0x75FC0000 0x00010000 4
[2022-12-20 05:02:21] INFO     mem_cmp 0x567C0000 0x767C0000 0x00010000 4
[2022-12-20 05:02:28] INFO     mem_cmp 0x56FC0000 0x76FC0000 0x00010000 4
[2022-12-20 05:02:35] INFO     mem_cmp 0x577C0000 0x777C0000 0x00010000 4
[2022-12-20 05:02:41] INFO     mem_cmp 0x57FC0000 0x77FC0000 0x00010000 4
[2022-12-20 05:02:48] INFO     mem_cmp 0x587C0000 0x787C0000 0x00010000 4
[2022-12-20 05:02:54] INFO     mem_cmp 0x58FC0000 0x78FC0000 0x00010000 4
[2022-12-20 05:03:00] INFO     mem_cmp 0x597C0000 0x797C0000 0x00010000 4
[2022-12-20 05:03:06] INFO     mem_cmp 0x59FC0000 0x79FC0000 0x00010000 4
[2022-12-20 05:03:13] INFO     mem_cmp 0x5A7C0000 0x7A7C0000 0x00010000 4
[2022-12-20 05:03:20] INFO     mem_cmp 0x5AFC0000 0x7AFC0000 0x00010000 4
[2022-12-20 05:03:26] INFO     mem_cmp 0x5B7C0000 0x7B7C0000 0x00010000 4
[2022-12-20 05:03:33] INFO     mem_cmp 0x5BFC0000 0x7BFC0000 0x00010000 4
[2022-12-20 05:03:40] INFO     mem_cmp 0x5C7C0000 0x7C7C0000 0x00010000 4
[2022-12-20 05:03:46] INFO     mem_cmp 0x5CFC0000 0x7CFC0000 0x00010000 4
[2022-12-20 05:03:52] INFO     mem_cmp 0x5D7C0000 0x7D7C0000 0x00010000 4
[2022-12-20 05:03:59] INFO     mem_cmp 0x5DFC0000 0x7DFC0000 0x00010000 4
[2022-12-20 05:04:06] INFO     mem_cmp 0x5E7C0000 0x7E7C0000 0x00010000 4
[2022-12-20 05:04:12] INFO     mem_cmp 0x5EFC0000 0x7EFC0000 0x00010000 4
[2022-12-20 05:04:19] INFO     mem_cmp 0x5F7C0000 0x7F7C0000 0x00010000 4
[2022-12-20 05:04:25] INFO     mem_cmp 0x5FFC0000 0x7FFC0000 0x00010000 4
[2022-12-20 05:04:26] INFO     STATE:Mem Compare State
[2022-12-20 05:04:32] INFO     mem_cmp 0x407C0000 0x607C0000 0x00010000 4
[2022-12-20 05:04:39] INFO     mem_cmp 0x40FC0000 0x60FC0000 0x00010000 4
[2022-12-20 05:04:46] INFO     mem_cmp 0x417C0000 0x617C0000 0x00010000 4
[2022-12-20 05:04:53] INFO     mem_cmp 0x41FC0000 0x61FC0000 0x00010000 4
[2022-12-20 05:04:59] INFO     mem_cmp 0x427C0000 0x627C0000 0x00010000 4
[2022-12-20 05:05:06] INFO     mem_cmp 0x42FC0000 0x62FC0000 0x00010000 4
[2022-12-20 05:05:12] INFO     mem_cmp 0x437C0000 0x637C0000 0x00010000 4
[2022-12-20 05:05:19] INFO     mem_cmp 0x43FC0000 0x63FC0000 0x00010000 4
[2022-12-20 05:05:26] INFO     mem_cmp 0x447C0000 0x647C0000 0x00010000 4
[2022-12-20 05:05:32] INFO     mem_cmp 0x44FC0000 0x64FC0000 0x00010000 4
[2022-12-20 05:05:39] INFO     mem_cmp 0x457C0000 0x657C0000 0x00010000 4
[2022-12-20 05:05:46] INFO     mem_cmp 0x45FC0000 0x65FC0000 0x00010000 4
[2022-12-20 05:05:52] INFO     mem_cmp 0x467C0000 0x667C0000 0x00010000 4
[2022-12-20 05:05:59] INFO     mem_cmp 0x46FC0000 0x66FC0000 0x00010000 4
[2022-12-20 05:06:06] INFO     mem_cmp 0x477C0000 0x677C0000 0x00010000 4
[2022-12-20 05:06:12] INFO     mem_cmp 0x47FC0000 0x67FC0000 0x00010000 4
[2022-12-20 05:06:19] INFO     mem_cmp 0x487C0000 0x687C0000 0x00010000 4
[2022-12-20 05:06:25] INFO     mem_cmp 0x48FC0000 0x68FC0000 0x00010000 4
[2022-12-20 05:06:32] INFO     mem_cmp 0x497C0000 0x697C0000 0x00010000 4
[2022-12-20 05:06:38] INFO     mem_cmp 0x49FC0000 0x69FC0000 0x00010000 4
[2022-12-20 05:06:45] INFO     mem_cmp 0x4A7C0000 0x6A7C0000 0x00010000 4
[2022-12-20 05:06:51] INFO     mem_cmp 0x4AFC0000 0x6AFC0000 0x00010000 4
[2022-12-20 05:06:58] INFO     mem_cmp 0x4B7C0000 0x6B7C0000 0x00010000 4
[2022-12-20 05:07:05] INFO     mem_cmp 0x4BFC0000 0x6BFC0000 0x00010000 4
[2022-12-20 05:07:11] INFO     mem_cmp 0x4C7C0000 0x6C7C0000 0x00010000 4
[2022-12-20 05:07:18] INFO     mem_cmp 0x4CFC0000 0x6CFC0000 0x00010000 4
[2022-12-20 05:07:24] INFO     mem_cmp 0x4D7C0000 0x6D7C0000 0x00010000 4
[2022-12-20 05:07:31] INFO     mem_cmp 0x4DFC0000 0x6DFC0000 0x00010000 4
[2022-12-20 05:07:38] INFO     mem_cmp 0x4E7C0000 0x6E7C0000 0x00010000 4
[2022-12-20 05:07:44] INFO     mem_cmp 0x4EFC0000 0x6EFC0000 0x00010000 4
[2022-12-20 05:07:51] INFO     mem_cmp 0x4F7C0000 0x6F7C0000 0x00010000 4
[2022-12-20 05:07:57] INFO     mem_cmp 0x4FFC0000 0x6FFC0000 0x00010000 4
[2022-12-20 05:08:04] INFO     mem_cmp 0x507C0000 0x707C0000 0x00010000 4
[2022-12-20 05:08:11] INFO     mem_cmp 0x50FC0000 0x70FC0000 0x00010000 4
[2022-12-20 05:08:18] INFO     mem_cmp 0x517C0000 0x717C0000 0x00010000 4
[2022-12-20 05:08:24] INFO     mem_cmp 0x51FC0000 0x71FC0000 0x00010000 4
[2022-12-20 05:08:31] INFO     mem_cmp 0x527C0000 0x727C0000 0x00010000 4
[2022-12-20 05:08:37] INFO     mem_cmp 0x52FC0000 0x72FC0000 0x00010000 4
[2022-12-20 05:08:44] INFO     mem_cmp 0x537C0000 0x737C0000 0x00010000 4
[2022-12-20 05:08:50] INFO     mem_cmp 0x53FC0000 0x73FC0000 0x00010000 4
[2022-12-20 05:08:57] INFO     mem_cmp 0x547C0000 0x747C0000 0x00010000 4
[2022-12-20 05:09:04] INFO     mem_cmp 0x54FC0000 0x74FC0000 0x00010000 4
[2022-12-20 05:09:11] INFO     mem_cmp 0x557C0000 0x757C0000 0x00010000 4
[2022-12-20 05:09:17] INFO     mem_cmp 0x55FC0000 0x75FC0000 0x00010000 4
[2022-12-20 05:09:23] INFO     mem_cmp 0x567C0000 0x767C0000 0x00010000 4
[2022-12-20 05:09:30] INFO     mem_cmp 0x56FC0000 0x76FC0000 0x00010000 4
[2022-12-20 05:09:37] INFO     mem_cmp 0x577C0000 0x777C0000 0x00010000 4
[2022-12-20 05:09:43] INFO     mem_cmp 0x57FC0000 0x77FC0000 0x00010000 4
[2022-12-20 05:09:50] INFO     mem_cmp 0x587C0000 0x787C0000 0x00010000 4
[2022-12-20 05:09:57] INFO     mem_cmp 0x58FC0000 0x78FC0000 0x00010000 4
[2022-12-20 05:10:03] INFO     mem_cmp 0x597C0000 0x797C0000 0x00010000 4
[2022-12-20 05:10:10] INFO     mem_cmp 0x59FC0000 0x79FC0000 0x00010000 4
[2022-12-20 05:10:17] INFO     mem_cmp 0x5A7C0000 0x7A7C0000 0x00010000 4
[2022-12-20 05:10:24] INFO     mem_cmp 0x5AFC0000 0x7AFC0000 0x00010000 4
[2022-12-20 05:10:30] INFO     mem_cmp 0x5B7C0000 0x7B7C0000 0x00010000 4
[2022-12-20 05:10:37] INFO     mem_cmp 0x5BFC0000 0x7BFC0000 0x00010000 4
[2022-12-20 05:10:44] INFO     mem_cmp 0x5C7C0000 0x7C7C0000 0x00010000 4
[2022-12-20 05:10:50] INFO     mem_cmp 0x5CFC0000 0x7CFC0000 0x00010000 4
[2022-12-20 05:10:57] INFO     mem_cmp 0x5D7C0000 0x7D7C0000 0x00010000 4
[2022-12-20 05:11:03] INFO     mem_cmp 0x5DFC0000 0x7DFC0000 0x00010000 4
[2022-12-20 05:11:10] INFO     mem_cmp 0x5E7C0000 0x7E7C0000 0x00010000 4
[2022-12-20 05:11:17] INFO     mem_cmp 0x5EFC0000 0x7EFC0000 0x00010000 4
[2022-12-20 05:11:23] INFO     mem_cmp 0x5F7C0000 0x7F7C0000 0x00010000 4
[2022-12-20 05:11:30] INFO     mem_cmp 0x5FFC0000 0x7FFC0000 0x00010000 4
[2022-12-20 05:11:30] INFO     STATE:Mem Compare State
[2022-12-20 05:11:37] INFO     mem_cmp 0x407C0000 0x607C0000 0x00010000 4
[2022-12-20 05:11:43] INFO     mem_cmp 0x40FC0000 0x60FC0000 0x00010000 4
[2022-12-20 05:11:51] INFO     mem_cmp 0x417C0000 0x617C0000 0x00010000 4
[2022-12-20 05:11:57] INFO     mem_cmp 0x41FC0000 0x61FC0000 0x00010000 4
[2022-12-20 05:12:04] INFO     mem_cmp 0x427C0000 0x627C0000 0x00010000 4
[2022-12-20 05:12:10] INFO     mem_cmp 0x42FC0000 0x62FC0000 0x00010000 4
[2022-12-20 05:12:17] INFO     mem_cmp 0x437C0000 0x637C0000 0x00010000 4
[2022-12-20 05:12:24] INFO     mem_cmp 0x43FC0000 0x63FC0000 0x00010000 4
[2022-12-20 05:12:30] INFO     mem_cmp 0x447C0000 0x647C0000 0x00010000 4
[2022-12-20 05:12:37] INFO     mem_cmp 0x44FC0000 0x64FC0000 0x00010000 4
[2022-12-20 05:12:43] INFO     mem_cmp 0x457C0000 0x657C0000 0x00010000 4
[2022-12-20 05:12:50] INFO     mem_cmp 0x45FC0000 0x65FC0000 0x00010000 4
[2022-12-20 05:12:57] INFO     mem_cmp 0x467C0000 0x667C0000 0x00010000 4
[2022-12-20 05:13:03] INFO     mem_cmp 0x46FC0000 0x66FC0000 0x00010000 4
[2022-12-20 05:13:10] INFO     mem_cmp 0x477C0000 0x677C0000 0x00010000 4
[2022-12-20 05:13:16] INFO     mem_cmp 0x47FC0000 0x67FC0000 0x00010000 4
[2022-12-20 05:13:23] INFO     mem_cmp 0x487C0000 0x687C0000 0x00010000 4
[2022-12-20 05:13:30] INFO     mem_cmp 0x48FC0000 0x68FC0000 0x00010000 4
[2022-12-20 05:13:37] INFO     mem_cmp 0x497C0000 0x697C0000 0x00010000 4
[2022-12-20 05:13:43] INFO     mem_cmp 0x49FC0000 0x69FC0000 0x00010000 4
[2022-12-20 05:13:50] INFO     mem_cmp 0x4A7C0000 0x6A7C0000 0x00010000 4
[2022-12-20 05:13:56] INFO     mem_cmp 0x4AFC0000 0x6AFC0000 0x00010000 4
[2022-12-20 05:14:03] INFO     mem_cmp 0x4B7C0000 0x6B7C0000 0x00010000 4
[2022-12-20 05:14:09] INFO     mem_cmp 0x4BFC0000 0x6BFC0000 0x00010000 4
[2022-12-20 05:14:16] INFO     mem_cmp 0x4C7C0000 0x6C7C0000 0x00010000 4
[2022-12-20 05:14:23] INFO     mem_cmp 0x4CFC0000 0x6CFC0000 0x00010000 4
[2022-12-20 05:14:29] INFO     mem_cmp 0x4D7C0000 0x6D7C0000 0x00010000 4
[2022-12-20 05:14:36] INFO     mem_cmp 0x4DFC0000 0x6DFC0000 0x00010000 4
[2022-12-20 05:14:43] INFO     mem_cmp 0x4E7C0000 0x6E7C0000 0x00010000 4
[2022-12-20 05:14:49] INFO     mem_cmp 0x4EFC0000 0x6EFC0000 0x00010000 4
[2022-12-20 05:14:56] INFO     mem_cmp 0x4F7C0000 0x6F7C0000 0x00010000 4
[2022-12-20 05:15:02] INFO     mem_cmp 0x4FFC0000 0x6FFC0000 0x00010000 4
[2022-12-20 05:15:09] INFO     mem_cmp 0x507C0000 0x707C0000 0x00010000 4
[2022-12-20 05:15:15] INFO     mem_cmp 0x50FC0000 0x70FC0000 0x00010000 4
[2022-12-20 05:15:22] INFO     mem_cmp 0x517C0000 0x717C0000 0x00010000 4
[2022-12-20 05:15:29] INFO     mem_cmp 0x51FC0000 0x71FC0000 0x00010000 4
[2022-12-20 05:15:35] INFO     mem_cmp 0x527C0000 0x727C0000 0x00010000 4
[2022-12-20 05:15:42] INFO     mem_cmp 0x52FC0000 0x72FC0000 0x00010000 4
[2022-12-20 05:15:49] INFO     mem_cmp 0x537C0000 0x737C0000 0x00010000 4
[2022-12-20 05:15:56] INFO     mem_cmp 0x53FC0000 0x73FC0000 0x00010000 4
[2022-12-20 05:16:02] INFO     mem_cmp 0x547C0000 0x747C0000 0x00010000 4
[2022-12-20 05:16:09] INFO     mem_cmp 0x54FC0000 0x74FC0000 0x00010000 4
[2022-12-20 05:16:15] INFO     mem_cmp 0x557C0000 0x757C0000 0x00010000 4
[2022-12-20 05:16:22] INFO     mem_cmp 0x55FC0000 0x75FC0000 0x00010000 4
[2022-12-20 05:16:29] INFO     mem_cmp 0x567C0000 0x767C0000 0x00010000 4
[2022-12-20 05:16:36] INFO     mem_cmp 0x56FC0000 0x76FC0000 0x00010000 4
[2022-12-20 05:16:42] INFO     mem_cmp 0x577C0000 0x777C0000 0x00010000 4
[2022-12-20 05:16:49] INFO     mem_cmp 0x57FC0000 0x77FC0000 0x00010000 4
[2022-12-20 05:16:56] INFO     mem_cmp 0x587C0000 0x787C0000 0x00010000 4
[2022-12-20 05:17:02] INFO     mem_cmp 0x58FC0000 0x78FC0000 0x00010000 4
[2022-12-20 05:17:09] INFO     mem_cmp 0x597C0000 0x797C0000 0x00010000 4
[2022-12-20 05:17:16] INFO     mem_cmp 0x59FC0000 0x79FC0000 0x00010000 4
[2022-12-20 05:17:22] INFO     mem_cmp 0x5A7C0000 0x7A7C0000 0x00010000 4
[2022-12-20 05:17:29] INFO     mem_cmp 0x5AFC0000 0x7AFC0000 0x00010000 4
[2022-12-20 05:17:35] INFO     mem_cmp 0x5B7C0000 0x7B7C0000 0x00010000 4
[2022-12-20 05:17:42] INFO     mem_cmp 0x5BFC0000 0x7BFC0000 0x00010000 4
[2022-12-20 05:17:48] INFO     mem_cmp 0x5C7C0000 0x7C7C0000 0x00010000 4
[2022-12-20 05:17:55] INFO     mem_cmp 0x5CFC0000 0x7CFC0000 0x00010000 4
[2022-12-20 05:18:02] INFO     mem_cmp 0x5D7C0000 0x7D7C0000 0x00010000 4
[2022-12-20 05:18:08] INFO     mem_cmp 0x5DFC0000 0x7DFC0000 0x00010000 4
[2022-12-20 05:18:15] INFO     mem_cmp 0x5E7C0000 0x7E7C0000 0x00010000 4
[2022-12-20 05:18:22] INFO     mem_cmp 0x5EFC0000 0x7EFC0000 0x00010000 4
[2022-12-20 05:18:29] INFO     mem_cmp 0x5F7C0000 0x7F7C0000 0x00010000 4
[2022-12-20 05:18:35] INFO     mem_cmp 0x5FFC0000 0x7FFC0000 0x00010000 4
[2022-12-20 05:18:35] INFO     STATE:Mem Compare State
[2022-12-20 05:18:42] INFO     mem_cmp 0x407C0000 0x607C0000 0x00010000 4
[2022-12-20 05:18:48] INFO     mem_cmp 0x40FC0000 0x60FC0000 0x00010000 4
[2022-12-20 05:18:55] INFO     mem_cmp 0x417C0000 0x617C0000 0x00010000 4
[2022-12-20 05:19:01] INFO     mem_cmp 0x41FC0000 0x61FC0000 0x00010000 4
[2022-12-20 05:19:08] INFO     mem_cmp 0x427C0000 0x627C0000 0x00010000 4
[2022-12-20 05:19:15] INFO     mem_cmp 0x42FC0000 0x62FC0000 0x00010000 4
[2022-12-20 05:19:21] INFO     mem_cmp 0x437C0000 0x637C0000 0x00010000 4
[2022-12-20 05:19:28] INFO     mem_cmp 0x43FC0000 0x63FC0000 0x00010000 4
[2022-12-20 05:19:35] INFO     mem_cmp 0x447C0000 0x647C0000 0x00010000 4
[2022-12-20 05:19:41] INFO     mem_cmp 0x44FC0000 0x64FC0000 0x00010000 4
[2022-12-20 05:19:48] INFO     mem_cmp 0x457C0000 0x657C0000 0x00010000 4
[2022-12-20 05:19:54] INFO     mem_cmp 0x45FC0000 0x65FC0000 0x00010000 4
[2022-12-20 05:20:01] INFO     mem_cmp 0x467C0000 0x667C0000 0x00010000 4
[2022-12-20 05:20:08] INFO     mem_cmp 0x46FC0000 0x66FC0000 0x00010000 4
[2022-12-20 05:20:15] INFO     mem_cmp 0x477C0000 0x677C0000 0x00010000 4
[2022-12-20 05:20:21] INFO     mem_cmp 0x47FC0000 0x67FC0000 0x00010000 4
[2022-12-20 05:20:28] INFO     mem_cmp 0x487C0000 0x687C0000 0x00010000 4
[2022-12-20 05:20:35] INFO     mem_cmp 0x48FC0000 0x68FC0000 0x00010000 4
[2022-12-20 05:20:41] INFO     mem_cmp 0x497C0000 0x697C0000 0x00010000 4
[2022-12-20 05:20:48] INFO     mem_cmp 0x49FC0000 0x69FC0000 0x00010000 4
[2022-12-20 05:20:55] INFO     mem_cmp 0x4A7C0000 0x6A7C0000 0x00010000 4
[2022-12-20 05:21:01] INFO     mem_cmp 0x4AFC0000 0x6AFC0000 0x00010000 4
[2022-12-20 05:21:08] INFO     mem_cmp 0x4B7C0000 0x6B7C0000 0x00010000 4
[2022-12-20 05:21:15] INFO     mem_cmp 0x4BFC0000 0x6BFC0000 0x00010000 4
[2022-12-20 05:21:22] INFO     mem_cmp 0x4C7C0000 0x6C7C0000 0x00010000 4
[2022-12-20 05:21:28] INFO     mem_cmp 0x4CFC0000 0x6CFC0000 0x00010000 4
[2022-12-20 05:21:35] INFO     mem_cmp 0x4D7C0000 0x6D7C0000 0x00010000 4
[2022-12-20 05:21:41] INFO     mem_cmp 0x4DFC0000 0x6DFC0000 0x00010000 4
[2022-12-20 05:21:48] INFO     mem_cmp 0x4E7C0000 0x6E7C0000 0x00010000 4
[2022-12-20 05:21:55] INFO     mem_cmp 0x4EFC0000 0x6EFC0000 0x00010000 4
[2022-12-20 05:22:01] INFO     mem_cmp 0x4F7C0000 0x6F7C0000 0x00010000 4
[2022-12-20 05:22:08] INFO     mem_cmp 0x4FFC0000 0x6FFC0000 0x00010000 4
[2022-12-20 05:22:15] INFO     mem_cmp 0x507C0000 0x707C0000 0x00010000 4
[2022-12-20 05:22:21] INFO     mem_cmp 0x50FC0000 0x70FC0000 0x00010000 4
[2022-12-20 05:22:28] INFO     mem_cmp 0x517C0000 0x717C0000 0x00010000 4
[2022-12-20 05:22:34] INFO     mem_cmp 0x51FC0000 0x71FC0000 0x00010000 4
[2022-12-20 05:22:41] INFO     mem_cmp 0x527C0000 0x727C0000 0x00010000 4
[2022-12-20 05:22:48] INFO     mem_cmp 0x52FC0000 0x72FC0000 0x00010000 4
[2022-12-20 05:22:55] INFO     mem_cmp 0x537C0000 0x737C0000 0x00010000 4
[2022-12-20 05:23:01] INFO     mem_cmp 0x53FC0000 0x73FC0000 0x00010000 4
[2022-12-20 05:23:08] INFO     mem_cmp 0x547C0000 0x747C0000 0x00010000 4
[2022-12-20 05:23:15] INFO     mem_cmp 0x54FC0000 0x74FC0000 0x00010000 4
[2022-12-20 05:23:21] INFO     mem_cmp 0x557C0000 0x757C0000 0x00010000 4
[2022-12-20 05:23:28] INFO     mem_cmp 0x55FC0000 0x75FC0000 0x00010000 4
[2022-12-20 05:23:34] INFO     mem_cmp 0x567C0000 0x767C0000 0x00010000 4
[2022-12-20 05:23:41] INFO     mem_cmp 0x56FC0000 0x76FC0000 0x00010000 4
[2022-12-20 05:23:48] INFO     mem_cmp 0x577C0000 0x777C0000 0x00010000 4
[2022-12-20 05:23:54] INFO     mem_cmp 0x57FC0000 0x77FC0000 0x00010000 4
[2022-12-20 05:24:01] INFO     mem_cmp 0x587C0000 0x787C0000 0x00010000 4
[2022-12-20 05:24:08] INFO     mem_cmp 0x58FC0000 0x78FC0000 0x00010000 4
[2022-12-20 05:24:14] INFO     mem_cmp 0x597C0000 0x797C0000 0x00010000 4
[2022-12-20 05:24:21] INFO     mem_cmp 0x59FC0000 0x79FC0000 0x00010000 4
[2022-12-20 05:24:27] INFO     mem_cmp 0x5A7C0000 0x7A7C0000 0x00010000 4
[2022-12-20 05:24:34] INFO     mem_cmp 0x5AFC0000 0x7AFC0000 0x00010000 4
[2022-12-20 05:24:40] INFO     mem_cmp 0x5B7C0000 0x7B7C0000 0x00010000 4
[2022-12-20 05:24:47] INFO     mem_cmp 0x5BFC0000 0x7BFC0000 0x00010000 4
[2022-12-20 05:24:54] INFO     mem_cmp 0x5C7C0000 0x7C7C0000 0x00010000 4
[2022-12-20 05:25:01] INFO     mem_cmp 0x5CFC0000 0x7CFC0000 0x00010000 4
[2022-12-20 05:25:07] INFO     mem_cmp 0x5D7C0000 0x7D7C0000 0x00010000 4
[2022-12-20 05:25:14] INFO     mem_cmp 0x5DFC0000 0x7DFC0000 0x00010000 4
[2022-12-20 05:25:20] INFO     mem_cmp 0x5E7C0000 0x7E7C0000 0x00010000 4
[2022-12-20 05:25:27] INFO     mem_cmp 0x5EFC0000 0x7EFC0000 0x00010000 4
[2022-12-20 05:25:33] INFO     mem_cmp 0x5F7C0000 0x7F7C0000 0x00010000 4
[2022-12-20 05:25:40] INFO     mem_cmp 0x5FFC0000 0x7FFC0000 0x00010000 4
[2022-12-20 05:25:40] INFO     STATE:Mem Compare State
[2022-12-20 05:25:46] INFO     mem_cmp 0x407C0000 0x607C0000 0x00010000 4
[2022-12-20 05:25:53] INFO     mem_cmp 0x40FC0000 0x60FC0000 0x00010000 4
[2022-12-20 05:25:59] INFO     mem_cmp 0x417C0000 0x617C0000 0x00010000 4
[2022-12-20 05:26:06] INFO     mem_cmp 0x41FC0000 0x61FC0000 0x00010000 4
[2022-12-20 05:26:13] INFO     mem_cmp 0x427C0000 0x627C0000 0x00010000 4
[2022-12-20 05:26:19] INFO     mem_cmp 0x42FC0000 0x62FC0000 0x00010000 4
[2022-12-20 05:26:26] INFO     mem_cmp 0x437C0000 0x637C0000 0x00010000 4
[2022-12-20 05:26:32] INFO     mem_cmp 0x43FC0000 0x63FC0000 0x00010000 4
[2022-12-20 05:26:39] INFO     mem_cmp 0x447C0000 0x647C0000 0x00010000 4
[2022-12-20 05:26:46] INFO     mem_cmp 0x44FC0000 0x64FC0000 0x00010000 4
[2022-12-20 05:26:52] INFO     mem_cmp 0x457C0000 0x657C0000 0x00010000 4
[2022-12-20 05:26:59] INFO     mem_cmp 0x45FC0000 0x65FC0000 0x00010000 4
[2022-12-20 05:27:06] INFO     mem_cmp 0x467C0000 0x667C0000 0x00010000 4
[2022-12-20 05:27:12] INFO     mem_cmp 0x46FC0000 0x66FC0000 0x00010000 4
[2022-12-20 05:27:19] INFO     mem_cmp 0x477C0000 0x677C0000 0x00010000 4
[2022-12-20 05:27:25] INFO     mem_cmp 0x47FC0000 0x67FC0000 0x00010000 4
[2022-12-20 05:27:32] INFO     mem_cmp 0x487C0000 0x687C0000 0x00010000 4
[2022-12-20 05:27:39] INFO     mem_cmp 0x48FC0000 0x68FC0000 0x00010000 4
[2022-12-20 05:27:45] INFO     mem_cmp 0x497C0000 0x697C0000 0x00010000 4
[2022-12-20 05:27:51] INFO     mem_cmp 0x49FC0000 0x69FC0000 0x00010000 4
[2022-12-20 05:27:58] INFO     mem_cmp 0x4A7C0000 0x6A7C0000 0x00010000 4
[2022-12-20 05:28:05] INFO     mem_cmp 0x4AFC0000 0x6AFC0000 0x00010000 4
[2022-12-20 05:28:12] INFO     mem_cmp 0x4B7C0000 0x6B7C0000 0x00010000 4
[2022-12-20 05:28:18] INFO     mem_cmp 0x4BFC0000 0x6BFC0000 0x00010000 4
[2022-12-20 05:28:25] INFO     mem_cmp 0x4C7C0000 0x6C7C0000 0x00010000 4
[2022-12-20 05:28:32] INFO     mem_cmp 0x4CFC0000 0x6CFC0000 0x00010000 4
[2022-12-20 05:28:38] INFO     mem_cmp 0x4D7C0000 0x6D7C0000 0x00010000 4
[2022-12-20 05:28:45] INFO     mem_cmp 0x4DFC0000 0x6DFC0000 0x00010000 4
[2022-12-20 05:28:52] INFO     mem_cmp 0x4E7C0000 0x6E7C0000 0x00010000 4
[2022-12-20 05:28:58] INFO     mem_cmp 0x4EFC0000 0x6EFC0000 0x00010000 4
[2022-12-20 05:29:05] INFO     mem_cmp 0x4F7C0000 0x6F7C0000 0x00010000 4
[2022-12-20 05:29:12] INFO     mem_cmp 0x4FFC0000 0x6FFC0000 0x00010000 4
[2022-12-20 05:29:18] INFO     mem_cmp 0x507C0000 0x707C0000 0x00010000 4
[2022-12-20 05:29:25] INFO     mem_cmp 0x50FC0000 0x70FC0000 0x00010000 4
[2022-12-20 05:29:32] INFO     mem_cmp 0x517C0000 0x717C0000 0x00010000 4
[2022-12-20 05:29:39] INFO     mem_cmp 0x51FC0000 0x71FC0000 0x00010000 4
[2022-12-20 05:29:45] INFO     mem_cmp 0x527C0000 0x727C0000 0x00010000 4
[2022-12-20 05:29:52] INFO     mem_cmp 0x52FC0000 0x72FC0000 0x00010000 4
[2022-12-20 05:29:58] INFO     mem_cmp 0x537C0000 0x737C0000 0x00010000 4
[2022-12-20 05:30:05] INFO     mem_cmp 0x53FC0000 0x73FC0000 0x00010000 4
[2022-12-20 05:30:12] INFO     mem_cmp 0x547C0000 0x747C0000 0x00010000 4
[2022-12-20 05:30:18] INFO     mem_cmp 0x54FC0000 0x74FC0000 0x00010000 4
[2022-12-20 05:30:25] INFO     mem_cmp 0x557C0000 0x757C0000 0x00010000 4
[2022-12-20 05:30:32] INFO     mem_cmp 0x55FC0000 0x75FC0000 0x00010000 4
[2022-12-20 05:30:39] INFO     mem_cmp 0x567C0000 0x767C0000 0x00010000 4
[2022-12-20 05:30:45] INFO     mem_cmp 0x56FC0000 0x76FC0000 0x00010000 4
[2022-12-20 05:30:52] INFO     mem_cmp 0x577C0000 0x777C0000 0x00010000 4
[2022-12-20 05:30:58] INFO     mem_cmp 0x57FC0000 0x77FC0000 0x00010000 4
[2022-12-20 05:31:05] INFO     mem_cmp 0x587C0000 0x787C0000 0x00010000 4
[2022-12-20 05:31:12] INFO     mem_cmp 0x58FC0000 0x78FC0000 0x00010000 4
[2022-12-20 05:31:18] INFO     mem_cmp 0x597C0000 0x797C0000 0x00010000 4
[2022-12-20 05:31:25] INFO     mem_cmp 0x59FC0000 0x79FC0000 0x00010000 4
[2022-12-20 05:31:31] INFO     mem_cmp 0x5A7C0000 0x7A7C0000 0x00010000 4
[2022-12-20 05:31:38] INFO     mem_cmp 0x5AFC0000 0x7AFC0000 0x00010000 4
[2022-12-20 05:31:44] INFO     mem_cmp 0x5B7C0000 0x7B7C0000 0x00010000 4
[2022-12-20 05:31:51] INFO     mem_cmp 0x5BFC0000 0x7BFC0000 0x00010000 4
[2022-12-20 05:31:58] INFO     mem_cmp 0x5C7C0000 0x7C7C0000 0x00010000 4
[2022-12-20 05:32:04] INFO     mem_cmp 0x5CFC0000 0x7CFC0000 0x00010000 4
[2022-12-20 05:32:11] INFO     mem_cmp 0x5D7C0000 0x7D7C0000 0x00010000 4
[2022-12-20 05:32:17] INFO     mem_cmp 0x5DFC0000 0x7DFC0000 0x00010000 4
[2022-12-20 05:32:24] INFO     mem_cmp 0x5E7C0000 0x7E7C0000 0x00010000 4
[2022-12-20 05:32:30] INFO     mem_cmp 0x5EFC0000 0x7EFC0000 0x00010000 4
[2022-12-20 05:32:36] INFO     mem_cmp 0x5F7C0000 0x7F7C0000 0x00010000 4
[2022-12-20 05:32:43] INFO     mem_cmp 0x5FFC0000 0x7FFC0000 0x00010000 4
[2022-12-20 05:32:43] INFO     STATE:Mem Compare State
[2022-12-20 05:32:50] INFO     mem_cmp 0x407C0000 0x607C0000 0x00010000 4
[2022-12-20 05:32:56] INFO     mem_cmp 0x40FC0000 0x60FC0000 0x00010000 4
[2022-12-20 05:33:02] INFO     mem_cmp 0x417C0000 0x617C0000 0x00010000 4
[2022-12-20 05:33:09] INFO     mem_cmp 0x41FC0000 0x61FC0000 0x00010000 4
[2022-12-20 05:33:16] INFO     mem_cmp 0x427C0000 0x627C0000 0x00010000 4
[2022-12-20 05:33:22] INFO     mem_cmp 0x42FC0000 0x62FC0000 0x00010000 4
[2022-12-20 05:33:29] INFO     mem_cmp 0x437C0000 0x637C0000 0x00010000 4
[2022-12-20 05:33:36] INFO     mem_cmp 0x43FC0000 0x63FC0000 0x00010000 4
[2022-12-20 05:33:42] INFO     mem_cmp 0x447C0000 0x647C0000 0x00010000 4
[2022-12-20 05:33:49] INFO     mem_cmp 0x44FC0000 0x64FC0000 0x00010000 4
[2022-12-20 05:33:56] INFO     mem_cmp 0x457C0000 0x657C0000 0x00010000 4
[2022-12-20 05:34:02] INFO     mem_cmp 0x45FC0000 0x65FC0000 0x00010000 4
[2022-12-20 05:34:09] INFO     mem_cmp 0x467C0000 0x667C0000 0x00010000 4
[2022-12-20 05:34:16] INFO     mem_cmp 0x46FC0000 0x66FC0000 0x00010000 4
[2022-12-20 05:34:22] INFO     mem_cmp 0x477C0000 0x677C0000 0x00010000 4
[2022-12-20 05:34:29] INFO     mem_cmp 0x47FC0000 0x67FC0000 0x00010000 4
[2022-12-20 05:34:36] INFO     mem_cmp 0x487C0000 0x687C0000 0x00010000 4
[2022-12-20 05:34:42] INFO     mem_cmp 0x48FC0000 0x68FC0000 0x00010000 4
[2022-12-20 05:34:49] INFO     mem_cmp 0x497C0000 0x697C0000 0x00010000 4
[2022-12-20 05:34:56] INFO     mem_cmp 0x49FC0000 0x69FC0000 0x00010000 4
[2022-12-20 05:35:02] INFO     mem_cmp 0x4A7C0000 0x6A7C0000 0x00010000 4
[2022-12-20 05:35:09] INFO     mem_cmp 0x4AFC0000 0x6AFC0000 0x00010000 4
[2022-12-20 05:35:15] INFO     mem_cmp 0x4B7C0000 0x6B7C0000 0x00010000 4
[2022-12-20 05:35:22] INFO     mem_cmp 0x4BFC0000 0x6BFC0000 0x00010000 4
[2022-12-20 05:35:29] INFO     mem_cmp 0x4C7C0000 0x6C7C0000 0x00010000 4
[2022-12-20 05:35:35] INFO     mem_cmp 0x4CFC0000 0x6CFC0000 0x00010000 4
[2022-12-20 05:35:42] INFO     mem_cmp 0x4D7C0000 0x6D7C0000 0x00010000 4
[2022-12-20 05:35:48] INFO     mem_cmp 0x4DFC0000 0x6DFC0000 0x00010000 4
[2022-12-20 05:35:55] INFO     mem_cmp 0x4E7C0000 0x6E7C0000 0x00010000 4
[2022-12-20 05:36:01] INFO     mem_cmp 0x4EFC0000 0x6EFC0000 0x00010000 4
[2022-12-20 05:36:08] INFO     mem_cmp 0x4F7C0000 0x6F7C0000 0x00010000 4
[2022-12-20 05:36:14] INFO     mem_cmp 0x4FFC0000 0x6FFC0000 0x00010000 4
[2022-12-20 05:36:21] INFO     mem_cmp 0x507C0000 0x707C0000 0x00010000 4
[2022-12-20 05:36:27] INFO     mem_cmp 0x50FC0000 0x70FC0000 0x00010000 4
[2022-12-20 05:36:34] INFO     mem_cmp 0x517C0000 0x717C0000 0x00010000 4
[2022-12-20 05:36:41] INFO     mem_cmp 0x51FC0000 0x71FC0000 0x00010000 4
[2022-12-20 05:36:47] INFO     mem_cmp 0x527C0000 0x727C0000 0x00010000 4
[2022-12-20 05:36:54] INFO     mem_cmp 0x52FC0000 0x72FC0000 0x00010000 4
[2022-12-20 05:37:01] INFO     mem_cmp 0x537C0000 0x737C0000 0x00010000 4
[2022-12-20 05:37:08] INFO     mem_cmp 0x53FC0000 0x73FC0000 0x00010000 4
[2022-12-20 05:37:14] INFO     mem_cmp 0x547C0000 0x747C0000 0x00010000 4
[2022-12-20 05:37:21] INFO     mem_cmp 0x54FC0000 0x74FC0000 0x00010000 4
[2022-12-20 05:37:27] INFO     mem_cmp 0x557C0000 0x757C0000 0x00010000 4
[2022-12-20 05:37:34] INFO     mem_cmp 0x55FC0000 0x75FC0000 0x00010000 4
[2022-12-20 05:37:41] INFO     mem_cmp 0x567C0000 0x767C0000 0x00010000 4
[2022-12-20 05:37:47] INFO     mem_cmp 0x56FC0000 0x76FC0000 0x00010000 4
[2022-12-20 05:37:54] INFO     mem_cmp 0x577C0000 0x777C0000 0x00010000 4
[2022-12-20 05:38:00] INFO     mem_cmp 0x57FC0000 0x77FC0000 0x00010000 4
[2022-12-20 05:38:07] INFO     mem_cmp 0x587C0000 0x787C0000 0x00010000 4
[2022-12-20 05:38:13] INFO     mem_cmp 0x58FC0000 0x78FC0000 0x00010000 4
[2022-12-20 05:38:20] INFO     mem_cmp 0x597C0000 0x797C0000 0x00010000 4
[2022-12-20 05:38:26] INFO     mem_cmp 0x59FC0000 0x79FC0000 0x00010000 4
[2022-12-20 05:38:33] INFO     mem_cmp 0x5A7C0000 0x7A7C0000 0x00010000 4
[2022-12-20 05:38:40] INFO     mem_cmp 0x5AFC0000 0x7AFC0000 0x00010000 4
[2022-12-20 05:38:46] INFO     mem_cmp 0x5B7C0000 0x7B7C0000 0x00010000 4
[2022-12-20 05:38:53] INFO     mem_cmp 0x5BFC0000 0x7BFC0000 0x00010000 4
[2022-12-20 05:39:00] INFO     mem_cmp 0x5C7C0000 0x7C7C0000 0x00010000 4
[2022-12-20 05:39:06] INFO     mem_cmp 0x5CFC0000 0x7CFC0000 0x00010000 4
[2022-12-20 05:39:13] INFO     mem_cmp 0x5D7C0000 0x7D7C0000 0x00010000 4
[2022-12-20 05:39:20] INFO     mem_cmp 0x5DFC0000 0x7DFC0000 0x00010000 4
[2022-12-20 05:39:27] INFO     mem_cmp 0x5E7C0000 0x7E7C0000 0x00010000 4
[2022-12-20 05:39:33] INFO     mem_cmp 0x5EFC0000 0x7EFC0000 0x00010000 4
[2022-12-20 05:39:40] INFO     mem_cmp 0x5F7C0000 0x7F7C0000 0x00010000 4
[2022-12-20 05:39:47] INFO     mem_cmp 0x5FFC0000 0x7FFC0000 0x00010000 4
[2022-12-20 05:39:47] INFO     STATE:Mem Compare State
[2022-12-20 05:39:53] INFO     mem_cmp 0x407C0000 0x607C0000 0x00010000 4
[2022-12-20 05:40:00] INFO     mem_cmp 0x40FC0000 0x60FC0000 0x00010000 4
[2022-12-20 05:40:06] INFO     mem_cmp 0x417C0000 0x617C0000 0x00010000 4
[2022-12-20 05:40:13] INFO     mem_cmp 0x41FC0000 0x61FC0000 0x00010000 4
[2022-12-20 05:40:20] INFO     mem_cmp 0x427C0000 0x627C0000 0x00010000 4
[2022-12-20 05:40:26] INFO     mem_cmp 0x42FC0000 0x62FC0000 0x00010000 4
[2022-12-20 05:40:33] INFO     mem_cmp 0x437C0000 0x637C0000 0x00010000 4
[2022-12-20 05:40:39] INFO     mem_cmp 0x43FC0000 0x63FC0000 0x00010000 4
[2022-12-20 05:40:46] INFO     mem_cmp 0x447C0000 0x647C0000 0x00010000 4
[2022-12-20 05:40:52] INFO     mem_cmp 0x44FC0000 0x64FC0000 0x00010000 4
[2022-12-20 05:40:59] INFO     mem_cmp 0x457C0000 0x657C0000 0x00010000 4
[2022-12-20 05:41:06] INFO     mem_cmp 0x45FC0000 0x65FC0000 0x00010000 4
[2022-12-20 05:41:12] INFO     mem_cmp 0x467C0000 0x667C0000 0x00010000 4
[2022-12-20 05:41:19] INFO     mem_cmp 0x46FC0000 0x66FC0000 0x00010000 4
[2022-12-20 05:41:25] INFO     mem_cmp 0x477C0000 0x677C0000 0x00010000 4
[2022-12-20 05:41:32] INFO     mem_cmp 0x47FC0000 0x67FC0000 0x00010000 4
[2022-12-20 05:41:39] INFO     mem_cmp 0x487C0000 0x687C0000 0x00010000 4
[2022-12-20 05:41:46] INFO     mem_cmp 0x48FC0000 0x68FC0000 0x00010000 4
[2022-12-20 05:41:52] INFO     mem_cmp 0x497C0000 0x697C0000 0x00010000 4
[2022-12-20 05:41:59] INFO     mem_cmp 0x49FC0000 0x69FC0000 0x00010000 4
[2022-12-20 05:42:06] INFO     mem_cmp 0x4A7C0000 0x6A7C0000 0x00010000 4
[2022-12-20 05:42:13] INFO     mem_cmp 0x4AFC0000 0x6AFC0000 0x00010000 4
[2022-12-20 05:42:19] INFO     mem_cmp 0x4B7C0000 0x6B7C0000 0x00010000 4
[2022-12-20 05:42:26] INFO     mem_cmp 0x4BFC0000 0x6BFC0000 0x00010000 4
[2022-12-20 05:42:33] INFO     mem_cmp 0x4C7C0000 0x6C7C0000 0x00010000 4
[2022-12-20 05:42:40] INFO     mem_cmp 0x4CFC0000 0x6CFC0000 0x00010000 4
[2022-12-20 05:42:46] INFO     mem_cmp 0x4D7C0000 0x6D7C0000 0x00010000 4
[2022-12-20 05:42:53] INFO     mem_cmp 0x4DFC0000 0x6DFC0000 0x00010000 4
[2022-12-20 05:42:59] INFO     mem_cmp 0x4E7C0000 0x6E7C0000 0x00010000 4
[2022-12-20 05:43:06] INFO     mem_cmp 0x4EFC0000 0x6EFC0000 0x00010000 4
[2022-12-20 05:43:13] INFO     mem_cmp 0x4F7C0000 0x6F7C0000 0x00010000 4
[2022-12-20 05:43:20] INFO     mem_cmp 0x4FFC0000 0x6FFC0000 0x00010000 4
[2022-12-20 05:43:26] INFO     mem_cmp 0x507C0000 0x707C0000 0x00010000 4
[2022-12-20 05:43:33] INFO     mem_cmp 0x50FC0000 0x70FC0000 0x00010000 4
[2022-12-20 05:43:39] INFO     mem_cmp 0x517C0000 0x717C0000 0x00010000 4
[2022-12-20 05:43:46] INFO     mem_cmp 0x51FC0000 0x71FC0000 0x00010000 4
[2022-12-20 05:43:52] INFO     mem_cmp 0x527C0000 0x727C0000 0x00010000 4
[2022-12-20 05:43:59] INFO     mem_cmp 0x52FC0000 0x72FC0000 0x00010000 4
[2022-12-20 05:44:06] INFO     mem_cmp 0x537C0000 0x737C0000 0x00010000 4
[2022-12-20 05:44:12] INFO     mem_cmp 0x53FC0000 0x73FC0000 0x00010000 4
[2022-12-20 05:44:19] INFO     mem_cmp 0x547C0000 0x747C0000 0x00010000 4
[2022-12-20 05:44:26] INFO     mem_cmp 0x54FC0000 0x74FC0000 0x00010000 4
[2022-12-20 05:44:32] INFO     mem_cmp 0x557C0000 0x757C0000 0x00010000 4
[2022-12-20 05:44:39] INFO     mem_cmp 0x55FC0000 0x75FC0000 0x00010000 4
[2022-12-20 05:44:46] INFO     mem_cmp 0x567C0000 0x767C0000 0x00010000 4
[2022-12-20 05:44:52] INFO     mem_cmp 0x56FC0000 0x76FC0000 0x00010000 4
[2022-12-20 05:44:59] INFO     mem_cmp 0x577C0000 0x777C0000 0x00010000 4
[2022-12-20 05:45:06] INFO     mem_cmp 0x57FC0000 0x77FC0000 0x00010000 4
[2022-12-20 05:45:12] INFO     mem_cmp 0x587C0000 0x787C0000 0x00010000 4
[2022-12-20 05:45:19] INFO     mem_cmp 0x58FC0000 0x78FC0000 0x00010000 4
[2022-12-20 05:45:26] INFO     mem_cmp 0x597C0000 0x797C0000 0x00010000 4
[2022-12-20 05:45:32] INFO     mem_cmp 0x59FC0000 0x79FC0000 0x00010000 4
[2022-12-20 05:45:39] INFO     mem_cmp 0x5A7C0000 0x7A7C0000 0x00010000 4
[2022-12-20 05:45:46] INFO     mem_cmp 0x5AFC0000 0x7AFC0000 0x00010000 4
[2022-12-20 05:45:52] INFO     mem_cmp 0x5B7C0000 0x7B7C0000 0x00010000 4
[2022-12-20 05:45:59] INFO     mem_cmp 0x5BFC0000 0x7BFC0000 0x00010000 4
[2022-12-20 05:46:06] INFO     mem_cmp 0x5C7C0000 0x7C7C0000 0x00010000 4
[2022-12-20 05:46:12] INFO     mem_cmp 0x5CFC0000 0x7CFC0000 0x00010000 4
[2022-12-20 05:46:19] INFO     mem_cmp 0x5D7C0000 0x7D7C0000 0x00010000 4
[2022-12-20 05:46:25] INFO     mem_cmp 0x5DFC0000 0x7DFC0000 0x00010000 4
[2022-12-20 05:46:32] INFO     mem_cmp 0x5E7C0000 0x7E7C0000 0x00010000 4
[2022-12-20 05:46:38] INFO     mem_cmp 0x5EFC0000 0x7EFC0000 0x00010000 4
[2022-12-20 05:46:45] INFO     mem_cmp 0x5F7C0000 0x7F7C0000 0x00010000 4
[2022-12-20 05:46:51] INFO     mem_cmp 0x5FFC0000 0x7FFC0000 0x00010000 4
[2022-12-20 05:46:52] INFO     STATE:Mem Compare State
[2022-12-20 05:46:58] INFO     mem_cmp 0x407C0000 0x607C0000 0x00010000 4
[2022-12-20 05:47:05] INFO     mem_cmp 0x40FC0000 0x60FC0000 0x00010000 4
[2022-12-20 05:47:11] INFO     mem_cmp 0x417C0000 0x617C0000 0x00010000 4
[2022-12-20 05:47:18] INFO     mem_cmp 0x41FC0000 0x61FC0000 0x00010000 4
[2022-12-20 05:47:24] INFO     mem_cmp 0x427C0000 0x627C0000 0x00010000 4
[2022-12-20 05:47:31] INFO     mem_cmp 0x42FC0000 0x62FC0000 0x00010000 4
[2022-12-20 05:47:38] INFO     mem_cmp 0x437C0000 0x637C0000 0x00010000 4
[2022-12-20 05:47:45] INFO     mem_cmp 0x43FC0000 0x63FC0000 0x00010000 4
[2022-12-20 05:47:51] INFO     mem_cmp 0x447C0000 0x647C0000 0x00010000 4
[2022-12-20 05:47:58] INFO     mem_cmp 0x44FC0000 0x64FC0000 0x00010000 4
[2022-12-20 05:48:04] INFO     mem_cmp 0x457C0000 0x657C0000 0x00010000 4
[2022-12-20 05:48:11] INFO     mem_cmp 0x45FC0000 0x65FC0000 0x00010000 4
[2022-12-20 05:48:18] INFO     mem_cmp 0x467C0000 0x667C0000 0x00010000 4
[2022-12-20 05:48:24] INFO     mem_cmp 0x46FC0000 0x66FC0000 0x00010000 4
[2022-12-20 05:48:31] INFO     mem_cmp 0x477C0000 0x677C0000 0x00010000 4
[2022-12-20 05:48:37] INFO     mem_cmp 0x47FC0000 0x67FC0000 0x00010000 4
[2022-12-20 05:48:44] INFO     mem_cmp 0x487C0000 0x687C0000 0x00010000 4
[2022-12-20 05:48:51] INFO     mem_cmp 0x48FC0000 0x68FC0000 0x00010000 4
[2022-12-20 05:48:57] INFO     mem_cmp 0x497C0000 0x697C0000 0x00010000 4
[2022-12-20 05:49:04] INFO     mem_cmp 0x49FC0000 0x69FC0000 0x00010000 4
[2022-12-20 05:49:11] INFO     mem_cmp 0x4A7C0000 0x6A7C0000 0x00010000 4
[2022-12-20 05:49:17] INFO     mem_cmp 0x4AFC0000 0x6AFC0000 0x00010000 4
[2022-12-20 05:49:24] INFO     mem_cmp 0x4B7C0000 0x6B7C0000 0x00010000 4
[2022-12-20 05:49:30] INFO     mem_cmp 0x4BFC0000 0x6BFC0000 0x00010000 4
[2022-12-20 05:49:37] INFO     mem_cmp 0x4C7C0000 0x6C7C0000 0x00010000 4
[2022-12-20 05:49:44] INFO     mem_cmp 0x4CFC0000 0x6CFC0000 0x00010000 4
[2022-12-20 05:49:50] INFO     mem_cmp 0x4D7C0000 0x6D7C0000 0x00010000 4
[2022-12-20 05:49:57] INFO     mem_cmp 0x4DFC0000 0x6DFC0000 0x00010000 4
[2022-12-20 05:50:03] INFO     mem_cmp 0x4E7C0000 0x6E7C0000 0x00010000 4
[2022-12-20 05:50:10] INFO     mem_cmp 0x4EFC0000 0x6EFC0000 0x00010000 4
[2022-12-20 05:50:17] INFO     mem_cmp 0x4F7C0000 0x6F7C0000 0x00010000 4
[2022-12-20 05:50:23] INFO     mem_cmp 0x4FFC0000 0x6FFC0000 0x00010000 4
[2022-12-20 05:50:30] INFO     mem_cmp 0x507C0000 0x707C0000 0x00010000 4
[2022-12-20 05:50:37] INFO     mem_cmp 0x50FC0000 0x70FC0000 0x00010000 4
[2022-12-20 05:50:44] INFO     mem_cmp 0x517C0000 0x717C0000 0x00010000 4
[2022-12-20 05:50:51] INFO     mem_cmp 0x51FC0000 0x71FC0000 0x00010000 4
[2022-12-20 05:50:57] INFO     mem_cmp 0x527C0000 0x727C0000 0x00010000 4
[2022-12-20 05:51:04] INFO     mem_cmp 0x52FC0000 0x72FC0000 0x00010000 4
[2022-12-20 05:51:11] INFO     mem_cmp 0x537C0000 0x737C0000 0x00010000 4
[2022-12-20 05:51:17] INFO     mem_cmp 0x53FC0000 0x73FC0000 0x00010000 4
[2022-12-20 05:51:24] INFO     mem_cmp 0x547C0000 0x747C0000 0x00010000 4
[2022-12-20 05:51:30] INFO     mem_cmp 0x54FC0000 0x74FC0000 0x00010000 4
[2022-12-20 05:51:37] INFO     mem_cmp 0x557C0000 0x757C0000 0x00010000 4
[2022-12-20 05:51:44] INFO     mem_cmp 0x55FC0000 0x75FC0000 0x00010000 4
[2022-12-20 05:51:50] INFO     mem_cmp 0x567C0000 0x767C0000 0x00010000 4
[2022-12-20 05:51:57] INFO     mem_cmp 0x56FC0000 0x76FC0000 0x00010000 4
[2022-12-20 05:52:04] INFO     mem_cmp 0x577C0000 0x777C0000 0x00010000 4
[2022-12-20 05:52:10] INFO     mem_cmp 0x57FC0000 0x77FC0000 0x00010000 4
[2022-12-20 05:52:17] INFO     mem_cmp 0x587C0000 0x787C0000 0x00010000 4
[2022-12-20 05:52:24] INFO     mem_cmp 0x58FC0000 0x78FC0000 0x00010000 4
[2022-12-20 05:52:30] INFO     mem_cmp 0x597C0000 0x797C0000 0x00010000 4
[2022-12-20 05:52:37] INFO     mem_cmp 0x59FC0000 0x79FC0000 0x00010000 4
[2022-12-20 05:52:44] INFO     mem_cmp 0x5A7C0000 0x7A7C0000 0x00010000 4
[2022-12-20 05:52:50] INFO     mem_cmp 0x5AFC0000 0x7AFC0000 0x00010000 4
[2022-12-20 05:52:57] INFO     mem_cmp 0x5B7C0000 0x7B7C0000 0x00010000 4
[2022-12-20 05:53:03] INFO     mem_cmp 0x5BFC0000 0x7BFC0000 0x00010000 4
[2022-12-20 05:53:10] INFO     mem_cmp 0x5C7C0000 0x7C7C0000 0x00010000 4
[2022-12-20 05:53:17] INFO     mem_cmp 0x5CFC0000 0x7CFC0000 0x00010000 4
[2022-12-20 05:53:23] INFO     mem_cmp 0x5D7C0000 0x7D7C0000 0x00010000 4
[2022-12-20 05:53:30] INFO     mem_cmp 0x5DFC0000 0x7DFC0000 0x00010000 4
[2022-12-20 05:53:36] INFO     mem_cmp 0x5E7C0000 0x7E7C0000 0x00010000 4
[2022-12-20 05:53:43] INFO     mem_cmp 0x5EFC0000 0x7EFC0000 0x00010000 4
[2022-12-20 05:53:50] INFO     mem_cmp 0x5F7C0000 0x7F7C0000 0x00010000 4
[2022-12-20 05:53:56] INFO     mem_cmp 0x5FFC0000 0x7FFC0000 0x00010000 4
[2022-12-20 05:53:56] INFO     STATE:Mem Compare State
[2022-12-20 05:54:03] INFO     mem_cmp 0x407C0000 0x607C0000 0x00010000 4
[2022-12-20 05:54:09] INFO     mem_cmp 0x40FC0000 0x60FC0000 0x00010000 4
[2022-12-20 05:54:16] INFO     mem_cmp 0x417C0000 0x617C0000 0x00010000 4
[2022-12-20 05:54:23] INFO     mem_cmp 0x41FC0000 0x61FC0000 0x00010000 4
[2022-12-20 05:54:30] INFO     mem_cmp 0x427C0000 0x627C0000 0x00010000 4
[2022-12-20 05:54:36] INFO     mem_cmp 0x42FC0000 0x62FC0000 0x00010000 4
[2022-12-20 05:54:43] INFO     mem_cmp 0x437C0000 0x637C0000 0x00010000 4
[2022-12-20 05:54:50] INFO     mem_cmp 0x43FC0000 0x63FC0000 0x00010000 4
[2022-12-20 05:54:56] INFO     mem_cmp 0x447C0000 0x647C0000 0x00010000 4
[2022-12-20 05:55:03] INFO     mem_cmp 0x44FC0000 0x64FC0000 0x00010000 4
[2022-12-20 05:55:09] INFO     mem_cmp 0x457C0000 0x657C0000 0x00010000 4
[2022-12-20 05:55:16] INFO     mem_cmp 0x45FC0000 0x65FC0000 0x00010000 4
[2022-12-20 05:55:23] INFO     mem_cmp 0x467C0000 0x667C0000 0x00010000 4
[2022-12-20 05:55:29] INFO     mem_cmp 0x46FC0000 0x66FC0000 0x00010000 4
[2022-12-20 05:55:36] INFO     mem_cmp 0x477C0000 0x677C0000 0x00010000 4
[2022-12-20 05:55:43] INFO     mem_cmp 0x47FC0000 0x67FC0000 0x00010000 4
[2022-12-20 05:55:49] INFO     mem_cmp 0x487C0000 0x687C0000 0x00010000 4
[2022-12-20 05:55:56] INFO     mem_cmp 0x48FC0000 0x68FC0000 0x00010000 4
[2022-12-20 05:56:03] INFO     mem_cmp 0x497C0000 0x697C0000 0x00010000 4
[2022-12-20 05:56:09] INFO     mem_cmp 0x49FC0000 0x69FC0000 0x00010000 4
[2022-12-20 05:56:16] INFO     mem_cmp 0x4A7C0000 0x6A7C0000 0x00010000 4
[2022-12-20 05:56:23] INFO     mem_cmp 0x4AFC0000 0x6AFC0000 0x00010000 4
[2022-12-20 05:56:30] INFO     mem_cmp 0x4B7C0000 0x6B7C0000 0x00010000 4
[2022-12-20 05:56:36] INFO     mem_cmp 0x4BFC0000 0x6BFC0000 0x00010000 4
[2022-12-20 05:56:43] INFO     mem_cmp 0x4C7C0000 0x6C7C0000 0x00010000 4
[2022-12-20 05:56:50] INFO     mem_cmp 0x4CFC0000 0x6CFC0000 0x00010000 4
[2022-12-20 05:56:56] INFO     mem_cmp 0x4D7C0000 0x6D7C0000 0x00010000 4
[2022-12-20 05:57:03] INFO     mem_cmp 0x4DFC0000 0x6DFC0000 0x00010000 4
[2022-12-20 05:57:09] INFO     mem_cmp 0x4E7C0000 0x6E7C0000 0x00010000 4
[2022-12-20 05:57:16] INFO     mem_cmp 0x4EFC0000 0x6EFC0000 0x00010000 4
[2022-12-20 05:57:23] INFO     mem_cmp 0x4F7C0000 0x6F7C0000 0x00010000 4
[2022-12-20 05:57:30] INFO     mem_cmp 0x4FFC0000 0x6FFC0000 0x00010000 4
[2022-12-20 05:57:36] INFO     mem_cmp 0x507C0000 0x707C0000 0x00010000 4
[2022-12-20 05:57:43] INFO     mem_cmp 0x50FC0000 0x70FC0000 0x00010000 4
[2022-12-20 05:57:49] INFO     mem_cmp 0x517C0000 0x717C0000 0x00010000 4
[2022-12-20 05:57:56] INFO     mem_cmp 0x51FC0000 0x71FC0000 0x00010000 4
[2022-12-20 05:58:02] INFO     mem_cmp 0x527C0000 0x727C0000 0x00010000 4
[2022-12-20 05:58:09] INFO     mem_cmp 0x52FC0000 0x72FC0000 0x00010000 4
[2022-12-20 05:58:15] INFO     mem_cmp 0x537C0000 0x737C0000 0x00010000 4
[2022-12-20 05:58:22] INFO     mem_cmp 0x53FC0000 0x73FC0000 0x00010000 4
[2022-12-20 05:58:29] INFO     mem_cmp 0x547C0000 0x747C0000 0x00010000 4
[2022-12-20 05:58:35] INFO     mem_cmp 0x54FC0000 0x74FC0000 0x00010000 4
[2022-12-20 05:58:42] INFO     mem_cmp 0x557C0000 0x757C0000 0x00010000 4
[2022-12-20 05:58:49] INFO     mem_cmp 0x55FC0000 0x75FC0000 0x00010000 4
[2022-12-20 05:58:55] INFO     mem_cmp 0x567C0000 0x767C0000 0x00010000 4
[2022-12-20 05:59:02] INFO     mem_cmp 0x56FC0000 0x76FC0000 0x00010000 4
[2022-12-20 05:59:09] INFO     mem_cmp 0x577C0000 0x777C0000 0x00010000 4
[2022-12-20 05:59:15] INFO     mem_cmp 0x57FC0000 0x77FC0000 0x00010000 4
[2022-12-20 05:59:22] INFO     mem_cmp 0x587C0000 0x787C0000 0x00010000 4
[2022-12-20 05:59:28] INFO     mem_cmp 0x58FC0000 0x78FC0000 0x00010000 4
[2022-12-20 05:59:35] INFO     mem_cmp 0x597C0000 0x797C0000 0x00010000 4
[2022-12-20 05:59:42] INFO     mem_cmp 0x59FC0000 0x79FC0000 0x00010000 4
[2022-12-20 05:59:48] INFO     mem_cmp 0x5A7C0000 0x7A7C0000 0x00010000 4
[2022-12-20 05:59:55] INFO     mem_cmp 0x5AFC0000 0x7AFC0000 0x00010000 4
[2022-12-20 06:00:01] INFO     mem_cmp 0x5B7C0000 0x7B7C0000 0x00010000 4
[2022-12-20 06:00:08] INFO     mem_cmp 0x5BFC0000 0x7BFC0000 0x00010000 4
[2022-12-20 06:00:15] INFO     mem_cmp 0x5C7C0000 0x7C7C0000 0x00010000 4
[2022-12-20 06:00:21] INFO     mem_cmp 0x5CFC0000 0x7CFC0000 0x00010000 4
[2022-12-20 06:00:28] INFO     mem_cmp 0x5D7C0000 0x7D7C0000 0x00010000 4
[2022-12-20 06:00:34] INFO     mem_cmp 0x5DFC0000 0x7DFC0000 0x00010000 4
[2022-12-20 06:00:41] INFO     mem_cmp 0x5E7C0000 0x7E7C0000 0x00010000 4
[2022-12-20 06:00:48] INFO     mem_cmp 0x5EFC0000 0x7EFC0000 0x00010000 4
[2022-12-20 06:00:54] INFO     mem_cmp 0x5F7C0000 0x7F7C0000 0x00010000 4
[2022-12-20 06:01:01] INFO     mem_cmp 0x5FFC0000 0x7FFC0000 0x00010000 4
[2022-12-20 06:01:01] INFO     STATE:Mem Compare State
[2022-12-20 06:01:08] INFO     mem_cmp 0x407C0000 0x607C0000 0x00010000 4
[2022-12-20 06:01:14] INFO     mem_cmp 0x40FC0000 0x60FC0000 0x00010000 4
[2022-12-20 06:01:21] INFO     mem_cmp 0x417C0000 0x617C0000 0x00010000 4
[2022-12-20 06:01:28] INFO     mem_cmp 0x41FC0000 0x61FC0000 0x00010000 4
[2022-12-20 06:01:34] INFO     mem_cmp 0x427C0000 0x627C0000 0x00010000 4
[2022-12-20 06:01:41] INFO     mem_cmp 0x42FC0000 0x62FC0000 0x00010000 4
[2022-12-20 06:01:48] INFO     mem_cmp 0x437C0000 0x637C0000 0x00010000 4
[2022-12-20 06:01:54] INFO     mem_cmp 0x43FC0000 0x63FC0000 0x00010000 4
[2022-12-20 06:02:01] INFO     mem_cmp 0x447C0000 0x647C0000 0x00010000 4
[2022-12-20 06:02:07] INFO     mem_cmp 0x44FC0000 0x64FC0000 0x00010000 4
[2022-12-20 06:02:13] INFO     mem_cmp 0x457C0000 0x657C0000 0x00010000 4
[2022-12-20 06:02:20] INFO     mem_cmp 0x45FC0000 0x65FC0000 0x00010000 4
[2022-12-20 06:02:27] INFO     mem_cmp 0x467C0000 0x667C0000 0x00010000 4
[2022-12-20 06:02:33] INFO     mem_cmp 0x46FC0000 0x66FC0000 0x00010000 4
[2022-12-20 06:02:40] INFO     mem_cmp 0x477C0000 0x677C0000 0x00010000 4
[2022-12-20 06:02:45] INFO     mem_cmp 0x47FC0000 0x67FC0000 0x00010000 4
[2022-12-20 06:02:52] INFO     mem_cmp 0x487C0000 0x687C0000 0x00010000 4
[2022-12-20 06:02:59] INFO     mem_cmp 0x48FC0000 0x68FC0000 0x00010000 4
[2022-12-20 06:03:05] INFO     mem_cmp 0x497C0000 0x697C0000 0x00010000 4
[2022-12-20 06:03:12] INFO     mem_cmp 0x49FC0000 0x69FC0000 0x00010000 4
[2022-12-20 06:03:18] INFO     mem_cmp 0x4A7C0000 0x6A7C0000 0x00010000 4
[2022-12-20 06:03:25] INFO     mem_cmp 0x4AFC0000 0x6AFC0000 0x00010000 4
[2022-12-20 06:03:32] INFO     mem_cmp 0x4B7C0000 0x6B7C0000 0x00010000 4
[2022-12-20 06:03:38] INFO     mem_cmp 0x4BFC0000 0x6BFC0000 0x00010000 4
[2022-12-20 06:03:45] INFO     mem_cmp 0x4C7C0000 0x6C7C0000 0x00010000 4
[2022-12-20 06:03:52] INFO     mem_cmp 0x4CFC0000 0x6CFC0000 0x00010000 4
[2022-12-20 06:03:59] INFO     mem_cmp 0x4D7C0000 0x6D7C0000 0x00010000 4
[2022-12-20 06:04:05] INFO     mem_cmp 0x4DFC0000 0x6DFC0000 0x00010000 4
[2022-12-20 06:04:12] INFO     mem_cmp 0x4E7C0000 0x6E7C0000 0x00010000 4
[2022-12-20 06:04:18] INFO     mem_cmp 0x4EFC0000 0x6EFC0000 0x00010000 4
[2022-12-20 06:04:25] INFO     mem_cmp 0x4F7C0000 0x6F7C0000 0x00010000 4
[2022-12-20 06:04:32] INFO     mem_cmp 0x4FFC0000 0x6FFC0000 0x00010000 4
[2022-12-20 06:04:38] INFO     mem_cmp 0x507C0000 0x707C0000 0x00010000 4
[2022-12-20 06:04:45] INFO     mem_cmp 0x50FC0000 0x70FC0000 0x00010000 4
[2022-12-20 06:04:52] INFO     mem_cmp 0x517C0000 0x717C0000 0x00010000 4
[2022-12-20 06:04:58] INFO     mem_cmp 0x51FC0000 0x71FC0000 0x00010000 4
[2022-12-20 06:05:05] INFO     mem_cmp 0x527C0000 0x727C0000 0x00010000 4
[2022-12-20 06:05:11] INFO     mem_cmp 0x52FC0000 0x72FC0000 0x00010000 4
[2022-12-20 06:05:18] INFO     mem_cmp 0x537C0000 0x737C0000 0x00010000 4
[2022-12-20 06:05:25] INFO     mem_cmp 0x53FC0000 0x73FC0000 0x00010000 4
[2022-12-20 06:05:31] INFO     mem_cmp 0x547C0000 0x747C0000 0x00010000 4
[2022-12-20 06:05:38] INFO     mem_cmp 0x54FC0000 0x74FC0000 0x00010000 4
[2022-12-20 06:05:44] INFO     mem_cmp 0x557C0000 0x757C0000 0x00010000 4
[2022-12-20 06:05:51] INFO     mem_cmp 0x55FC0000 0x75FC0000 0x00010000 4
[2022-12-20 06:05:58] INFO     mem_cmp 0x567C0000 0x767C0000 0x00010000 4
[2022-12-20 06:06:04] INFO     mem_cmp 0x56FC0000 0x76FC0000 0x00010000 4
[2022-12-20 06:06:11] INFO     mem_cmp 0x577C0000 0x777C0000 0x00010000 4
[2022-12-20 06:06:17] INFO     mem_cmp 0x57FC0000 0x77FC0000 0x00010000 4
[2022-12-20 06:06:24] INFO     mem_cmp 0x587C0000 0x787C0000 0x00010000 4
[2022-12-20 06:06:30] INFO     mem_cmp 0x58FC0000 0x78FC0000 0x00010000 4
[2022-12-20 06:06:37] INFO     mem_cmp 0x597C0000 0x797C0000 0x00010000 4
[2022-12-20 06:06:44] INFO     mem_cmp 0x59FC0000 0x79FC0000 0x00010000 4
[2022-12-20 06:06:50] INFO     mem_cmp 0x5A7C0000 0x7A7C0000 0x00010000 4
[2022-12-20 06:06:57] INFO     mem_cmp 0x5AFC0000 0x7AFC0000 0x00010000 4
[2022-12-20 06:07:04] INFO     mem_cmp 0x5B7C0000 0x7B7C0000 0x00010000 4
[2022-12-20 06:07:11] INFO     mem_cmp 0x5BFC0000 0x7BFC0000 0x00010000 4
[2022-12-20 06:07:17] INFO     mem_cmp 0x5C7C0000 0x7C7C0000 0x00010000 4
[2022-12-20 06:07:23] INFO     mem_cmp 0x5CFC0000 0x7CFC0000 0x00010000 4
[2022-12-20 06:07:30] INFO     mem_cmp 0x5D7C0000 0x7D7C0000 0x00010000 4
[2022-12-20 06:07:36] INFO     mem_cmp 0x5DFC0000 0x7DFC0000 0x00010000 4
[2022-12-20 06:07:43] INFO     mem_cmp 0x5E7C0000 0x7E7C0000 0x00010000 4
[2022-12-20 06:07:50] INFO     mem_cmp 0x5EFC0000 0x7EFC0000 0x00010000 4
[2022-12-20 06:07:57] INFO     mem_cmp 0x5F7C0000 0x7F7C0000 0x00010000 4
[2022-12-20 06:08:03] INFO     mem_cmp 0x5FFC0000 0x7FFC0000 0x00010000 4
[2022-12-20 06:08:03] INFO     STATE:Mem Compare State
[2022-12-20 06:08:10] INFO     mem_cmp 0x407C0000 0x607C0000 0x00010000 4
[2022-12-20 06:08:16] INFO     mem_cmp 0x40FC0000 0x60FC0000 0x00010000 4
[2022-12-20 06:08:23] INFO     mem_cmp 0x417C0000 0x617C0000 0x00010000 4
[2022-12-20 06:08:29] INFO     mem_cmp 0x41FC0000 0x61FC0000 0x00010000 4
[2022-12-20 06:08:36] INFO     mem_cmp 0x427C0000 0x627C0000 0x00010000 4
[2022-12-20 06:08:42] INFO     mem_cmp 0x42FC0000 0x62FC0000 0x00010000 4
[2022-12-20 06:08:49] INFO     mem_cmp 0x437C0000 0x637C0000 0x00010000 4
[2022-12-20 06:08:56] INFO     mem_cmp 0x43FC0000 0x63FC0000 0x00010000 4
[2022-12-20 06:09:02] INFO     mem_cmp 0x447C0000 0x647C0000 0x00010000 4
[2022-12-20 06:09:09] INFO     mem_cmp 0x44FC0000 0x64FC0000 0x00010000 4
[2022-12-20 06:09:15] INFO     mem_cmp 0x457C0000 0x657C0000 0x00010000 4
[2022-12-20 06:09:22] INFO     mem_cmp 0x45FC0000 0x65FC0000 0x00010000 4
[2022-12-20 06:09:29] INFO     mem_cmp 0x467C0000 0x667C0000 0x00010000 4
[2022-12-20 06:09:35] INFO     mem_cmp 0x46FC0000 0x66FC0000 0x00010000 4
[2022-12-20 06:09:42] INFO     mem_cmp 0x477C0000 0x677C0000 0x00010000 4
[2022-12-20 06:09:49] INFO     mem_cmp 0x47FC0000 0x67FC0000 0x00010000 4
[2022-12-20 06:09:55] INFO     mem_cmp 0x487C0000 0x687C0000 0x00010000 4
[2022-12-20 06:10:02] INFO     mem_cmp 0x48FC0000 0x68FC0000 0x00010000 4
[2022-12-20 06:10:09] INFO     mem_cmp 0x497C0000 0x697C0000 0x00010000 4
[2022-12-20 06:10:15] INFO     mem_cmp 0x49FC0000 0x69FC0000 0x00010000 4
[2022-12-20 06:10:22] INFO     mem_cmp 0x4A7C0000 0x6A7C0000 0x00010000 4
[2022-12-20 06:10:29] INFO     mem_cmp 0x4AFC0000 0x6AFC0000 0x00010000 4
[2022-12-20 06:10:36] INFO     mem_cmp 0x4B7C0000 0x6B7C0000 0x00010000 4
[2022-12-20 06:10:42] INFO     mem_cmp 0x4BFC0000 0x6BFC0000 0x00010000 4
[2022-12-20 06:10:49] INFO     mem_cmp 0x4C7C0000 0x6C7C0000 0x00010000 4
[2022-12-20 06:10:56] INFO     mem_cmp 0x4CFC0000 0x6CFC0000 0x00010000 4
[2022-12-20 06:11:02] INFO     mem_cmp 0x4D7C0000 0x6D7C0000 0x00010000 4
[2022-12-20 06:11:09] INFO     mem_cmp 0x4DFC0000 0x6DFC0000 0x00010000 4
[2022-12-20 06:11:15] INFO     mem_cmp 0x4E7C0000 0x6E7C0000 0x00010000 4
[2022-12-20 06:11:22] INFO     mem_cmp 0x4EFC0000 0x6EFC0000 0x00010000 4
[2022-12-20 06:11:29] INFO     mem_cmp 0x4F7C0000 0x6F7C0000 0x00010000 4
[2022-12-20 06:11:35] INFO     mem_cmp 0x4FFC0000 0x6FFC0000 0x00010000 4
[2022-12-20 06:11:42] INFO     mem_cmp 0x507C0000 0x707C0000 0x00010000 4
[2022-12-20 06:11:49] INFO     mem_cmp 0x50FC0000 0x70FC0000 0x00010000 4
[2022-12-20 06:11:55] INFO     mem_cmp 0x517C0000 0x717C0000 0x00010000 4
[2022-12-20 06:12:02] INFO     mem_cmp 0x51FC0000 0x71FC0000 0x00010000 4
[2022-12-20 06:12:08] INFO     mem_cmp 0x527C0000 0x727C0000 0x00010000 4
[2022-12-20 06:12:15] INFO     mem_cmp 0x52FC0000 0x72FC0000 0x00010000 4
[2022-12-20 06:12:21] INFO     mem_cmp 0x537C0000 0x737C0000 0x00010000 4
[2022-12-20 06:12:28] INFO     mem_cmp 0x53FC0000 0x73FC0000 0x00010000 4
[2022-12-20 06:12:35] INFO     mem_cmp 0x547C0000 0x747C0000 0x00010000 4
[2022-12-20 06:12:41] INFO     mem_cmp 0x54FC0000 0x74FC0000 0x00010000 4
[2022-12-20 06:12:48] INFO     mem_cmp 0x557C0000 0x757C0000 0x00010000 4
[2022-12-20 06:12:55] INFO     mem_cmp 0x55FC0000 0x75FC0000 0x00010000 4
[2022-12-20 06:13:01] INFO     mem_cmp 0x567C0000 0x767C0000 0x00010000 4
[2022-12-20 06:13:08] INFO     mem_cmp 0x56FC0000 0x76FC0000 0x00010000 4
[2022-12-20 06:13:14] INFO     mem_cmp 0x577C0000 0x777C0000 0x00010000 4
[2022-12-20 06:13:21] INFO     mem_cmp 0x57FC0000 0x77FC0000 0x00010000 4
[2022-12-20 06:13:27] INFO     mem_cmp 0x587C0000 0x787C0000 0x00010000 4
[2022-12-20 06:13:34] INFO     mem_cmp 0x58FC0000 0x78FC0000 0x00010000 4
[2022-12-20 06:13:41] INFO     mem_cmp 0x597C0000 0x797C0000 0x00010000 4
[2022-12-20 06:13:48] INFO     mem_cmp 0x59FC0000 0x79FC0000 0x00010000 4
[2022-12-20 06:13:54] INFO     mem_cmp 0x5A7C0000 0x7A7C0000 0x00010000 4
[2022-12-20 06:14:01] INFO     mem_cmp 0x5AFC0000 0x7AFC0000 0x00010000 4
[2022-12-20 06:14:07] INFO     mem_cmp 0x5B7C0000 0x7B7C0000 0x00010000 4
[2022-12-20 06:14:14] INFO     mem_cmp 0x5BFC0000 0x7BFC0000 0x00010000 4
[2022-12-20 06:14:21] INFO     mem_cmp 0x5C7C0000 0x7C7C0000 0x00010000 4
[2022-12-20 06:14:28] INFO     mem_cmp 0x5CFC0000 0x7CFC0000 0x00010000 4
[2022-12-20 06:14:35] INFO     mem_cmp 0x5D7C0000 0x7D7C0000 0x00010000 4
[2022-12-20 06:14:41] INFO     mem_cmp 0x5DFC0000 0x7DFC0000 0x00010000 4
[2022-12-20 06:14:48] INFO     mem_cmp 0x5E7C0000 0x7E7C0000 0x00010000 4
[2022-12-20 06:14:55] INFO     mem_cmp 0x5EFC0000 0x7EFC0000 0x00010000 4
[2022-12-20 06:15:02] INFO     mem_cmp 0x5F7C0000 0x7F7C0000 0x00010000 4
[2022-12-20 06:15:08] INFO     mem_cmp 0x5FFC0000 0x7FFC0000 0x00010000 4
[2022-12-20 06:15:08] INFO     STATE:Mem Compare State
[2022-12-20 06:15:15] INFO     mem_cmp 0x407C0000 0x607C0000 0x00010000 4
[2022-12-20 06:15:22] INFO     mem_cmp 0x40FC0000 0x60FC0000 0x00010000 4
[2022-12-20 06:15:28] INFO     mem_cmp 0x417C0000 0x617C0000 0x00010000 4
[2022-12-20 06:15:35] INFO     mem_cmp 0x41FC0000 0x61FC0000 0x00010000 4
[2022-12-20 06:15:42] INFO     mem_cmp 0x427C0000 0x627C0000 0x00010000 4
[2022-12-20 06:15:48] INFO     mem_cmp 0x42FC0000 0x62FC0000 0x00010000 4
[2022-12-20 06:15:55] INFO     mem_cmp 0x437C0000 0x637C0000 0x00010000 4
[2022-12-20 06:16:01] INFO     mem_cmp 0x43FC0000 0x63FC0000 0x00010000 4
[2022-12-20 06:16:08] INFO     mem_cmp 0x447C0000 0x647C0000 0x00010000 4
[2022-12-20 06:16:15] INFO     mem_cmp 0x44FC0000 0x64FC0000 0x00010000 4
[2022-12-20 06:16:22] INFO     mem_cmp 0x457C0000 0x657C0000 0x00010000 4
[2022-12-20 06:16:28] INFO     mem_cmp 0x45FC0000 0x65FC0000 0x00010000 4
[2022-12-20 06:16:35] INFO     mem_cmp 0x467C0000 0x667C0000 0x00010000 4
[2022-12-20 06:16:42] INFO     mem_cmp 0x46FC0000 0x66FC0000 0x00010000 4
[2022-12-20 06:16:49] INFO     mem_cmp 0x477C0000 0x677C0000 0x00010000 4
[2022-12-20 06:16:56] INFO     mem_cmp 0x47FC0000 0x67FC0000 0x00010000 4
[2022-12-20 06:17:02] INFO     mem_cmp 0x487C0000 0x687C0000 0x00010000 4
[2022-12-20 06:17:09] INFO     mem_cmp 0x48FC0000 0x68FC0000 0x00010000 4
[2022-12-20 06:17:15] INFO     mem_cmp 0x497C0000 0x697C0000 0x00010000 4
[2022-12-20 06:17:22] INFO     mem_cmp 0x49FC0000 0x69FC0000 0x00010000 4
[2022-12-20 06:17:29] INFO     mem_cmp 0x4A7C0000 0x6A7C0000 0x00010000 4
[2022-12-20 06:17:36] INFO     mem_cmp 0x4AFC0000 0x6AFC0000 0x00010000 4
[2022-12-20 06:17:42] INFO     mem_cmp 0x4B7C0000 0x6B7C0000 0x00010000 4
[2022-12-20 06:17:49] INFO     mem_cmp 0x4BFC0000 0x6BFC0000 0x00010000 4
[2022-12-20 06:17:56] INFO     mem_cmp 0x4C7C0000 0x6C7C0000 0x00010000 4
[2022-12-20 06:18:02] INFO     mem_cmp 0x4CFC0000 0x6CFC0000 0x00010000 4
[2022-12-20 06:18:09] INFO     mem_cmp 0x4D7C0000 0x6D7C0000 0x00010000 4
[2022-12-20 06:18:16] INFO     mem_cmp 0x4DFC0000 0x6DFC0000 0x00010000 4
[2022-12-20 06:18:23] INFO     mem_cmp 0x4E7C0000 0x6E7C0000 0x00010000 4
[2022-12-20 06:18:30] INFO     mem_cmp 0x4EFC0000 0x6EFC0000 0x00010000 4
[2022-12-20 06:18:37] INFO     mem_cmp 0x4F7C0000 0x6F7C0000 0x00010000 4
[2022-12-20 06:18:43] INFO     mem_cmp 0x4FFC0000 0x6FFC0000 0x00010000 4
[2022-12-20 06:18:50] INFO     mem_cmp 0x507C0000 0x707C0000 0x00010000 4
[2022-12-20 06:18:56] INFO     mem_cmp 0x50FC0000 0x70FC0000 0x00010000 4
[2022-12-20 06:19:03] INFO     mem_cmp 0x517C0000 0x717C0000 0x00010000 4
[2022-12-20 06:19:10] INFO     mem_cmp 0x51FC0000 0x71FC0000 0x00010000 4
[2022-12-20 06:19:17] INFO     mem_cmp 0x527C0000 0x727C0000 0x00010000 4
[2022-12-20 06:19:23] INFO     mem_cmp 0x52FC0000 0x72FC0000 0x00010000 4
[2022-12-20 06:19:30] INFO     mem_cmp 0x537C0000 0x737C0000 0x00010000 4
[2022-12-20 06:19:36] INFO     mem_cmp 0x53FC0000 0x73FC0000 0x00010000 4
[2022-12-20 06:19:43] INFO     mem_cmp 0x547C0000 0x747C0000 0x00010000 4
[2022-12-20 06:19:50] INFO     mem_cmp 0x54FC0000 0x74FC0000 0x00010000 4
[2022-12-20 06:19:56] INFO     mem_cmp 0x557C0000 0x757C0000 0x00010000 4
[2022-12-20 06:20:03] INFO     mem_cmp 0x55FC0000 0x75FC0000 0x00010000 4
[2022-12-20 06:20:10] INFO     mem_cmp 0x567C0000 0x767C0000 0x00010000 4
[2022-12-20 06:20:16] INFO     mem_cmp 0x56FC0000 0x76FC0000 0x00010000 4
[2022-12-20 06:20:23] INFO     mem_cmp 0x577C0000 0x777C0000 0x00010000 4
[2022-12-20 06:20:29] INFO     mem_cmp 0x57FC0000 0x77FC0000 0x00010000 4
[2022-12-20 06:20:36] INFO     mem_cmp 0x587C0000 0x787C0000 0x00010000 4
[2022-12-20 06:20:43] INFO     mem_cmp 0x58FC0000 0x78FC0000 0x00010000 4
[2022-12-20 06:20:49] INFO     mem_cmp 0x597C0000 0x797C0000 0x00010000 4
[2022-12-20 06:20:56] INFO     mem_cmp 0x59FC0000 0x79FC0000 0x00010000 4
[2022-12-20 06:21:03] INFO     mem_cmp 0x5A7C0000 0x7A7C0000 0x00010000 4
[2022-12-20 06:21:09] INFO     mem_cmp 0x5AFC0000 0x7AFC0000 0x00010000 4
[2022-12-20 06:21:16] INFO     mem_cmp 0x5B7C0000 0x7B7C0000 0x00010000 4
[2022-12-20 06:21:23] INFO     mem_cmp 0x5BFC0000 0x7BFC0000 0x00010000 4
[2022-12-20 06:21:30] INFO     mem_cmp 0x5C7C0000 0x7C7C0000 0x00010000 4
[2022-12-20 06:21:36] INFO     mem_cmp 0x5CFC0000 0x7CFC0000 0x00010000 4
[2022-12-20 06:21:43] INFO     mem_cmp 0x5D7C0000 0x7D7C0000 0x00010000 4
[2022-12-20 06:21:50] INFO     mem_cmp 0x5DFC0000 0x7DFC0000 0x00010000 4
[2022-12-20 06:21:56] INFO     mem_cmp 0x5E7C0000 0x7E7C0000 0x00010000 4
[2022-12-20 06:22:03] INFO     mem_cmp 0x5EFC0000 0x7EFC0000 0x00010000 4
[2022-12-20 06:22:10] INFO     mem_cmp 0x5F7C0000 0x7F7C0000 0x00010000 4
[2022-12-20 06:22:17] INFO     mem_cmp 0x5FFC0000 0x7FFC0000 0x00010000 4
[2022-12-20 06:22:17] INFO     STATE:Mem Compare State
[2022-12-20 06:22:24] INFO     mem_cmp 0x407C0000 0x607C0000 0x00010000 4
[2022-12-20 06:22:30] INFO     mem_cmp 0x40FC0000 0x60FC0000 0x00010000 4
[2022-12-20 06:22:37] INFO     mem_cmp 0x417C0000 0x617C0000 0x00010000 4
[2022-12-20 06:22:44] INFO     mem_cmp 0x41FC0000 0x61FC0000 0x00010000 4
[2022-12-20 06:22:50] INFO     mem_cmp 0x427C0000 0x627C0000 0x00010000 4
[2022-12-20 06:22:57] INFO     mem_cmp 0x42FC0000 0x62FC0000 0x00010000 4
[2022-12-20 06:23:03] INFO     mem_cmp 0x437C0000 0x637C0000 0x00010000 4
[2022-12-20 06:23:10] INFO     mem_cmp 0x43FC0000 0x63FC0000 0x00010000 4
[2022-12-20 06:23:17] INFO     mem_cmp 0x447C0000 0x647C0000 0x00010000 4
[2022-12-20 06:23:23] INFO     mem_cmp 0x44FC0000 0x64FC0000 0x00010000 4
[2022-12-20 06:23:30] INFO     mem_cmp 0x457C0000 0x657C0000 0x00010000 4
[2022-12-20 06:23:37] INFO     mem_cmp 0x45FC0000 0x65FC0000 0x00010000 4
[2022-12-20 06:23:43] INFO     mem_cmp 0x467C0000 0x667C0000 0x00010000 4
[2022-12-20 06:23:50] INFO     mem_cmp 0x46FC0000 0x66FC0000 0x00010000 4
[2022-12-20 06:23:56] INFO     mem_cmp 0x477C0000 0x677C0000 0x00010000 4
[2022-12-20 06:24:03] INFO     mem_cmp 0x47FC0000 0x67FC0000 0x00010000 4
[2022-12-20 06:24:10] INFO     mem_cmp 0x487C0000 0x687C0000 0x00010000 4
[2022-12-20 06:24:17] INFO     mem_cmp 0x48FC0000 0x68FC0000 0x00010000 4
[2022-12-20 06:24:23] INFO     mem_cmp 0x497C0000 0x697C0000 0x00010000 4
[2022-12-20 06:24:30] INFO     mem_cmp 0x49FC0000 0x69FC0000 0x00010000 4
[2022-12-20 06:24:37] INFO     mem_cmp 0x4A7C0000 0x6A7C0000 0x00010000 4
[2022-12-20 06:24:44] INFO     mem_cmp 0x4AFC0000 0x6AFC0000 0x00010000 4
[2022-12-20 06:24:51] INFO     mem_cmp 0x4B7C0000 0x6B7C0000 0x00010000 4
[2022-12-20 06:24:57] INFO     mem_cmp 0x4BFC0000 0x6BFC0000 0x00010000 4
[2022-12-20 06:25:04] INFO     mem_cmp 0x4C7C0000 0x6C7C0000 0x00010000 4
[2022-12-20 06:25:11] INFO     mem_cmp 0x4CFC0000 0x6CFC0000 0x00010000 4
[2022-12-20 06:25:18] INFO     mem_cmp 0x4D7C0000 0x6D7C0000 0x00010000 4
[2022-12-20 06:25:24] INFO     mem_cmp 0x4DFC0000 0x6DFC0000 0x00010000 4
[2022-12-20 06:25:31] INFO     mem_cmp 0x4E7C0000 0x6E7C0000 0x00010000 4
[2022-12-20 06:25:38] INFO     mem_cmp 0x4EFC0000 0x6EFC0000 0x00010000 4
[2022-12-20 06:25:44] INFO     mem_cmp 0x4F7C0000 0x6F7C0000 0x00010000 4
[2022-12-20 06:25:51] INFO     mem_cmp 0x4FFC0000 0x6FFC0000 0x00010000 4
[2022-12-20 06:25:57] INFO     mem_cmp 0x507C0000 0x707C0000 0x00010000 4
[2022-12-20 06:26:04] INFO     mem_cmp 0x50FC0000 0x70FC0000 0x00010000 4
[2022-12-20 06:26:11] INFO     mem_cmp 0x517C0000 0x717C0000 0x00010000 4
[2022-12-20 06:26:18] INFO     mem_cmp 0x51FC0000 0x71FC0000 0x00010000 4
[2022-12-20 06:26:24] INFO     mem_cmp 0x527C0000 0x727C0000 0x00010000 4
[2022-12-20 06:26:31] INFO     mem_cmp 0x52FC0000 0x72FC0000 0x00010000 4
[2022-12-20 06:26:37] INFO     mem_cmp 0x537C0000 0x737C0000 0x00010000 4
[2022-12-20 06:26:44] INFO     mem_cmp 0x53FC0000 0x73FC0000 0x00010000 4
[2022-12-20 06:26:51] INFO     mem_cmp 0x547C0000 0x747C0000 0x00010000 4
[2022-12-20 06:26:57] INFO     mem_cmp 0x54FC0000 0x74FC0000 0x00010000 4
[2022-12-20 06:27:04] INFO     mem_cmp 0x557C0000 0x757C0000 0x00010000 4
[2022-12-20 06:27:11] INFO     mem_cmp 0x55FC0000 0x75FC0000 0x00010000 4
[2022-12-20 06:27:17] INFO     mem_cmp 0x567C0000 0x767C0000 0x00010000 4
[2022-12-20 06:27:24] INFO     mem_cmp 0x56FC0000 0x76FC0000 0x00010000 4
[2022-12-20 06:27:31] INFO     mem_cmp 0x577C0000 0x777C0000 0x00010000 4
[2022-12-20 06:27:37] INFO     mem_cmp 0x57FC0000 0x77FC0000 0x00010000 4
[2022-12-20 06:27:44] INFO     mem_cmp 0x587C0000 0x787C0000 0x00010000 4
[2022-12-20 06:27:51] INFO     mem_cmp 0x58FC0000 0x78FC0000 0x00010000 4
[2022-12-20 06:27:57] INFO     mem_cmp 0x597C0000 0x797C0000 0x00010000 4
[2022-12-20 06:28:04] INFO     mem_cmp 0x59FC0000 0x79FC0000 0x00010000 4
[2022-12-20 06:28:10] INFO     mem_cmp 0x5A7C0000 0x7A7C0000 0x00010000 4
[2022-12-20 06:28:17] INFO     mem_cmp 0x5AFC0000 0x7AFC0000 0x00010000 4
[2022-12-20 06:28:24] INFO     mem_cmp 0x5B7C0000 0x7B7C0000 0x00010000 4
[2022-12-20 06:28:30] INFO     mem_cmp 0x5BFC0000 0x7BFC0000 0x00010000 4
[2022-12-20 06:28:37] INFO     mem_cmp 0x5C7C0000 0x7C7C0000 0x00010000 4
[2022-12-20 06:28:44] INFO     mem_cmp 0x5CFC0000 0x7CFC0000 0x00010000 4
[2022-12-20 06:28:51] INFO     mem_cmp 0x5D7C0000 0x7D7C0000 0x00010000 4
[2022-12-20 06:28:57] INFO     mem_cmp 0x5DFC0000 0x7DFC0000 0x00010000 4
[2022-12-20 06:29:04] INFO     mem_cmp 0x5E7C0000 0x7E7C0000 0x00010000 4
[2022-12-20 06:29:11] INFO     mem_cmp 0x5EFC0000 0x7EFC0000 0x00010000 4
[2022-12-20 06:29:18] INFO     mem_cmp 0x5F7C0000 0x7F7C0000 0x00010000 4
[2022-12-20 06:29:24] INFO     mem_cmp 0x5FFC0000 0x7FFC0000 0x00010000 4
[2022-12-20 06:29:24] INFO     STATE:Mem Compare State
[2022-12-20 06:29:31] INFO     mem_cmp 0x407C0000 0x607C0000 0x00010000 4
[2022-12-20 06:29:37] INFO     mem_cmp 0x40FC0000 0x60FC0000 0x00010000 4
[2022-12-20 06:29:44] INFO     mem_cmp 0x417C0000 0x617C0000 0x00010000 4
[2022-12-20 06:29:51] INFO     mem_cmp 0x41FC0000 0x61FC0000 0x00010000 4
[2022-12-20 06:29:57] INFO     mem_cmp 0x427C0000 0x627C0000 0x00010000 4
[2022-12-20 06:30:04] INFO     mem_cmp 0x42FC0000 0x62FC0000 0x00010000 4
[2022-12-20 06:30:11] INFO     mem_cmp 0x437C0000 0x637C0000 0x00010000 4
[2022-12-20 06:30:18] INFO     mem_cmp 0x43FC0000 0x63FC0000 0x00010000 4
[2022-12-20 06:30:24] INFO     mem_cmp 0x447C0000 0x647C0000 0x00010000 4
[2022-12-20 06:30:31] INFO     mem_cmp 0x44FC0000 0x64FC0000 0x00010000 4
[2022-12-20 06:30:38] INFO     mem_cmp 0x457C0000 0x657C0000 0x00010000 4
[2022-12-20 06:30:44] INFO     mem_cmp 0x45FC0000 0x65FC0000 0x00010000 4
[2022-12-20 06:30:51] INFO     mem_cmp 0x467C0000 0x667C0000 0x00010000 4
[2022-12-20 06:30:58] INFO     mem_cmp 0x46FC0000 0x66FC0000 0x00010000 4
[2022-12-20 06:31:05] INFO     mem_cmp 0x477C0000 0x677C0000 0x00010000 4
[2022-12-20 06:31:11] INFO     mem_cmp 0x47FC0000 0x67FC0000 0x00010000 4
[2022-12-20 06:31:18] INFO     mem_cmp 0x487C0000 0x687C0000 0x00010000 4
[2022-12-20 06:31:25] INFO     mem_cmp 0x48FC0000 0x68FC0000 0x00010000 4
[2022-12-20 06:31:31] INFO     mem_cmp 0x497C0000 0x697C0000 0x00010000 4
[2022-12-20 06:31:38] INFO     mem_cmp 0x49FC0000 0x69FC0000 0x00010000 4
[2022-12-20 06:31:45] INFO     mem_cmp 0x4A7C0000 0x6A7C0000 0x00010000 4
[2022-12-20 06:31:52] INFO     mem_cmp 0x4AFC0000 0x6AFC0000 0x00010000 4
[2022-12-20 06:31:58] INFO     mem_cmp 0x4B7C0000 0x6B7C0000 0x00010000 4
[2022-12-20 06:32:05] INFO     mem_cmp 0x4BFC0000 0x6BFC0000 0x00010000 4
[2022-12-20 06:32:12] INFO     mem_cmp 0x4C7C0000 0x6C7C0000 0x00010000 4
[2022-12-20 06:32:18] INFO     mem_cmp 0x4CFC0000 0x6CFC0000 0x00010000 4
[2022-12-20 06:32:25] INFO     mem_cmp 0x4D7C0000 0x6D7C0000 0x00010000 4
[2022-12-20 06:32:32] INFO     mem_cmp 0x4DFC0000 0x6DFC0000 0x00010000 4
[2022-12-20 06:32:39] INFO     mem_cmp 0x4E7C0000 0x6E7C0000 0x00010000 4
[2022-12-20 06:32:46] INFO     mem_cmp 0x4EFC0000 0x6EFC0000 0x00010000 4
[2022-12-20 06:32:52] INFO     mem_cmp 0x4F7C0000 0x6F7C0000 0x00010000 4
[2022-12-20 06:32:59] INFO     mem_cmp 0x4FFC0000 0x6FFC0000 0x00010000 4
[2022-12-20 06:33:05] INFO     mem_cmp 0x507C0000 0x707C0000 0x00010000 4
[2022-12-20 06:33:12] INFO     mem_cmp 0x50FC0000 0x70FC0000 0x00010000 4
[2022-12-20 06:33:19] INFO     mem_cmp 0x517C0000 0x717C0000 0x00010000 4
[2022-12-20 06:33:25] INFO     mem_cmp 0x51FC0000 0x71FC0000 0x00010000 4
[2022-12-20 06:33:32] INFO     mem_cmp 0x527C0000 0x727C0000 0x00010000 4
[2022-12-20 06:33:39] INFO     mem_cmp 0x52FC0000 0x72FC0000 0x00010000 4
[2022-12-20 06:33:45] INFO     mem_cmp 0x537C0000 0x737C0000 0x00010000 4
[2022-12-20 06:33:52] INFO     mem_cmp 0x53FC0000 0x73FC0000 0x00010000 4
[2022-12-20 06:33:58] INFO     mem_cmp 0x547C0000 0x747C0000 0x00010000 4
[2022-12-20 06:34:05] INFO     mem_cmp 0x54FC0000 0x74FC0000 0x00010000 4
[2022-12-20 06:34:12] INFO     mem_cmp 0x557C0000 0x757C0000 0x00010000 4
[2022-12-20 06:34:19] INFO     mem_cmp 0x55FC0000 0x75FC0000 0x00010000 4
[2022-12-20 06:34:25] INFO     mem_cmp 0x567C0000 0x767C0000 0x00010000 4
[2022-12-20 06:34:32] INFO     mem_cmp 0x56FC0000 0x76FC0000 0x00010000 4
[2022-12-20 06:34:39] INFO     mem_cmp 0x577C0000 0x777C0000 0x00010000 4
[2022-12-20 06:34:45] INFO     mem_cmp 0x57FC0000 0x77FC0000 0x00010000 4
[2022-12-20 06:34:52] INFO     mem_cmp 0x587C0000 0x787C0000 0x00010000 4
[2022-12-20 06:34:59] INFO     mem_cmp 0x58FC0000 0x78FC0000 0x00010000 4
[2022-12-20 06:35:05] INFO     mem_cmp 0x597C0000 0x797C0000 0x00010000 4
[2022-12-20 06:35:12] INFO     mem_cmp 0x59FC0000 0x79FC0000 0x00010000 4
[2022-12-20 06:35:18] INFO     mem_cmp 0x5A7C0000 0x7A7C0000 0x00010000 4
[2022-12-20 06:35:25] INFO     mem_cmp 0x5AFC0000 0x7AFC0000 0x00010000 4
[2022-12-20 06:35:32] INFO     mem_cmp 0x5B7C0000 0x7B7C0000 0x00010000 4
[2022-12-20 06:35:38] INFO     mem_cmp 0x5BFC0000 0x7BFC0000 0x00010000 4
[2022-12-20 06:35:45] INFO     mem_cmp 0x5C7C0000 0x7C7C0000 0x00010000 4
[2022-12-20 06:35:51] INFO     mem_cmp 0x5CFC0000 0x7CFC0000 0x00010000 4
[2022-12-20 06:35:57] INFO     mem_cmp 0x5D7C0000 0x7D7C0000 0x00010000 4
[2022-12-20 06:36:04] INFO     mem_cmp 0x5DFC0000 0x7DFC0000 0x00010000 4
[2022-12-20 06:36:11] INFO     mem_cmp 0x5E7C0000 0x7E7C0000 0x00010000 4
[2022-12-20 06:36:17] INFO     mem_cmp 0x5EFC0000 0x7EFC0000 0x00010000 4
[2022-12-20 06:36:24] INFO     mem_cmp 0x5F7C0000 0x7F7C0000 0x00010000 4
[2022-12-20 06:36:31] INFO     mem_cmp 0x5FFC0000 0x7FFC0000 0x00010000 4
[2022-12-20 06:36:31] INFO     STATE:Mem Compare State
[2022-12-20 06:36:38] INFO     mem_cmp 0x407C0000 0x607C0000 0x00010000 4
[2022-12-20 06:36:45] INFO     mem_cmp 0x40FC0000 0x60FC0000 0x00010000 4
[2022-12-20 06:36:51] INFO     mem_cmp 0x417C0000 0x617C0000 0x00010000 4
[2022-12-20 06:36:58] INFO     mem_cmp 0x41FC0000 0x61FC0000 0x00010000 4
[2022-12-20 06:37:05] INFO     mem_cmp 0x427C0000 0x627C0000 0x00010000 4
[2022-12-20 06:37:12] INFO     mem_cmp 0x42FC0000 0x62FC0000 0x00010000 4
[2022-12-20 06:37:18] INFO     mem_cmp 0x437C0000 0x637C0000 0x00010000 4
[2022-12-20 06:37:25] INFO     mem_cmp 0x43FC0000 0x63FC0000 0x00010000 4
[2022-12-20 06:37:32] INFO     mem_cmp 0x447C0000 0x647C0000 0x00010000 4
[2022-12-20 06:37:38] INFO     mem_cmp 0x44FC0000 0x64FC0000 0x00010000 4
[2022-12-20 06:37:45] INFO     mem_cmp 0x457C0000 0x657C0000 0x00010000 4
[2022-12-20 06:37:52] INFO     mem_cmp 0x45FC0000 0x65FC0000 0x00010000 4
[2022-12-20 06:37:59] INFO     mem_cmp 0x467C0000 0x667C0000 0x00010000 4
[2022-12-20 06:38:06] INFO     mem_cmp 0x46FC0000 0x66FC0000 0x00010000 4
[2022-12-20 06:38:12] INFO     mem_cmp 0x477C0000 0x677C0000 0x00010000 4
[2022-12-20 06:38:19] INFO     mem_cmp 0x47FC0000 0x67FC0000 0x00010000 4
[2022-12-20 06:38:26] INFO     mem_cmp 0x487C0000 0x687C0000 0x00010000 4
[2022-12-20 06:38:33] INFO     mem_cmp 0x48FC0000 0x68FC0000 0x00010000 4
[2022-12-20 06:38:39] INFO     mem_cmp 0x497C0000 0x697C0000 0x00010000 4
[2022-12-20 06:38:46] INFO     mem_cmp 0x49FC0000 0x69FC0000 0x00010000 4
[2022-12-20 06:38:52] INFO     mem_cmp 0x4A7C0000 0x6A7C0000 0x00010000 4
[2022-12-20 06:38:59] INFO     mem_cmp 0x4AFC0000 0x6AFC0000 0x00010000 4
[2022-12-20 06:39:05] INFO     mem_cmp 0x4B7C0000 0x6B7C0000 0x00010000 4
[2022-12-20 06:39:12] INFO     mem_cmp 0x4BFC0000 0x6BFC0000 0x00010000 4
[2022-12-20 06:39:18] INFO     mem_cmp 0x4C7C0000 0x6C7C0000 0x00010000 4
[2022-12-20 06:39:25] INFO     mem_cmp 0x4CFC0000 0x6CFC0000 0x00010000 4
[2022-12-20 06:39:32] INFO     mem_cmp 0x4D7C0000 0x6D7C0000 0x00010000 4
[2022-12-20 06:39:38] INFO     mem_cmp 0x4DFC0000 0x6DFC0000 0x00010000 4
[2022-12-20 06:39:45] INFO     mem_cmp 0x4E7C0000 0x6E7C0000 0x00010000 4
[2022-12-20 06:39:52] INFO     mem_cmp 0x4EFC0000 0x6EFC0000 0x00010000 4
[2022-12-20 06:39:58] INFO     mem_cmp 0x4F7C0000 0x6F7C0000 0x00010000 4
[2022-12-20 06:40:05] INFO     mem_cmp 0x4FFC0000 0x6FFC0000 0x00010000 4
[2022-12-20 06:40:12] INFO     mem_cmp 0x507C0000 0x707C0000 0x00010000 4
[2022-12-20 06:40:18] INFO     mem_cmp 0x50FC0000 0x70FC0000 0x00010000 4
[2022-12-20 06:40:25] INFO     mem_cmp 0x517C0000 0x717C0000 0x00010000 4
[2022-12-20 06:40:32] INFO     mem_cmp 0x51FC0000 0x71FC0000 0x00010000 4
[2022-12-20 06:40:38] INFO     mem_cmp 0x527C0000 0x727C0000 0x00010000 4
[2022-12-20 06:40:45] INFO     mem_cmp 0x52FC0000 0x72FC0000 0x00010000 4
[2022-12-20 06:40:51] INFO     mem_cmp 0x537C0000 0x737C0000 0x00010000 4
[2022-12-20 06:40:58] INFO     mem_cmp 0x53FC0000 0x73FC0000 0x00010000 4
[2022-12-20 06:41:05] INFO     mem_cmp 0x547C0000 0x747C0000 0x00010000 4
[2022-12-20 06:41:12] INFO     mem_cmp 0x54FC0000 0x74FC0000 0x00010000 4
[2022-12-20 06:41:19] INFO     mem_cmp 0x557C0000 0x757C0000 0x00010000 4
[2022-12-20 06:41:26] INFO     mem_cmp 0x55FC0000 0x75FC0000 0x00010000 4
[2022-12-20 06:41:32] INFO     mem_cmp 0x567C0000 0x767C0000 0x00010000 4
[2022-12-20 06:41:39] INFO     mem_cmp 0x56FC0000 0x76FC0000 0x00010000 4
[2022-12-20 06:41:46] INFO     mem_cmp 0x577C0000 0x777C0000 0x00010000 4
[2022-12-20 06:41:52] INFO     mem_cmp 0x57FC0000 0x77FC0000 0x00010000 4
[2022-12-20 06:41:59] INFO     mem_cmp 0x587C0000 0x787C0000 0x00010000 4
[2022-12-20 06:42:06] INFO     mem_cmp 0x58FC0000 0x78FC0000 0x00010000 4
[2022-12-20 06:42:12] INFO     mem_cmp 0x597C0000 0x797C0000 0x00010000 4
[2022-12-20 06:42:19] INFO     mem_cmp 0x59FC0000 0x79FC0000 0x00010000 4
[2022-12-20 06:42:26] INFO     mem_cmp 0x5A7C0000 0x7A7C0000 0x00010000 4
[2022-12-20 06:42:32] INFO     mem_cmp 0x5AFC0000 0x7AFC0000 0x00010000 4
[2022-12-20 06:42:39] INFO     mem_cmp 0x5B7C0000 0x7B7C0000 0x00010000 4
[2022-12-20 06:42:46] INFO     mem_cmp 0x5BFC0000 0x7BFC0000 0x00010000 4
[2022-12-20 06:42:52] INFO     mem_cmp 0x5C7C0000 0x7C7C0000 0x00010000 4
[2022-12-20 06:42:59] INFO     mem_cmp 0x5CFC0000 0x7CFC0000 0x00010000 4
[2022-12-20 06:43:05] INFO     mem_cmp 0x5D7C0000 0x7D7C0000 0x00010000 4
[2022-12-20 06:43:12] INFO     mem_cmp 0x5DFC0000 0x7DFC0000 0x00010000 4
[2022-12-20 06:43:19] INFO     mem_cmp 0x5E7C0000 0x7E7C0000 0x00010000 4
[2022-12-20 06:43:25] INFO     mem_cmp 0x5EFC0000 0x7EFC0000 0x00010000 4
[2022-12-20 06:43:32] INFO     mem_cmp 0x5F7C0000 0x7F7C0000 0x00010000 4
[2022-12-20 06:43:39] INFO     mem_cmp 0x5FFC0000 0x7FFC0000 0x00010000 4
[2022-12-20 06:43:39] INFO     STATE:Mem Compare State
[2022-12-20 06:43:46] INFO     mem_cmp 0x407C0000 0x607C0000 0x00010000 4
[2022-12-20 06:43:53] INFO     mem_cmp 0x40FC0000 0x60FC0000 0x00010000 4
[2022-12-20 06:43:59] INFO     mem_cmp 0x417C0000 0x617C0000 0x00010000 4
[2022-12-20 06:44:06] INFO     mem_cmp 0x41FC0000 0x61FC0000 0x00010000 4
[2022-12-20 06:44:13] INFO     mem_cmp 0x427C0000 0x627C0000 0x00010000 4
[2022-12-20 06:44:19] INFO     mem_cmp 0x42FC0000 0x62FC0000 0x00010000 4
[2022-12-20 06:44:26] INFO     mem_cmp 0x437C0000 0x637C0000 0x00010000 4
[2022-12-20 06:44:32] INFO     mem_cmp 0x43FC0000 0x63FC0000 0x00010000 4
[2022-12-20 06:44:39] INFO     mem_cmp 0x447C0000 0x647C0000 0x00010000 4
[2022-12-20 06:44:45] INFO     mem_cmp 0x44FC0000 0x64FC0000 0x00010000 4
[2022-12-20 06:44:52] INFO     mem_cmp 0x457C0000 0x657C0000 0x00010000 4
[2022-12-20 06:44:59] INFO     mem_cmp 0x45FC0000 0x65FC0000 0x00010000 4
[2022-12-20 06:45:05] INFO     mem_cmp 0x467C0000 0x667C0000 0x00010000 4
[2022-12-20 06:45:12] INFO     mem_cmp 0x46FC0000 0x66FC0000 0x00010000 4
[2022-12-20 06:45:18] INFO     mem_cmp 0x477C0000 0x677C0000 0x00010000 4
[2022-12-20 06:45:25] INFO     mem_cmp 0x47FC0000 0x67FC0000 0x00010000 4
[2022-12-20 06:45:32] INFO     mem_cmp 0x487C0000 0x687C0000 0x00010000 4
[2022-12-20 06:45:38] INFO     mem_cmp 0x48FC0000 0x68FC0000 0x00010000 4
[2022-12-20 06:45:45] INFO     mem_cmp 0x497C0000 0x697C0000 0x00010000 4
[2022-12-20 06:45:52] INFO     mem_cmp 0x49FC0000 0x69FC0000 0x00010000 4
[2022-12-20 06:45:58] INFO     mem_cmp 0x4A7C0000 0x6A7C0000 0x00010000 4
[2022-12-20 06:46:05] INFO     mem_cmp 0x4AFC0000 0x6AFC0000 0x00010000 4
[2022-12-20 06:46:12] INFO     mem_cmp 0x4B7C0000 0x6B7C0000 0x00010000 4
[2022-12-20 06:46:19] INFO     mem_cmp 0x4BFC0000 0x6BFC0000 0x00010000 4
[2022-12-20 06:46:25] INFO     mem_cmp 0x4C7C0000 0x6C7C0000 0x00010000 4
[2022-12-20 06:46:32] INFO     mem_cmp 0x4CFC0000 0x6CFC0000 0x00010000 4
[2022-12-20 06:46:39] INFO     mem_cmp 0x4D7C0000 0x6D7C0000 0x00010000 4
[2022-12-20 06:46:45] INFO     mem_cmp 0x4DFC0000 0x6DFC0000 0x00010000 4
[2022-12-20 06:46:52] INFO     mem_cmp 0x4E7C0000 0x6E7C0000 0x00010000 4
[2022-12-20 06:46:59] INFO     mem_cmp 0x4EFC0000 0x6EFC0000 0x00010000 4
[2022-12-20 06:47:05] INFO     mem_cmp 0x4F7C0000 0x6F7C0000 0x00010000 4
[2022-12-20 06:47:12] INFO     mem_cmp 0x4FFC0000 0x6FFC0000 0x00010000 4
[2022-12-20 06:47:18] INFO     mem_cmp 0x507C0000 0x707C0000 0x00010000 4
[2022-12-20 06:47:25] INFO     mem_cmp 0x50FC0000 0x70FC0000 0x00010000 4
[2022-12-20 06:47:32] INFO     mem_cmp 0x517C0000 0x717C0000 0x00010000 4
[2022-12-20 06:47:39] INFO     mem_cmp 0x51FC0000 0x71FC0000 0x00010000 4
[2022-12-20 06:47:45] INFO     mem_cmp 0x527C0000 0x727C0000 0x00010000 4
[2022-12-20 06:47:52] INFO     mem_cmp 0x52FC0000 0x72FC0000 0x00010000 4
[2022-12-20 06:47:59] INFO     mem_cmp 0x537C0000 0x737C0000 0x00010000 4
[2022-12-20 06:48:05] INFO     mem_cmp 0x53FC0000 0x73FC0000 0x00010000 4
[2022-12-20 06:48:12] INFO     mem_cmp 0x547C0000 0x747C0000 0x00010000 4
[2022-12-20 06:48:18] INFO     mem_cmp 0x54FC0000 0x74FC0000 0x00010000 4
[2022-12-20 06:48:25] INFO     mem_cmp 0x557C0000 0x757C0000 0x00010000 4
[2022-12-20 06:48:32] INFO     mem_cmp 0x55FC0000 0x75FC0000 0x00010000 4
[2022-12-20 06:48:38] INFO     mem_cmp 0x567C0000 0x767C0000 0x00010000 4
[2022-12-20 06:48:45] INFO     mem_cmp 0x56FC0000 0x76FC0000 0x00010000 4
[2022-12-20 06:48:52] INFO     mem_cmp 0x577C0000 0x777C0000 0x00010000 4
[2022-12-20 06:48:58] INFO     mem_cmp 0x57FC0000 0x77FC0000 0x00010000 4
[2022-12-20 06:49:05] INFO     mem_cmp 0x587C0000 0x787C0000 0x00010000 4
[2022-12-20 06:49:12] INFO     mem_cmp 0x58FC0000 0x78FC0000 0x00010000 4
[2022-12-20 06:49:18] INFO     mem_cmp 0x597C0000 0x797C0000 0x00010000 4
[2022-12-20 06:49:25] INFO     mem_cmp 0x59FC0000 0x79FC0000 0x00010000 4
[2022-12-20 06:49:31] INFO     mem_cmp 0x5A7C0000 0x7A7C0000 0x00010000 4
[2022-12-20 06:49:38] INFO     mem_cmp 0x5AFC0000 0x7AFC0000 0x00010000 4
[2022-12-20 06:49:45] INFO     mem_cmp 0x5B7C0000 0x7B7C0000 0x00010000 4
[2022-12-20 06:49:52] INFO     mem_cmp 0x5BFC0000 0x7BFC0000 0x00010000 4
[2022-12-20 06:49:59] INFO     mem_cmp 0x5C7C0000 0x7C7C0000 0x00010000 4
[2022-12-20 06:50:05] INFO     mem_cmp 0x5CFC0000 0x7CFC0000 0x00010000 4
[2022-12-20 06:50:12] INFO     mem_cmp 0x5D7C0000 0x7D7C0000 0x00010000 4
[2022-12-20 06:50:18] INFO     mem_cmp 0x5DFC0000 0x7DFC0000 0x00010000 4
[2022-12-20 06:50:25] INFO     mem_cmp 0x5E7C0000 0x7E7C0000 0x00010000 4
[2022-12-20 06:50:32] INFO     mem_cmp 0x5EFC0000 0x7EFC0000 0x00010000 4
[2022-12-20 06:50:39] INFO     mem_cmp 0x5F7C0000 0x7F7C0000 0x00010000 4
[2022-12-20 06:50:46] INFO     mem_cmp 0x5FFC0000 0x7FFC0000 0x00010000 4
[2022-12-20 06:50:46] INFO     STATE:Mem Compare State
[2022-12-20 06:50:52] INFO     mem_cmp 0x407C0000 0x607C0000 0x00010000 4
[2022-12-20 06:50:59] INFO     mem_cmp 0x40FC0000 0x60FC0000 0x00010000 4
[2022-12-20 06:51:05] INFO     mem_cmp 0x417C0000 0x617C0000 0x00010000 4
[2022-12-20 06:51:12] INFO     mem_cmp 0x41FC0000 0x61FC0000 0x00010000 4
[2022-12-20 06:51:19] INFO     mem_cmp 0x427C0000 0x627C0000 0x00010000 4
[2022-12-20 06:51:25] INFO     mem_cmp 0x42FC0000 0x62FC0000 0x00010000 4
[2022-12-20 06:51:32] INFO     mem_cmp 0x437C0000 0x637C0000 0x00010000 4
[2022-12-20 06:51:39] INFO     mem_cmp 0x43FC0000 0x63FC0000 0x00010000 4
[2022-12-20 06:51:45] INFO     mem_cmp 0x447C0000 0x647C0000 0x00010000 4
[2022-12-20 06:51:52] INFO     mem_cmp 0x44FC0000 0x64FC0000 0x00010000 4
[2022-12-20 06:51:59] INFO     mem_cmp 0x457C0000 0x657C0000 0x00010000 4
[2022-12-20 06:52:06] INFO     mem_cmp 0x45FC0000 0x65FC0000 0x00010000 4
[2022-12-20 06:52:12] INFO     mem_cmp 0x467C0000 0x667C0000 0x00010000 4
[2022-12-20 06:52:19] INFO     mem_cmp 0x46FC0000 0x66FC0000 0x00010000 4
[2022-12-20 06:52:26] INFO     mem_cmp 0x477C0000 0x677C0000 0x00010000 4
[2022-12-20 06:52:32] INFO     mem_cmp 0x47FC0000 0x67FC0000 0x00010000 4
[2022-12-20 06:52:39] INFO     mem_cmp 0x487C0000 0x687C0000 0x00010000 4
[2022-12-20 06:52:46] INFO     mem_cmp 0x48FC0000 0x68FC0000 0x00010000 4
[2022-12-20 06:52:53] INFO     mem_cmp 0x497C0000 0x697C0000 0x00010000 4
[2022-12-20 06:53:00] INFO     mem_cmp 0x49FC0000 0x69FC0000 0x00010000 4
[2022-12-20 06:53:06] INFO     mem_cmp 0x4A7C0000 0x6A7C0000 0x00010000 4
[2022-12-20 06:53:13] INFO     mem_cmp 0x4AFC0000 0x6AFC0000 0x00010000 4
[2022-12-20 06:53:19] INFO     mem_cmp 0x4B7C0000 0x6B7C0000 0x00010000 4
[2022-12-20 06:53:26] INFO     mem_cmp 0x4BFC0000 0x6BFC0000 0x00010000 4
[2022-12-20 06:53:32] INFO     mem_cmp 0x4C7C0000 0x6C7C0000 0x00010000 4
[2022-12-20 06:53:39] INFO     mem_cmp 0x4CFC0000 0x6CFC0000 0x00010000 4
[2022-12-20 06:53:46] INFO     mem_cmp 0x4D7C0000 0x6D7C0000 0x00010000 4
[2022-12-20 06:53:53] INFO     mem_cmp 0x4DFC0000 0x6DFC0000 0x00010000 4
[2022-12-20 06:53:59] INFO     mem_cmp 0x4E7C0000 0x6E7C0000 0x00010000 4
[2022-12-20 06:54:06] INFO     mem_cmp 0x4EFC0000 0x6EFC0000 0x00010000 4
[2022-12-20 06:54:13] INFO     mem_cmp 0x4F7C0000 0x6F7C0000 0x00010000 4
[2022-12-20 06:54:19] INFO     mem_cmp 0x4FFC0000 0x6FFC0000 0x00010000 4
[2022-12-20 06:54:26] INFO     mem_cmp 0x507C0000 0x707C0000 0x00010000 4
[2022-12-20 06:54:32] INFO     mem_cmp 0x50FC0000 0x70FC0000 0x00010000 4
[2022-12-20 06:54:39] INFO     mem_cmp 0x517C0000 0x717C0000 0x00010000 4
[2022-12-20 06:54:46] INFO     mem_cmp 0x51FC0000 0x71FC0000 0x00010000 4
[2022-12-20 06:54:52] INFO     mem_cmp 0x527C0000 0x727C0000 0x00010000 4
[2022-12-20 06:54:59] INFO     mem_cmp 0x52FC0000 0x72FC0000 0x00010000 4
[2022-12-20 06:55:06] INFO     mem_cmp 0x537C0000 0x737C0000 0x00010000 4
[2022-12-20 06:55:13] INFO     mem_cmp 0x53FC0000 0x73FC0000 0x00010000 4
[2022-12-20 06:55:19] INFO     mem_cmp 0x547C0000 0x747C0000 0x00010000 4
[2022-12-20 06:55:26] INFO     mem_cmp 0x54FC0000 0x74FC0000 0x00010000 4
[2022-12-20 06:55:33] INFO     mem_cmp 0x557C0000 0x757C0000 0x00010000 4
[2022-12-20 06:55:39] INFO     mem_cmp 0x55FC0000 0x75FC0000 0x00010000 4
[2022-12-20 06:55:46] INFO     mem_cmp 0x567C0000 0x767C0000 0x00010000 4
[2022-12-20 06:55:53] INFO     mem_cmp 0x56FC0000 0x76FC0000 0x00010000 4
[2022-12-20 06:56:00] INFO     mem_cmp 0x577C0000 0x777C0000 0x00010000 4
[2022-12-20 06:56:06] INFO     mem_cmp 0x57FC0000 0x77FC0000 0x00010000 4
[2022-12-20 06:56:13] INFO     mem_cmp 0x587C0000 0x787C0000 0x00010000 4
[2022-12-20 06:56:20] INFO     mem_cmp 0x58FC0000 0x78FC0000 0x00010000 4
[2022-12-20 06:56:26] INFO     mem_cmp 0x597C0000 0x797C0000 0x00010000 4
[2022-12-20 06:56:33] INFO     mem_cmp 0x59FC0000 0x79FC0000 0x00010000 4
[2022-12-20 06:56:39] INFO     mem_cmp 0x5A7C0000 0x7A7C0000 0x00010000 4
[2022-12-20 06:56:46] INFO     mem_cmp 0x5AFC0000 0x7AFC0000 0x00010000 4
[2022-12-20 06:56:53] INFO     mem_cmp 0x5B7C0000 0x7B7C0000 0x00010000 4
[2022-12-20 06:56:59] INFO     mem_cmp 0x5BFC0000 0x7BFC0000 0x00010000 4
[2022-12-20 06:57:06] INFO     mem_cmp 0x5C7C0000 0x7C7C0000 0x00010000 4
[2022-12-20 06:57:13] INFO     mem_cmp 0x5CFC0000 0x7CFC0000 0x00010000 4
[2022-12-20 06:57:19] INFO     mem_cmp 0x5D7C0000 0x7D7C0000 0x00010000 4
[2022-12-20 06:57:26] INFO     mem_cmp 0x5DFC0000 0x7DFC0000 0x00010000 4
[2022-12-20 06:57:32] INFO     mem_cmp 0x5E7C0000 0x7E7C0000 0x00010000 4
[2022-12-20 06:57:39] INFO     mem_cmp 0x5EFC0000 0x7EFC0000 0x00010000 4
[2022-12-20 06:57:46] INFO     mem_cmp 0x5F7C0000 0x7F7C0000 0x00010000 4
[2022-12-20 06:57:52] INFO     mem_cmp 0x5FFC0000 0x7FFC0000 0x00010000 4
[2022-12-20 06:57:52] INFO     STATE:Mem Compare State
[2022-12-20 06:57:59] INFO     mem_cmp 0x407C0000 0x607C0000 0x00010000 4
[2022-12-20 06:58:05] INFO     mem_cmp 0x40FC0000 0x60FC0000 0x00010000 4
[2022-12-20 06:58:12] INFO     mem_cmp 0x417C0000 0x617C0000 0x00010000 4
[2022-12-20 06:58:19] INFO     mem_cmp 0x41FC0000 0x61FC0000 0x00010000 4
[2022-12-20 06:58:26] INFO     mem_cmp 0x427C0000 0x627C0000 0x00010000 4
[2022-12-20 06:58:32] INFO     mem_cmp 0x42FC0000 0x62FC0000 0x00010000 4
[2022-12-20 06:58:39] INFO     mem_cmp 0x437C0000 0x637C0000 0x00010000 4
[2022-12-20 06:58:46] INFO     mem_cmp 0x43FC0000 0x63FC0000 0x00010000 4
[2022-12-20 06:58:53] INFO     mem_cmp 0x447C0000 0x647C0000 0x00010000 4
[2022-12-20 06:58:59] INFO     mem_cmp 0x44FC0000 0x64FC0000 0x00010000 4
[2022-12-20 06:59:06] INFO     mem_cmp 0x457C0000 0x657C0000 0x00010000 4
[2022-12-20 06:59:13] INFO     mem_cmp 0x45FC0000 0x65FC0000 0x00010000 4
[2022-12-20 06:59:19] INFO     mem_cmp 0x467C0000 0x667C0000 0x00010000 4
[2022-12-20 06:59:26] INFO     mem_cmp 0x46FC0000 0x66FC0000 0x00010000 4
[2022-12-20 06:59:33] INFO     mem_cmp 0x477C0000 0x677C0000 0x00010000 4
[2022-12-20 06:59:39] INFO     mem_cmp 0x47FC0000 0x67FC0000 0x00010000 4
[2022-12-20 06:59:46] INFO     mem_cmp 0x487C0000 0x687C0000 0x00010000 4
[2022-12-20 06:59:52] INFO     mem_cmp 0x48FC0000 0x68FC0000 0x00010000 4
[2022-12-20 06:59:59] INFO     mem_cmp 0x497C0000 0x697C0000 0x00010000 4
[2022-12-20 07:00:06] INFO     mem_cmp 0x49FC0000 0x69FC0000 0x00010000 4
[2022-12-20 07:00:12] INFO     mem_cmp 0x4A7C0000 0x6A7C0000 0x00010000 4
[2022-12-20 07:00:19] INFO     mem_cmp 0x4AFC0000 0x6AFC0000 0x00010000 4
[2022-12-20 07:00:26] INFO     mem_cmp 0x4B7C0000 0x6B7C0000 0x00010000 4
[2022-12-20 07:00:32] INFO     mem_cmp 0x4BFC0000 0x6BFC0000 0x00010000 4
[2022-12-20 07:00:39] INFO     mem_cmp 0x4C7C0000 0x6C7C0000 0x00010000 4
[2022-12-20 07:00:46] INFO     mem_cmp 0x4CFC0000 0x6CFC0000 0x00010000 4
[2022-12-20 07:00:52] INFO     mem_cmp 0x4D7C0000 0x6D7C0000 0x00010000 4
[2022-12-20 07:00:59] INFO     mem_cmp 0x4DFC0000 0x6DFC0000 0x00010000 4
[2022-12-20 07:01:05] INFO     mem_cmp 0x4E7C0000 0x6E7C0000 0x00010000 4
[2022-12-20 07:01:12] INFO     mem_cmp 0x4EFC0000 0x6EFC0000 0x00010000 4
[2022-12-20 07:01:19] INFO     mem_cmp 0x4F7C0000 0x6F7C0000 0x00010000 4
[2022-12-20 07:01:25] INFO     mem_cmp 0x4FFC0000 0x6FFC0000 0x00010000 4
[2022-12-20 07:01:32] INFO     mem_cmp 0x507C0000 0x707C0000 0x00010000 4
[2022-12-20 07:01:39] INFO     mem_cmp 0x50FC0000 0x70FC0000 0x00010000 4
[2022-12-20 07:01:45] INFO     mem_cmp 0x517C0000 0x717C0000 0x00010000 4
[2022-12-20 07:01:52] INFO     mem_cmp 0x51FC0000 0x71FC0000 0x00010000 4
[2022-12-20 07:01:58] INFO     mem_cmp 0x527C0000 0x727C0000 0x00010000 4
[2022-12-20 07:02:05] INFO     mem_cmp 0x52FC0000 0x72FC0000 0x00010000 4
[2022-12-20 07:02:12] INFO     mem_cmp 0x537C0000 0x737C0000 0x00010000 4
[2022-12-20 07:02:19] INFO     mem_cmp 0x53FC0000 0x73FC0000 0x00010000 4
[2022-12-20 07:02:25] INFO     mem_cmp 0x547C0000 0x747C0000 0x00010000 4
[2022-12-20 07:02:32] INFO     mem_cmp 0x54FC0000 0x74FC0000 0x00010000 4
[2022-12-20 07:02:39] INFO     mem_cmp 0x557C0000 0x757C0000 0x00010000 4
[2022-12-20 07:02:45] INFO     mem_cmp 0x55FC0000 0x75FC0000 0x00010000 4
[2022-12-20 07:02:52] INFO     mem_cmp 0x567C0000 0x767C0000 0x00010000 4
[2022-12-20 07:02:59] INFO     mem_cmp 0x56FC0000 0x76FC0000 0x00010000 4
[2022-12-20 07:03:05] INFO     mem_cmp 0x577C0000 0x777C0000 0x00010000 4
[2022-12-20 07:03:12] INFO     mem_cmp 0x57FC0000 0x77FC0000 0x00010000 4
[2022-12-20 07:03:19] INFO     mem_cmp 0x587C0000 0x787C0000 0x00010000 4
[2022-12-20 07:03:25] INFO     mem_cmp 0x58FC0000 0x78FC0000 0x00010000 4
[2022-12-20 07:03:32] INFO     mem_cmp 0x597C0000 0x797C0000 0x00010000 4
[2022-12-20 07:03:39] INFO     mem_cmp 0x59FC0000 0x79FC0000 0x00010000 4
[2022-12-20 07:03:45] INFO     mem_cmp 0x5A7C0000 0x7A7C0000 0x00010000 4
[2022-12-20 07:03:52] INFO     mem_cmp 0x5AFC0000 0x7AFC0000 0x00010000 4
[2022-12-20 07:03:58] INFO     mem_cmp 0x5B7C0000 0x7B7C0000 0x00010000 4
[2022-12-20 07:04:05] INFO     mem_cmp 0x5BFC0000 0x7BFC0000 0x00010000 4
[2022-12-20 07:04:12] INFO     mem_cmp 0x5C7C0000 0x7C7C0000 0x00010000 4
[2022-12-20 07:04:18] INFO     mem_cmp 0x5CFC0000 0x7CFC0000 0x00010000 4
[2022-12-20 07:04:25] INFO     mem_cmp 0x5D7C0000 0x7D7C0000 0x00010000 4
[2022-12-20 07:04:32] INFO     mem_cmp 0x5DFC0000 0x7DFC0000 0x00010000 4
[2022-12-20 07:04:38] INFO     mem_cmp 0x5E7C0000 0x7E7C0000 0x00010000 4
[2022-12-20 07:04:45] INFO     mem_cmp 0x5EFC0000 0x7EFC0000 0x00010000 4
[2022-12-20 07:04:51] INFO     mem_cmp 0x5F7C0000 0x7F7C0000 0x00010000 4
[2022-12-20 07:04:58] INFO     mem_cmp 0x5FFC0000 0x7FFC0000 0x00010000 4
[2022-12-20 07:04:59] INFO     STATE:Mem Compare State
[2022-12-20 07:05:05] INFO     mem_cmp 0x407C0000 0x607C0000 0x00010000 4
[2022-12-20 07:05:12] INFO     mem_cmp 0x40FC0000 0x60FC0000 0x00010000 4
[2022-12-20 07:05:19] INFO     mem_cmp 0x417C0000 0x617C0000 0x00010000 4
[2022-12-20 07:05:25] INFO     mem_cmp 0x41FC0000 0x61FC0000 0x00010000 4
[2022-12-20 07:05:32] INFO     mem_cmp 0x427C0000 0x627C0000 0x00010000 4
[2022-12-20 07:05:39] INFO     mem_cmp 0x42FC0000 0x62FC0000 0x00010000 4
[2022-12-20 07:05:45] INFO     mem_cmp 0x437C0000 0x637C0000 0x00010000 4
[2022-12-20 07:05:52] INFO     mem_cmp 0x43FC0000 0x63FC0000 0x00010000 4
[2022-12-20 07:05:59] INFO     mem_cmp 0x447C0000 0x647C0000 0x00010000 4
[2022-12-20 07:06:06] INFO     mem_cmp 0x44FC0000 0x64FC0000 0x00010000 4
[2022-12-20 07:06:12] INFO     mem_cmp 0x457C0000 0x657C0000 0x00010000 4
[2022-12-20 07:06:19] INFO     mem_cmp 0x45FC0000 0x65FC0000 0x00010000 4
[2022-12-20 07:06:26] INFO     mem_cmp 0x467C0000 0x667C0000 0x00010000 4
[2022-12-20 07:06:32] INFO     mem_cmp 0x46FC0000 0x66FC0000 0x00010000 4
[2022-12-20 07:06:39] INFO     mem_cmp 0x477C0000 0x677C0000 0x00010000 4
[2022-12-20 07:06:46] INFO     mem_cmp 0x47FC0000 0x67FC0000 0x00010000 4
[2022-12-20 07:06:52] INFO     mem_cmp 0x487C0000 0x687C0000 0x00010000 4
[2022-12-20 07:06:59] INFO     mem_cmp 0x48FC0000 0x68FC0000 0x00010000 4
[2022-12-20 07:07:06] INFO     mem_cmp 0x497C0000 0x697C0000 0x00010000 4
[2022-12-20 07:07:12] INFO     mem_cmp 0x49FC0000 0x69FC0000 0x00010000 4
[2022-12-20 07:07:19] INFO     mem_cmp 0x4A7C0000 0x6A7C0000 0x00010000 4
[2022-12-20 07:07:26] INFO     mem_cmp 0x4AFC0000 0x6AFC0000 0x00010000 4
[2022-12-20 07:07:33] INFO     mem_cmp 0x4B7C0000 0x6B7C0000 0x00010000 4
[2022-12-20 07:07:39] INFO     mem_cmp 0x4BFC0000 0x6BFC0000 0x00010000 4
[2022-12-20 07:07:46] INFO     mem_cmp 0x4C7C0000 0x6C7C0000 0x00010000 4
[2022-12-20 07:07:53] INFO     mem_cmp 0x4CFC0000 0x6CFC0000 0x00010000 4
[2022-12-20 07:07:59] INFO     mem_cmp 0x4D7C0000 0x6D7C0000 0x00010000 4
[2022-12-20 07:08:06] INFO     mem_cmp 0x4DFC0000 0x6DFC0000 0x00010000 4
[2022-12-20 07:08:13] INFO     mem_cmp 0x4E7C0000 0x6E7C0000 0x00010000 4
[2022-12-20 07:08:20] INFO     mem_cmp 0x4EFC0000 0x6EFC0000 0x00010000 4
[2022-12-20 07:08:26] INFO     mem_cmp 0x4F7C0000 0x6F7C0000 0x00010000 4
[2022-12-20 07:08:33] INFO     mem_cmp 0x4FFC0000 0x6FFC0000 0x00010000 4
[2022-12-20 07:08:40] INFO     mem_cmp 0x507C0000 0x707C0000 0x00010000 4
[2022-12-20 07:08:47] INFO     mem_cmp 0x50FC0000 0x70FC0000 0x00010000 4
[2022-12-20 07:08:53] INFO     mem_cmp 0x517C0000 0x717C0000 0x00010000 4
[2022-12-20 07:09:00] INFO     mem_cmp 0x51FC0000 0x71FC0000 0x00010000 4
[2022-12-20 07:09:06] INFO     mem_cmp 0x527C0000 0x727C0000 0x00010000 4
[2022-12-20 07:09:13] INFO     mem_cmp 0x52FC0000 0x72FC0000 0x00010000 4
[2022-12-20 07:09:20] INFO     mem_cmp 0x537C0000 0x737C0000 0x00010000 4
[2022-12-20 07:09:27] INFO     mem_cmp 0x53FC0000 0x73FC0000 0x00010000 4
[2022-12-20 07:09:33] INFO     mem_cmp 0x547C0000 0x747C0000 0x00010000 4
[2022-12-20 07:09:40] INFO     mem_cmp 0x54FC0000 0x74FC0000 0x00010000 4
[2022-12-20 07:09:46] INFO     mem_cmp 0x557C0000 0x757C0000 0x00010000 4
[2022-12-20 07:09:53] INFO     mem_cmp 0x55FC0000 0x75FC0000 0x00010000 4
[2022-12-20 07:10:00] INFO     mem_cmp 0x567C0000 0x767C0000 0x00010000 4
[2022-12-20 07:10:07] INFO     mem_cmp 0x56FC0000 0x76FC0000 0x00010000 4
[2022-12-20 07:10:13] INFO     mem_cmp 0x577C0000 0x777C0000 0x00010000 4
[2022-12-20 07:10:20] INFO     mem_cmp 0x57FC0000 0x77FC0000 0x00010000 4
[2022-12-20 07:10:27] INFO     mem_cmp 0x587C0000 0x787C0000 0x00010000 4
[2022-12-20 07:10:33] INFO     mem_cmp 0x58FC0000 0x78FC0000 0x00010000 4
[2022-12-20 07:10:40] INFO     mem_cmp 0x597C0000 0x797C0000 0x00010000 4
[2022-12-20 07:10:47] INFO     mem_cmp 0x59FC0000 0x79FC0000 0x00010000 4
[2022-12-20 07:10:53] INFO     mem_cmp 0x5A7C0000 0x7A7C0000 0x00010000 4
[2022-12-20 07:11:00] INFO     mem_cmp 0x5AFC0000 0x7AFC0000 0x00010000 4
[2022-12-20 07:11:07] INFO     mem_cmp 0x5B7C0000 0x7B7C0000 0x00010000 4
[2022-12-20 07:11:13] INFO     mem_cmp 0x5BFC0000 0x7BFC0000 0x00010000 4
[2022-12-20 07:11:20] INFO     mem_cmp 0x5C7C0000 0x7C7C0000 0x00010000 4
[2022-12-20 07:11:27] INFO     mem_cmp 0x5CFC0000 0x7CFC0000 0x00010000 4
[2022-12-20 07:11:33] INFO     mem_cmp 0x5D7C0000 0x7D7C0000 0x00010000 4
[2022-12-20 07:11:39] INFO     mem_cmp 0x5DFC0000 0x7DFC0000 0x00010000 4
[2022-12-20 07:11:46] INFO     mem_cmp 0x5E7C0000 0x7E7C0000 0x00010000 4
[2022-12-20 07:11:53] INFO     mem_cmp 0x5EFC0000 0x7EFC0000 0x00010000 4
[2022-12-20 07:11:59] INFO     mem_cmp 0x5F7C0000 0x7F7C0000 0x00010000 4
[2022-12-20 07:12:06] INFO     mem_cmp 0x5FFC0000 0x7FFC0000 0x00010000 4
[2022-12-20 07:12:07] INFO     STATE:Mem Compare State
[2022-12-20 07:12:13] INFO     mem_cmp 0x407C0000 0x607C0000 0x00010000 4
[2022-12-20 07:12:20] INFO     mem_cmp 0x40FC0000 0x60FC0000 0x00010000 4
[2022-12-20 07:12:26] INFO     mem_cmp 0x417C0000 0x617C0000 0x00010000 4
[2022-12-20 07:12:33] INFO     mem_cmp 0x41FC0000 0x61FC0000 0x00010000 4
[2022-12-20 07:12:39] INFO     mem_cmp 0x427C0000 0x627C0000 0x00010000 4
[2022-12-20 07:12:46] INFO     mem_cmp 0x42FC0000 0x62FC0000 0x00010000 4
[2022-12-20 07:12:53] INFO     mem_cmp 0x437C0000 0x637C0000 0x00010000 4
[2022-12-20 07:13:00] INFO     mem_cmp 0x43FC0000 0x63FC0000 0x00010000 4
[2022-12-20 07:13:06] INFO     mem_cmp 0x447C0000 0x647C0000 0x00010000 4
[2022-12-20 07:13:13] INFO     mem_cmp 0x44FC0000 0x64FC0000 0x00010000 4
[2022-12-20 07:13:20] INFO     mem_cmp 0x457C0000 0x657C0000 0x00010000 4
[2022-12-20 07:13:26] INFO     mem_cmp 0x45FC0000 0x65FC0000 0x00010000 4
[2022-12-20 07:13:33] INFO     mem_cmp 0x467C0000 0x667C0000 0x00010000 4
[2022-12-20 07:13:40] INFO     mem_cmp 0x46FC0000 0x66FC0000 0x00010000 4
[2022-12-20 07:13:47] INFO     mem_cmp 0x477C0000 0x677C0000 0x00010000 4
[2022-12-20 07:13:53] INFO     mem_cmp 0x47FC0000 0x67FC0000 0x00010000 4
[2022-12-20 07:14:00] INFO     mem_cmp 0x487C0000 0x687C0000 0x00010000 4
[2022-12-20 07:14:06] INFO     mem_cmp 0x48FC0000 0x68FC0000 0x00010000 4
[2022-12-20 07:14:13] INFO     mem_cmp 0x497C0000 0x697C0000 0x00010000 4
[2022-12-20 07:14:20] INFO     mem_cmp 0x49FC0000 0x69FC0000 0x00010000 4
[2022-12-20 07:14:27] INFO     mem_cmp 0x4A7C0000 0x6A7C0000 0x00010000 4
[2022-12-20 07:14:33] INFO     mem_cmp 0x4AFC0000 0x6AFC0000 0x00010000 4
[2022-12-20 07:14:40] INFO     mem_cmp 0x4B7C0000 0x6B7C0000 0x00010000 4
[2022-12-20 07:14:46] INFO     mem_cmp 0x4BFC0000 0x6BFC0000 0x00010000 4
[2022-12-20 07:14:53] INFO     mem_cmp 0x4C7C0000 0x6C7C0000 0x00010000 4
[2022-12-20 07:15:00] INFO     mem_cmp 0x4CFC0000 0x6CFC0000 0x00010000 4
[2022-12-20 07:15:06] INFO     mem_cmp 0x4D7C0000 0x6D7C0000 0x00010000 4
[2022-12-20 07:15:13] INFO     mem_cmp 0x4DFC0000 0x6DFC0000 0x00010000 4
[2022-12-20 07:15:20] INFO     mem_cmp 0x4E7C0000 0x6E7C0000 0x00010000 4
[2022-12-20 07:15:27] INFO     mem_cmp 0x4EFC0000 0x6EFC0000 0x00010000 4
[2022-12-20 07:15:33] INFO     mem_cmp 0x4F7C0000 0x6F7C0000 0x00010000 4
[2022-12-20 07:15:40] INFO     mem_cmp 0x4FFC0000 0x6FFC0000 0x00010000 4
[2022-12-20 07:15:46] INFO     mem_cmp 0x507C0000 0x707C0000 0x00010000 4
[2022-12-20 07:15:53] INFO     mem_cmp 0x50FC0000 0x70FC0000 0x00010000 4
[2022-12-20 07:16:00] INFO     mem_cmp 0x517C0000 0x717C0000 0x00010000 4
[2022-12-20 07:16:06] INFO     mem_cmp 0x51FC0000 0x71FC0000 0x00010000 4
[2022-12-20 07:16:13] INFO     mem_cmp 0x527C0000 0x727C0000 0x00010000 4
[2022-12-20 07:16:20] INFO     mem_cmp 0x52FC0000 0x72FC0000 0x00010000 4
[2022-12-20 07:16:26] INFO     mem_cmp 0x537C0000 0x737C0000 0x00010000 4
[2022-12-20 07:16:33] INFO     mem_cmp 0x53FC0000 0x73FC0000 0x00010000 4
[2022-12-20 07:16:40] INFO     mem_cmp 0x547C0000 0x747C0000 0x00010000 4
[2022-12-20 07:16:46] INFO     mem_cmp 0x54FC0000 0x74FC0000 0x00010000 4
[2022-12-20 07:16:53] INFO     mem_cmp 0x557C0000 0x757C0000 0x00010000 4
[2022-12-20 07:17:00] INFO     mem_cmp 0x55FC0000 0x75FC0000 0x00010000 4
[2022-12-20 07:17:07] INFO     mem_cmp 0x567C0000 0x767C0000 0x00010000 4
[2022-12-20 07:17:13] INFO     mem_cmp 0x56FC0000 0x76FC0000 0x00010000 4
[2022-12-20 07:17:20] INFO     mem_cmp 0x577C0000 0x777C0000 0x00010000 4
[2022-12-20 07:17:27] INFO     mem_cmp 0x57FC0000 0x77FC0000 0x00010000 4
[2022-12-20 07:17:34] INFO     mem_cmp 0x587C0000 0x787C0000 0x00010000 4
[2022-12-20 07:17:40] INFO     mem_cmp 0x58FC0000 0x78FC0000 0x00010000 4
[2022-12-20 07:17:47] INFO     mem_cmp 0x597C0000 0x797C0000 0x00010000 4
[2022-12-20 07:17:54] INFO     mem_cmp 0x59FC0000 0x79FC0000 0x00010000 4
[2022-12-20 07:18:00] INFO     mem_cmp 0x5A7C0000 0x7A7C0000 0x00010000 4
[2022-12-20 07:18:07] INFO     mem_cmp 0x5AFC0000 0x7AFC0000 0x00010000 4
[2022-12-20 07:18:14] INFO     mem_cmp 0x5B7C0000 0x7B7C0000 0x00010000 4
[2022-12-20 07:18:21] INFO     mem_cmp 0x5BFC0000 0x7BFC0000 0x00010000 4
[2022-12-20 07:18:27] INFO     mem_cmp 0x5C7C0000 0x7C7C0000 0x00010000 4
[2022-12-20 07:18:34] INFO     mem_cmp 0x5CFC0000 0x7CFC0000 0x00010000 4
[2022-12-20 07:18:41] INFO     mem_cmp 0x5D7C0000 0x7D7C0000 0x00010000 4
[2022-12-20 07:18:48] INFO     mem_cmp 0x5DFC0000 0x7DFC0000 0x00010000 4
[2022-12-20 07:18:55] INFO     mem_cmp 0x5E7C0000 0x7E7C0000 0x00010000 4
[2022-12-20 07:19:01] INFO     mem_cmp 0x5EFC0000 0x7EFC0000 0x00010000 4
[2022-12-20 07:19:08] INFO     mem_cmp 0x5F7C0000 0x7F7C0000 0x00010000 4
[2022-12-20 07:19:15] INFO     mem_cmp 0x5FFC0000 0x7FFC0000 0x00010000 4
[2022-12-20 07:19:15] INFO     STATE:Mem Compare State
[2022-12-20 07:19:21] INFO     mem_cmp 0x407C0000 0x607C0000 0x00010000 4
[2022-12-20 07:19:28] INFO     mem_cmp 0x40FC0000 0x60FC0000 0x00010000 4
[2022-12-20 07:19:35] INFO     mem_cmp 0x417C0000 0x617C0000 0x00010000 4
[2022-12-20 07:19:41] INFO     mem_cmp 0x41FC0000 0x61FC0000 0x00010000 4
[2022-12-20 07:19:48] INFO     mem_cmp 0x427C0000 0x627C0000 0x00010000 4
[2022-12-20 07:19:55] INFO     mem_cmp 0x42FC0000 0x62FC0000 0x00010000 4
[2022-12-20 07:20:01] INFO     mem_cmp 0x437C0000 0x637C0000 0x00010000 4
[2022-12-20 07:20:08] INFO     mem_cmp 0x43FC0000 0x63FC0000 0x00010000 4
[2022-12-20 07:20:15] INFO     mem_cmp 0x447C0000 0x647C0000 0x00010000 4
[2022-12-20 07:20:21] INFO     mem_cmp 0x44FC0000 0x64FC0000 0x00010000 4
[2022-12-20 07:20:28] INFO     mem_cmp 0x457C0000 0x657C0000 0x00010000 4
[2022-12-20 07:20:34] INFO     mem_cmp 0x45FC0000 0x65FC0000 0x00010000 4
[2022-12-20 07:20:41] INFO     mem_cmp 0x467C0000 0x667C0000 0x00010000 4
[2022-12-20 07:20:47] INFO     mem_cmp 0x46FC0000 0x66FC0000 0x00010000 4
[2022-12-20 07:20:54] INFO     mem_cmp 0x477C0000 0x677C0000 0x00010000 4
[2022-12-20 07:21:01] INFO     mem_cmp 0x47FC0000 0x67FC0000 0x00010000 4
[2022-12-20 07:21:07] INFO     mem_cmp 0x487C0000 0x687C0000 0x00010000 4
[2022-12-20 07:21:14] INFO     mem_cmp 0x48FC0000 0x68FC0000 0x00010000 4
[2022-12-20 07:21:21] INFO     mem_cmp 0x497C0000 0x697C0000 0x00010000 4
[2022-12-20 07:21:28] INFO     mem_cmp 0x49FC0000 0x69FC0000 0x00010000 4
[2022-12-20 07:21:34] INFO     mem_cmp 0x4A7C0000 0x6A7C0000 0x00010000 4
[2022-12-20 07:21:41] INFO     mem_cmp 0x4AFC0000 0x6AFC0000 0x00010000 4
[2022-12-20 07:21:48] INFO     mem_cmp 0x4B7C0000 0x6B7C0000 0x00010000 4
[2022-12-20 07:21:55] INFO     mem_cmp 0x4BFC0000 0x6BFC0000 0x00010000 4
[2022-12-20 07:22:02] INFO     mem_cmp 0x4C7C0000 0x6C7C0000 0x00010000 4
[2022-12-20 07:22:08] INFO     mem_cmp 0x4CFC0000 0x6CFC0000 0x00010000 4
[2022-12-20 07:22:15] INFO     mem_cmp 0x4D7C0000 0x6D7C0000 0x00010000 4
[2022-12-20 07:22:22] INFO     mem_cmp 0x4DFC0000 0x6DFC0000 0x00010000 4
[2022-12-20 07:22:28] INFO     mem_cmp 0x4E7C0000 0x6E7C0000 0x00010000 4
[2022-12-20 07:22:35] INFO     mem_cmp 0x4EFC0000 0x6EFC0000 0x00010000 4
[2022-12-20 07:22:41] INFO     mem_cmp 0x4F7C0000 0x6F7C0000 0x00010000 4
[2022-12-20 07:22:48] INFO     mem_cmp 0x4FFC0000 0x6FFC0000 0x00010000 4
[2022-12-20 07:22:55] INFO     mem_cmp 0x507C0000 0x707C0000 0x00010000 4
[2022-12-20 07:23:02] INFO     mem_cmp 0x50FC0000 0x70FC0000 0x00010000 4
[2022-12-20 07:23:09] INFO     mem_cmp 0x517C0000 0x717C0000 0x00010000 4
[2022-12-20 07:23:15] INFO     mem_cmp 0x51FC0000 0x71FC0000 0x00010000 4
[2022-12-20 07:23:22] INFO     mem_cmp 0x527C0000 0x727C0000 0x00010000 4
[2022-12-20 07:23:29] INFO     mem_cmp 0x52FC0000 0x72FC0000 0x00010000 4
[2022-12-20 07:23:36] INFO     mem_cmp 0x537C0000 0x737C0000 0x00010000 4
[2022-12-20 07:23:42] INFO     mem_cmp 0x53FC0000 0x73FC0000 0x00010000 4
[2022-12-20 07:23:49] INFO     mem_cmp 0x547C0000 0x747C0000 0x00010000 4
[2022-12-20 07:23:56] INFO     mem_cmp 0x54FC0000 0x74FC0000 0x00010000 4
[2022-12-20 07:24:02] INFO     mem_cmp 0x557C0000 0x757C0000 0x00010000 4
[2022-12-20 07:24:09] INFO     mem_cmp 0x55FC0000 0x75FC0000 0x00010000 4
[2022-12-20 07:24:16] INFO     mem_cmp 0x567C0000 0x767C0000 0x00010000 4
[2022-12-20 07:24:23] INFO     mem_cmp 0x56FC0000 0x76FC0000 0x00010000 4
[2022-12-20 07:24:29] INFO     mem_cmp 0x577C0000 0x777C0000 0x00010000 4
[2022-12-20 07:24:36] INFO     mem_cmp 0x57FC0000 0x77FC0000 0x00010000 4
[2022-12-20 07:24:43] INFO     mem_cmp 0x587C0000 0x787C0000 0x00010000 4
[2022-12-20 07:24:50] INFO     mem_cmp 0x58FC0000 0x78FC0000 0x00010000 4
[2022-12-20 07:24:56] INFO     mem_cmp 0x597C0000 0x797C0000 0x00010000 4
[2022-12-20 07:25:03] INFO     mem_cmp 0x59FC0000 0x79FC0000 0x00010000 4
[2022-12-20 07:25:09] INFO     mem_cmp 0x5A7C0000 0x7A7C0000 0x00010000 4
[2022-12-20 07:25:16] INFO     mem_cmp 0x5AFC0000 0x7AFC0000 0x00010000 4
[2022-12-20 07:25:22] INFO     mem_cmp 0x5B7C0000 0x7B7C0000 0x00010000 4
[2022-12-20 07:25:29] INFO     mem_cmp 0x5BFC0000 0x7BFC0000 0x00010000 4
[2022-12-20 07:25:36] INFO     mem_cmp 0x5C7C0000 0x7C7C0000 0x00010000 4
[2022-12-20 07:25:42] INFO     mem_cmp 0x5CFC0000 0x7CFC0000 0x00010000 4
[2022-12-20 07:25:49] INFO     mem_cmp 0x5D7C0000 0x7D7C0000 0x00010000 4
[2022-12-20 07:25:56] INFO     mem_cmp 0x5DFC0000 0x7DFC0000 0x00010000 4
[2022-12-20 07:26:02] INFO     mem_cmp 0x5E7C0000 0x7E7C0000 0x00010000 4
[2022-12-20 07:26:09] INFO     mem_cmp 0x5EFC0000 0x7EFC0000 0x00010000 4
[2022-12-20 07:26:15] INFO     mem_cmp 0x5F7C0000 0x7F7C0000 0x00010000 4
[2022-12-20 07:26:22] INFO     mem_cmp 0x5FFC0000 0x7FFC0000 0x00010000 4
[2022-12-20 07:26:22] INFO     STATE:Mem Compare State
[2022-12-20 07:26:29] INFO     mem_cmp 0x407C0000 0x607C0000 0x00010000 4
[2022-12-20 07:26:36] INFO     mem_cmp 0x40FC0000 0x60FC0000 0x00010000 4
[2022-12-20 07:26:42] INFO     mem_cmp 0x417C0000 0x617C0000 0x00010000 4
[2022-12-20 07:26:49] INFO     mem_cmp 0x41FC0000 0x61FC0000 0x00010000 4
[2022-12-20 07:26:56] INFO     mem_cmp 0x427C0000 0x627C0000 0x00010000 4
[2022-12-20 07:27:02] INFO     mem_cmp 0x42FC0000 0x62FC0000 0x00010000 4
[2022-12-20 07:27:09] INFO     mem_cmp 0x437C0000 0x637C0000 0x00010000 4
[2022-12-20 07:27:16] INFO     mem_cmp 0x43FC0000 0x63FC0000 0x00010000 4
[2022-12-20 07:27:23] INFO     mem_cmp 0x447C0000 0x647C0000 0x00010000 4
[2022-12-20 07:27:29] INFO     mem_cmp 0x44FC0000 0x64FC0000 0x00010000 4
[2022-12-20 07:27:36] INFO     mem_cmp 0x457C0000 0x657C0000 0x00010000 4
[2022-12-20 07:27:43] INFO     mem_cmp 0x45FC0000 0x65FC0000 0x00010000 4
[2022-12-20 07:27:49] INFO     mem_cmp 0x467C0000 0x667C0000 0x00010000 4
[2022-12-20 07:27:56] INFO     mem_cmp 0x46FC0000 0x66FC0000 0x00010000 4
[2022-12-20 07:28:02] INFO     mem_cmp 0x477C0000 0x677C0000 0x00010000 4
[2022-12-20 07:28:09] INFO     mem_cmp 0x47FC0000 0x67FC0000 0x00010000 4
[2022-12-20 07:28:16] INFO     mem_cmp 0x487C0000 0x687C0000 0x00010000 4
[2022-12-20 07:28:23] INFO     mem_cmp 0x48FC0000 0x68FC0000 0x00010000 4
[2022-12-20 07:28:29] INFO     mem_cmp 0x497C0000 0x697C0000 0x00010000 4
[2022-12-20 07:28:36] INFO     mem_cmp 0x49FC0000 0x69FC0000 0x00010000 4
[2022-12-20 07:28:43] INFO     mem_cmp 0x4A7C0000 0x6A7C0000 0x00010000 4
[2022-12-20 07:28:49] INFO     mem_cmp 0x4AFC0000 0x6AFC0000 0x00010000 4
[2022-12-20 07:28:56] INFO     mem_cmp 0x4B7C0000 0x6B7C0000 0x00010000 4
[2022-12-20 07:29:02] INFO     mem_cmp 0x4BFC0000 0x6BFC0000 0x00010000 4
[2022-12-20 07:29:09] INFO     mem_cmp 0x4C7C0000 0x6C7C0000 0x00010000 4
[2022-12-20 07:29:16] INFO     mem_cmp 0x4CFC0000 0x6CFC0000 0x00010000 4
[2022-12-20 07:29:22] INFO     mem_cmp 0x4D7C0000 0x6D7C0000 0x00010000 4
[2022-12-20 07:29:29] INFO     mem_cmp 0x4DFC0000 0x6DFC0000 0x00010000 4
[2022-12-20 07:29:36] INFO     mem_cmp 0x4E7C0000 0x6E7C0000 0x00010000 4
[2022-12-20 07:29:43] INFO     mem_cmp 0x4EFC0000 0x6EFC0000 0x00010000 4
[2022-12-20 07:29:49] INFO     mem_cmp 0x4F7C0000 0x6F7C0000 0x00010000 4
[2022-12-20 07:29:56] INFO     mem_cmp 0x4FFC0000 0x6FFC0000 0x00010000 4
[2022-12-20 07:30:03] INFO     mem_cmp 0x507C0000 0x707C0000 0x00010000 4
[2022-12-20 07:30:09] INFO     mem_cmp 0x50FC0000 0x70FC0000 0x00010000 4
[2022-12-20 07:30:16] INFO     mem_cmp 0x517C0000 0x717C0000 0x00010000 4
[2022-12-20 07:30:23] INFO     mem_cmp 0x51FC0000 0x71FC0000 0x00010000 4
[2022-12-20 07:30:29] INFO     mem_cmp 0x527C0000 0x727C0000 0x00010000 4
[2022-12-20 07:30:36] INFO     mem_cmp 0x52FC0000 0x72FC0000 0x00010000 4
[2022-12-20 07:30:43] INFO     mem_cmp 0x537C0000 0x737C0000 0x00010000 4
[2022-12-20 07:30:49] INFO     mem_cmp 0x53FC0000 0x73FC0000 0x00010000 4
[2022-12-20 07:30:56] INFO     mem_cmp 0x547C0000 0x747C0000 0x00010000 4
[2022-12-20 07:31:03] INFO     mem_cmp 0x54FC0000 0x74FC0000 0x00010000 4
[2022-12-20 07:31:10] INFO     mem_cmp 0x557C0000 0x757C0000 0x00010000 4
[2022-12-20 07:31:16] INFO     mem_cmp 0x55FC0000 0x75FC0000 0x00010000 4
[2022-12-20 07:31:23] INFO     mem_cmp 0x567C0000 0x767C0000 0x00010000 4
[2022-12-20 07:31:30] INFO     mem_cmp 0x56FC0000 0x76FC0000 0x00010000 4
[2022-12-20 07:31:37] INFO     mem_cmp 0x577C0000 0x777C0000 0x00010000 4
[2022-12-20 07:31:43] INFO     mem_cmp 0x57FC0000 0x77FC0000 0x00010000 4
[2022-12-20 07:31:50] INFO     mem_cmp 0x587C0000 0x787C0000 0x00010000 4
[2022-12-20 07:31:56] INFO     mem_cmp 0x58FC0000 0x78FC0000 0x00010000 4
[2022-12-20 07:32:03] INFO     mem_cmp 0x597C0000 0x797C0000 0x00010000 4
[2022-12-20 07:32:10] INFO     mem_cmp 0x59FC0000 0x79FC0000 0x00010000 4
[2022-12-20 07:32:16] INFO     mem_cmp 0x5A7C0000 0x7A7C0000 0x00010000 4
[2022-12-20 07:32:23] INFO     mem_cmp 0x5AFC0000 0x7AFC0000 0x00010000 4
[2022-12-20 07:32:30] INFO     mem_cmp 0x5B7C0000 0x7B7C0000 0x00010000 4
[2022-12-20 07:32:37] INFO     mem_cmp 0x5BFC0000 0x7BFC0000 0x00010000 4
[2022-12-20 07:32:43] INFO     mem_cmp 0x5C7C0000 0x7C7C0000 0x00010000 4
[2022-12-20 07:32:50] INFO     mem_cmp 0x5CFC0000 0x7CFC0000 0x00010000 4
[2022-12-20 07:32:57] INFO     mem_cmp 0x5D7C0000 0x7D7C0000 0x00010000 4
[2022-12-20 07:33:03] INFO     mem_cmp 0x5DFC0000 0x7DFC0000 0x00010000 4
[2022-12-20 07:33:10] INFO     mem_cmp 0x5E7C0000 0x7E7C0000 0x00010000 4
[2022-12-20 07:33:17] INFO     mem_cmp 0x5EFC0000 0x7EFC0000 0x00010000 4
[2022-12-20 07:33:23] INFO     mem_cmp 0x5F7C0000 0x7F7C0000 0x00010000 4
[2022-12-20 07:33:30] INFO     mem_cmp 0x5FFC0000 0x7FFC0000 0x00010000 4
[2022-12-20 07:33:30] INFO     STATE:Mem Compare State
[2022-12-20 07:33:36] INFO     mem_cmp 0x407C0000 0x607C0000 0x00010000 4
[2022-12-20 07:33:43] INFO     mem_cmp 0x40FC0000 0x60FC0000 0x00010000 4
[2022-12-20 07:33:49] INFO     mem_cmp 0x417C0000 0x617C0000 0x00010000 4
[2022-12-20 07:33:56] INFO     mem_cmp 0x41FC0000 0x61FC0000 0x00010000 4
[2022-12-20 07:34:03] INFO     mem_cmp 0x427C0000 0x627C0000 0x00010000 4
[2022-12-20 07:34:10] INFO     mem_cmp 0x42FC0000 0x62FC0000 0x00010000 4
[2022-12-20 07:34:16] INFO     mem_cmp 0x437C0000 0x637C0000 0x00010000 4
[2022-12-20 07:34:23] INFO     mem_cmp 0x43FC0000 0x63FC0000 0x00010000 4
[2022-12-20 07:34:30] INFO     mem_cmp 0x447C0000 0x647C0000 0x00010000 4
[2022-12-20 07:34:36] INFO     mem_cmp 0x44FC0000 0x64FC0000 0x00010000 4
[2022-12-20 07:34:43] INFO     mem_cmp 0x457C0000 0x657C0000 0x00010000 4
[2022-12-20 07:34:50] INFO     mem_cmp 0x45FC0000 0x65FC0000 0x00010000 4
[2022-12-20 07:34:57] INFO     mem_cmp 0x467C0000 0x667C0000 0x00010000 4
[2022-12-20 07:35:03] INFO     mem_cmp 0x46FC0000 0x66FC0000 0x00010000 4
[2022-12-20 07:35:10] INFO     mem_cmp 0x477C0000 0x677C0000 0x00010000 4
[2022-12-20 07:35:16] INFO     mem_cmp 0x47FC0000 0x67FC0000 0x00010000 4
[2022-12-20 07:35:23] INFO     mem_cmp 0x487C0000 0x687C0000 0x00010000 4
[2022-12-20 07:35:30] INFO     mem_cmp 0x48FC0000 0x68FC0000 0x00010000 4
[2022-12-20 07:35:36] INFO     mem_cmp 0x497C0000 0x697C0000 0x00010000 4
[2022-12-20 07:35:43] INFO     mem_cmp 0x49FC0000 0x69FC0000 0x00010000 4
[2022-12-20 07:35:50] INFO     mem_cmp 0x4A7C0000 0x6A7C0000 0x00010000 4
[2022-12-20 07:35:57] INFO     mem_cmp 0x4AFC0000 0x6AFC0000 0x00010000 4
[2022-12-20 07:36:03] INFO     mem_cmp 0x4B7C0000 0x6B7C0000 0x00010000 4
[2022-12-20 07:36:09] INFO     mem_cmp 0x4BFC0000 0x6BFC0000 0x00010000 4
[2022-12-20 07:36:15] INFO     mem_cmp 0x4C7C0000 0x6C7C0000 0x00010000 4
[2022-12-20 07:36:22] INFO     mem_cmp 0x4CFC0000 0x6CFC0000 0x00010000 4
[2022-12-20 07:36:29] INFO     mem_cmp 0x4D7C0000 0x6D7C0000 0x00010000 4
[2022-12-20 07:36:35] INFO     mem_cmp 0x4DFC0000 0x6DFC0000 0x00010000 4
[2022-12-20 07:36:42] INFO     mem_cmp 0x4E7C0000 0x6E7C0000 0x00010000 4
[2022-12-20 07:36:48] INFO     mem_cmp 0x4EFC0000 0x6EFC0000 0x00010000 4
[2022-12-20 07:36:55] INFO     mem_cmp 0x4F7C0000 0x6F7C0000 0x00010000 4
[2022-12-20 07:37:02] INFO     mem_cmp 0x4FFC0000 0x6FFC0000 0x00010000 4
[2022-12-20 07:37:08] INFO     mem_cmp 0x507C0000 0x707C0000 0x00010000 4
[2022-12-20 07:37:15] INFO     mem_cmp 0x50FC0000 0x70FC0000 0x00010000 4
[2022-12-20 07:37:21] INFO     mem_cmp 0x517C0000 0x717C0000 0x00010000 4
[2022-12-20 07:37:28] INFO     mem_cmp 0x51FC0000 0x71FC0000 0x00010000 4
[2022-12-20 07:37:35] INFO     mem_cmp 0x527C0000 0x727C0000 0x00010000 4
[2022-12-20 07:37:42] INFO     mem_cmp 0x52FC0000 0x72FC0000 0x00010000 4
[2022-12-20 07:37:48] INFO     mem_cmp 0x537C0000 0x737C0000 0x00010000 4
[2022-12-20 07:37:55] INFO     mem_cmp 0x53FC0000 0x73FC0000 0x00010000 4
[2022-12-20 07:38:02] INFO     mem_cmp 0x547C0000 0x747C0000 0x00010000 4
[2022-12-20 07:38:08] INFO     mem_cmp 0x54FC0000 0x74FC0000 0x00010000 4
[2022-12-20 07:38:15] INFO     mem_cmp 0x557C0000 0x757C0000 0x00010000 4
[2022-12-20 07:38:22] INFO     mem_cmp 0x55FC0000 0x75FC0000 0x00010000 4
[2022-12-20 07:38:29] INFO     mem_cmp 0x567C0000 0x767C0000 0x00010000 4
[2022-12-20 07:38:35] INFO     mem_cmp 0x56FC0000 0x76FC0000 0x00010000 4
[2022-12-20 07:38:42] INFO     mem_cmp 0x577C0000 0x777C0000 0x00010000 4
[2022-12-20 07:38:49] INFO     mem_cmp 0x57FC0000 0x77FC0000 0x00010000 4
[2022-12-20 07:38:56] INFO     mem_cmp 0x587C0000 0x787C0000 0x00010000 4
[2022-12-20 07:39:02] INFO     mem_cmp 0x58FC0000 0x78FC0000 0x00010000 4
[2022-12-20 07:39:09] INFO     mem_cmp 0x597C0000 0x797C0000 0x00010000 4
[2022-12-20 07:39:16] INFO     mem_cmp 0x59FC0000 0x79FC0000 0x00010000 4
[2022-12-20 07:39:22] INFO     mem_cmp 0x5A7C0000 0x7A7C0000 0x00010000 4
[2022-12-20 07:39:29] INFO     mem_cmp 0x5AFC0000 0x7AFC0000 0x00010000 4
[2022-12-20 07:39:36] INFO     mem_cmp 0x5B7C0000 0x7B7C0000 0x00010000 4
[2022-12-20 07:39:42] INFO     mem_cmp 0x5BFC0000 0x7BFC0000 0x00010000 4
[2022-12-20 07:39:49] INFO     mem_cmp 0x5C7C0000 0x7C7C0000 0x00010000 4
[2022-12-20 07:39:56] INFO     mem_cmp 0x5CFC0000 0x7CFC0000 0x00010000 4
[2022-12-20 07:40:02] INFO     mem_cmp 0x5D7C0000 0x7D7C0000 0x00010000 4
[2022-12-20 07:40:09] INFO     mem_cmp 0x5DFC0000 0x7DFC0000 0x00010000 4
[2022-12-20 07:40:16] INFO     mem_cmp 0x5E7C0000 0x7E7C0000 0x00010000 4
[2022-12-20 07:40:23] INFO     mem_cmp 0x5EFC0000 0x7EFC0000 0x00010000 4
[2022-12-20 07:40:29] INFO     mem_cmp 0x5F7C0000 0x7F7C0000 0x00010000 4
[2022-12-20 07:40:36] INFO     mem_cmp 0x5FFC0000 0x7FFC0000 0x00010000 4
[2022-12-20 07:40:36] INFO     STATE:Mem Compare State
[2022-12-20 07:40:43] INFO     mem_cmp 0x407C0000 0x607C0000 0x00010000 4
[2022-12-20 07:40:50] INFO     mem_cmp 0x40FC0000 0x60FC0000 0x00010000 4
[2022-12-20 07:40:57] INFO     mem_cmp 0x417C0000 0x617C0000 0x00010000 4
[2022-12-20 07:41:03] INFO     mem_cmp 0x41FC0000 0x61FC0000 0x00010000 4
[2022-12-20 07:41:10] INFO     mem_cmp 0x427C0000 0x627C0000 0x00010000 4
[2022-12-20 07:41:16] INFO     mem_cmp 0x42FC0000 0x62FC0000 0x00010000 4
[2022-12-20 07:41:23] INFO     mem_cmp 0x437C0000 0x637C0000 0x00010000 4
[2022-12-20 07:41:30] INFO     mem_cmp 0x43FC0000 0x63FC0000 0x00010000 4
[2022-12-20 07:41:37] INFO     mem_cmp 0x447C0000 0x647C0000 0x00010000 4
[2022-12-20 07:41:44] INFO     mem_cmp 0x44FC0000 0x64FC0000 0x00010000 4
[2022-12-20 07:41:50] INFO     mem_cmp 0x457C0000 0x657C0000 0x00010000 4
[2022-12-20 07:41:57] INFO     mem_cmp 0x45FC0000 0x65FC0000 0x00010000 4
[2022-12-20 07:42:04] INFO     mem_cmp 0x467C0000 0x667C0000 0x00010000 4
[2022-12-20 07:42:10] INFO     mem_cmp 0x46FC0000 0x66FC0000 0x00010000 4
[2022-12-20 07:42:17] INFO     mem_cmp 0x477C0000 0x677C0000 0x00010000 4
[2022-12-20 07:42:23] INFO     mem_cmp 0x47FC0000 0x67FC0000 0x00010000 4
[2022-12-20 07:42:30] INFO     mem_cmp 0x487C0000 0x687C0000 0x00010000 4
[2022-12-20 07:42:37] INFO     mem_cmp 0x48FC0000 0x68FC0000 0x00010000 4
[2022-12-20 07:42:44] INFO     mem_cmp 0x497C0000 0x697C0000 0x00010000 4
[2022-12-20 07:42:50] INFO     mem_cmp 0x49FC0000 0x69FC0000 0x00010000 4
[2022-12-20 07:42:57] INFO     mem_cmp 0x4A7C0000 0x6A7C0000 0x00010000 4
[2022-12-20 07:43:04] INFO     mem_cmp 0x4AFC0000 0x6AFC0000 0x00010000 4
[2022-12-20 07:43:10] INFO     mem_cmp 0x4B7C0000 0x6B7C0000 0x00010000 4
[2022-12-20 07:43:17] INFO     mem_cmp 0x4BFC0000 0x6BFC0000 0x00010000 4
[2022-12-20 07:43:24] INFO     mem_cmp 0x4C7C0000 0x6C7C0000 0x00010000 4
[2022-12-20 07:43:30] INFO     mem_cmp 0x4CFC0000 0x6CFC0000 0x00010000 4
[2022-12-20 07:43:37] INFO     mem_cmp 0x4D7C0000 0x6D7C0000 0x00010000 4
[2022-12-20 07:43:44] INFO     mem_cmp 0x4DFC0000 0x6DFC0000 0x00010000 4
[2022-12-20 07:43:51] INFO     mem_cmp 0x4E7C0000 0x6E7C0000 0x00010000 4
[2022-12-20 07:43:57] INFO     mem_cmp 0x4EFC0000 0x6EFC0000 0x00010000 4
[2022-12-20 07:44:04] INFO     mem_cmp 0x4F7C0000 0x6F7C0000 0x00010000 4
[2022-12-20 07:44:11] INFO     mem_cmp 0x4FFC0000 0x6FFC0000 0x00010000 4
[2022-12-20 07:44:17] INFO     mem_cmp 0x507C0000 0x707C0000 0x00010000 4
[2022-12-20 07:44:24] INFO     mem_cmp 0x50FC0000 0x70FC0000 0x00010000 4
[2022-12-20 07:44:31] INFO     mem_cmp 0x517C0000 0x717C0000 0x00010000 4
[2022-12-20 07:44:38] INFO     mem_cmp 0x51FC0000 0x71FC0000 0x00010000 4
[2022-12-20 07:44:44] INFO     mem_cmp 0x527C0000 0x727C0000 0x00010000 4
[2022-12-20 07:44:51] INFO     mem_cmp 0x52FC0000 0x72FC0000 0x00010000 4
[2022-12-20 07:44:57] INFO     mem_cmp 0x537C0000 0x737C0000 0x00010000 4
[2022-12-20 07:45:04] INFO     mem_cmp 0x53FC0000 0x73FC0000 0x00010000 4
[2022-12-20 07:45:11] INFO     mem_cmp 0x547C0000 0x747C0000 0x00010000 4
[2022-12-20 07:45:17] INFO     mem_cmp 0x54FC0000 0x74FC0000 0x00010000 4
[2022-12-20 07:45:24] INFO     mem_cmp 0x557C0000 0x757C0000 0x00010000 4
[2022-12-20 07:45:31] INFO     mem_cmp 0x55FC0000 0x75FC0000 0x00010000 4
[2022-12-20 07:45:37] INFO     mem_cmp 0x567C0000 0x767C0000 0x00010000 4
[2022-12-20 07:45:44] INFO     mem_cmp 0x56FC0000 0x76FC0000 0x00010000 4
[2022-12-20 07:45:51] INFO     mem_cmp 0x577C0000 0x777C0000 0x00010000 4
[2022-12-20 07:45:58] INFO     mem_cmp 0x57FC0000 0x77FC0000 0x00010000 4
[2022-12-20 07:46:04] INFO     mem_cmp 0x587C0000 0x787C0000 0x00010000 4
[2022-12-20 07:46:11] INFO     mem_cmp 0x58FC0000 0x78FC0000 0x00010000 4
[2022-12-20 07:46:18] INFO     mem_cmp 0x597C0000 0x797C0000 0x00010000 4
[2022-12-20 07:46:25] INFO     mem_cmp 0x59FC0000 0x79FC0000 0x00010000 4
[2022-12-20 07:46:31] INFO     mem_cmp 0x5A7C0000 0x7A7C0000 0x00010000 4
[2022-12-20 07:46:38] INFO     mem_cmp 0x5AFC0000 0x7AFC0000 0x00010000 4
[2022-12-20 07:46:45] INFO     mem_cmp 0x5B7C0000 0x7B7C0000 0x00010000 4
[2022-12-20 07:46:51] INFO     mem_cmp 0x5BFC0000 0x7BFC0000 0x00010000 4
[2022-12-20 07:46:58] INFO     mem_cmp 0x5C7C0000 0x7C7C0000 0x00010000 4
[2022-12-20 07:47:05] INFO     mem_cmp 0x5CFC0000 0x7CFC0000 0x00010000 4
[2022-12-20 07:47:11] INFO     mem_cmp 0x5D7C0000 0x7D7C0000 0x00010000 4
[2022-12-20 07:47:18] INFO     mem_cmp 0x5DFC0000 0x7DFC0000 0x00010000 4
[2022-12-20 07:47:25] INFO     mem_cmp 0x5E7C0000 0x7E7C0000 0x00010000 4
[2022-12-20 07:47:31] INFO     mem_cmp 0x5EFC0000 0x7EFC0000 0x00010000 4
[2022-12-20 07:47:38] INFO     mem_cmp 0x5F7C0000 0x7F7C0000 0x00010000 4
[2022-12-20 07:47:45] INFO     mem_cmp 0x5FFC0000 0x7FFC0000 0x00010000 4
[2022-12-20 07:47:45] INFO     STATE:Mem Compare State
[2022-12-20 07:47:52] INFO     mem_cmp 0x407C0000 0x607C0000 0x00010000 4
[2022-12-20 07:47:58] INFO     mem_cmp 0x40FC0000 0x60FC0000 0x00010000 4
[2022-12-20 07:48:05] INFO     mem_cmp 0x417C0000 0x617C0000 0x00010000 4
[2022-12-20 07:48:11] INFO     mem_cmp 0x41FC0000 0x61FC0000 0x00010000 4
[2022-12-20 07:48:18] INFO     mem_cmp 0x427C0000 0x627C0000 0x00010000 4
[2022-12-20 07:48:25] INFO     mem_cmp 0x42FC0000 0x62FC0000 0x00010000 4
[2022-12-20 07:48:32] INFO     mem_cmp 0x437C0000 0x637C0000 0x00010000 4
[2022-12-20 07:48:38] INFO     mem_cmp 0x43FC0000 0x63FC0000 0x00010000 4
[2022-12-20 07:48:45] INFO     mem_cmp 0x447C0000 0x647C0000 0x00010000 4
[2022-12-20 07:48:52] INFO     mem_cmp 0x44FC0000 0x64FC0000 0x00010000 4
[2022-12-20 07:48:58] INFO     mem_cmp 0x457C0000 0x657C0000 0x00010000 4
[2022-12-20 07:49:05] INFO     mem_cmp 0x45FC0000 0x65FC0000 0x00010000 4
[2022-12-20 07:49:12] INFO     mem_cmp 0x467C0000 0x667C0000 0x00010000 4
[2022-12-20 07:49:19] INFO     mem_cmp 0x46FC0000 0x66FC0000 0x00010000 4
[2022-12-20 07:49:26] INFO     mem_cmp 0x477C0000 0x677C0000 0x00010000 4
[2022-12-20 07:49:33] INFO     mem_cmp 0x47FC0000 0x67FC0000 0x00010000 4
[2022-12-20 07:49:39] INFO     mem_cmp 0x487C0000 0x687C0000 0x00010000 4
[2022-12-20 07:49:46] INFO     mem_cmp 0x48FC0000 0x68FC0000 0x00010000 4
[2022-12-20 07:49:53] INFO     mem_cmp 0x497C0000 0x697C0000 0x00010000 4
[2022-12-20 07:49:59] INFO     mem_cmp 0x49FC0000 0x69FC0000 0x00010000 4
[2022-12-20 07:50:06] INFO     mem_cmp 0x4A7C0000 0x6A7C0000 0x00010000 4
[2022-12-20 07:50:12] INFO     mem_cmp 0x4AFC0000 0x6AFC0000 0x00010000 4
[2022-12-20 07:50:19] INFO     mem_cmp 0x4B7C0000 0x6B7C0000 0x00010000 4
[2022-12-20 07:50:26] INFO     mem_cmp 0x4BFC0000 0x6BFC0000 0x00010000 4
[2022-12-20 07:50:32] INFO     mem_cmp 0x4C7C0000 0x6C7C0000 0x00010000 4
[2022-12-20 07:50:39] INFO     mem_cmp 0x4CFC0000 0x6CFC0000 0x00010000 4
[2022-12-20 07:50:46] INFO     mem_cmp 0x4D7C0000 0x6D7C0000 0x00010000 4
[2022-12-20 07:50:52] INFO     mem_cmp 0x4DFC0000 0x6DFC0000 0x00010000 4
[2022-12-20 07:50:59] INFO     mem_cmp 0x4E7C0000 0x6E7C0000 0x00010000 4
[2022-12-20 07:51:06] INFO     mem_cmp 0x4EFC0000 0x6EFC0000 0x00010000 4
[2022-12-20 07:51:12] INFO     mem_cmp 0x4F7C0000 0x6F7C0000 0x00010000 4
[2022-12-20 07:51:19] INFO     mem_cmp 0x4FFC0000 0x6FFC0000 0x00010000 4
[2022-12-20 07:51:26] INFO     mem_cmp 0x507C0000 0x707C0000 0x00010000 4
[2022-12-20 07:51:32] INFO     mem_cmp 0x50FC0000 0x70FC0000 0x00010000 4
[2022-12-20 07:51:39] INFO     mem_cmp 0x517C0000 0x717C0000 0x00010000 4
[2022-12-20 07:51:45] INFO     mem_cmp 0x51FC0000 0x71FC0000 0x00010000 4
[2022-12-20 07:51:52] INFO     mem_cmp 0x527C0000 0x727C0000 0x00010000 4
[2022-12-20 07:51:59] INFO     mem_cmp 0x52FC0000 0x72FC0000 0x00010000 4
[2022-12-20 07:52:06] INFO     mem_cmp 0x537C0000 0x737C0000 0x00010000 4
[2022-12-20 07:52:12] INFO     mem_cmp 0x53FC0000 0x73FC0000 0x00010000 4
[2022-12-20 07:52:19] INFO     mem_cmp 0x547C0000 0x747C0000 0x00010000 4
[2022-12-20 07:52:25] INFO     mem_cmp 0x54FC0000 0x74FC0000 0x00010000 4
[2022-12-20 07:52:32] INFO     mem_cmp 0x557C0000 0x757C0000 0x00010000 4
[2022-12-20 07:52:39] INFO     mem_cmp 0x55FC0000 0x75FC0000 0x00010000 4
[2022-12-20 07:52:46] INFO     mem_cmp 0x567C0000 0x767C0000 0x00010000 4
[2022-12-20 07:52:53] INFO     mem_cmp 0x56FC0000 0x76FC0000 0x00010000 4
[2022-12-20 07:52:59] INFO     mem_cmp 0x577C0000 0x777C0000 0x00010000 4
[2022-12-20 07:53:06] INFO     mem_cmp 0x57FC0000 0x77FC0000 0x00010000 4
[2022-12-20 07:53:13] INFO     mem_cmp 0x587C0000 0x787C0000 0x00010000 4
[2022-12-20 07:53:19] INFO     mem_cmp 0x58FC0000 0x78FC0000 0x00010000 4
[2022-12-20 07:53:26] INFO     mem_cmp 0x597C0000 0x797C0000 0x00010000 4
[2022-12-20 07:53:33] INFO     mem_cmp 0x59FC0000 0x79FC0000 0x00010000 4
[2022-12-20 07:53:39] INFO     mem_cmp 0x5A7C0000 0x7A7C0000 0x00010000 4
[2022-12-20 07:53:46] INFO     mem_cmp 0x5AFC0000 0x7AFC0000 0x00010000 4
[2022-12-20 07:53:52] INFO     mem_cmp 0x5B7C0000 0x7B7C0000 0x00010000 4
[2022-12-20 07:53:59] INFO     mem_cmp 0x5BFC0000 0x7BFC0000 0x00010000 4
[2022-12-20 07:54:06] INFO     mem_cmp 0x5C7C0000 0x7C7C0000 0x00010000 4
[2022-12-20 07:54:12] INFO     mem_cmp 0x5CFC0000 0x7CFC0000 0x00010000 4
[2022-12-20 07:54:19] INFO     mem_cmp 0x5D7C0000 0x7D7C0000 0x00010000 4
[2022-12-20 07:54:26] INFO     mem_cmp 0x5DFC0000 0x7DFC0000 0x00010000 4
[2022-12-20 07:54:33] INFO     mem_cmp 0x5E7C0000 0x7E7C0000 0x00010000 4
[2022-12-20 07:54:39] INFO     mem_cmp 0x5EFC0000 0x7EFC0000 0x00010000 4
[2022-12-20 07:54:46] INFO     mem_cmp 0x5F7C0000 0x7F7C0000 0x00010000 4
[2022-12-20 07:54:53] INFO     mem_cmp 0x5FFC0000 0x7FFC0000 0x00010000 4
[2022-12-20 07:54:53] INFO     STATE:Mem Compare State
[2022-12-20 07:54:59] INFO     mem_cmp 0x407C0000 0x607C0000 0x00010000 4
[2022-12-20 07:55:06] INFO     mem_cmp 0x40FC0000 0x60FC0000 0x00010000 4
[2022-12-20 07:55:13] INFO     mem_cmp 0x417C0000 0x617C0000 0x00010000 4
[2022-12-20 07:55:19] INFO     mem_cmp 0x41FC0000 0x61FC0000 0x00010000 4
[2022-12-20 07:55:26] INFO     mem_cmp 0x427C0000 0x627C0000 0x00010000 4
[2022-12-20 07:55:33] INFO     mem_cmp 0x42FC0000 0x62FC0000 0x00010000 4
[2022-12-20 07:55:39] INFO     mem_cmp 0x437C0000 0x637C0000 0x00010000 4
[2022-12-20 07:55:46] INFO     mem_cmp 0x43FC0000 0x63FC0000 0x00010000 4
[2022-12-20 07:55:52] INFO     mem_cmp 0x447C0000 0x647C0000 0x00010000 4
[2022-12-20 07:55:59] INFO     mem_cmp 0x44FC0000 0x64FC0000 0x00010000 4
[2022-12-20 07:56:05] INFO     mem_cmp 0x457C0000 0x657C0000 0x00010000 4
[2022-12-20 07:56:12] INFO     mem_cmp 0x45FC0000 0x65FC0000 0x00010000 4
[2022-12-20 07:56:18] INFO     mem_cmp 0x467C0000 0x667C0000 0x00010000 4
[2022-12-20 07:56:25] INFO     mem_cmp 0x46FC0000 0x66FC0000 0x00010000 4
[2022-12-20 07:56:32] INFO     mem_cmp 0x477C0000 0x677C0000 0x00010000 4
[2022-12-20 07:56:38] INFO     mem_cmp 0x47FC0000 0x67FC0000 0x00010000 4
[2022-12-20 07:56:45] INFO     mem_cmp 0x487C0000 0x687C0000 0x00010000 4
[2022-12-20 07:56:52] INFO     mem_cmp 0x48FC0000 0x68FC0000 0x00010000 4
[2022-12-20 07:56:58] INFO     mem_cmp 0x497C0000 0x697C0000 0x00010000 4
[2022-12-20 07:57:05] INFO     mem_cmp 0x49FC0000 0x69FC0000 0x00010000 4
[2022-12-20 07:57:12] INFO     mem_cmp 0x4A7C0000 0x6A7C0000 0x00010000 4
[2022-12-20 07:57:18] INFO     mem_cmp 0x4AFC0000 0x6AFC0000 0x00010000 4
[2022-12-20 07:57:25] INFO     mem_cmp 0x4B7C0000 0x6B7C0000 0x00010000 4
[2022-12-20 07:57:31] INFO     mem_cmp 0x4BFC0000 0x6BFC0000 0x00010000 4
[2022-12-20 07:57:38] INFO     mem_cmp 0x4C7C0000 0x6C7C0000 0x00010000 4
[2022-12-20 07:57:44] INFO     mem_cmp 0x4CFC0000 0x6CFC0000 0x00010000 4
[2022-12-20 07:57:51] INFO     mem_cmp 0x4D7C0000 0x6D7C0000 0x00010000 4
[2022-12-20 07:57:58] INFO     mem_cmp 0x4DFC0000 0x6DFC0000 0x00010000 4
[2022-12-20 07:58:04] INFO     mem_cmp 0x4E7C0000 0x6E7C0000 0x00010000 4
[2022-12-20 07:58:11] INFO     mem_cmp 0x4EFC0000 0x6EFC0000 0x00010000 4
[2022-12-20 07:58:18] INFO     mem_cmp 0x4F7C0000 0x6F7C0000 0x00010000 4
[2022-12-20 07:58:24] INFO     mem_cmp 0x4FFC0000 0x6FFC0000 0x00010000 4
[2022-12-20 07:58:31] INFO     mem_cmp 0x507C0000 0x707C0000 0x00010000 4
[2022-12-20 07:58:38] INFO     mem_cmp 0x50FC0000 0x70FC0000 0x00010000 4
[2022-12-20 07:58:45] INFO     mem_cmp 0x517C0000 0x717C0000 0x00010000 4
[2022-12-20 07:58:52] INFO     mem_cmp 0x51FC0000 0x71FC0000 0x00010000 4
[2022-12-20 07:58:58] INFO     mem_cmp 0x527C0000 0x727C0000 0x00010000 4
[2022-12-20 07:59:05] INFO     mem_cmp 0x52FC0000 0x72FC0000 0x00010000 4
[2022-12-20 07:59:12] INFO     mem_cmp 0x537C0000 0x737C0000 0x00010000 4
[2022-12-20 07:59:19] INFO     mem_cmp 0x53FC0000 0x73FC0000 0x00010000 4
[2022-12-20 07:59:25] INFO     mem_cmp 0x547C0000 0x747C0000 0x00010000 4
[2022-12-20 07:59:32] INFO     mem_cmp 0x54FC0000 0x74FC0000 0x00010000 4
[2022-12-20 07:59:38] INFO     mem_cmp 0x557C0000 0x757C0000 0x00010000 4
[2022-12-20 07:59:45] INFO     mem_cmp 0x55FC0000 0x75FC0000 0x00010000 4
[2022-12-20 07:59:52] INFO     mem_cmp 0x567C0000 0x767C0000 0x00010000 4
[2022-12-20 07:59:59] INFO     mem_cmp 0x56FC0000 0x76FC0000 0x00010000 4
[2022-12-20 08:00:05] INFO     mem_cmp 0x577C0000 0x777C0000 0x00010000 4
[2022-12-20 08:00:11] INFO     mem_cmp 0x57FC0000 0x77FC0000 0x00010000 4
[2022-12-20 08:00:18] INFO     mem_cmp 0x587C0000 0x787C0000 0x00010000 4
[2022-12-20 08:00:24] INFO     mem_cmp 0x58FC0000 0x78FC0000 0x00010000 4
[2022-12-20 08:00:31] INFO     mem_cmp 0x597C0000 0x797C0000 0x00010000 4
[2022-12-20 08:00:38] INFO     mem_cmp 0x59FC0000 0x79FC0000 0x00010000 4
[2022-12-20 08:00:44] INFO     mem_cmp 0x5A7C0000 0x7A7C0000 0x00010000 4
[2022-12-20 08:00:51] INFO     mem_cmp 0x5AFC0000 0x7AFC0000 0x00010000 4
[2022-12-20 08:00:58] INFO     mem_cmp 0x5B7C0000 0x7B7C0000 0x00010000 4
[2022-12-20 08:01:04] INFO     mem_cmp 0x5BFC0000 0x7BFC0000 0x00010000 4
[2022-12-20 08:01:11] INFO     mem_cmp 0x5C7C0000 0x7C7C0000 0x00010000 4
[2022-12-20 08:01:17] INFO     mem_cmp 0x5CFC0000 0x7CFC0000 0x00010000 4
[2022-12-20 08:01:24] INFO     mem_cmp 0x5D7C0000 0x7D7C0000 0x00010000 4
[2022-12-20 08:01:30] INFO     mem_cmp 0x5DFC0000 0x7DFC0000 0x00010000 4
[2022-12-20 08:01:37] INFO     mem_cmp 0x5E7C0000 0x7E7C0000 0x00010000 4
[2022-12-20 08:01:43] INFO     mem_cmp 0x5EFC0000 0x7EFC0000 0x00010000 4
[2022-12-20 08:01:50] INFO     mem_cmp 0x5F7C0000 0x7F7C0000 0x00010000 4
[2022-12-20 08:01:56] INFO     mem_cmp 0x5FFC0000 0x7FFC0000 0x00010000 4
[2022-12-20 08:01:57] INFO     STATE:Mem Compare State
[2022-12-20 08:02:03] INFO     mem_cmp 0x407C0000 0x607C0000 0x00010000 4
[2022-12-20 08:02:10] INFO     mem_cmp 0x40FC0000 0x60FC0000 0x00010000 4
[2022-12-20 08:02:16] INFO     mem_cmp 0x417C0000 0x617C0000 0x00010000 4
[2022-12-20 08:02:23] INFO     mem_cmp 0x41FC0000 0x61FC0000 0x00010000 4
[2022-12-20 08:02:29] INFO     mem_cmp 0x427C0000 0x627C0000 0x00010000 4
[2022-12-20 08:02:36] INFO     mem_cmp 0x42FC0000 0x62FC0000 0x00010000 4
[2022-12-20 08:02:43] INFO     mem_cmp 0x437C0000 0x637C0000 0x00010000 4
[2022-12-20 08:02:49] INFO     mem_cmp 0x43FC0000 0x63FC0000 0x00010000 4
[2022-12-20 08:02:56] INFO     mem_cmp 0x447C0000 0x647C0000 0x00010000 4
[2022-12-20 08:03:03] INFO     mem_cmp 0x44FC0000 0x64FC0000 0x00010000 4
[2022-12-20 08:03:09] INFO     mem_cmp 0x457C0000 0x657C0000 0x00010000 4
[2022-12-20 08:03:16] INFO     mem_cmp 0x45FC0000 0x65FC0000 0x00010000 4
[2022-12-20 08:03:22] INFO     mem_cmp 0x467C0000 0x667C0000 0x00010000 4
[2022-12-20 08:03:29] INFO     mem_cmp 0x46FC0000 0x66FC0000 0x00010000 4
[2022-12-20 08:03:36] INFO     mem_cmp 0x477C0000 0x677C0000 0x00010000 4
[2022-12-20 08:03:43] INFO     mem_cmp 0x47FC0000 0x67FC0000 0x00010000 4
[2022-12-20 08:03:49] INFO     mem_cmp 0x487C0000 0x687C0000 0x00010000 4
[2022-12-20 08:03:56] INFO     mem_cmp 0x48FC0000 0x68FC0000 0x00010000 4
[2022-12-20 08:04:03] INFO     mem_cmp 0x497C0000 0x697C0000 0x00010000 4
[2022-12-20 08:04:09] INFO     mem_cmp 0x49FC0000 0x69FC0000 0x00010000 4
[2022-12-20 08:04:16] INFO     mem_cmp 0x4A7C0000 0x6A7C0000 0x00010000 4
[2022-12-20 08:04:23] INFO     mem_cmp 0x4AFC0000 0x6AFC0000 0x00010000 4
[2022-12-20 08:04:29] INFO     mem_cmp 0x4B7C0000 0x6B7C0000 0x00010000 4
[2022-12-20 08:04:36] INFO     mem_cmp 0x4BFC0000 0x6BFC0000 0x00010000 4
[2022-12-20 08:04:43] INFO     mem_cmp 0x4C7C0000 0x6C7C0000 0x00010000 4
[2022-12-20 08:04:49] INFO     mem_cmp 0x4CFC0000 0x6CFC0000 0x00010000 4
[2022-12-20 08:04:56] INFO     mem_cmp 0x4D7C0000 0x6D7C0000 0x00010000 4
[2022-12-20 08:05:03] INFO     mem_cmp 0x4DFC0000 0x6DFC0000 0x00010000 4
[2022-12-20 08:05:10] INFO     mem_cmp 0x4E7C0000 0x6E7C0000 0x00010000 4
[2022-12-20 08:05:16] INFO     mem_cmp 0x4EFC0000 0x6EFC0000 0x00010000 4
[2022-12-20 08:05:23] INFO     mem_cmp 0x4F7C0000 0x6F7C0000 0x00010000 4
[2022-12-20 08:05:29] INFO     mem_cmp 0x4FFC0000 0x6FFC0000 0x00010000 4
[2022-12-20 08:05:36] INFO     mem_cmp 0x507C0000 0x707C0000 0x00010000 4
[2022-12-20 08:05:42] INFO     mem_cmp 0x50FC0000 0x70FC0000 0x00010000 4
