[2022-12-17 08:11:11] INFO     git commit information
[2022-12-17 08:11:11] INFO     	git commit:8f8859a Tried to get jcm scrubbing working. Added coutner for rowhammer
[2022-12-17 08:11:11] INFO     	git commit date:Fri Dec 16 20:36:08 2022
[2022-12-17 08:11:11] INFO     	git status:Fri Dec 16 20:36:08 2022
[2022-12-17 08:11:11] INFO     		M beam-test/test_scripts/readme.md
[2022-12-17 08:11:11] INFO     Command line information
[2022-12-17 08:11:11] INFO     	Command line:['rowhammer_test.py', '--log_dir', './lansce2022/', '--continuous']
[2022-12-17 08:11:11] INFO     	arg:dbg=False
[2022-12-17 08:11:11] INFO     	arg:pattern=None
[2022-12-17 08:11:11] INFO     	arg:continuous=True
[2022-12-17 08:11:11] INFO     	arg:iterations=None
[2022-12-17 08:11:11] INFO     	arg:log_dir=./lansce2022/
[2022-12-17 08:11:11] INFO     Iteration 1 (0 errors)
[2022-12-17 08:11:12] INFO     Iteration 2 (0 errors)
[2022-12-17 08:11:13] INFO     Iteration 3 (0 errors)
[2022-12-17 08:11:14] INFO     Iteration 4 (0 errors)
[2022-12-17 08:11:15] INFO     Iteration 5 (0 errors)
[2022-12-17 08:11:15] INFO     Iteration 6 (0 errors)
[2022-12-17 08:11:16] INFO     Iteration 7 (0 errors)
[2022-12-17 08:11:17] INFO     Iteration 8 (0 errors)
[2022-12-17 08:11:18] INFO     Iteration 9 (0 errors)
[2022-12-17 08:11:19] INFO     Iteration 10 (0 errors)
[2022-12-17 08:11:20] INFO     Iteration 11 (0 errors)
[2022-12-17 08:11:20] INFO     Iteration 12 (0 errors)
[2022-12-17 08:11:21] INFO     Iteration 13 (0 errors)
[2022-12-17 08:11:22] INFO     Iteration 14 (0 errors)
[2022-12-17 08:11:23] INFO     Iteration 15 (0 errors)
[2022-12-17 08:11:24] INFO     Iteration 16 (0 errors)
[2022-12-17 08:11:24] INFO     Iteration 17 (0 errors)
[2022-12-17 08:11:25] INFO     Iteration 18 (0 errors)
[2022-12-17 08:11:26] INFO     Iteration 19 (0 errors)
[2022-12-17 08:11:27] INFO     Iteration 20 (0 errors)
[2022-12-17 08:11:28] INFO     Iteration 21 (0 errors)
[2022-12-17 08:11:28] INFO     Iteration 22 (0 errors)
[2022-12-17 08:11:29] INFO     Iteration 23 (0 errors)
[2022-12-17 08:11:30] INFO     Iteration 24 (0 errors)
[2022-12-17 08:11:31] INFO     Iteration 25 (0 errors)
[2022-12-17 08:11:32] INFO     Iteration 26 (0 errors)
[2022-12-17 08:11:32] INFO     Iteration 27 (0 errors)
[2022-12-17 08:11:33] INFO     Iteration 28 (0 errors)
[2022-12-17 08:11:34] INFO     Iteration 29 (0 errors)
[2022-12-17 08:11:35] INFO     Iteration 30 (0 errors)
[2022-12-17 08:11:36] INFO     Iteration 31 (0 errors)
[2022-12-17 08:11:36] INFO     Iteration 32 (0 errors)
[2022-12-17 08:11:37] INFO     Iteration 33 (0 errors)
[2022-12-17 08:11:38] INFO     Iteration 34 (0 errors)
[2022-12-17 08:11:39] INFO     Iteration 35 (0 errors)
[2022-12-17 08:11:40] INFO     Iteration 36 (0 errors)
[2022-12-17 08:11:41] INFO     Iteration 37 (0 errors)
[2022-12-17 08:11:41] INFO     Iteration 38 (0 errors)
[2022-12-17 08:11:42] INFO     Iteration 39 (0 errors)
[2022-12-17 08:11:43] INFO     Iteration 40 (0 errors)
[2022-12-17 08:11:44] INFO     Iteration 41 (0 errors)
[2022-12-17 08:11:45] INFO     Iteration 42 (0 errors)
[2022-12-17 08:11:45] INFO     Iteration 43 (0 errors)
[2022-12-17 08:11:46] INFO     Iteration 44 (0 errors)
[2022-12-17 08:11:47] INFO     Iteration 45 (0 errors)
[2022-12-17 08:11:48] INFO     Iteration 46 (0 errors)
[2022-12-17 08:11:49] INFO     Iteration 47 (0 errors)
[2022-12-17 08:11:49] INFO     Iteration 48 (0 errors)
[2022-12-17 08:11:50] INFO     Iteration 49 (0 errors)
[2022-12-17 08:11:51] INFO     Iteration 50 (0 errors)
[2022-12-17 08:11:52] INFO     Iteration 51 (0 errors)
[2022-12-17 08:11:53] INFO     Iteration 52 (0 errors)
[2022-12-17 08:11:53] INFO     Iteration 53 (0 errors)
[2022-12-17 08:11:54] INFO     Iteration 54 (0 errors)
[2022-12-17 08:11:55] INFO     Iteration 55 (0 errors)
[2022-12-17 08:11:56] INFO     Iteration 56 (0 errors)
[2022-12-17 08:11:57] INFO     Iteration 57 (0 errors)
[2022-12-17 08:11:58] INFO     Iteration 58 (0 errors)
[2022-12-17 08:11:58] INFO     Iteration 59 (0 errors)
[2022-12-17 08:11:59] INFO     Iteration 60 (0 errors)
[2022-12-17 08:12:00] INFO     Iteration 61 (0 errors)
[2022-12-17 08:12:01] INFO     Iteration 62 (0 errors)
[2022-12-17 08:12:02] INFO     Iteration 63 (0 errors)
[2022-12-17 08:12:02] INFO     Iteration 64 (0 errors)
[2022-12-17 08:12:03] INFO     Iteration 65 (0 errors)
[2022-12-17 08:12:04] INFO     Iteration 66 (0 errors)
[2022-12-17 08:12:05] INFO     Iteration 67 (0 errors)
[2022-12-17 08:12:06] INFO     Iteration 68 (0 errors)
[2022-12-17 08:12:06] INFO     Iteration 69 (0 errors)
[2022-12-17 08:12:07] INFO     Iteration 70 (0 errors)
[2022-12-17 08:12:08] INFO     Iteration 71 (0 errors)
[2022-12-17 08:12:09] INFO     Iteration 72 (0 errors)
[2022-12-17 08:12:10] INFO     Iteration 73 (0 errors)
[2022-12-17 08:12:10] INFO     Iteration 74 (0 errors)
[2022-12-17 08:12:11] INFO     Iteration 75 (0 errors)
[2022-12-17 08:12:12] INFO     Iteration 76 (0 errors)
[2022-12-17 08:12:13] INFO     Iteration 77 (0 errors)
[2022-12-17 08:12:14] INFO     Iteration 78 (0 errors)
[2022-12-17 08:12:15] INFO     Iteration 79 (0 errors)
[2022-12-17 08:12:15] INFO     Iteration 80 (0 errors)
[2022-12-17 08:12:16] INFO     Iteration 81 (0 errors)
[2022-12-17 08:12:17] INFO     Iteration 82 (0 errors)
[2022-12-17 08:12:18] INFO     Iteration 83 (0 errors)
[2022-12-17 08:12:19] INFO     Iteration 84 (0 errors)
[2022-12-17 08:12:19] INFO     Iteration 85 (0 errors)
[2022-12-17 08:12:20] INFO     Iteration 86 (0 errors)
[2022-12-17 08:12:21] INFO     Iteration 87 (0 errors)
[2022-12-17 08:12:22] INFO     Iteration 88 (0 errors)
[2022-12-17 08:12:23] INFO     Iteration 89 (0 errors)
[2022-12-17 08:12:23] INFO     Iteration 90 (0 errors)
[2022-12-17 08:12:24] INFO     Iteration 91 (0 errors)
[2022-12-17 08:12:25] INFO     Iteration 92 (0 errors)
[2022-12-17 08:12:26] INFO     Iteration 93 (0 errors)
[2022-12-17 08:12:27] INFO     Iteration 94 (0 errors)
[2022-12-17 08:12:27] INFO     Iteration 95 (0 errors)
[2022-12-17 08:12:28] INFO     Iteration 96 (0 errors)
[2022-12-17 08:12:29] INFO     Iteration 97 (0 errors)
[2022-12-17 08:12:30] INFO     Iteration 98 (0 errors)
[2022-12-17 08:12:31] INFO     Iteration 99 (0 errors)
[2022-12-17 08:12:31] INFO     Iteration 100 (0 errors)
[2022-12-17 08:12:32] INFO     Iteration 101 (0 errors)
[2022-12-17 08:12:33] INFO     Iteration 102 (0 errors)
[2022-12-17 08:12:34] INFO     Iteration 103 (0 errors)
[2022-12-17 08:12:35] INFO     Iteration 104 (0 errors)
[2022-12-17 08:12:35] INFO     Iteration 105 (0 errors)
[2022-12-17 08:12:36] INFO     Iteration 106 (0 errors)
[2022-12-17 08:12:37] INFO     Iteration 107 (0 errors)
[2022-12-17 08:12:38] INFO     Iteration 108 (0 errors)
[2022-12-17 08:12:39] INFO     Iteration 109 (0 errors)
[2022-12-17 08:12:39] INFO     Iteration 110 (0 errors)
[2022-12-17 08:12:40] INFO     Iteration 111 (0 errors)
[2022-12-17 08:12:41] INFO     Iteration 112 (0 errors)
[2022-12-17 08:12:42] INFO     Iteration 113 (0 errors)
[2022-12-17 08:12:43] INFO     Iteration 114 (0 errors)
[2022-12-17 08:12:44] INFO     Iteration 115 (0 errors)
[2022-12-17 08:12:44] INFO     Iteration 116 (0 errors)
[2022-12-17 08:12:45] INFO     Iteration 117 (0 errors)
[2022-12-17 08:12:46] INFO     Iteration 118 (0 errors)
[2022-12-17 08:12:47] INFO     Iteration 119 (0 errors)
[2022-12-17 08:12:48] INFO     Iteration 120 (0 errors)
[2022-12-17 08:12:48] INFO     Iteration 121 (0 errors)
[2022-12-17 08:12:49] INFO     Iteration 122 (0 errors)
[2022-12-17 08:12:50] INFO     Iteration 123 (0 errors)
[2022-12-17 08:12:51] INFO     Iteration 124 (0 errors)
[2022-12-17 08:12:52] INFO     Iteration 125 (0 errors)
[2022-12-17 08:12:52] INFO     Iteration 126 (0 errors)
[2022-12-17 08:12:53] INFO     Iteration 127 (0 errors)
[2022-12-17 08:12:54] INFO     Iteration 128 (0 errors)
[2022-12-17 08:12:55] INFO     Iteration 129 (0 errors)
[2022-12-17 08:12:56] INFO     Iteration 130 (0 errors)
[2022-12-17 08:12:56] INFO     Iteration 131 (0 errors)
[2022-12-17 08:12:57] INFO     Iteration 132 (0 errors)
[2022-12-17 08:12:58] INFO     Iteration 133 (0 errors)
[2022-12-17 08:12:59] INFO     Iteration 134 (0 errors)
[2022-12-17 08:13:00] INFO     Iteration 135 (0 errors)
[2022-12-17 08:13:00] INFO     Iteration 136 (0 errors)
[2022-12-17 08:13:01] INFO     Iteration 137 (0 errors)
[2022-12-17 08:13:02] INFO     Iteration 138 (0 errors)
[2022-12-17 08:13:03] INFO     Iteration 139 (0 errors)
[2022-12-17 08:13:04] INFO     Iteration 140 (0 errors)
[2022-12-17 08:13:05] INFO     Iteration 141 (0 errors)
[2022-12-17 08:13:05] INFO     Iteration 142 (0 errors)
[2022-12-17 08:13:06] INFO     Iteration 143 (0 errors)
[2022-12-17 08:13:07] INFO     Iteration 144 (0 errors)
[2022-12-17 08:13:08] INFO     Iteration 145 (0 errors)
[2022-12-17 08:13:09] INFO     Iteration 146 (0 errors)
[2022-12-17 08:13:09] INFO     Iteration 147 (0 errors)
[2022-12-17 08:13:10] INFO     Iteration 148 (0 errors)
[2022-12-17 08:13:11] INFO     Iteration 149 (0 errors)
[2022-12-17 08:13:12] INFO     Iteration 150 (0 errors)
[2022-12-17 08:13:13] INFO     Iteration 151 (0 errors)
[2022-12-17 08:13:13] INFO     Iteration 152 (0 errors)
[2022-12-17 08:13:14] INFO     Iteration 153 (0 errors)
[2022-12-17 08:13:15] INFO     Iteration 154 (0 errors)
[2022-12-17 08:13:16] INFO     Iteration 155 (0 errors)
[2022-12-17 08:13:17] INFO     Iteration 156 (0 errors)
[2022-12-17 08:13:17] INFO     Iteration 157 (0 errors)
[2022-12-17 08:13:18] INFO     Iteration 158 (0 errors)
[2022-12-17 08:13:19] INFO     Iteration 159 (0 errors)
[2022-12-17 08:13:20] INFO     Iteration 160 (0 errors)
[2022-12-17 08:13:21] INFO     Iteration 161 (0 errors)
[2022-12-17 08:13:22] INFO     Iteration 162 (0 errors)
[2022-12-17 08:13:22] INFO     Iteration 163 (0 errors)
[2022-12-17 08:13:23] INFO     Iteration 164 (0 errors)
[2022-12-17 08:13:24] INFO     Iteration 165 (0 errors)
[2022-12-17 08:13:25] INFO     Iteration 166 (0 errors)
[2022-12-17 08:13:26] INFO     Iteration 167 (0 errors)
[2022-12-17 08:13:26] INFO     Iteration 168 (0 errors)
[2022-12-17 08:13:27] INFO     Iteration 169 (0 errors)
[2022-12-17 08:13:28] INFO     Iteration 170 (0 errors)
[2022-12-17 08:13:29] INFO     Iteration 171 (0 errors)
[2022-12-17 08:13:30] INFO     Iteration 172 (0 errors)
[2022-12-17 08:13:30] INFO     Iteration 173 (0 errors)
[2022-12-17 08:13:31] INFO     Iteration 174 (0 errors)
[2022-12-17 08:13:32] INFO     Iteration 175 (0 errors)
[2022-12-17 08:13:33] INFO     Iteration 176 (0 errors)
[2022-12-17 08:13:34] INFO     Iteration 177 (0 errors)
[2022-12-17 08:13:34] INFO     Iteration 178 (0 errors)
[2022-12-17 08:13:35] INFO     Iteration 179 (0 errors)
[2022-12-17 08:13:36] INFO     Iteration 180 (0 errors)
[2022-12-17 08:13:37] INFO     Iteration 181 (0 errors)
[2022-12-17 08:13:38] INFO     Iteration 182 (0 errors)
[2022-12-17 08:13:38] INFO     Iteration 183 (0 errors)
[2022-12-17 08:13:39] INFO     Iteration 184 (0 errors)
[2022-12-17 08:13:40] INFO     Iteration 185 (0 errors)
[2022-12-17 08:13:41] INFO     Iteration 186 (0 errors)
[2022-12-17 08:13:42] INFO     Iteration 187 (0 errors)
[2022-12-17 08:13:42] INFO     Iteration 188 (0 errors)
[2022-12-17 08:13:43] INFO     Iteration 189 (0 errors)
[2022-12-17 08:13:44] INFO     Iteration 190 (0 errors)
[2022-12-17 08:13:45] INFO     Iteration 191 (0 errors)
[2022-12-17 08:13:46] INFO     Iteration 192 (0 errors)
[2022-12-17 08:13:47] INFO     Iteration 193 (0 errors)
[2022-12-17 08:13:47] INFO     Iteration 194 (0 errors)
[2022-12-17 08:13:48] INFO     Iteration 195 (0 errors)
[2022-12-17 08:13:49] INFO     Iteration 196 (0 errors)
[2022-12-17 08:13:50] INFO     Iteration 197 (0 errors)
[2022-12-17 08:13:51] INFO     Iteration 198 (0 errors)
[2022-12-17 08:13:51] INFO     Iteration 199 (0 errors)
[2022-12-17 08:13:52] INFO     Iteration 200 (0 errors)
[2022-12-17 08:13:53] INFO     Iteration 201 (0 errors)
[2022-12-17 08:13:54] INFO     Iteration 202 (0 errors)
[2022-12-17 08:13:55] INFO     Iteration 203 (0 errors)
[2022-12-17 08:13:55] INFO     Iteration 204 (0 errors)
[2022-12-17 08:13:56] INFO     Iteration 205 (0 errors)
[2022-12-17 08:13:57] INFO     Iteration 206 (0 errors)
[2022-12-17 08:13:58] INFO     Iteration 207 (0 errors)
[2022-12-17 08:13:59] INFO     Iteration 208 (0 errors)
[2022-12-17 08:13:59] INFO     Iteration 209 (0 errors)
[2022-12-17 08:14:00] INFO     Iteration 210 (0 errors)
[2022-12-17 08:14:01] INFO     Iteration 211 (0 errors)
[2022-12-17 08:14:02] INFO     Iteration 212 (0 errors)
[2022-12-17 08:14:03] INFO     Iteration 213 (0 errors)
[2022-12-17 08:14:04] INFO     Iteration 214 (0 errors)
[2022-12-17 08:14:04] INFO     Iteration 215 (0 errors)
[2022-12-17 08:14:05] INFO     Iteration 216 (0 errors)
[2022-12-17 08:14:06] INFO     Iteration 217 (0 errors)
[2022-12-17 08:14:07] INFO     Iteration 218 (0 errors)
[2022-12-17 08:14:08] INFO     Iteration 219 (0 errors)
[2022-12-17 08:14:08] INFO     Iteration 220 (0 errors)
[2022-12-17 08:14:09] INFO     Iteration 221 (0 errors)
[2022-12-17 08:14:10] INFO     Iteration 222 (0 errors)
[2022-12-17 08:14:11] INFO     Iteration 223 (0 errors)
[2022-12-17 08:14:12] INFO     Iteration 224 (0 errors)
[2022-12-17 08:14:12] INFO     Iteration 225 (0 errors)
[2022-12-17 08:14:13] INFO     Iteration 226 (0 errors)
[2022-12-17 08:14:14] INFO     Iteration 227 (0 errors)
[2022-12-17 08:14:15] INFO     Iteration 228 (0 errors)
[2022-12-17 08:14:16] INFO     Iteration 229 (0 errors)
[2022-12-17 08:14:16] INFO     Iteration 230 (0 errors)
[2022-12-17 08:14:17] INFO     Iteration 231 (0 errors)
[2022-12-17 08:14:18] INFO     Iteration 232 (0 errors)
[2022-12-17 08:14:19] INFO     Iteration 233 (0 errors)
[2022-12-17 08:14:20] INFO     Iteration 234 (0 errors)
[2022-12-17 08:14:20] INFO     Iteration 235 (0 errors)
[2022-12-17 08:14:21] INFO     Iteration 236 (0 errors)
[2022-12-17 08:14:22] INFO     Iteration 237 (0 errors)
[2022-12-17 08:14:23] INFO     Iteration 238 (0 errors)
[2022-12-17 08:14:24] INFO     Iteration 239 (0 errors)
[2022-12-17 08:14:25] INFO     Iteration 240 (0 errors)
[2022-12-17 08:14:25] INFO     Iteration 241 (0 errors)
[2022-12-17 08:14:26] INFO     Iteration 242 (0 errors)
[2022-12-17 08:14:27] INFO     Iteration 243 (0 errors)
[2022-12-17 08:14:28] INFO     Iteration 244 (0 errors)
[2022-12-17 08:14:29] INFO     Iteration 245 (0 errors)
[2022-12-17 08:14:29] INFO     Iteration 246 (0 errors)
[2022-12-17 08:14:30] INFO     Iteration 247 (0 errors)
[2022-12-17 08:14:31] INFO     Iteration 248 (0 errors)
[2022-12-17 08:14:32] INFO     Iteration 249 (0 errors)
[2022-12-17 08:14:33] INFO     Iteration 250 (0 errors)
[2022-12-17 08:14:33] INFO     Iteration 251 (0 errors)
[2022-12-17 08:14:34] INFO     Iteration 252 (0 errors)
[2022-12-17 08:14:35] INFO     Iteration 253 (0 errors)
[2022-12-17 08:14:36] INFO     Iteration 254 (0 errors)
[2022-12-17 08:14:37] INFO     Iteration 255 (0 errors)
[2022-12-17 08:14:37] INFO     Iteration 256 (0 errors)
[2022-12-17 08:14:38] INFO     Iteration 257 (0 errors)
[2022-12-17 08:14:39] INFO     Iteration 258 (0 errors)
[2022-12-17 08:14:40] INFO     Iteration 259 (0 errors)
[2022-12-17 08:14:41] INFO     Iteration 260 (0 errors)
[2022-12-17 08:14:42] INFO     Iteration 261 (0 errors)
[2022-12-17 08:14:42] INFO     Iteration 262 (0 errors)
[2022-12-17 08:14:43] INFO     Iteration 263 (0 errors)
[2022-12-17 08:14:44] INFO     Iteration 264 (0 errors)
[2022-12-17 08:14:45] INFO     Iteration 265 (0 errors)
[2022-12-17 08:14:46] INFO     Iteration 266 (0 errors)
[2022-12-17 08:14:46] INFO     Iteration 267 (0 errors)
[2022-12-17 08:14:47] INFO     Iteration 268 (0 errors)
[2022-12-17 08:14:48] INFO     Iteration 269 (0 errors)
[2022-12-17 08:14:49] INFO     Iteration 270 (0 errors)
[2022-12-17 08:14:50] INFO     Iteration 271 (0 errors)
[2022-12-17 08:14:50] INFO     Iteration 272 (0 errors)
[2022-12-17 08:14:51] INFO     Iteration 273 (0 errors)
[2022-12-17 08:14:52] INFO     Iteration 274 (0 errors)
[2022-12-17 08:14:53] INFO     Iteration 275 (0 errors)
[2022-12-17 08:14:54] INFO     Iteration 276 (0 errors)
[2022-12-17 08:14:54] INFO     Iteration 277 (0 errors)
[2022-12-17 08:14:55] INFO     Iteration 278 (0 errors)
[2022-12-17 08:14:56] INFO     Iteration 279 (0 errors)
[2022-12-17 08:14:57] INFO     Iteration 280 (0 errors)
[2022-12-17 08:14:58] INFO     Iteration 281 (0 errors)
[2022-12-17 08:14:58] INFO     Iteration 282 (0 errors)
[2022-12-17 08:14:59] INFO     Iteration 283 (0 errors)
[2022-12-17 08:15:00] INFO     Iteration 284 (0 errors)
[2022-12-17 08:15:01] INFO     Iteration 285 (0 errors)
[2022-12-17 08:15:02] INFO     Iteration 286 (0 errors)
[2022-12-17 08:15:03] INFO     Iteration 287 (0 errors)
[2022-12-17 08:15:03] INFO     Iteration 288 (0 errors)
[2022-12-17 08:15:04] INFO     Iteration 289 (0 errors)
[2022-12-17 08:15:05] INFO     Iteration 290 (0 errors)
[2022-12-17 08:15:06] INFO     Iteration 291 (0 errors)
[2022-12-17 08:15:07] INFO     Iteration 292 (0 errors)
[2022-12-17 08:15:07] INFO     Iteration 293 (0 errors)
[2022-12-17 08:15:08] INFO     Iteration 294 (0 errors)
[2022-12-17 08:15:09] INFO     Iteration 295 (0 errors)
[2022-12-17 08:15:10] INFO     Iteration 296 (0 errors)
[2022-12-17 08:15:11] INFO     Iteration 297 (0 errors)
[2022-12-17 08:15:11] INFO     Iteration 298 (0 errors)
[2022-12-17 08:15:12] INFO     Iteration 299 (0 errors)
[2022-12-17 08:15:13] INFO     Iteration 300 (0 errors)
[2022-12-17 08:15:14] INFO     Iteration 301 (0 errors)
[2022-12-17 08:15:15] INFO     Iteration 302 (0 errors)
[2022-12-17 08:15:15] INFO     Iteration 303 (0 errors)
[2022-12-17 08:15:16] INFO     Iteration 304 (0 errors)
[2022-12-17 08:15:17] INFO     Iteration 305 (0 errors)
[2022-12-17 08:15:18] INFO     Iteration 306 (0 errors)
[2022-12-17 08:15:19] INFO     Iteration 307 (0 errors)
[2022-12-17 08:15:19] INFO     Iteration 308 (0 errors)
[2022-12-17 08:15:20] INFO     Iteration 309 (0 errors)
[2022-12-17 08:15:21] INFO     Iteration 310 (0 errors)
[2022-12-17 08:15:22] INFO     Iteration 311 (0 errors)
[2022-12-17 08:15:23] INFO     Iteration 312 (0 errors)
[2022-12-17 08:15:24] INFO     Iteration 313 (0 errors)
[2022-12-17 08:15:24] INFO     Iteration 314 (0 errors)
[2022-12-17 08:15:25] INFO     Iteration 315 (0 errors)
[2022-12-17 08:15:26] INFO     Iteration 316 (0 errors)
[2022-12-17 08:15:27] INFO     Iteration 317 (0 errors)
[2022-12-17 08:15:28] INFO     Iteration 318 (0 errors)
[2022-12-17 08:15:28] INFO     Iteration 319 (0 errors)
[2022-12-17 08:15:29] INFO     Iteration 320 (0 errors)
[2022-12-17 08:15:30] INFO     Iteration 321 (0 errors)
[2022-12-17 08:15:31] INFO     Iteration 322 (0 errors)
[2022-12-17 08:15:32] INFO     Iteration 323 (0 errors)
[2022-12-17 08:15:32] INFO     Iteration 324 (0 errors)
[2022-12-17 08:15:33] INFO     Iteration 325 (0 errors)
[2022-12-17 08:15:34] INFO     Iteration 326 (0 errors)
[2022-12-17 08:15:35] INFO     Iteration 327 (0 errors)
[2022-12-17 08:15:36] INFO     Iteration 328 (0 errors)
[2022-12-17 08:15:36] INFO     Iteration 329 (0 errors)
[2022-12-17 08:15:37] INFO     Iteration 330 (0 errors)
[2022-12-17 08:15:38] INFO     Iteration 331 (0 errors)
[2022-12-17 08:15:39] INFO     Iteration 332 (0 errors)
[2022-12-17 08:15:40] INFO     Iteration 333 (0 errors)
[2022-12-17 08:15:40] INFO     Iteration 334 (0 errors)
[2022-12-17 08:15:41] INFO     Iteration 335 (0 errors)
[2022-12-17 08:15:42] INFO     Iteration 336 (0 errors)
[2022-12-17 08:15:43] INFO     Iteration 337 (0 errors)
[2022-12-17 08:15:44] INFO     Iteration 338 (0 errors)
[2022-12-17 08:15:45] INFO     Iteration 339 (0 errors)
[2022-12-17 08:15:45] INFO     Iteration 340 (0 errors)
[2022-12-17 08:15:46] INFO     Iteration 341 (0 errors)
[2022-12-17 08:15:47] INFO     Iteration 342 (0 errors)
[2022-12-17 08:15:48] INFO     Iteration 343 (0 errors)
[2022-12-17 08:15:49] INFO     Iteration 344 (0 errors)
[2022-12-17 08:15:49] INFO     Iteration 345 (0 errors)
[2022-12-17 08:15:50] INFO     Iteration 346 (0 errors)
[2022-12-17 08:15:51] INFO     Iteration 347 (0 errors)
[2022-12-17 08:15:52] INFO     Iteration 348 (0 errors)
[2022-12-17 08:15:53] INFO     Iteration 349 (0 errors)
[2022-12-17 08:15:53] INFO     Iteration 350 (0 errors)
[2022-12-17 08:15:54] INFO     Iteration 351 (0 errors)
[2022-12-17 08:15:55] INFO     Iteration 352 (0 errors)
[2022-12-17 08:15:56] INFO     Iteration 353 (0 errors)
[2022-12-17 08:15:57] INFO     Iteration 354 (0 errors)
[2022-12-17 08:15:57] INFO     Iteration 355 (0 errors)
[2022-12-17 08:15:58] INFO     Iteration 356 (0 errors)
[2022-12-17 08:15:59] INFO     Iteration 357 (0 errors)
[2022-12-17 08:16:00] INFO     Iteration 358 (0 errors)
[2022-12-17 08:16:01] INFO     Iteration 359 (0 errors)
[2022-12-17 08:16:01] INFO     Iteration 360 (0 errors)
[2022-12-17 08:16:02] INFO     Iteration 361 (0 errors)
[2022-12-17 08:16:03] INFO     Iteration 362 (0 errors)
[2022-12-17 08:16:04] INFO     Iteration 363 (0 errors)
[2022-12-17 08:16:05] INFO     Iteration 364 (0 errors)
[2022-12-17 08:16:05] INFO     Iteration 365 (0 errors)
[2022-12-17 08:16:06] INFO     Iteration 366 (0 errors)
[2022-12-17 08:16:07] INFO     Iteration 367 (0 errors)
[2022-12-17 08:16:08] INFO     Iteration 368 (0 errors)
[2022-12-17 08:16:09] INFO     Iteration 369 (0 errors)
[2022-12-17 08:16:10] INFO     Iteration 370 (0 errors)
[2022-12-17 08:16:10] INFO     Iteration 371 (0 errors)
[2022-12-17 08:16:11] INFO     Iteration 372 (0 errors)
[2022-12-17 08:16:12] INFO     Iteration 373 (0 errors)
[2022-12-17 08:16:13] INFO     Iteration 374 (0 errors)
[2022-12-17 08:16:14] INFO     Iteration 375 (0 errors)
[2022-12-17 08:16:14] INFO     Iteration 376 (0 errors)
[2022-12-17 08:16:15] INFO     Iteration 377 (0 errors)
[2022-12-17 08:16:16] INFO     Iteration 378 (0 errors)
[2022-12-17 08:16:17] INFO     Iteration 379 (0 errors)
[2022-12-17 08:16:18] INFO     Iteration 380 (0 errors)
[2022-12-17 08:16:18] INFO     Iteration 381 (0 errors)
[2022-12-17 08:16:19] INFO     Iteration 382 (0 errors)
[2022-12-17 08:16:20] INFO     Iteration 383 (0 errors)
[2022-12-17 08:16:21] INFO     Iteration 384 (0 errors)
[2022-12-17 08:16:22] INFO     Iteration 385 (0 errors)
[2022-12-17 08:16:22] INFO     Iteration 386 (0 errors)
[2022-12-17 08:16:23] INFO     Iteration 387 (0 errors)
[2022-12-17 08:16:24] INFO     Iteration 388 (0 errors)
[2022-12-17 08:16:25] INFO     Iteration 389 (0 errors)
[2022-12-17 08:16:26] INFO     Iteration 390 (0 errors)
[2022-12-17 08:16:26] INFO     Iteration 391 (0 errors)
[2022-12-17 08:16:27] INFO     Iteration 392 (0 errors)
[2022-12-17 08:16:28] INFO     Iteration 393 (0 errors)
[2022-12-17 08:16:29] INFO     Iteration 394 (0 errors)
[2022-12-17 08:16:30] INFO     Iteration 395 (0 errors)
[2022-12-17 08:16:31] INFO     Iteration 396 (0 errors)
[2022-12-17 08:16:31] INFO     Iteration 397 (0 errors)
[2022-12-17 08:16:32] INFO     Iteration 398 (0 errors)
[2022-12-17 08:16:33] INFO     Iteration 399 (0 errors)
[2022-12-17 08:16:34] INFO     Iteration 400 (0 errors)
[2022-12-17 08:16:35] INFO     Iteration 401 (0 errors)
[2022-12-17 08:16:35] INFO     Iteration 402 (0 errors)
[2022-12-17 08:16:36] INFO     Iteration 403 (0 errors)
[2022-12-17 08:16:37] INFO     Iteration 404 (0 errors)
[2022-12-17 08:16:38] INFO     Iteration 405 (0 errors)
[2022-12-17 08:16:39] INFO     Iteration 406 (0 errors)
[2022-12-17 08:16:39] INFO     Iteration 407 (0 errors)
[2022-12-17 08:16:40] INFO     Iteration 408 (0 errors)
[2022-12-17 08:16:41] INFO     Iteration 409 (0 errors)
[2022-12-17 08:16:42] INFO     Iteration 410 (0 errors)
[2022-12-17 08:16:43] INFO     Iteration 411 (0 errors)
[2022-12-17 08:16:43] INFO     Iteration 412 (0 errors)
[2022-12-17 08:16:44] INFO     Iteration 413 (0 errors)
[2022-12-17 08:16:45] INFO     Iteration 414 (0 errors)
[2022-12-17 08:16:46] INFO     Iteration 415 (0 errors)
[2022-12-17 08:16:47] INFO     Iteration 416 (0 errors)
[2022-12-17 08:16:47] INFO     Iteration 417 (0 errors)
[2022-12-17 08:16:48] INFO     Iteration 418 (0 errors)
[2022-12-17 08:16:49] INFO     Iteration 419 (0 errors)
[2022-12-17 08:16:50] INFO     Iteration 420 (0 errors)
[2022-12-17 08:16:51] INFO     Iteration 421 (0 errors)
[2022-12-17 08:16:51] INFO     Iteration 422 (0 errors)
[2022-12-17 08:16:52] INFO     Iteration 423 (0 errors)
[2022-12-17 08:16:53] INFO     Iteration 424 (0 errors)
[2022-12-17 08:16:54] INFO     Iteration 425 (0 errors)
[2022-12-17 08:16:55] INFO     Iteration 426 (0 errors)
[2022-12-17 08:16:56] INFO     Iteration 427 (0 errors)
[2022-12-17 08:16:56] INFO     Iteration 428 (0 errors)
[2022-12-17 08:16:57] INFO     Iteration 429 (0 errors)
[2022-12-17 08:16:58] INFO     Iteration 430 (0 errors)
[2022-12-17 08:16:59] INFO     Iteration 431 (0 errors)
[2022-12-17 08:17:00] INFO     Iteration 432 (0 errors)
[2022-12-17 08:17:00] INFO     Iteration 433 (0 errors)
[2022-12-17 08:17:01] INFO     Iteration 434 (0 errors)
[2022-12-17 08:17:02] INFO     Iteration 435 (0 errors)
[2022-12-17 08:17:03] INFO     Iteration 436 (0 errors)
[2022-12-17 08:17:04] INFO     Iteration 437 (0 errors)
[2022-12-17 08:17:04] INFO     Iteration 438 (0 errors)
[2022-12-17 08:17:05] INFO     Iteration 439 (0 errors)
[2022-12-17 08:17:06] INFO     Iteration 440 (0 errors)
[2022-12-17 08:17:07] INFO     Iteration 441 (0 errors)
[2022-12-17 08:17:08] INFO     Iteration 442 (0 errors)
[2022-12-17 08:17:08] INFO     Iteration 443 (0 errors)
[2022-12-17 08:17:09] INFO     Iteration 444 (0 errors)
[2022-12-17 08:17:10] INFO     Iteration 445 (0 errors)
[2022-12-17 08:17:11] INFO     Iteration 446 (0 errors)
[2022-12-17 08:17:12] INFO     Iteration 447 (0 errors)
[2022-12-17 08:17:12] INFO     Iteration 448 (0 errors)
[2022-12-17 08:17:13] INFO     Iteration 449 (0 errors)
[2022-12-17 08:17:14] INFO     Iteration 450 (0 errors)
[2022-12-17 08:17:15] INFO     Iteration 451 (0 errors)
[2022-12-17 08:17:16] INFO     Iteration 452 (0 errors)
[2022-12-17 08:17:17] INFO     Iteration 453 (0 errors)
[2022-12-17 08:17:17] INFO     Iteration 454 (0 errors)
[2022-12-17 08:17:18] INFO     Iteration 455 (0 errors)
[2022-12-17 08:17:19] INFO     Iteration 456 (0 errors)
[2022-12-17 08:17:20] INFO     Iteration 457 (0 errors)
[2022-12-17 08:17:21] INFO     Iteration 458 (0 errors)
[2022-12-17 08:17:21] INFO     Iteration 459 (0 errors)
[2022-12-17 08:17:22] INFO     Iteration 460 (0 errors)
[2022-12-17 08:17:23] INFO     Iteration 461 (0 errors)
[2022-12-17 08:17:24] INFO     Iteration 462 (0 errors)
[2022-12-17 08:17:25] INFO     Iteration 463 (0 errors)
[2022-12-17 08:17:25] INFO     Iteration 464 (0 errors)
[2022-12-17 08:17:26] INFO     Iteration 465 (0 errors)
[2022-12-17 08:17:27] INFO     Iteration 466 (0 errors)
[2022-12-17 08:17:28] INFO     Iteration 467 (0 errors)
[2022-12-17 08:17:29] INFO     Iteration 468 (0 errors)
[2022-12-17 08:17:29] INFO     Iteration 469 (0 errors)
[2022-12-17 08:17:30] INFO     Iteration 470 (0 errors)
[2022-12-17 08:17:31] INFO     Iteration 471 (0 errors)
[2022-12-17 08:17:32] INFO     Iteration 472 (0 errors)
[2022-12-17 08:17:33] INFO     Iteration 473 (0 errors)
[2022-12-17 08:17:33] INFO     Iteration 474 (0 errors)
[2022-12-17 08:17:34] INFO     Iteration 475 (0 errors)
[2022-12-17 08:17:35] INFO     Iteration 476 (0 errors)
[2022-12-17 08:17:36] INFO     Iteration 477 (0 errors)
[2022-12-17 08:17:37] INFO     Iteration 478 (0 errors)
[2022-12-17 08:17:37] INFO     Iteration 479 (0 errors)
[2022-12-17 08:17:38] INFO     Iteration 480 (0 errors)
[2022-12-17 08:17:39] INFO     Iteration 481 (0 errors)
[2022-12-17 08:17:40] INFO     Iteration 482 (0 errors)
[2022-12-17 08:17:41] INFO     Iteration 483 (0 errors)
[2022-12-17 08:17:42] INFO     Iteration 484 (0 errors)
[2022-12-17 08:17:42] INFO     Iteration 485 (0 errors)
[2022-12-17 08:17:43] INFO     Iteration 486 (0 errors)
[2022-12-17 08:17:44] INFO     Iteration 487 (0 errors)
[2022-12-17 08:17:45] INFO     Iteration 488 (0 errors)
[2022-12-17 08:17:46] INFO     Iteration 489 (0 errors)
[2022-12-17 08:17:46] INFO     Iteration 490 (0 errors)
[2022-12-17 08:17:47] INFO     Iteration 491 (0 errors)
[2022-12-17 08:17:48] INFO     Iteration 492 (0 errors)
[2022-12-17 08:17:49] INFO     Iteration 493 (0 errors)
[2022-12-17 08:17:50] INFO     Iteration 494 (0 errors)
[2022-12-17 08:17:50] INFO     Iteration 495 (0 errors)
[2022-12-17 08:17:51] INFO     Iteration 496 (0 errors)
[2022-12-17 08:17:52] INFO     Iteration 497 (0 errors)
[2022-12-17 08:17:53] INFO     Iteration 498 (0 errors)
[2022-12-17 08:17:54] INFO     Iteration 499 (0 errors)
[2022-12-17 08:17:54] INFO     Iteration 500 (0 errors)
[2022-12-17 08:17:55] INFO     Iteration 501 (0 errors)
[2022-12-17 08:17:56] INFO     Iteration 502 (0 errors)
[2022-12-17 08:17:57] INFO     Iteration 503 (0 errors)
[2022-12-17 08:17:58] INFO     Iteration 504 (0 errors)
[2022-12-17 08:17:58] INFO     Iteration 505 (0 errors)
[2022-12-17 08:17:59] INFO     Iteration 506 (0 errors)
[2022-12-17 08:18:00] INFO     Iteration 507 (0 errors)
[2022-12-17 08:18:01] INFO     Iteration 508 (0 errors)
[2022-12-17 08:18:02] INFO     Iteration 509 (0 errors)
[2022-12-17 08:18:03] INFO     Iteration 510 (0 errors)
[2022-12-17 08:18:03] INFO     Iteration 511 (0 errors)
[2022-12-17 08:18:04] INFO     Iteration 512 (0 errors)
[2022-12-17 08:18:05] INFO     Iteration 513 (0 errors)
[2022-12-17 08:18:06] INFO     Iteration 514 (0 errors)
[2022-12-17 08:18:07] INFO     Iteration 515 (0 errors)
[2022-12-17 08:18:07] INFO     Iteration 516 (0 errors)
[2022-12-17 08:18:08] INFO     Iteration 517 (0 errors)
[2022-12-17 08:18:09] INFO     Iteration 518 (0 errors)
[2022-12-17 08:18:10] INFO     Iteration 519 (0 errors)
[2022-12-17 08:18:11] INFO     Iteration 520 (0 errors)
[2022-12-17 08:18:11] INFO     Iteration 521 (0 errors)
[2022-12-17 08:18:12] INFO     Iteration 522 (0 errors)
[2022-12-17 08:18:13] INFO     Iteration 523 (0 errors)
[2022-12-17 08:18:14] INFO     Iteration 524 (0 errors)
[2022-12-17 08:18:15] INFO     Iteration 525 (0 errors)
[2022-12-17 08:18:15] INFO     Iteration 526 (0 errors)
[2022-12-17 08:18:16] INFO     Iteration 527 (0 errors)
[2022-12-17 08:18:17] INFO     Iteration 528 (0 errors)
[2022-12-17 08:18:18] INFO     Iteration 529 (0 errors)
[2022-12-17 08:18:19] INFO     Iteration 530 (0 errors)
[2022-12-17 08:18:19] INFO     Iteration 531 (0 errors)
[2022-12-17 08:18:20] INFO     Iteration 532 (0 errors)
[2022-12-17 08:18:21] INFO     Iteration 533 (0 errors)
[2022-12-17 08:18:22] INFO     Iteration 534 (0 errors)
[2022-12-17 08:18:23] INFO     Iteration 535 (0 errors)
[2022-12-17 08:18:24] INFO     Iteration 536 (0 errors)
[2022-12-17 08:18:24] INFO     Iteration 537 (0 errors)
[2022-12-17 08:18:25] INFO     Iteration 538 (0 errors)
[2022-12-17 08:18:26] INFO     Iteration 539 (0 errors)
[2022-12-17 08:18:27] INFO     Iteration 540 (0 errors)
[2022-12-17 08:18:28] INFO     Iteration 541 (0 errors)
[2022-12-17 08:18:28] INFO     Iteration 542 (0 errors)
[2022-12-17 08:18:29] INFO     Iteration 543 (0 errors)
[2022-12-17 08:18:30] INFO     Iteration 544 (0 errors)
[2022-12-17 08:18:31] INFO     Iteration 545 (0 errors)
[2022-12-17 08:18:32] INFO     Iteration 546 (0 errors)
[2022-12-17 08:18:32] INFO     Iteration 547 (0 errors)
[2022-12-17 08:18:33] INFO     Iteration 548 (0 errors)
[2022-12-17 08:18:34] INFO     Iteration 549 (0 errors)
[2022-12-17 08:18:35] INFO     Iteration 550 (0 errors)
[2022-12-17 08:18:36] INFO     Iteration 551 (0 errors)
[2022-12-17 08:18:36] INFO     Iteration 552 (0 errors)
[2022-12-17 08:18:37] INFO     Iteration 553 (0 errors)
[2022-12-17 08:18:38] INFO     Iteration 554 (0 errors)
[2022-12-17 08:18:39] INFO     Iteration 555 (0 errors)
[2022-12-17 08:18:40] INFO     Iteration 556 (0 errors)
[2022-12-17 08:18:41] INFO     Iteration 557 (0 errors)
[2022-12-17 08:18:41] INFO     Iteration 558 (0 errors)
[2022-12-17 08:18:42] INFO     Iteration 559 (0 errors)
[2022-12-17 08:18:43] INFO     Iteration 560 (0 errors)
[2022-12-17 08:18:44] INFO     Iteration 561 (0 errors)
[2022-12-17 08:18:45] INFO     Iteration 562 (0 errors)
[2022-12-17 08:18:45] INFO     Iteration 563 (0 errors)
[2022-12-17 08:18:46] INFO     Iteration 564 (0 errors)
[2022-12-17 08:18:47] INFO     Iteration 565 (0 errors)
[2022-12-17 08:18:48] INFO     Iteration 566 (0 errors)
[2022-12-17 08:18:49] INFO     Iteration 567 (0 errors)
[2022-12-17 08:18:49] INFO     Iteration 568 (0 errors)
[2022-12-17 08:18:50] INFO     Iteration 569 (0 errors)
[2022-12-17 08:18:51] INFO     Iteration 570 (0 errors)
[2022-12-17 08:18:52] INFO     Iteration 571 (0 errors)
[2022-12-17 08:18:53] INFO     Iteration 572 (0 errors)
[2022-12-17 08:18:53] INFO     Iteration 573 (0 errors)
[2022-12-17 08:18:54] INFO     Iteration 574 (0 errors)
[2022-12-17 08:18:55] INFO     Iteration 575 (0 errors)
[2022-12-17 08:18:56] INFO     Iteration 576 (0 errors)
[2022-12-17 08:18:57] INFO     Iteration 577 (0 errors)
[2022-12-17 08:18:57] INFO     Iteration 578 (0 errors)
[2022-12-17 08:18:58] INFO     Iteration 579 (0 errors)
[2022-12-17 08:18:59] INFO     Iteration 580 (0 errors)
[2022-12-17 08:19:00] INFO     Iteration 581 (0 errors)
[2022-12-17 08:19:01] INFO     Iteration 582 (0 errors)
[2022-12-17 08:19:01] INFO     Iteration 583 (0 errors)
[2022-12-17 08:19:02] INFO     Iteration 584 (0 errors)
[2022-12-17 08:19:03] INFO     Iteration 585 (0 errors)
[2022-12-17 08:19:04] INFO     Iteration 586 (0 errors)
[2022-12-17 08:19:05] INFO     Iteration 587 (0 errors)
[2022-12-17 08:19:05] INFO     Iteration 588 (0 errors)
[2022-12-17 08:19:06] INFO     Iteration 589 (0 errors)
[2022-12-17 08:19:07] INFO     Iteration 590 (0 errors)
[2022-12-17 08:19:08] INFO     Iteration 591 (0 errors)
[2022-12-17 08:19:09] INFO     Iteration 592 (0 errors)
[2022-12-17 08:19:10] INFO     Iteration 593 (0 errors)
[2022-12-17 08:19:10] INFO     Iteration 594 (0 errors)
[2022-12-17 08:19:11] INFO     Iteration 595 (0 errors)
[2022-12-17 08:19:12] INFO     Iteration 596 (0 errors)
[2022-12-17 08:19:13] INFO     Iteration 597 (0 errors)
[2022-12-17 08:19:14] INFO     Iteration 598 (0 errors)
[2022-12-17 08:19:14] INFO     Iteration 599 (0 errors)
[2022-12-17 08:19:15] INFO     Iteration 600 (0 errors)
[2022-12-17 08:19:16] INFO     Iteration 601 (0 errors)
[2022-12-17 08:19:17] INFO     Iteration 602 (0 errors)
[2022-12-17 08:19:18] INFO     Iteration 603 (0 errors)
[2022-12-17 08:19:18] INFO     Iteration 604 (0 errors)
[2022-12-17 08:19:19] INFO     Iteration 605 (0 errors)
[2022-12-17 08:19:20] INFO     Iteration 606 (0 errors)
[2022-12-17 08:19:21] INFO     Iteration 607 (0 errors)
[2022-12-17 08:19:22] INFO     Iteration 608 (0 errors)
[2022-12-17 08:19:22] INFO     Iteration 609 (0 errors)
[2022-12-17 08:19:23] INFO     Iteration 610 (0 errors)
[2022-12-17 08:19:24] INFO     Iteration 611 (0 errors)
[2022-12-17 08:19:25] INFO     Iteration 612 (0 errors)
[2022-12-17 08:19:26] INFO     Iteration 613 (0 errors)
[2022-12-17 08:19:27] INFO     Iteration 614 (0 errors)
[2022-12-17 08:19:27] INFO     Iteration 615 (0 errors)
[2022-12-17 08:19:28] INFO     Iteration 616 (0 errors)
[2022-12-17 08:19:29] INFO     Iteration 617 (0 errors)
[2022-12-17 08:19:30] INFO     Iteration 618 (0 errors)
[2022-12-17 08:19:31] INFO     Iteration 619 (0 errors)
[2022-12-17 08:19:31] INFO     Iteration 620 (0 errors)
[2022-12-17 08:19:32] INFO     Iteration 621 (0 errors)
[2022-12-17 08:19:33] INFO     Iteration 622 (0 errors)
[2022-12-17 08:19:34] INFO     Iteration 623 (0 errors)
[2022-12-17 08:19:35] INFO     Iteration 624 (0 errors)
[2022-12-17 08:19:35] INFO     Iteration 625 (0 errors)
[2022-12-17 08:19:36] INFO     Iteration 626 (0 errors)
[2022-12-17 08:19:37] INFO     Iteration 627 (0 errors)
[2022-12-17 08:19:38] INFO     Iteration 628 (0 errors)
[2022-12-17 08:19:39] INFO     Iteration 629 (0 errors)
[2022-12-17 08:19:39] INFO     Iteration 630 (0 errors)
[2022-12-17 08:19:40] INFO     Iteration 631 (0 errors)
[2022-12-17 08:19:41] INFO     Iteration 632 (0 errors)
[2022-12-17 08:19:42] INFO     Iteration 633 (0 errors)
[2022-12-17 08:19:43] INFO     Iteration 634 (0 errors)
[2022-12-17 08:19:43] INFO     Iteration 635 (0 errors)
[2022-12-17 08:19:44] INFO     Iteration 636 (0 errors)
[2022-12-17 08:19:45] INFO     Iteration 637 (0 errors)
[2022-12-17 08:19:46] INFO     Iteration 638 (0 errors)
[2022-12-17 08:19:47] INFO     Iteration 639 (0 errors)
[2022-12-17 08:19:47] INFO     Iteration 640 (0 errors)
[2022-12-17 08:19:48] INFO     Iteration 641 (0 errors)
[2022-12-17 08:19:49] INFO     Iteration 642 (0 errors)
[2022-12-17 08:19:50] INFO     Iteration 643 (0 errors)
[2022-12-17 08:19:51] INFO     Iteration 644 (0 errors)
[2022-12-17 08:19:52] INFO     Iteration 645 (0 errors)
[2022-12-17 08:19:52] INFO     Iteration 646 (0 errors)
[2022-12-17 08:19:53] INFO     Iteration 647 (0 errors)
[2022-12-17 08:19:54] INFO     Iteration 648 (0 errors)
[2022-12-17 08:19:55] INFO     Iteration 649 (0 errors)
[2022-12-17 08:19:56] INFO     Iteration 650 (0 errors)
[2022-12-17 08:19:56] INFO     Iteration 651 (0 errors)
[2022-12-17 08:19:57] INFO     Iteration 652 (0 errors)
[2022-12-17 08:19:58] INFO     Iteration 653 (0 errors)
[2022-12-17 08:19:59] INFO     Iteration 654 (0 errors)
[2022-12-17 08:20:00] INFO     Iteration 655 (0 errors)
[2022-12-17 08:20:00] INFO     Iteration 656 (0 errors)
[2022-12-17 08:20:01] INFO     Iteration 657 (0 errors)
[2022-12-17 08:20:02] INFO     Iteration 658 (0 errors)
[2022-12-17 08:20:03] INFO     Iteration 659 (0 errors)
[2022-12-17 08:20:04] INFO     Iteration 660 (0 errors)
[2022-12-17 08:20:04] INFO     Iteration 661 (0 errors)
[2022-12-17 08:20:05] INFO     Iteration 662 (0 errors)
[2022-12-17 08:20:06] INFO     Iteration 663 (0 errors)
[2022-12-17 08:20:07] INFO     Iteration 664 (0 errors)
[2022-12-17 08:20:08] INFO     Iteration 665 (0 errors)
[2022-12-17 08:20:08] INFO     Iteration 666 (0 errors)
[2022-12-17 08:20:09] INFO     Iteration 667 (0 errors)
[2022-12-17 08:20:10] INFO     Iteration 668 (0 errors)
[2022-12-17 08:20:11] INFO     Iteration 669 (0 errors)
[2022-12-17 08:20:12] INFO     Iteration 670 (0 errors)
[2022-12-17 08:20:13] INFO     Iteration 671 (0 errors)
[2022-12-17 08:20:13] INFO     Iteration 672 (0 errors)
[2022-12-17 08:20:14] INFO     Iteration 673 (0 errors)
[2022-12-17 08:20:15] INFO     Iteration 674 (0 errors)
[2022-12-17 08:20:16] INFO     Iteration 675 (0 errors)
[2022-12-17 08:20:17] INFO     Iteration 676 (0 errors)
[2022-12-17 08:20:17] INFO     Iteration 677 (0 errors)
[2022-12-17 08:20:18] INFO     Iteration 678 (0 errors)
[2022-12-17 08:20:19] INFO     Iteration 679 (0 errors)
[2022-12-17 08:20:20] INFO     Iteration 680 (0 errors)
[2022-12-17 08:20:21] INFO     Iteration 681 (0 errors)
[2022-12-17 08:20:21] INFO     Iteration 682 (0 errors)
[2022-12-17 08:20:22] INFO     Iteration 683 (0 errors)
[2022-12-17 08:20:23] INFO     Iteration 684 (0 errors)
[2022-12-17 08:20:24] INFO     Iteration 685 (0 errors)
[2022-12-17 08:20:25] INFO     Iteration 686 (0 errors)
[2022-12-17 08:20:25] INFO     Iteration 687 (0 errors)
[2022-12-17 08:20:26] INFO     Iteration 688 (0 errors)
[2022-12-17 08:20:27] INFO     Iteration 689 (0 errors)
[2022-12-17 08:20:28] INFO     Iteration 690 (0 errors)
[2022-12-17 08:20:29] INFO     Iteration 691 (0 errors)
[2022-12-17 08:20:30] INFO     Iteration 692 (0 errors)
[2022-12-17 08:20:30] INFO     Iteration 693 (0 errors)
[2022-12-17 08:20:31] INFO     Iteration 694 (0 errors)
[2022-12-17 08:20:32] INFO     Iteration 695 (0 errors)
[2022-12-17 08:20:33] INFO     Iteration 696 (0 errors)
[2022-12-17 08:20:34] INFO     Iteration 697 (0 errors)
[2022-12-17 08:20:34] INFO     Iteration 698 (0 errors)
[2022-12-17 08:20:35] INFO     Iteration 699 (0 errors)
[2022-12-17 08:20:36] INFO     Iteration 700 (0 errors)
[2022-12-17 08:20:37] INFO     Iteration 701 (0 errors)
[2022-12-17 08:20:38] INFO     Iteration 702 (0 errors)
[2022-12-17 08:20:38] INFO     Iteration 703 (0 errors)
[2022-12-17 08:20:39] INFO     Iteration 704 (0 errors)
[2022-12-17 08:20:40] INFO     Iteration 705 (0 errors)
[2022-12-17 08:20:41] INFO     Iteration 706 (0 errors)
[2022-12-17 08:20:42] INFO     Iteration 707 (0 errors)
[2022-12-17 08:20:42] INFO     Iteration 708 (0 errors)
[2022-12-17 08:20:43] INFO     Iteration 709 (0 errors)
[2022-12-17 08:20:44] INFO     Iteration 710 (0 errors)
[2022-12-17 08:20:45] INFO     Iteration 711 (0 errors)
[2022-12-17 08:20:46] INFO     Iteration 712 (0 errors)
[2022-12-17 08:20:46] INFO     Iteration 713 (0 errors)
[2022-12-17 08:20:47] INFO     Iteration 714 (0 errors)
[2022-12-17 08:20:48] INFO     Iteration 715 (0 errors)
[2022-12-17 08:20:49] INFO     Iteration 716 (0 errors)
[2022-12-17 08:20:50] INFO     Iteration 717 (0 errors)
[2022-12-17 08:20:50] INFO     Iteration 718 (0 errors)
[2022-12-17 08:20:51] INFO     Iteration 719 (0 errors)
[2022-12-17 08:20:52] INFO     Iteration 720 (0 errors)
[2022-12-17 08:20:53] INFO     Iteration 721 (0 errors)
[2022-12-17 08:20:54] INFO     Iteration 722 (0 errors)
[2022-12-17 08:20:54] INFO     Iteration 723 (0 errors)
[2022-12-17 08:20:55] INFO     Iteration 724 (0 errors)
[2022-12-17 08:20:56] INFO     Iteration 725 (0 errors)
[2022-12-17 08:20:57] INFO     Iteration 726 (0 errors)
[2022-12-17 08:20:58] INFO     Iteration 727 (0 errors)
[2022-12-17 08:20:59] INFO     Iteration 728 (0 errors)
[2022-12-17 08:20:59] INFO     Iteration 729 (0 errors)
[2022-12-17 08:21:00] INFO     Iteration 730 (0 errors)
[2022-12-17 08:21:01] INFO     Iteration 731 (0 errors)
[2022-12-17 08:21:02] INFO     Iteration 732 (0 errors)
[2022-12-17 08:21:03] INFO     Iteration 733 (0 errors)
[2022-12-17 08:21:03] INFO     Iteration 734 (0 errors)
[2022-12-17 08:21:04] INFO     Iteration 735 (0 errors)
[2022-12-17 08:21:05] INFO     Iteration 736 (0 errors)
[2022-12-17 08:21:06] INFO     Iteration 737 (0 errors)
[2022-12-17 08:21:07] INFO     Iteration 738 (0 errors)
[2022-12-17 08:21:07] INFO     Iteration 739 (0 errors)
[2022-12-17 08:21:08] INFO     Iteration 740 (0 errors)
[2022-12-17 08:21:09] INFO     Iteration 741 (0 errors)
[2022-12-17 08:21:10] INFO     Iteration 742 (0 errors)
[2022-12-17 08:21:11] INFO     Iteration 743 (0 errors)
[2022-12-17 08:21:11] INFO     Iteration 744 (0 errors)
[2022-12-17 08:21:12] INFO     Iteration 745 (0 errors)
[2022-12-17 08:21:13] INFO     Iteration 746 (0 errors)
[2022-12-17 08:21:14] INFO     Iteration 747 (0 errors)
[2022-12-17 08:21:15] INFO     Iteration 748 (0 errors)
[2022-12-17 08:21:16] INFO     Iteration 749 (0 errors)
[2022-12-17 08:21:16] INFO     Iteration 750 (0 errors)
[2022-12-17 08:21:17] INFO     Iteration 751 (0 errors)
[2022-12-17 08:21:18] INFO     Iteration 752 (0 errors)
[2022-12-17 08:21:19] INFO     Iteration 753 (0 errors)
[2022-12-17 08:21:20] INFO     Iteration 754 (0 errors)
[2022-12-17 08:21:20] INFO     Iteration 755 (0 errors)
[2022-12-17 08:21:21] INFO     Iteration 756 (0 errors)
[2022-12-17 08:21:22] INFO     Iteration 757 (0 errors)
[2022-12-17 08:21:23] INFO     Iteration 758 (0 errors)
[2022-12-17 08:21:24] INFO     Iteration 759 (0 errors)
[2022-12-17 08:21:24] INFO     Iteration 760 (0 errors)
[2022-12-17 08:21:25] INFO     Iteration 761 (0 errors)
[2022-12-17 08:21:26] INFO     Iteration 762 (0 errors)
[2022-12-17 08:21:27] INFO     Iteration 763 (0 errors)
[2022-12-17 08:21:28] INFO     Iteration 764 (0 errors)
[2022-12-17 08:21:28] INFO     Iteration 765 (0 errors)
[2022-12-17 08:21:29] INFO     Iteration 766 (0 errors)
[2022-12-17 08:21:30] INFO     Iteration 767 (0 errors)
[2022-12-17 08:21:31] INFO     Iteration 768 (0 errors)
[2022-12-17 08:21:32] INFO     Iteration 769 (0 errors)
[2022-12-17 08:21:32] INFO     Iteration 770 (0 errors)
[2022-12-17 08:21:33] INFO     Iteration 771 (0 errors)
[2022-12-17 08:21:34] INFO     Iteration 772 (0 errors)
[2022-12-17 08:21:35] INFO     Iteration 773 (0 errors)
[2022-12-17 08:21:36] INFO     Iteration 774 (0 errors)
[2022-12-17 08:21:37] INFO     Iteration 775 (0 errors)
[2022-12-17 08:21:37] INFO     Iteration 776 (0 errors)
[2022-12-17 08:21:38] INFO     Iteration 777 (0 errors)
[2022-12-17 08:21:39] INFO     Iteration 778 (0 errors)
[2022-12-17 08:21:40] INFO     Iteration 779 (0 errors)
[2022-12-17 08:21:41] INFO     Iteration 780 (0 errors)
[2022-12-17 08:21:41] INFO     Iteration 781 (0 errors)
[2022-12-17 08:21:42] INFO     Iteration 782 (0 errors)
[2022-12-17 08:21:43] INFO     Iteration 783 (0 errors)
[2022-12-17 08:21:44] INFO     Iteration 784 (0 errors)
[2022-12-17 08:21:45] INFO     Iteration 785 (0 errors)
[2022-12-17 08:21:45] INFO     Iteration 786 (0 errors)
[2022-12-17 08:21:46] INFO     Iteration 787 (0 errors)
[2022-12-17 08:21:47] INFO     Iteration 788 (0 errors)
[2022-12-17 08:21:48] INFO     Iteration 789 (0 errors)
[2022-12-17 08:21:49] INFO     Iteration 790 (0 errors)
[2022-12-17 08:21:49] INFO     Iteration 791 (0 errors)
[2022-12-17 08:21:50] INFO     Iteration 792 (0 errors)
[2022-12-17 08:21:51] INFO     Iteration 793 (0 errors)
[2022-12-17 08:21:52] INFO     Iteration 794 (0 errors)
[2022-12-17 08:21:53] INFO     Iteration 795 (0 errors)
[2022-12-17 08:21:53] INFO     Iteration 796 (0 errors)
[2022-12-17 08:21:54] INFO     Iteration 797 (0 errors)
[2022-12-17 08:21:55] INFO     Iteration 798 (0 errors)
[2022-12-17 08:21:56] INFO     Iteration 799 (0 errors)
[2022-12-17 08:21:57] INFO     Iteration 800 (0 errors)
[2022-12-17 08:21:58] INFO     Iteration 801 (0 errors)
[2022-12-17 08:21:58] INFO     Iteration 802 (0 errors)
[2022-12-17 08:21:59] INFO     Iteration 803 (0 errors)
[2022-12-17 08:22:00] INFO     Iteration 804 (0 errors)
[2022-12-17 08:22:01] INFO     Iteration 805 (0 errors)
[2022-12-17 08:22:02] INFO     Iteration 806 (0 errors)
[2022-12-17 08:22:02] INFO     Iteration 807 (0 errors)
[2022-12-17 08:22:03] INFO     Iteration 808 (0 errors)
[2022-12-17 08:22:04] INFO     Iteration 809 (0 errors)
[2022-12-17 08:22:05] INFO     Iteration 810 (0 errors)
[2022-12-17 08:22:06] INFO     Iteration 811 (0 errors)
[2022-12-17 08:22:06] INFO     Iteration 812 (0 errors)
[2022-12-17 08:22:07] INFO     Iteration 813 (0 errors)
[2022-12-17 08:22:08] INFO     Iteration 814 (0 errors)
[2022-12-17 08:22:09] INFO     Iteration 815 (0 errors)
[2022-12-17 08:22:10] INFO     Iteration 816 (0 errors)
[2022-12-17 08:22:10] INFO     Iteration 817 (0 errors)
[2022-12-17 08:22:11] INFO     Iteration 818 (0 errors)
[2022-12-17 08:22:12] INFO     Iteration 819 (0 errors)
[2022-12-17 08:22:13] INFO     Iteration 820 (0 errors)
[2022-12-17 08:22:14] INFO     Iteration 821 (0 errors)
[2022-12-17 08:22:15] INFO     Iteration 822 (0 errors)
[2022-12-17 08:22:15] INFO     Iteration 823 (0 errors)
[2022-12-17 08:22:16] INFO     Iteration 824 (0 errors)
[2022-12-17 08:22:17] INFO     Iteration 825 (0 errors)
[2022-12-17 08:22:18] INFO     Iteration 826 (0 errors)
[2022-12-17 08:22:19] INFO     Iteration 827 (0 errors)
[2022-12-17 08:22:19] INFO     Iteration 828 (0 errors)
[2022-12-17 08:22:20] INFO     Iteration 829 (0 errors)
[2022-12-17 08:22:21] INFO     Iteration 830 (0 errors)
[2022-12-17 08:22:22] INFO     Iteration 831 (0 errors)
[2022-12-17 08:22:23] INFO     Iteration 832 (0 errors)
[2022-12-17 08:22:23] INFO     Iteration 833 (0 errors)
[2022-12-17 08:22:24] INFO     Iteration 834 (0 errors)
[2022-12-17 08:22:25] INFO     Iteration 835 (0 errors)
[2022-12-17 08:22:26] INFO     Iteration 836 (0 errors)
[2022-12-17 08:22:27] INFO     Iteration 837 (0 errors)
[2022-12-17 08:22:27] INFO     Iteration 838 (0 errors)
[2022-12-17 08:22:28] INFO     Iteration 839 (0 errors)
[2022-12-17 08:22:29] INFO     Iteration 840 (0 errors)
[2022-12-17 08:22:30] INFO     Iteration 841 (0 errors)
[2022-12-17 08:22:31] INFO     Iteration 842 (0 errors)
[2022-12-17 08:22:31] INFO     Iteration 843 (0 errors)
[2022-12-17 08:22:32] INFO     Iteration 844 (0 errors)
[2022-12-17 08:22:33] INFO     Iteration 845 (0 errors)
[2022-12-17 08:22:34] INFO     Iteration 846 (0 errors)
[2022-12-17 08:22:35] INFO     Iteration 847 (0 errors)
[2022-12-17 08:22:36] INFO     Iteration 848 (0 errors)
[2022-12-17 08:22:36] INFO     Iteration 849 (0 errors)
[2022-12-17 08:22:37] INFO     Iteration 850 (0 errors)
[2022-12-17 08:22:38] INFO     Iteration 851 (0 errors)
[2022-12-17 08:22:39] INFO     Iteration 852 (0 errors)
[2022-12-17 08:22:40] INFO     Iteration 853 (0 errors)
[2022-12-17 08:22:40] INFO     Iteration 854 (0 errors)
[2022-12-17 08:22:41] INFO     Iteration 855 (0 errors)
[2022-12-17 08:22:42] INFO     Iteration 856 (0 errors)
[2022-12-17 08:22:43] INFO     Iteration 857 (0 errors)
[2022-12-17 08:22:44] INFO     Iteration 858 (0 errors)
[2022-12-17 08:22:44] INFO     Iteration 859 (0 errors)
[2022-12-17 08:22:45] INFO     Iteration 860 (0 errors)
[2022-12-17 08:22:46] INFO     Iteration 861 (0 errors)
[2022-12-17 08:22:47] INFO     Iteration 862 (0 errors)
[2022-12-17 08:22:48] INFO     Iteration 863 (0 errors)
[2022-12-17 08:22:48] INFO     Iteration 864 (0 errors)
[2022-12-17 08:22:49] INFO     Iteration 865 (0 errors)
[2022-12-17 08:22:50] INFO     Iteration 866 (0 errors)
[2022-12-17 08:22:51] INFO     Iteration 867 (0 errors)
[2022-12-17 08:22:52] INFO     Iteration 868 (0 errors)
[2022-12-17 08:22:53] INFO     Iteration 869 (0 errors)
[2022-12-17 08:22:53] INFO     Iteration 870 (0 errors)
[2022-12-17 08:22:54] INFO     Iteration 871 (0 errors)
[2022-12-17 08:22:55] INFO     Iteration 872 (0 errors)
[2022-12-17 08:22:56] INFO     Iteration 873 (0 errors)
[2022-12-17 08:22:57] INFO     Iteration 874 (0 errors)
[2022-12-17 08:22:57] INFO     Iteration 875 (0 errors)
[2022-12-17 08:22:58] INFO     Iteration 876 (0 errors)
[2022-12-17 08:22:59] INFO     Iteration 877 (0 errors)
[2022-12-17 08:23:00] INFO     Iteration 878 (0 errors)
[2022-12-17 08:23:01] INFO     Iteration 879 (0 errors)
[2022-12-17 08:23:01] INFO     Iteration 880 (0 errors)
[2022-12-17 08:23:02] INFO     Iteration 881 (0 errors)
[2022-12-17 08:23:03] INFO     Iteration 882 (0 errors)
[2022-12-17 08:23:04] INFO     Iteration 883 (0 errors)
[2022-12-17 08:23:05] INFO     Iteration 884 (0 errors)
[2022-12-17 08:23:05] INFO     Iteration 885 (0 errors)
[2022-12-17 08:23:06] INFO     Iteration 886 (0 errors)
[2022-12-17 08:23:07] INFO     Iteration 887 (0 errors)
[2022-12-17 08:23:08] INFO     Iteration 888 (0 errors)
[2022-12-17 08:23:09] INFO     Iteration 889 (0 errors)
[2022-12-17 08:23:09] INFO     Iteration 890 (0 errors)
[2022-12-17 08:23:10] INFO     Iteration 891 (0 errors)
[2022-12-17 08:23:11] INFO     Iteration 892 (0 errors)
[2022-12-17 08:23:12] INFO     Iteration 893 (0 errors)
[2022-12-17 08:23:13] INFO     Iteration 894 (0 errors)
[2022-12-17 08:23:14] INFO     Iteration 895 (0 errors)
[2022-12-17 08:23:14] INFO     Iteration 896 (0 errors)
[2022-12-17 08:23:15] INFO     Iteration 897 (0 errors)
[2022-12-17 08:23:16] INFO     Iteration 898 (0 errors)
[2022-12-17 08:23:17] INFO     Iteration 899 (0 errors)
[2022-12-17 08:23:18] INFO     Iteration 900 (0 errors)
[2022-12-17 08:23:18] INFO     Iteration 901 (0 errors)
[2022-12-17 08:23:19] INFO     Iteration 902 (0 errors)
[2022-12-17 08:23:20] INFO     Iteration 903 (0 errors)
[2022-12-17 08:23:21] INFO     Iteration 904 (0 errors)
[2022-12-17 08:23:22] INFO     Iteration 905 (0 errors)
[2022-12-17 08:23:22] INFO     Iteration 906 (0 errors)
[2022-12-17 08:23:23] INFO     Iteration 907 (0 errors)
[2022-12-17 08:23:24] INFO     Iteration 908 (0 errors)
[2022-12-17 08:23:25] INFO     Iteration 909 (0 errors)
[2022-12-17 08:23:26] INFO     Iteration 910 (0 errors)
[2022-12-17 08:23:26] INFO     Iteration 911 (0 errors)
[2022-12-17 08:23:27] INFO     Iteration 912 (0 errors)
[2022-12-17 08:23:28] INFO     Iteration 913 (0 errors)
[2022-12-17 08:23:29] INFO     Iteration 914 (0 errors)
[2022-12-17 08:23:30] INFO     Iteration 915 (0 errors)
[2022-12-17 08:23:30] INFO     Iteration 916 (0 errors)
[2022-12-17 08:23:31] INFO     Iteration 917 (0 errors)
[2022-12-17 08:23:32] INFO     Iteration 918 (0 errors)
[2022-12-17 08:23:33] INFO     Iteration 919 (0 errors)
[2022-12-17 08:23:34] INFO     Iteration 920 (0 errors)
[2022-12-17 08:23:35] INFO     Iteration 921 (0 errors)
[2022-12-17 08:23:35] INFO     Iteration 922 (0 errors)
[2022-12-17 08:23:36] INFO     Iteration 923 (0 errors)
[2022-12-17 08:23:37] INFO     Iteration 924 (0 errors)
[2022-12-17 08:23:38] INFO     Iteration 925 (0 errors)
[2022-12-17 08:23:39] INFO     Iteration 926 (0 errors)
[2022-12-17 08:23:39] INFO     Iteration 927 (0 errors)
[2022-12-17 08:23:40] INFO     Iteration 928 (0 errors)
[2022-12-17 08:23:41] INFO     Iteration 929 (0 errors)
[2022-12-17 08:23:42] INFO     Iteration 930 (0 errors)
[2022-12-17 08:23:43] INFO     Iteration 931 (0 errors)
[2022-12-17 08:23:43] INFO     Iteration 932 (0 errors)
[2022-12-17 08:23:44] INFO     Iteration 933 (0 errors)
[2022-12-17 08:23:45] INFO     Iteration 934 (0 errors)
[2022-12-17 08:23:46] INFO     Iteration 935 (0 errors)
[2022-12-17 08:23:47] INFO     Iteration 936 (0 errors)
[2022-12-17 08:23:47] INFO     Iteration 937 (0 errors)
[2022-12-17 08:23:48] INFO     Iteration 938 (0 errors)
[2022-12-17 08:23:49] INFO     Iteration 939 (0 errors)
[2022-12-17 08:23:50] INFO     Iteration 940 (0 errors)
[2022-12-17 08:23:51] INFO     Iteration 941 (0 errors)
[2022-12-17 08:23:51] INFO     Iteration 942 (0 errors)
[2022-12-17 08:23:52] INFO     Iteration 943 (0 errors)
[2022-12-17 08:23:53] INFO     Iteration 944 (0 errors)
[2022-12-17 08:23:54] INFO     Iteration 945 (0 errors)
[2022-12-17 08:23:55] INFO     Iteration 946 (0 errors)
[2022-12-17 08:23:56] INFO     Iteration 947 (0 errors)
[2022-12-17 08:23:56] INFO     Iteration 948 (0 errors)
[2022-12-17 08:23:57] INFO     Iteration 949 (0 errors)
[2022-12-17 08:23:58] INFO     Iteration 950 (0 errors)
[2022-12-17 08:23:59] INFO     Iteration 951 (0 errors)
[2022-12-17 08:24:00] INFO     Iteration 952 (0 errors)
[2022-12-17 08:24:00] INFO     Iteration 953 (0 errors)
[2022-12-17 08:24:01] INFO     Iteration 954 (0 errors)
[2022-12-17 08:24:02] INFO     Iteration 955 (0 errors)
[2022-12-17 08:24:03] INFO     Iteration 956 (0 errors)
[2022-12-17 08:24:04] INFO     Iteration 957 (0 errors)
[2022-12-17 08:24:04] INFO     Iteration 958 (0 errors)
[2022-12-17 08:24:05] INFO     Iteration 959 (0 errors)
[2022-12-17 08:24:06] INFO     Iteration 960 (0 errors)
[2022-12-17 08:24:07] INFO     Iteration 961 (0 errors)
[2022-12-17 08:24:08] INFO     Iteration 962 (0 errors)
[2022-12-17 08:24:08] INFO     Iteration 963 (0 errors)
[2022-12-17 08:24:09] INFO     Iteration 964 (0 errors)
[2022-12-17 08:24:10] INFO     Iteration 965 (0 errors)
[2022-12-17 08:24:11] INFO     Iteration 966 (0 errors)
[2022-12-17 08:24:12] INFO     Iteration 967 (0 errors)
[2022-12-17 08:24:12] INFO     Iteration 968 (0 errors)
[2022-12-17 08:24:13] INFO     Iteration 969 (0 errors)
[2022-12-17 08:24:14] INFO     Iteration 970 (0 errors)
[2022-12-17 08:24:15] INFO     Iteration 971 (0 errors)
[2022-12-17 08:24:16] INFO     Iteration 972 (0 errors)
[2022-12-17 08:24:17] INFO     Iteration 973 (0 errors)
[2022-12-17 08:24:17] INFO     Iteration 974 (0 errors)
[2022-12-17 08:24:18] INFO     Iteration 975 (0 errors)
[2022-12-17 08:24:19] INFO     Iteration 976 (0 errors)
[2022-12-17 08:24:20] INFO     Iteration 977 (0 errors)
[2022-12-17 08:24:21] INFO     Iteration 978 (0 errors)
[2022-12-17 08:24:21] INFO     Iteration 979 (0 errors)
[2022-12-17 08:24:22] INFO     Iteration 980 (0 errors)
[2022-12-17 08:24:23] INFO     Iteration 981 (0 errors)
[2022-12-17 08:24:24] INFO     Iteration 982 (0 errors)
[2022-12-17 08:24:25] INFO     Iteration 983 (0 errors)
[2022-12-17 08:24:25] INFO     Iteration 984 (0 errors)
[2022-12-17 08:24:26] INFO     Iteration 985 (0 errors)
[2022-12-17 08:24:27] INFO     Iteration 986 (0 errors)
[2022-12-17 08:24:28] INFO     Iteration 987 (0 errors)
[2022-12-17 08:24:29] INFO     Iteration 988 (0 errors)
[2022-12-17 08:24:29] INFO     Iteration 989 (0 errors)
[2022-12-17 08:24:30] INFO     Iteration 990 (0 errors)
[2022-12-17 08:24:31] INFO     Iteration 991 (0 errors)
[2022-12-17 08:24:32] INFO     Iteration 992 (0 errors)
[2022-12-17 08:24:33] INFO     Iteration 993 (0 errors)
[2022-12-17 08:24:34] INFO     Iteration 994 (0 errors)
[2022-12-17 08:24:34] INFO     Iteration 995 (0 errors)
[2022-12-17 08:24:35] INFO     Iteration 996 (0 errors)
[2022-12-17 08:24:36] INFO     Iteration 997 (0 errors)
[2022-12-17 08:24:37] INFO     Iteration 998 (0 errors)
[2022-12-17 08:24:38] INFO     Iteration 999 (0 errors)
[2022-12-17 08:24:38] INFO     Iteration 1000 (0 errors)
[2022-12-17 08:24:39] INFO     Iteration 1001 (0 errors)
[2022-12-17 08:24:40] INFO     Iteration 1002 (0 errors)
[2022-12-17 08:24:41] INFO     Iteration 1003 (0 errors)
[2022-12-17 08:24:42] INFO     Iteration 1004 (0 errors)
[2022-12-17 08:24:42] INFO     Iteration 1005 (0 errors)
[2022-12-17 08:24:43] INFO     Iteration 1006 (0 errors)
[2022-12-17 08:24:44] INFO     Iteration 1007 (0 errors)
[2022-12-17 08:24:45] INFO     Iteration 1008 (0 errors)
[2022-12-17 08:24:46] INFO     Iteration 1009 (0 errors)
[2022-12-17 08:24:46] INFO     Iteration 1010 (0 errors)
[2022-12-17 08:24:47] INFO     Iteration 1011 (0 errors)
[2022-12-17 08:24:48] INFO     Iteration 1012 (0 errors)
[2022-12-17 08:24:49] INFO     Iteration 1013 (0 errors)
[2022-12-17 08:24:50] INFO     Iteration 1014 (0 errors)
[2022-12-17 08:24:50] INFO     Iteration 1015 (0 errors)
[2022-12-17 08:24:51] INFO     Iteration 1016 (0 errors)
[2022-12-17 08:24:52] INFO     Iteration 1017 (0 errors)
[2022-12-17 08:24:53] INFO     Iteration 1018 (0 errors)
[2022-12-17 08:24:54] INFO     Iteration 1019 (0 errors)
[2022-12-17 08:24:54] INFO     Iteration 1020 (0 errors)
[2022-12-17 08:24:55] INFO     Iteration 1021 (0 errors)
[2022-12-17 08:24:56] INFO     Iteration 1022 (0 errors)
[2022-12-17 08:24:57] INFO     Iteration 1023 (0 errors)
[2022-12-17 08:24:58] INFO     Iteration 1024 (0 errors)
[2022-12-17 08:24:59] INFO     Iteration 1025 (0 errors)
[2022-12-17 08:24:59] INFO     Iteration 1026 (0 errors)
[2022-12-17 08:25:00] INFO     Iteration 1027 (0 errors)
[2022-12-17 08:25:01] INFO     Iteration 1028 (0 errors)
[2022-12-17 08:25:02] INFO     Iteration 1029 (0 errors)
[2022-12-17 08:25:03] INFO     Iteration 1030 (0 errors)
[2022-12-17 08:25:03] INFO     Iteration 1031 (0 errors)
[2022-12-17 08:25:04] INFO     Iteration 1032 (0 errors)
[2022-12-17 08:25:05] INFO     Iteration 1033 (0 errors)
[2022-12-17 08:25:06] INFO     Iteration 1034 (0 errors)
[2022-12-17 08:25:07] INFO     Iteration 1035 (0 errors)
[2022-12-17 08:25:07] INFO     Iteration 1036 (0 errors)
[2022-12-17 08:25:08] INFO     Iteration 1037 (0 errors)
[2022-12-17 08:25:09] INFO     Iteration 1038 (0 errors)
[2022-12-17 08:25:10] INFO     Iteration 1039 (0 errors)
[2022-12-17 08:25:11] INFO     Iteration 1040 (0 errors)
[2022-12-17 08:25:11] INFO     Iteration 1041 (0 errors)
[2022-12-17 08:25:12] INFO     Iteration 1042 (0 errors)
[2022-12-17 08:25:13] INFO     Iteration 1043 (0 errors)
[2022-12-17 08:25:14] INFO     Iteration 1044 (0 errors)
[2022-12-17 08:25:15] INFO     Iteration 1045 (0 errors)
[2022-12-17 08:25:16] INFO     Iteration 1046 (0 errors)
[2022-12-17 08:25:16] INFO     Iteration 1047 (0 errors)
[2022-12-17 08:25:17] INFO     Iteration 1048 (0 errors)
[2022-12-17 08:25:18] INFO     Iteration 1049 (0 errors)
[2022-12-17 08:25:19] INFO     Iteration 1050 (0 errors)
[2022-12-17 08:25:20] INFO     Iteration 1051 (0 errors)
[2022-12-17 08:25:20] INFO     Iteration 1052 (0 errors)
[2022-12-17 08:25:21] INFO     Iteration 1053 (0 errors)
[2022-12-17 08:25:22] INFO     Iteration 1054 (0 errors)
[2022-12-17 08:25:23] INFO     Iteration 1055 (0 errors)
[2022-12-17 08:25:24] INFO     Iteration 1056 (0 errors)
[2022-12-17 08:25:24] INFO     Iteration 1057 (0 errors)
[2022-12-17 08:25:25] INFO     Iteration 1058 (0 errors)
[2022-12-17 08:25:26] INFO     Iteration 1059 (0 errors)
[2022-12-17 08:25:27] INFO     Iteration 1060 (0 errors)
[2022-12-17 08:25:28] INFO     Iteration 1061 (0 errors)
[2022-12-17 08:25:28] INFO     Iteration 1062 (0 errors)
[2022-12-17 08:25:29] INFO     Iteration 1063 (0 errors)
[2022-12-17 08:25:30] INFO     Iteration 1064 (0 errors)
[2022-12-17 08:25:31] INFO     Iteration 1065 (0 errors)
[2022-12-17 08:25:32] INFO     Iteration 1066 (0 errors)
[2022-12-17 08:25:32] INFO     Iteration 1067 (0 errors)
[2022-12-17 08:25:33] INFO     Iteration 1068 (0 errors)
[2022-12-17 08:25:34] INFO     Iteration 1069 (0 errors)
[2022-12-17 08:25:35] INFO     Iteration 1070 (0 errors)
[2022-12-17 08:25:36] INFO     Iteration 1071 (0 errors)
[2022-12-17 08:25:37] INFO     Iteration 1072 (0 errors)
[2022-12-17 08:25:37] INFO     Iteration 1073 (0 errors)
[2022-12-17 08:25:38] INFO     Iteration 1074 (0 errors)
[2022-12-17 08:25:39] INFO     Iteration 1075 (0 errors)
[2022-12-17 08:25:40] INFO     Iteration 1076 (0 errors)
[2022-12-17 08:25:41] INFO     Iteration 1077 (0 errors)
[2022-12-17 08:25:41] INFO     Iteration 1078 (0 errors)
[2022-12-17 08:25:42] INFO     Iteration 1079 (0 errors)
[2022-12-17 08:25:43] INFO     Iteration 1080 (0 errors)
[2022-12-17 08:25:44] INFO     Iteration 1081 (0 errors)
[2022-12-17 08:25:45] INFO     Iteration 1082 (0 errors)
[2022-12-17 08:25:45] INFO     Iteration 1083 (0 errors)
[2022-12-17 08:25:46] INFO     Iteration 1084 (0 errors)
[2022-12-17 08:25:47] INFO     Iteration 1085 (0 errors)
[2022-12-17 08:25:48] INFO     Iteration 1086 (0 errors)
[2022-12-17 08:25:49] INFO     Iteration 1087 (0 errors)
[2022-12-17 08:25:49] INFO     Iteration 1088 (0 errors)
[2022-12-17 08:25:50] INFO     Iteration 1089 (0 errors)
[2022-12-17 08:25:51] INFO     Iteration 1090 (0 errors)
[2022-12-17 08:25:52] INFO     Iteration 1091 (0 errors)
[2022-12-17 08:25:53] INFO     Iteration 1092 (0 errors)
[2022-12-17 08:25:53] INFO     Iteration 1093 (0 errors)
[2022-12-17 08:25:54] INFO     Iteration 1094 (0 errors)
[2022-12-17 08:25:55] INFO     Iteration 1095 (0 errors)
[2022-12-17 08:25:56] INFO     Iteration 1096 (0 errors)
[2022-12-17 08:25:57] INFO     Iteration 1097 (0 errors)
[2022-12-17 08:25:58] INFO     Iteration 1098 (0 errors)
[2022-12-17 08:25:58] INFO     Iteration 1099 (0 errors)
[2022-12-17 08:25:59] INFO     Iteration 1100 (0 errors)
[2022-12-17 08:26:00] INFO     Iteration 1101 (0 errors)
[2022-12-17 08:26:01] INFO     Iteration 1102 (0 errors)
[2022-12-17 08:26:02] INFO     Iteration 1103 (0 errors)
[2022-12-17 08:26:02] INFO     Iteration 1104 (0 errors)
[2022-12-17 08:26:03] INFO     Iteration 1105 (0 errors)
[2022-12-17 08:26:04] INFO     Iteration 1106 (0 errors)
[2022-12-17 08:26:05] INFO     Iteration 1107 (0 errors)
[2022-12-17 08:26:06] INFO     Iteration 1108 (0 errors)
[2022-12-17 08:26:06] INFO     Iteration 1109 (0 errors)
[2022-12-17 08:26:07] INFO     Iteration 1110 (0 errors)
[2022-12-17 08:26:08] INFO     Iteration 1111 (0 errors)
[2022-12-17 08:26:09] INFO     Iteration 1112 (0 errors)
[2022-12-17 08:26:10] INFO     Iteration 1113 (0 errors)
[2022-12-17 08:26:10] INFO     Iteration 1114 (0 errors)
[2022-12-17 08:26:11] INFO     Iteration 1115 (0 errors)
[2022-12-17 08:26:12] INFO     Iteration 1116 (0 errors)
[2022-12-17 08:26:13] INFO     Iteration 1117 (0 errors)
[2022-12-17 08:26:14] INFO     Iteration 1118 (0 errors)
[2022-12-17 08:26:14] INFO     Iteration 1119 (0 errors)
[2022-12-17 08:26:15] INFO     Iteration 1120 (0 errors)
[2022-12-17 08:26:16] INFO     Iteration 1121 (0 errors)
[2022-12-17 08:26:17] INFO     Iteration 1122 (0 errors)
[2022-12-17 08:26:18] INFO     Iteration 1123 (0 errors)
[2022-12-17 08:26:19] INFO     Iteration 1124 (0 errors)
[2022-12-17 08:26:19] INFO     Iteration 1125 (0 errors)
[2022-12-17 08:26:20] INFO     Iteration 1126 (0 errors)
[2022-12-17 08:26:21] INFO     Iteration 1127 (0 errors)
[2022-12-17 08:26:22] INFO     Iteration 1128 (0 errors)
[2022-12-17 08:26:23] INFO     Iteration 1129 (0 errors)
[2022-12-17 08:26:23] INFO     Iteration 1130 (0 errors)
[2022-12-17 08:26:24] INFO     Iteration 1131 (0 errors)
[2022-12-17 08:26:25] INFO     Iteration 1132 (0 errors)
[2022-12-17 08:26:26] INFO     Iteration 1133 (0 errors)
[2022-12-17 08:26:27] INFO     Iteration 1134 (0 errors)
[2022-12-17 08:26:27] INFO     Iteration 1135 (0 errors)
[2022-12-17 08:26:28] INFO     Iteration 1136 (0 errors)
[2022-12-17 08:26:29] INFO     Iteration 1137 (0 errors)
[2022-12-17 08:26:30] INFO     Iteration 1138 (0 errors)
[2022-12-17 08:26:31] INFO     Iteration 1139 (0 errors)
[2022-12-17 08:26:31] INFO     Iteration 1140 (0 errors)
[2022-12-17 08:26:32] INFO     Iteration 1141 (0 errors)
[2022-12-17 08:26:33] INFO     Iteration 1142 (0 errors)
[2022-12-17 08:26:34] INFO     Iteration 1143 (0 errors)
[2022-12-17 08:26:35] INFO     Iteration 1144 (0 errors)
[2022-12-17 08:26:36] INFO     Iteration 1145 (0 errors)
[2022-12-17 08:26:36] INFO     Iteration 1146 (0 errors)
[2022-12-17 08:26:37] INFO     Iteration 1147 (0 errors)
[2022-12-17 08:26:38] INFO     Iteration 1148 (0 errors)
[2022-12-17 08:26:39] INFO     Iteration 1149 (0 errors)
[2022-12-17 08:26:40] INFO     Iteration 1150 (0 errors)
[2022-12-17 08:26:40] INFO     Iteration 1151 (0 errors)
[2022-12-17 08:26:41] INFO     Iteration 1152 (0 errors)
[2022-12-17 08:26:42] INFO     Iteration 1153 (0 errors)
[2022-12-17 08:26:43] INFO     Iteration 1154 (0 errors)
[2022-12-17 08:26:44] INFO     Iteration 1155 (0 errors)
[2022-12-17 08:26:44] INFO     Iteration 1156 (0 errors)
[2022-12-17 08:26:45] INFO     Iteration 1157 (0 errors)
[2022-12-17 08:26:46] INFO     Iteration 1158 (0 errors)
[2022-12-17 08:26:47] INFO     Iteration 1159 (0 errors)
[2022-12-17 08:26:48] INFO     Iteration 1160 (0 errors)
[2022-12-17 08:26:48] INFO     Iteration 1161 (0 errors)
[2022-12-17 08:26:49] INFO     Iteration 1162 (0 errors)
[2022-12-17 08:26:50] INFO     Iteration 1163 (0 errors)
[2022-12-17 08:26:51] INFO     Iteration 1164 (0 errors)
[2022-12-17 08:26:52] INFO     Iteration 1165 (0 errors)
[2022-12-17 08:26:52] INFO     Iteration 1166 (0 errors)
[2022-12-17 08:26:53] INFO     Iteration 1167 (0 errors)
[2022-12-17 08:26:54] INFO     Iteration 1168 (0 errors)
[2022-12-17 08:26:55] INFO     Iteration 1169 (0 errors)
[2022-12-17 08:26:56] INFO     Iteration 1170 (0 errors)
[2022-12-17 08:26:57] INFO     Iteration 1171 (0 errors)
[2022-12-17 08:26:57] INFO     Iteration 1172 (0 errors)
[2022-12-17 08:26:58] INFO     Iteration 1173 (0 errors)
[2022-12-17 08:26:59] INFO     Iteration 1174 (0 errors)
[2022-12-17 08:27:00] INFO     Iteration 1175 (0 errors)
[2022-12-17 08:27:01] INFO     Iteration 1176 (0 errors)
[2022-12-17 08:27:01] INFO     Iteration 1177 (0 errors)
[2022-12-17 08:27:02] INFO     Iteration 1178 (0 errors)
[2022-12-17 08:27:03] INFO     Iteration 1179 (0 errors)
[2022-12-17 08:27:04] INFO     Iteration 1180 (0 errors)
[2022-12-17 08:27:05] INFO     Iteration 1181 (0 errors)
[2022-12-17 08:27:05] INFO     Iteration 1182 (0 errors)
[2022-12-17 08:27:06] INFO     Iteration 1183 (0 errors)
[2022-12-17 08:27:07] INFO     Iteration 1184 (0 errors)
[2022-12-17 08:27:08] INFO     Iteration 1185 (0 errors)
[2022-12-17 08:27:09] INFO     Iteration 1186 (0 errors)
[2022-12-17 08:27:09] INFO     Iteration 1187 (0 errors)
[2022-12-17 08:27:10] INFO     Iteration 1188 (0 errors)
[2022-12-17 08:27:11] INFO     Iteration 1189 (0 errors)
[2022-12-17 08:27:12] INFO     Iteration 1190 (0 errors)
[2022-12-17 08:27:13] INFO     Iteration 1191 (0 errors)
[2022-12-17 08:27:13] INFO     Iteration 1192 (0 errors)
[2022-12-17 08:27:14] INFO     Iteration 1193 (0 errors)
[2022-12-17 08:27:15] INFO     Iteration 1194 (0 errors)
[2022-12-17 08:27:16] INFO     Iteration 1195 (0 errors)
[2022-12-17 08:27:17] INFO     Iteration 1196 (0 errors)
[2022-12-17 08:27:17] INFO     Iteration 1197 (0 errors)
[2022-12-17 08:27:18] INFO     Iteration 1198 (0 errors)
[2022-12-17 08:27:19] INFO     Iteration 1199 (0 errors)
[2022-12-17 08:27:20] INFO     Iteration 1200 (0 errors)
[2022-12-17 08:27:21] INFO     Iteration 1201 (0 errors)
[2022-12-17 08:27:22] INFO     Iteration 1202 (0 errors)
[2022-12-17 08:27:22] INFO     Iteration 1203 (0 errors)
[2022-12-17 08:27:23] INFO     Iteration 1204 (0 errors)
[2022-12-17 08:27:24] INFO     Iteration 1205 (0 errors)
[2022-12-17 08:27:25] INFO     Iteration 1206 (0 errors)
[2022-12-17 08:27:26] INFO     Iteration 1207 (0 errors)
[2022-12-17 08:27:26] INFO     Iteration 1208 (0 errors)
[2022-12-17 08:27:27] INFO     Iteration 1209 (0 errors)
[2022-12-17 08:27:28] INFO     Iteration 1210 (0 errors)
[2022-12-17 08:27:29] INFO     Iteration 1211 (0 errors)
[2022-12-17 08:27:30] INFO     Iteration 1212 (0 errors)
[2022-12-17 08:27:30] INFO     Iteration 1213 (0 errors)
[2022-12-17 08:27:31] INFO     Iteration 1214 (0 errors)
[2022-12-17 08:27:32] INFO     Iteration 1215 (0 errors)
[2022-12-17 08:27:33] INFO     Iteration 1216 (0 errors)
[2022-12-17 08:27:34] INFO     Iteration 1217 (0 errors)
[2022-12-17 08:27:34] INFO     Iteration 1218 (0 errors)
[2022-12-17 08:27:35] INFO     Iteration 1219 (0 errors)
[2022-12-17 08:27:36] INFO     Iteration 1220 (0 errors)
[2022-12-17 08:27:37] INFO     Iteration 1221 (0 errors)
[2022-12-17 08:27:38] INFO     Iteration 1222 (0 errors)
[2022-12-17 08:27:39] INFO     Iteration 1223 (0 errors)
[2022-12-17 08:27:39] INFO     Iteration 1224 (0 errors)
[2022-12-17 08:27:40] INFO     Iteration 1225 (0 errors)
[2022-12-17 08:27:41] INFO     Iteration 1226 (0 errors)
[2022-12-17 08:27:42] INFO     Iteration 1227 (0 errors)
[2022-12-17 08:27:43] INFO     Iteration 1228 (0 errors)
[2022-12-17 08:27:43] INFO     Iteration 1229 (0 errors)
[2022-12-17 08:27:44] INFO     Iteration 1230 (0 errors)
[2022-12-17 08:27:45] INFO     Iteration 1231 (0 errors)
[2022-12-17 08:27:46] INFO     Iteration 1232 (0 errors)
[2022-12-17 08:27:47] INFO     Iteration 1233 (0 errors)
[2022-12-17 08:27:47] INFO     Iteration 1234 (0 errors)
[2022-12-17 08:27:48] INFO     Iteration 1235 (0 errors)
[2022-12-17 08:27:49] INFO     Iteration 1236 (0 errors)
[2022-12-17 08:27:50] INFO     Iteration 1237 (0 errors)
[2022-12-17 08:27:51] INFO     Iteration 1238 (0 errors)
[2022-12-17 08:27:51] INFO     Iteration 1239 (0 errors)
[2022-12-17 08:27:52] INFO     Iteration 1240 (0 errors)
[2022-12-17 08:27:53] INFO     Iteration 1241 (0 errors)
[2022-12-17 08:27:54] INFO     Iteration 1242 (0 errors)
[2022-12-17 08:27:55] INFO     Iteration 1243 (0 errors)
[2022-12-17 08:27:56] INFO     Iteration 1244 (0 errors)
[2022-12-17 08:27:56] INFO     Iteration 1245 (0 errors)
[2022-12-17 08:27:57] INFO     Iteration 1246 (0 errors)
[2022-12-17 08:27:58] INFO     Iteration 1247 (0 errors)
[2022-12-17 08:27:59] INFO     Iteration 1248 (0 errors)
[2022-12-17 08:28:00] INFO     Iteration 1249 (0 errors)
[2022-12-17 08:28:00] INFO     Iteration 1250 (0 errors)
[2022-12-17 08:28:01] INFO     Iteration 1251 (0 errors)
[2022-12-17 08:28:02] INFO     Iteration 1252 (0 errors)
[2022-12-17 08:28:03] INFO     Iteration 1253 (0 errors)
[2022-12-17 08:28:04] INFO     Iteration 1254 (0 errors)
[2022-12-17 08:28:04] INFO     Iteration 1255 (0 errors)
[2022-12-17 08:28:05] INFO     Iteration 1256 (0 errors)
[2022-12-17 08:28:06] INFO     Iteration 1257 (0 errors)
[2022-12-17 08:28:07] INFO     Iteration 1258 (0 errors)
[2022-12-17 08:28:08] INFO     Iteration 1259 (0 errors)
[2022-12-17 08:28:08] INFO     Iteration 1260 (0 errors)
[2022-12-17 08:28:09] INFO     Iteration 1261 (0 errors)
[2022-12-17 08:28:10] INFO     Iteration 1262 (0 errors)
[2022-12-17 08:28:11] INFO     Iteration 1263 (0 errors)
[2022-12-17 08:28:12] INFO     Iteration 1264 (0 errors)
[2022-12-17 08:28:13] INFO     Iteration 1265 (0 errors)
[2022-12-17 08:28:13] INFO     Iteration 1266 (0 errors)
[2022-12-17 08:28:14] INFO     Iteration 1267 (0 errors)
[2022-12-17 08:28:15] INFO     Iteration 1268 (0 errors)
[2022-12-17 08:28:16] INFO     Iteration 1269 (0 errors)
[2022-12-17 08:28:17] INFO     Iteration 1270 (0 errors)
[2022-12-17 08:28:17] INFO     Iteration 1271 (0 errors)
[2022-12-17 08:28:18] INFO     Iteration 1272 (0 errors)
[2022-12-17 08:28:19] INFO     Iteration 1273 (0 errors)
[2022-12-17 08:28:20] INFO     Iteration 1274 (0 errors)
[2022-12-17 08:28:21] INFO     Iteration 1275 (0 errors)
[2022-12-17 08:28:21] INFO     Iteration 1276 (0 errors)
[2022-12-17 08:28:22] INFO     Iteration 1277 (0 errors)
[2022-12-17 08:28:23] INFO     Iteration 1278 (0 errors)
[2022-12-17 08:28:24] INFO     Iteration 1279 (0 errors)
[2022-12-17 08:28:25] INFO     Iteration 1280 (0 errors)
[2022-12-17 08:28:25] INFO     Iteration 1281 (0 errors)
[2022-12-17 08:28:26] INFO     Iteration 1282 (0 errors)
[2022-12-17 08:28:27] INFO     Iteration 1283 (0 errors)
[2022-12-17 08:28:28] INFO     Iteration 1284 (0 errors)
[2022-12-17 08:28:29] INFO     Iteration 1285 (0 errors)
[2022-12-17 08:28:29] INFO     Iteration 1286 (0 errors)
[2022-12-17 08:28:30] INFO     Iteration 1287 (0 errors)
[2022-12-17 08:28:31] INFO     Iteration 1288 (0 errors)
[2022-12-17 08:28:32] INFO     Iteration 1289 (0 errors)
[2022-12-17 08:28:33] INFO     Iteration 1290 (0 errors)
[2022-12-17 08:28:33] INFO     Iteration 1291 (0 errors)
[2022-12-17 08:28:34] INFO     Iteration 1292 (0 errors)
[2022-12-17 08:28:35] INFO     Iteration 1293 (0 errors)
[2022-12-17 08:28:36] INFO     Iteration 1294 (0 errors)
[2022-12-17 08:28:37] INFO     Iteration 1295 (0 errors)
[2022-12-17 08:28:38] INFO     Iteration 1296 (0 errors)
[2022-12-17 08:28:38] INFO     Iteration 1297 (0 errors)
[2022-12-17 08:28:39] INFO     Iteration 1298 (0 errors)
[2022-12-17 08:28:40] INFO     Iteration 1299 (0 errors)
[2022-12-17 08:28:41] INFO     Iteration 1300 (0 errors)
[2022-12-17 08:28:42] INFO     Iteration 1301 (0 errors)
[2022-12-17 08:28:42] INFO     Iteration 1302 (0 errors)
[2022-12-17 08:28:43] INFO     Iteration 1303 (0 errors)
[2022-12-17 08:28:44] INFO     Iteration 1304 (0 errors)
[2022-12-17 08:28:45] INFO     Iteration 1305 (0 errors)
[2022-12-17 08:28:46] INFO     Iteration 1306 (0 errors)
[2022-12-17 08:28:46] INFO     Iteration 1307 (0 errors)
[2022-12-17 08:28:47] INFO     Iteration 1308 (0 errors)
[2022-12-17 08:28:48] INFO     Iteration 1309 (0 errors)
[2022-12-17 08:28:49] INFO     Iteration 1310 (0 errors)
[2022-12-17 08:28:50] INFO     Iteration 1311 (0 errors)
[2022-12-17 08:28:50] INFO     Iteration 1312 (0 errors)
[2022-12-17 08:28:51] INFO     Iteration 1313 (0 errors)
[2022-12-17 08:28:52] INFO     Iteration 1314 (0 errors)
[2022-12-17 08:28:53] INFO     Iteration 1315 (0 errors)
[2022-12-17 08:28:54] INFO     Iteration 1316 (0 errors)
[2022-12-17 08:28:54] INFO     Iteration 1317 (0 errors)
[2022-12-17 08:28:55] INFO     Iteration 1318 (0 errors)
[2022-12-17 08:28:56] INFO     Iteration 1319 (0 errors)
[2022-12-17 08:28:57] INFO     Iteration 1320 (0 errors)
[2022-12-17 08:28:58] INFO     Iteration 1321 (0 errors)
[2022-12-17 08:28:58] INFO     Iteration 1322 (0 errors)
[2022-12-17 08:28:59] INFO     Iteration 1323 (0 errors)
[2022-12-17 08:29:00] INFO     Iteration 1324 (0 errors)
[2022-12-17 08:29:01] INFO     Iteration 1325 (0 errors)
[2022-12-17 08:29:02] INFO     Iteration 1326 (0 errors)
[2022-12-17 08:29:02] INFO     Iteration 1327 (0 errors)
[2022-12-17 08:29:03] INFO     Iteration 1328 (0 errors)
[2022-12-17 08:29:04] INFO     Iteration 1329 (0 errors)
[2022-12-17 08:29:05] INFO     Iteration 1330 (0 errors)
[2022-12-17 08:29:06] INFO     Iteration 1331 (0 errors)
[2022-12-17 08:29:07] INFO     Iteration 1332 (0 errors)
[2022-12-17 08:29:07] INFO     Iteration 1333 (0 errors)
[2022-12-17 08:29:08] INFO     Iteration 1334 (0 errors)
[2022-12-17 08:29:09] INFO     Iteration 1335 (0 errors)
[2022-12-17 08:29:10] INFO     Iteration 1336 (0 errors)
[2022-12-17 08:29:11] INFO     Iteration 1337 (0 errors)
[2022-12-17 08:29:11] INFO     Iteration 1338 (0 errors)
[2022-12-17 08:29:12] INFO     Iteration 1339 (0 errors)
[2022-12-17 08:29:13] INFO     Iteration 1340 (0 errors)
[2022-12-17 08:29:14] INFO     Iteration 1341 (0 errors)
[2022-12-17 08:29:15] INFO     Iteration 1342 (0 errors)
[2022-12-17 08:29:15] INFO     Iteration 1343 (0 errors)
[2022-12-17 08:29:16] INFO     Iteration 1344 (0 errors)
[2022-12-17 08:29:17] INFO     Iteration 1345 (0 errors)
[2022-12-17 08:29:18] INFO     Iteration 1346 (0 errors)
[2022-12-17 08:29:19] INFO     Iteration 1347 (0 errors)
[2022-12-17 08:29:19] INFO     Iteration 1348 (0 errors)
[2022-12-17 08:29:20] INFO     Iteration 1349 (0 errors)
[2022-12-17 08:29:21] INFO     Iteration 1350 (0 errors)
[2022-12-17 08:29:22] INFO     Iteration 1351 (0 errors)
[2022-12-17 08:29:23] INFO     Iteration 1352 (0 errors)
[2022-12-17 08:29:24] INFO     Iteration 1353 (0 errors)
[2022-12-17 08:29:24] INFO     Iteration 1354 (0 errors)
[2022-12-17 08:29:25] INFO     Iteration 1355 (0 errors)
[2022-12-17 08:29:26] INFO     Iteration 1356 (0 errors)
[2022-12-17 08:29:27] INFO     Iteration 1357 (0 errors)
[2022-12-17 08:29:28] INFO     Iteration 1358 (0 errors)
[2022-12-17 08:29:28] INFO     Iteration 1359 (0 errors)
[2022-12-17 08:29:29] INFO     Iteration 1360 (0 errors)
[2022-12-17 08:29:30] INFO     Iteration 1361 (0 errors)
[2022-12-17 08:29:31] INFO     Iteration 1362 (0 errors)
[2022-12-17 08:29:32] INFO     Iteration 1363 (0 errors)
[2022-12-17 08:29:32] INFO     Iteration 1364 (0 errors)
[2022-12-17 08:29:33] INFO     Iteration 1365 (0 errors)
[2022-12-17 08:29:34] INFO     Iteration 1366 (0 errors)
[2022-12-17 08:29:35] INFO     Iteration 1367 (0 errors)
[2022-12-17 08:29:36] INFO     Iteration 1368 (0 errors)
[2022-12-17 08:29:36] INFO     Iteration 1369 (0 errors)
[2022-12-17 08:29:37] INFO     Iteration 1370 (0 errors)
[2022-12-17 08:29:38] INFO     Iteration 1371 (0 errors)
[2022-12-17 08:29:39] INFO     Iteration 1372 (0 errors)
[2022-12-17 08:29:40] INFO     Iteration 1373 (0 errors)
[2022-12-17 08:29:41] INFO     Iteration 1374 (0 errors)
[2022-12-17 08:29:41] INFO     Iteration 1375 (0 errors)
[2022-12-17 08:29:42] INFO     Iteration 1376 (0 errors)
[2022-12-17 08:29:43] INFO     Iteration 1377 (0 errors)
[2022-12-17 08:29:44] INFO     Iteration 1378 (0 errors)
[2022-12-17 08:29:45] INFO     Iteration 1379 (0 errors)
[2022-12-17 08:29:45] INFO     Iteration 1380 (0 errors)
[2022-12-17 08:29:46] INFO     Iteration 1381 (0 errors)
[2022-12-17 08:29:47] INFO     Iteration 1382 (0 errors)
[2022-12-17 08:29:48] INFO     Iteration 1383 (0 errors)
[2022-12-17 08:29:49] INFO     Iteration 1384 (0 errors)
[2022-12-17 08:29:49] INFO     Iteration 1385 (0 errors)
[2022-12-17 08:29:50] INFO     Iteration 1386 (0 errors)
[2022-12-17 08:29:51] INFO     Iteration 1387 (0 errors)
[2022-12-17 08:29:52] INFO     Iteration 1388 (0 errors)
[2022-12-17 08:29:53] INFO     Iteration 1389 (0 errors)
[2022-12-17 08:29:53] INFO     Iteration 1390 (0 errors)
[2022-12-17 08:29:54] INFO     Iteration 1391 (0 errors)
[2022-12-17 08:29:55] INFO     Iteration 1392 (0 errors)
[2022-12-17 08:29:56] INFO     Iteration 1393 (0 errors)
[2022-12-17 08:29:57] INFO     Iteration 1394 (0 errors)
[2022-12-17 08:29:57] INFO     Iteration 1395 (0 errors)
[2022-12-17 08:29:58] INFO     Iteration 1396 (0 errors)
[2022-12-17 08:29:59] INFO     Iteration 1397 (0 errors)
[2022-12-17 08:30:00] INFO     Iteration 1398 (0 errors)
[2022-12-17 08:30:01] INFO     Iteration 1399 (0 errors)
[2022-12-17 08:30:02] INFO     Iteration 1400 (0 errors)
[2022-12-17 08:30:02] INFO     Iteration 1401 (0 errors)
[2022-12-17 08:30:03] INFO     Iteration 1402 (0 errors)
[2022-12-17 08:30:04] INFO     Iteration 1403 (0 errors)
[2022-12-17 08:30:05] INFO     Iteration 1404 (0 errors)
[2022-12-17 08:30:06] INFO     Iteration 1405 (0 errors)
[2022-12-17 08:30:06] INFO     Iteration 1406 (0 errors)
[2022-12-17 08:30:07] INFO     Iteration 1407 (0 errors)
[2022-12-17 08:30:08] INFO     Iteration 1408 (0 errors)
[2022-12-17 08:30:09] INFO     Iteration 1409 (0 errors)
[2022-12-17 08:30:10] INFO     Iteration 1410 (0 errors)
[2022-12-17 08:30:10] INFO     Iteration 1411 (0 errors)
[2022-12-17 08:30:11] INFO     Iteration 1412 (0 errors)
[2022-12-17 08:30:12] INFO     Iteration 1413 (0 errors)
[2022-12-17 08:30:13] INFO     Iteration 1414 (0 errors)
[2022-12-17 08:30:14] INFO     Iteration 1415 (0 errors)
[2022-12-17 08:30:14] INFO     Iteration 1416 (0 errors)
[2022-12-17 08:30:15] INFO     Iteration 1417 (0 errors)
[2022-12-17 08:30:16] INFO     Iteration 1418 (0 errors)
[2022-12-17 08:30:17] INFO     Iteration 1419 (0 errors)
[2022-12-17 08:30:18] INFO     Iteration 1420 (0 errors)
[2022-12-17 08:30:18] INFO     Iteration 1421 (0 errors)
[2022-12-17 08:30:19] INFO     Iteration 1422 (0 errors)
[2022-12-17 08:30:20] INFO     Iteration 1423 (0 errors)
[2022-12-17 08:30:21] INFO     Iteration 1424 (0 errors)
[2022-12-17 08:30:22] INFO     Iteration 1425 (0 errors)
[2022-12-17 08:30:23] INFO     Iteration 1426 (0 errors)
[2022-12-17 08:30:23] INFO     Iteration 1427 (0 errors)
[2022-12-17 08:30:24] INFO     Iteration 1428 (0 errors)
[2022-12-17 08:30:25] INFO     Iteration 1429 (0 errors)
[2022-12-17 08:30:26] INFO     Iteration 1430 (0 errors)
[2022-12-17 08:30:27] INFO     Iteration 1431 (0 errors)
[2022-12-17 08:30:27] INFO     Iteration 1432 (0 errors)
[2022-12-17 08:30:28] INFO     Iteration 1433 (0 errors)
[2022-12-17 08:30:29] INFO     Iteration 1434 (0 errors)
[2022-12-17 08:30:30] INFO     Iteration 1435 (0 errors)
[2022-12-17 08:30:31] INFO     Iteration 1436 (0 errors)
[2022-12-17 08:30:31] INFO     Iteration 1437 (0 errors)
[2022-12-17 08:30:32] INFO     Iteration 1438 (0 errors)
[2022-12-17 08:30:33] INFO     Iteration 1439 (0 errors)
[2022-12-17 08:30:34] INFO     Iteration 1440 (0 errors)
[2022-12-17 08:30:35] INFO     Iteration 1441 (0 errors)
[2022-12-17 08:30:35] INFO     Iteration 1442 (0 errors)
[2022-12-17 08:30:36] INFO     Iteration 1443 (0 errors)
[2022-12-17 08:30:37] INFO     Iteration 1444 (0 errors)
[2022-12-17 08:30:38] INFO     Iteration 1445 (0 errors)
[2022-12-17 08:30:39] INFO     Iteration 1446 (0 errors)
[2022-12-17 08:30:40] INFO     Iteration 1447 (0 errors)
[2022-12-17 08:30:40] INFO     Iteration 1448 (0 errors)
[2022-12-17 08:30:41] INFO     Iteration 1449 (0 errors)
[2022-12-17 08:30:42] INFO     Iteration 1450 (0 errors)
[2022-12-17 08:30:43] INFO     Iteration 1451 (0 errors)
[2022-12-17 08:30:44] INFO     Iteration 1452 (0 errors)
[2022-12-17 08:30:44] INFO     Iteration 1453 (0 errors)
[2022-12-17 08:30:45] INFO     Iteration 1454 (0 errors)
[2022-12-17 08:30:46] INFO     Iteration 1455 (0 errors)
[2022-12-17 08:30:47] INFO     Iteration 1456 (0 errors)
[2022-12-17 08:30:48] INFO     Iteration 1457 (0 errors)
[2022-12-17 08:30:48] INFO     Iteration 1458 (0 errors)
[2022-12-17 08:30:49] INFO     Iteration 1459 (0 errors)
[2022-12-17 08:30:50] INFO     Iteration 1460 (0 errors)
[2022-12-17 08:30:51] INFO     Iteration 1461 (0 errors)
[2022-12-17 08:30:52] INFO     Iteration 1462 (0 errors)
[2022-12-17 08:30:52] INFO     Iteration 1463 (0 errors)
[2022-12-17 08:30:53] INFO     Iteration 1464 (0 errors)
[2022-12-17 08:30:54] INFO     Iteration 1465 (0 errors)
[2022-12-17 08:30:55] INFO     Iteration 1466 (0 errors)
[2022-12-17 08:30:56] INFO     Iteration 1467 (0 errors)
[2022-12-17 08:30:56] INFO     Iteration 1468 (0 errors)
[2022-12-17 08:30:57] INFO     Iteration 1469 (0 errors)
[2022-12-17 08:30:58] INFO     Iteration 1470 (0 errors)
[2022-12-17 08:30:59] INFO     Iteration 1471 (0 errors)
[2022-12-17 08:31:00] INFO     Iteration 1472 (0 errors)
[2022-12-17 08:31:00] INFO     Iteration 1473 (0 errors)
[2022-12-17 08:31:01] INFO     Iteration 1474 (0 errors)
[2022-12-17 08:31:02] INFO     Iteration 1475 (0 errors)
[2022-12-17 08:31:03] INFO     Iteration 1476 (0 errors)
[2022-12-17 08:31:04] INFO     Iteration 1477 (0 errors)
[2022-12-17 08:31:05] INFO     Iteration 1478 (0 errors)
[2022-12-17 08:31:05] INFO     Iteration 1479 (0 errors)
[2022-12-17 08:31:06] INFO     Iteration 1480 (0 errors)
[2022-12-17 08:31:07] INFO     Iteration 1481 (0 errors)
[2022-12-17 08:31:08] INFO     Iteration 1482 (0 errors)
[2022-12-17 08:31:09] INFO     Iteration 1483 (0 errors)
[2022-12-17 08:31:09] INFO     Iteration 1484 (0 errors)
[2022-12-17 08:31:10] INFO     Iteration 1485 (0 errors)
[2022-12-17 08:31:11] INFO     Iteration 1486 (0 errors)
[2022-12-17 08:31:12] INFO     Iteration 1487 (0 errors)
[2022-12-17 08:31:13] INFO     Iteration 1488 (0 errors)
[2022-12-17 08:31:13] INFO     Iteration 1489 (0 errors)
[2022-12-17 08:31:14] INFO     Iteration 1490 (0 errors)
[2022-12-17 08:31:15] INFO     Iteration 1491 (0 errors)
[2022-12-17 08:31:16] INFO     Iteration 1492 (0 errors)
[2022-12-17 08:31:17] INFO     Iteration 1493 (0 errors)
[2022-12-17 08:31:17] INFO     Iteration 1494 (0 errors)
[2022-12-17 08:31:18] INFO     Iteration 1495 (0 errors)
[2022-12-17 08:31:19] INFO     Iteration 1496 (0 errors)
[2022-12-17 08:31:20] INFO     Iteration 1497 (0 errors)
[2022-12-17 08:31:21] INFO     Iteration 1498 (0 errors)
[2022-12-17 08:31:21] INFO     Iteration 1499 (0 errors)
[2022-12-17 08:31:22] INFO     Iteration 1500 (0 errors)
[2022-12-17 08:31:23] INFO     Iteration 1501 (0 errors)
[2022-12-17 08:31:24] INFO     Iteration 1502 (0 errors)
[2022-12-17 08:31:25] INFO     Iteration 1503 (0 errors)
[2022-12-17 08:31:26] INFO     Iteration 1504 (0 errors)
[2022-12-17 08:31:26] INFO     Iteration 1505 (0 errors)
[2022-12-17 08:31:27] INFO     Iteration 1506 (0 errors)
[2022-12-17 08:31:28] INFO     Iteration 1507 (0 errors)
[2022-12-17 08:31:29] INFO     Iteration 1508 (0 errors)
[2022-12-17 08:31:30] INFO     Iteration 1509 (0 errors)
[2022-12-17 08:31:30] INFO     Iteration 1510 (0 errors)
[2022-12-17 08:31:31] INFO     Iteration 1511 (0 errors)
[2022-12-17 08:31:32] INFO     Iteration 1512 (0 errors)
[2022-12-17 08:31:33] INFO     Iteration 1513 (0 errors)
[2022-12-17 08:31:34] INFO     Iteration 1514 (0 errors)
[2022-12-17 08:31:34] INFO     Iteration 1515 (0 errors)
[2022-12-17 08:31:35] INFO     Iteration 1516 (0 errors)
[2022-12-17 08:31:36] INFO     Iteration 1517 (0 errors)
[2022-12-17 08:31:37] INFO     Iteration 1518 (0 errors)
[2022-12-17 08:31:38] INFO     Iteration 1519 (0 errors)
[2022-12-17 08:31:38] INFO     Iteration 1520 (0 errors)
[2022-12-17 08:31:39] INFO     Iteration 1521 (0 errors)
[2022-12-17 08:31:40] INFO     Iteration 1522 (0 errors)
[2022-12-17 08:31:41] INFO     Iteration 1523 (0 errors)
[2022-12-17 08:31:42] INFO     Iteration 1524 (0 errors)
[2022-12-17 08:31:42] INFO     Iteration 1525 (0 errors)
[2022-12-17 08:31:43] INFO     Iteration 1526 (0 errors)
[2022-12-17 08:31:44] INFO     Iteration 1527 (0 errors)
[2022-12-17 08:31:45] INFO     Iteration 1528 (0 errors)
[2022-12-17 08:31:46] INFO     Iteration 1529 (0 errors)
[2022-12-17 08:31:47] INFO     Iteration 1530 (0 errors)
[2022-12-17 08:31:47] INFO     Iteration 1531 (0 errors)
[2022-12-17 08:31:48] INFO     Iteration 1532 (0 errors)
[2022-12-17 08:31:49] INFO     Iteration 1533 (0 errors)
[2022-12-17 08:31:50] INFO     Iteration 1534 (0 errors)
[2022-12-17 08:31:51] INFO     Iteration 1535 (0 errors)
[2022-12-17 08:31:51] INFO     Iteration 1536 (0 errors)
[2022-12-17 08:31:52] INFO     Iteration 1537 (0 errors)
[2022-12-17 08:31:53] INFO     Iteration 1538 (0 errors)
[2022-12-17 08:31:54] INFO     Iteration 1539 (0 errors)
[2022-12-17 08:31:55] INFO     Iteration 1540 (0 errors)
[2022-12-17 08:31:55] INFO     Iteration 1541 (0 errors)
[2022-12-17 08:31:56] INFO     Iteration 1542 (0 errors)
[2022-12-17 08:31:57] INFO     Iteration 1543 (0 errors)
[2022-12-17 08:31:58] INFO     Iteration 1544 (0 errors)
[2022-12-17 08:31:59] INFO     Iteration 1545 (0 errors)
[2022-12-17 08:31:59] INFO     Iteration 1546 (0 errors)
[2022-12-17 08:32:00] INFO     Iteration 1547 (0 errors)
[2022-12-17 08:32:01] INFO     Iteration 1548 (0 errors)
[2022-12-17 08:32:02] INFO     Iteration 1549 (0 errors)
[2022-12-17 08:32:03] INFO     Iteration 1550 (0 errors)
[2022-12-17 08:32:03] INFO     Iteration 1551 (0 errors)
[2022-12-17 08:32:04] INFO     Iteration 1552 (0 errors)
[2022-12-17 08:32:05] INFO     Iteration 1553 (0 errors)
[2022-12-17 08:32:06] INFO     Iteration 1554 (0 errors)
[2022-12-17 08:32:07] INFO     Iteration 1555 (0 errors)
[2022-12-17 08:32:08] INFO     Iteration 1556 (0 errors)
[2022-12-17 08:32:08] INFO     Iteration 1557 (0 errors)
[2022-12-17 08:32:09] INFO     Iteration 1558 (0 errors)
[2022-12-17 08:32:10] INFO     Iteration 1559 (0 errors)
[2022-12-17 08:32:11] INFO     Iteration 1560 (0 errors)
[2022-12-17 08:32:12] INFO     Iteration 1561 (0 errors)
[2022-12-17 08:32:12] INFO     Iteration 1562 (0 errors)
[2022-12-17 08:32:13] INFO     Iteration 1563 (0 errors)
[2022-12-17 08:32:14] INFO     Iteration 1564 (0 errors)
[2022-12-17 08:32:15] INFO     Iteration 1565 (0 errors)
[2022-12-17 08:32:16] INFO     Iteration 1566 (0 errors)
[2022-12-17 08:32:16] INFO     Iteration 1567 (0 errors)
[2022-12-17 08:32:17] INFO     Iteration 1568 (0 errors)
[2022-12-17 08:32:18] INFO     Iteration 1569 (0 errors)
[2022-12-17 08:32:19] INFO     Iteration 1570 (0 errors)
[2022-12-17 08:32:20] INFO     Iteration 1571 (0 errors)
[2022-12-17 08:32:20] INFO     Iteration 1572 (0 errors)
[2022-12-17 08:32:21] INFO     Iteration 1573 (0 errors)
[2022-12-17 08:32:22] INFO     Iteration 1574 (0 errors)
[2022-12-17 08:32:23] INFO     Iteration 1575 (0 errors)
[2022-12-17 08:32:24] INFO     Iteration 1576 (0 errors)
[2022-12-17 08:32:25] INFO     Iteration 1577 (0 errors)
[2022-12-17 08:32:25] INFO     Iteration 1578 (0 errors)
[2022-12-17 08:32:26] INFO     Iteration 1579 (0 errors)
[2022-12-17 08:32:27] INFO     Iteration 1580 (0 errors)
[2022-12-17 08:32:28] INFO     Iteration 1581 (0 errors)
[2022-12-17 08:32:29] INFO     Iteration 1582 (0 errors)
[2022-12-17 08:32:29] INFO     Iteration 1583 (0 errors)
[2022-12-17 08:32:30] INFO     Iteration 1584 (0 errors)
[2022-12-17 08:32:31] INFO     Iteration 1585 (0 errors)
[2022-12-17 08:32:32] INFO     Iteration 1586 (0 errors)
[2022-12-17 08:32:33] INFO     Iteration 1587 (0 errors)
[2022-12-17 08:32:33] INFO     Iteration 1588 (0 errors)
[2022-12-17 08:32:34] INFO     Iteration 1589 (0 errors)
[2022-12-17 08:32:35] INFO     Iteration 1590 (0 errors)
[2022-12-17 08:32:36] INFO     Iteration 1591 (0 errors)
[2022-12-17 08:32:37] INFO     Iteration 1592 (0 errors)
[2022-12-17 08:32:37] INFO     Iteration 1593 (0 errors)
[2022-12-17 08:32:38] INFO     Iteration 1594 (0 errors)
[2022-12-17 08:32:39] INFO     Iteration 1595 (0 errors)
[2022-12-17 08:32:40] INFO     Iteration 1596 (0 errors)
[2022-12-17 08:32:41] INFO     Iteration 1597 (0 errors)
[2022-12-17 08:32:41] INFO     Iteration 1598 (0 errors)
[2022-12-17 08:32:42] INFO     Iteration 1599 (0 errors)
[2022-12-17 08:32:43] INFO     Iteration 1600 (0 errors)
[2022-12-17 08:32:44] INFO     Iteration 1601 (0 errors)
[2022-12-17 08:32:45] INFO     Iteration 1602 (0 errors)
[2022-12-17 08:32:45] INFO     Iteration 1603 (0 errors)
[2022-12-17 08:32:46] INFO     Iteration 1604 (0 errors)
[2022-12-17 08:32:47] INFO     Iteration 1605 (0 errors)
[2022-12-17 08:32:48] INFO     Iteration 1606 (0 errors)
[2022-12-17 08:32:49] INFO     Iteration 1607 (0 errors)
[2022-12-17 08:32:50] INFO     Iteration 1608 (0 errors)
[2022-12-17 08:32:50] INFO     Iteration 1609 (0 errors)
[2022-12-17 08:32:51] INFO     Iteration 1610 (0 errors)
[2022-12-17 08:32:52] INFO     Iteration 1611 (0 errors)
[2022-12-17 08:32:53] INFO     Iteration 1612 (0 errors)
[2022-12-17 08:32:54] INFO     Iteration 1613 (0 errors)
[2022-12-17 08:32:54] INFO     Iteration 1614 (0 errors)
[2022-12-17 08:32:55] INFO     Iteration 1615 (0 errors)
[2022-12-17 08:32:56] INFO     Iteration 1616 (0 errors)
[2022-12-17 08:32:57] INFO     Iteration 1617 (0 errors)
[2022-12-17 08:32:58] INFO     Iteration 1618 (0 errors)
[2022-12-17 08:32:58] INFO     Iteration 1619 (0 errors)
[2022-12-17 08:32:59] INFO     Iteration 1620 (0 errors)
[2022-12-17 08:33:00] INFO     Iteration 1621 (0 errors)
[2022-12-17 08:33:01] INFO     Iteration 1622 (0 errors)
[2022-12-17 08:33:02] INFO     Iteration 1623 (0 errors)
[2022-12-17 08:33:02] INFO     Iteration 1624 (0 errors)
[2022-12-17 08:33:03] INFO     Iteration 1625 (0 errors)
[2022-12-17 08:33:04] INFO     Iteration 1626 (0 errors)
[2022-12-17 08:33:05] INFO     Iteration 1627 (0 errors)
[2022-12-17 08:33:06] INFO     Iteration 1628 (0 errors)
[2022-12-17 08:33:06] INFO     Iteration 1629 (0 errors)
[2022-12-17 08:33:07] INFO     Iteration 1630 (0 errors)
[2022-12-17 08:33:08] INFO     Iteration 1631 (0 errors)
[2022-12-17 08:33:09] INFO     Iteration 1632 (0 errors)
[2022-12-17 08:33:10] INFO     Iteration 1633 (0 errors)
[2022-12-17 08:33:11] INFO     Iteration 1634 (0 errors)
[2022-12-17 08:33:11] INFO     Iteration 1635 (0 errors)
[2022-12-17 08:33:12] INFO     Iteration 1636 (0 errors)
[2022-12-17 08:33:13] INFO     Iteration 1637 (0 errors)
[2022-12-17 08:33:14] INFO     Iteration 1638 (0 errors)
[2022-12-17 08:33:15] INFO     Iteration 1639 (0 errors)
[2022-12-17 08:33:15] INFO     Iteration 1640 (0 errors)
[2022-12-17 08:33:16] INFO     Iteration 1641 (0 errors)
[2022-12-17 08:33:17] INFO     Iteration 1642 (0 errors)
[2022-12-17 08:33:18] INFO     Iteration 1643 (0 errors)
[2022-12-17 08:33:19] INFO     Iteration 1644 (0 errors)
[2022-12-17 08:33:19] INFO     Iteration 1645 (0 errors)
[2022-12-17 08:33:20] INFO     Iteration 1646 (0 errors)
[2022-12-17 08:33:21] INFO     Iteration 1647 (0 errors)
[2022-12-17 08:33:22] INFO     Iteration 1648 (0 errors)
[2022-12-17 08:33:23] INFO     Iteration 1649 (0 errors)
[2022-12-17 08:33:23] INFO     Iteration 1650 (0 errors)
[2022-12-17 08:33:24] INFO     Iteration 1651 (0 errors)
[2022-12-17 08:33:25] INFO     Iteration 1652 (0 errors)
[2022-12-17 08:33:26] INFO     Iteration 1653 (0 errors)
[2022-12-17 08:33:27] INFO     Iteration 1654 (0 errors)
[2022-12-17 08:33:27] INFO     Iteration 1655 (0 errors)
[2022-12-17 08:33:28] INFO     Iteration 1656 (0 errors)
[2022-12-17 08:33:29] INFO     Iteration 1657 (0 errors)
[2022-12-17 08:33:30] INFO     Iteration 1658 (0 errors)
[2022-12-17 08:33:31] INFO     Iteration 1659 (0 errors)
[2022-12-17 08:33:31] INFO     Iteration 1660 (0 errors)
[2022-12-17 08:33:32] INFO     Iteration 1661 (0 errors)
[2022-12-17 08:33:33] INFO     Iteration 1662 (0 errors)
[2022-12-17 08:33:34] INFO     Iteration 1663 (0 errors)
[2022-12-17 08:33:35] INFO     Iteration 1664 (0 errors)
[2022-12-17 08:33:35] INFO     Iteration 1665 (0 errors)
[2022-12-17 08:33:36] INFO     Iteration 1666 (0 errors)
[2022-12-17 08:33:37] INFO     Iteration 1667 (0 errors)
[2022-12-17 08:33:38] INFO     Iteration 1668 (0 errors)
[2022-12-17 08:33:39] INFO     Iteration 1669 (0 errors)
[2022-12-17 08:33:40] INFO     Iteration 1670 (0 errors)
[2022-12-17 08:33:40] INFO     Iteration 1671 (0 errors)
[2022-12-17 08:33:41] INFO     Iteration 1672 (0 errors)
[2022-12-17 08:33:42] INFO     Iteration 1673 (0 errors)
[2022-12-17 08:33:43] INFO     Iteration 1674 (0 errors)
[2022-12-17 08:33:44] INFO     Iteration 1675 (0 errors)
[2022-12-17 08:33:44] INFO     Iteration 1676 (0 errors)
[2022-12-17 08:33:45] INFO     Iteration 1677 (0 errors)
[2022-12-17 08:33:46] INFO     Iteration 1678 (0 errors)
[2022-12-17 08:33:47] INFO     Iteration 1679 (0 errors)
[2022-12-17 08:33:48] INFO     Iteration 1680 (0 errors)
[2022-12-17 08:33:48] INFO     Iteration 1681 (0 errors)
[2022-12-17 08:33:49] INFO     Iteration 1682 (0 errors)
[2022-12-17 08:33:50] INFO     Iteration 1683 (0 errors)
[2022-12-17 08:33:51] INFO     Iteration 1684 (0 errors)
[2022-12-17 08:33:52] INFO     Iteration 1685 (0 errors)
[2022-12-17 08:33:52] INFO     Iteration 1686 (0 errors)
[2022-12-17 08:33:53] INFO     Iteration 1687 (0 errors)
[2022-12-17 08:33:54] INFO     Iteration 1688 (0 errors)
[2022-12-17 08:33:55] INFO     Iteration 1689 (0 errors)
[2022-12-17 08:33:56] INFO     Iteration 1690 (0 errors)
[2022-12-17 08:33:56] INFO     Iteration 1691 (0 errors)
[2022-12-17 08:33:57] INFO     Iteration 1692 (0 errors)
[2022-12-17 08:33:58] INFO     Iteration 1693 (0 errors)
[2022-12-17 08:33:59] INFO     Iteration 1694 (0 errors)
[2022-12-17 08:34:00] INFO     Iteration 1695 (0 errors)
[2022-12-17 08:34:01] INFO     Iteration 1696 (0 errors)
[2022-12-17 08:34:01] INFO     Iteration 1697 (0 errors)
[2022-12-17 08:34:02] INFO     Iteration 1698 (0 errors)
[2022-12-17 08:34:03] INFO     Iteration 1699 (0 errors)
[2022-12-17 08:34:04] INFO     Iteration 1700 (0 errors)
[2022-12-17 08:34:05] INFO     Iteration 1701 (0 errors)
[2022-12-17 08:34:05] INFO     Iteration 1702 (0 errors)
[2022-12-17 08:34:06] INFO     Iteration 1703 (0 errors)
[2022-12-17 08:34:07] INFO     Iteration 1704 (0 errors)
[2022-12-17 08:34:08] INFO     Iteration 1705 (0 errors)
[2022-12-17 08:34:09] INFO     Iteration 1706 (0 errors)
[2022-12-17 08:34:09] INFO     Iteration 1707 (0 errors)
[2022-12-17 08:34:10] INFO     Iteration 1708 (0 errors)
[2022-12-17 08:34:11] INFO     Iteration 1709 (0 errors)
[2022-12-17 08:34:12] INFO     Iteration 1710 (0 errors)
[2022-12-17 08:34:13] INFO     Iteration 1711 (0 errors)
[2022-12-17 08:34:13] INFO     Iteration 1712 (0 errors)
[2022-12-17 08:34:14] INFO     Iteration 1713 (0 errors)
[2022-12-17 08:34:15] INFO     Iteration 1714 (0 errors)
[2022-12-17 08:34:16] INFO     Iteration 1715 (0 errors)
[2022-12-17 08:34:17] INFO     Iteration 1716 (0 errors)
[2022-12-17 08:34:18] INFO     Iteration 1717 (0 errors)
[2022-12-17 08:34:18] INFO     Iteration 1718 (0 errors)
[2022-12-17 08:34:19] INFO     Iteration 1719 (0 errors)
[2022-12-17 08:34:20] INFO     Iteration 1720 (0 errors)
[2022-12-17 08:34:21] INFO     Iteration 1721 (0 errors)
[2022-12-17 08:34:22] INFO     Iteration 1722 (0 errors)
[2022-12-17 08:34:22] INFO     Iteration 1723 (0 errors)
[2022-12-17 08:34:23] INFO     Iteration 1724 (0 errors)
[2022-12-17 08:34:24] INFO     Iteration 1725 (0 errors)
[2022-12-17 08:34:25] INFO     Iteration 1726 (0 errors)
[2022-12-17 08:34:26] INFO     Iteration 1727 (0 errors)
[2022-12-17 08:34:26] INFO     Iteration 1728 (0 errors)
[2022-12-17 08:34:27] INFO     Iteration 1729 (0 errors)
[2022-12-17 08:34:28] INFO     Iteration 1730 (0 errors)
[2022-12-17 08:34:29] INFO     Iteration 1731 (0 errors)
[2022-12-17 08:34:30] INFO     Iteration 1732 (0 errors)
[2022-12-17 08:34:30] INFO     Iteration 1733 (0 errors)
[2022-12-17 08:34:31] INFO     Iteration 1734 (0 errors)
[2022-12-17 08:34:32] INFO     Iteration 1735 (0 errors)
[2022-12-17 08:34:33] INFO     Iteration 1736 (0 errors)
[2022-12-17 08:34:34] INFO     Iteration 1737 (0 errors)
[2022-12-17 08:34:34] INFO     Iteration 1738 (0 errors)
[2022-12-17 08:34:35] INFO     Iteration 1739 (0 errors)
[2022-12-17 08:34:36] INFO     Iteration 1740 (0 errors)
[2022-12-17 08:34:37] INFO     Iteration 1741 (0 errors)
[2022-12-17 08:34:38] INFO     Iteration 1742 (0 errors)
[2022-12-17 08:34:39] INFO     Iteration 1743 (0 errors)
[2022-12-17 08:34:39] INFO     Iteration 1744 (0 errors)
[2022-12-17 08:34:40] INFO     Iteration 1745 (0 errors)
[2022-12-17 08:34:41] INFO     Iteration 1746 (0 errors)
[2022-12-17 08:34:42] INFO     Iteration 1747 (0 errors)
[2022-12-17 08:34:43] INFO     Iteration 1748 (0 errors)
[2022-12-17 08:34:43] INFO     Iteration 1749 (0 errors)
[2022-12-17 08:34:44] INFO     Iteration 1750 (0 errors)
[2022-12-17 08:34:45] INFO     Iteration 1751 (0 errors)
[2022-12-17 08:34:46] INFO     Iteration 1752 (0 errors)
[2022-12-17 08:34:47] INFO     Iteration 1753 (0 errors)
[2022-12-17 08:34:47] INFO     Iteration 1754 (0 errors)
[2022-12-17 08:34:48] INFO     Iteration 1755 (0 errors)
[2022-12-17 08:34:49] INFO     Iteration 1756 (0 errors)
[2022-12-17 08:34:50] INFO     Iteration 1757 (0 errors)
[2022-12-17 08:34:51] INFO     Iteration 1758 (0 errors)
[2022-12-17 08:34:51] INFO     Iteration 1759 (0 errors)
[2022-12-17 08:34:52] INFO     Iteration 1760 (0 errors)
[2022-12-17 08:34:53] INFO     Iteration 1761 (0 errors)
[2022-12-17 08:34:54] INFO     Iteration 1762 (0 errors)
[2022-12-17 08:34:55] INFO     Iteration 1763 (0 errors)
[2022-12-17 08:34:55] INFO     Iteration 1764 (0 errors)
[2022-12-17 08:34:56] INFO     Iteration 1765 (0 errors)
[2022-12-17 08:34:57] INFO     Iteration 1766 (0 errors)
[2022-12-17 08:34:58] INFO     Iteration 1767 (0 errors)
[2022-12-17 08:34:59] INFO     Iteration 1768 (0 errors)
[2022-12-17 08:35:00] INFO     Iteration 1769 (0 errors)
[2022-12-17 08:35:00] INFO     Iteration 1770 (0 errors)
[2022-12-17 08:35:01] INFO     Iteration 1771 (0 errors)
[2022-12-17 08:35:02] INFO     Iteration 1772 (0 errors)
[2022-12-17 08:35:03] INFO     Iteration 1773 (0 errors)
[2022-12-17 08:35:04] INFO     Iteration 1774 (0 errors)
[2022-12-17 08:35:04] INFO     Iteration 1775 (0 errors)
[2022-12-17 08:35:05] INFO     Iteration 1776 (0 errors)
[2022-12-17 08:35:06] INFO     Iteration 1777 (0 errors)
[2022-12-17 08:35:07] INFO     Iteration 1778 (0 errors)
[2022-12-17 08:35:08] INFO     Iteration 1779 (0 errors)
[2022-12-17 08:35:08] INFO     Iteration 1780 (0 errors)
[2022-12-17 08:35:09] INFO     Iteration 1781 (0 errors)
[2022-12-17 08:35:10] INFO     Iteration 1782 (0 errors)
[2022-12-17 08:35:11] INFO     Iteration 1783 (0 errors)
[2022-12-17 08:35:12] INFO     Iteration 1784 (0 errors)
[2022-12-17 08:35:12] INFO     Iteration 1785 (0 errors)
[2022-12-17 08:35:13] INFO     Iteration 1786 (0 errors)
[2022-12-17 08:35:14] INFO     Iteration 1787 (0 errors)
[2022-12-17 08:35:15] INFO     Iteration 1788 (0 errors)
[2022-12-17 08:35:16] INFO     Iteration 1789 (0 errors)
[2022-12-17 08:35:16] INFO     Iteration 1790 (0 errors)
[2022-12-17 08:35:17] INFO     Iteration 1791 (0 errors)
[2022-12-17 08:35:18] INFO     Iteration 1792 (0 errors)
[2022-12-17 08:35:19] INFO     Iteration 1793 (0 errors)
[2022-12-17 08:35:20] INFO     Iteration 1794 (0 errors)
[2022-12-17 08:35:21] INFO     Iteration 1795 (0 errors)
[2022-12-17 08:35:21] INFO     Iteration 1796 (0 errors)
[2022-12-17 08:35:22] INFO     Iteration 1797 (0 errors)
[2022-12-17 08:35:23] INFO     Iteration 1798 (0 errors)
[2022-12-17 08:35:24] INFO     Iteration 1799 (0 errors)
[2022-12-17 08:35:25] INFO     Iteration 1800 (0 errors)
[2022-12-17 08:35:25] INFO     Iteration 1801 (0 errors)
[2022-12-17 08:35:26] INFO     Iteration 1802 (0 errors)
[2022-12-17 08:35:27] INFO     Iteration 1803 (0 errors)
[2022-12-17 08:35:28] INFO     Iteration 1804 (0 errors)
[2022-12-17 08:35:29] INFO     Iteration 1805 (0 errors)
[2022-12-17 08:35:29] INFO     Iteration 1806 (0 errors)
[2022-12-17 08:35:30] INFO     Iteration 1807 (0 errors)
[2022-12-17 08:35:31] INFO     Iteration 1808 (0 errors)
[2022-12-17 08:35:32] INFO     Iteration 1809 (0 errors)
[2022-12-17 08:35:33] INFO     Iteration 1810 (0 errors)
[2022-12-17 08:35:33] INFO     Iteration 1811 (0 errors)
[2022-12-17 08:35:34] INFO     Iteration 1812 (0 errors)
[2022-12-17 08:35:35] INFO     Iteration 1813 (0 errors)
[2022-12-17 08:35:36] INFO     Iteration 1814 (0 errors)
[2022-12-17 08:35:37] INFO     Iteration 1815 (0 errors)
[2022-12-17 08:35:37] INFO     Iteration 1816 (0 errors)
[2022-12-17 08:35:38] INFO     Iteration 1817 (0 errors)
[2022-12-17 08:35:39] INFO     Iteration 1818 (0 errors)
[2022-12-17 08:35:40] INFO     Iteration 1819 (0 errors)
[2022-12-17 08:35:41] INFO     Iteration 1820 (0 errors)
[2022-12-17 08:35:42] INFO     Iteration 1821 (0 errors)
[2022-12-17 08:35:42] INFO     Iteration 1822 (0 errors)
[2022-12-17 08:35:43] INFO     Iteration 1823 (0 errors)
[2022-12-17 08:35:44] INFO     Iteration 1824 (0 errors)
[2022-12-17 08:35:45] INFO     Iteration 1825 (0 errors)
[2022-12-17 08:35:46] INFO     Iteration 1826 (0 errors)
[2022-12-17 08:35:46] INFO     Iteration 1827 (0 errors)
[2022-12-17 08:35:47] INFO     Iteration 1828 (0 errors)
[2022-12-17 08:35:48] INFO     Iteration 1829 (0 errors)
[2022-12-17 08:35:49] INFO     Iteration 1830 (0 errors)
[2022-12-17 08:35:50] INFO     Iteration 1831 (0 errors)
[2022-12-17 08:35:50] INFO     Iteration 1832 (0 errors)
[2022-12-17 08:35:51] INFO     Iteration 1833 (0 errors)
[2022-12-17 08:35:52] INFO     Iteration 1834 (0 errors)
[2022-12-17 08:35:53] INFO     Iteration 1835 (0 errors)
[2022-12-17 08:35:54] INFO     Iteration 1836 (0 errors)
[2022-12-17 08:35:54] INFO     Iteration 1837 (0 errors)
[2022-12-17 08:35:55] INFO     Iteration 1838 (0 errors)
[2022-12-17 08:35:56] INFO     Iteration 1839 (0 errors)
[2022-12-17 08:35:57] INFO     Iteration 1840 (0 errors)
[2022-12-17 08:35:58] INFO     Iteration 1841 (0 errors)
[2022-12-17 08:35:59] INFO     Iteration 1842 (0 errors)
[2022-12-17 08:35:59] INFO     Iteration 1843 (0 errors)
[2022-12-17 08:36:00] INFO     Iteration 1844 (0 errors)
[2022-12-17 08:36:01] INFO     Iteration 1845 (0 errors)
[2022-12-17 08:36:02] INFO     Iteration 1846 (0 errors)
[2022-12-17 08:36:03] INFO     Iteration 1847 (0 errors)
[2022-12-17 08:36:03] INFO     Iteration 1848 (0 errors)
[2022-12-17 08:36:04] INFO     Iteration 1849 (0 errors)
[2022-12-17 08:36:05] INFO     Iteration 1850 (0 errors)
[2022-12-17 08:36:06] INFO     Iteration 1851 (0 errors)
[2022-12-17 08:36:07] INFO     Iteration 1852 (0 errors)
[2022-12-17 08:36:07] INFO     Iteration 1853 (0 errors)
[2022-12-17 08:36:08] INFO     Iteration 1854 (0 errors)
[2022-12-17 08:36:09] INFO     Iteration 1855 (0 errors)
[2022-12-17 08:36:10] INFO     Iteration 1856 (0 errors)
[2022-12-17 08:36:11] INFO     Iteration 1857 (0 errors)
[2022-12-17 08:36:11] INFO     Iteration 1858 (0 errors)
[2022-12-17 08:36:12] INFO     Iteration 1859 (0 errors)
[2022-12-17 08:36:13] INFO     Iteration 1860 (0 errors)
[2022-12-17 08:36:14] INFO     Iteration 1861 (0 errors)
[2022-12-17 08:36:15] INFO     Iteration 1862 (0 errors)
[2022-12-17 08:36:15] INFO     Iteration 1863 (0 errors)
[2022-12-17 08:36:16] INFO     Iteration 1864 (0 errors)
[2022-12-17 08:36:17] INFO     Iteration 1865 (0 errors)
[2022-12-17 08:36:18] INFO     Iteration 1866 (0 errors)
[2022-12-17 08:36:19] INFO     Iteration 1867 (0 errors)
[2022-12-17 08:36:19] INFO     Iteration 1868 (0 errors)
[2022-12-17 08:36:20] INFO     Iteration 1869 (0 errors)
[2022-12-17 08:36:21] INFO     Iteration 1870 (0 errors)
[2022-12-17 08:36:22] INFO     Iteration 1871 (0 errors)
[2022-12-17 08:36:23] INFO     Iteration 1872 (0 errors)
[2022-12-17 08:36:23] INFO     Iteration 1873 (0 errors)
[2022-12-17 08:36:24] INFO     Iteration 1874 (0 errors)
[2022-12-17 08:36:25] INFO     Iteration 1875 (0 errors)
[2022-12-17 08:36:26] INFO     Iteration 1876 (0 errors)
[2022-12-17 08:36:27] INFO     Iteration 1877 (0 errors)
[2022-12-17 08:36:28] INFO     Iteration 1878 (0 errors)
[2022-12-17 08:36:28] INFO     Iteration 1879 (0 errors)
[2022-12-17 08:36:29] INFO     Iteration 1880 (0 errors)
[2022-12-17 08:36:30] INFO     Iteration 1881 (0 errors)
[2022-12-17 08:36:31] INFO     Iteration 1882 (0 errors)
[2022-12-17 08:36:32] INFO     Iteration 1883 (0 errors)
[2022-12-17 08:36:32] INFO     Iteration 1884 (0 errors)
[2022-12-17 08:36:33] INFO     Iteration 1885 (0 errors)
[2022-12-17 08:36:34] INFO     Iteration 1886 (0 errors)
[2022-12-17 08:36:35] INFO     Iteration 1887 (0 errors)
[2022-12-17 08:36:36] INFO     Iteration 1888 (0 errors)
[2022-12-17 08:36:36] INFO     Iteration 1889 (0 errors)
[2022-12-17 08:36:37] INFO     Iteration 1890 (0 errors)
[2022-12-17 08:36:38] INFO     Iteration 1891 (0 errors)
[2022-12-17 08:36:39] INFO     Iteration 1892 (0 errors)
[2022-12-17 08:36:40] INFO     Iteration 1893 (0 errors)
[2022-12-17 08:36:40] INFO     Iteration 1894 (0 errors)
[2022-12-17 08:36:41] INFO     Iteration 1895 (0 errors)
[2022-12-17 08:36:42] INFO     Iteration 1896 (0 errors)
[2022-12-17 08:36:43] INFO     Iteration 1897 (0 errors)
[2022-12-17 08:36:44] INFO     Iteration 1898 (0 errors)
[2022-12-17 08:36:44] INFO     Iteration 1899 (0 errors)
[2022-12-17 08:36:45] INFO     Iteration 1900 (0 errors)
[2022-12-17 08:36:46] INFO     Iteration 1901 (0 errors)
[2022-12-17 08:36:47] INFO     Iteration 1902 (0 errors)
[2022-12-17 08:36:48] INFO     Iteration 1903 (0 errors)
[2022-12-17 08:36:48] INFO     Iteration 1904 (0 errors)
[2022-12-17 08:36:49] INFO     Iteration 1905 (0 errors)
[2022-12-17 08:36:50] INFO     Iteration 1906 (0 errors)
[2022-12-17 08:36:51] INFO     Iteration 1907 (0 errors)
[2022-12-17 08:36:52] INFO     Iteration 1908 (0 errors)
[2022-12-17 08:36:53] INFO     Iteration 1909 (0 errors)
[2022-12-17 08:36:53] INFO     Iteration 1910 (0 errors)
[2022-12-17 08:36:54] INFO     Iteration 1911 (0 errors)
[2022-12-17 08:36:55] INFO     Iteration 1912 (0 errors)
[2022-12-17 08:36:56] INFO     Iteration 1913 (0 errors)
[2022-12-17 08:36:57] INFO     Iteration 1914 (0 errors)
[2022-12-17 08:36:57] INFO     Iteration 1915 (0 errors)
[2022-12-17 08:36:58] INFO     Iteration 1916 (0 errors)
[2022-12-17 08:36:59] INFO     Iteration 1917 (0 errors)
[2022-12-17 08:37:00] INFO     Iteration 1918 (0 errors)
[2022-12-17 08:37:01] INFO     Iteration 1919 (0 errors)
[2022-12-17 08:37:01] INFO     Iteration 1920 (0 errors)
[2022-12-17 08:37:02] INFO     Iteration 1921 (0 errors)
[2022-12-17 08:37:03] INFO     Iteration 1922 (0 errors)
[2022-12-17 08:37:04] INFO     Iteration 1923 (0 errors)
[2022-12-17 08:37:05] INFO     Iteration 1924 (0 errors)
[2022-12-17 08:37:05] INFO     Iteration 1925 (0 errors)
[2022-12-17 08:37:06] INFO     Iteration 1926 (0 errors)
[2022-12-17 08:37:07] INFO     Iteration 1927 (0 errors)
[2022-12-17 08:37:08] INFO     Iteration 1928 (0 errors)
[2022-12-17 08:37:09] INFO     Iteration 1929 (0 errors)
[2022-12-17 08:37:10] INFO     Iteration 1930 (0 errors)
[2022-12-17 08:37:10] INFO     Iteration 1931 (0 errors)
[2022-12-17 08:37:11] INFO     Iteration 1932 (0 errors)
[2022-12-17 08:37:12] INFO     Iteration 1933 (0 errors)
[2022-12-17 08:37:13] INFO     Iteration 1934 (0 errors)
[2022-12-17 08:37:14] INFO     Iteration 1935 (0 errors)
[2022-12-17 08:37:14] INFO     Iteration 1936 (0 errors)
[2022-12-17 08:37:15] INFO     Iteration 1937 (0 errors)
[2022-12-17 08:37:16] INFO     Iteration 1938 (0 errors)
[2022-12-17 08:37:17] INFO     Iteration 1939 (0 errors)
[2022-12-17 08:37:18] INFO     Iteration 1940 (0 errors)
[2022-12-17 08:37:18] INFO     Iteration 1941 (0 errors)
[2022-12-17 08:37:19] INFO     Iteration 1942 (0 errors)
[2022-12-17 08:37:20] INFO     Iteration 1943 (0 errors)
[2022-12-17 08:37:21] INFO     Iteration 1944 (0 errors)
[2022-12-17 08:37:22] INFO     Iteration 1945 (0 errors)
[2022-12-17 08:37:22] INFO     Iteration 1946 (0 errors)
[2022-12-17 08:37:23] INFO     Iteration 1947 (0 errors)
[2022-12-17 08:37:24] INFO     Iteration 1948 (0 errors)
[2022-12-17 08:37:25] INFO     Iteration 1949 (0 errors)
[2022-12-17 08:37:26] INFO     Iteration 1950 (0 errors)
[2022-12-17 08:37:27] INFO     Iteration 1951 (0 errors)
[2022-12-17 08:37:27] INFO     Iteration 1952 (0 errors)
[2022-12-17 08:37:28] INFO     Iteration 1953 (0 errors)
[2022-12-17 08:37:29] INFO     Iteration 1954 (0 errors)
[2022-12-17 08:37:30] INFO     Iteration 1955 (0 errors)
[2022-12-17 08:37:31] INFO     Iteration 1956 (0 errors)
[2022-12-17 08:37:31] INFO     Iteration 1957 (0 errors)
[2022-12-17 08:37:32] INFO     Iteration 1958 (0 errors)
[2022-12-17 08:37:33] INFO     Iteration 1959 (0 errors)
[2022-12-17 08:37:34] INFO     Iteration 1960 (0 errors)
[2022-12-17 08:37:35] INFO     Iteration 1961 (0 errors)
[2022-12-17 08:37:35] INFO     Iteration 1962 (0 errors)
[2022-12-17 08:37:36] INFO     Iteration 1963 (0 errors)
[2022-12-17 08:37:37] INFO     Iteration 1964 (0 errors)
[2022-12-17 08:37:38] INFO     Iteration 1965 (0 errors)
[2022-12-17 08:37:39] INFO     Iteration 1966 (0 errors)
[2022-12-17 08:37:39] INFO     Iteration 1967 (0 errors)
[2022-12-17 08:37:40] INFO     Iteration 1968 (0 errors)
[2022-12-17 08:37:41] INFO     Iteration 1969 (0 errors)
[2022-12-17 08:37:42] INFO     Iteration 1970 (0 errors)
[2022-12-17 08:37:43] INFO     Iteration 1971 (0 errors)
[2022-12-17 08:37:44] INFO     Iteration 1972 (0 errors)
[2022-12-17 08:37:44] INFO     Iteration 1973 (0 errors)
[2022-12-17 08:37:45] INFO     Iteration 1974 (0 errors)
[2022-12-17 08:37:46] INFO     Iteration 1975 (0 errors)
[2022-12-17 08:37:47] INFO     Iteration 1976 (0 errors)
[2022-12-17 08:37:48] INFO     Iteration 1977 (0 errors)
[2022-12-17 08:37:48] INFO     Iteration 1978 (0 errors)
[2022-12-17 08:37:49] INFO     Iteration 1979 (0 errors)
[2022-12-17 08:37:50] INFO     Iteration 1980 (0 errors)
[2022-12-17 08:37:51] INFO     Iteration 1981 (0 errors)
[2022-12-17 08:37:52] INFO     Iteration 1982 (0 errors)
[2022-12-17 08:37:52] INFO     Iteration 1983 (0 errors)
[2022-12-17 08:37:53] INFO     Iteration 1984 (0 errors)
[2022-12-17 08:37:54] INFO     Iteration 1985 (0 errors)
[2022-12-17 08:37:55] INFO     Iteration 1986 (0 errors)
[2022-12-17 08:37:56] INFO     Iteration 1987 (0 errors)
[2022-12-17 08:37:56] INFO     Iteration 1988 (0 errors)
[2022-12-17 08:37:57] INFO     Iteration 1989 (0 errors)
[2022-12-17 08:37:58] INFO     Iteration 1990 (0 errors)
[2022-12-17 08:37:59] INFO     Iteration 1991 (0 errors)
[2022-12-17 08:38:00] INFO     Iteration 1992 (0 errors)
[2022-12-17 08:38:00] INFO     Iteration 1993 (0 errors)
[2022-12-17 08:38:01] INFO     Iteration 1994 (0 errors)
[2022-12-17 08:38:02] INFO     Iteration 1995 (0 errors)
[2022-12-17 08:38:03] INFO     Iteration 1996 (0 errors)
[2022-12-17 08:38:04] INFO     Iteration 1997 (0 errors)
[2022-12-17 08:38:04] INFO     Iteration 1998 (0 errors)
[2022-12-17 08:38:05] INFO     Iteration 1999 (0 errors)
[2022-12-17 08:38:06] INFO     Iteration 2000 (0 errors)
[2022-12-17 08:38:07] INFO     Iteration 2001 (0 errors)
[2022-12-17 08:38:08] INFO     Iteration 2002 (0 errors)
[2022-12-17 08:38:09] INFO     Iteration 2003 (0 errors)
[2022-12-17 08:38:09] INFO     Iteration 2004 (0 errors)
[2022-12-17 08:38:10] INFO     Iteration 2005 (0 errors)
[2022-12-17 08:38:11] INFO     Iteration 2006 (0 errors)
[2022-12-17 08:38:12] INFO     Iteration 2007 (0 errors)
[2022-12-17 08:38:13] INFO     Iteration 2008 (0 errors)
[2022-12-17 08:38:13] INFO     Iteration 2009 (0 errors)
[2022-12-17 08:38:14] INFO     Iteration 2010 (0 errors)
[2022-12-17 08:38:15] INFO     Iteration 2011 (0 errors)
[2022-12-17 08:38:16] INFO     Iteration 2012 (0 errors)
[2022-12-17 08:38:17] INFO     Iteration 2013 (0 errors)
[2022-12-17 08:38:17] INFO     Iteration 2014 (0 errors)
[2022-12-17 08:38:18] INFO     Iteration 2015 (0 errors)
[2022-12-17 08:38:19] INFO     Iteration 2016 (0 errors)
[2022-12-17 08:38:20] INFO     Iteration 2017 (0 errors)
[2022-12-17 08:38:21] INFO     Iteration 2018 (0 errors)
[2022-12-17 08:38:21] INFO     Iteration 2019 (0 errors)
[2022-12-17 08:38:22] INFO     Iteration 2020 (0 errors)
[2022-12-17 08:38:23] INFO     Iteration 2021 (0 errors)
[2022-12-17 08:38:24] INFO     Iteration 2022 (0 errors)
[2022-12-17 08:38:25] INFO     Iteration 2023 (0 errors)
[2022-12-17 08:38:26] INFO     Iteration 2024 (0 errors)
[2022-12-17 08:38:26] INFO     Iteration 2025 (0 errors)
[2022-12-17 08:38:27] INFO     Iteration 2026 (0 errors)
[2022-12-17 08:38:28] INFO     Iteration 2027 (0 errors)
[2022-12-17 08:38:29] INFO     Iteration 2028 (0 errors)
[2022-12-17 08:38:30] INFO     Iteration 2029 (0 errors)
[2022-12-17 08:38:30] INFO     Iteration 2030 (0 errors)
[2022-12-17 08:38:31] INFO     Iteration 2031 (0 errors)
[2022-12-17 08:38:32] INFO     Iteration 2032 (0 errors)
[2022-12-17 08:38:33] INFO     Iteration 2033 (0 errors)
[2022-12-17 08:38:34] INFO     Iteration 2034 (0 errors)
[2022-12-17 08:38:34] INFO     Iteration 2035 (0 errors)
[2022-12-17 08:38:35] INFO     Iteration 2036 (0 errors)
[2022-12-17 08:38:36] INFO     Iteration 2037 (0 errors)
[2022-12-17 08:38:37] INFO     Iteration 2038 (0 errors)
[2022-12-17 08:38:38] INFO     Iteration 2039 (0 errors)
[2022-12-17 08:38:38] INFO     Iteration 2040 (0 errors)
[2022-12-17 08:38:39] INFO     Iteration 2041 (0 errors)
[2022-12-17 08:38:40] INFO     Iteration 2042 (0 errors)
[2022-12-17 08:38:41] INFO     Iteration 2043 (0 errors)
[2022-12-17 08:38:42] INFO     Iteration 2044 (0 errors)
[2022-12-17 08:38:42] INFO     Iteration 2045 (0 errors)
[2022-12-17 08:38:43] INFO     Iteration 2046 (0 errors)
[2022-12-17 08:38:44] INFO     Iteration 2047 (0 errors)
[2022-12-17 08:38:45] INFO     Iteration 2048 (0 errors)
[2022-12-17 08:38:46] INFO     Iteration 2049 (0 errors)
[2022-12-17 08:38:46] INFO     Iteration 2050 (0 errors)
[2022-12-17 08:38:47] INFO     Iteration 2051 (0 errors)
[2022-12-17 08:38:48] INFO     Iteration 2052 (0 errors)
[2022-12-17 08:38:49] INFO     Iteration 2053 (0 errors)
[2022-12-17 08:38:50] INFO     Iteration 2054 (0 errors)
[2022-12-17 08:38:51] INFO     Iteration 2055 (0 errors)
[2022-12-17 08:38:51] INFO     Iteration 2056 (0 errors)
[2022-12-17 08:38:52] INFO     Iteration 2057 (0 errors)
[2022-12-17 08:38:53] INFO     Iteration 2058 (0 errors)
[2022-12-17 08:38:54] INFO     Iteration 2059 (0 errors)
[2022-12-17 08:38:55] INFO     Iteration 2060 (0 errors)
[2022-12-17 08:38:55] INFO     Iteration 2061 (0 errors)
[2022-12-17 08:38:56] INFO     Iteration 2062 (0 errors)
[2022-12-17 08:38:57] INFO     Iteration 2063 (0 errors)
[2022-12-17 08:38:58] INFO     Iteration 2064 (0 errors)
[2022-12-17 08:38:59] INFO     Iteration 2065 (0 errors)
[2022-12-17 08:38:59] INFO     Iteration 2066 (0 errors)
[2022-12-17 08:39:00] INFO     Iteration 2067 (0 errors)
[2022-12-17 08:39:01] INFO     Iteration 2068 (0 errors)
[2022-12-17 08:39:02] INFO     Iteration 2069 (0 errors)
[2022-12-17 08:39:03] INFO     Iteration 2070 (0 errors)
[2022-12-17 08:39:03] INFO     Iteration 2071 (0 errors)
[2022-12-17 08:39:04] INFO     Iteration 2072 (0 errors)
[2022-12-17 08:39:05] INFO     Iteration 2073 (0 errors)
[2022-12-17 08:39:06] INFO     Iteration 2074 (0 errors)
[2022-12-17 08:39:07] INFO     Iteration 2075 (0 errors)
[2022-12-17 08:39:07] INFO     Iteration 2076 (0 errors)
[2022-12-17 08:39:08] INFO     Iteration 2077 (0 errors)
[2022-12-17 08:39:09] INFO     Iteration 2078 (0 errors)
[2022-12-17 08:39:10] INFO     Iteration 2079 (0 errors)
[2022-12-17 08:39:11] INFO     Iteration 2080 (0 errors)
[2022-12-17 08:39:12] INFO     Iteration 2081 (0 errors)
[2022-12-17 08:39:12] INFO     Iteration 2082 (0 errors)
[2022-12-17 08:39:13] INFO     Iteration 2083 (0 errors)
[2022-12-17 08:39:14] INFO     Iteration 2084 (0 errors)
[2022-12-17 08:39:15] INFO     Iteration 2085 (0 errors)
[2022-12-17 08:39:16] INFO     Iteration 2086 (0 errors)
[2022-12-17 08:39:16] INFO     Iteration 2087 (0 errors)
[2022-12-17 08:39:17] INFO     Iteration 2088 (0 errors)
[2022-12-17 08:39:18] INFO     Iteration 2089 (0 errors)
[2022-12-17 08:39:19] INFO     Iteration 2090 (0 errors)
[2022-12-17 08:39:20] INFO     Iteration 2091 (0 errors)
[2022-12-17 08:39:20] INFO     Iteration 2092 (0 errors)
[2022-12-17 08:39:21] INFO     Iteration 2093 (0 errors)
[2022-12-17 08:39:22] INFO     Iteration 2094 (0 errors)
[2022-12-17 08:39:23] INFO     Iteration 2095 (0 errors)
[2022-12-17 08:39:24] INFO     Iteration 2096 (0 errors)
[2022-12-17 08:39:24] INFO     Iteration 2097 (0 errors)
[2022-12-17 08:39:25] INFO     Iteration 2098 (0 errors)
[2022-12-17 08:39:26] INFO     Iteration 2099 (0 errors)
[2022-12-17 08:39:27] INFO     Iteration 2100 (0 errors)
[2022-12-17 08:39:28] INFO     Iteration 2101 (0 errors)
[2022-12-17 08:39:29] INFO     Iteration 2102 (0 errors)
[2022-12-17 08:39:29] INFO     Iteration 2103 (0 errors)
[2022-12-17 08:39:30] INFO     Iteration 2104 (0 errors)
[2022-12-17 08:39:31] INFO     Iteration 2105 (0 errors)
[2022-12-17 08:39:32] INFO     Iteration 2106 (0 errors)
[2022-12-17 08:39:33] INFO     Iteration 2107 (0 errors)
[2022-12-17 08:39:33] INFO     Iteration 2108 (0 errors)
[2022-12-17 08:39:34] INFO     Iteration 2109 (0 errors)
[2022-12-17 08:39:35] INFO     Iteration 2110 (0 errors)
[2022-12-17 08:39:36] INFO     Iteration 2111 (0 errors)
[2022-12-17 08:39:37] INFO     Iteration 2112 (0 errors)
[2022-12-17 08:39:37] INFO     Iteration 2113 (0 errors)
[2022-12-17 08:39:38] INFO     Iteration 2114 (0 errors)
[2022-12-17 08:39:39] INFO     Iteration 2115 (0 errors)
[2022-12-17 08:39:40] INFO     Iteration 2116 (0 errors)
[2022-12-17 08:39:41] INFO     Iteration 2117 (0 errors)
[2022-12-17 08:39:41] INFO     Iteration 2118 (0 errors)
[2022-12-17 08:39:42] INFO     Iteration 2119 (0 errors)
[2022-12-17 08:39:43] INFO     Iteration 2120 (0 errors)
[2022-12-17 08:39:44] INFO     Iteration 2121 (0 errors)
[2022-12-17 08:39:45] INFO     Iteration 2122 (0 errors)
[2022-12-17 08:39:45] INFO     Iteration 2123 (0 errors)
[2022-12-17 08:39:46] INFO     Iteration 2124 (0 errors)
[2022-12-17 08:39:47] INFO     Iteration 2125 (0 errors)
[2022-12-17 08:39:48] INFO     Iteration 2126 (0 errors)
[2022-12-17 08:39:49] INFO     Iteration 2127 (0 errors)
[2022-12-17 08:39:50] INFO     Iteration 2128 (0 errors)
[2022-12-17 08:39:50] INFO     Iteration 2129 (0 errors)
[2022-12-17 08:39:51] INFO     Iteration 2130 (0 errors)
[2022-12-17 08:39:52] INFO     Iteration 2131 (0 errors)
[2022-12-17 08:39:53] INFO     Iteration 2132 (0 errors)
[2022-12-17 08:39:54] INFO     Iteration 2133 (0 errors)
[2022-12-17 08:39:54] INFO     Iteration 2134 (0 errors)
[2022-12-17 08:39:55] INFO     Iteration 2135 (0 errors)
[2022-12-17 08:39:56] INFO     Iteration 2136 (0 errors)
[2022-12-17 08:39:57] INFO     Iteration 2137 (0 errors)
[2022-12-17 08:39:58] INFO     Iteration 2138 (0 errors)
[2022-12-17 08:39:58] INFO     Iteration 2139 (0 errors)
[2022-12-17 08:39:59] INFO     Iteration 2140 (0 errors)
[2022-12-17 08:40:00] INFO     Iteration 2141 (0 errors)
[2022-12-17 08:40:01] INFO     Iteration 2142 (0 errors)
[2022-12-17 08:40:02] INFO     Iteration 2143 (0 errors)
[2022-12-17 08:40:02] INFO     Iteration 2144 (0 errors)
[2022-12-17 08:40:03] INFO     Iteration 2145 (0 errors)
[2022-12-17 08:40:04] INFO     Iteration 2146 (0 errors)
[2022-12-17 08:40:05] INFO     Iteration 2147 (0 errors)
[2022-12-17 08:40:06] INFO     Iteration 2148 (0 errors)
[2022-12-17 08:40:07] INFO     Iteration 2149 (0 errors)
[2022-12-17 08:40:07] INFO     Iteration 2150 (0 errors)
[2022-12-17 08:40:08] INFO     Iteration 2151 (0 errors)
[2022-12-17 08:40:09] INFO     Iteration 2152 (0 errors)
[2022-12-17 08:40:10] INFO     Iteration 2153 (0 errors)
[2022-12-17 08:40:11] INFO     Iteration 2154 (0 errors)
[2022-12-17 08:40:11] INFO     Iteration 2155 (0 errors)
[2022-12-17 08:40:12] INFO     Iteration 2156 (0 errors)
[2022-12-17 08:40:13] INFO     Iteration 2157 (0 errors)
[2022-12-17 08:40:14] INFO     Iteration 2158 (0 errors)
[2022-12-17 08:40:15] INFO     Iteration 2159 (0 errors)
[2022-12-17 08:40:15] INFO     Iteration 2160 (0 errors)
[2022-12-17 08:40:16] INFO     Iteration 2161 (0 errors)
[2022-12-17 08:40:17] INFO     Iteration 2162 (0 errors)
[2022-12-17 08:40:18] INFO     Iteration 2163 (0 errors)
[2022-12-17 08:40:19] INFO     Iteration 2164 (0 errors)
[2022-12-17 08:40:19] INFO     Iteration 2165 (0 errors)
[2022-12-17 08:40:20] INFO     Iteration 2166 (0 errors)
[2022-12-17 08:40:21] INFO     Iteration 2167 (0 errors)
[2022-12-17 08:40:22] INFO     Iteration 2168 (0 errors)
[2022-12-17 08:40:23] INFO     Iteration 2169 (0 errors)
[2022-12-17 08:40:23] INFO     Iteration 2170 (0 errors)
[2022-12-17 08:40:24] INFO     Iteration 2171 (0 errors)
[2022-12-17 08:40:25] INFO     Iteration 2172 (0 errors)
[2022-12-17 08:40:26] INFO     Iteration 2173 (0 errors)
[2022-12-17 08:40:27] INFO     Iteration 2174 (0 errors)
[2022-12-17 08:40:28] INFO     Iteration 2175 (0 errors)
[2022-12-17 08:40:28] INFO     Iteration 2176 (0 errors)
[2022-12-17 08:40:29] INFO     Iteration 2177 (0 errors)
[2022-12-17 08:40:30] INFO     Iteration 2178 (0 errors)
[2022-12-17 08:40:31] INFO     Iteration 2179 (0 errors)
[2022-12-17 08:40:32] INFO     Iteration 2180 (0 errors)
[2022-12-17 08:40:32] INFO     Iteration 2181 (0 errors)
[2022-12-17 08:40:33] INFO     Iteration 2182 (0 errors)
[2022-12-17 08:40:34] INFO     Iteration 2183 (0 errors)
[2022-12-17 08:40:35] INFO     Iteration 2184 (0 errors)
[2022-12-17 08:40:36] INFO     Iteration 2185 (0 errors)
[2022-12-17 08:40:36] INFO     Iteration 2186 (0 errors)
[2022-12-17 08:40:37] INFO     Iteration 2187 (0 errors)
[2022-12-17 08:40:38] INFO     Iteration 2188 (0 errors)
[2022-12-17 08:40:39] INFO     Iteration 2189 (0 errors)
[2022-12-17 08:40:40] INFO     Iteration 2190 (0 errors)
[2022-12-17 08:40:40] INFO     Iteration 2191 (0 errors)
[2022-12-17 08:40:41] INFO     Iteration 2192 (0 errors)
[2022-12-17 08:40:42] INFO     Iteration 2193 (0 errors)
[2022-12-17 08:40:43] INFO     Iteration 2194 (0 errors)
[2022-12-17 08:40:44] INFO     Iteration 2195 (0 errors)
[2022-12-17 08:40:45] INFO     Iteration 2196 (0 errors)
[2022-12-17 08:40:45] INFO     Iteration 2197 (0 errors)
[2022-12-17 08:40:46] INFO     Iteration 2198 (0 errors)
[2022-12-17 08:40:47] INFO     Iteration 2199 (0 errors)
[2022-12-17 08:40:48] INFO     Iteration 2200 (0 errors)
[2022-12-17 08:40:49] INFO     Iteration 2201 (0 errors)
[2022-12-17 08:40:49] INFO     Iteration 2202 (0 errors)
[2022-12-17 08:40:50] INFO     Iteration 2203 (0 errors)
[2022-12-17 08:40:51] INFO     Iteration 2204 (0 errors)
[2022-12-17 08:40:52] INFO     Iteration 2205 (0 errors)
[2022-12-17 08:40:53] INFO     Iteration 2206 (0 errors)
[2022-12-17 08:40:53] INFO     Iteration 2207 (0 errors)
[2022-12-17 08:40:54] INFO     Iteration 2208 (0 errors)
[2022-12-17 08:40:55] INFO     Iteration 2209 (0 errors)
[2022-12-17 08:40:56] INFO     Iteration 2210 (0 errors)
[2022-12-17 08:40:57] INFO     Iteration 2211 (0 errors)
[2022-12-17 08:40:57] INFO     Iteration 2212 (0 errors)
[2022-12-17 08:40:58] INFO     Iteration 2213 (0 errors)
[2022-12-17 08:40:59] INFO     Iteration 2214 (0 errors)
[2022-12-17 08:41:00] INFO     Iteration 2215 (0 errors)
[2022-12-17 08:41:01] INFO     Iteration 2216 (0 errors)
[2022-12-17 08:41:01] INFO     Iteration 2217 (0 errors)
[2022-12-17 08:41:02] INFO     Iteration 2218 (0 errors)
[2022-12-17 08:41:03] INFO     Iteration 2219 (0 errors)
[2022-12-17 08:41:04] INFO     Iteration 2220 (0 errors)
[2022-12-17 08:41:05] INFO     Iteration 2221 (0 errors)
[2022-12-17 08:41:06] INFO     Iteration 2222 (0 errors)
[2022-12-17 08:41:06] INFO     Iteration 2223 (0 errors)
[2022-12-17 08:41:07] INFO     Iteration 2224 (0 errors)
[2022-12-17 08:41:08] INFO     Iteration 2225 (0 errors)
[2022-12-17 08:41:09] INFO     Iteration 2226 (0 errors)
[2022-12-17 08:41:10] INFO     Iteration 2227 (0 errors)
[2022-12-17 08:41:10] INFO     Iteration 2228 (0 errors)
[2022-12-17 08:41:11] INFO     Iteration 2229 (0 errors)
[2022-12-17 08:41:12] INFO     Iteration 2230 (0 errors)
[2022-12-17 08:41:13] INFO     Iteration 2231 (0 errors)
[2022-12-17 08:41:14] INFO     Iteration 2232 (0 errors)
[2022-12-17 08:41:14] INFO     Iteration 2233 (0 errors)
[2022-12-17 08:41:15] INFO     Iteration 2234 (0 errors)
[2022-12-17 08:41:16] INFO     Iteration 2235 (0 errors)
[2022-12-17 08:41:17] INFO     Iteration 2236 (0 errors)
[2022-12-17 08:41:18] INFO     Iteration 2237 (0 errors)
[2022-12-17 08:41:19] INFO     Iteration 2238 (0 errors)
[2022-12-17 08:41:19] INFO     Iteration 2239 (0 errors)
[2022-12-17 08:41:20] INFO     Iteration 2240 (0 errors)
[2022-12-17 08:41:21] INFO     Iteration 2241 (0 errors)
[2022-12-17 08:41:22] INFO     Iteration 2242 (0 errors)
[2022-12-17 08:41:23] INFO     Iteration 2243 (0 errors)
[2022-12-17 08:41:23] INFO     Iteration 2244 (0 errors)
[2022-12-17 08:41:24] INFO     Iteration 2245 (0 errors)
[2022-12-17 08:41:25] INFO     Iteration 2246 (0 errors)
[2022-12-17 08:41:26] INFO     Iteration 2247 (0 errors)
[2022-12-17 08:41:27] INFO     Iteration 2248 (0 errors)
[2022-12-17 08:41:27] INFO     Iteration 2249 (0 errors)
[2022-12-17 08:41:28] INFO     Iteration 2250 (0 errors)
[2022-12-17 08:41:29] INFO     Iteration 2251 (0 errors)
[2022-12-17 08:41:30] INFO     Iteration 2252 (0 errors)
[2022-12-17 08:41:31] INFO     Iteration 2253 (0 errors)
[2022-12-17 08:41:31] INFO     Iteration 2254 (0 errors)
[2022-12-17 08:41:32] INFO     Iteration 2255 (0 errors)
[2022-12-17 08:41:33] INFO     Iteration 2256 (0 errors)
[2022-12-17 08:41:34] INFO     Iteration 2257 (0 errors)
[2022-12-17 08:41:35] INFO     Iteration 2258 (0 errors)
[2022-12-17 08:41:35] INFO     Iteration 2259 (0 errors)
[2022-12-17 08:41:36] INFO     Iteration 2260 (0 errors)
[2022-12-17 08:41:37] INFO     Iteration 2261 (0 errors)
[2022-12-17 08:41:38] INFO     Iteration 2262 (0 errors)
[2022-12-17 08:41:39] INFO     Iteration 2263 (0 errors)
[2022-12-17 08:41:40] INFO     Iteration 2264 (0 errors)
[2022-12-17 08:41:40] INFO     Iteration 2265 (0 errors)
[2022-12-17 08:41:41] INFO     Iteration 2266 (0 errors)
[2022-12-17 08:41:42] INFO     Iteration 2267 (0 errors)
[2022-12-17 08:41:43] INFO     Iteration 2268 (0 errors)
[2022-12-17 08:41:44] INFO     Iteration 2269 (0 errors)
[2022-12-17 08:41:44] INFO     Iteration 2270 (0 errors)
[2022-12-17 08:41:45] INFO     Iteration 2271 (0 errors)
[2022-12-17 08:41:46] INFO     Iteration 2272 (0 errors)
[2022-12-17 08:41:47] INFO     Iteration 2273 (0 errors)
[2022-12-17 08:41:48] INFO     Iteration 2274 (0 errors)
[2022-12-17 08:41:48] INFO     Iteration 2275 (0 errors)
[2022-12-17 08:41:49] INFO     Iteration 2276 (0 errors)
[2022-12-17 08:41:50] INFO     Iteration 2277 (0 errors)
[2022-12-17 08:41:51] INFO     Iteration 2278 (0 errors)
[2022-12-17 08:41:52] INFO     Iteration 2279 (0 errors)
[2022-12-17 08:41:52] INFO     Iteration 2280 (0 errors)
[2022-12-17 08:41:53] INFO     Iteration 2281 (0 errors)
[2022-12-17 08:41:54] INFO     Iteration 2282 (0 errors)
[2022-12-17 08:41:55] INFO     Iteration 2283 (0 errors)
[2022-12-17 08:41:56] INFO     Iteration 2284 (0 errors)
[2022-12-17 08:41:56] INFO     Iteration 2285 (0 errors)
[2022-12-17 08:41:57] INFO     Iteration 2286 (0 errors)
[2022-12-17 08:41:58] INFO     Iteration 2287 (0 errors)
[2022-12-17 08:41:59] INFO     Iteration 2288 (0 errors)
[2022-12-17 08:42:00] INFO     Iteration 2289 (0 errors)
[2022-12-17 08:42:00] INFO     Iteration 2290 (0 errors)
[2022-12-17 08:42:01] INFO     Iteration 2291 (0 errors)
[2022-12-17 08:42:02] INFO     Iteration 2292 (0 errors)
[2022-12-17 08:42:03] INFO     Iteration 2293 (0 errors)
[2022-12-17 08:42:04] INFO     Iteration 2294 (0 errors)
[2022-12-17 08:42:05] INFO     Iteration 2295 (0 errors)
[2022-12-17 08:42:05] INFO     Iteration 2296 (0 errors)
[2022-12-17 08:42:06] INFO     Iteration 2297 (0 errors)
[2022-12-17 08:42:07] INFO     Iteration 2298 (0 errors)
[2022-12-17 08:42:08] INFO     Iteration 2299 (0 errors)
[2022-12-17 08:42:09] INFO     Iteration 2300 (0 errors)
[2022-12-17 08:42:09] INFO     Iteration 2301 (0 errors)
[2022-12-17 08:42:10] INFO     Iteration 2302 (0 errors)
[2022-12-17 08:42:11] INFO     Iteration 2303 (0 errors)
[2022-12-17 08:42:12] INFO     Iteration 2304 (0 errors)
[2022-12-17 08:42:13] INFO     Iteration 2305 (0 errors)
[2022-12-17 08:42:13] INFO     Iteration 2306 (0 errors)
[2022-12-17 08:42:14] INFO     Iteration 2307 (0 errors)
[2022-12-17 08:42:15] INFO     Iteration 2308 (0 errors)
[2022-12-17 08:42:16] INFO     Iteration 2309 (0 errors)
[2022-12-17 08:42:17] INFO     Iteration 2310 (0 errors)
[2022-12-17 08:42:18] INFO     Iteration 2311 (0 errors)
[2022-12-17 08:42:18] INFO     Iteration 2312 (0 errors)
[2022-12-17 08:42:19] INFO     Iteration 2313 (0 errors)
[2022-12-17 08:42:20] INFO     Iteration 2314 (0 errors)
[2022-12-17 08:42:21] INFO     Iteration 2315 (0 errors)
[2022-12-17 08:42:22] INFO     Iteration 2316 (0 errors)
[2022-12-17 08:42:22] INFO     Iteration 2317 (0 errors)
[2022-12-17 08:42:23] INFO     Iteration 2318 (0 errors)
[2022-12-17 08:42:24] INFO     Iteration 2319 (0 errors)
[2022-12-17 08:42:25] INFO     Iteration 2320 (0 errors)
[2022-12-17 08:42:26] INFO     Iteration 2321 (0 errors)
[2022-12-17 08:42:26] INFO     Iteration 2322 (0 errors)
[2022-12-17 08:42:27] INFO     Iteration 2323 (0 errors)
[2022-12-17 08:42:28] INFO     Iteration 2324 (0 errors)
[2022-12-17 08:42:29] INFO     Iteration 2325 (0 errors)
[2022-12-17 08:42:30] INFO     Iteration 2326 (0 errors)
[2022-12-17 08:42:30] INFO     Iteration 2327 (0 errors)
[2022-12-17 08:42:31] INFO     Iteration 2328 (0 errors)
[2022-12-17 08:42:32] INFO     Iteration 2329 (0 errors)
[2022-12-17 08:42:33] INFO     Iteration 2330 (0 errors)
[2022-12-17 08:42:34] INFO     Iteration 2331 (0 errors)
[2022-12-17 08:42:34] INFO     Iteration 2332 (0 errors)
[2022-12-17 08:42:35] INFO     Iteration 2333 (0 errors)
[2022-12-17 08:42:36] INFO     Iteration 2334 (0 errors)
[2022-12-17 08:42:37] INFO     Iteration 2335 (0 errors)
[2022-12-17 08:42:38] INFO     Iteration 2336 (0 errors)
[2022-12-17 08:42:39] INFO     Iteration 2337 (0 errors)
[2022-12-17 08:42:39] INFO     Iteration 2338 (0 errors)
[2022-12-17 08:42:40] INFO     Iteration 2339 (0 errors)
[2022-12-17 08:42:41] INFO     Iteration 2340 (0 errors)
[2022-12-17 08:42:42] INFO     Iteration 2341 (0 errors)
[2022-12-17 08:42:43] INFO     Iteration 2342 (0 errors)
[2022-12-17 08:42:43] INFO     Iteration 2343 (0 errors)
[2022-12-17 08:42:44] INFO     Iteration 2344 (0 errors)
[2022-12-17 08:42:45] INFO     Iteration 2345 (0 errors)
[2022-12-17 08:42:46] INFO     Iteration 2346 (0 errors)
[2022-12-17 08:42:47] INFO     Iteration 2347 (0 errors)
[2022-12-17 08:42:47] INFO     Iteration 2348 (0 errors)
[2022-12-17 08:42:48] INFO     Iteration 2349 (0 errors)
[2022-12-17 08:42:49] INFO     Iteration 2350 (0 errors)
[2022-12-17 08:42:50] INFO     Iteration 2351 (0 errors)
[2022-12-17 08:42:51] INFO     Iteration 2352 (0 errors)
[2022-12-17 08:42:51] INFO     Iteration 2353 (0 errors)
[2022-12-17 08:42:52] INFO     Iteration 2354 (0 errors)
[2022-12-17 08:42:53] INFO     Iteration 2355 (0 errors)
[2022-12-17 08:42:54] INFO     Iteration 2356 (0 errors)
[2022-12-17 08:42:55] INFO     Iteration 2357 (0 errors)
[2022-12-17 08:42:55] INFO     Iteration 2358 (0 errors)
[2022-12-17 08:42:56] INFO     Iteration 2359 (0 errors)
[2022-12-17 08:42:57] INFO     Iteration 2360 (0 errors)
[2022-12-17 08:42:58] INFO     Iteration 2361 (0 errors)
[2022-12-17 08:42:59] INFO     Iteration 2362 (0 errors)
[2022-12-17 08:43:00] INFO     Iteration 2363 (0 errors)
[2022-12-17 08:43:00] INFO     Iteration 2364 (0 errors)
[2022-12-17 08:43:01] INFO     Iteration 2365 (0 errors)
[2022-12-17 08:43:02] INFO     Iteration 2366 (0 errors)
[2022-12-17 08:43:03] INFO     Iteration 2367 (0 errors)
[2022-12-17 08:43:04] INFO     Iteration 2368 (0 errors)
[2022-12-17 08:43:04] INFO     Iteration 2369 (0 errors)
[2022-12-17 08:43:05] INFO     Iteration 2370 (0 errors)
[2022-12-17 08:43:06] INFO     Iteration 2371 (0 errors)
[2022-12-17 08:43:07] INFO     Iteration 2372 (0 errors)
[2022-12-17 08:43:08] INFO     Iteration 2373 (0 errors)
[2022-12-17 08:43:08] INFO     Iteration 2374 (0 errors)
[2022-12-17 08:43:09] INFO     Iteration 2375 (0 errors)
[2022-12-17 08:43:10] INFO     Iteration 2376 (0 errors)
[2022-12-17 08:43:11] INFO     Iteration 2377 (0 errors)
[2022-12-17 08:43:12] INFO     Iteration 2378 (0 errors)
[2022-12-17 08:43:12] INFO     Iteration 2379 (0 errors)
[2022-12-17 08:43:13] INFO     Iteration 2380 (0 errors)
[2022-12-17 08:43:14] INFO     Iteration 2381 (0 errors)
[2022-12-17 08:43:15] INFO     Iteration 2382 (0 errors)
[2022-12-17 08:43:16] INFO     Iteration 2383 (0 errors)
[2022-12-17 08:43:16] INFO     Iteration 2384 (0 errors)
[2022-12-17 08:43:17] INFO     Iteration 2385 (0 errors)
[2022-12-17 08:43:18] INFO     Iteration 2386 (0 errors)
[2022-12-17 08:43:19] INFO     Iteration 2387 (0 errors)
[2022-12-17 08:43:20] INFO     Iteration 2388 (0 errors)
[2022-12-17 08:43:20] INFO     Iteration 2389 (0 errors)
[2022-12-17 08:43:21] INFO     Iteration 2390 (0 errors)
[2022-12-17 08:43:22] INFO     Iteration 2391 (0 errors)
[2022-12-17 08:43:23] INFO     Iteration 2392 (0 errors)
[2022-12-17 08:43:24] INFO     Iteration 2393 (0 errors)
[2022-12-17 08:43:25] INFO     Iteration 2394 (0 errors)
[2022-12-17 08:43:25] INFO     Iteration 2395 (0 errors)
[2022-12-17 08:43:26] INFO     Iteration 2396 (0 errors)
[2022-12-17 08:43:27] INFO     Iteration 2397 (0 errors)
[2022-12-17 08:43:28] INFO     Iteration 2398 (0 errors)
[2022-12-17 08:43:29] INFO     Iteration 2399 (0 errors)
[2022-12-17 08:43:29] INFO     Iteration 2400 (0 errors)
[2022-12-17 08:43:30] INFO     Iteration 2401 (0 errors)
[2022-12-17 08:43:31] INFO     Iteration 2402 (0 errors)
[2022-12-17 08:43:32] INFO     Iteration 2403 (0 errors)
[2022-12-17 08:43:33] INFO     Iteration 2404 (0 errors)
[2022-12-17 08:43:33] INFO     Iteration 2405 (0 errors)
[2022-12-17 08:43:34] INFO     Iteration 2406 (0 errors)
[2022-12-17 08:43:35] INFO     Iteration 2407 (0 errors)
[2022-12-17 08:43:36] INFO     Iteration 2408 (0 errors)
[2022-12-17 08:43:37] INFO     Iteration 2409 (0 errors)
[2022-12-17 08:43:37] INFO     Iteration 2410 (0 errors)
[2022-12-17 08:43:38] INFO     Iteration 2411 (0 errors)
[2022-12-17 08:43:39] INFO     Iteration 2412 (0 errors)
[2022-12-17 08:43:40] INFO     Iteration 2413 (0 errors)
[2022-12-17 08:43:41] INFO     Iteration 2414 (0 errors)
[2022-12-17 08:43:41] INFO     Iteration 2415 (0 errors)
[2022-12-17 08:43:42] INFO     Iteration 2416 (0 errors)
[2022-12-17 08:43:43] INFO     Iteration 2417 (0 errors)
[2022-12-17 08:43:44] INFO     Iteration 2418 (0 errors)
[2022-12-17 08:43:45] INFO     Iteration 2419 (0 errors)
[2022-12-17 08:43:45] INFO     Iteration 2420 (0 errors)
[2022-12-17 08:43:46] INFO     Iteration 2421 (0 errors)
[2022-12-17 08:43:47] INFO     Iteration 2422 (0 errors)
[2022-12-17 08:43:48] INFO     Iteration 2423 (0 errors)
[2022-12-17 08:43:49] INFO     Iteration 2424 (0 errors)
[2022-12-17 08:43:50] INFO     Iteration 2425 (0 errors)
[2022-12-17 08:43:50] INFO     Iteration 2426 (0 errors)
[2022-12-17 08:43:51] INFO     Iteration 2427 (0 errors)
[2022-12-17 08:43:52] INFO     Iteration 2428 (0 errors)
[2022-12-17 08:43:53] INFO     Iteration 2429 (0 errors)
[2022-12-17 08:43:54] INFO     Iteration 2430 (0 errors)
[2022-12-17 08:43:54] INFO     Iteration 2431 (0 errors)
[2022-12-17 08:43:55] INFO     Iteration 2432 (0 errors)
[2022-12-17 08:43:56] INFO     Iteration 2433 (0 errors)
[2022-12-17 08:43:57] INFO     Iteration 2434 (0 errors)
[2022-12-17 08:43:58] INFO     Iteration 2435 (0 errors)
[2022-12-17 08:43:58] INFO     Iteration 2436 (0 errors)
[2022-12-17 08:43:59] INFO     Iteration 2437 (0 errors)
[2022-12-17 08:44:00] INFO     Iteration 2438 (0 errors)
[2022-12-17 08:44:01] INFO     Iteration 2439 (0 errors)
[2022-12-17 08:44:02] INFO     Iteration 2440 (0 errors)
[2022-12-17 08:44:02] INFO     Iteration 2441 (0 errors)
[2022-12-17 08:44:03] INFO     Iteration 2442 (0 errors)
[2022-12-17 08:44:04] INFO     Iteration 2443 (0 errors)
[2022-12-17 08:44:05] INFO     Iteration 2444 (0 errors)
[2022-12-17 08:44:06] INFO     Iteration 2445 (0 errors)
[2022-12-17 08:44:06] INFO     Iteration 2446 (0 errors)
[2022-12-17 08:44:07] INFO     Iteration 2447 (0 errors)
[2022-12-17 08:44:08] INFO     Iteration 2448 (0 errors)
[2022-12-17 08:44:09] INFO     Iteration 2449 (0 errors)
[2022-12-17 08:44:10] INFO     Iteration 2450 (0 errors)
[2022-12-17 08:44:11] INFO     Iteration 2451 (0 errors)
[2022-12-17 08:44:11] INFO     Iteration 2452 (0 errors)
[2022-12-17 08:44:12] INFO     Iteration 2453 (0 errors)
[2022-12-17 08:44:13] INFO     Iteration 2454 (0 errors)
[2022-12-17 08:44:14] INFO     Iteration 2455 (0 errors)
[2022-12-17 08:44:15] INFO     Iteration 2456 (0 errors)
[2022-12-17 08:44:15] INFO     Iteration 2457 (0 errors)
[2022-12-17 08:44:16] INFO     Iteration 2458 (0 errors)
[2022-12-17 08:44:17] INFO     Iteration 2459 (0 errors)
[2022-12-17 08:44:18] INFO     Iteration 2460 (0 errors)
[2022-12-17 08:44:19] INFO     Iteration 2461 (0 errors)
[2022-12-17 08:44:19] INFO     Iteration 2462 (0 errors)
[2022-12-17 08:44:20] INFO     Iteration 2463 (0 errors)
[2022-12-17 08:44:21] INFO     Iteration 2464 (0 errors)
[2022-12-17 08:44:22] INFO     Iteration 2465 (0 errors)
[2022-12-17 08:44:23] INFO     Iteration 2466 (0 errors)
[2022-12-17 08:44:23] INFO     Iteration 2467 (0 errors)
[2022-12-17 08:44:24] INFO     Iteration 2468 (0 errors)
[2022-12-17 08:44:25] INFO     Iteration 2469 (0 errors)
[2022-12-17 08:44:26] INFO     Iteration 2470 (0 errors)
[2022-12-17 08:44:27] INFO     Iteration 2471 (0 errors)
[2022-12-17 08:44:27] INFO     Iteration 2472 (0 errors)
[2022-12-17 08:44:28] INFO     Iteration 2473 (0 errors)
[2022-12-17 08:44:29] INFO     Iteration 2474 (0 errors)
[2022-12-17 08:44:30] INFO     Iteration 2475 (0 errors)
[2022-12-17 08:44:31] INFO     Iteration 2476 (0 errors)
[2022-12-17 08:44:32] INFO     Iteration 2477 (0 errors)
[2022-12-17 08:44:32] INFO     Iteration 2478 (0 errors)
[2022-12-17 08:44:33] INFO     Iteration 2479 (0 errors)
[2022-12-17 08:44:34] INFO     Iteration 2480 (0 errors)
[2022-12-17 08:44:35] INFO     Iteration 2481 (0 errors)
[2022-12-17 08:44:36] INFO     Iteration 2482 (0 errors)
[2022-12-17 08:44:36] INFO     Iteration 2483 (0 errors)
[2022-12-17 08:44:37] INFO     Iteration 2484 (0 errors)
[2022-12-17 08:44:38] INFO     Iteration 2485 (0 errors)
[2022-12-17 08:44:39] INFO     Iteration 2486 (0 errors)
[2022-12-17 08:44:40] INFO     Iteration 2487 (0 errors)
[2022-12-17 08:44:40] INFO     Iteration 2488 (0 errors)
[2022-12-17 08:44:41] INFO     Iteration 2489 (0 errors)
[2022-12-17 08:44:42] INFO     Iteration 2490 (0 errors)
[2022-12-17 08:44:43] INFO     Iteration 2491 (0 errors)
[2022-12-17 08:44:44] INFO     Iteration 2492 (0 errors)
[2022-12-17 08:44:44] INFO     Iteration 2493 (0 errors)
[2022-12-17 08:44:45] INFO     Iteration 2494 (0 errors)
[2022-12-17 08:44:46] INFO     Iteration 2495 (0 errors)
[2022-12-17 08:44:47] INFO     Iteration 2496 (0 errors)
[2022-12-17 08:44:48] INFO     Iteration 2497 (0 errors)
[2022-12-17 08:44:48] INFO     Iteration 2498 (0 errors)
[2022-12-17 08:44:49] INFO     Iteration 2499 (0 errors)
[2022-12-17 08:44:50] INFO     Iteration 2500 (0 errors)
[2022-12-17 08:44:51] INFO     Iteration 2501 (0 errors)
[2022-12-17 08:44:52] INFO     Iteration 2502 (0 errors)
[2022-12-17 08:44:52] INFO     Iteration 2503 (0 errors)
[2022-12-17 08:44:53] INFO     Iteration 2504 (0 errors)
[2022-12-17 08:44:54] INFO     Iteration 2505 (0 errors)
[2022-12-17 08:44:55] INFO     Iteration 2506 (0 errors)
[2022-12-17 08:44:56] INFO     Iteration 2507 (0 errors)
[2022-12-17 08:44:57] INFO     Iteration 2508 (0 errors)
[2022-12-17 08:44:57] INFO     Iteration 2509 (0 errors)
[2022-12-17 08:44:58] INFO     Iteration 2510 (0 errors)
[2022-12-17 08:44:59] INFO     Iteration 2511 (0 errors)
[2022-12-17 08:45:00] INFO     Iteration 2512 (0 errors)
[2022-12-17 08:45:01] INFO     Iteration 2513 (0 errors)
[2022-12-17 08:45:01] INFO     Iteration 2514 (0 errors)
[2022-12-17 08:45:02] INFO     Iteration 2515 (0 errors)
[2022-12-17 08:45:03] INFO     Iteration 2516 (0 errors)
[2022-12-17 08:45:04] INFO     Iteration 2517 (0 errors)
[2022-12-17 08:45:05] INFO     Iteration 2518 (0 errors)
[2022-12-17 08:45:05] INFO     Iteration 2519 (0 errors)
[2022-12-17 08:45:06] INFO     Iteration 2520 (0 errors)
[2022-12-17 08:45:07] INFO     Iteration 2521 (0 errors)
[2022-12-17 08:45:08] INFO     Iteration 2522 (0 errors)
[2022-12-17 08:45:09] INFO     Iteration 2523 (0 errors)
[2022-12-17 08:45:09] INFO     Iteration 2524 (0 errors)
[2022-12-17 08:45:10] INFO     Iteration 2525 (0 errors)
[2022-12-17 08:45:11] INFO     Iteration 2526 (0 errors)
[2022-12-17 08:45:12] INFO     Iteration 2527 (0 errors)
[2022-12-17 08:45:13] INFO     Iteration 2528 (0 errors)
[2022-12-17 08:45:13] INFO     Iteration 2529 (0 errors)
[2022-12-17 08:45:14] INFO     Iteration 2530 (0 errors)
[2022-12-17 08:45:15] INFO     Iteration 2531 (0 errors)
[2022-12-17 08:45:16] INFO     Iteration 2532 (0 errors)
[2022-12-17 08:45:17] INFO     Iteration 2533 (0 errors)
[2022-12-17 08:45:18] INFO     Iteration 2534 (0 errors)
[2022-12-17 08:45:18] INFO     Iteration 2535 (0 errors)
[2022-12-17 08:45:19] INFO     Iteration 2536 (0 errors)
[2022-12-17 08:45:20] INFO     Iteration 2537 (0 errors)
[2022-12-17 08:45:21] INFO     Iteration 2538 (0 errors)
[2022-12-17 08:45:22] INFO     Iteration 2539 (0 errors)
[2022-12-17 08:45:22] INFO     Iteration 2540 (0 errors)
[2022-12-17 08:45:23] INFO     Iteration 2541 (0 errors)
[2022-12-17 08:45:24] INFO     Iteration 2542 (0 errors)
[2022-12-17 08:45:25] INFO     Iteration 2543 (0 errors)
[2022-12-17 08:45:26] INFO     Iteration 2544 (0 errors)
[2022-12-17 08:45:26] INFO     Iteration 2545 (0 errors)
[2022-12-17 08:45:27] INFO     Iteration 2546 (0 errors)
[2022-12-17 08:45:28] INFO     Iteration 2547 (0 errors)
[2022-12-17 08:45:29] INFO     Iteration 2548 (0 errors)
[2022-12-17 08:45:30] INFO     Iteration 2549 (0 errors)
[2022-12-17 08:45:30] INFO     Iteration 2550 (0 errors)
[2022-12-17 08:45:31] INFO     Iteration 2551 (0 errors)
[2022-12-17 08:45:32] INFO     Iteration 2552 (0 errors)
[2022-12-17 08:45:33] INFO     Iteration 2553 (0 errors)
[2022-12-17 08:45:34] INFO     Iteration 2554 (0 errors)
[2022-12-17 08:45:35] INFO     Iteration 2555 (0 errors)
[2022-12-17 08:45:35] INFO     Iteration 2556 (0 errors)
[2022-12-17 08:45:36] INFO     Iteration 2557 (0 errors)
[2022-12-17 08:45:37] INFO     Iteration 2558 (0 errors)
[2022-12-17 08:45:38] INFO     Iteration 2559 (0 errors)
[2022-12-17 08:45:39] INFO     Iteration 2560 (0 errors)
[2022-12-17 08:45:39] INFO     Iteration 2561 (0 errors)
[2022-12-17 08:45:40] INFO     Iteration 2562 (0 errors)
[2022-12-17 08:45:41] INFO     Iteration 2563 (0 errors)
[2022-12-17 08:45:42] INFO     Iteration 2564 (0 errors)
[2022-12-17 08:45:43] INFO     Iteration 2565 (0 errors)
[2022-12-17 08:45:43] INFO     Iteration 2566 (0 errors)
[2022-12-17 08:45:44] INFO     Iteration 2567 (0 errors)
[2022-12-17 08:45:45] INFO     Iteration 2568 (0 errors)
[2022-12-17 08:45:46] INFO     Iteration 2569 (0 errors)
[2022-12-17 08:45:47] INFO     Iteration 2570 (0 errors)
[2022-12-17 08:45:47] INFO     Iteration 2571 (0 errors)
[2022-12-17 08:45:48] INFO     Iteration 2572 (0 errors)
[2022-12-17 08:45:49] INFO     Iteration 2573 (0 errors)
[2022-12-17 08:45:50] INFO     Iteration 2574 (0 errors)
[2022-12-17 08:45:51] INFO     Iteration 2575 (0 errors)
[2022-12-17 08:45:52] INFO     Iteration 2576 (0 errors)
[2022-12-17 08:45:52] INFO     Iteration 2577 (0 errors)
[2022-12-17 08:45:53] INFO     Iteration 2578 (0 errors)
[2022-12-17 08:45:54] INFO     Iteration 2579 (0 errors)
[2022-12-17 08:45:55] INFO     Iteration 2580 (0 errors)
[2022-12-17 08:45:56] INFO     Iteration 2581 (0 errors)
[2022-12-17 08:45:56] INFO     Iteration 2582 (0 errors)
[2022-12-17 08:45:57] INFO     Iteration 2583 (0 errors)
[2022-12-17 08:45:58] INFO     Iteration 2584 (0 errors)
[2022-12-17 08:45:59] INFO     Iteration 2585 (0 errors)
[2022-12-17 08:46:00] INFO     Iteration 2586 (0 errors)
[2022-12-17 08:46:00] INFO     Iteration 2587 (0 errors)
[2022-12-17 08:46:01] INFO     Iteration 2588 (0 errors)
[2022-12-17 08:46:02] INFO     Iteration 2589 (0 errors)
[2022-12-17 08:46:03] INFO     Iteration 2590 (0 errors)
[2022-12-17 08:46:04] INFO     Iteration 2591 (0 errors)
[2022-12-17 08:46:04] INFO     Iteration 2592 (0 errors)
[2022-12-17 08:46:05] INFO     Iteration 2593 (0 errors)
[2022-12-17 08:46:06] INFO     Iteration 2594 (0 errors)
[2022-12-17 08:46:07] INFO     Iteration 2595 (0 errors)
[2022-12-17 08:46:08] INFO     Iteration 2596 (0 errors)
[2022-12-17 08:46:08] INFO     Iteration 2597 (0 errors)
[2022-12-17 08:46:09] INFO     Iteration 2598 (0 errors)
[2022-12-17 08:46:10] INFO     Iteration 2599 (0 errors)
[2022-12-17 08:46:11] INFO     Iteration 2600 (0 errors)
[2022-12-17 08:46:12] INFO     Iteration 2601 (0 errors)
[2022-12-17 08:46:13] INFO     Iteration 2602 (0 errors)
[2022-12-17 08:46:13] INFO     Iteration 2603 (0 errors)
[2022-12-17 08:46:14] INFO     Iteration 2604 (0 errors)
[2022-12-17 08:46:15] INFO     Iteration 2605 (0 errors)
[2022-12-17 08:46:16] INFO     Iteration 2606 (0 errors)
[2022-12-17 08:46:17] INFO     Iteration 2607 (0 errors)
[2022-12-17 08:46:17] INFO     Iteration 2608 (0 errors)
[2022-12-17 08:46:18] INFO     Iteration 2609 (0 errors)
[2022-12-17 08:46:19] INFO     Iteration 2610 (0 errors)
[2022-12-17 08:46:20] INFO     Iteration 2611 (0 errors)
[2022-12-17 08:46:21] INFO     Iteration 2612 (0 errors)
[2022-12-17 08:46:21] INFO     Iteration 2613 (0 errors)
[2022-12-17 08:46:22] INFO     Iteration 2614 (0 errors)
[2022-12-17 08:46:23] INFO     Iteration 2615 (0 errors)
[2022-12-17 08:46:24] INFO     Iteration 2616 (0 errors)
[2022-12-17 08:46:25] INFO     Iteration 2617 (0 errors)
[2022-12-17 08:46:25] INFO     Iteration 2618 (0 errors)
[2022-12-17 08:46:26] INFO     Iteration 2619 (0 errors)
[2022-12-17 08:46:27] INFO     Iteration 2620 (0 errors)
[2022-12-17 08:46:28] INFO     Iteration 2621 (0 errors)
[2022-12-17 08:46:29] INFO     Iteration 2622 (0 errors)
[2022-12-17 08:46:29] INFO     Iteration 2623 (0 errors)
[2022-12-17 08:46:30] INFO     Iteration 2624 (0 errors)
[2022-12-17 08:46:31] INFO     Iteration 2625 (0 errors)
[2022-12-17 08:46:32] INFO     Iteration 2626 (0 errors)
[2022-12-17 08:46:33] INFO     Iteration 2627 (0 errors)
[2022-12-17 08:46:33] INFO     Iteration 2628 (0 errors)
[2022-12-17 08:46:34] INFO     Iteration 2629 (0 errors)
[2022-12-17 08:46:35] INFO     Iteration 2630 (0 errors)
[2022-12-17 08:46:36] INFO     Iteration 2631 (0 errors)
[2022-12-17 08:46:37] INFO     Iteration 2632 (0 errors)
[2022-12-17 08:46:38] INFO     Iteration 2633 (0 errors)
[2022-12-17 08:46:38] INFO     Iteration 2634 (0 errors)
[2022-12-17 08:46:39] INFO     Iteration 2635 (0 errors)
[2022-12-17 08:46:40] INFO     Iteration 2636 (0 errors)
[2022-12-17 08:46:41] INFO     Iteration 2637 (0 errors)
[2022-12-17 08:46:42] INFO     Iteration 2638 (0 errors)
[2022-12-17 08:46:42] INFO     Iteration 2639 (0 errors)
[2022-12-17 08:46:43] INFO     Iteration 2640 (0 errors)
[2022-12-17 08:46:44] INFO     Iteration 2641 (0 errors)
[2022-12-17 08:46:45] INFO     Iteration 2642 (0 errors)
[2022-12-17 08:46:46] INFO     Iteration 2643 (0 errors)
[2022-12-17 08:46:46] INFO     Iteration 2644 (0 errors)
[2022-12-17 08:46:47] INFO     Iteration 2645 (0 errors)
[2022-12-17 08:46:48] INFO     Iteration 2646 (0 errors)
[2022-12-17 08:46:49] INFO     Iteration 2647 (0 errors)
[2022-12-17 08:46:50] INFO     Iteration 2648 (0 errors)
[2022-12-17 08:46:50] INFO     Iteration 2649 (0 errors)
[2022-12-17 08:46:51] INFO     Iteration 2650 (0 errors)
[2022-12-17 08:46:52] INFO     Iteration 2651 (0 errors)
[2022-12-17 08:46:53] INFO     Iteration 2652 (0 errors)
[2022-12-17 08:46:54] INFO     Iteration 2653 (0 errors)
[2022-12-17 08:46:54] INFO     Iteration 2654 (0 errors)
[2022-12-17 08:46:55] INFO     Iteration 2655 (0 errors)
[2022-12-17 08:46:56] INFO     Iteration 2656 (0 errors)
[2022-12-17 08:46:57] INFO     Iteration 2657 (0 errors)
[2022-12-17 08:46:58] INFO     Iteration 2658 (0 errors)
[2022-12-17 08:46:59] INFO     Iteration 2659 (0 errors)
[2022-12-17 08:46:59] INFO     Iteration 2660 (0 errors)
[2022-12-17 08:47:00] INFO     Iteration 2661 (0 errors)
[2022-12-17 08:47:01] INFO     Iteration 2662 (0 errors)
[2022-12-17 08:47:02] INFO     Iteration 2663 (0 errors)
[2022-12-17 08:47:03] INFO     Iteration 2664 (0 errors)
[2022-12-17 08:47:03] INFO     Iteration 2665 (0 errors)
[2022-12-17 08:47:04] INFO     Iteration 2666 (0 errors)
[2022-12-17 08:47:05] INFO     Iteration 2667 (0 errors)
[2022-12-17 08:47:06] INFO     Iteration 2668 (0 errors)
[2022-12-17 08:47:07] INFO     Iteration 2669 (0 errors)
[2022-12-17 08:47:07] INFO     Iteration 2670 (0 errors)
[2022-12-17 08:47:08] INFO     Iteration 2671 (0 errors)
[2022-12-17 08:47:09] INFO     Iteration 2672 (0 errors)
[2022-12-17 08:47:10] INFO     Iteration 2673 (0 errors)
[2022-12-17 08:47:11] INFO     Iteration 2674 (0 errors)
[2022-12-17 08:47:11] INFO     Iteration 2675 (0 errors)
[2022-12-17 08:47:12] INFO     Iteration 2676 (0 errors)
[2022-12-17 08:47:13] INFO     Iteration 2677 (0 errors)
[2022-12-17 08:47:14] INFO     Iteration 2678 (0 errors)
[2022-12-17 08:47:15] INFO     Iteration 2679 (0 errors)
[2022-12-17 08:47:15] INFO     Iteration 2680 (0 errors)
[2022-12-17 08:47:16] INFO     Iteration 2681 (0 errors)
[2022-12-17 08:47:17] INFO     Iteration 2682 (0 errors)
[2022-12-17 08:47:18] INFO     Iteration 2683 (0 errors)
[2022-12-17 08:47:19] INFO     Iteration 2684 (0 errors)
[2022-12-17 08:47:20] INFO     Iteration 2685 (0 errors)
[2022-12-17 08:47:20] INFO     Iteration 2686 (0 errors)
[2022-12-17 08:47:21] INFO     Iteration 2687 (0 errors)
[2022-12-17 08:47:22] INFO     Iteration 2688 (0 errors)
[2022-12-17 08:47:23] INFO     Iteration 2689 (0 errors)
[2022-12-17 08:47:24] INFO     Iteration 2690 (0 errors)
[2022-12-17 08:47:24] INFO     Iteration 2691 (0 errors)
[2022-12-17 08:47:25] INFO     Iteration 2692 (0 errors)
[2022-12-17 08:47:26] INFO     Iteration 2693 (0 errors)
[2022-12-17 08:47:27] INFO     Iteration 2694 (0 errors)
[2022-12-17 08:47:28] INFO     Iteration 2695 (0 errors)
[2022-12-17 08:47:28] INFO     Iteration 2696 (0 errors)
[2022-12-17 08:47:29] INFO     Iteration 2697 (0 errors)
[2022-12-17 08:47:30] INFO     Iteration 2698 (0 errors)
[2022-12-17 08:47:31] INFO     Iteration 2699 (0 errors)
[2022-12-17 08:47:32] INFO     Iteration 2700 (0 errors)
[2022-12-17 08:47:32] INFO     Iteration 2701 (0 errors)
[2022-12-17 08:47:33] INFO     Iteration 2702 (0 errors)
[2022-12-17 08:47:34] INFO     Iteration 2703 (0 errors)
[2022-12-17 08:47:35] INFO     Iteration 2704 (0 errors)
[2022-12-17 08:47:36] INFO     Iteration 2705 (0 errors)
[2022-12-17 08:47:36] INFO     Iteration 2706 (0 errors)
[2022-12-17 08:47:37] INFO     Iteration 2707 (0 errors)
[2022-12-17 08:47:38] INFO     Iteration 2708 (0 errors)
[2022-12-17 08:47:39] INFO     Iteration 2709 (0 errors)
[2022-12-17 08:47:40] INFO     Iteration 2710 (0 errors)
[2022-12-17 08:47:41] INFO     Iteration 2711 (0 errors)
[2022-12-17 08:47:41] INFO     Iteration 2712 (0 errors)
[2022-12-17 08:47:42] INFO     Iteration 2713 (0 errors)
[2022-12-17 08:47:43] INFO     Iteration 2714 (0 errors)
[2022-12-17 08:47:44] INFO     Iteration 2715 (0 errors)
[2022-12-17 08:47:45] INFO     Iteration 2716 (0 errors)
[2022-12-17 08:47:45] INFO     Iteration 2717 (0 errors)
[2022-12-17 08:47:46] INFO     Iteration 2718 (0 errors)
[2022-12-17 08:47:47] INFO     Iteration 2719 (0 errors)
[2022-12-17 08:47:48] INFO     Iteration 2720 (0 errors)
[2022-12-17 08:47:49] INFO     Iteration 2721 (0 errors)
[2022-12-17 08:47:49] INFO     Iteration 2722 (0 errors)
[2022-12-17 08:47:50] INFO     Iteration 2723 (0 errors)
[2022-12-17 08:47:51] INFO     Iteration 2724 (0 errors)
[2022-12-17 08:47:52] INFO     Iteration 2725 (0 errors)
[2022-12-17 08:47:53] INFO     Iteration 2726 (0 errors)
[2022-12-17 08:47:53] INFO     Iteration 2727 (0 errors)
[2022-12-17 08:47:54] INFO     Iteration 2728 (0 errors)
[2022-12-17 08:47:55] INFO     Iteration 2729 (0 errors)
[2022-12-17 08:47:56] INFO     Iteration 2730 (0 errors)
[2022-12-17 08:47:57] INFO     Iteration 2731 (0 errors)
[2022-12-17 08:47:58] INFO     Iteration 2732 (0 errors)
[2022-12-17 08:47:58] INFO     Iteration 2733 (0 errors)
[2022-12-17 08:47:59] INFO     Iteration 2734 (0 errors)
[2022-12-17 08:48:00] INFO     Iteration 2735 (0 errors)
[2022-12-17 08:48:01] INFO     Iteration 2736 (0 errors)
[2022-12-17 08:48:02] INFO     Iteration 2737 (0 errors)
[2022-12-17 08:48:02] INFO     Iteration 2738 (0 errors)
[2022-12-17 08:48:03] INFO     Iteration 2739 (0 errors)
[2022-12-17 08:48:04] INFO     Iteration 2740 (0 errors)
[2022-12-17 08:48:05] INFO     Iteration 2741 (0 errors)
[2022-12-17 08:48:06] INFO     Iteration 2742 (0 errors)
[2022-12-17 08:48:06] INFO     Iteration 2743 (0 errors)
[2022-12-17 08:48:07] INFO     Iteration 2744 (0 errors)
[2022-12-17 08:48:08] INFO     Iteration 2745 (0 errors)
[2022-12-17 08:48:09] INFO     Iteration 2746 (0 errors)
[2022-12-17 08:48:10] INFO     Iteration 2747 (0 errors)
[2022-12-17 08:48:10] INFO     Iteration 2748 (0 errors)
[2022-12-17 08:48:11] INFO     Iteration 2749 (0 errors)
[2022-12-17 08:48:12] INFO     Iteration 2750 (0 errors)
[2022-12-17 08:48:13] INFO     Iteration 2751 (0 errors)
[2022-12-17 08:48:14] INFO     Iteration 2752 (0 errors)
[2022-12-17 08:48:15] INFO     Iteration 2753 (0 errors)
[2022-12-17 08:48:15] INFO     Iteration 2754 (0 errors)
[2022-12-17 08:48:16] INFO     Iteration 2755 (0 errors)
[2022-12-17 08:48:17] INFO     Iteration 2756 (0 errors)
[2022-12-17 08:48:18] INFO     Iteration 2757 (0 errors)
[2022-12-17 08:48:19] INFO     Iteration 2758 (0 errors)
[2022-12-17 08:48:19] INFO     Iteration 2759 (0 errors)
[2022-12-17 08:48:20] INFO     Iteration 2760 (0 errors)
[2022-12-17 08:48:21] INFO     Iteration 2761 (0 errors)
[2022-12-17 08:48:22] INFO     Iteration 2762 (0 errors)
[2022-12-17 08:48:23] INFO     Iteration 2763 (0 errors)
[2022-12-17 08:48:23] INFO     Iteration 2764 (0 errors)
[2022-12-17 08:48:24] INFO     Iteration 2765 (0 errors)
[2022-12-17 08:48:25] INFO     Iteration 2766 (0 errors)
[2022-12-17 08:48:26] INFO     Iteration 2767 (0 errors)
[2022-12-17 08:48:27] INFO     Iteration 2768 (0 errors)
[2022-12-17 08:48:27] INFO     Iteration 2769 (0 errors)
[2022-12-17 08:48:28] INFO     Iteration 2770 (0 errors)
[2022-12-17 08:48:29] INFO     Iteration 2771 (0 errors)
[2022-12-17 08:48:30] INFO     Iteration 2772 (0 errors)
[2022-12-17 08:48:31] INFO     Iteration 2773 (0 errors)
[2022-12-17 08:48:32] INFO     Iteration 2774 (0 errors)
[2022-12-17 08:48:32] INFO     Iteration 2775 (0 errors)
[2022-12-17 08:48:33] INFO     Iteration 2776 (0 errors)
[2022-12-17 08:48:34] INFO     Iteration 2777 (0 errors)
[2022-12-17 08:48:35] INFO     Iteration 2778 (0 errors)
[2022-12-17 08:48:36] INFO     Iteration 2779 (0 errors)
[2022-12-17 08:48:36] INFO     Iteration 2780 (0 errors)
[2022-12-17 08:48:37] INFO     Iteration 2781 (0 errors)
[2022-12-17 08:48:38] INFO     Iteration 2782 (0 errors)
[2022-12-17 08:48:39] INFO     Iteration 2783 (0 errors)
[2022-12-17 08:48:40] INFO     Iteration 2784 (0 errors)
[2022-12-17 08:48:40] INFO     Iteration 2785 (0 errors)
[2022-12-17 08:48:41] INFO     Iteration 2786 (0 errors)
[2022-12-17 08:48:42] INFO     Iteration 2787 (0 errors)
[2022-12-17 08:48:43] INFO     Iteration 2788 (0 errors)
[2022-12-17 08:48:44] INFO     Iteration 2789 (0 errors)
[2022-12-17 08:48:44] INFO     Iteration 2790 (0 errors)
[2022-12-17 08:48:45] INFO     Iteration 2791 (0 errors)
[2022-12-17 08:48:46] INFO     Iteration 2792 (0 errors)
[2022-12-17 08:48:47] INFO     Iteration 2793 (0 errors)
[2022-12-17 08:48:48] INFO     Iteration 2794 (0 errors)
[2022-12-17 08:48:49] INFO     Iteration 2795 (0 errors)
[2022-12-17 08:48:49] INFO     Iteration 2796 (0 errors)
[2022-12-17 08:48:50] INFO     Iteration 2797 (0 errors)
[2022-12-17 08:48:51] INFO     Iteration 2798 (0 errors)
[2022-12-17 08:48:52] INFO     Iteration 2799 (0 errors)
[2022-12-17 08:48:53] INFO     Iteration 2800 (0 errors)
[2022-12-17 08:48:53] INFO     Iteration 2801 (0 errors)
[2022-12-17 08:48:54] INFO     Iteration 2802 (0 errors)
[2022-12-17 08:48:55] INFO     Iteration 2803 (0 errors)
[2022-12-17 08:48:56] INFO     Iteration 2804 (0 errors)
[2022-12-17 08:48:57] INFO     Iteration 2805 (0 errors)
[2022-12-17 08:48:57] INFO     Iteration 2806 (0 errors)
[2022-12-17 08:48:58] INFO     Iteration 2807 (0 errors)
[2022-12-17 08:48:59] INFO     Iteration 2808 (0 errors)
[2022-12-17 08:49:00] INFO     Iteration 2809 (0 errors)
[2022-12-17 08:49:01] INFO     Iteration 2810 (0 errors)
[2022-12-17 08:49:01] INFO     Iteration 2811 (0 errors)
[2022-12-17 08:49:02] INFO     Iteration 2812 (0 errors)
[2022-12-17 08:49:03] INFO     Iteration 2813 (0 errors)
[2022-12-17 08:49:04] INFO     Iteration 2814 (0 errors)
[2022-12-17 08:49:05] INFO     Iteration 2815 (0 errors)
[2022-12-17 08:49:05] INFO     Iteration 2816 (0 errors)
[2022-12-17 08:49:06] INFO     Iteration 2817 (0 errors)
[2022-12-17 08:49:07] INFO     Iteration 2818 (0 errors)
[2022-12-17 08:49:08] INFO     Iteration 2819 (0 errors)
[2022-12-17 08:49:09] INFO     Iteration 2820 (0 errors)
[2022-12-17 08:49:10] INFO     Iteration 2821 (0 errors)
[2022-12-17 08:49:10] INFO     Iteration 2822 (0 errors)
[2022-12-17 08:49:11] INFO     Iteration 2823 (0 errors)
[2022-12-17 08:49:12] INFO     Iteration 2824 (0 errors)
[2022-12-17 08:49:13] INFO     Iteration 2825 (0 errors)
[2022-12-17 08:49:14] INFO     Iteration 2826 (0 errors)
[2022-12-17 08:49:14] INFO     Iteration 2827 (0 errors)
[2022-12-17 08:49:15] INFO     Iteration 2828 (0 errors)
[2022-12-17 08:49:16] INFO     Iteration 2829 (0 errors)
[2022-12-17 08:49:17] INFO     Iteration 2830 (0 errors)
[2022-12-17 08:49:18] INFO     Iteration 2831 (0 errors)
[2022-12-17 08:49:18] INFO     Iteration 2832 (0 errors)
[2022-12-17 08:49:19] INFO     Iteration 2833 (0 errors)
[2022-12-17 08:49:20] INFO     Iteration 2834 (0 errors)
[2022-12-17 08:49:21] INFO     Iteration 2835 (0 errors)
[2022-12-17 08:49:22] INFO     Iteration 2836 (0 errors)
[2022-12-17 08:49:22] INFO     Iteration 2837 (0 errors)
[2022-12-17 08:49:23] INFO     Iteration 2838 (0 errors)
[2022-12-17 08:49:24] INFO     Iteration 2839 (0 errors)
[2022-12-17 08:49:25] INFO     Iteration 2840 (0 errors)
[2022-12-17 08:49:26] INFO     Iteration 2841 (0 errors)
[2022-12-17 08:49:26] INFO     Iteration 2842 (0 errors)
[2022-12-17 08:49:27] INFO     Iteration 2843 (0 errors)
[2022-12-17 08:49:28] INFO     Iteration 2844 (0 errors)
[2022-12-17 08:49:29] INFO     Iteration 2845 (0 errors)
[2022-12-17 08:49:30] INFO     Iteration 2846 (0 errors)
[2022-12-17 08:49:31] INFO     Iteration 2847 (0 errors)
[2022-12-17 08:49:31] INFO     Iteration 2848 (0 errors)
[2022-12-17 08:49:32] INFO     Iteration 2849 (0 errors)
[2022-12-17 08:49:33] INFO     Iteration 2850 (0 errors)
[2022-12-17 08:49:34] INFO     Iteration 2851 (0 errors)
[2022-12-17 08:49:35] INFO     Iteration 2852 (0 errors)
[2022-12-17 08:49:35] INFO     Iteration 2853 (0 errors)
[2022-12-17 08:49:36] INFO     Iteration 2854 (0 errors)
[2022-12-17 08:49:37] INFO     Iteration 2855 (0 errors)
[2022-12-17 08:49:38] INFO     Iteration 2856 (0 errors)
[2022-12-17 08:49:39] INFO     Iteration 2857 (0 errors)
[2022-12-17 08:49:39] INFO     Iteration 2858 (0 errors)
[2022-12-17 08:49:40] INFO     Iteration 2859 (0 errors)
[2022-12-17 08:49:41] INFO     Iteration 2860 (0 errors)
[2022-12-17 08:49:42] INFO     Iteration 2861 (0 errors)
[2022-12-17 08:49:43] INFO     Iteration 2862 (0 errors)
[2022-12-17 08:49:43] INFO     Iteration 2863 (0 errors)
[2022-12-17 08:49:44] INFO     Iteration 2864 (0 errors)
[2022-12-17 08:49:45] INFO     Iteration 2865 (0 errors)
[2022-12-17 08:49:46] INFO     Iteration 2866 (0 errors)
[2022-12-17 08:49:47] INFO     Iteration 2867 (0 errors)
[2022-12-17 08:49:47] INFO     Iteration 2868 (0 errors)
[2022-12-17 08:49:48] INFO     Iteration 2869 (0 errors)
[2022-12-17 08:49:49] INFO     Iteration 2870 (0 errors)
[2022-12-17 08:49:50] INFO     Iteration 2871 (0 errors)
[2022-12-17 08:49:51] INFO     Iteration 2872 (0 errors)
[2022-12-17 08:49:52] INFO     Iteration 2873 (0 errors)
[2022-12-17 08:49:52] INFO     Iteration 2874 (0 errors)
[2022-12-17 08:49:53] INFO     Iteration 2875 (0 errors)
[2022-12-17 08:49:54] INFO     Iteration 2876 (0 errors)
[2022-12-17 08:49:55] INFO     Iteration 2877 (0 errors)
[2022-12-17 08:49:56] INFO     Iteration 2878 (0 errors)
[2022-12-17 08:49:56] INFO     Iteration 2879 (0 errors)
[2022-12-17 08:49:57] INFO     Iteration 2880 (0 errors)
[2022-12-17 08:49:58] INFO     Iteration 2881 (0 errors)
[2022-12-17 08:49:59] INFO     Iteration 2882 (0 errors)
[2022-12-17 08:50:00] INFO     Iteration 2883 (0 errors)
[2022-12-17 08:50:00] INFO     Iteration 2884 (0 errors)
[2022-12-17 08:50:01] INFO     Iteration 2885 (0 errors)
[2022-12-17 08:50:02] INFO     Iteration 2886 (0 errors)
[2022-12-17 08:50:03] INFO     Iteration 2887 (0 errors)
[2022-12-17 08:50:04] INFO     Iteration 2888 (0 errors)
[2022-12-17 08:50:04] INFO     Iteration 2889 (0 errors)
[2022-12-17 08:50:05] INFO     Iteration 2890 (0 errors)
[2022-12-17 08:50:06] INFO     Iteration 2891 (0 errors)
[2022-12-17 08:50:07] INFO     Iteration 2892 (0 errors)
[2022-12-17 08:50:08] INFO     Iteration 2893 (0 errors)
[2022-12-17 08:50:08] INFO     Iteration 2894 (0 errors)
[2022-12-17 08:50:09] INFO     Iteration 2895 (0 errors)
[2022-12-17 08:50:10] INFO     Iteration 2896 (0 errors)
[2022-12-17 08:50:11] INFO     Iteration 2897 (0 errors)
[2022-12-17 08:50:12] INFO     Iteration 2898 (0 errors)
[2022-12-17 08:50:13] INFO     Iteration 2899 (0 errors)
[2022-12-17 08:50:13] INFO     Iteration 2900 (0 errors)
[2022-12-17 08:50:14] INFO     Iteration 2901 (0 errors)
[2022-12-17 08:50:15] INFO     Iteration 2902 (0 errors)
[2022-12-17 08:50:16] INFO     Iteration 2903 (0 errors)
[2022-12-17 08:50:17] INFO     Iteration 2904 (0 errors)
[2022-12-17 08:50:17] INFO     Iteration 2905 (0 errors)
[2022-12-17 08:50:18] INFO     Iteration 2906 (0 errors)
[2022-12-17 08:50:19] INFO     Iteration 2907 (0 errors)
[2022-12-17 08:50:20] INFO     Iteration 2908 (0 errors)
[2022-12-17 08:50:21] INFO     Iteration 2909 (0 errors)
[2022-12-17 08:50:21] INFO     Iteration 2910 (0 errors)
[2022-12-17 08:50:22] INFO     Iteration 2911 (0 errors)
[2022-12-17 08:50:23] INFO     Iteration 2912 (0 errors)
[2022-12-17 08:50:24] INFO     Iteration 2913 (0 errors)
[2022-12-17 08:50:25] INFO     Iteration 2914 (0 errors)
[2022-12-17 08:50:25] INFO     Iteration 2915 (0 errors)
[2022-12-17 08:50:26] INFO     Iteration 2916 (0 errors)
[2022-12-17 08:50:27] INFO     Iteration 2917 (0 errors)
[2022-12-17 08:50:28] INFO     Iteration 2918 (0 errors)
[2022-12-17 08:50:29] INFO     Iteration 2919 (0 errors)
[2022-12-17 08:50:29] INFO     Iteration 2920 (0 errors)
[2022-12-17 08:50:30] INFO     Iteration 2921 (0 errors)
[2022-12-17 08:50:31] INFO     Iteration 2922 (0 errors)
[2022-12-17 08:50:32] INFO     Iteration 2923 (0 errors)
[2022-12-17 08:50:33] INFO     Iteration 2924 (0 errors)
[2022-12-17 08:50:34] INFO     Iteration 2925 (0 errors)
[2022-12-17 08:50:34] INFO     Iteration 2926 (0 errors)
[2022-12-17 08:50:35] INFO     Iteration 2927 (0 errors)
[2022-12-17 08:50:36] INFO     Iteration 2928 (0 errors)
[2022-12-17 08:50:37] INFO     Iteration 2929 (0 errors)
[2022-12-17 08:50:38] INFO     Iteration 2930 (0 errors)
[2022-12-17 08:50:38] INFO     Iteration 2931 (0 errors)
[2022-12-17 08:50:39] INFO     Iteration 2932 (0 errors)
[2022-12-17 08:50:40] INFO     Iteration 2933 (0 errors)
[2022-12-17 08:50:41] INFO     Iteration 2934 (0 errors)
[2022-12-17 08:50:42] INFO     Iteration 2935 (0 errors)
[2022-12-17 08:50:42] INFO     Iteration 2936 (0 errors)
[2022-12-17 08:50:43] INFO     Iteration 2937 (0 errors)
[2022-12-17 08:50:44] INFO     Iteration 2938 (0 errors)
[2022-12-17 08:50:45] INFO     Iteration 2939 (0 errors)
[2022-12-17 08:50:46] INFO     Iteration 2940 (0 errors)
[2022-12-17 08:50:46] INFO     Iteration 2941 (0 errors)
[2022-12-17 08:50:47] INFO     Iteration 2942 (0 errors)
[2022-12-17 08:50:48] INFO     Iteration 2943 (0 errors)
[2022-12-17 08:50:49] INFO     Iteration 2944 (0 errors)
[2022-12-17 08:50:50] INFO     Iteration 2945 (0 errors)
[2022-12-17 08:50:51] INFO     Iteration 2946 (0 errors)
[2022-12-17 08:50:51] INFO     Iteration 2947 (0 errors)
[2022-12-17 08:50:52] INFO     Iteration 2948 (0 errors)
[2022-12-17 08:50:53] INFO     Iteration 2949 (0 errors)
[2022-12-17 08:50:54] INFO     Iteration 2950 (0 errors)
[2022-12-17 08:50:55] INFO     Iteration 2951 (0 errors)
[2022-12-17 08:50:55] INFO     Iteration 2952 (0 errors)
[2022-12-17 08:50:56] INFO     Iteration 2953 (0 errors)
[2022-12-17 08:50:57] INFO     Iteration 2954 (0 errors)
[2022-12-17 08:50:58] INFO     Iteration 2955 (0 errors)
[2022-12-17 08:50:59] INFO     Iteration 2956 (0 errors)
[2022-12-17 08:50:59] INFO     Iteration 2957 (0 errors)
[2022-12-17 08:51:00] INFO     Iteration 2958 (0 errors)
[2022-12-17 08:51:01] INFO     Iteration 2959 (0 errors)
[2022-12-17 08:51:02] INFO     Iteration 2960 (0 errors)
[2022-12-17 08:51:03] INFO     Iteration 2961 (0 errors)
[2022-12-17 08:51:03] INFO     Iteration 2962 (0 errors)
[2022-12-17 08:51:04] INFO     Iteration 2963 (0 errors)
[2022-12-17 08:51:05] INFO     Iteration 2964 (0 errors)
[2022-12-17 08:51:06] INFO     Iteration 2965 (0 errors)
[2022-12-17 08:51:07] INFO     Iteration 2966 (0 errors)
[2022-12-17 08:51:07] INFO     Iteration 2967 (0 errors)
[2022-12-17 08:51:08] INFO     Iteration 2968 (0 errors)
[2022-12-17 08:51:09] INFO     Iteration 2969 (0 errors)
[2022-12-17 08:51:10] INFO     Iteration 2970 (0 errors)
[2022-12-17 08:51:11] INFO     Iteration 2971 (0 errors)
[2022-12-17 08:51:12] INFO     Iteration 2972 (0 errors)
[2022-12-17 08:51:12] INFO     Iteration 2973 (0 errors)
[2022-12-17 08:51:13] INFO     Iteration 2974 (0 errors)
[2022-12-17 08:51:14] INFO     Iteration 2975 (0 errors)
[2022-12-17 08:51:15] INFO     Iteration 2976 (0 errors)
[2022-12-17 08:51:16] INFO     Iteration 2977 (0 errors)
[2022-12-17 08:51:16] INFO     Iteration 2978 (0 errors)
[2022-12-17 08:51:17] INFO     Iteration 2979 (0 errors)
[2022-12-17 08:51:18] INFO     Iteration 2980 (0 errors)
[2022-12-17 08:51:19] INFO     Iteration 2981 (0 errors)
[2022-12-17 08:51:20] INFO     Iteration 2982 (0 errors)
[2022-12-17 08:51:20] INFO     Iteration 2983 (0 errors)
[2022-12-17 08:51:21] INFO     Iteration 2984 (0 errors)
[2022-12-17 08:51:22] INFO     Iteration 2985 (0 errors)
[2022-12-17 08:51:23] INFO     Iteration 2986 (0 errors)
[2022-12-17 08:51:24] INFO     Iteration 2987 (0 errors)
[2022-12-17 08:51:24] INFO     Iteration 2988 (0 errors)
[2022-12-17 08:51:25] INFO     Iteration 2989 (0 errors)
[2022-12-17 08:51:26] INFO     Iteration 2990 (0 errors)
[2022-12-17 08:51:27] INFO     Iteration 2991 (0 errors)
[2022-12-17 08:51:28] INFO     Iteration 2992 (0 errors)
[2022-12-17 08:51:28] INFO     Iteration 2993 (0 errors)
[2022-12-17 08:51:29] INFO     Iteration 2994 (0 errors)
[2022-12-17 08:51:30] INFO     Iteration 2995 (0 errors)
[2022-12-17 08:51:31] INFO     Iteration 2996 (0 errors)
[2022-12-17 08:51:32] INFO     Iteration 2997 (0 errors)
[2022-12-17 08:51:32] INFO     Iteration 2998 (0 errors)
[2022-12-17 08:51:33] INFO     Iteration 2999 (0 errors)
[2022-12-17 08:51:34] INFO     Iteration 3000 (0 errors)
[2022-12-17 08:51:35] INFO     Iteration 3001 (0 errors)
[2022-12-17 08:51:36] INFO     Iteration 3002 (0 errors)
[2022-12-17 08:51:37] INFO     Iteration 3003 (0 errors)
[2022-12-17 08:51:37] INFO     Iteration 3004 (0 errors)
[2022-12-17 08:51:38] INFO     Iteration 3005 (0 errors)
[2022-12-17 08:51:39] INFO     Iteration 3006 (0 errors)
[2022-12-17 08:51:40] INFO     Iteration 3007 (0 errors)
[2022-12-17 08:51:41] INFO     Iteration 3008 (0 errors)
[2022-12-17 08:51:41] INFO     Iteration 3009 (0 errors)
[2022-12-17 08:51:42] INFO     Iteration 3010 (0 errors)
[2022-12-17 08:51:43] INFO     Iteration 3011 (0 errors)
[2022-12-17 08:51:44] INFO     Iteration 3012 (0 errors)
[2022-12-17 08:51:45] INFO     Iteration 3013 (0 errors)
[2022-12-17 08:51:45] INFO     Iteration 3014 (0 errors)
[2022-12-17 08:51:46] INFO     Iteration 3015 (0 errors)
[2022-12-17 08:51:47] INFO     Iteration 3016 (0 errors)
[2022-12-17 08:51:48] INFO     Iteration 3017 (0 errors)
[2022-12-17 08:51:49] INFO     Iteration 3018 (0 errors)
[2022-12-17 08:51:49] INFO     Iteration 3019 (0 errors)
[2022-12-17 08:51:50] INFO     Iteration 3020 (0 errors)
[2022-12-17 08:51:51] INFO     Iteration 3021 (0 errors)
[2022-12-17 08:51:52] INFO     Iteration 3022 (0 errors)
[2022-12-17 08:51:53] INFO     Iteration 3023 (0 errors)
[2022-12-17 08:51:53] INFO     Iteration 3024 (0 errors)
[2022-12-17 08:51:54] INFO     Iteration 3025 (0 errors)
[2022-12-17 08:51:55] INFO     Iteration 3026 (0 errors)
[2022-12-17 08:51:56] INFO     Iteration 3027 (0 errors)
[2022-12-17 08:51:57] INFO     Iteration 3028 (0 errors)
[2022-12-17 08:51:57] INFO     Iteration 3029 (0 errors)
[2022-12-17 08:51:58] INFO     Iteration 3030 (0 errors)
[2022-12-17 08:51:59] INFO     Iteration 3031 (0 errors)
[2022-12-17 08:52:00] INFO     Iteration 3032 (0 errors)
[2022-12-17 08:52:01] INFO     Iteration 3033 (0 errors)
[2022-12-17 08:52:02] INFO     Iteration 3034 (0 errors)
[2022-12-17 08:52:02] INFO     Iteration 3035 (0 errors)
[2022-12-17 08:52:03] INFO     Iteration 3036 (0 errors)
[2022-12-17 08:52:04] INFO     Iteration 3037 (0 errors)
[2022-12-17 08:52:05] INFO     Iteration 3038 (0 errors)
[2022-12-17 08:52:06] INFO     Iteration 3039 (0 errors)
[2022-12-17 08:52:06] INFO     Iteration 3040 (0 errors)
[2022-12-17 08:52:07] INFO     Iteration 3041 (0 errors)
[2022-12-17 08:52:08] INFO     Iteration 3042 (0 errors)
[2022-12-17 08:52:09] INFO     Iteration 3043 (0 errors)
[2022-12-17 08:52:10] INFO     Iteration 3044 (0 errors)
[2022-12-17 08:52:10] INFO     Iteration 3045 (0 errors)
[2022-12-17 08:52:11] INFO     Iteration 3046 (0 errors)
[2022-12-17 08:52:12] INFO     Iteration 3047 (0 errors)
[2022-12-17 08:52:13] INFO     Iteration 3048 (0 errors)
[2022-12-17 08:52:14] INFO     Iteration 3049 (0 errors)
[2022-12-17 08:52:14] INFO     Iteration 3050 (0 errors)
[2022-12-17 08:52:15] INFO     Iteration 3051 (0 errors)
[2022-12-17 08:52:16] INFO     Iteration 3052 (0 errors)
[2022-12-17 08:52:17] INFO     Iteration 3053 (0 errors)
[2022-12-17 08:52:18] INFO     Iteration 3054 (0 errors)
[2022-12-17 08:52:19] INFO     Iteration 3055 (0 errors)
[2022-12-17 08:52:19] INFO     Iteration 3056 (0 errors)
[2022-12-17 08:52:20] INFO     Iteration 3057 (0 errors)
[2022-12-17 08:52:21] INFO     Iteration 3058 (0 errors)
[2022-12-17 08:52:22] INFO     Iteration 3059 (0 errors)
[2022-12-17 08:52:23] INFO     Iteration 3060 (0 errors)
[2022-12-17 08:52:23] INFO     Iteration 3061 (0 errors)
[2022-12-17 08:52:24] INFO     Iteration 3062 (0 errors)
[2022-12-17 08:52:25] INFO     Iteration 3063 (0 errors)
[2022-12-17 08:52:26] INFO     Iteration 3064 (0 errors)
[2022-12-17 08:52:27] INFO     Iteration 3065 (0 errors)
[2022-12-17 08:52:27] INFO     Iteration 3066 (0 errors)
[2022-12-17 08:52:28] INFO     Iteration 3067 (0 errors)
[2022-12-17 08:52:29] INFO     Iteration 3068 (0 errors)
[2022-12-17 08:52:30] INFO     Iteration 3069 (0 errors)
[2022-12-17 08:52:31] INFO     Iteration 3070 (0 errors)
[2022-12-17 08:52:31] INFO     Iteration 3071 (0 errors)
[2022-12-17 08:52:32] INFO     Iteration 3072 (0 errors)
[2022-12-17 08:52:33] INFO     Iteration 3073 (0 errors)
[2022-12-17 08:52:34] INFO     Iteration 3074 (0 errors)
[2022-12-17 08:52:35] INFO     Iteration 3075 (0 errors)
[2022-12-17 08:52:36] INFO     Iteration 3076 (0 errors)
[2022-12-17 08:52:36] INFO     Iteration 3077 (0 errors)
[2022-12-17 08:52:37] INFO     Iteration 3078 (0 errors)
[2022-12-17 08:52:38] INFO     Iteration 3079 (0 errors)
[2022-12-17 08:52:39] INFO     Iteration 3080 (0 errors)
[2022-12-17 08:52:40] INFO     Iteration 3081 (0 errors)
[2022-12-17 08:52:40] INFO     Iteration 3082 (0 errors)
[2022-12-17 08:52:41] INFO     Iteration 3083 (0 errors)
[2022-12-17 08:52:42] INFO     Iteration 3084 (0 errors)
[2022-12-17 08:52:43] INFO     Iteration 3085 (0 errors)
[2022-12-17 08:52:44] INFO     Iteration 3086 (0 errors)
[2022-12-17 08:52:44] INFO     Iteration 3087 (0 errors)
[2022-12-17 08:52:45] INFO     Iteration 3088 (0 errors)
[2022-12-17 08:52:46] INFO     Iteration 3089 (0 errors)
[2022-12-17 08:52:47] INFO     Iteration 3090 (0 errors)
[2022-12-17 08:52:48] INFO     Iteration 3091 (0 errors)
[2022-12-17 08:52:48] INFO     Iteration 3092 (0 errors)
[2022-12-17 08:52:49] INFO     Iteration 3093 (0 errors)
[2022-12-17 08:52:50] INFO     Iteration 3094 (0 errors)
[2022-12-17 08:52:51] INFO     Iteration 3095 (0 errors)
[2022-12-17 08:52:52] INFO     Iteration 3096 (0 errors)
[2022-12-17 08:52:52] INFO     Iteration 3097 (0 errors)
[2022-12-17 08:52:53] INFO     Iteration 3098 (0 errors)
[2022-12-17 08:52:54] INFO     Iteration 3099 (0 errors)
[2022-12-17 08:52:55] INFO     Iteration 3100 (0 errors)
[2022-12-17 08:52:56] INFO     Iteration 3101 (0 errors)
[2022-12-17 08:52:57] INFO     Iteration 3102 (0 errors)
[2022-12-17 08:52:57] INFO     Iteration 3103 (0 errors)
[2022-12-17 08:52:58] INFO     Iteration 3104 (0 errors)
[2022-12-17 08:52:59] INFO     Iteration 3105 (0 errors)
[2022-12-17 08:53:00] INFO     Iteration 3106 (0 errors)
[2022-12-17 08:53:01] INFO     Iteration 3107 (0 errors)
[2022-12-17 08:53:01] INFO     Iteration 3108 (0 errors)
[2022-12-17 08:53:02] INFO     Iteration 3109 (0 errors)
[2022-12-17 08:53:03] INFO     Iteration 3110 (0 errors)
[2022-12-17 08:53:04] INFO     Iteration 3111 (0 errors)
[2022-12-17 08:53:05] INFO     Iteration 3112 (0 errors)
[2022-12-17 08:53:05] INFO     Iteration 3113 (0 errors)
[2022-12-17 08:53:06] INFO     Iteration 3114 (0 errors)
[2022-12-17 08:53:07] INFO     Iteration 3115 (0 errors)
[2022-12-17 08:53:08] INFO     Iteration 3116 (0 errors)
[2022-12-17 08:53:09] INFO     Iteration 3117 (0 errors)
[2022-12-17 08:53:09] INFO     Iteration 3118 (0 errors)
[2022-12-17 08:53:10] INFO     Iteration 3119 (0 errors)
[2022-12-17 08:53:11] INFO     Iteration 3120 (0 errors)
[2022-12-17 08:53:12] INFO     Iteration 3121 (0 errors)
[2022-12-17 08:53:13] INFO     Iteration 3122 (0 errors)
[2022-12-17 08:53:13] INFO     Iteration 3123 (0 errors)
[2022-12-17 08:53:14] INFO     Iteration 3124 (0 errors)
[2022-12-17 08:53:15] INFO     Iteration 3125 (0 errors)
[2022-12-17 08:53:16] INFO     Iteration 3126 (0 errors)
[2022-12-17 08:53:17] INFO     Iteration 3127 (0 errors)
[2022-12-17 08:53:17] INFO     Iteration 3128 (0 errors)
[2022-12-17 08:53:18] INFO     Iteration 3129 (0 errors)
[2022-12-17 08:53:19] INFO     Iteration 3130 (0 errors)
[2022-12-17 08:53:20] INFO     Iteration 3131 (0 errors)
[2022-12-17 08:53:21] INFO     Iteration 3132 (0 errors)
[2022-12-17 08:53:22] INFO     Iteration 3133 (0 errors)
[2022-12-17 08:53:22] INFO     Iteration 3134 (0 errors)
[2022-12-17 08:53:23] INFO     Iteration 3135 (0 errors)
[2022-12-17 08:53:24] INFO     Iteration 3136 (0 errors)
[2022-12-17 08:53:25] INFO     Iteration 3137 (0 errors)
[2022-12-17 08:53:26] INFO     Iteration 3138 (0 errors)
[2022-12-17 08:53:26] INFO     Iteration 3139 (0 errors)
[2022-12-17 08:53:27] INFO     Iteration 3140 (0 errors)
[2022-12-17 08:53:28] INFO     Iteration 3141 (0 errors)
[2022-12-17 08:53:29] INFO     Iteration 3142 (0 errors)
[2022-12-17 08:53:30] INFO     Iteration 3143 (0 errors)
[2022-12-17 08:53:30] INFO     Iteration 3144 (0 errors)
[2022-12-17 08:53:31] INFO     Iteration 3145 (0 errors)
[2022-12-17 08:53:32] INFO     Iteration 3146 (0 errors)
[2022-12-17 08:53:33] INFO     Iteration 3147 (0 errors)
[2022-12-17 08:53:34] INFO     Iteration 3148 (0 errors)
[2022-12-17 08:53:34] INFO     Iteration 3149 (0 errors)
[2022-12-17 08:53:35] INFO     Iteration 3150 (0 errors)
[2022-12-17 08:53:36] INFO     Iteration 3151 (0 errors)
[2022-12-17 08:53:37] INFO     Iteration 3152 (0 errors)
[2022-12-17 08:53:38] INFO     Iteration 3153 (0 errors)
[2022-12-17 08:53:39] INFO     Iteration 3154 (0 errors)
[2022-12-17 08:53:39] INFO     Iteration 3155 (0 errors)
[2022-12-17 08:53:40] INFO     Iteration 3156 (0 errors)
[2022-12-17 08:53:41] INFO     Iteration 3157 (0 errors)
[2022-12-17 08:53:42] INFO     Iteration 3158 (0 errors)
[2022-12-17 08:53:43] INFO     Iteration 3159 (0 errors)
[2022-12-17 08:53:43] INFO     Iteration 3160 (0 errors)
[2022-12-17 08:53:44] INFO     Iteration 3161 (0 errors)
[2022-12-17 08:53:45] INFO     Iteration 3162 (0 errors)
[2022-12-17 08:53:46] INFO     Iteration 3163 (0 errors)
[2022-12-17 08:53:47] INFO     Iteration 3164 (0 errors)
[2022-12-17 08:53:47] INFO     Iteration 3165 (0 errors)
[2022-12-17 08:53:48] INFO     Iteration 3166 (0 errors)
[2022-12-17 08:53:49] INFO     Iteration 3167 (0 errors)
[2022-12-17 08:53:50] INFO     Iteration 3168 (0 errors)
[2022-12-17 08:53:51] INFO     Iteration 3169 (0 errors)
[2022-12-17 08:53:51] INFO     Iteration 3170 (0 errors)
[2022-12-17 08:53:52] INFO     Iteration 3171 (0 errors)
[2022-12-17 08:53:53] INFO     Iteration 3172 (0 errors)
[2022-12-17 08:53:54] INFO     Iteration 3173 (0 errors)
[2022-12-17 08:53:55] INFO     Iteration 3174 (0 errors)
[2022-12-17 08:53:55] INFO     Iteration 3175 (0 errors)
[2022-12-17 08:53:56] INFO     Iteration 3176 (0 errors)
[2022-12-17 08:53:57] INFO     Iteration 3177 (0 errors)
[2022-12-17 08:53:58] INFO     Iteration 3178 (0 errors)
[2022-12-17 08:53:59] INFO     Iteration 3179 (0 errors)
[2022-12-17 08:54:00] INFO     Iteration 3180 (0 errors)
[2022-12-17 08:54:00] INFO     Iteration 3181 (0 errors)
[2022-12-17 08:54:01] INFO     Iteration 3182 (0 errors)
[2022-12-17 08:54:02] INFO     Iteration 3183 (0 errors)
[2022-12-17 08:54:03] INFO     Iteration 3184 (0 errors)
[2022-12-17 08:54:04] INFO     Iteration 3185 (0 errors)
[2022-12-17 08:54:04] INFO     Iteration 3186 (0 errors)
[2022-12-17 08:54:05] INFO     Iteration 3187 (0 errors)
[2022-12-17 08:54:06] INFO     Iteration 3188 (0 errors)
[2022-12-17 08:54:07] INFO     Iteration 3189 (0 errors)
[2022-12-17 08:54:08] INFO     Iteration 3190 (0 errors)
[2022-12-17 08:54:08] INFO     Iteration 3191 (0 errors)
[2022-12-17 08:54:09] INFO     Iteration 3192 (0 errors)
[2022-12-17 08:54:10] INFO     Iteration 3193 (0 errors)
[2022-12-17 08:54:11] INFO     Iteration 3194 (0 errors)
[2022-12-17 08:54:12] INFO     Iteration 3195 (0 errors)
[2022-12-17 08:54:12] INFO     Iteration 3196 (0 errors)
[2022-12-17 08:54:13] INFO     Iteration 3197 (0 errors)
[2022-12-17 08:54:14] INFO     Iteration 3198 (0 errors)
[2022-12-17 08:54:15] INFO     Iteration 3199 (0 errors)
[2022-12-17 08:54:16] INFO     Iteration 3200 (0 errors)
[2022-12-17 08:54:16] INFO     Iteration 3201 (0 errors)
[2022-12-17 08:54:17] INFO     Iteration 3202 (0 errors)
[2022-12-17 08:54:18] INFO     Iteration 3203 (0 errors)
[2022-12-17 08:54:19] INFO     Iteration 3204 (0 errors)
[2022-12-17 08:54:20] INFO     Iteration 3205 (0 errors)
[2022-12-17 08:54:20] INFO     Iteration 3206 (0 errors)
[2022-12-17 08:54:21] INFO     Iteration 3207 (0 errors)
[2022-12-17 08:54:22] INFO     Iteration 3208 (0 errors)
[2022-12-17 08:54:23] INFO     Iteration 3209 (0 errors)
[2022-12-17 08:54:24] INFO     Iteration 3210 (0 errors)
[2022-12-17 08:54:25] INFO     Iteration 3211 (0 errors)
[2022-12-17 08:54:25] INFO     Iteration 3212 (0 errors)
[2022-12-17 08:54:26] INFO     Iteration 3213 (0 errors)
[2022-12-17 08:54:27] INFO     Iteration 3214 (0 errors)
[2022-12-17 08:54:28] INFO     Iteration 3215 (0 errors)
[2022-12-17 08:54:29] INFO     Iteration 3216 (0 errors)
[2022-12-17 08:54:29] INFO     Iteration 3217 (0 errors)
[2022-12-17 08:54:30] INFO     Iteration 3218 (0 errors)
[2022-12-17 08:54:31] INFO     Iteration 3219 (0 errors)
[2022-12-17 08:54:32] INFO     Iteration 3220 (0 errors)
[2022-12-17 08:54:33] INFO     Iteration 3221 (0 errors)
[2022-12-17 08:54:33] INFO     Iteration 3222 (0 errors)
[2022-12-17 08:54:34] INFO     Iteration 3223 (0 errors)
[2022-12-17 08:54:35] INFO     Iteration 3224 (0 errors)
[2022-12-17 08:54:36] INFO     Iteration 3225 (0 errors)
[2022-12-17 08:54:37] INFO     Iteration 3226 (0 errors)
[2022-12-17 08:54:38] INFO     Iteration 3227 (0 errors)
[2022-12-17 08:54:38] INFO     Iteration 3228 (0 errors)
[2022-12-17 08:54:39] INFO     Iteration 3229 (0 errors)
[2022-12-17 08:54:40] INFO     Iteration 3230 (0 errors)
[2022-12-17 08:54:41] INFO     Iteration 3231 (0 errors)
[2022-12-17 08:54:42] INFO     Iteration 3232 (0 errors)
[2022-12-17 08:54:42] INFO     Iteration 3233 (0 errors)
[2022-12-17 08:54:43] INFO     Iteration 3234 (0 errors)
[2022-12-17 08:54:44] INFO     Iteration 3235 (0 errors)
[2022-12-17 08:54:45] INFO     Iteration 3236 (0 errors)
[2022-12-17 08:54:46] INFO     Iteration 3237 (0 errors)
[2022-12-17 08:54:46] INFO     Iteration 3238 (0 errors)
[2022-12-17 08:54:47] INFO     Iteration 3239 (0 errors)
[2022-12-17 08:54:48] INFO     Iteration 3240 (0 errors)
[2022-12-17 08:54:49] INFO     Iteration 3241 (0 errors)
[2022-12-17 08:54:50] INFO     Iteration 3242 (0 errors)
[2022-12-17 08:54:50] INFO     Iteration 3243 (0 errors)
[2022-12-17 08:54:51] INFO     Iteration 3244 (0 errors)
[2022-12-17 08:54:52] INFO     Iteration 3245 (0 errors)
[2022-12-17 08:54:53] INFO     Iteration 3246 (0 errors)
[2022-12-17 08:54:54] INFO     Iteration 3247 (0 errors)
[2022-12-17 08:54:54] INFO     Iteration 3248 (0 errors)
[2022-12-17 08:54:55] INFO     Iteration 3249 (0 errors)
[2022-12-17 08:54:56] INFO     Iteration 3250 (0 errors)
[2022-12-17 08:54:57] INFO     Iteration 3251 (0 errors)
[2022-12-17 08:54:58] INFO     Iteration 3252 (0 errors)
[2022-12-17 08:54:59] INFO     Iteration 3253 (0 errors)
[2022-12-17 08:54:59] INFO     Iteration 3254 (0 errors)
[2022-12-17 08:55:00] INFO     Iteration 3255 (0 errors)
[2022-12-17 08:55:01] INFO     Iteration 3256 (0 errors)
[2022-12-17 08:55:02] INFO     Iteration 3257 (0 errors)
[2022-12-17 08:55:03] INFO     Iteration 3258 (0 errors)
[2022-12-17 08:55:03] INFO     Iteration 3259 (0 errors)
[2022-12-17 08:55:04] INFO     Iteration 3260 (0 errors)
[2022-12-17 08:55:05] INFO     Iteration 3261 (0 errors)
[2022-12-17 08:55:06] INFO     Iteration 3262 (0 errors)
[2022-12-17 08:55:07] INFO     Iteration 3263 (0 errors)
[2022-12-17 08:55:07] INFO     Iteration 3264 (0 errors)
[2022-12-17 08:55:08] INFO     Iteration 3265 (0 errors)
[2022-12-17 08:55:09] INFO     Iteration 3266 (0 errors)
[2022-12-17 08:55:10] INFO     Iteration 3267 (0 errors)
[2022-12-17 08:55:11] INFO     Iteration 3268 (0 errors)
[2022-12-17 08:55:11] INFO     Iteration 3269 (0 errors)
[2022-12-17 08:55:12] INFO     Iteration 3270 (0 errors)
[2022-12-17 08:55:13] INFO     Iteration 3271 (0 errors)
[2022-12-17 08:55:14] INFO     Iteration 3272 (0 errors)
[2022-12-17 08:55:15] INFO     Iteration 3273 (0 errors)
[2022-12-17 08:55:15] INFO     Iteration 3274 (0 errors)
[2022-12-17 08:55:16] INFO     Iteration 3275 (0 errors)
[2022-12-17 08:55:17] INFO     Iteration 3276 (0 errors)
[2022-12-17 08:55:18] INFO     Iteration 3277 (0 errors)
[2022-12-17 08:55:19] INFO     Iteration 3278 (0 errors)
[2022-12-17 08:55:20] INFO     Iteration 3279 (0 errors)
[2022-12-17 08:55:20] INFO     Iteration 3280 (0 errors)
[2022-12-17 08:55:21] INFO     Iteration 3281 (0 errors)
[2022-12-17 08:55:22] INFO     Iteration 3282 (0 errors)
[2022-12-17 08:55:23] INFO     Iteration 3283 (0 errors)
[2022-12-17 08:55:24] INFO     Iteration 3284 (0 errors)
[2022-12-17 08:55:24] INFO     Iteration 3285 (0 errors)
[2022-12-17 08:55:25] INFO     Iteration 3286 (0 errors)
[2022-12-17 08:55:26] INFO     Iteration 3287 (0 errors)
[2022-12-17 08:55:27] INFO     Iteration 3288 (0 errors)
[2022-12-17 08:55:28] INFO     Iteration 3289 (0 errors)
[2022-12-17 08:55:28] INFO     Iteration 3290 (0 errors)
[2022-12-17 08:55:29] INFO     Iteration 3291 (0 errors)
[2022-12-17 08:55:30] INFO     Iteration 3292 (0 errors)
[2022-12-17 08:55:31] INFO     Iteration 3293 (0 errors)
[2022-12-17 08:55:32] INFO     Iteration 3294 (0 errors)
[2022-12-17 08:55:32] INFO     Iteration 3295 (0 errors)
[2022-12-17 08:55:33] INFO     Iteration 3296 (0 errors)
[2022-12-17 08:55:34] INFO     Iteration 3297 (0 errors)
[2022-12-17 08:55:35] INFO     Iteration 3298 (0 errors)
[2022-12-17 08:55:36] INFO     Iteration 3299 (0 errors)
[2022-12-17 08:55:37] INFO     Iteration 3300 (0 errors)
[2022-12-17 08:55:37] INFO     Iteration 3301 (0 errors)
[2022-12-17 08:55:38] INFO     Iteration 3302 (0 errors)
[2022-12-17 08:55:39] INFO     Iteration 3303 (0 errors)
[2022-12-17 08:55:40] INFO     Iteration 3304 (0 errors)
[2022-12-17 08:55:41] INFO     Iteration 3305 (0 errors)
[2022-12-17 08:55:41] INFO     Iteration 3306 (0 errors)
[2022-12-17 08:55:42] INFO     Iteration 3307 (0 errors)
[2022-12-17 08:55:43] INFO     Iteration 3308 (0 errors)
[2022-12-17 08:55:44] INFO     Iteration 3309 (0 errors)
[2022-12-17 08:55:45] INFO     Iteration 3310 (0 errors)
[2022-12-17 08:55:45] INFO     Iteration 3311 (0 errors)
[2022-12-17 08:55:46] INFO     Iteration 3312 (0 errors)
[2022-12-17 08:55:47] INFO     Iteration 3313 (0 errors)
[2022-12-17 08:55:48] INFO     Iteration 3314 (0 errors)
[2022-12-17 08:55:49] INFO     Iteration 3315 (0 errors)
[2022-12-17 08:55:49] INFO     Iteration 3316 (0 errors)
[2022-12-17 08:55:50] INFO     Iteration 3317 (0 errors)
[2022-12-17 08:55:51] INFO     Iteration 3318 (0 errors)
[2022-12-17 08:55:52] INFO     Iteration 3319 (0 errors)
[2022-12-17 08:55:53] INFO     Iteration 3320 (0 errors)
[2022-12-17 08:55:54] INFO     Iteration 3321 (0 errors)
[2022-12-17 08:55:54] INFO     Iteration 3322 (0 errors)
[2022-12-17 08:55:55] INFO     Iteration 3323 (0 errors)
[2022-12-17 08:55:56] INFO     Iteration 3324 (0 errors)
[2022-12-17 08:55:57] INFO     Iteration 3325 (0 errors)
[2022-12-17 08:55:58] INFO     Iteration 3326 (0 errors)
[2022-12-17 08:55:58] INFO     Iteration 3327 (0 errors)
[2022-12-17 08:55:59] INFO     Iteration 3328 (0 errors)
[2022-12-17 08:56:00] INFO     Iteration 3329 (0 errors)
[2022-12-17 08:56:01] INFO     Iteration 3330 (0 errors)
[2022-12-17 08:56:02] INFO     Iteration 3331 (0 errors)
[2022-12-17 08:56:02] INFO     Iteration 3332 (0 errors)
[2022-12-17 08:56:03] INFO     Iteration 3333 (0 errors)
[2022-12-17 08:56:04] INFO     Iteration 3334 (0 errors)
[2022-12-17 08:56:05] INFO     Iteration 3335 (0 errors)
[2022-12-17 08:56:06] INFO     Iteration 3336 (0 errors)
[2022-12-17 08:56:06] INFO     Iteration 3337 (0 errors)
[2022-12-17 08:56:07] INFO     Iteration 3338 (0 errors)
[2022-12-17 08:56:08] INFO     Iteration 3339 (0 errors)
[2022-12-17 08:56:09] INFO     Iteration 3340 (0 errors)
[2022-12-17 08:56:10] INFO     Iteration 3341 (0 errors)
[2022-12-17 08:56:11] INFO     Iteration 3342 (0 errors)
[2022-12-17 08:56:11] INFO     Iteration 3343 (0 errors)
[2022-12-17 08:56:12] INFO     Iteration 3344 (0 errors)
[2022-12-17 08:56:13] INFO     Iteration 3345 (0 errors)
[2022-12-17 08:56:14] INFO     Iteration 3346 (0 errors)
[2022-12-17 08:56:15] INFO     Iteration 3347 (0 errors)
[2022-12-17 08:56:15] INFO     Iteration 3348 (0 errors)
[2022-12-17 08:56:16] INFO     Iteration 3349 (0 errors)
[2022-12-17 08:56:17] INFO     Iteration 3350 (0 errors)
[2022-12-17 08:56:18] INFO     Iteration 3351 (0 errors)
[2022-12-17 08:56:19] INFO     Iteration 3352 (0 errors)
[2022-12-17 08:56:19] INFO     Iteration 3353 (0 errors)
[2022-12-17 08:56:20] INFO     Iteration 3354 (0 errors)
[2022-12-17 08:56:21] INFO     Iteration 3355 (0 errors)
[2022-12-17 08:56:22] INFO     Iteration 3356 (0 errors)
[2022-12-17 08:56:23] INFO     Iteration 3357 (0 errors)
[2022-12-17 08:56:23] INFO     Iteration 3358 (0 errors)
[2022-12-17 08:56:24] INFO     Iteration 3359 (0 errors)
[2022-12-17 08:56:25] INFO     Iteration 3360 (0 errors)
[2022-12-17 08:56:26] INFO     Iteration 3361 (0 errors)
[2022-12-17 08:56:27] INFO     Iteration 3362 (0 errors)
[2022-12-17 08:56:27] INFO     Iteration 3363 (0 errors)
[2022-12-17 08:56:28] INFO     Iteration 3364 (0 errors)
[2022-12-17 08:56:29] INFO     Iteration 3365 (0 errors)
[2022-12-17 08:56:30] INFO     Iteration 3366 (0 errors)
[2022-12-17 08:56:31] INFO     Iteration 3367 (0 errors)
[2022-12-17 08:56:32] INFO     Iteration 3368 (0 errors)
[2022-12-17 08:56:32] INFO     Iteration 3369 (0 errors)
[2022-12-17 08:56:33] INFO     Iteration 3370 (0 errors)
[2022-12-17 08:56:34] INFO     Iteration 3371 (0 errors)
[2022-12-17 08:56:35] INFO     Iteration 3372 (0 errors)
[2022-12-17 08:56:36] INFO     Iteration 3373 (0 errors)
[2022-12-17 08:56:36] INFO     Iteration 3374 (0 errors)
[2022-12-17 08:56:37] INFO     Iteration 3375 (0 errors)
[2022-12-17 08:56:38] INFO     Iteration 3376 (0 errors)
[2022-12-17 08:56:39] INFO     Iteration 3377 (0 errors)
[2022-12-17 08:56:40] INFO     Iteration 3378 (0 errors)
[2022-12-17 08:56:40] INFO     Iteration 3379 (0 errors)
[2022-12-17 08:56:41] INFO     Iteration 3380 (0 errors)
[2022-12-17 08:56:42] INFO     Iteration 3381 (0 errors)
[2022-12-17 08:56:43] INFO     Iteration 3382 (0 errors)
[2022-12-17 08:56:44] INFO     Iteration 3383 (0 errors)
[2022-12-17 08:56:44] INFO     Iteration 3384 (0 errors)
[2022-12-17 08:56:45] INFO     Iteration 3385 (0 errors)
[2022-12-17 08:56:46] INFO     Iteration 3386 (0 errors)
[2022-12-17 08:56:47] INFO     Iteration 3387 (0 errors)
[2022-12-17 08:56:48] INFO     Iteration 3388 (0 errors)
[2022-12-17 08:56:48] INFO     Iteration 3389 (0 errors)
[2022-12-17 08:56:49] INFO     Iteration 3390 (0 errors)
[2022-12-17 08:56:50] INFO     Iteration 3391 (0 errors)
[2022-12-17 08:56:51] INFO     Iteration 3392 (0 errors)
[2022-12-17 08:56:52] INFO     Iteration 3393 (0 errors)
[2022-12-17 08:56:53] INFO     Iteration 3394 (0 errors)
[2022-12-17 08:56:53] INFO     Iteration 3395 (0 errors)
[2022-12-17 08:56:54] INFO     Iteration 3396 (0 errors)
[2022-12-17 08:56:55] INFO     Iteration 3397 (0 errors)
[2022-12-17 08:56:56] INFO     Iteration 3398 (0 errors)
[2022-12-17 08:56:57] INFO     Iteration 3399 (0 errors)
[2022-12-17 08:56:57] INFO     Iteration 3400 (0 errors)
[2022-12-17 08:56:58] INFO     Iteration 3401 (0 errors)
[2022-12-17 08:56:59] INFO     Iteration 3402 (0 errors)
[2022-12-17 08:57:00] INFO     Iteration 3403 (0 errors)
[2022-12-17 08:57:01] INFO     Iteration 3404 (0 errors)
[2022-12-17 08:57:01] INFO     Iteration 3405 (0 errors)
[2022-12-17 08:57:02] INFO     Iteration 3406 (0 errors)
[2022-12-17 08:57:03] INFO     Iteration 3407 (0 errors)
[2022-12-17 08:57:04] INFO     Iteration 3408 (0 errors)
[2022-12-17 08:57:05] INFO     Iteration 3409 (0 errors)
[2022-12-17 08:57:05] INFO     Iteration 3410 (0 errors)
[2022-12-17 08:57:06] INFO     Iteration 3411 (0 errors)
[2022-12-17 08:57:07] INFO     Iteration 3412 (0 errors)
[2022-12-17 08:57:08] INFO     Iteration 3413 (0 errors)
[2022-12-17 08:57:09] INFO     Iteration 3414 (0 errors)
[2022-12-17 08:57:10] INFO     Iteration 3415 (0 errors)
[2022-12-17 08:57:10] INFO     Iteration 3416 (0 errors)
[2022-12-17 08:57:11] INFO     Iteration 3417 (0 errors)
[2022-12-17 08:57:12] INFO     Iteration 3418 (0 errors)
[2022-12-17 08:57:13] INFO     Iteration 3419 (0 errors)
[2022-12-17 08:57:14] INFO     Iteration 3420 (0 errors)
[2022-12-17 08:57:14] INFO     Iteration 3421 (0 errors)
[2022-12-17 08:57:15] INFO     Iteration 3422 (0 errors)
[2022-12-17 08:57:16] INFO     Iteration 3423 (0 errors)
[2022-12-17 08:57:17] INFO     Iteration 3424 (0 errors)
[2022-12-17 08:57:18] INFO     Iteration 3425 (0 errors)
[2022-12-17 08:57:18] INFO     Iteration 3426 (0 errors)
[2022-12-17 08:57:19] INFO     Iteration 3427 (0 errors)
[2022-12-17 08:57:20] INFO     Iteration 3428 (0 errors)
[2022-12-17 08:57:21] INFO     Iteration 3429 (0 errors)
[2022-12-17 08:57:22] INFO     Iteration 3430 (0 errors)
[2022-12-17 08:57:22] INFO     Iteration 3431 (0 errors)
[2022-12-17 08:57:23] INFO     Iteration 3432 (0 errors)
[2022-12-17 08:57:24] INFO     Iteration 3433 (0 errors)
[2022-12-17 08:57:25] INFO     Iteration 3434 (0 errors)
[2022-12-17 08:57:26] INFO     Iteration 3435 (0 errors)
[2022-12-17 08:57:26] INFO     Iteration 3436 (0 errors)
[2022-12-17 08:57:27] INFO     Iteration 3437 (0 errors)
[2022-12-17 08:57:28] INFO     Iteration 3438 (0 errors)
[2022-12-17 08:57:29] INFO     Iteration 3439 (0 errors)
[2022-12-17 08:57:30] INFO     Iteration 3440 (0 errors)
[2022-12-17 08:57:30] INFO     Iteration 3441 (0 errors)
[2022-12-17 08:57:31] INFO     Iteration 3442 (0 errors)
[2022-12-17 08:57:32] INFO     Iteration 3443 (0 errors)
[2022-12-17 08:57:33] INFO     Iteration 3444 (0 errors)
[2022-12-17 08:57:34] INFO     Iteration 3445 (0 errors)
[2022-12-17 08:57:35] INFO     Iteration 3446 (0 errors)
[2022-12-17 08:57:35] INFO     Iteration 3447 (0 errors)
[2022-12-17 08:57:36] INFO     Iteration 3448 (0 errors)
[2022-12-17 08:57:37] INFO     Iteration 3449 (0 errors)
[2022-12-17 08:57:38] INFO     Iteration 3450 (0 errors)
[2022-12-17 08:57:39] INFO     Iteration 3451 (0 errors)
[2022-12-17 08:57:39] INFO     Iteration 3452 (0 errors)
[2022-12-17 08:57:40] INFO     Iteration 3453 (0 errors)
[2022-12-17 08:57:41] INFO     Iteration 3454 (0 errors)
[2022-12-17 08:57:42] INFO     Iteration 3455 (0 errors)
[2022-12-17 08:57:43] INFO     Iteration 3456 (0 errors)
[2022-12-17 08:57:43] INFO     Iteration 3457 (0 errors)
[2022-12-17 08:57:44] INFO     Iteration 3458 (0 errors)
[2022-12-17 08:57:45] INFO     Iteration 3459 (0 errors)
[2022-12-17 08:57:46] INFO     Iteration 3460 (0 errors)
[2022-12-17 08:57:47] INFO     Iteration 3461 (0 errors)
[2022-12-17 08:57:47] INFO     Iteration 3462 (0 errors)
[2022-12-17 08:57:48] INFO     Iteration 3463 (0 errors)
[2022-12-17 08:57:49] INFO     Iteration 3464 (0 errors)
[2022-12-17 08:57:50] INFO     Iteration 3465 (0 errors)
[2022-12-17 08:57:51] INFO     Iteration 3466 (0 errors)
[2022-12-17 08:57:51] INFO     Iteration 3467 (0 errors)
[2022-12-17 08:57:52] INFO     Iteration 3468 (0 errors)
[2022-12-17 08:57:53] INFO     Iteration 3469 (0 errors)
[2022-12-17 08:57:54] INFO     Iteration 3470 (0 errors)
[2022-12-17 08:57:55] INFO     Iteration 3471 (0 errors)
[2022-12-17 08:57:56] INFO     Iteration 3472 (0 errors)
[2022-12-17 08:57:56] INFO     Iteration 3473 (0 errors)
[2022-12-17 08:57:57] INFO     Iteration 3474 (0 errors)
[2022-12-17 08:57:58] INFO     Iteration 3475 (0 errors)
[2022-12-17 08:57:59] INFO     Iteration 3476 (0 errors)
[2022-12-17 08:58:00] INFO     Iteration 3477 (0 errors)
[2022-12-17 08:58:00] INFO     Iteration 3478 (0 errors)
[2022-12-17 08:58:01] INFO     Iteration 3479 (0 errors)
[2022-12-17 08:58:02] INFO     Iteration 3480 (0 errors)
[2022-12-17 08:58:03] INFO     Iteration 3481 (0 errors)
[2022-12-17 08:58:04] INFO     Iteration 3482 (0 errors)
[2022-12-17 08:58:04] INFO     Iteration 3483 (0 errors)
[2022-12-17 08:58:05] INFO     Iteration 3484 (0 errors)
[2022-12-17 08:58:06] INFO     Iteration 3485 (0 errors)
[2022-12-17 08:58:07] INFO     Iteration 3486 (0 errors)
[2022-12-17 08:58:08] INFO     Iteration 3487 (0 errors)
[2022-12-17 08:58:08] INFO     Iteration 3488 (0 errors)
[2022-12-17 08:58:09] INFO     Iteration 3489 (0 errors)
[2022-12-17 08:58:10] INFO     Iteration 3490 (0 errors)
[2022-12-17 08:58:11] INFO     Iteration 3491 (0 errors)
[2022-12-17 08:58:12] INFO     Iteration 3492 (0 errors)
[2022-12-17 08:58:12] INFO     Iteration 3493 (0 errors)
[2022-12-17 08:58:13] INFO     Iteration 3494 (0 errors)
[2022-12-17 08:58:14] INFO     Iteration 3495 (0 errors)
[2022-12-17 08:58:15] INFO     Iteration 3496 (0 errors)
[2022-12-17 08:58:16] INFO     Iteration 3497 (0 errors)
[2022-12-17 08:58:17] INFO     Iteration 3498 (0 errors)
[2022-12-17 08:58:17] INFO     Iteration 3499 (0 errors)
[2022-12-17 08:58:18] INFO     Iteration 3500 (0 errors)
[2022-12-17 08:58:19] INFO     Iteration 3501 (0 errors)
[2022-12-17 08:58:20] INFO     Iteration 3502 (0 errors)
[2022-12-17 08:58:21] INFO     Iteration 3503 (0 errors)
[2022-12-17 08:58:21] INFO     Iteration 3504 (0 errors)
[2022-12-17 08:58:22] INFO     Iteration 3505 (0 errors)
[2022-12-17 08:58:23] INFO     Iteration 3506 (0 errors)
[2022-12-17 08:58:24] INFO     Iteration 3507 (0 errors)
[2022-12-17 08:58:25] INFO     Iteration 3508 (0 errors)
[2022-12-17 08:58:25] INFO     Iteration 3509 (0 errors)
[2022-12-17 08:58:26] INFO     Iteration 3510 (0 errors)
[2022-12-17 08:58:27] INFO     Iteration 3511 (0 errors)
[2022-12-17 08:58:28] INFO     Iteration 3512 (0 errors)
[2022-12-17 08:58:29] INFO     Iteration 3513 (0 errors)
[2022-12-17 08:58:29] INFO     Iteration 3514 (0 errors)
[2022-12-17 08:58:30] INFO     Iteration 3515 (0 errors)
[2022-12-17 08:58:31] INFO     Iteration 3516 (0 errors)
[2022-12-17 08:58:32] INFO     Iteration 3517 (0 errors)
[2022-12-17 08:58:33] INFO     Iteration 3518 (0 errors)
[2022-12-17 08:58:34] INFO     Iteration 3519 (0 errors)
[2022-12-17 08:58:34] INFO     Iteration 3520 (0 errors)
[2022-12-17 08:58:35] INFO     Iteration 3521 (0 errors)
[2022-12-17 08:58:36] INFO     Iteration 3522 (0 errors)
[2022-12-17 08:58:37] INFO     Iteration 3523 (0 errors)
[2022-12-17 08:58:38] INFO     Iteration 3524 (0 errors)
[2022-12-17 08:58:38] INFO     Iteration 3525 (0 errors)
[2022-12-17 08:58:39] INFO     Iteration 3526 (0 errors)
[2022-12-17 08:58:40] INFO     Iteration 3527 (0 errors)
[2022-12-17 08:58:41] INFO     Iteration 3528 (0 errors)
[2022-12-17 08:58:42] INFO     Iteration 3529 (0 errors)
[2022-12-17 08:58:42] INFO     Iteration 3530 (0 errors)
[2022-12-17 08:58:43] INFO     Iteration 3531 (0 errors)
[2022-12-17 08:58:44] INFO     Iteration 3532 (0 errors)
[2022-12-17 08:58:45] INFO     Iteration 3533 (0 errors)
[2022-12-17 08:58:46] INFO     Iteration 3534 (0 errors)
[2022-12-17 08:58:46] INFO     Iteration 3535 (0 errors)
[2022-12-17 08:58:47] INFO     Iteration 3536 (0 errors)
[2022-12-17 08:58:48] INFO     Iteration 3537 (0 errors)
[2022-12-17 08:58:49] INFO     Iteration 3538 (0 errors)
[2022-12-17 08:58:50] INFO     Iteration 3539 (0 errors)
[2022-12-17 08:58:50] INFO     Iteration 3540 (0 errors)
[2022-12-17 08:58:51] INFO     Iteration 3541 (0 errors)
[2022-12-17 08:58:52] INFO     Iteration 3542 (0 errors)
[2022-12-17 08:58:53] INFO     Iteration 3543 (0 errors)
[2022-12-17 08:58:54] INFO     Iteration 3544 (0 errors)
[2022-12-17 08:58:55] INFO     Iteration 3545 (0 errors)
[2022-12-17 08:58:55] INFO     Iteration 3546 (0 errors)
[2022-12-17 08:58:56] INFO     Iteration 3547 (0 errors)
[2022-12-17 08:58:57] INFO     Iteration 3548 (0 errors)
[2022-12-17 08:58:58] INFO     Iteration 3549 (0 errors)
[2022-12-17 08:58:59] INFO     Iteration 3550 (0 errors)
[2022-12-17 08:58:59] INFO     Iteration 3551 (0 errors)
[2022-12-17 08:59:00] INFO     Iteration 3552 (0 errors)
[2022-12-17 08:59:01] INFO     Iteration 3553 (0 errors)
[2022-12-17 08:59:02] INFO     Iteration 3554 (0 errors)
[2022-12-17 08:59:03] INFO     Iteration 3555 (0 errors)
[2022-12-17 08:59:03] INFO     Iteration 3556 (0 errors)
[2022-12-17 08:59:04] INFO     Iteration 3557 (0 errors)
[2022-12-17 08:59:05] INFO     Iteration 3558 (0 errors)
[2022-12-17 08:59:06] INFO     Iteration 3559 (0 errors)
[2022-12-17 08:59:07] INFO     Iteration 3560 (0 errors)
[2022-12-17 08:59:07] INFO     Iteration 3561 (0 errors)
[2022-12-17 08:59:08] INFO     Iteration 3562 (0 errors)
[2022-12-17 08:59:09] INFO     Iteration 3563 (0 errors)
[2022-12-17 08:59:10] INFO     Iteration 3564 (0 errors)
[2022-12-17 08:59:11] INFO     Iteration 3565 (0 errors)
[2022-12-17 08:59:11] INFO     Iteration 3566 (0 errors)
[2022-12-17 08:59:12] INFO     Iteration 3567 (0 errors)
[2022-12-17 08:59:13] INFO     Iteration 3568 (0 errors)
[2022-12-17 08:59:14] INFO     Iteration 3569 (0 errors)
[2022-12-17 08:59:15] INFO     Iteration 3570 (0 errors)
[2022-12-17 08:59:16] INFO     Iteration 3571 (0 errors)
[2022-12-17 08:59:16] INFO     Iteration 3572 (0 errors)
[2022-12-17 08:59:17] INFO     Iteration 3573 (0 errors)
[2022-12-17 08:59:18] INFO     Iteration 3574 (0 errors)
[2022-12-17 08:59:19] INFO     Iteration 3575 (0 errors)
[2022-12-17 08:59:20] INFO     Iteration 3576 (0 errors)
[2022-12-17 08:59:20] INFO     Iteration 3577 (0 errors)
[2022-12-17 08:59:21] INFO     Iteration 3578 (0 errors)
[2022-12-17 08:59:22] INFO     Iteration 3579 (0 errors)
[2022-12-17 08:59:23] INFO     Iteration 3580 (0 errors)
[2022-12-17 08:59:24] INFO     Iteration 3581 (0 errors)
[2022-12-17 08:59:24] INFO     Iteration 3582 (0 errors)
[2022-12-17 08:59:25] INFO     Iteration 3583 (0 errors)
[2022-12-17 08:59:26] INFO     Iteration 3584 (0 errors)
[2022-12-17 08:59:27] INFO     Iteration 3585 (0 errors)
[2022-12-17 08:59:28] INFO     Iteration 3586 (0 errors)
[2022-12-17 08:59:28] INFO     Iteration 3587 (0 errors)
[2022-12-17 08:59:29] INFO     Iteration 3588 (0 errors)
[2022-12-17 08:59:30] INFO     Iteration 3589 (0 errors)
[2022-12-17 08:59:31] INFO     Iteration 3590 (0 errors)
[2022-12-17 08:59:32] INFO     Iteration 3591 (0 errors)
[2022-12-17 08:59:32] INFO     Iteration 3592 (0 errors)
[2022-12-17 08:59:33] INFO     Iteration 3593 (0 errors)
[2022-12-17 08:59:34] INFO     Iteration 3594 (0 errors)
[2022-12-17 08:59:35] INFO     Iteration 3595 (0 errors)
[2022-12-17 08:59:36] INFO     Iteration 3596 (0 errors)
[2022-12-17 08:59:37] INFO     Iteration 3597 (0 errors)
[2022-12-17 08:59:37] INFO     Iteration 3598 (0 errors)
[2022-12-17 08:59:38] INFO     Iteration 3599 (0 errors)
[2022-12-17 08:59:39] INFO     Iteration 3600 (0 errors)
[2022-12-17 08:59:40] INFO     Iteration 3601 (0 errors)
[2022-12-17 08:59:41] INFO     Iteration 3602 (0 errors)
[2022-12-17 08:59:41] INFO     Iteration 3603 (0 errors)
[2022-12-17 08:59:42] INFO     Iteration 3604 (0 errors)
[2022-12-17 08:59:43] INFO     Iteration 3605 (0 errors)
[2022-12-17 08:59:44] INFO     Iteration 3606 (0 errors)
[2022-12-17 08:59:45] INFO     Iteration 3607 (0 errors)
[2022-12-17 08:59:45] INFO     Iteration 3608 (0 errors)
[2022-12-17 08:59:46] INFO     Iteration 3609 (0 errors)
[2022-12-17 08:59:47] INFO     Iteration 3610 (0 errors)
[2022-12-17 08:59:48] INFO     Iteration 3611 (0 errors)
[2022-12-17 08:59:49] INFO     Iteration 3612 (0 errors)
[2022-12-17 08:59:49] INFO     Iteration 3613 (0 errors)
[2022-12-17 08:59:50] INFO     Iteration 3614 (0 errors)
[2022-12-17 08:59:51] INFO     Iteration 3615 (0 errors)
[2022-12-17 08:59:52] INFO     Iteration 3616 (0 errors)
[2022-12-17 08:59:53] INFO     Iteration 3617 (0 errors)
[2022-12-17 08:59:53] INFO     Iteration 3618 (0 errors)
[2022-12-17 08:59:54] INFO     Iteration 3619 (0 errors)
[2022-12-17 08:59:55] INFO     Iteration 3620 (0 errors)
[2022-12-17 08:59:56] INFO     Iteration 3621 (0 errors)
[2022-12-17 08:59:57] INFO     Iteration 3622 (0 errors)
[2022-12-17 08:59:58] INFO     Iteration 3623 (0 errors)
[2022-12-17 08:59:58] INFO     Iteration 3624 (0 errors)
[2022-12-17 08:59:59] INFO     Iteration 3625 (0 errors)
[2022-12-17 09:00:00] INFO     Iteration 3626 (0 errors)
[2022-12-17 09:00:01] INFO     Iteration 3627 (0 errors)
[2022-12-17 09:00:02] INFO     Iteration 3628 (0 errors)
[2022-12-17 09:00:02] INFO     Iteration 3629 (0 errors)
[2022-12-17 09:00:03] INFO     Iteration 3630 (0 errors)
[2022-12-17 09:00:04] INFO     Iteration 3631 (0 errors)
[2022-12-17 09:00:05] INFO     Iteration 3632 (0 errors)
[2022-12-17 09:00:06] INFO     Iteration 3633 (0 errors)
[2022-12-17 09:00:06] INFO     Iteration 3634 (0 errors)
[2022-12-17 09:00:07] INFO     Iteration 3635 (0 errors)
[2022-12-17 09:00:08] INFO     Iteration 3636 (0 errors)
[2022-12-17 09:00:09] INFO     Iteration 3637 (0 errors)
[2022-12-17 09:00:10] INFO     Iteration 3638 (0 errors)
[2022-12-17 09:00:10] INFO     Iteration 3639 (0 errors)
[2022-12-17 09:00:11] INFO     Iteration 3640 (0 errors)
[2022-12-17 09:00:12] INFO     Iteration 3641 (0 errors)
[2022-12-17 09:00:13] INFO     Iteration 3642 (0 errors)
[2022-12-17 09:00:14] INFO     Iteration 3643 (0 errors)
[2022-12-17 09:00:15] INFO     Iteration 3644 (0 errors)
[2022-12-17 09:00:15] INFO     Iteration 3645 (0 errors)
[2022-12-17 09:00:16] INFO     Iteration 3646 (0 errors)
[2022-12-17 09:00:17] INFO     Iteration 3647 (0 errors)
[2022-12-17 09:00:18] INFO     Iteration 3648 (0 errors)
[2022-12-17 09:00:19] INFO     Iteration 3649 (0 errors)
[2022-12-17 09:00:19] INFO     Iteration 3650 (0 errors)
[2022-12-17 09:00:20] INFO     Iteration 3651 (0 errors)
[2022-12-17 09:00:21] INFO     Iteration 3652 (0 errors)
[2022-12-17 09:00:22] INFO     Iteration 3653 (0 errors)
[2022-12-17 09:00:23] INFO     Iteration 3654 (0 errors)
[2022-12-17 09:00:23] INFO     Iteration 3655 (0 errors)
[2022-12-17 09:00:24] INFO     Iteration 3656 (0 errors)
[2022-12-17 09:00:25] INFO     Iteration 3657 (0 errors)
[2022-12-17 09:00:26] INFO     Iteration 3658 (0 errors)
[2022-12-17 09:00:27] INFO     Iteration 3659 (0 errors)
[2022-12-17 09:00:27] INFO     Iteration 3660 (0 errors)
[2022-12-17 09:00:28] INFO     Iteration 3661 (0 errors)
[2022-12-17 09:00:29] INFO     Iteration 3662 (0 errors)
[2022-12-17 09:00:30] INFO     Iteration 3663 (0 errors)
[2022-12-17 09:00:31] INFO     Iteration 3664 (0 errors)
[2022-12-17 09:00:31] INFO     Iteration 3665 (0 errors)
[2022-12-17 09:00:32] INFO     Iteration 3666 (0 errors)
[2022-12-17 09:00:33] INFO     Iteration 3667 (0 errors)
[2022-12-17 09:00:34] INFO     Iteration 3668 (0 errors)
[2022-12-17 09:00:35] INFO     Iteration 3669 (0 errors)
[2022-12-17 09:00:36] INFO     Iteration 3670 (0 errors)
[2022-12-17 09:00:36] INFO     Iteration 3671 (0 errors)
[2022-12-17 09:00:37] INFO     Iteration 3672 (0 errors)
[2022-12-17 09:00:38] INFO     Iteration 3673 (0 errors)
[2022-12-17 09:00:39] INFO     Iteration 3674 (0 errors)
[2022-12-17 09:00:40] INFO     Iteration 3675 (0 errors)
[2022-12-17 09:00:40] INFO     Iteration 3676 (0 errors)
[2022-12-17 09:00:41] INFO     Iteration 3677 (0 errors)
[2022-12-17 09:00:42] INFO     Iteration 3678 (0 errors)
[2022-12-17 09:00:43] INFO     Iteration 3679 (0 errors)
[2022-12-17 09:00:44] INFO     Iteration 3680 (0 errors)
[2022-12-17 09:00:44] INFO     Iteration 3681 (0 errors)
[2022-12-17 09:00:45] INFO     Iteration 3682 (0 errors)
[2022-12-17 09:00:46] INFO     Iteration 3683 (0 errors)
[2022-12-17 09:00:47] INFO     Iteration 3684 (0 errors)
[2022-12-17 09:00:48] INFO     Iteration 3685 (0 errors)
[2022-12-17 09:00:48] INFO     Iteration 3686 (0 errors)
[2022-12-17 09:00:49] INFO     Iteration 3687 (0 errors)
[2022-12-17 09:00:50] INFO     Iteration 3688 (0 errors)
[2022-12-17 09:00:51] INFO     Iteration 3689 (0 errors)
[2022-12-17 09:00:52] INFO     Iteration 3690 (0 errors)
[2022-12-17 09:00:52] INFO     Iteration 3691 (0 errors)
[2022-12-17 09:00:53] INFO     Iteration 3692 (0 errors)
[2022-12-17 09:00:54] INFO     Iteration 3693 (0 errors)
[2022-12-17 09:00:55] INFO     Iteration 3694 (0 errors)
[2022-12-17 09:00:56] INFO     Iteration 3695 (0 errors)
[2022-12-17 09:00:57] INFO     Iteration 3696 (0 errors)
[2022-12-17 09:00:57] INFO     Iteration 3697 (0 errors)
[2022-12-17 09:00:58] INFO     Iteration 3698 (0 errors)
[2022-12-17 09:00:59] INFO     Iteration 3699 (0 errors)
[2022-12-17 09:01:00] INFO     Iteration 3700 (0 errors)
[2022-12-17 09:01:01] INFO     Iteration 3701 (0 errors)
[2022-12-17 09:01:01] INFO     Iteration 3702 (0 errors)
[2022-12-17 09:01:02] INFO     Iteration 3703 (0 errors)
[2022-12-17 09:01:03] INFO     Iteration 3704 (0 errors)
[2022-12-17 09:01:04] INFO     Iteration 3705 (0 errors)
[2022-12-17 09:01:05] INFO     Iteration 3706 (0 errors)
[2022-12-17 09:01:05] INFO     Iteration 3707 (0 errors)
[2022-12-17 09:01:06] INFO     Iteration 3708 (0 errors)
[2022-12-17 09:01:07] INFO     Iteration 3709 (0 errors)
[2022-12-17 09:01:08] INFO     Iteration 3710 (0 errors)
[2022-12-17 09:01:09] INFO     Iteration 3711 (0 errors)
[2022-12-17 09:01:09] INFO     Iteration 3712 (0 errors)
[2022-12-17 09:01:10] INFO     Iteration 3713 (0 errors)
[2022-12-17 09:01:11] INFO     Iteration 3714 (0 errors)
[2022-12-17 09:01:12] INFO     Iteration 3715 (0 errors)
[2022-12-17 09:01:13] INFO     Iteration 3716 (0 errors)
[2022-12-17 09:01:13] INFO     Iteration 3717 (0 errors)
[2022-12-17 09:01:14] INFO     Iteration 3718 (0 errors)
[2022-12-17 09:01:15] INFO     Iteration 3719 (0 errors)
[2022-12-17 09:01:16] INFO     Iteration 3720 (0 errors)
[2022-12-17 09:01:17] INFO     Iteration 3721 (0 errors)
[2022-12-17 09:01:18] INFO     Iteration 3722 (0 errors)
[2022-12-17 09:01:18] INFO     Iteration 3723 (0 errors)
[2022-12-17 09:01:19] INFO     Iteration 3724 (0 errors)
[2022-12-17 09:01:20] INFO     Iteration 3725 (0 errors)
[2022-12-17 09:01:21] INFO     Iteration 3726 (0 errors)
[2022-12-17 09:01:22] INFO     Iteration 3727 (0 errors)
[2022-12-17 09:01:22] INFO     Iteration 3728 (0 errors)
[2022-12-17 09:01:23] INFO     Iteration 3729 (0 errors)
[2022-12-17 09:01:24] INFO     Iteration 3730 (0 errors)
[2022-12-17 09:01:25] INFO     Iteration 3731 (0 errors)
[2022-12-17 09:01:26] INFO     Iteration 3732 (0 errors)
[2022-12-17 09:01:26] INFO     Iteration 3733 (0 errors)
[2022-12-17 09:01:27] INFO     Iteration 3734 (0 errors)
[2022-12-17 09:01:28] INFO     Iteration 3735 (0 errors)
[2022-12-17 09:01:29] INFO     Iteration 3736 (0 errors)
[2022-12-17 09:01:30] INFO     Iteration 3737 (0 errors)
[2022-12-17 09:01:30] INFO     Iteration 3738 (0 errors)
[2022-12-17 09:01:31] INFO     Iteration 3739 (0 errors)
[2022-12-17 09:01:32] INFO     Iteration 3740 (0 errors)
[2022-12-17 09:01:33] INFO     Iteration 3741 (0 errors)
[2022-12-17 09:01:34] INFO     Iteration 3742 (0 errors)
[2022-12-17 09:01:35] INFO     Iteration 3743 (0 errors)
[2022-12-17 09:01:35] INFO     Iteration 3744 (0 errors)
[2022-12-17 09:01:36] INFO     Iteration 3745 (0 errors)
[2022-12-17 09:01:37] INFO     Iteration 3746 (0 errors)
[2022-12-17 09:01:38] INFO     Iteration 3747 (0 errors)
[2022-12-17 09:01:39] INFO     Iteration 3748 (0 errors)
[2022-12-17 09:01:39] INFO     Iteration 3749 (0 errors)
[2022-12-17 09:01:40] INFO     Iteration 3750 (0 errors)
[2022-12-17 09:01:41] INFO     Iteration 3751 (0 errors)
[2022-12-17 09:01:42] INFO     Iteration 3752 (0 errors)
[2022-12-17 09:01:43] INFO     Iteration 3753 (0 errors)
[2022-12-17 09:01:43] INFO     Iteration 3754 (0 errors)
[2022-12-17 09:01:44] INFO     Iteration 3755 (0 errors)
[2022-12-17 09:01:45] INFO     Iteration 3756 (0 errors)
[2022-12-17 09:01:46] INFO     Iteration 3757 (0 errors)
[2022-12-17 09:01:47] INFO     Iteration 3758 (0 errors)
[2022-12-17 09:01:47] INFO     Iteration 3759 (0 errors)
[2022-12-17 09:01:48] INFO     Iteration 3760 (0 errors)
[2022-12-17 09:01:49] INFO     Iteration 3761 (0 errors)
[2022-12-17 09:01:50] INFO     Iteration 3762 (0 errors)
[2022-12-17 09:01:51] INFO     Iteration 3763 (0 errors)
[2022-12-17 09:01:51] INFO     Iteration 3764 (0 errors)
[2022-12-17 09:01:52] INFO     Iteration 3765 (0 errors)
[2022-12-17 09:01:53] INFO     Iteration 3766 (0 errors)
[2022-12-17 09:01:54] INFO     Iteration 3767 (0 errors)
[2022-12-17 09:01:55] INFO     Iteration 3768 (0 errors)
[2022-12-17 09:01:56] INFO     Iteration 3769 (0 errors)
[2022-12-17 09:01:56] INFO     Iteration 3770 (0 errors)
[2022-12-17 09:01:57] INFO     Iteration 3771 (0 errors)
[2022-12-17 09:01:58] INFO     Iteration 3772 (0 errors)
[2022-12-17 09:01:59] INFO     Iteration 3773 (0 errors)
[2022-12-17 09:02:00] INFO     Iteration 3774 (0 errors)
[2022-12-17 09:02:00] INFO     Iteration 3775 (0 errors)
[2022-12-17 09:02:01] INFO     Iteration 3776 (0 errors)
[2022-12-17 09:02:02] INFO     Iteration 3777 (0 errors)
[2022-12-17 09:02:03] INFO     Iteration 3778 (0 errors)
[2022-12-17 09:02:04] INFO     Iteration 3779 (0 errors)
[2022-12-17 09:02:04] INFO     Iteration 3780 (0 errors)
[2022-12-17 09:02:05] INFO     Iteration 3781 (0 errors)
[2022-12-17 09:02:06] INFO     Iteration 3782 (0 errors)
[2022-12-17 09:02:07] INFO     Iteration 3783 (0 errors)
[2022-12-17 09:02:08] INFO     Iteration 3784 (0 errors)
[2022-12-17 09:02:08] INFO     Iteration 3785 (0 errors)
[2022-12-17 09:02:09] INFO     Iteration 3786 (0 errors)
[2022-12-17 09:02:10] INFO     Iteration 3787 (0 errors)
[2022-12-17 09:02:11] INFO     Iteration 3788 (0 errors)
[2022-12-17 09:02:12] INFO     Iteration 3789 (0 errors)
[2022-12-17 09:02:12] INFO     Iteration 3790 (0 errors)
[2022-12-17 09:02:13] INFO     Iteration 3791 (0 errors)
[2022-12-17 09:02:14] INFO     Iteration 3792 (0 errors)
[2022-12-17 09:02:15] INFO     Iteration 3793 (0 errors)
[2022-12-17 09:02:16] INFO     Iteration 3794 (0 errors)
[2022-12-17 09:02:17] INFO     Iteration 3795 (0 errors)
[2022-12-17 09:02:17] INFO     Iteration 3796 (0 errors)
[2022-12-17 09:02:18] INFO     Iteration 3797 (0 errors)
[2022-12-17 09:02:19] INFO     Iteration 3798 (0 errors)
[2022-12-17 09:02:20] INFO     Iteration 3799 (0 errors)
[2022-12-17 09:02:21] INFO     Iteration 3800 (0 errors)
[2022-12-17 09:02:21] INFO     Iteration 3801 (0 errors)
[2022-12-17 09:02:22] INFO     Iteration 3802 (0 errors)
[2022-12-17 09:02:23] INFO     Iteration 3803 (0 errors)
[2022-12-17 09:02:24] INFO     Iteration 3804 (0 errors)
[2022-12-17 09:02:25] INFO     Iteration 3805 (0 errors)
[2022-12-17 09:02:25] INFO     Iteration 3806 (0 errors)
[2022-12-17 09:02:26] INFO     Iteration 3807 (0 errors)
[2022-12-17 09:02:27] INFO     Iteration 3808 (0 errors)
[2022-12-17 09:02:28] INFO     Iteration 3809 (0 errors)
[2022-12-17 09:02:29] INFO     Iteration 3810 (0 errors)
[2022-12-17 09:02:29] INFO     Iteration 3811 (0 errors)
[2022-12-17 09:02:30] INFO     Iteration 3812 (0 errors)
[2022-12-17 09:02:31] INFO     Iteration 3813 (0 errors)
[2022-12-17 09:02:32] INFO     Iteration 3814 (0 errors)
[2022-12-17 09:02:33] INFO     Iteration 3815 (0 errors)
[2022-12-17 09:02:33] INFO     Iteration 3816 (0 errors)
[2022-12-17 09:02:34] INFO     Iteration 3817 (0 errors)
[2022-12-17 09:02:35] INFO     Iteration 3818 (0 errors)
[2022-12-17 09:02:36] INFO     Iteration 3819 (0 errors)
[2022-12-17 09:02:37] INFO     Iteration 3820 (0 errors)
[2022-12-17 09:02:38] INFO     Iteration 3821 (0 errors)
[2022-12-17 09:02:38] INFO     Iteration 3822 (0 errors)
[2022-12-17 09:02:39] INFO     Iteration 3823 (0 errors)
[2022-12-17 09:02:40] INFO     Iteration 3824 (0 errors)
[2022-12-17 09:02:41] INFO     Iteration 3825 (0 errors)
[2022-12-17 09:02:42] INFO     Iteration 3826 (0 errors)
[2022-12-17 09:02:42] INFO     Iteration 3827 (0 errors)
[2022-12-17 09:02:43] INFO     Iteration 3828 (0 errors)
[2022-12-17 09:02:44] INFO     Iteration 3829 (0 errors)
[2022-12-17 09:02:45] INFO     Iteration 3830 (0 errors)
[2022-12-17 09:02:46] INFO     Iteration 3831 (0 errors)
[2022-12-17 09:02:46] INFO     Iteration 3832 (0 errors)
[2022-12-17 09:02:47] INFO     Iteration 3833 (0 errors)
[2022-12-17 09:02:48] INFO     Iteration 3834 (0 errors)
[2022-12-17 09:02:49] INFO     Iteration 3835 (0 errors)
[2022-12-17 09:02:50] INFO     Iteration 3836 (0 errors)
[2022-12-17 09:02:50] INFO     Iteration 3837 (0 errors)
[2022-12-17 09:02:51] INFO     Iteration 3838 (0 errors)
[2022-12-17 09:02:52] INFO     Iteration 3839 (0 errors)
[2022-12-17 09:02:53] INFO     Iteration 3840 (0 errors)
[2022-12-17 09:02:54] INFO     Iteration 3841 (0 errors)
[2022-12-17 09:02:54] INFO     Iteration 3842 (0 errors)
[2022-12-17 09:02:55] INFO     Iteration 3843 (0 errors)
[2022-12-17 09:02:56] INFO     Iteration 3844 (0 errors)
[2022-12-17 09:02:57] INFO     Iteration 3845 (0 errors)
[2022-12-17 09:02:58] INFO     Iteration 3846 (0 errors)
[2022-12-17 09:02:58] INFO     Iteration 3847 (0 errors)
[2022-12-17 09:02:59] INFO     Iteration 3848 (0 errors)
[2022-12-17 09:03:00] INFO     Iteration 3849 (0 errors)
[2022-12-17 09:03:01] INFO     Iteration 3850 (0 errors)
[2022-12-17 09:03:02] INFO     Iteration 3851 (0 errors)
[2022-12-17 09:03:03] INFO     Iteration 3852 (0 errors)
[2022-12-17 09:03:03] INFO     Iteration 3853 (0 errors)
[2022-12-17 09:03:04] INFO     Iteration 3854 (0 errors)
[2022-12-17 09:03:05] INFO     Iteration 3855 (0 errors)
[2022-12-17 09:03:06] INFO     Iteration 3856 (0 errors)
[2022-12-17 09:03:07] INFO     Iteration 3857 (0 errors)
[2022-12-17 09:03:07] INFO     Iteration 3858 (0 errors)
[2022-12-17 09:03:08] INFO     Iteration 3859 (0 errors)
[2022-12-17 09:03:09] INFO     Iteration 3860 (0 errors)
[2022-12-17 09:03:10] INFO     Iteration 3861 (0 errors)
[2022-12-17 09:03:11] INFO     Iteration 3862 (0 errors)
[2022-12-17 09:03:11] INFO     Iteration 3863 (0 errors)
[2022-12-17 09:03:12] INFO     Iteration 3864 (0 errors)
[2022-12-17 09:03:13] INFO     Iteration 3865 (0 errors)
[2022-12-17 09:03:14] INFO     Iteration 3866 (0 errors)
[2022-12-17 09:03:15] INFO     Iteration 3867 (0 errors)
[2022-12-17 09:03:15] INFO     Iteration 3868 (0 errors)
[2022-12-17 09:03:16] INFO     Iteration 3869 (0 errors)
[2022-12-17 09:03:17] INFO     Iteration 3870 (0 errors)
[2022-12-17 09:03:18] INFO     Iteration 3871 (0 errors)
[2022-12-17 09:03:19] INFO     Iteration 3872 (0 errors)
[2022-12-17 09:03:19] INFO     Iteration 3873 (0 errors)
[2022-12-17 09:03:20] INFO     Iteration 3874 (0 errors)
[2022-12-17 09:03:21] INFO     Iteration 3875 (0 errors)
[2022-12-17 09:03:22] INFO     Iteration 3876 (0 errors)
[2022-12-17 09:03:23] INFO     Iteration 3877 (0 errors)
[2022-12-17 09:03:24] INFO     Iteration 3878 (0 errors)
[2022-12-17 09:03:24] INFO     Iteration 3879 (0 errors)
[2022-12-17 09:03:25] INFO     Iteration 3880 (0 errors)
[2022-12-17 09:03:26] INFO     Iteration 3881 (0 errors)
[2022-12-17 09:03:27] INFO     Iteration 3882 (0 errors)
[2022-12-17 09:03:28] INFO     Iteration 3883 (0 errors)
[2022-12-17 09:03:28] INFO     Iteration 3884 (0 errors)
[2022-12-17 09:03:29] INFO     Iteration 3885 (0 errors)
[2022-12-17 09:03:30] INFO     Iteration 3886 (0 errors)
[2022-12-17 09:03:31] INFO     Iteration 3887 (0 errors)
[2022-12-17 09:03:32] INFO     Iteration 3888 (0 errors)
[2022-12-17 09:03:32] INFO     Iteration 3889 (0 errors)
[2022-12-17 09:03:33] INFO     Iteration 3890 (0 errors)
[2022-12-17 09:03:34] INFO     Iteration 3891 (0 errors)
[2022-12-17 09:03:35] INFO     Iteration 3892 (0 errors)
[2022-12-17 09:03:36] INFO     Iteration 3893 (0 errors)
[2022-12-17 09:03:36] INFO     Iteration 3894 (0 errors)
[2022-12-17 09:03:37] INFO     Iteration 3895 (0 errors)
[2022-12-17 09:03:38] INFO     Iteration 3896 (0 errors)
[2022-12-17 09:03:39] INFO     Iteration 3897 (0 errors)
[2022-12-17 09:03:40] INFO     Iteration 3898 (0 errors)
[2022-12-17 09:03:40] INFO     Iteration 3899 (0 errors)
[2022-12-17 09:03:41] INFO     Iteration 3900 (0 errors)
[2022-12-17 09:03:42] INFO     Iteration 3901 (0 errors)
[2022-12-17 09:03:43] INFO     Iteration 3902 (0 errors)
[2022-12-17 09:03:44] INFO     Iteration 3903 (0 errors)
[2022-12-17 09:03:44] INFO     Iteration 3904 (0 errors)
[2022-12-17 09:03:45] INFO     Iteration 3905 (0 errors)
[2022-12-17 09:03:46] INFO     Iteration 3906 (0 errors)
[2022-12-17 09:03:47] INFO     Iteration 3907 (0 errors)
[2022-12-17 09:03:48] INFO     Iteration 3908 (0 errors)
[2022-12-17 09:03:49] INFO     Iteration 3909 (0 errors)
[2022-12-17 09:03:49] INFO     Iteration 3910 (0 errors)
[2022-12-17 09:03:50] INFO     Iteration 3911 (0 errors)
[2022-12-17 09:03:51] INFO     Iteration 3912 (0 errors)
[2022-12-17 09:03:52] INFO     Iteration 3913 (0 errors)
[2022-12-17 09:03:53] INFO     Iteration 3914 (0 errors)
[2022-12-17 09:03:53] INFO     Iteration 3915 (0 errors)
[2022-12-17 09:03:54] INFO     Iteration 3916 (0 errors)
[2022-12-17 09:03:55] INFO     Iteration 3917 (0 errors)
[2022-12-17 09:03:56] INFO     Iteration 3918 (0 errors)
[2022-12-17 09:03:57] INFO     Iteration 3919 (0 errors)
[2022-12-17 09:03:57] INFO     Iteration 3920 (0 errors)
[2022-12-17 09:03:58] INFO     Iteration 3921 (0 errors)
[2022-12-17 09:03:59] INFO     Iteration 3922 (0 errors)
[2022-12-17 09:04:00] INFO     Iteration 3923 (0 errors)
[2022-12-17 09:04:01] INFO     Iteration 3924 (0 errors)
[2022-12-17 09:04:01] INFO     Iteration 3925 (0 errors)
[2022-12-17 09:04:02] INFO     Iteration 3926 (0 errors)
[2022-12-17 09:04:03] INFO     Iteration 3927 (0 errors)
[2022-12-17 09:04:04] INFO     Iteration 3928 (0 errors)
[2022-12-17 09:04:05] INFO     Iteration 3929 (0 errors)
[2022-12-17 09:04:05] INFO     Iteration 3930 (0 errors)
[2022-12-17 09:04:06] INFO     Iteration 3931 (0 errors)
[2022-12-17 09:04:07] INFO     Iteration 3932 (0 errors)
[2022-12-17 09:04:08] INFO     Iteration 3933 (0 errors)
[2022-12-17 09:04:09] INFO     Iteration 3934 (0 errors)
[2022-12-17 09:04:10] INFO     Iteration 3935 (0 errors)
[2022-12-17 09:04:10] INFO     Iteration 3936 (0 errors)
[2022-12-17 09:04:11] INFO     Iteration 3937 (0 errors)
[2022-12-17 09:04:12] INFO     Iteration 3938 (0 errors)
[2022-12-17 09:04:13] INFO     Iteration 3939 (0 errors)
[2022-12-17 09:04:14] INFO     Iteration 3940 (0 errors)
[2022-12-17 09:04:14] INFO     Iteration 3941 (0 errors)
[2022-12-17 09:04:15] INFO     Iteration 3942 (0 errors)
[2022-12-17 09:04:16] INFO     Iteration 3943 (0 errors)
[2022-12-17 09:04:17] INFO     Iteration 3944 (0 errors)
[2022-12-17 09:04:18] INFO     Iteration 3945 (0 errors)
[2022-12-17 09:04:18] INFO     Iteration 3946 (0 errors)
[2022-12-17 09:04:19] INFO     Iteration 3947 (0 errors)
[2022-12-17 09:04:20] INFO     Iteration 3948 (0 errors)
[2022-12-17 09:04:21] INFO     Iteration 3949 (0 errors)
[2022-12-17 09:04:22] INFO     Iteration 3950 (0 errors)
[2022-12-17 09:04:23] INFO     Iteration 3951 (0 errors)
[2022-12-17 09:04:23] INFO     Iteration 3952 (0 errors)
[2022-12-17 09:04:24] INFO     Iteration 3953 (0 errors)
[2022-12-17 09:04:25] INFO     Iteration 3954 (0 errors)
[2022-12-17 09:04:26] INFO     Iteration 3955 (0 errors)
[2022-12-17 09:04:27] INFO     Iteration 3956 (0 errors)
[2022-12-17 09:04:27] INFO     Iteration 3957 (0 errors)
[2022-12-17 09:04:28] INFO     Iteration 3958 (0 errors)
[2022-12-17 09:04:29] INFO     Iteration 3959 (0 errors)
[2022-12-17 09:04:30] INFO     Iteration 3960 (0 errors)
[2022-12-17 09:04:31] INFO     Iteration 3961 (0 errors)
[2022-12-17 09:04:31] INFO     Iteration 3962 (0 errors)
[2022-12-17 09:04:32] INFO     Iteration 3963 (0 errors)
[2022-12-17 09:04:33] INFO     Iteration 3964 (0 errors)
[2022-12-17 09:04:34] INFO     Iteration 3965 (0 errors)
[2022-12-17 09:04:35] INFO     Iteration 3966 (0 errors)
[2022-12-17 09:04:35] INFO     Iteration 3967 (0 errors)
[2022-12-17 09:04:36] INFO     Iteration 3968 (0 errors)
[2022-12-17 09:04:37] INFO     Iteration 3969 (0 errors)
[2022-12-17 09:04:38] INFO     Iteration 3970 (0 errors)
[2022-12-17 09:04:39] INFO     Iteration 3971 (0 errors)
[2022-12-17 09:04:39] INFO     Iteration 3972 (0 errors)
[2022-12-17 09:04:40] INFO     Iteration 3973 (0 errors)
[2022-12-17 09:04:41] INFO     Iteration 3974 (0 errors)
[2022-12-17 09:04:42] INFO     Iteration 3975 (0 errors)
[2022-12-17 09:04:43] INFO     Iteration 3976 (0 errors)
[2022-12-17 09:04:44] INFO     Iteration 3977 (0 errors)
[2022-12-17 09:04:44] INFO     Iteration 3978 (0 errors)
[2022-12-17 09:04:45] INFO     Iteration 3979 (0 errors)
[2022-12-17 09:04:46] INFO     Iteration 3980 (0 errors)
[2022-12-17 09:04:47] INFO     Iteration 3981 (0 errors)
[2022-12-17 09:04:48] INFO     Iteration 3982 (0 errors)
[2022-12-17 09:04:48] INFO     Iteration 3983 (0 errors)
[2022-12-17 09:04:49] INFO     Iteration 3984 (0 errors)
[2022-12-17 09:04:50] INFO     Iteration 3985 (0 errors)
[2022-12-17 09:04:51] INFO     Iteration 3986 (0 errors)
[2022-12-17 09:04:52] INFO     Iteration 3987 (0 errors)
[2022-12-17 09:04:52] INFO     Iteration 3988 (0 errors)
[2022-12-17 09:04:53] INFO     Iteration 3989 (0 errors)
[2022-12-17 09:04:54] INFO     Iteration 3990 (0 errors)
[2022-12-17 09:04:55] INFO     Iteration 3991 (0 errors)
[2022-12-17 09:04:56] INFO     Iteration 3992 (0 errors)
[2022-12-17 09:04:56] INFO     Iteration 3993 (0 errors)
[2022-12-17 09:04:57] INFO     Iteration 3994 (0 errors)
[2022-12-17 09:04:58] INFO     Iteration 3995 (0 errors)
[2022-12-17 09:04:59] INFO     Iteration 3996 (0 errors)
[2022-12-17 09:05:00] INFO     Iteration 3997 (0 errors)
[2022-12-17 09:05:00] INFO     Iteration 3998 (0 errors)
[2022-12-17 09:05:01] INFO     Iteration 3999 (0 errors)
[2022-12-17 09:05:02] INFO     Iteration 4000 (0 errors)
[2022-12-17 09:05:03] INFO     Iteration 4001 (0 errors)
[2022-12-17 09:05:04] INFO     Iteration 4002 (0 errors)
[2022-12-17 09:05:04] INFO     Iteration 4003 (0 errors)
[2022-12-17 09:05:05] INFO     Iteration 4004 (0 errors)
[2022-12-17 09:05:06] INFO     Iteration 4005 (0 errors)
[2022-12-17 09:05:07] INFO     Iteration 4006 (0 errors)
[2022-12-17 09:05:08] INFO     Iteration 4007 (0 errors)
[2022-12-17 09:05:09] INFO     Iteration 4008 (0 errors)
[2022-12-17 09:05:09] INFO     Iteration 4009 (0 errors)
[2022-12-17 09:05:10] INFO     Iteration 4010 (0 errors)
[2022-12-17 09:05:11] INFO     Iteration 4011 (0 errors)
[2022-12-17 09:05:12] INFO     Iteration 4012 (0 errors)
[2022-12-17 09:05:13] INFO     Iteration 4013 (0 errors)
[2022-12-17 09:05:13] INFO     Iteration 4014 (0 errors)
[2022-12-17 09:05:14] INFO     Iteration 4015 (0 errors)
[2022-12-17 09:05:15] INFO     Iteration 4016 (0 errors)
[2022-12-17 09:05:16] INFO     Iteration 4017 (0 errors)
[2022-12-17 09:05:17] INFO     Iteration 4018 (0 errors)
[2022-12-17 09:05:17] INFO     Iteration 4019 (0 errors)
[2022-12-17 09:05:18] INFO     Iteration 4020 (0 errors)
[2022-12-17 09:05:19] INFO     Iteration 4021 (0 errors)
[2022-12-17 09:05:20] INFO     Iteration 4022 (0 errors)
[2022-12-17 09:05:21] INFO     Iteration 4023 (0 errors)
[2022-12-17 09:05:21] INFO     Iteration 4024 (0 errors)
[2022-12-17 09:05:22] INFO     Iteration 4025 (0 errors)
[2022-12-17 09:05:23] INFO     Iteration 4026 (0 errors)
[2022-12-17 09:05:24] INFO     Iteration 4027 (0 errors)
[2022-12-17 09:05:25] INFO     Iteration 4028 (0 errors)
[2022-12-17 09:05:26] INFO     Iteration 4029 (0 errors)
[2022-12-17 09:05:26] INFO     Iteration 4030 (0 errors)
[2022-12-17 09:05:27] INFO     Iteration 4031 (0 errors)
[2022-12-17 09:05:28] INFO     Iteration 4032 (0 errors)
[2022-12-17 09:05:29] INFO     Iteration 4033 (0 errors)
[2022-12-17 09:05:30] INFO     Iteration 4034 (0 errors)
[2022-12-17 09:05:30] INFO     Iteration 4035 (0 errors)
[2022-12-17 09:05:31] INFO     Iteration 4036 (0 errors)
[2022-12-17 09:05:32] INFO     Iteration 4037 (0 errors)
[2022-12-17 09:05:33] INFO     Iteration 4038 (0 errors)
[2022-12-17 09:05:34] INFO     Iteration 4039 (0 errors)
[2022-12-17 09:05:34] INFO     Iteration 4040 (0 errors)
[2022-12-17 09:05:35] INFO     Iteration 4041 (0 errors)
[2022-12-17 09:05:36] INFO     Iteration 4042 (0 errors)
[2022-12-17 09:05:37] INFO     Iteration 4043 (0 errors)
[2022-12-17 09:05:38] INFO     Iteration 4044 (0 errors)
[2022-12-17 09:05:38] INFO     Iteration 4045 (0 errors)
[2022-12-17 09:05:39] INFO     Iteration 4046 (0 errors)
[2022-12-17 09:05:40] INFO     Iteration 4047 (0 errors)
[2022-12-17 09:05:41] INFO     Iteration 4048 (0 errors)
[2022-12-17 09:05:42] INFO     Iteration 4049 (0 errors)
[2022-12-17 09:05:42] INFO     Iteration 4050 (0 errors)
[2022-12-17 09:05:43] INFO     Iteration 4051 (0 errors)
[2022-12-17 09:05:44] INFO     Iteration 4052 (0 errors)
[2022-12-17 09:05:45] INFO     Iteration 4053 (0 errors)
[2022-12-17 09:05:46] INFO     Iteration 4054 (0 errors)
[2022-12-17 09:05:47] INFO     Iteration 4055 (0 errors)
[2022-12-17 09:05:47] INFO     Iteration 4056 (0 errors)
[2022-12-17 09:05:48] INFO     Iteration 4057 (0 errors)
[2022-12-17 09:05:49] INFO     Iteration 4058 (0 errors)
[2022-12-17 09:05:50] INFO     Iteration 4059 (0 errors)
[2022-12-17 09:05:51] INFO     Iteration 4060 (0 errors)
[2022-12-17 09:05:51] INFO     Iteration 4061 (0 errors)
[2022-12-17 09:05:52] INFO     Iteration 4062 (0 errors)
[2022-12-17 09:05:53] INFO     Iteration 4063 (0 errors)
[2022-12-17 09:05:54] INFO     Iteration 4064 (0 errors)
[2022-12-17 09:05:55] INFO     Iteration 4065 (0 errors)
[2022-12-17 09:05:55] INFO     Iteration 4066 (0 errors)
[2022-12-17 09:05:56] INFO     Iteration 4067 (0 errors)
[2022-12-17 09:05:57] INFO     Iteration 4068 (0 errors)
[2022-12-17 09:05:58] INFO     Iteration 4069 (0 errors)
[2022-12-17 09:05:59] INFO     Iteration 4070 (0 errors)
[2022-12-17 09:05:59] INFO     Iteration 4071 (0 errors)
[2022-12-17 09:06:00] INFO     Iteration 4072 (0 errors)
[2022-12-17 09:06:01] INFO     Iteration 4073 (0 errors)
[2022-12-17 09:06:02] INFO     Iteration 4074 (0 errors)
[2022-12-17 09:06:03] INFO     Iteration 4075 (0 errors)
[2022-12-17 09:06:03] INFO     Iteration 4076 (0 errors)
[2022-12-17 09:06:04] INFO     Iteration 4077 (0 errors)
[2022-12-17 09:06:05] INFO     Iteration 4078 (0 errors)
[2022-12-17 09:06:06] INFO     Iteration 4079 (0 errors)
[2022-12-17 09:06:07] INFO     Iteration 4080 (0 errors)
[2022-12-17 09:06:08] INFO     Iteration 4081 (0 errors)
[2022-12-17 09:06:08] INFO     Iteration 4082 (0 errors)
[2022-12-17 09:06:09] INFO     Iteration 4083 (0 errors)
[2022-12-17 09:06:10] INFO     Iteration 4084 (0 errors)
[2022-12-17 09:06:11] INFO     Iteration 4085 (0 errors)
[2022-12-17 09:06:12] INFO     Iteration 4086 (0 errors)
[2022-12-17 09:06:12] INFO     Iteration 4087 (0 errors)
[2022-12-17 09:06:13] INFO     Iteration 4088 (0 errors)
[2022-12-17 09:06:14] INFO     Iteration 4089 (0 errors)
[2022-12-17 09:06:15] INFO     Iteration 4090 (0 errors)
[2022-12-17 09:06:16] INFO     Iteration 4091 (0 errors)
[2022-12-17 09:06:16] INFO     Iteration 4092 (0 errors)
[2022-12-17 09:06:17] INFO     Iteration 4093 (0 errors)
[2022-12-17 09:06:18] INFO     Iteration 4094 (0 errors)
[2022-12-17 09:06:19] INFO     Iteration 4095 (0 errors)
[2022-12-17 09:06:20] INFO     Iteration 4096 (0 errors)
[2022-12-17 09:06:20] INFO     Iteration 4097 (0 errors)
[2022-12-17 09:06:21] INFO     Iteration 4098 (0 errors)
[2022-12-17 09:06:22] INFO     Iteration 4099 (0 errors)
[2022-12-17 09:06:23] INFO     Iteration 4100 (0 errors)
[2022-12-17 09:06:24] INFO     Iteration 4101 (0 errors)
[2022-12-17 09:06:25] INFO     Iteration 4102 (0 errors)
[2022-12-17 09:06:25] INFO     Iteration 4103 (0 errors)
[2022-12-17 09:06:26] INFO     Iteration 4104 (0 errors)
[2022-12-17 09:06:27] INFO     Iteration 4105 (0 errors)
[2022-12-17 09:06:28] INFO     Iteration 4106 (0 errors)
[2022-12-17 09:06:29] INFO     Iteration 4107 (0 errors)
[2022-12-17 09:06:29] INFO     Iteration 4108 (0 errors)
[2022-12-17 09:06:30] INFO     Iteration 4109 (0 errors)
[2022-12-17 09:06:31] INFO     Iteration 4110 (0 errors)
[2022-12-17 09:06:32] INFO     Iteration 4111 (0 errors)
[2022-12-17 09:06:33] INFO     Iteration 4112 (0 errors)
[2022-12-17 09:06:33] INFO     Iteration 4113 (0 errors)
[2022-12-17 09:06:34] INFO     Iteration 4114 (0 errors)
[2022-12-17 09:06:35] INFO     Iteration 4115 (0 errors)
[2022-12-17 09:06:36] INFO     Iteration 4116 (0 errors)
[2022-12-17 09:06:37] INFO     Iteration 4117 (0 errors)
[2022-12-17 09:06:37] INFO     Iteration 4118 (0 errors)
[2022-12-17 09:06:38] INFO     Iteration 4119 (0 errors)
[2022-12-17 09:06:39] INFO     Iteration 4120 (0 errors)
[2022-12-17 09:06:40] INFO     Iteration 4121 (0 errors)
[2022-12-17 09:06:41] INFO     Iteration 4122 (0 errors)
[2022-12-17 09:06:42] INFO     Iteration 4123 (0 errors)
[2022-12-17 09:06:42] INFO     Iteration 4124 (0 errors)
[2022-12-17 09:06:43] INFO     Iteration 4125 (0 errors)
[2022-12-17 09:06:44] INFO     Iteration 4126 (0 errors)
[2022-12-17 09:06:45] INFO     Iteration 4127 (0 errors)
[2022-12-17 09:06:46] INFO     Iteration 4128 (0 errors)
[2022-12-17 09:06:46] INFO     Iteration 4129 (0 errors)
[2022-12-17 09:06:47] INFO     Iteration 4130 (0 errors)
[2022-12-17 09:06:48] INFO     Iteration 4131 (0 errors)
[2022-12-17 09:06:49] INFO     Iteration 4132 (0 errors)
[2022-12-17 09:06:50] INFO     Iteration 4133 (0 errors)
[2022-12-17 09:06:50] INFO     Iteration 4134 (0 errors)
[2022-12-17 09:06:51] INFO     Iteration 4135 (0 errors)
[2022-12-17 09:06:52] INFO     Iteration 4136 (0 errors)
[2022-12-17 09:06:53] INFO     Iteration 4137 (0 errors)
[2022-12-17 09:06:54] INFO     Iteration 4138 (0 errors)
[2022-12-17 09:06:54] INFO     Iteration 4139 (0 errors)
[2022-12-17 09:06:55] INFO     Iteration 4140 (0 errors)
[2022-12-17 09:06:56] INFO     Iteration 4141 (0 errors)
[2022-12-17 09:06:57] INFO     Iteration 4142 (0 errors)
[2022-12-17 09:06:58] INFO     Iteration 4143 (0 errors)
[2022-12-17 09:06:59] INFO     Iteration 4144 (0 errors)
[2022-12-17 09:06:59] INFO     Iteration 4145 (0 errors)
[2022-12-17 09:07:00] INFO     Iteration 4146 (0 errors)
[2022-12-17 09:07:01] INFO     Iteration 4147 (0 errors)
[2022-12-17 09:07:02] INFO     Iteration 4148 (0 errors)
[2022-12-17 09:07:03] INFO     Iteration 4149 (0 errors)
[2022-12-17 09:07:03] INFO     Iteration 4150 (0 errors)
[2022-12-17 09:07:04] INFO     Iteration 4151 (0 errors)
[2022-12-17 09:07:05] INFO     Iteration 4152 (0 errors)
[2022-12-17 09:07:06] INFO     Iteration 4153 (0 errors)
[2022-12-17 09:07:07] INFO     Iteration 4154 (0 errors)
[2022-12-17 09:07:07] INFO     Iteration 4155 (0 errors)
[2022-12-17 09:07:08] INFO     Iteration 4156 (0 errors)
[2022-12-17 09:07:09] INFO     Iteration 4157 (0 errors)
[2022-12-17 09:07:10] INFO     Iteration 4158 (0 errors)
[2022-12-17 09:07:11] INFO     Iteration 4159 (0 errors)
[2022-12-17 09:07:11] INFO     Iteration 4160 (0 errors)
[2022-12-17 09:07:12] INFO     Iteration 4161 (0 errors)
[2022-12-17 09:07:13] INFO     Iteration 4162 (0 errors)
[2022-12-17 09:07:14] INFO     Iteration 4163 (0 errors)
[2022-12-17 09:07:15] INFO     Iteration 4164 (0 errors)
[2022-12-17 09:07:16] INFO     Iteration 4165 (0 errors)
[2022-12-17 09:07:16] INFO     Iteration 4166 (0 errors)
[2022-12-17 09:07:17] INFO     Iteration 4167 (0 errors)
[2022-12-17 09:07:18] INFO     Iteration 4168 (0 errors)
[2022-12-17 09:07:19] INFO     Iteration 4169 (0 errors)
[2022-12-17 09:07:20] INFO     Iteration 4170 (0 errors)
[2022-12-17 09:07:20] INFO     Iteration 4171 (0 errors)
[2022-12-17 09:07:21] INFO     Iteration 4172 (0 errors)
[2022-12-17 09:07:22] INFO     Iteration 4173 (0 errors)
[2022-12-17 09:07:23] INFO     Iteration 4174 (0 errors)
[2022-12-17 09:07:24] INFO     Iteration 4175 (0 errors)
[2022-12-17 09:07:24] INFO     Iteration 4176 (0 errors)
[2022-12-17 09:07:25] INFO     Iteration 4177 (0 errors)
[2022-12-17 09:07:26] INFO     Iteration 4178 (0 errors)
[2022-12-17 09:07:27] INFO     Iteration 4179 (0 errors)
[2022-12-17 09:07:28] INFO     Iteration 4180 (0 errors)
[2022-12-17 09:07:28] INFO     Iteration 4181 (0 errors)
[2022-12-17 09:07:29] INFO     Iteration 4182 (0 errors)
[2022-12-17 09:07:30] INFO     Iteration 4183 (0 errors)
[2022-12-17 09:07:31] INFO     Iteration 4184 (0 errors)
[2022-12-17 09:07:32] INFO     Iteration 4185 (0 errors)
[2022-12-17 09:07:32] INFO     Iteration 4186 (0 errors)
[2022-12-17 09:07:33] INFO     Iteration 4187 (0 errors)
[2022-12-17 09:07:34] INFO     Iteration 4188 (0 errors)
[2022-12-17 09:07:35] INFO     Iteration 4189 (0 errors)
[2022-12-17 09:07:36] INFO     Iteration 4190 (0 errors)
[2022-12-17 09:07:37] INFO     Iteration 4191 (0 errors)
[2022-12-17 09:07:37] INFO     Iteration 4192 (0 errors)
[2022-12-17 09:07:38] INFO     Iteration 4193 (0 errors)
[2022-12-17 09:07:39] INFO     Iteration 4194 (0 errors)
[2022-12-17 09:07:40] INFO     Iteration 4195 (0 errors)
[2022-12-17 09:07:41] INFO     Iteration 4196 (0 errors)
[2022-12-17 09:07:41] INFO     Iteration 4197 (0 errors)
[2022-12-17 09:07:42] INFO     Iteration 4198 (0 errors)
[2022-12-17 09:07:43] INFO     Iteration 4199 (0 errors)
[2022-12-17 09:07:44] INFO     Iteration 4200 (0 errors)
[2022-12-17 09:07:45] INFO     Iteration 4201 (0 errors)
[2022-12-17 09:07:45] INFO     Iteration 4202 (0 errors)
[2022-12-17 09:07:46] INFO     Iteration 4203 (0 errors)
[2022-12-17 09:07:47] INFO     Iteration 4204 (0 errors)
[2022-12-17 09:07:48] INFO     Iteration 4205 (0 errors)
[2022-12-17 09:07:49] INFO     Iteration 4206 (0 errors)
[2022-12-17 09:07:49] INFO     Iteration 4207 (0 errors)
[2022-12-17 09:07:50] INFO     Iteration 4208 (0 errors)
[2022-12-17 09:07:51] INFO     Iteration 4209 (0 errors)
[2022-12-17 09:07:52] INFO     Iteration 4210 (0 errors)
[2022-12-17 09:07:53] INFO     Iteration 4211 (0 errors)
[2022-12-17 09:07:54] INFO     Iteration 4212 (0 errors)
[2022-12-17 09:07:54] INFO     Iteration 4213 (0 errors)
[2022-12-17 09:07:55] INFO     Iteration 4214 (0 errors)
[2022-12-17 09:07:56] INFO     Iteration 4215 (0 errors)
[2022-12-17 09:07:57] INFO     Iteration 4216 (0 errors)
[2022-12-17 09:07:58] INFO     Iteration 4217 (0 errors)
[2022-12-17 09:07:58] INFO     Iteration 4218 (0 errors)
[2022-12-17 09:07:59] INFO     Iteration 4219 (0 errors)
[2022-12-17 09:08:00] INFO     Iteration 4220 (0 errors)
[2022-12-17 09:08:01] INFO     Iteration 4221 (0 errors)
[2022-12-17 09:08:02] INFO     Iteration 4222 (0 errors)
[2022-12-17 09:08:02] INFO     Iteration 4223 (0 errors)
[2022-12-17 09:08:03] INFO     Iteration 4224 (0 errors)
[2022-12-17 09:08:04] INFO     Iteration 4225 (0 errors)
[2022-12-17 09:08:05] INFO     Iteration 4226 (0 errors)
[2022-12-17 09:08:06] INFO     Iteration 4227 (0 errors)
[2022-12-17 09:08:06] INFO     Iteration 4228 (0 errors)
[2022-12-17 09:08:07] INFO     Iteration 4229 (0 errors)
[2022-12-17 09:08:08] INFO     Iteration 4230 (0 errors)
[2022-12-17 09:08:09] INFO     Iteration 4231 (0 errors)
[2022-12-17 09:08:10] INFO     Iteration 4232 (0 errors)
[2022-12-17 09:08:11] INFO     Iteration 4233 (0 errors)
[2022-12-17 09:08:11] INFO     Iteration 4234 (0 errors)
[2022-12-17 09:08:12] INFO     Iteration 4235 (0 errors)
[2022-12-17 09:08:13] INFO     Iteration 4236 (0 errors)
[2022-12-17 09:08:14] INFO     Iteration 4237 (0 errors)
[2022-12-17 09:08:15] INFO     Iteration 4238 (0 errors)
[2022-12-17 09:08:15] INFO     Iteration 4239 (0 errors)
[2022-12-17 09:08:16] INFO     Iteration 4240 (0 errors)
[2022-12-17 09:08:17] INFO     Iteration 4241 (0 errors)
[2022-12-17 09:08:18] INFO     Iteration 4242 (0 errors)
[2022-12-17 09:08:19] INFO     Iteration 4243 (0 errors)
[2022-12-17 09:08:19] INFO     Iteration 4244 (0 errors)
[2022-12-17 09:08:20] INFO     Iteration 4245 (0 errors)
[2022-12-17 09:08:21] INFO     Iteration 4246 (0 errors)
[2022-12-17 09:08:22] INFO     Iteration 4247 (0 errors)
[2022-12-17 09:08:23] INFO     Iteration 4248 (0 errors)
[2022-12-17 09:08:23] INFO     Iteration 4249 (0 errors)
[2022-12-17 09:08:24] INFO     Iteration 4250 (0 errors)
[2022-12-17 09:08:25] INFO     Iteration 4251 (0 errors)
[2022-12-17 09:08:26] INFO     Iteration 4252 (0 errors)
[2022-12-17 09:08:27] INFO     Iteration 4253 (0 errors)
[2022-12-17 09:08:27] INFO     Iteration 4254 (0 errors)
[2022-12-17 09:08:28] INFO     Iteration 4255 (0 errors)
[2022-12-17 09:08:29] INFO     Iteration 4256 (0 errors)
[2022-12-17 09:08:30] INFO     Iteration 4257 (0 errors)
[2022-12-17 09:08:31] INFO     Iteration 4258 (0 errors)
[2022-12-17 09:08:32] INFO     Iteration 4259 (0 errors)
[2022-12-17 09:08:32] INFO     Iteration 4260 (0 errors)
[2022-12-17 09:08:33] INFO     Iteration 4261 (0 errors)
[2022-12-17 09:08:34] INFO     Iteration 4262 (0 errors)
[2022-12-17 09:08:35] INFO     Iteration 4263 (0 errors)
[2022-12-17 09:08:36] INFO     Iteration 4264 (0 errors)
[2022-12-17 09:08:36] INFO     Iteration 4265 (0 errors)
[2022-12-17 09:08:37] INFO     Iteration 4266 (0 errors)
[2022-12-17 09:08:38] INFO     Iteration 4267 (0 errors)
[2022-12-17 09:08:39] INFO     Iteration 4268 (0 errors)
[2022-12-17 09:08:40] INFO     Iteration 4269 (0 errors)
[2022-12-17 09:08:40] INFO     Iteration 4270 (0 errors)
[2022-12-17 09:08:41] INFO     Iteration 4271 (0 errors)
[2022-12-17 09:08:42] INFO     Iteration 4272 (0 errors)
[2022-12-17 09:08:43] INFO     Iteration 4273 (0 errors)
[2022-12-17 09:08:44] INFO     Iteration 4274 (0 errors)
[2022-12-17 09:08:44] INFO     Iteration 4275 (0 errors)
[2022-12-17 09:08:45] INFO     Iteration 4276 (0 errors)
[2022-12-17 09:08:46] INFO     Iteration 4277 (0 errors)
[2022-12-17 09:08:47] INFO     Iteration 4278 (0 errors)
[2022-12-17 09:08:48] INFO     Iteration 4279 (0 errors)
[2022-12-17 09:08:48] INFO     Iteration 4280 (0 errors)
[2022-12-17 09:08:49] INFO     Iteration 4281 (0 errors)
[2022-12-17 09:08:50] INFO     Iteration 4282 (0 errors)
[2022-12-17 09:08:51] INFO     Iteration 4283 (0 errors)
[2022-12-17 09:08:52] INFO     Iteration 4284 (0 errors)
[2022-12-17 09:08:53] INFO     Iteration 4285 (0 errors)
[2022-12-17 09:08:53] INFO     Iteration 4286 (0 errors)
[2022-12-17 09:08:54] INFO     Iteration 4287 (0 errors)
[2022-12-17 09:08:55] INFO     Iteration 4288 (0 errors)
[2022-12-17 09:08:56] INFO     Iteration 4289 (0 errors)
[2022-12-17 09:08:57] INFO     Iteration 4290 (0 errors)
[2022-12-17 09:08:57] INFO     Iteration 4291 (0 errors)
[2022-12-17 09:08:58] INFO     Iteration 4292 (0 errors)
[2022-12-17 09:08:59] INFO     Iteration 4293 (0 errors)
[2022-12-17 09:09:00] INFO     Iteration 4294 (0 errors)
[2022-12-17 09:09:01] INFO     Iteration 4295 (0 errors)
[2022-12-17 09:09:01] INFO     Iteration 4296 (0 errors)
[2022-12-17 09:09:02] INFO     Iteration 4297 (0 errors)
[2022-12-17 09:09:03] INFO     Iteration 4298 (0 errors)
[2022-12-17 09:09:04] INFO     Iteration 4299 (0 errors)
[2022-12-17 09:09:05] INFO     Iteration 4300 (0 errors)
[2022-12-17 09:09:05] INFO     Iteration 4301 (0 errors)
[2022-12-17 09:09:06] INFO     Iteration 4302 (0 errors)
[2022-12-17 09:09:07] INFO     Iteration 4303 (0 errors)
[2022-12-17 09:09:08] INFO     Iteration 4304 (0 errors)
[2022-12-17 09:09:09] INFO     Iteration 4305 (0 errors)
[2022-12-17 09:09:09] INFO     Iteration 4306 (0 errors)
[2022-12-17 09:09:10] INFO     Iteration 4307 (0 errors)
[2022-12-17 09:09:11] INFO     Iteration 4308 (0 errors)
[2022-12-17 09:09:12] INFO     Iteration 4309 (0 errors)
[2022-12-17 09:09:13] INFO     Iteration 4310 (0 errors)
[2022-12-17 09:09:14] INFO     Iteration 4311 (0 errors)
[2022-12-17 09:09:14] INFO     Iteration 4312 (0 errors)
[2022-12-17 09:09:15] INFO     Iteration 4313 (0 errors)
[2022-12-17 09:09:16] INFO     Iteration 4314 (0 errors)
[2022-12-17 09:09:17] INFO     Iteration 4315 (0 errors)
[2022-12-17 09:09:18] INFO     Iteration 4316 (0 errors)
[2022-12-17 09:09:18] INFO     Iteration 4317 (0 errors)
[2022-12-17 09:09:19] INFO     Iteration 4318 (0 errors)
[2022-12-17 09:09:20] INFO     Iteration 4319 (0 errors)
[2022-12-17 09:09:21] INFO     Iteration 4320 (0 errors)
[2022-12-17 09:09:22] INFO     Iteration 4321 (0 errors)
[2022-12-17 09:09:22] INFO     Iteration 4322 (0 errors)
[2022-12-17 09:09:23] INFO     Iteration 4323 (0 errors)
[2022-12-17 09:09:24] INFO     Iteration 4324 (0 errors)
[2022-12-17 09:09:25] INFO     Iteration 4325 (0 errors)
[2022-12-17 09:09:26] INFO     Iteration 4326 (0 errors)
[2022-12-17 09:09:26] INFO     Iteration 4327 (0 errors)
[2022-12-17 09:09:27] INFO     Iteration 4328 (0 errors)
[2022-12-17 09:09:28] INFO     Iteration 4329 (0 errors)
[2022-12-17 09:09:29] INFO     Iteration 4330 (0 errors)
[2022-12-17 09:09:30] INFO     Iteration 4331 (0 errors)
[2022-12-17 09:09:31] INFO     Iteration 4332 (0 errors)
[2022-12-17 09:09:31] INFO     Iteration 4333 (0 errors)
[2022-12-17 09:09:32] INFO     Iteration 4334 (0 errors)
[2022-12-17 09:09:33] INFO     Iteration 4335 (0 errors)
[2022-12-17 09:09:34] INFO     Iteration 4336 (0 errors)
[2022-12-17 09:09:35] INFO     Iteration 4337 (0 errors)
[2022-12-17 09:09:35] INFO     Iteration 4338 (0 errors)
[2022-12-17 09:09:36] INFO     Iteration 4339 (0 errors)
[2022-12-17 09:09:37] INFO     Iteration 4340 (0 errors)
[2022-12-17 09:09:38] INFO     Iteration 4341 (0 errors)
[2022-12-17 09:09:39] INFO     Iteration 4342 (0 errors)
[2022-12-17 09:09:39] INFO     Iteration 4343 (0 errors)
[2022-12-17 09:09:40] INFO     Iteration 4344 (0 errors)
[2022-12-17 09:09:41] INFO     Iteration 4345 (0 errors)
[2022-12-17 09:09:42] INFO     Iteration 4346 (0 errors)
[2022-12-17 09:09:43] INFO     Iteration 4347 (0 errors)
[2022-12-17 09:09:43] INFO     Iteration 4348 (0 errors)
[2022-12-17 09:09:44] INFO     Iteration 4349 (0 errors)
[2022-12-17 09:09:45] INFO     Iteration 4350 (0 errors)
[2022-12-17 09:09:46] INFO     Iteration 4351 (0 errors)
[2022-12-17 09:09:47] INFO     Iteration 4352 (0 errors)
[2022-12-17 09:09:47] INFO     Iteration 4353 (0 errors)
[2022-12-17 09:09:48] INFO     Iteration 4354 (0 errors)
[2022-12-17 09:09:49] INFO     Iteration 4355 (0 errors)
[2022-12-17 09:09:50] INFO     Iteration 4356 (0 errors)
[2022-12-17 09:09:51] INFO     Iteration 4357 (0 errors)
[2022-12-17 09:09:52] INFO     Iteration 4358 (0 errors)
[2022-12-17 09:09:52] INFO     Iteration 4359 (0 errors)
[2022-12-17 09:09:53] INFO     Iteration 4360 (0 errors)
[2022-12-17 09:09:54] INFO     Iteration 4361 (0 errors)
[2022-12-17 09:09:55] INFO     Iteration 4362 (0 errors)
[2022-12-17 09:09:56] INFO     Iteration 4363 (0 errors)
[2022-12-17 09:09:56] INFO     Iteration 4364 (0 errors)
[2022-12-17 09:09:57] INFO     Iteration 4365 (0 errors)
[2022-12-17 09:09:58] INFO     Iteration 4366 (0 errors)
[2022-12-17 09:09:59] INFO     Iteration 4367 (0 errors)
[2022-12-17 09:10:00] INFO     Iteration 4368 (0 errors)
[2022-12-17 09:10:00] INFO     Iteration 4369 (0 errors)
[2022-12-17 09:10:01] INFO     Iteration 4370 (0 errors)
[2022-12-17 09:10:02] INFO     Iteration 4371 (0 errors)
[2022-12-17 09:10:03] INFO     Iteration 4372 (0 errors)
[2022-12-17 09:10:04] INFO     Iteration 4373 (0 errors)
[2022-12-17 09:10:04] INFO     Iteration 4374 (0 errors)
[2022-12-17 09:10:05] INFO     Iteration 4375 (0 errors)
[2022-12-17 09:10:06] INFO     Iteration 4376 (0 errors)
[2022-12-17 09:10:07] INFO     Iteration 4377 (0 errors)
[2022-12-17 09:10:08] INFO     Iteration 4378 (0 errors)
[2022-12-17 09:10:08] INFO     Iteration 4379 (0 errors)
[2022-12-17 09:10:09] INFO     Iteration 4380 (0 errors)
[2022-12-17 09:10:10] INFO     Iteration 4381 (0 errors)
[2022-12-17 09:10:11] INFO     Iteration 4382 (0 errors)
[2022-12-17 09:10:12] INFO     Iteration 4383 (0 errors)
[2022-12-17 09:10:13] INFO     Iteration 4384 (0 errors)
[2022-12-17 09:10:13] INFO     Iteration 4385 (0 errors)
[2022-12-17 09:10:14] INFO     Iteration 4386 (0 errors)
[2022-12-17 09:10:15] INFO     Iteration 4387 (0 errors)
[2022-12-17 09:10:16] INFO     Iteration 4388 (0 errors)
[2022-12-17 09:10:17] INFO     Iteration 4389 (0 errors)
[2022-12-17 09:10:17] INFO     Iteration 4390 (0 errors)
[2022-12-17 09:10:18] INFO     Iteration 4391 (0 errors)
[2022-12-17 09:10:19] INFO     Iteration 4392 (0 errors)
[2022-12-17 09:10:20] INFO     Iteration 4393 (0 errors)
[2022-12-17 09:10:21] INFO     Iteration 4394 (0 errors)
[2022-12-17 09:10:21] INFO     Iteration 4395 (0 errors)
[2022-12-17 09:10:22] INFO     Iteration 4396 (0 errors)
[2022-12-17 09:10:23] INFO     Iteration 4397 (0 errors)
[2022-12-17 09:10:24] INFO     Iteration 4398 (0 errors)
[2022-12-17 09:10:25] INFO     Iteration 4399 (0 errors)
[2022-12-17 09:10:25] INFO     Iteration 4400 (0 errors)
[2022-12-17 09:10:26] INFO     Iteration 4401 (0 errors)
[2022-12-17 09:10:27] INFO     Iteration 4402 (0 errors)
[2022-12-17 09:10:28] INFO     Iteration 4403 (0 errors)
[2022-12-17 09:10:29] INFO     Iteration 4404 (0 errors)
[2022-12-17 09:10:30] INFO     Iteration 4405 (0 errors)
[2022-12-17 09:10:30] INFO     Iteration 4406 (0 errors)
[2022-12-17 09:10:31] INFO     Iteration 4407 (0 errors)
[2022-12-17 09:10:32] INFO     Iteration 4408 (0 errors)
[2022-12-17 09:10:33] INFO     Iteration 4409 (0 errors)
[2022-12-17 09:10:34] INFO     Iteration 4410 (0 errors)
[2022-12-17 09:10:34] INFO     Iteration 4411 (0 errors)
[2022-12-17 09:10:35] INFO     Iteration 4412 (0 errors)
[2022-12-17 09:10:36] INFO     Iteration 4413 (0 errors)
[2022-12-17 09:10:37] INFO     Iteration 4414 (0 errors)
[2022-12-17 09:10:38] INFO     Iteration 4415 (0 errors)
[2022-12-17 09:10:38] INFO     Iteration 4416 (0 errors)
[2022-12-17 09:10:39] INFO     Iteration 4417 (0 errors)
[2022-12-17 09:10:40] INFO     Iteration 4418 (0 errors)
[2022-12-17 09:10:41] INFO     Iteration 4419 (0 errors)
[2022-12-17 09:10:42] INFO     Iteration 4420 (0 errors)
[2022-12-17 09:10:42] INFO     Iteration 4421 (0 errors)
[2022-12-17 09:10:43] INFO     Iteration 4422 (0 errors)
[2022-12-17 09:10:44] INFO     Iteration 4423 (0 errors)
[2022-12-17 09:10:45] INFO     Iteration 4424 (0 errors)
[2022-12-17 09:10:46] INFO     Iteration 4425 (0 errors)
[2022-12-17 09:10:46] INFO     Iteration 4426 (0 errors)
[2022-12-17 09:10:47] INFO     Iteration 4427 (0 errors)
[2022-12-17 09:10:48] INFO     Iteration 4428 (0 errors)
[2022-12-17 09:10:49] INFO     Iteration 4429 (0 errors)
[2022-12-17 09:10:50] INFO     Iteration 4430 (0 errors)
[2022-12-17 09:10:51] INFO     Iteration 4431 (0 errors)
[2022-12-17 09:10:51] INFO     Iteration 4432 (0 errors)
[2022-12-17 09:10:52] INFO     Iteration 4433 (0 errors)
[2022-12-17 09:10:53] INFO     Iteration 4434 (0 errors)
[2022-12-17 09:10:54] INFO     Iteration 4435 (0 errors)
[2022-12-17 09:10:55] INFO     Iteration 4436 (0 errors)
[2022-12-17 09:10:55] INFO     Iteration 4437 (0 errors)
[2022-12-17 09:10:56] INFO     Iteration 4438 (0 errors)
[2022-12-17 09:10:57] INFO     Iteration 4439 (0 errors)
[2022-12-17 09:10:58] INFO     Iteration 4440 (0 errors)
[2022-12-17 09:10:59] INFO     Iteration 4441 (0 errors)
[2022-12-17 09:10:59] INFO     Iteration 4442 (0 errors)
[2022-12-17 09:11:00] INFO     Iteration 4443 (0 errors)
[2022-12-17 09:11:01] INFO     Iteration 4444 (0 errors)
[2022-12-17 09:11:02] INFO     Iteration 4445 (0 errors)
[2022-12-17 09:11:03] INFO     Iteration 4446 (0 errors)
[2022-12-17 09:11:03] INFO     Iteration 4447 (0 errors)
[2022-12-17 09:11:04] INFO     Iteration 4448 (0 errors)
[2022-12-17 09:11:05] INFO     Iteration 4449 (0 errors)
[2022-12-17 09:11:06] INFO     Iteration 4450 (0 errors)
[2022-12-17 09:11:07] INFO     Iteration 4451 (0 errors)
[2022-12-17 09:11:07] INFO     Iteration 4452 (0 errors)
[2022-12-17 09:11:08] INFO     Iteration 4453 (0 errors)
[2022-12-17 09:11:09] INFO     Iteration 4454 (0 errors)
[2022-12-17 09:11:10] INFO     Iteration 4455 (0 errors)
[2022-12-17 09:11:11] INFO     Iteration 4456 (0 errors)
[2022-12-17 09:11:12] INFO     Iteration 4457 (0 errors)
[2022-12-17 09:11:12] INFO     Iteration 4458 (0 errors)
[2022-12-17 09:11:13] INFO     Iteration 4459 (0 errors)
[2022-12-17 09:11:14] INFO     Iteration 4460 (0 errors)
[2022-12-17 09:11:15] INFO     Iteration 4461 (0 errors)
[2022-12-17 09:11:16] INFO     Iteration 4462 (0 errors)
[2022-12-17 09:11:16] INFO     Iteration 4463 (0 errors)
[2022-12-17 09:11:17] INFO     Iteration 4464 (0 errors)
[2022-12-17 09:11:18] INFO     Iteration 4465 (0 errors)
[2022-12-17 09:11:19] INFO     Iteration 4466 (0 errors)
[2022-12-17 09:11:20] INFO     Iteration 4467 (0 errors)
[2022-12-17 09:11:20] INFO     Iteration 4468 (0 errors)
[2022-12-17 09:11:21] INFO     Iteration 4469 (0 errors)
[2022-12-17 09:11:22] INFO     Iteration 4470 (0 errors)
[2022-12-17 09:11:23] INFO     Iteration 4471 (0 errors)
[2022-12-17 09:11:24] INFO     Iteration 4472 (0 errors)
[2022-12-17 09:11:25] INFO     Iteration 4473 (0 errors)
[2022-12-17 09:11:25] INFO     Iteration 4474 (0 errors)
[2022-12-17 09:11:26] INFO     Iteration 4475 (0 errors)
[2022-12-17 09:11:27] INFO     Iteration 4476 (0 errors)
[2022-12-17 09:11:28] INFO     Iteration 4477 (0 errors)
[2022-12-17 09:11:29] INFO     Iteration 4478 (0 errors)
[2022-12-17 09:11:29] INFO     Iteration 4479 (0 errors)
[2022-12-17 09:11:30] INFO     Iteration 4480 (0 errors)
[2022-12-17 09:11:31] INFO     Iteration 4481 (0 errors)
[2022-12-17 09:11:32] INFO     Iteration 4482 (0 errors)
[2022-12-17 09:11:33] INFO     Iteration 4483 (0 errors)
[2022-12-17 09:11:33] INFO     Iteration 4484 (0 errors)
[2022-12-17 09:11:34] INFO     Iteration 4485 (0 errors)
[2022-12-17 09:11:35] INFO     Iteration 4486 (0 errors)
[2022-12-17 09:11:36] INFO     Iteration 4487 (0 errors)
[2022-12-17 09:11:37] INFO     Iteration 4488 (0 errors)
[2022-12-17 09:11:37] INFO     Iteration 4489 (0 errors)
[2022-12-17 09:11:38] INFO     Iteration 4490 (0 errors)
[2022-12-17 09:11:39] INFO     Iteration 4491 (0 errors)
[2022-12-17 09:11:40] INFO     Iteration 4492 (0 errors)
[2022-12-17 09:11:41] INFO     Iteration 4493 (0 errors)
[2022-12-17 09:11:41] INFO     Iteration 4494 (0 errors)
[2022-12-17 09:11:42] INFO     Iteration 4495 (0 errors)
[2022-12-17 09:11:43] INFO     Iteration 4496 (0 errors)
[2022-12-17 09:11:44] INFO     Iteration 4497 (0 errors)
[2022-12-17 09:11:45] INFO     Iteration 4498 (0 errors)
[2022-12-17 09:11:45] INFO     Iteration 4499 (0 errors)
[2022-12-17 09:11:46] INFO     Iteration 4500 (0 errors)
[2022-12-17 09:11:47] INFO     Iteration 4501 (0 errors)
[2022-12-17 09:11:48] INFO     Iteration 4502 (0 errors)
[2022-12-17 09:11:49] INFO     Iteration 4503 (0 errors)
[2022-12-17 09:11:50] INFO     Iteration 4504 (0 errors)
[2022-12-17 09:11:50] INFO     Iteration 4505 (0 errors)
[2022-12-17 09:11:51] INFO     Iteration 4506 (0 errors)
[2022-12-17 09:11:52] INFO     Iteration 4507 (0 errors)
[2022-12-17 09:11:53] INFO     Iteration 4508 (0 errors)
[2022-12-17 09:11:54] INFO     Iteration 4509 (0 errors)
[2022-12-17 09:11:54] INFO     Iteration 4510 (0 errors)
[2022-12-17 09:11:55] INFO     Iteration 4511 (0 errors)
[2022-12-17 09:11:56] INFO     Iteration 4512 (0 errors)
[2022-12-17 09:11:57] INFO     Iteration 4513 (0 errors)
[2022-12-17 09:11:58] INFO     Iteration 4514 (0 errors)
[2022-12-17 09:11:58] INFO     Iteration 4515 (0 errors)
[2022-12-17 09:11:59] INFO     Iteration 4516 (0 errors)
[2022-12-17 09:12:00] INFO     Iteration 4517 (0 errors)
[2022-12-17 09:12:01] INFO     Iteration 4518 (0 errors)
[2022-12-17 09:12:02] INFO     Iteration 4519 (0 errors)
[2022-12-17 09:12:02] INFO     Iteration 4520 (0 errors)
[2022-12-17 09:12:03] INFO     Iteration 4521 (0 errors)
[2022-12-17 09:12:04] INFO     Iteration 4522 (0 errors)
[2022-12-17 09:12:05] INFO     Iteration 4523 (0 errors)
[2022-12-17 09:12:06] INFO     Iteration 4524 (0 errors)
[2022-12-17 09:12:06] INFO     Iteration 4525 (0 errors)
[2022-12-17 09:12:07] INFO     Iteration 4526 (0 errors)
[2022-12-17 09:12:08] INFO     Iteration 4527 (0 errors)
[2022-12-17 09:12:09] INFO     Iteration 4528 (0 errors)
[2022-12-17 09:12:10] INFO     Iteration 4529 (0 errors)
[2022-12-17 09:12:11] INFO     Iteration 4530 (0 errors)
[2022-12-17 09:12:11] INFO     Iteration 4531 (0 errors)
[2022-12-17 09:12:12] INFO     Iteration 4532 (0 errors)
[2022-12-17 09:12:13] INFO     Iteration 4533 (0 errors)
[2022-12-17 09:12:14] INFO     Iteration 4534 (0 errors)
[2022-12-17 09:12:15] INFO     Iteration 4535 (0 errors)
[2022-12-17 09:12:15] INFO     Iteration 4536 (0 errors)
[2022-12-17 09:12:16] INFO     Iteration 4537 (0 errors)
[2022-12-17 09:12:17] INFO     Iteration 4538 (0 errors)
[2022-12-17 09:12:18] INFO     Iteration 4539 (0 errors)
[2022-12-17 09:12:19] INFO     Iteration 4540 (0 errors)
[2022-12-17 09:12:19] INFO     Iteration 4541 (0 errors)
[2022-12-17 09:12:20] INFO     Iteration 4542 (0 errors)
[2022-12-17 09:12:21] INFO     Iteration 4543 (0 errors)
[2022-12-17 09:12:22] INFO     Iteration 4544 (0 errors)
[2022-12-17 09:12:23] INFO     Iteration 4545 (0 errors)
[2022-12-17 09:12:23] INFO     Iteration 4546 (0 errors)
[2022-12-17 09:12:24] INFO     Iteration 4547 (0 errors)
[2022-12-17 09:12:25] INFO     Iteration 4548 (0 errors)
[2022-12-17 09:12:26] INFO     Iteration 4549 (0 errors)
[2022-12-17 09:12:27] INFO     Iteration 4550 (0 errors)
[2022-12-17 09:12:27] INFO     Iteration 4551 (0 errors)
[2022-12-17 09:12:28] INFO     Iteration 4552 (0 errors)
[2022-12-17 09:12:29] INFO     Iteration 4553 (0 errors)
[2022-12-17 09:12:30] INFO     Iteration 4554 (0 errors)
[2022-12-17 09:12:31] INFO     Iteration 4555 (0 errors)
[2022-12-17 09:12:31] INFO     Iteration 4556 (0 errors)
[2022-12-17 09:12:32] INFO     Iteration 4557 (0 errors)
[2022-12-17 09:12:33] INFO     Iteration 4558 (0 errors)
[2022-12-17 09:12:34] INFO     Iteration 4559 (0 errors)
[2022-12-17 09:12:35] INFO     Iteration 4560 (0 errors)
[2022-12-17 09:12:35] INFO     Iteration 4561 (0 errors)
[2022-12-17 09:12:36] INFO     Iteration 4562 (0 errors)
[2022-12-17 09:12:37] INFO     Iteration 4563 (0 errors)
[2022-12-17 09:12:38] INFO     Iteration 4564 (0 errors)
[2022-12-17 09:12:39] INFO     Iteration 4565 (0 errors)
[2022-12-17 09:12:40] INFO     Iteration 4566 (0 errors)
[2022-12-17 09:12:40] INFO     Iteration 4567 (0 errors)
[2022-12-17 09:12:41] INFO     Iteration 4568 (0 errors)
[2022-12-17 09:12:42] INFO     Iteration 4569 (0 errors)
[2022-12-17 09:12:43] INFO     Iteration 4570 (0 errors)
[2022-12-17 09:12:44] INFO     Iteration 4571 (0 errors)
[2022-12-17 09:12:44] INFO     Iteration 4572 (0 errors)
[2022-12-17 09:12:45] INFO     Iteration 4573 (0 errors)
[2022-12-17 09:12:46] INFO     Iteration 4574 (0 errors)
[2022-12-17 09:12:47] INFO     Iteration 4575 (0 errors)
[2022-12-17 09:12:48] INFO     Iteration 4576 (0 errors)
[2022-12-17 09:12:48] INFO     Iteration 4577 (0 errors)
[2022-12-17 09:12:49] INFO     Iteration 4578 (0 errors)
[2022-12-17 09:12:50] INFO     Iteration 4579 (0 errors)
[2022-12-17 09:12:51] INFO     Iteration 4580 (0 errors)
[2022-12-17 09:12:52] INFO     Iteration 4581 (0 errors)
[2022-12-17 09:12:52] INFO     Iteration 4582 (0 errors)
[2022-12-17 09:12:53] INFO     Iteration 4583 (0 errors)
[2022-12-17 09:12:54] INFO     Iteration 4584 (0 errors)
[2022-12-17 09:12:55] INFO     Iteration 4585 (0 errors)
[2022-12-17 09:12:56] INFO     Iteration 4586 (0 errors)
[2022-12-17 09:12:56] INFO     Iteration 4587 (0 errors)
[2022-12-17 09:12:57] INFO     Iteration 4588 (0 errors)
[2022-12-17 09:12:58] INFO     Iteration 4589 (0 errors)
[2022-12-17 09:12:59] INFO     Iteration 4590 (0 errors)
[2022-12-17 09:13:00] INFO     Iteration 4591 (0 errors)
[2022-12-17 09:13:01] INFO     Iteration 4592 (0 errors)
[2022-12-17 09:13:01] INFO     Iteration 4593 (0 errors)
[2022-12-17 09:13:02] INFO     Iteration 4594 (0 errors)
[2022-12-17 09:13:03] INFO     Iteration 4595 (0 errors)
[2022-12-17 09:13:04] INFO     Iteration 4596 (0 errors)
[2022-12-17 09:13:05] INFO     Iteration 4597 (0 errors)
[2022-12-17 09:13:05] INFO     Iteration 4598 (0 errors)
[2022-12-17 09:13:06] INFO     Iteration 4599 (0 errors)
[2022-12-17 09:13:07] INFO     Iteration 4600 (0 errors)
[2022-12-17 09:13:08] INFO     Iteration 4601 (0 errors)
[2022-12-17 09:13:09] INFO     Iteration 4602 (0 errors)
[2022-12-17 09:13:09] INFO     Iteration 4603 (0 errors)
[2022-12-17 09:13:10] INFO     Iteration 4604 (0 errors)
[2022-12-17 09:13:11] INFO     Iteration 4605 (0 errors)
[2022-12-17 09:13:12] INFO     Iteration 4606 (0 errors)
[2022-12-17 09:13:13] INFO     Iteration 4607 (0 errors)
[2022-12-17 09:13:13] INFO     Iteration 4608 (0 errors)
[2022-12-17 09:13:14] INFO     Iteration 4609 (0 errors)
[2022-12-17 09:13:15] INFO     Iteration 4610 (0 errors)
[2022-12-17 09:13:16] INFO     Iteration 4611 (0 errors)
[2022-12-17 09:13:17] INFO     Iteration 4612 (0 errors)
[2022-12-17 09:13:18] INFO     Iteration 4613 (0 errors)
[2022-12-17 09:13:18] INFO     Iteration 4614 (0 errors)
[2022-12-17 09:13:19] INFO     Iteration 4615 (0 errors)
[2022-12-17 09:13:20] INFO     Iteration 4616 (0 errors)
[2022-12-17 09:13:21] INFO     Iteration 4617 (0 errors)
[2022-12-17 09:13:22] INFO     Iteration 4618 (0 errors)
[2022-12-17 09:13:22] INFO     Iteration 4619 (0 errors)
[2022-12-17 09:13:23] INFO     Iteration 4620 (0 errors)
[2022-12-17 09:13:24] INFO     Iteration 4621 (0 errors)
[2022-12-17 09:13:25] INFO     Iteration 4622 (0 errors)
[2022-12-17 09:13:26] INFO     Iteration 4623 (0 errors)
[2022-12-17 09:13:26] INFO     Iteration 4624 (0 errors)
[2022-12-17 09:13:27] INFO     Iteration 4625 (0 errors)
[2022-12-17 09:13:28] INFO     Iteration 4626 (0 errors)
[2022-12-17 09:13:29] INFO     Iteration 4627 (0 errors)
[2022-12-17 09:13:30] INFO     Iteration 4628 (0 errors)
[2022-12-17 09:13:30] INFO     Iteration 4629 (0 errors)
[2022-12-17 09:13:31] INFO     Iteration 4630 (0 errors)
[2022-12-17 09:13:32] INFO     Iteration 4631 (0 errors)
[2022-12-17 09:13:33] INFO     Iteration 4632 (0 errors)
[2022-12-17 09:13:34] INFO     Iteration 4633 (0 errors)
[2022-12-17 09:13:34] INFO     Iteration 4634 (0 errors)
[2022-12-17 09:13:35] INFO     Iteration 4635 (0 errors)
[2022-12-17 09:13:36] INFO     Iteration 4636 (0 errors)
[2022-12-17 09:13:37] INFO     Iteration 4637 (0 errors)
[2022-12-17 09:13:38] INFO     Iteration 4638 (0 errors)
[2022-12-17 09:13:39] INFO     Iteration 4639 (0 errors)
[2022-12-17 09:13:39] INFO     Iteration 4640 (0 errors)
[2022-12-17 09:13:40] INFO     Iteration 4641 (0 errors)
[2022-12-17 09:13:41] INFO     Iteration 4642 (0 errors)
[2022-12-17 09:13:42] INFO     Iteration 4643 (0 errors)
[2022-12-17 09:13:43] INFO     Iteration 4644 (0 errors)
[2022-12-17 09:13:43] INFO     Iteration 4645 (0 errors)
[2022-12-17 09:13:44] INFO     Iteration 4646 (0 errors)
[2022-12-17 09:13:45] INFO     Iteration 4647 (0 errors)
[2022-12-17 09:13:46] INFO     Iteration 4648 (0 errors)
[2022-12-17 09:13:47] INFO     Iteration 4649 (0 errors)
[2022-12-17 09:13:47] INFO     Iteration 4650 (0 errors)
[2022-12-17 09:13:48] INFO     Iteration 4651 (0 errors)
[2022-12-17 09:13:49] INFO     Iteration 4652 (0 errors)
[2022-12-17 09:13:50] INFO     Iteration 4653 (0 errors)
[2022-12-17 09:13:51] INFO     Iteration 4654 (0 errors)
[2022-12-17 09:13:51] INFO     Iteration 4655 (0 errors)
[2022-12-17 09:13:52] INFO     Iteration 4656 (0 errors)
[2022-12-17 09:13:53] INFO     Iteration 4657 (0 errors)
[2022-12-17 09:13:54] INFO     Iteration 4658 (0 errors)
[2022-12-17 09:13:55] INFO     Iteration 4659 (0 errors)
[2022-12-17 09:13:55] INFO     Iteration 4660 (0 errors)
[2022-12-17 09:13:56] INFO     Iteration 4661 (0 errors)
[2022-12-17 09:13:57] INFO     Iteration 4662 (0 errors)
[2022-12-17 09:13:58] INFO     Iteration 4663 (0 errors)
[2022-12-17 09:13:59] INFO     Iteration 4664 (0 errors)
[2022-12-17 09:14:00] INFO     Iteration 4665 (0 errors)
[2022-12-17 09:14:00] INFO     Iteration 4666 (0 errors)
[2022-12-17 09:14:01] INFO     Iteration 4667 (0 errors)
[2022-12-17 09:14:02] INFO     Iteration 4668 (0 errors)
[2022-12-17 09:14:03] INFO     Iteration 4669 (0 errors)
[2022-12-17 09:14:04] INFO     Iteration 4670 (0 errors)
[2022-12-17 09:14:04] INFO     Iteration 4671 (0 errors)
[2022-12-17 09:14:05] INFO     Iteration 4672 (0 errors)
[2022-12-17 09:14:06] INFO     Iteration 4673 (0 errors)
[2022-12-17 09:14:07] INFO     Iteration 4674 (0 errors)
[2022-12-17 09:14:08] INFO     Iteration 4675 (0 errors)
[2022-12-17 09:14:08] INFO     Iteration 4676 (0 errors)
[2022-12-17 09:14:09] INFO     Iteration 4677 (0 errors)
[2022-12-17 09:14:10] INFO     Iteration 4678 (0 errors)
[2022-12-17 09:14:11] INFO     Iteration 4679 (0 errors)
[2022-12-17 09:14:12] INFO     Iteration 4680 (0 errors)
[2022-12-17 09:14:12] INFO     Iteration 4681 (0 errors)
[2022-12-17 09:14:13] INFO     Iteration 4682 (0 errors)
[2022-12-17 09:14:14] INFO     Iteration 4683 (0 errors)
[2022-12-17 09:14:15] INFO     Iteration 4684 (0 errors)
[2022-12-17 09:14:16] INFO     Iteration 4685 (0 errors)
[2022-12-17 09:14:17] INFO     Iteration 4686 (0 errors)
[2022-12-17 09:14:17] INFO     Iteration 4687 (0 errors)
[2022-12-17 09:14:18] INFO     Iteration 4688 (0 errors)
[2022-12-17 09:14:19] INFO     Iteration 4689 (0 errors)
[2022-12-17 09:14:20] INFO     Iteration 4690 (0 errors)
[2022-12-17 09:14:21] INFO     Iteration 4691 (0 errors)
[2022-12-17 09:14:21] INFO     Iteration 4692 (0 errors)
[2022-12-17 09:14:22] INFO     Iteration 4693 (0 errors)
[2022-12-17 09:14:23] INFO     Iteration 4694 (0 errors)
[2022-12-17 09:14:24] INFO     Iteration 4695 (0 errors)
[2022-12-17 09:14:25] INFO     Iteration 4696 (0 errors)
[2022-12-17 09:14:25] INFO     Iteration 4697 (0 errors)
[2022-12-17 09:14:26] INFO     Iteration 4698 (0 errors)
[2022-12-17 09:14:27] INFO     Iteration 4699 (0 errors)
[2022-12-17 09:14:28] INFO     Iteration 4700 (0 errors)
[2022-12-17 09:14:29] INFO     Iteration 4701 (0 errors)
[2022-12-17 09:14:29] INFO     Iteration 4702 (0 errors)
[2022-12-17 09:14:30] INFO     Iteration 4703 (0 errors)
[2022-12-17 09:14:31] INFO     Iteration 4704 (0 errors)
[2022-12-17 09:14:32] INFO     Iteration 4705 (0 errors)
[2022-12-17 09:14:33] INFO     Iteration 4706 (0 errors)
[2022-12-17 09:14:33] INFO     Iteration 4707 (0 errors)
[2022-12-17 09:14:34] INFO     Iteration 4708 (0 errors)
[2022-12-17 09:14:35] INFO     Iteration 4709 (0 errors)
[2022-12-17 09:14:36] INFO     Iteration 4710 (0 errors)
[2022-12-17 09:14:37] INFO     Iteration 4711 (0 errors)
[2022-12-17 09:14:38] INFO     Iteration 4712 (0 errors)
[2022-12-17 09:14:38] INFO     Iteration 4713 (0 errors)
[2022-12-17 09:14:39] INFO     Iteration 4714 (0 errors)
[2022-12-17 09:14:40] INFO     Iteration 4715 (0 errors)
[2022-12-17 09:14:41] INFO     Iteration 4716 (0 errors)
[2022-12-17 09:14:42] INFO     Iteration 4717 (0 errors)
[2022-12-17 09:14:42] INFO     Iteration 4718 (0 errors)
[2022-12-17 09:14:43] INFO     Iteration 4719 (0 errors)
[2022-12-17 09:14:44] INFO     Iteration 4720 (0 errors)
[2022-12-17 09:14:45] INFO     Iteration 4721 (0 errors)
[2022-12-17 09:14:46] INFO     Iteration 4722 (0 errors)
[2022-12-17 09:14:46] INFO     Iteration 4723 (0 errors)
[2022-12-17 09:14:47] INFO     Iteration 4724 (0 errors)
[2022-12-17 09:14:48] INFO     Iteration 4725 (0 errors)
[2022-12-17 09:14:49] INFO     Iteration 4726 (0 errors)
[2022-12-17 09:14:50] INFO     Iteration 4727 (0 errors)
[2022-12-17 09:14:50] INFO     Iteration 4728 (0 errors)
[2022-12-17 09:14:51] INFO     Iteration 4729 (0 errors)
[2022-12-17 09:14:52] INFO     Iteration 4730 (0 errors)
[2022-12-17 09:14:53] INFO     Iteration 4731 (0 errors)
[2022-12-17 09:14:54] INFO     Iteration 4732 (0 errors)
[2022-12-17 09:14:55] INFO     Iteration 4733 (0 errors)
[2022-12-17 09:14:55] INFO     Iteration 4734 (0 errors)
[2022-12-17 09:14:56] INFO     Iteration 4735 (0 errors)
[2022-12-17 09:14:57] INFO     Iteration 4736 (0 errors)
[2022-12-17 09:14:58] INFO     Iteration 4737 (0 errors)
[2022-12-17 09:14:59] INFO     Iteration 4738 (0 errors)
[2022-12-17 09:14:59] INFO     Iteration 4739 (0 errors)
[2022-12-17 09:15:00] INFO     Iteration 4740 (0 errors)
[2022-12-17 09:15:01] INFO     Iteration 4741 (0 errors)
[2022-12-17 09:15:02] INFO     Iteration 4742 (0 errors)
[2022-12-17 09:15:03] INFO     Iteration 4743 (0 errors)
[2022-12-17 09:15:03] INFO     Iteration 4744 (0 errors)
[2022-12-17 09:15:04] INFO     Iteration 4745 (0 errors)
[2022-12-17 09:15:05] INFO     Iteration 4746 (0 errors)
[2022-12-17 09:15:06] INFO     Iteration 4747 (0 errors)
[2022-12-17 09:15:07] INFO     Iteration 4748 (0 errors)
[2022-12-17 09:15:07] INFO     Iteration 4749 (0 errors)
[2022-12-17 09:15:08] INFO     Iteration 4750 (0 errors)
[2022-12-17 09:15:09] INFO     Iteration 4751 (0 errors)
[2022-12-17 09:15:10] INFO     Iteration 4752 (0 errors)
[2022-12-17 09:15:11] INFO     Iteration 4753 (0 errors)
[2022-12-17 09:15:11] INFO     Iteration 4754 (0 errors)
[2022-12-17 09:15:12] INFO     Iteration 4755 (0 errors)
[2022-12-17 09:15:13] INFO     Iteration 4756 (0 errors)
[2022-12-17 09:15:14] INFO     Iteration 4757 (0 errors)
[2022-12-17 09:15:15] INFO     Iteration 4758 (0 errors)
[2022-12-17 09:15:16] INFO     Iteration 4759 (0 errors)
[2022-12-17 09:15:16] INFO     Iteration 4760 (0 errors)
[2022-12-17 09:15:17] INFO     Iteration 4761 (0 errors)
[2022-12-17 09:15:18] INFO     Iteration 4762 (0 errors)
[2022-12-17 09:15:19] INFO     Iteration 4763 (0 errors)
[2022-12-17 09:15:20] INFO     Iteration 4764 (0 errors)
[2022-12-17 09:15:20] INFO     Iteration 4765 (0 errors)
[2022-12-17 09:15:21] INFO     Iteration 4766 (0 errors)
[2022-12-17 09:15:22] INFO     Iteration 4767 (0 errors)
[2022-12-17 09:15:23] INFO     Iteration 4768 (0 errors)
[2022-12-17 09:15:24] INFO     Iteration 4769 (0 errors)
[2022-12-17 09:15:24] INFO     Iteration 4770 (0 errors)
[2022-12-17 09:15:25] INFO     Iteration 4771 (0 errors)
[2022-12-17 09:15:26] INFO     Iteration 4772 (0 errors)
[2022-12-17 09:15:27] INFO     Iteration 4773 (0 errors)
[2022-12-17 09:15:28] INFO     Iteration 4774 (0 errors)
[2022-12-17 09:15:28] INFO     Iteration 4775 (0 errors)
[2022-12-17 09:15:29] INFO     Iteration 4776 (0 errors)
[2022-12-17 09:15:30] INFO     Iteration 4777 (0 errors)
[2022-12-17 09:15:31] INFO     Iteration 4778 (0 errors)
[2022-12-17 09:15:32] INFO     Iteration 4779 (0 errors)
[2022-12-17 09:15:33] INFO     Iteration 4780 (0 errors)
[2022-12-17 09:15:33] INFO     Iteration 4781 (0 errors)
[2022-12-17 09:15:34] INFO     Iteration 4782 (0 errors)
[2022-12-17 09:15:35] INFO     Iteration 4783 (0 errors)
[2022-12-17 09:15:36] INFO     Iteration 4784 (0 errors)
[2022-12-17 09:15:37] INFO     Iteration 4785 (0 errors)
[2022-12-17 09:15:37] INFO     Iteration 4786 (0 errors)
[2022-12-17 09:15:38] INFO     Iteration 4787 (0 errors)
[2022-12-17 09:15:39] INFO     Iteration 4788 (0 errors)
[2022-12-17 09:15:40] INFO     Iteration 4789 (0 errors)
[2022-12-17 09:15:41] INFO     Iteration 4790 (0 errors)
[2022-12-17 09:15:41] INFO     Iteration 4791 (0 errors)
[2022-12-17 09:15:42] INFO     Iteration 4792 (0 errors)
[2022-12-17 09:15:43] INFO     Iteration 4793 (0 errors)
[2022-12-17 09:15:44] INFO     Iteration 4794 (0 errors)
[2022-12-17 09:15:45] INFO     Iteration 4795 (0 errors)
[2022-12-17 09:15:45] INFO     Iteration 4796 (0 errors)
[2022-12-17 09:15:46] INFO     Iteration 4797 (0 errors)
[2022-12-17 09:15:47] INFO     Iteration 4798 (0 errors)
[2022-12-17 09:15:48] INFO     Iteration 4799 (0 errors)
[2022-12-17 09:15:49] INFO     Iteration 4800 (0 errors)
[2022-12-17 09:15:49] INFO     Iteration 4801 (0 errors)
[2022-12-17 09:15:50] INFO     Iteration 4802 (0 errors)
[2022-12-17 09:15:51] INFO     Iteration 4803 (0 errors)
[2022-12-17 09:15:52] INFO     Iteration 4804 (0 errors)
[2022-12-17 09:15:53] INFO     Iteration 4805 (0 errors)
[2022-12-17 09:15:53] INFO     Iteration 4806 (0 errors)
[2022-12-17 09:15:54] INFO     Iteration 4807 (0 errors)
[2022-12-17 09:15:55] INFO     Iteration 4808 (0 errors)
[2022-12-17 09:15:56] INFO     Iteration 4809 (0 errors)
[2022-12-17 09:15:57] INFO     Iteration 4810 (0 errors)
[2022-12-17 09:15:58] INFO     Iteration 4811 (0 errors)
[2022-12-17 09:15:58] INFO     Iteration 4812 (0 errors)
[2022-12-17 09:15:59] INFO     Iteration 4813 (0 errors)
[2022-12-17 09:16:00] INFO     Iteration 4814 (0 errors)
[2022-12-17 09:16:01] INFO     Iteration 4815 (0 errors)
[2022-12-17 09:16:02] INFO     Iteration 4816 (0 errors)
[2022-12-17 09:16:02] INFO     Iteration 4817 (0 errors)
[2022-12-17 09:16:03] INFO     Iteration 4818 (0 errors)
[2022-12-17 09:16:04] INFO     Iteration 4819 (0 errors)
[2022-12-17 09:16:05] INFO     Iteration 4820 (0 errors)
[2022-12-17 09:16:06] INFO     Iteration 4821 (0 errors)
[2022-12-17 09:16:06] INFO     Iteration 4822 (0 errors)
[2022-12-17 09:16:07] INFO     Iteration 4823 (0 errors)
[2022-12-17 09:16:08] INFO     Iteration 4824 (0 errors)
[2022-12-17 09:16:09] INFO     Iteration 4825 (0 errors)
[2022-12-17 09:16:10] INFO     Iteration 4826 (0 errors)
[2022-12-17 09:16:10] INFO     Iteration 4827 (0 errors)
[2022-12-17 09:16:11] INFO     Iteration 4828 (0 errors)
[2022-12-17 09:16:12] INFO     Iteration 4829 (0 errors)
[2022-12-17 09:16:13] INFO     Iteration 4830 (0 errors)
[2022-12-17 09:16:14] INFO     Iteration 4831 (0 errors)
[2022-12-17 09:16:14] INFO     Iteration 4832 (0 errors)
[2022-12-17 09:16:15] INFO     Iteration 4833 (0 errors)
[2022-12-17 09:16:16] INFO     Iteration 4834 (0 errors)
[2022-12-17 09:16:17] INFO     Iteration 4835 (0 errors)
[2022-12-17 09:16:18] INFO     Iteration 4836 (0 errors)
[2022-12-17 09:16:19] INFO     Iteration 4837 (0 errors)
[2022-12-17 09:16:19] INFO     Iteration 4838 (0 errors)
[2022-12-17 09:16:20] INFO     Iteration 4839 (0 errors)
[2022-12-17 09:16:21] INFO     Iteration 4840 (0 errors)
[2022-12-17 09:16:22] INFO     Iteration 4841 (0 errors)
[2022-12-17 09:16:23] INFO     Iteration 4842 (0 errors)
[2022-12-17 09:16:23] INFO     Iteration 4843 (0 errors)
[2022-12-17 09:16:24] INFO     Iteration 4844 (0 errors)
[2022-12-17 09:16:25] INFO     Iteration 4845 (0 errors)
[2022-12-17 09:16:26] INFO     Iteration 4846 (0 errors)
[2022-12-17 09:16:27] INFO     Iteration 4847 (0 errors)
[2022-12-17 09:16:27] INFO     Iteration 4848 (0 errors)
[2022-12-17 09:16:28] INFO     Iteration 4849 (0 errors)
[2022-12-17 09:16:29] INFO     Iteration 4850 (0 errors)
[2022-12-17 09:16:30] INFO     Iteration 4851 (0 errors)
[2022-12-17 09:16:31] INFO     Iteration 4852 (0 errors)
[2022-12-17 09:16:31] INFO     Iteration 4853 (0 errors)
[2022-12-17 09:16:32] INFO     Iteration 4854 (0 errors)
[2022-12-17 09:16:33] INFO     Iteration 4855 (0 errors)
[2022-12-17 09:16:34] INFO     Iteration 4856 (0 errors)
[2022-12-17 09:16:35] INFO     Iteration 4857 (0 errors)
[2022-12-17 09:16:36] INFO     Iteration 4858 (0 errors)
[2022-12-17 09:16:36] INFO     Iteration 4859 (0 errors)
[2022-12-17 09:16:37] INFO     Iteration 4860 (0 errors)
[2022-12-17 09:16:38] INFO     Iteration 4861 (0 errors)
[2022-12-17 09:16:39] INFO     Iteration 4862 (0 errors)
[2022-12-17 09:16:40] INFO     Iteration 4863 (0 errors)
[2022-12-17 09:16:40] INFO     Iteration 4864 (0 errors)
[2022-12-17 09:16:41] INFO     Iteration 4865 (0 errors)
[2022-12-17 09:16:42] INFO     Iteration 4866 (0 errors)
[2022-12-17 09:16:43] INFO     Iteration 4867 (0 errors)
[2022-12-17 09:16:44] INFO     Iteration 4868 (0 errors)
[2022-12-17 09:16:44] INFO     Iteration 4869 (0 errors)
[2022-12-17 09:16:45] INFO     Iteration 4870 (0 errors)
[2022-12-17 09:16:46] INFO     Iteration 4871 (0 errors)
[2022-12-17 09:16:47] INFO     Iteration 4872 (0 errors)
[2022-12-17 09:16:48] INFO     Iteration 4873 (0 errors)
[2022-12-17 09:16:48] INFO     Iteration 4874 (0 errors)
[2022-12-17 09:16:49] INFO     Iteration 4875 (0 errors)
[2022-12-17 09:16:50] INFO     Iteration 4876 (0 errors)
[2022-12-17 09:16:51] INFO     Iteration 4877 (0 errors)
[2022-12-17 09:16:52] INFO     Iteration 4878 (0 errors)
[2022-12-17 09:16:52] INFO     Iteration 4879 (0 errors)
[2022-12-17 09:16:53] INFO     Iteration 4880 (0 errors)
[2022-12-17 09:16:54] INFO     Iteration 4881 (0 errors)
[2022-12-17 09:16:55] INFO     Iteration 4882 (0 errors)
[2022-12-17 09:16:56] INFO     Iteration 4883 (0 errors)
[2022-12-17 09:16:57] INFO     Iteration 4884 (0 errors)
[2022-12-17 09:16:57] INFO     Iteration 4885 (0 errors)
[2022-12-17 09:16:58] INFO     Iteration 4886 (0 errors)
[2022-12-17 09:16:59] INFO     Iteration 4887 (0 errors)
[2022-12-17 09:17:00] INFO     Iteration 4888 (0 errors)
[2022-12-17 09:17:01] INFO     Iteration 4889 (0 errors)
[2022-12-17 09:17:01] INFO     Iteration 4890 (0 errors)
[2022-12-17 09:17:02] INFO     Iteration 4891 (0 errors)
[2022-12-17 09:17:03] INFO     Iteration 4892 (0 errors)
[2022-12-17 09:17:04] INFO     Iteration 4893 (0 errors)
[2022-12-17 09:17:05] INFO     Iteration 4894 (0 errors)
[2022-12-17 09:17:05] INFO     Iteration 4895 (0 errors)
[2022-12-17 09:17:06] INFO     Iteration 4896 (0 errors)
[2022-12-17 09:17:07] INFO     Iteration 4897 (0 errors)
[2022-12-17 09:17:08] INFO     Iteration 4898 (0 errors)
[2022-12-17 09:17:09] INFO     Iteration 4899 (0 errors)
[2022-12-17 09:17:09] INFO     Iteration 4900 (0 errors)
[2022-12-17 09:17:10] INFO     Iteration 4901 (0 errors)
[2022-12-17 09:17:11] INFO     Iteration 4902 (0 errors)
[2022-12-17 09:17:12] INFO     Iteration 4903 (0 errors)
[2022-12-17 09:17:13] INFO     Iteration 4904 (0 errors)
[2022-12-17 09:17:14] INFO     Iteration 4905 (0 errors)
[2022-12-17 09:17:14] INFO     Iteration 4906 (0 errors)
[2022-12-17 09:17:15] INFO     Iteration 4907 (0 errors)
[2022-12-17 09:17:16] INFO     Iteration 4908 (0 errors)
[2022-12-17 09:17:17] INFO     Iteration 4909 (0 errors)
[2022-12-17 09:17:18] INFO     Iteration 4910 (0 errors)
[2022-12-17 09:17:18] INFO     Iteration 4911 (0 errors)
[2022-12-17 09:17:19] INFO     Iteration 4912 (0 errors)
[2022-12-17 09:17:20] INFO     Iteration 4913 (0 errors)
[2022-12-17 09:17:21] INFO     Iteration 4914 (0 errors)
[2022-12-17 09:17:22] INFO     Iteration 4915 (0 errors)
[2022-12-17 09:17:22] INFO     Iteration 4916 (0 errors)
[2022-12-17 09:17:23] INFO     Iteration 4917 (0 errors)
[2022-12-17 09:17:24] INFO     Iteration 4918 (0 errors)
[2022-12-17 09:17:25] INFO     Iteration 4919 (0 errors)
[2022-12-17 09:17:26] INFO     Iteration 4920 (0 errors)
[2022-12-17 09:17:26] INFO     Iteration 4921 (0 errors)
[2022-12-17 09:17:27] INFO     Iteration 4922 (0 errors)
[2022-12-17 09:17:28] INFO     Iteration 4923 (0 errors)
[2022-12-17 09:17:29] INFO     Iteration 4924 (0 errors)
[2022-12-17 09:17:30] INFO     Iteration 4925 (0 errors)
[2022-12-17 09:17:31] INFO     Iteration 4926 (0 errors)
[2022-12-17 09:17:31] INFO     Iteration 4927 (0 errors)
[2022-12-17 09:17:32] INFO     Iteration 4928 (0 errors)
[2022-12-17 09:17:33] INFO     Iteration 4929 (0 errors)
[2022-12-17 09:17:34] INFO     Iteration 4930 (0 errors)
[2022-12-17 09:17:35] INFO     Iteration 4931 (0 errors)
[2022-12-17 09:17:35] INFO     Iteration 4932 (0 errors)
[2022-12-17 09:17:36] INFO     Iteration 4933 (0 errors)
[2022-12-17 09:17:37] INFO     Iteration 4934 (0 errors)
[2022-12-17 09:17:38] INFO     Iteration 4935 (0 errors)
[2022-12-17 09:17:39] INFO     Iteration 4936 (0 errors)
[2022-12-17 09:17:39] INFO     Iteration 4937 (0 errors)
[2022-12-17 09:17:40] INFO     Iteration 4938 (0 errors)
[2022-12-17 09:17:41] INFO     Iteration 4939 (0 errors)
[2022-12-17 09:17:42] INFO     Iteration 4940 (0 errors)
[2022-12-17 09:17:43] INFO     Iteration 4941 (0 errors)
[2022-12-17 09:17:43] INFO     Iteration 4942 (0 errors)
[2022-12-17 09:17:44] INFO     Iteration 4943 (0 errors)
[2022-12-17 09:17:45] INFO     Iteration 4944 (0 errors)
[2022-12-17 09:17:46] INFO     Iteration 4945 (0 errors)
[2022-12-17 09:17:47] INFO     Iteration 4946 (0 errors)
[2022-12-17 09:17:48] INFO     Iteration 4947 (0 errors)
[2022-12-17 09:17:48] INFO     Iteration 4948 (0 errors)
[2022-12-17 09:17:49] INFO     Iteration 4949 (0 errors)
[2022-12-17 09:17:50] INFO     Iteration 4950 (0 errors)
[2022-12-17 09:17:51] INFO     Iteration 4951 (0 errors)
[2022-12-17 09:17:52] INFO     Iteration 4952 (0 errors)
[2022-12-17 09:17:52] INFO     Iteration 4953 (0 errors)
[2022-12-17 09:17:53] INFO     Iteration 4954 (0 errors)
[2022-12-17 09:17:54] INFO     Iteration 4955 (0 errors)
[2022-12-17 09:17:55] INFO     Iteration 4956 (0 errors)
[2022-12-17 09:17:56] INFO     Iteration 4957 (0 errors)
[2022-12-17 09:17:56] INFO     Iteration 4958 (0 errors)
[2022-12-17 09:17:57] INFO     Iteration 4959 (0 errors)
[2022-12-17 09:17:58] INFO     Iteration 4960 (0 errors)
[2022-12-17 09:17:59] INFO     Iteration 4961 (0 errors)
[2022-12-17 09:18:00] INFO     Iteration 4962 (0 errors)
[2022-12-17 09:18:00] INFO     Iteration 4963 (0 errors)
[2022-12-17 09:18:01] INFO     Iteration 4964 (0 errors)
[2022-12-17 09:18:02] INFO     Iteration 4965 (0 errors)
[2022-12-17 09:18:03] INFO     Iteration 4966 (0 errors)
[2022-12-17 09:18:04] INFO     Iteration 4967 (0 errors)
[2022-12-17 09:18:04] INFO     Iteration 4968 (0 errors)
[2022-12-17 09:18:05] INFO     Iteration 4969 (0 errors)
[2022-12-17 09:18:06] INFO     Iteration 4970 (0 errors)
[2022-12-17 09:18:07] INFO     Iteration 4971 (0 errors)
[2022-12-17 09:18:08] INFO     Iteration 4972 (0 errors)
[2022-12-17 09:18:08] INFO     Iteration 4973 (0 errors)
[2022-12-17 09:18:09] INFO     Iteration 4974 (0 errors)
[2022-12-17 09:18:10] INFO     Iteration 4975 (0 errors)
[2022-12-17 09:18:11] INFO     Iteration 4976 (0 errors)
[2022-12-17 09:18:12] INFO     Iteration 4977 (0 errors)
[2022-12-17 09:18:13] INFO     Iteration 4978 (0 errors)
[2022-12-17 09:18:13] INFO     Iteration 4979 (0 errors)
[2022-12-17 09:18:14] INFO     Iteration 4980 (0 errors)
[2022-12-17 09:18:15] INFO     Iteration 4981 (0 errors)
[2022-12-17 09:18:16] INFO     Iteration 4982 (0 errors)
[2022-12-17 09:18:17] INFO     Iteration 4983 (0 errors)
[2022-12-17 09:18:17] INFO     Iteration 4984 (0 errors)
[2022-12-17 09:18:18] INFO     Iteration 4985 (0 errors)
[2022-12-17 09:18:19] INFO     Iteration 4986 (0 errors)
[2022-12-17 09:18:20] INFO     Iteration 4987 (0 errors)
[2022-12-17 09:18:21] INFO     Iteration 4988 (0 errors)
[2022-12-17 09:18:21] INFO     Iteration 4989 (0 errors)
[2022-12-17 09:18:22] INFO     Iteration 4990 (0 errors)
[2022-12-17 09:18:23] INFO     Iteration 4991 (0 errors)
[2022-12-17 09:18:24] INFO     Iteration 4992 (0 errors)
[2022-12-17 09:18:25] INFO     Iteration 4993 (0 errors)
[2022-12-17 09:18:26] INFO     Iteration 4994 (0 errors)
[2022-12-17 09:18:26] INFO     Iteration 4995 (0 errors)
[2022-12-17 09:18:27] INFO     Iteration 4996 (0 errors)
[2022-12-17 09:18:28] INFO     Iteration 4997 (0 errors)
[2022-12-17 09:18:29] INFO     Iteration 4998 (0 errors)
[2022-12-17 09:18:30] INFO     Iteration 4999 (0 errors)
[2022-12-17 09:18:30] INFO     Iteration 5000 (0 errors)
[2022-12-17 09:18:31] INFO     Iteration 5001 (0 errors)
[2022-12-17 09:18:32] INFO     Iteration 5002 (0 errors)
[2022-12-17 09:18:33] INFO     Iteration 5003 (0 errors)
[2022-12-17 09:18:34] INFO     Iteration 5004 (0 errors)
[2022-12-17 09:18:34] INFO     Iteration 5005 (0 errors)
[2022-12-17 09:18:35] INFO     Iteration 5006 (0 errors)
[2022-12-17 09:18:36] INFO     Iteration 5007 (0 errors)
[2022-12-17 09:18:37] INFO     Iteration 5008 (0 errors)
[2022-12-17 09:18:38] INFO     Iteration 5009 (0 errors)
[2022-12-17 09:18:38] INFO     Iteration 5010 (0 errors)
[2022-12-17 09:18:39] INFO     Iteration 5011 (0 errors)
[2022-12-17 09:18:40] INFO     Iteration 5012 (0 errors)
[2022-12-17 09:18:41] INFO     Iteration 5013 (0 errors)
[2022-12-17 09:18:42] INFO     Iteration 5014 (0 errors)
[2022-12-17 09:18:42] INFO     Iteration 5015 (0 errors)
[2022-12-17 09:18:43] INFO     Iteration 5016 (0 errors)
[2022-12-17 09:18:44] INFO     Iteration 5017 (0 errors)
[2022-12-17 09:18:45] INFO     Iteration 5018 (0 errors)
[2022-12-17 09:18:46] INFO     Iteration 5019 (0 errors)
[2022-12-17 09:18:46] INFO     Iteration 5020 (0 errors)
[2022-12-17 09:18:47] INFO     Iteration 5021 (0 errors)
[2022-12-17 09:18:48] INFO     Iteration 5022 (0 errors)
[2022-12-17 09:18:49] INFO     Iteration 5023 (0 errors)
[2022-12-17 09:18:50] INFO     Iteration 5024 (0 errors)
[2022-12-17 09:18:50] INFO     Iteration 5025 (0 errors)
[2022-12-17 09:18:51] INFO     Iteration 5026 (0 errors)
[2022-12-17 09:18:52] INFO     Iteration 5027 (0 errors)
[2022-12-17 09:18:53] INFO     Iteration 5028 (0 errors)
[2022-12-17 09:18:54] INFO     Iteration 5029 (0 errors)
[2022-12-17 09:18:55] INFO     Iteration 5030 (0 errors)
[2022-12-17 09:18:55] INFO     Iteration 5031 (0 errors)
[2022-12-17 09:18:56] INFO     Iteration 5032 (0 errors)
[2022-12-17 09:18:57] INFO     Iteration 5033 (0 errors)
[2022-12-17 09:18:58] INFO     Iteration 5034 (0 errors)
[2022-12-17 09:18:59] INFO     Iteration 5035 (0 errors)
[2022-12-17 09:18:59] INFO     Iteration 5036 (0 errors)
[2022-12-17 09:19:00] INFO     Iteration 5037 (0 errors)
[2022-12-17 09:19:01] INFO     Iteration 5038 (0 errors)
[2022-12-17 09:19:02] INFO     Iteration 5039 (0 errors)
[2022-12-17 09:19:03] INFO     Iteration 5040 (0 errors)
[2022-12-17 09:19:03] INFO     Iteration 5041 (0 errors)
[2022-12-17 09:19:04] INFO     Iteration 5042 (0 errors)
[2022-12-17 09:19:05] INFO     Iteration 5043 (0 errors)
[2022-12-17 09:19:06] INFO     Iteration 5044 (0 errors)
[2022-12-17 09:19:07] INFO     Iteration 5045 (0 errors)
[2022-12-17 09:19:07] INFO     Iteration 5046 (0 errors)
[2022-12-17 09:19:08] INFO     Iteration 5047 (0 errors)
[2022-12-17 09:19:09] INFO     Iteration 5048 (0 errors)
[2022-12-17 09:19:10] INFO     Iteration 5049 (0 errors)
[2022-12-17 09:19:11] INFO     Iteration 5050 (0 errors)
[2022-12-17 09:19:12] INFO     Iteration 5051 (0 errors)
[2022-12-17 09:19:12] INFO     Iteration 5052 (0 errors)
[2022-12-17 09:19:13] INFO     Iteration 5053 (0 errors)
[2022-12-17 09:19:14] INFO     Iteration 5054 (0 errors)
[2022-12-17 09:19:15] INFO     Iteration 5055 (0 errors)
[2022-12-17 09:19:16] INFO     Iteration 5056 (0 errors)
[2022-12-17 09:19:16] INFO     Iteration 5057 (0 errors)
[2022-12-17 09:19:17] INFO     Iteration 5058 (0 errors)
[2022-12-17 09:19:18] INFO     Iteration 5059 (0 errors)
[2022-12-17 09:19:19] INFO     Iteration 5060 (0 errors)
[2022-12-17 09:19:20] INFO     Iteration 5061 (0 errors)
[2022-12-17 09:19:20] INFO     Iteration 5062 (0 errors)
[2022-12-17 09:19:21] INFO     Iteration 5063 (0 errors)
[2022-12-17 09:19:22] INFO     Iteration 5064 (0 errors)
[2022-12-17 09:19:23] INFO     Iteration 5065 (0 errors)
[2022-12-17 09:19:24] INFO     Iteration 5066 (0 errors)
[2022-12-17 09:19:24] INFO     Iteration 5067 (0 errors)
[2022-12-17 09:19:25] INFO     Iteration 5068 (0 errors)
[2022-12-17 09:19:26] INFO     Iteration 5069 (0 errors)
[2022-12-17 09:19:27] INFO     Iteration 5070 (0 errors)
[2022-12-17 09:19:28] INFO     Iteration 5071 (0 errors)
[2022-12-17 09:19:28] INFO     Iteration 5072 (0 errors)
[2022-12-17 09:19:29] INFO     Iteration 5073 (0 errors)
[2022-12-17 09:19:30] INFO     Iteration 5074 (0 errors)
[2022-12-17 09:19:31] INFO     Iteration 5075 (0 errors)
[2022-12-17 09:19:32] INFO     Iteration 5076 (0 errors)
[2022-12-17 09:19:33] INFO     Iteration 5077 (0 errors)
[2022-12-17 09:19:33] INFO     Iteration 5078 (0 errors)
[2022-12-17 09:19:34] INFO     Iteration 5079 (0 errors)
[2022-12-17 09:19:35] INFO     Iteration 5080 (0 errors)
[2022-12-17 09:19:36] INFO     Iteration 5081 (0 errors)
[2022-12-17 09:19:37] INFO     Iteration 5082 (0 errors)
[2022-12-17 09:19:37] INFO     Iteration 5083 (0 errors)
[2022-12-17 09:19:38] INFO     Iteration 5084 (0 errors)
[2022-12-17 09:19:39] INFO     Iteration 5085 (0 errors)
[2022-12-17 09:19:40] INFO     Iteration 5086 (0 errors)
[2022-12-17 09:19:41] INFO     Iteration 5087 (0 errors)
[2022-12-17 09:19:41] INFO     Iteration 5088 (0 errors)
[2022-12-17 09:19:42] INFO     Iteration 5089 (0 errors)
[2022-12-17 09:19:43] INFO     Iteration 5090 (0 errors)
[2022-12-17 09:19:44] INFO     Iteration 5091 (0 errors)
[2022-12-17 09:19:45] INFO     Iteration 5092 (0 errors)
[2022-12-17 09:19:45] INFO     Iteration 5093 (0 errors)
[2022-12-17 09:19:46] INFO     Iteration 5094 (0 errors)
[2022-12-17 09:19:47] INFO     Iteration 5095 (0 errors)
[2022-12-17 09:19:48] INFO     Iteration 5096 (0 errors)
[2022-12-17 09:19:49] INFO     Iteration 5097 (0 errors)
[2022-12-17 09:19:50] INFO     Iteration 5098 (0 errors)
[2022-12-17 09:19:50] INFO     Iteration 5099 (0 errors)
[2022-12-17 09:19:51] INFO     Iteration 5100 (0 errors)
[2022-12-17 09:19:52] INFO     Iteration 5101 (0 errors)
[2022-12-17 09:19:53] INFO     Iteration 5102 (0 errors)
[2022-12-17 09:19:54] INFO     Iteration 5103 (0 errors)
[2022-12-17 09:19:54] INFO     Iteration 5104 (0 errors)
[2022-12-17 09:19:55] INFO     Iteration 5105 (0 errors)
[2022-12-17 09:19:56] INFO     Iteration 5106 (0 errors)
[2022-12-17 09:19:57] INFO     Iteration 5107 (0 errors)
[2022-12-17 09:19:58] INFO     Iteration 5108 (0 errors)
[2022-12-17 09:19:58] INFO     Iteration 5109 (0 errors)
[2022-12-17 09:19:59] INFO     Iteration 5110 (0 errors)
[2022-12-17 09:20:00] INFO     Iteration 5111 (0 errors)
[2022-12-17 09:20:01] INFO     Iteration 5112 (0 errors)
[2022-12-17 09:20:02] INFO     Iteration 5113 (0 errors)
[2022-12-17 09:20:02] INFO     Iteration 5114 (0 errors)
[2022-12-17 09:20:03] INFO     Iteration 5115 (0 errors)
[2022-12-17 09:20:04] INFO     Iteration 5116 (0 errors)
[2022-12-17 09:20:05] INFO     Iteration 5117 (0 errors)
[2022-12-17 09:20:06] INFO     Iteration 5118 (0 errors)
[2022-12-17 09:20:06] INFO     Iteration 5119 (0 errors)
[2022-12-17 09:20:07] INFO     Iteration 5120 (0 errors)
[2022-12-17 09:20:08] INFO     Iteration 5121 (0 errors)
[2022-12-17 09:20:09] INFO     Iteration 5122 (0 errors)
[2022-12-17 09:20:10] INFO     Iteration 5123 (0 errors)
[2022-12-17 09:20:10] INFO     Iteration 5124 (0 errors)
[2022-12-17 09:20:11] INFO     Iteration 5125 (0 errors)
[2022-12-17 09:20:12] INFO     Iteration 5126 (0 errors)
[2022-12-17 09:20:13] INFO     Iteration 5127 (0 errors)
[2022-12-17 09:20:14] INFO     Iteration 5128 (0 errors)
[2022-12-17 09:20:15] INFO     Iteration 5129 (0 errors)
[2022-12-17 09:20:15] INFO     Iteration 5130 (0 errors)
[2022-12-17 09:20:16] INFO     Iteration 5131 (0 errors)
[2022-12-17 09:20:17] INFO     Iteration 5132 (0 errors)
[2022-12-17 09:20:18] INFO     Iteration 5133 (0 errors)
[2022-12-17 09:20:19] INFO     Iteration 5134 (0 errors)
[2022-12-17 09:20:19] INFO     Iteration 5135 (0 errors)
[2022-12-17 09:20:20] INFO     Iteration 5136 (0 errors)
[2022-12-17 09:20:21] INFO     Iteration 5137 (0 errors)
[2022-12-17 09:20:22] INFO     Iteration 5138 (0 errors)
[2022-12-17 09:20:23] INFO     Iteration 5139 (0 errors)
[2022-12-17 09:20:23] INFO     Iteration 5140 (0 errors)
[2022-12-17 09:20:24] INFO     Iteration 5141 (0 errors)
[2022-12-17 09:20:25] INFO     Iteration 5142 (0 errors)
[2022-12-17 09:20:26] INFO     Iteration 5143 (0 errors)
[2022-12-17 09:20:27] INFO     Iteration 5144 (0 errors)
[2022-12-17 09:20:27] INFO     Iteration 5145 (0 errors)
[2022-12-17 09:20:28] INFO     Iteration 5146 (0 errors)
[2022-12-17 09:20:29] INFO     Iteration 5147 (0 errors)
[2022-12-17 09:20:30] INFO     Iteration 5148 (0 errors)
[2022-12-17 09:20:31] INFO     Iteration 5149 (0 errors)
[2022-12-17 09:20:32] INFO     Iteration 5150 (0 errors)
[2022-12-17 09:20:32] INFO     Iteration 5151 (0 errors)
[2022-12-17 09:20:33] INFO     Iteration 5152 (0 errors)
[2022-12-17 09:20:34] INFO     Iteration 5153 (0 errors)
[2022-12-17 09:20:35] INFO     Iteration 5154 (0 errors)
[2022-12-17 09:20:36] INFO     Iteration 5155 (0 errors)
[2022-12-17 09:20:36] INFO     Iteration 5156 (0 errors)
[2022-12-17 09:20:37] INFO     Iteration 5157 (0 errors)
[2022-12-17 09:20:38] INFO     Iteration 5158 (0 errors)
[2022-12-17 09:20:39] INFO     Iteration 5159 (0 errors)
[2022-12-17 09:20:40] INFO     Iteration 5160 (0 errors)
[2022-12-17 09:20:40] INFO     Iteration 5161 (0 errors)
[2022-12-17 09:20:41] INFO     Iteration 5162 (0 errors)
[2022-12-17 09:20:42] INFO     Iteration 5163 (0 errors)
[2022-12-17 09:20:43] INFO     Iteration 5164 (0 errors)
[2022-12-17 09:20:44] INFO     Iteration 5165 (0 errors)
[2022-12-17 09:20:44] INFO     Iteration 5166 (0 errors)
[2022-12-17 09:20:45] INFO     Iteration 5167 (0 errors)
[2022-12-17 09:20:46] INFO     Iteration 5168 (0 errors)
[2022-12-17 09:20:47] INFO     Iteration 5169 (0 errors)
[2022-12-17 09:20:48] INFO     Iteration 5170 (0 errors)
[2022-12-17 09:20:49] INFO     Iteration 5171 (0 errors)
[2022-12-17 09:20:49] INFO     Iteration 5172 (0 errors)
[2022-12-17 09:20:50] INFO     Iteration 5173 (0 errors)
[2022-12-17 09:20:51] INFO     Iteration 5174 (0 errors)
[2022-12-17 09:20:52] INFO     Iteration 5175 (0 errors)
[2022-12-17 09:20:53] INFO     Iteration 5176 (0 errors)
[2022-12-17 09:20:53] INFO     Iteration 5177 (0 errors)
[2022-12-17 09:20:54] INFO     Iteration 5178 (0 errors)
[2022-12-17 09:20:55] INFO     Iteration 5179 (0 errors)
[2022-12-17 09:20:56] INFO     Iteration 5180 (0 errors)
[2022-12-17 09:20:57] INFO     Iteration 5181 (0 errors)
[2022-12-17 09:20:57] INFO     Iteration 5182 (0 errors)
[2022-12-17 09:20:58] INFO     Iteration 5183 (0 errors)
[2022-12-17 09:20:59] INFO     Iteration 5184 (0 errors)
[2022-12-17 09:21:00] INFO     Iteration 5185 (0 errors)
[2022-12-17 09:21:01] INFO     Iteration 5186 (0 errors)
[2022-12-17 09:21:01] INFO     Iteration 5187 (0 errors)
[2022-12-17 09:21:02] INFO     Iteration 5188 (0 errors)
[2022-12-17 09:21:03] INFO     Iteration 5189 (0 errors)
[2022-12-17 09:21:04] INFO     Iteration 5190 (0 errors)
[2022-12-17 09:21:05] INFO     Iteration 5191 (0 errors)
[2022-12-17 09:21:05] INFO     Iteration 5192 (0 errors)
[2022-12-17 09:21:06] INFO     Iteration 5193 (0 errors)
[2022-12-17 09:21:07] INFO     Iteration 5194 (0 errors)
[2022-12-17 09:21:08] INFO     Iteration 5195 (0 errors)
[2022-12-17 09:21:09] INFO     Iteration 5196 (0 errors)
[2022-12-17 09:21:10] INFO     Iteration 5197 (0 errors)
[2022-12-17 09:21:10] INFO     Iteration 5198 (0 errors)
[2022-12-17 09:21:11] INFO     Iteration 5199 (0 errors)
[2022-12-17 09:21:12] INFO     Iteration 5200 (0 errors)
[2022-12-17 09:21:13] INFO     Iteration 5201 (0 errors)
[2022-12-17 09:21:14] INFO     Iteration 5202 (0 errors)
[2022-12-17 09:21:14] INFO     Iteration 5203 (0 errors)
[2022-12-17 09:21:15] INFO     Iteration 5204 (0 errors)
[2022-12-17 09:21:16] INFO     Iteration 5205 (0 errors)
[2022-12-17 09:21:17] INFO     Iteration 5206 (0 errors)
[2022-12-17 09:21:18] INFO     Iteration 5207 (0 errors)
[2022-12-17 09:21:18] INFO     Iteration 5208 (0 errors)
[2022-12-17 09:21:19] INFO     Iteration 5209 (0 errors)
[2022-12-17 09:21:20] INFO     Iteration 5210 (0 errors)
[2022-12-17 09:21:21] INFO     Iteration 5211 (0 errors)
[2022-12-17 09:21:22] INFO     Iteration 5212 (0 errors)
[2022-12-17 09:21:22] INFO     Iteration 5213 (0 errors)
[2022-12-17 09:21:23] INFO     Iteration 5214 (0 errors)
[2022-12-17 09:21:24] INFO     Iteration 5215 (0 errors)
[2022-12-17 09:21:25] INFO     Iteration 5216 (0 errors)
[2022-12-17 09:21:26] INFO     Iteration 5217 (0 errors)
[2022-12-17 09:21:26] INFO     Iteration 5218 (0 errors)
[2022-12-17 09:21:27] INFO     Iteration 5219 (0 errors)
[2022-12-17 09:21:28] INFO     Iteration 5220 (0 errors)
[2022-12-17 09:21:29] INFO     Iteration 5221 (0 errors)
[2022-12-17 09:21:30] INFO     Iteration 5222 (0 errors)
[2022-12-17 09:21:31] INFO     Iteration 5223 (0 errors)
[2022-12-17 09:21:31] INFO     Iteration 5224 (0 errors)
[2022-12-17 09:21:32] INFO     Iteration 5225 (0 errors)
[2022-12-17 09:21:33] INFO     Iteration 5226 (0 errors)
[2022-12-17 09:21:34] INFO     Iteration 5227 (0 errors)
[2022-12-17 09:21:35] INFO     Iteration 5228 (0 errors)
[2022-12-17 09:21:35] INFO     Iteration 5229 (0 errors)
[2022-12-17 09:21:36] INFO     Iteration 5230 (0 errors)
[2022-12-17 09:21:37] INFO     Iteration 5231 (0 errors)
[2022-12-17 09:21:38] INFO     Iteration 5232 (0 errors)
[2022-12-17 09:21:39] INFO     Iteration 5233 (0 errors)
[2022-12-17 09:21:39] INFO     Iteration 5234 (0 errors)
[2022-12-17 09:21:40] INFO     Iteration 5235 (0 errors)
[2022-12-17 09:21:41] INFO     Iteration 5236 (0 errors)
[2022-12-17 09:21:42] INFO     Iteration 5237 (0 errors)
[2022-12-17 09:21:43] INFO     Iteration 5238 (0 errors)
[2022-12-17 09:21:43] INFO     Iteration 5239 (0 errors)
[2022-12-17 09:21:44] INFO     Iteration 5240 (0 errors)
[2022-12-17 09:21:45] INFO     Iteration 5241 (0 errors)
[2022-12-17 09:21:46] INFO     Iteration 5242 (0 errors)
[2022-12-17 09:21:47] INFO     Iteration 5243 (0 errors)
[2022-12-17 09:21:47] INFO     Iteration 5244 (0 errors)
[2022-12-17 09:21:48] INFO     Iteration 5245 (0 errors)
[2022-12-17 09:21:49] INFO     Iteration 5246 (0 errors)
[2022-12-17 09:21:50] INFO     Iteration 5247 (0 errors)
[2022-12-17 09:21:51] INFO     Iteration 5248 (0 errors)
[2022-12-17 09:21:51] INFO     Iteration 5249 (0 errors)
[2022-12-17 09:21:52] INFO     Iteration 5250 (0 errors)
[2022-12-17 09:21:53] INFO     Iteration 5251 (0 errors)
[2022-12-17 09:21:54] INFO     Iteration 5252 (0 errors)
[2022-12-17 09:21:55] INFO     Iteration 5253 (0 errors)
[2022-12-17 09:21:56] INFO     Iteration 5254 (0 errors)
[2022-12-17 09:21:56] INFO     Iteration 5255 (0 errors)
[2022-12-17 09:21:57] INFO     Iteration 5256 (0 errors)
[2022-12-17 09:21:58] INFO     Iteration 5257 (0 errors)
[2022-12-17 09:21:59] INFO     Iteration 5258 (0 errors)
[2022-12-17 09:22:00] INFO     Iteration 5259 (0 errors)
[2022-12-17 09:22:00] INFO     Iteration 5260 (0 errors)
[2022-12-17 09:22:01] INFO     Iteration 5261 (0 errors)
[2022-12-17 09:22:02] INFO     Iteration 5262 (0 errors)
[2022-12-17 09:22:03] INFO     Iteration 5263 (0 errors)
[2022-12-17 09:22:04] INFO     Iteration 5264 (0 errors)
[2022-12-17 09:22:04] INFO     Iteration 5265 (0 errors)
[2022-12-17 09:22:05] INFO     Iteration 5266 (0 errors)
[2022-12-17 09:22:06] INFO     Iteration 5267 (0 errors)
[2022-12-17 09:22:07] INFO     Iteration 5268 (0 errors)
[2022-12-17 09:22:08] INFO     Iteration 5269 (0 errors)
[2022-12-17 09:22:08] INFO     Iteration 5270 (0 errors)
[2022-12-17 09:22:09] INFO     Iteration 5271 (0 errors)
[2022-12-17 09:22:10] INFO     Iteration 5272 (0 errors)
[2022-12-17 09:22:11] INFO     Iteration 5273 (0 errors)
[2022-12-17 09:22:12] INFO     Iteration 5274 (0 errors)
[2022-12-17 09:22:13] INFO     Iteration 5275 (0 errors)
[2022-12-17 09:22:13] INFO     Iteration 5276 (0 errors)
[2022-12-17 09:22:14] INFO     Iteration 5277 (0 errors)
[2022-12-17 09:22:15] INFO     Iteration 5278 (0 errors)
[2022-12-17 09:22:16] INFO     Iteration 5279 (0 errors)
[2022-12-17 09:22:17] INFO     Iteration 5280 (0 errors)
[2022-12-17 09:22:17] INFO     Iteration 5281 (0 errors)
[2022-12-17 09:22:18] INFO     Iteration 5282 (0 errors)
[2022-12-17 09:22:19] INFO     Iteration 5283 (0 errors)
[2022-12-17 09:22:20] INFO     Iteration 5284 (0 errors)
[2022-12-17 09:22:21] INFO     Iteration 5285 (0 errors)
[2022-12-17 09:22:21] INFO     Iteration 5286 (0 errors)
[2022-12-17 09:22:22] INFO     Iteration 5287 (0 errors)
[2022-12-17 09:22:23] INFO     Iteration 5288 (0 errors)
[2022-12-17 09:22:24] INFO     Iteration 5289 (0 errors)
[2022-12-17 09:22:25] INFO     Iteration 5290 (0 errors)
[2022-12-17 09:22:25] INFO     Iteration 5291 (0 errors)
[2022-12-17 09:22:26] INFO     Iteration 5292 (0 errors)
[2022-12-17 09:22:27] INFO     Iteration 5293 (0 errors)
[2022-12-17 09:22:28] INFO     Iteration 5294 (0 errors)
[2022-12-17 09:22:29] INFO     Iteration 5295 (0 errors)
[2022-12-17 09:22:29] INFO     Iteration 5296 (0 errors)
[2022-12-17 09:22:30] INFO     Iteration 5297 (0 errors)
[2022-12-17 09:22:31] INFO     Iteration 5298 (0 errors)
[2022-12-17 09:22:32] INFO     Iteration 5299 (0 errors)
[2022-12-17 09:22:33] INFO     Iteration 5300 (0 errors)
[2022-12-17 09:22:34] INFO     Iteration 5301 (0 errors)
[2022-12-17 09:22:34] INFO     Iteration 5302 (0 errors)
[2022-12-17 09:22:35] INFO     Iteration 5303 (0 errors)
[2022-12-17 09:22:36] INFO     Iteration 5304 (0 errors)
[2022-12-17 09:22:37] INFO     Iteration 5305 (0 errors)
[2022-12-17 09:22:38] INFO     Iteration 5306 (0 errors)
[2022-12-17 09:22:38] INFO     Iteration 5307 (0 errors)
[2022-12-17 09:22:39] INFO     Iteration 5308 (0 errors)
[2022-12-17 09:22:40] INFO     Iteration 5309 (0 errors)
[2022-12-17 09:22:41] INFO     Iteration 5310 (0 errors)
[2022-12-17 09:22:42] INFO     Iteration 5311 (0 errors)
[2022-12-17 09:22:42] INFO     Iteration 5312 (0 errors)
[2022-12-17 09:22:43] INFO     Iteration 5313 (0 errors)
[2022-12-17 09:22:44] INFO     Iteration 5314 (0 errors)
[2022-12-17 09:22:45] INFO     Iteration 5315 (0 errors)
[2022-12-17 09:22:46] INFO     Iteration 5316 (0 errors)
[2022-12-17 09:22:46] INFO     Iteration 5317 (0 errors)
[2022-12-17 09:22:47] INFO     Iteration 5318 (0 errors)
[2022-12-17 09:22:48] INFO     Iteration 5319 (0 errors)
[2022-12-17 09:22:49] INFO     Iteration 5320 (0 errors)
[2022-12-17 09:22:50] INFO     Iteration 5321 (0 errors)
[2022-12-17 09:22:50] INFO     Iteration 5322 (0 errors)
[2022-12-17 09:22:51] INFO     Iteration 5323 (0 errors)
[2022-12-17 09:22:52] INFO     Iteration 5324 (0 errors)
