[2022-12-18 17:28:27] INFO     STATE:Initial Starting State
[2022-12-18 17:28:27] INFO     STATE:Repower Board State
[2022-12-18 17:28:27] INFO     NETBOOTER:Attempt 1 to set port 5 with cycle=False
[2022-12-18 17:28:29] INFO     NETBOOTER:Setting port 5 to Off
[2022-12-18 17:28:30] INFO     NETBOOTER:Attempt 1 to set port 5 with cycle=False
[2022-12-18 17:28:32] INFO     NETBOOTER:Setting port 5 to On
[2022-12-18 17:28:33] INFO     STATE:Start Server State
[2022-12-18 17:28:33] INFO     Giving time for system to boot (15 seconds)
[2022-12-18 17:28:48] INFO     Starting Litex Server
[2022-12-18 17:28:48] INFO     Giving time for server to start (15 seconds)
[2022-12-18 17:29:03] INFO     STATE:Create Client State
[2022-12-18 17:29:03] INFO     LiteX Crossover UART created: /dev/pts/14
[2022-12-18 17:29:03] INFO     Attempting to open:/dev/pts/14 at baud 1000000 with timeout=30
[2022-12-18 17:29:03] INFO     Serial port /dev/pts/14 open
[2022-12-18 17:29:03] INFO     STATE:Initial Prompt State
[2022-12-18 17:29:03] INFO     Giving time for bios to initialize (30 seconds)
[2022-12-18 17:29:33] INFO     Initial prompt attempt #1
[2022-12-18 17:29:33] INFO     Login prompt success
[2022-12-18 17:29:33] INFO     STATE:Mem Init State
[2022-12-18 17:29:33] INFO     Giving time for mem_write command (90 seconds)
[2022-12-18 17:31:03] INFO     STATE:Mem Compare State
[2022-12-18 17:31:34] INFO     mem_cmp 0x407C0000 0x607C0000 0x00010000 4
[2022-12-18 17:32:06] INFO     mem_cmp 0x40FC0000 0x60FC0000 0x00010000 4
[2022-12-18 17:32:38] INFO     mem_cmp 0x417C0000 0x617C0000 0x00010000 4
[2022-12-18 17:33:10] INFO     mem_cmp 0x41FC0000 0x61FC0000 0x00010000 4
[2022-12-18 17:33:42] INFO     mem_cmp 0x427C0000 0x627C0000 0x00010000 4
[2022-12-18 17:34:14] INFO     mem_cmp 0x42FC0000 0x62FC0000 0x00010000 4
[2022-12-18 17:34:46] INFO     mem_cmp 0x437C0000 0x637C0000 0x00010000 4
[2022-12-18 17:35:18] INFO     mem_cmp 0x43FC0000 0x63FC0000 0x00010000 4
[2022-12-18 17:35:51] INFO     mem_cmp 0x447C0000 0x647C0000 0x00010000 4
[2022-12-18 17:36:23] INFO     mem_cmp 0x44FC0000 0x64FC0000 0x00010000 4
[2022-12-18 17:36:55] INFO     mem_cmp 0x457C0000 0x657C0000 0x00010000 4
[2022-12-18 17:37:27] INFO     mem_cmp 0x45FC0000 0x65FC0000 0x00010000 4
[2022-12-18 17:37:59] INFO     mem_cmp 0x467C0000 0x667C0000 0x00010000 4
[2022-12-18 17:38:31] INFO     mem_cmp 0x46FC0000 0x66FC0000 0x00010000 4
[2022-12-18 17:39:03] INFO     mem_cmp 0x477C0000 0x677C0000 0x00010000 4
[2022-12-18 17:39:35] INFO     mem_cmp 0x47FC0000 0x67FC0000 0x00010000 4
[2022-12-18 17:40:07] INFO     mem_cmp 0x487C0000 0x687C0000 0x00010000 4
[2022-12-18 17:40:40] INFO     mem_cmp 0x48FC0000 0x68FC0000 0x00010000 4
[2022-12-18 17:41:12] INFO     mem_cmp 0x497C0000 0x697C0000 0x00010000 4
[2022-12-18 17:41:44] INFO     mem_cmp 0x49FC0000 0x69FC0000 0x00010000 4
[2022-12-18 17:42:16] INFO     mem_cmp 0x4A7C0000 0x6A7C0000 0x00010000 4
[2022-12-18 17:42:48] INFO     mem_cmp 0x4AFC0000 0x6AFC0000 0x00010000 4
[2022-12-18 17:43:20] INFO     mem_cmp 0x4B7C0000 0x6B7C0000 0x00010000 4
[2022-12-18 17:43:52] INFO     mem_cmp 0x4BFC0000 0x6BFC0000 0x00010000 4
[2022-12-18 17:44:24] INFO     mem_cmp 0x4C7C0000 0x6C7C0000 0x00010000 4
[2022-12-18 17:44:56] INFO     mem_cmp 0x4CFC0000 0x6CFC0000 0x00010000 4
[2022-12-18 17:45:28] INFO     mem_cmp 0x4D7C0000 0x6D7C0000 0x00010000 4
[2022-12-18 17:46:01] INFO     mem_cmp 0x4DFC0000 0x6DFC0000 0x00010000 4
[2022-12-18 17:46:33] INFO     mem_cmp 0x4E7C0000 0x6E7C0000 0x00010000 4
[2022-12-18 17:47:05] INFO     mem_cmp 0x4EFC0000 0x6EFC0000 0x00010000 4
[2022-12-18 17:47:37] INFO     mem_cmp 0x4F7C0000 0x6F7C0000 0x00010000 4
[2022-12-18 17:48:09] INFO     mem_cmp 0x4FFC0000 0x6FFC0000 0x00010000 4
[2022-12-18 17:48:41] INFO     mem_cmp 0x507C0000 0x707C0000 0x00010000 4
[2022-12-18 17:49:13] INFO     mem_cmp 0x50FC0000 0x70FC0000 0x00010000 4
[2022-12-18 17:49:45] INFO     mem_cmp 0x517C0000 0x717C0000 0x00010000 4
[2022-12-18 17:50:17] INFO     mem_cmp 0x51FC0000 0x71FC0000 0x00010000 4
[2022-12-18 17:50:50] INFO     mem_cmp 0x527C0000 0x727C0000 0x00010000 4
[2022-12-18 17:51:22] INFO     mem_cmp 0x52FC0000 0x72FC0000 0x00010000 4
[2022-12-18 17:51:54] INFO     mem_cmp 0x537C0000 0x737C0000 0x00010000 4
[2022-12-18 17:52:26] INFO     mem_cmp 0x53FC0000 0x73FC0000 0x00010000 4
[2022-12-18 17:52:58] INFO     mem_cmp 0x547C0000 0x747C0000 0x00010000 4
[2022-12-18 17:53:30] INFO     mem_cmp 0x54FC0000 0x74FC0000 0x00010000 4
[2022-12-18 17:54:02] INFO     mem_cmp 0x557C0000 0x757C0000 0x00010000 4
[2022-12-18 17:54:34] INFO     mem_cmp 0x55FC0000 0x75FC0000 0x00010000 4
[2022-12-18 17:55:06] INFO     mem_cmp 0x567C0000 0x767C0000 0x00010000 4
[2022-12-18 17:55:38] INFO     mem_cmp 0x56FC0000 0x76FC0000 0x00010000 4
[2022-12-18 17:56:10] INFO     mem_cmp 0x577C0000 0x777C0000 0x00010000 4
[2022-12-18 17:56:42] INFO     mem_cmp 0x57FC0000 0x77FC0000 0x00010000 4
[2022-12-18 17:57:14] INFO     mem_cmp 0x587C0000 0x787C0000 0x00010000 4
[2022-12-18 17:57:47] INFO     mem_cmp 0x58FC0000 0x78FC0000 0x00010000 4
[2022-12-18 17:58:19] INFO     mem_cmp 0x597C0000 0x797C0000 0x00010000 4
[2022-12-18 17:58:51] INFO     mem_cmp 0x59FC0000 0x79FC0000 0x00010000 4
[2022-12-18 17:59:23] INFO     mem_cmp 0x5A7C0000 0x7A7C0000 0x00010000 4
[2022-12-18 17:59:55] INFO     mem_cmp 0x5AFC0000 0x7AFC0000 0x00010000 4
[2022-12-18 18:00:27] INFO     mem_cmp 0x5B7C0000 0x7B7C0000 0x00010000 4
[2022-12-18 18:00:59] INFO     mem_cmp 0x5BFC0000 0x7BFC0000 0x00010000 4
[2022-12-18 18:01:31] INFO     mem_cmp 0x5C7C0000 0x7C7C0000 0x00010000 4
[2022-12-18 18:02:03] INFO     mem_cmp 0x5CFC0000 0x7CFC0000 0x00010000 4
[2022-12-18 18:02:35] INFO     mem_cmp 0x5D7C0000 0x7D7C0000 0x00010000 4
[2022-12-18 18:03:07] INFO     mem_cmp 0x5DFC0000 0x7DFC0000 0x00010000 4
[2022-12-18 18:03:39] INFO     mem_cmp 0x5E7C0000 0x7E7C0000 0x00010000 4
[2022-12-18 18:04:12] INFO     mem_cmp 0x5EFC0000 0x7EFC0000 0x00010000 4
[2022-12-18 18:04:44] INFO     mem_cmp 0x5F7C0000 0x7F7C0000 0x00010000 4
[2022-12-18 18:05:16] INFO     mem_cmp 0x5FFC0000 0x7FFC0000 0x00010000 4
[2022-12-18 18:05:17] INFO     STATE:Mem Compare State
[2022-12-18 18:05:48] INFO     mem_cmp 0x407C0000 0x607C0000 0x00010000 4
[2022-12-18 18:06:20] INFO     mem_cmp 0x40FC0000 0x60FC0000 0x00010000 4
[2022-12-18 18:06:52] INFO     mem_cmp 0x417C0000 0x617C0000 0x00010000 4
[2022-12-18 18:07:24] INFO     mem_cmp 0x41FC0000 0x61FC0000 0x00010000 4
[2022-12-18 18:07:56] INFO     mem_cmp 0x427C0000 0x627C0000 0x00010000 4
[2022-12-18 18:08:28] INFO     mem_cmp 0x42FC0000 0x62FC0000 0x00010000 4
[2022-12-18 18:09:00] INFO     mem_cmp 0x437C0000 0x637C0000 0x00010000 4
[2022-12-18 18:09:32] INFO     mem_cmp 0x43FC0000 0x63FC0000 0x00010000 4
[2022-12-18 18:10:05] INFO     mem_cmp 0x447C0000 0x647C0000 0x00010000 4
[2022-12-18 18:10:37] INFO     mem_cmp 0x44FC0000 0x64FC0000 0x00010000 4
[2022-12-18 18:11:09] INFO     mem_cmp 0x457C0000 0x657C0000 0x00010000 4
[2022-12-18 18:11:41] INFO     mem_cmp 0x45FC0000 0x65FC0000 0x00010000 4
[2022-12-18 18:12:13] INFO     mem_cmp 0x467C0000 0x667C0000 0x00010000 4
[2022-12-18 18:12:45] INFO     mem_cmp 0x46FC0000 0x66FC0000 0x00010000 4
[2022-12-18 18:13:17] INFO     mem_cmp 0x477C0000 0x677C0000 0x00010000 4
[2022-12-18 18:13:49] INFO     mem_cmp 0x47FC0000 0x67FC0000 0x00010000 4
[2022-12-18 18:14:21] INFO     mem_cmp 0x487C0000 0x687C0000 0x00010000 4
[2022-12-18 18:14:53] INFO     mem_cmp 0x48FC0000 0x68FC0000 0x00010000 4
[2022-12-18 18:15:25] INFO     mem_cmp 0x497C0000 0x697C0000 0x00010000 4
[2022-12-18 18:15:58] INFO     mem_cmp 0x49FC0000 0x69FC0000 0x00010000 4
[2022-12-18 18:16:30] INFO     mem_cmp 0x4A7C0000 0x6A7C0000 0x00010000 4
[2022-12-18 18:17:02] INFO     mem_cmp 0x4AFC0000 0x6AFC0000 0x00010000 4
[2022-12-18 18:17:34] INFO     mem_cmp 0x4B7C0000 0x6B7C0000 0x00010000 4
[2022-12-18 18:18:06] INFO     mem_cmp 0x4BFC0000 0x6BFC0000 0x00010000 4
[2022-12-18 18:18:38] INFO     mem_cmp 0x4C7C0000 0x6C7C0000 0x00010000 4
[2022-12-18 18:19:10] INFO     mem_cmp 0x4CFC0000 0x6CFC0000 0x00010000 4
[2022-12-18 18:19:42] INFO     mem_cmp 0x4D7C0000 0x6D7C0000 0x00010000 4
[2022-12-18 18:20:14] INFO     mem_cmp 0x4DFC0000 0x6DFC0000 0x00010000 4
[2022-12-18 18:20:46] INFO     mem_cmp 0x4E7C0000 0x6E7C0000 0x00010000 4
[2022-12-18 18:21:18] INFO     mem_cmp 0x4EFC0000 0x6EFC0000 0x00010000 4
[2022-12-18 18:21:50] INFO     mem_cmp 0x4F7C0000 0x6F7C0000 0x00010000 4
[2022-12-18 18:22:22] INFO     mem_cmp 0x4FFC0000 0x6FFC0000 0x00010000 4
[2022-12-18 18:22:54] INFO     mem_cmp 0x507C0000 0x707C0000 0x00010000 4
[2022-12-18 18:23:27] INFO     mem_cmp 0x50FC0000 0x70FC0000 0x00010000 4
[2022-12-18 18:23:59] INFO     mem_cmp 0x517C0000 0x717C0000 0x00010000 4
[2022-12-18 18:24:31] INFO     mem_cmp 0x51FC0000 0x71FC0000 0x00010000 4
[2022-12-18 18:25:03] INFO     mem_cmp 0x527C0000 0x727C0000 0x00010000 4
[2022-12-18 18:25:35] INFO     mem_cmp 0x52FC0000 0x72FC0000 0x00010000 4
[2022-12-18 18:26:07] INFO     mem_cmp 0x537C0000 0x737C0000 0x00010000 4
[2022-12-18 18:26:39] INFO     mem_cmp 0x53FC0000 0x73FC0000 0x00010000 4
[2022-12-18 18:27:11] INFO     mem_cmp 0x547C0000 0x747C0000 0x00010000 4
[2022-12-18 18:27:43] INFO     mem_cmp 0x54FC0000 0x74FC0000 0x00010000 4
[2022-12-18 18:28:15] INFO     mem_cmp 0x557C0000 0x757C0000 0x00010000 4
[2022-12-18 18:28:47] INFO     mem_cmp 0x55FC0000 0x75FC0000 0x00010000 4
[2022-12-18 18:29:20] INFO     mem_cmp 0x567C0000 0x767C0000 0x00010000 4
[2022-12-18 18:29:52] INFO     mem_cmp 0x56FC0000 0x76FC0000 0x00010000 4
[2022-12-18 18:30:24] INFO     mem_cmp 0x577C0000 0x777C0000 0x00010000 4
[2022-12-18 18:30:56] INFO     mem_cmp 0x57FC0000 0x77FC0000 0x00010000 4
[2022-12-18 18:31:28] INFO     mem_cmp 0x587C0000 0x787C0000 0x00010000 4
[2022-12-18 18:32:00] INFO     mem_cmp 0x58FC0000 0x78FC0000 0x00010000 4
[2022-12-18 18:32:32] INFO     mem_cmp 0x597C0000 0x797C0000 0x00010000 4
[2022-12-18 18:33:04] INFO     mem_cmp 0x59FC0000 0x79FC0000 0x00010000 4
[2022-12-18 18:33:36] INFO     mem_cmp 0x5A7C0000 0x7A7C0000 0x00010000 4
[2022-12-18 18:34:08] INFO     mem_cmp 0x5AFC0000 0x7AFC0000 0x00010000 4
[2022-12-18 18:34:40] INFO     mem_cmp 0x5B7C0000 0x7B7C0000 0x00010000 4
[2022-12-18 18:35:12] INFO     mem_cmp 0x5BFC0000 0x7BFC0000 0x00010000 4
[2022-12-18 18:35:45] INFO     mem_cmp 0x5C7C0000 0x7C7C0000 0x00010000 4
[2022-12-18 18:36:17] INFO     mem_cmp 0x5CFC0000 0x7CFC0000 0x00010000 4
[2022-12-18 18:36:49] INFO     mem_cmp 0x5D7C0000 0x7D7C0000 0x00010000 4
[2022-12-18 18:37:21] INFO     mem_cmp 0x5DFC0000 0x7DFC0000 0x00010000 4
[2022-12-18 18:37:53] INFO     mem_cmp 0x5E7C0000 0x7E7C0000 0x00010000 4
[2022-12-18 18:38:25] INFO     mem_cmp 0x5EFC0000 0x7EFC0000 0x00010000 4
[2022-12-18 18:38:57] INFO     mem_cmp 0x5F7C0000 0x7F7C0000 0x00010000 4
[2022-12-18 18:39:29] INFO     mem_cmp 0x5FFC0000 0x7FFC0000 0x00010000 4
[2022-12-18 18:39:30] INFO     STATE:Mem Compare State
[2022-12-18 18:40:01] INFO     mem_cmp 0x407C0000 0x607C0000 0x00010000 4
[2022-12-18 18:40:33] INFO     mem_cmp 0x40FC0000 0x60FC0000 0x00010000 4
[2022-12-18 18:41:05] INFO     mem_cmp 0x417C0000 0x617C0000 0x00010000 4
[2022-12-18 18:41:38] INFO     mem_cmp 0x41FC0000 0x61FC0000 0x00010000 4
[2022-12-18 18:42:10] INFO     mem_cmp 0x427C0000 0x627C0000 0x00010000 4
[2022-12-18 18:42:42] INFO     mem_cmp 0x42FC0000 0x62FC0000 0x00010000 4
[2022-12-18 18:43:14] INFO     mem_cmp 0x437C0000 0x637C0000 0x00010000 4
[2022-12-18 18:43:46] INFO     mem_cmp 0x43FC0000 0x63FC0000 0x00010000 4
[2022-12-18 18:44:18] INFO     mem_cmp 0x447C0000 0x647C0000 0x00010000 4
[2022-12-18 18:44:50] INFO     mem_cmp 0x44FC0000 0x64FC0000 0x00010000 4
[2022-12-18 18:45:22] INFO     mem_cmp 0x457C0000 0x657C0000 0x00010000 4
[2022-12-18 18:45:54] INFO     mem_cmp 0x45FC0000 0x65FC0000 0x00010000 4
[2022-12-18 18:46:26] INFO     mem_cmp 0x467C0000 0x667C0000 0x00010000 4
[2022-12-18 18:46:58] INFO     mem_cmp 0x46FC0000 0x66FC0000 0x00010000 4
[2022-12-18 18:47:30] INFO     mem_cmp 0x477C0000 0x677C0000 0x00010000 4
[2022-12-18 18:48:02] INFO     mem_cmp 0x47FC0000 0x67FC0000 0x00010000 4
[2022-12-18 18:48:35] INFO     mem_cmp 0x487C0000 0x687C0000 0x00010000 4
[2022-12-18 18:49:07] INFO     mem_cmp 0x48FC0000 0x68FC0000 0x00010000 4
[2022-12-18 18:49:39] INFO     mem_cmp 0x497C0000 0x697C0000 0x00010000 4
[2022-12-18 18:50:11] INFO     mem_cmp 0x49FC0000 0x69FC0000 0x00010000 4
[2022-12-18 18:50:43] INFO     mem_cmp 0x4A7C0000 0x6A7C0000 0x00010000 4
[2022-12-18 18:51:15] INFO     mem_cmp 0x4AFC0000 0x6AFC0000 0x00010000 4
[2022-12-18 18:51:47] INFO     mem_cmp 0x4B7C0000 0x6B7C0000 0x00010000 4
[2022-12-18 18:52:19] INFO     mem_cmp 0x4BFC0000 0x6BFC0000 0x00010000 4
[2022-12-18 18:52:51] INFO     mem_cmp 0x4C7C0000 0x6C7C0000 0x00010000 4
[2022-12-18 18:53:23] INFO     mem_cmp 0x4CFC0000 0x6CFC0000 0x00010000 4
[2022-12-18 18:53:55] INFO     mem_cmp 0x4D7C0000 0x6D7C0000 0x00010000 4
[2022-12-18 18:54:27] INFO     mem_cmp 0x4DFC0000 0x6DFC0000 0x00010000 4
[2022-12-18 18:54:59] INFO     mem_cmp 0x4E7C0000 0x6E7C0000 0x00010000 4
[2022-12-18 18:55:31] INFO     mem_cmp 0x4EFC0000 0x6EFC0000 0x00010000 4
[2022-12-18 18:56:03] INFO     mem_cmp 0x4F7C0000 0x6F7C0000 0x00010000 4
[2022-12-18 18:56:36] INFO     mem_cmp 0x4FFC0000 0x6FFC0000 0x00010000 4
[2022-12-18 18:57:08] INFO     mem_cmp 0x507C0000 0x707C0000 0x00010000 4
[2022-12-18 18:57:40] INFO     mem_cmp 0x50FC0000 0x70FC0000 0x00010000 4
[2022-12-18 18:58:12] INFO     mem_cmp 0x517C0000 0x717C0000 0x00010000 4
[2022-12-18 18:58:44] INFO     mem_cmp 0x51FC0000 0x71FC0000 0x00010000 4
[2022-12-18 18:59:16] INFO     mem_cmp 0x527C0000 0x727C0000 0x00010000 4
[2022-12-18 18:59:48] INFO     mem_cmp 0x52FC0000 0x72FC0000 0x00010000 4
[2022-12-18 19:00:20] INFO     mem_cmp 0x537C0000 0x737C0000 0x00010000 4
[2022-12-18 19:00:52] INFO     mem_cmp 0x53FC0000 0x73FC0000 0x00010000 4
[2022-12-18 19:01:24] INFO     mem_cmp 0x547C0000 0x747C0000 0x00010000 4
[2022-12-18 19:01:56] INFO     mem_cmp 0x54FC0000 0x74FC0000 0x00010000 4
[2022-12-18 19:02:28] INFO     mem_cmp 0x557C0000 0x757C0000 0x00010000 4
[2022-12-18 19:03:00] INFO     mem_cmp 0x55FC0000 0x75FC0000 0x00010000 4
[2022-12-18 19:03:32] INFO     mem_cmp 0x567C0000 0x767C0000 0x00010000 4
[2022-12-18 19:04:05] INFO     mem_cmp 0x56FC0000 0x76FC0000 0x00010000 4
[2022-12-18 19:04:37] INFO     mem_cmp 0x577C0000 0x777C0000 0x00010000 4
[2022-12-18 19:05:09] INFO     mem_cmp 0x57FC0000 0x77FC0000 0x00010000 4
[2022-12-18 19:05:41] INFO     mem_cmp 0x587C0000 0x787C0000 0x00010000 4
[2022-12-18 19:06:13] INFO     mem_cmp 0x58FC0000 0x78FC0000 0x00010000 4
[2022-12-18 19:06:45] INFO     mem_cmp 0x597C0000 0x797C0000 0x00010000 4
[2022-12-18 19:07:17] INFO     mem_cmp 0x59FC0000 0x79FC0000 0x00010000 4
[2022-12-18 19:07:49] INFO     mem_cmp 0x5A7C0000 0x7A7C0000 0x00010000 4
[2022-12-18 19:08:21] INFO     mem_cmp 0x5AFC0000 0x7AFC0000 0x00010000 4
[2022-12-18 19:08:53] INFO     mem_cmp 0x5B7C0000 0x7B7C0000 0x00010000 4
[2022-12-18 19:09:25] INFO     mem_cmp 0x5BFC0000 0x7BFC0000 0x00010000 4
[2022-12-18 19:09:58] INFO     mem_cmp 0x5C7C0000 0x7C7C0000 0x00010000 4
[2022-12-18 19:10:30] INFO     mem_cmp 0x5CFC0000 0x7CFC0000 0x00010000 4
[2022-12-18 19:11:02] INFO     mem_cmp 0x5D7C0000 0x7D7C0000 0x00010000 4
[2022-12-18 19:11:34] INFO     mem_cmp 0x5DFC0000 0x7DFC0000 0x00010000 4
[2022-12-18 19:12:06] INFO     mem_cmp 0x5E7C0000 0x7E7C0000 0x00010000 4
[2022-12-18 19:12:38] INFO     mem_cmp 0x5EFC0000 0x7EFC0000 0x00010000 4
[2022-12-18 19:13:10] INFO     mem_cmp 0x5F7C0000 0x7F7C0000 0x00010000 4
[2022-12-18 19:13:42] INFO     mem_cmp 0x5FFC0000 0x7FFC0000 0x00010000 4
[2022-12-18 19:13:43] INFO     STATE:Mem Compare State
[2022-12-18 19:14:14] INFO     mem_cmp 0x407C0000 0x607C0000 0x00010000 4
[2022-12-18 19:14:46] INFO     mem_cmp 0x40FC0000 0x60FC0000 0x00010000 4
[2022-12-18 19:15:18] INFO     mem_cmp 0x417C0000 0x617C0000 0x00010000 4
[2022-12-18 19:15:50] INFO     mem_cmp 0x41FC0000 0x61FC0000 0x00010000 4
[2022-12-18 19:16:22] INFO     mem_cmp 0x427C0000 0x627C0000 0x00010000 4
[2022-12-18 19:16:54] INFO     mem_cmp 0x42FC0000 0x62FC0000 0x00010000 4
[2022-12-18 19:17:27] INFO     mem_cmp 0x437C0000 0x637C0000 0x00010000 4
[2022-12-18 19:17:59] INFO     mem_cmp 0x43FC0000 0x63FC0000 0x00010000 4
[2022-12-18 19:18:31] INFO     mem_cmp 0x447C0000 0x647C0000 0x00010000 4
[2022-12-18 19:19:03] INFO     mem_cmp 0x44FC0000 0x64FC0000 0x00010000 4
[2022-12-18 19:19:35] INFO     mem_cmp 0x457C0000 0x657C0000 0x00010000 4
[2022-12-18 19:20:07] INFO     mem_cmp 0x45FC0000 0x65FC0000 0x00010000 4
[2022-12-18 19:20:39] INFO     mem_cmp 0x467C0000 0x667C0000 0x00010000 4
[2022-12-18 19:21:11] INFO     mem_cmp 0x46FC0000 0x66FC0000 0x00010000 4
[2022-12-18 19:21:43] INFO     mem_cmp 0x477C0000 0x677C0000 0x00010000 4
[2022-12-18 19:22:15] INFO     mem_cmp 0x47FC0000 0x67FC0000 0x00010000 4
[2022-12-18 19:22:47] INFO     mem_cmp 0x487C0000 0x687C0000 0x00010000 4
[2022-12-18 19:23:19] INFO     mem_cmp 0x48FC0000 0x68FC0000 0x00010000 4
[2022-12-18 19:23:52] INFO     mem_cmp 0x497C0000 0x697C0000 0x00010000 4
[2022-12-18 19:24:24] INFO     mem_cmp 0x49FC0000 0x69FC0000 0x00010000 4
[2022-12-18 19:24:56] INFO     mem_cmp 0x4A7C0000 0x6A7C0000 0x00010000 4
[2022-12-18 19:25:28] INFO     mem_cmp 0x4AFC0000 0x6AFC0000 0x00010000 4
[2022-12-18 19:26:00] INFO     mem_cmp 0x4B7C0000 0x6B7C0000 0x00010000 4
[2022-12-18 19:26:32] INFO     mem_cmp 0x4BFC0000 0x6BFC0000 0x00010000 4
[2022-12-18 19:27:04] INFO     mem_cmp 0x4C7C0000 0x6C7C0000 0x00010000 4
[2022-12-18 19:27:36] INFO     mem_cmp 0x4CFC0000 0x6CFC0000 0x00010000 4
[2022-12-18 19:28:08] INFO     mem_cmp 0x4D7C0000 0x6D7C0000 0x00010000 4
[2022-12-18 19:28:40] INFO     mem_cmp 0x4DFC0000 0x6DFC0000 0x00010000 4
[2022-12-18 19:29:12] INFO     mem_cmp 0x4E7C0000 0x6E7C0000 0x00010000 4
[2022-12-18 19:29:45] INFO     mem_cmp 0x4EFC0000 0x6EFC0000 0x00010000 4
[2022-12-18 19:30:17] INFO     mem_cmp 0x4F7C0000 0x6F7C0000 0x00010000 4
[2022-12-18 19:30:49] INFO     mem_cmp 0x4FFC0000 0x6FFC0000 0x00010000 4
[2022-12-18 19:31:21] INFO     mem_cmp 0x507C0000 0x707C0000 0x00010000 4
[2022-12-18 19:31:53] INFO     mem_cmp 0x50FC0000 0x70FC0000 0x00010000 4
[2022-12-18 19:32:25] INFO     mem_cmp 0x517C0000 0x717C0000 0x00010000 4
[2022-12-18 19:32:57] INFO     mem_cmp 0x51FC0000 0x71FC0000 0x00010000 4
[2022-12-18 19:33:29] INFO     mem_cmp 0x527C0000 0x727C0000 0x00010000 4
[2022-12-18 19:34:01] INFO     mem_cmp 0x52FC0000 0x72FC0000 0x00010000 4
[2022-12-18 19:34:33] INFO     mem_cmp 0x537C0000 0x737C0000 0x00010000 4
[2022-12-18 19:35:06] INFO     mem_cmp 0x53FC0000 0x73FC0000 0x00010000 4
[2022-12-18 19:35:38] INFO     mem_cmp 0x547C0000 0x747C0000 0x00010000 4
[2022-12-18 19:36:10] INFO     mem_cmp 0x54FC0000 0x74FC0000 0x00010000 4
[2022-12-18 19:36:42] INFO     mem_cmp 0x557C0000 0x757C0000 0x00010000 4
[2022-12-18 19:37:14] INFO     mem_cmp 0x55FC0000 0x75FC0000 0x00010000 4
[2022-12-18 19:37:46] INFO     mem_cmp 0x567C0000 0x767C0000 0x00010000 4
[2022-12-18 19:38:18] INFO     mem_cmp 0x56FC0000 0x76FC0000 0x00010000 4
[2022-12-18 19:38:50] INFO     mem_cmp 0x577C0000 0x777C0000 0x00010000 4
[2022-12-18 19:39:22] INFO     mem_cmp 0x57FC0000 0x77FC0000 0x00010000 4
[2022-12-18 19:39:54] INFO     mem_cmp 0x587C0000 0x787C0000 0x00010000 4
[2022-12-18 19:40:26] INFO     mem_cmp 0x58FC0000 0x78FC0000 0x00010000 4
[2022-12-18 19:40:58] INFO     mem_cmp 0x597C0000 0x797C0000 0x00010000 4
[2022-12-18 19:41:30] INFO     mem_cmp 0x59FC0000 0x79FC0000 0x00010000 4
[2022-12-18 19:42:03] INFO     mem_cmp 0x5A7C0000 0x7A7C0000 0x00010000 4
[2022-12-18 19:42:35] INFO     mem_cmp 0x5AFC0000 0x7AFC0000 0x00010000 4
[2022-12-18 19:43:07] INFO     mem_cmp 0x5B7C0000 0x7B7C0000 0x00010000 4
[2022-12-18 19:43:39] INFO     mem_cmp 0x5BFC0000 0x7BFC0000 0x00010000 4
[2022-12-18 19:44:11] INFO     mem_cmp 0x5C7C0000 0x7C7C0000 0x00010000 4
[2022-12-18 19:44:43] INFO     mem_cmp 0x5CFC0000 0x7CFC0000 0x00010000 4
[2022-12-18 19:45:15] INFO     mem_cmp 0x5D7C0000 0x7D7C0000 0x00010000 4
[2022-12-18 19:45:47] INFO     mem_cmp 0x5DFC0000 0x7DFC0000 0x00010000 4
[2022-12-18 19:46:19] INFO     mem_cmp 0x5E7C0000 0x7E7C0000 0x00010000 4
[2022-12-18 19:46:51] INFO     mem_cmp 0x5EFC0000 0x7EFC0000 0x00010000 4
[2022-12-18 19:47:23] INFO     mem_cmp 0x5F7C0000 0x7F7C0000 0x00010000 4
[2022-12-18 19:47:55] INFO     mem_cmp 0x5FFC0000 0x7FFC0000 0x00010000 4
[2022-12-18 19:47:56] INFO     STATE:Mem Compare State
[2022-12-18 19:48:27] INFO     mem_cmp 0x407C0000 0x607C0000 0x00010000 4
[2022-12-18 19:48:59] INFO     mem_cmp 0x40FC0000 0x60FC0000 0x00010000 4
[2022-12-18 19:49:32] INFO     mem_cmp 0x417C0000 0x617C0000 0x00010000 4
[2022-12-18 19:50:04] INFO     mem_cmp 0x41FC0000 0x61FC0000 0x00010000 4
[2022-12-18 19:50:36] INFO     mem_cmp 0x427C0000 0x627C0000 0x00010000 4
[2022-12-18 19:51:08] INFO     mem_cmp 0x42FC0000 0x62FC0000 0x00010000 4
[2022-12-18 19:51:40] INFO     mem_cmp 0x437C0000 0x637C0000 0x00010000 4
[2022-12-18 19:52:12] INFO     mem_cmp 0x43FC0000 0x63FC0000 0x00010000 4
[2022-12-18 19:52:44] INFO     mem_cmp 0x447C0000 0x647C0000 0x00010000 4
[2022-12-18 19:53:16] INFO     mem_cmp 0x44FC0000 0x64FC0000 0x00010000 4
[2022-12-18 19:53:48] INFO     mem_cmp 0x457C0000 0x657C0000 0x00010000 4
[2022-12-18 19:54:21] INFO     mem_cmp 0x45FC0000 0x65FC0000 0x00010000 4
[2022-12-18 19:54:53] INFO     mem_cmp 0x467C0000 0x667C0000 0x00010000 4
[2022-12-18 19:55:25] INFO     mem_cmp 0x46FC0000 0x66FC0000 0x00010000 4
[2022-12-18 19:55:57] INFO     mem_cmp 0x477C0000 0x677C0000 0x00010000 4
[2022-12-18 19:56:29] INFO     mem_cmp 0x47FC0000 0x67FC0000 0x00010000 4
[2022-12-18 19:57:01] INFO     mem_cmp 0x487C0000 0x687C0000 0x00010000 4
[2022-12-18 19:57:33] INFO     mem_cmp 0x48FC0000 0x68FC0000 0x00010000 4
[2022-12-18 19:58:05] INFO     mem_cmp 0x497C0000 0x697C0000 0x00010000 4
[2022-12-18 19:58:37] INFO     mem_cmp 0x49FC0000 0x69FC0000 0x00010000 4
[2022-12-18 19:59:09] INFO     mem_cmp 0x4A7C0000 0x6A7C0000 0x00010000 4
[2022-12-18 19:59:41] INFO     mem_cmp 0x4AFC0000 0x6AFC0000 0x00010000 4
[2022-12-18 20:00:13] INFO     mem_cmp 0x4B7C0000 0x6B7C0000 0x00010000 4
[2022-12-18 20:00:46] INFO     mem_cmp 0x4BFC0000 0x6BFC0000 0x00010000 4
[2022-12-18 20:01:18] INFO     mem_cmp 0x4C7C0000 0x6C7C0000 0x00010000 4
[2022-12-18 20:01:50] INFO     mem_cmp 0x4CFC0000 0x6CFC0000 0x00010000 4
[2022-12-18 20:02:22] INFO     mem_cmp 0x4D7C0000 0x6D7C0000 0x00010000 4
[2022-12-18 20:02:54] INFO     mem_cmp 0x4DFC0000 0x6DFC0000 0x00010000 4
[2022-12-18 20:03:26] INFO     mem_cmp 0x4E7C0000 0x6E7C0000 0x00010000 4
[2022-12-18 20:03:58] INFO     mem_cmp 0x4EFC0000 0x6EFC0000 0x00010000 4
[2022-12-18 20:04:30] INFO     mem_cmp 0x4F7C0000 0x6F7C0000 0x00010000 4
[2022-12-18 20:05:02] INFO     mem_cmp 0x4FFC0000 0x6FFC0000 0x00010000 4
[2022-12-18 20:05:34] INFO     mem_cmp 0x507C0000 0x707C0000 0x00010000 4
[2022-12-18 20:06:06] INFO     mem_cmp 0x50FC0000 0x70FC0000 0x00010000 4
[2022-12-18 20:06:38] INFO     mem_cmp 0x517C0000 0x717C0000 0x00010000 4
[2022-12-18 20:07:10] INFO     mem_cmp 0x51FC0000 0x71FC0000 0x00010000 4
[2022-12-18 20:07:43] INFO     mem_cmp 0x527C0000 0x727C0000 0x00010000 4
[2022-12-18 20:08:15] INFO     mem_cmp 0x52FC0000 0x72FC0000 0x00010000 4
[2022-12-18 20:08:47] INFO     mem_cmp 0x537C0000 0x737C0000 0x00010000 4
[2022-12-18 20:09:19] INFO     mem_cmp 0x53FC0000 0x73FC0000 0x00010000 4
[2022-12-18 20:09:51] INFO     mem_cmp 0x547C0000 0x747C0000 0x00010000 4
[2022-12-18 20:10:23] INFO     mem_cmp 0x54FC0000 0x74FC0000 0x00010000 4
[2022-12-18 20:10:55] INFO     mem_cmp 0x557C0000 0x757C0000 0x00010000 4
[2022-12-18 20:11:27] INFO     mem_cmp 0x55FC0000 0x75FC0000 0x00010000 4
[2022-12-18 20:11:59] INFO     mem_cmp 0x567C0000 0x767C0000 0x00010000 4
[2022-12-18 20:12:31] INFO     mem_cmp 0x56FC0000 0x76FC0000 0x00010000 4
[2022-12-18 20:13:03] INFO     mem_cmp 0x577C0000 0x777C0000 0x00010000 4
[2022-12-18 20:13:35] INFO     mem_cmp 0x57FC0000 0x77FC0000 0x00010000 4
[2022-12-18 20:14:07] INFO     mem_cmp 0x587C0000 0x787C0000 0x00010000 4
[2022-12-18 20:14:40] INFO     mem_cmp 0x58FC0000 0x78FC0000 0x00010000 4
[2022-12-18 20:15:12] INFO     mem_cmp 0x597C0000 0x797C0000 0x00010000 4
[2022-12-18 20:15:44] INFO     mem_cmp 0x59FC0000 0x79FC0000 0x00010000 4
[2022-12-18 20:16:16] INFO     mem_cmp 0x5A7C0000 0x7A7C0000 0x00010000 4
[2022-12-18 20:16:48] INFO     mem_cmp 0x5AFC0000 0x7AFC0000 0x00010000 4
[2022-12-18 20:17:20] INFO     mem_cmp 0x5B7C0000 0x7B7C0000 0x00010000 4
[2022-12-18 20:17:52] INFO     mem_cmp 0x5BFC0000 0x7BFC0000 0x00010000 4
[2022-12-18 20:18:24] INFO     mem_cmp 0x5C7C0000 0x7C7C0000 0x00010000 4
[2022-12-18 20:18:56] INFO     mem_cmp 0x5CFC0000 0x7CFC0000 0x00010000 4
[2022-12-18 20:19:28] INFO     mem_cmp 0x5D7C0000 0x7D7C0000 0x00010000 4
[2022-12-18 20:20:00] INFO     mem_cmp 0x5DFC0000 0x7DFC0000 0x00010000 4
[2022-12-18 20:20:33] INFO     mem_cmp 0x5E7C0000 0x7E7C0000 0x00010000 4
[2022-12-18 20:21:05] INFO     mem_cmp 0x5EFC0000 0x7EFC0000 0x00010000 4
[2022-12-18 20:21:37] INFO     mem_cmp 0x5F7C0000 0x7F7C0000 0x00010000 4
[2022-12-18 20:22:09] INFO     mem_cmp 0x5FFC0000 0x7FFC0000 0x00010000 4
[2022-12-18 20:22:10] INFO     STATE:Mem Compare State
[2022-12-18 20:22:41] INFO     mem_cmp 0x407C0000 0x607C0000 0x00010000 4
[2022-12-18 20:23:13] INFO     mem_cmp 0x40FC0000 0x60FC0000 0x00010000 4
[2022-12-18 20:23:45] INFO     mem_cmp 0x417C0000 0x617C0000 0x00010000 4
[2022-12-18 20:24:17] INFO     mem_cmp 0x41FC0000 0x61FC0000 0x00010000 4
[2022-12-18 20:24:49] INFO     mem_cmp 0x427C0000 0x627C0000 0x00010000 4
[2022-12-18 20:25:21] INFO     mem_cmp 0x42FC0000 0x62FC0000 0x00010000 4
[2022-12-18 20:25:53] INFO     mem_cmp 0x437C0000 0x637C0000 0x00010000 4
[2022-12-18 20:26:25] INFO     mem_cmp 0x43FC0000 0x63FC0000 0x00010000 4
[2022-12-18 20:26:57] INFO     mem_cmp 0x447C0000 0x647C0000 0x00010000 4
[2022-12-18 20:27:29] INFO     mem_cmp 0x44FC0000 0x64FC0000 0x00010000 4
[2022-12-18 20:28:02] INFO     mem_cmp 0x457C0000 0x657C0000 0x00010000 4
[2022-12-18 20:28:34] INFO     mem_cmp 0x45FC0000 0x65FC0000 0x00010000 4
[2022-12-18 20:29:06] INFO     mem_cmp 0x467C0000 0x667C0000 0x00010000 4
[2022-12-18 20:29:38] INFO     mem_cmp 0x46FC0000 0x66FC0000 0x00010000 4
[2022-12-18 20:30:10] INFO     mem_cmp 0x477C0000 0x677C0000 0x00010000 4
[2022-12-18 20:30:42] INFO     mem_cmp 0x47FC0000 0x67FC0000 0x00010000 4
[2022-12-18 20:31:14] INFO     mem_cmp 0x487C0000 0x687C0000 0x00010000 4
[2022-12-18 20:31:46] INFO     mem_cmp 0x48FC0000 0x68FC0000 0x00010000 4
[2022-12-18 20:32:18] INFO     mem_cmp 0x497C0000 0x697C0000 0x00010000 4
[2022-12-18 20:32:50] INFO     mem_cmp 0x49FC0000 0x69FC0000 0x00010000 4
[2022-12-18 20:33:22] INFO     mem_cmp 0x4A7C0000 0x6A7C0000 0x00010000 4
[2022-12-18 20:33:55] INFO     mem_cmp 0x4AFC0000 0x6AFC0000 0x00010000 4
[2022-12-18 20:34:27] INFO     mem_cmp 0x4B7C0000 0x6B7C0000 0x00010000 4
[2022-12-18 20:34:59] INFO     mem_cmp 0x4BFC0000 0x6BFC0000 0x00010000 4
[2022-12-18 20:35:31] INFO     mem_cmp 0x4C7C0000 0x6C7C0000 0x00010000 4
[2022-12-18 20:36:03] INFO     mem_cmp 0x4CFC0000 0x6CFC0000 0x00010000 4
[2022-12-18 20:36:35] INFO     mem_cmp 0x4D7C0000 0x6D7C0000 0x00010000 4
[2022-12-18 20:37:07] INFO     mem_cmp 0x4DFC0000 0x6DFC0000 0x00010000 4
[2022-12-18 20:37:39] INFO     mem_cmp 0x4E7C0000 0x6E7C0000 0x00010000 4
[2022-12-18 20:38:11] INFO     mem_cmp 0x4EFC0000 0x6EFC0000 0x00010000 4
[2022-12-18 20:38:43] INFO     mem_cmp 0x4F7C0000 0x6F7C0000 0x00010000 4
[2022-12-18 20:39:15] INFO     mem_cmp 0x4FFC0000 0x6FFC0000 0x00010000 4
[2022-12-18 20:39:48] INFO     mem_cmp 0x507C0000 0x707C0000 0x00010000 4
[2022-12-18 20:40:20] INFO     mem_cmp 0x50FC0000 0x70FC0000 0x00010000 4
[2022-12-18 20:40:52] INFO     mem_cmp 0x517C0000 0x717C0000 0x00010000 4
[2022-12-18 20:41:24] INFO     mem_cmp 0x51FC0000 0x71FC0000 0x00010000 4
[2022-12-18 20:41:56] INFO     mem_cmp 0x527C0000 0x727C0000 0x00010000 4
[2022-12-18 20:42:28] INFO     mem_cmp 0x52FC0000 0x72FC0000 0x00010000 4
[2022-12-18 20:43:00] INFO     mem_cmp 0x537C0000 0x737C0000 0x00010000 4
[2022-12-18 20:43:32] INFO     mem_cmp 0x53FC0000 0x73FC0000 0x00010000 4
[2022-12-18 20:44:04] INFO     mem_cmp 0x547C0000 0x747C0000 0x00010000 4
[2022-12-18 20:44:36] INFO     mem_cmp 0x54FC0000 0x74FC0000 0x00010000 4
[2022-12-18 20:45:09] INFO     mem_cmp 0x557C0000 0x757C0000 0x00010000 4
[2022-12-18 20:45:41] INFO     mem_cmp 0x55FC0000 0x75FC0000 0x00010000 4
[2022-12-18 20:46:13] INFO     mem_cmp 0x567C0000 0x767C0000 0x00010000 4
[2022-12-18 20:46:45] INFO     mem_cmp 0x56FC0000 0x76FC0000 0x00010000 4
[2022-12-18 20:47:17] INFO     mem_cmp 0x577C0000 0x777C0000 0x00010000 4
[2022-12-18 20:47:49] INFO     mem_cmp 0x57FC0000 0x77FC0000 0x00010000 4
[2022-12-18 20:48:21] INFO     mem_cmp 0x587C0000 0x787C0000 0x00010000 4
[2022-12-18 20:48:53] INFO     mem_cmp 0x58FC0000 0x78FC0000 0x00010000 4
[2022-12-18 20:49:25] INFO     mem_cmp 0x597C0000 0x797C0000 0x00010000 4
[2022-12-18 20:49:57] INFO     mem_cmp 0x59FC0000 0x79FC0000 0x00010000 4
[2022-12-18 20:50:29] INFO     mem_cmp 0x5A7C0000 0x7A7C0000 0x00010000 4
[2022-12-18 20:51:01] INFO     mem_cmp 0x5AFC0000 0x7AFC0000 0x00010000 4
[2022-12-18 20:51:33] INFO     mem_cmp 0x5B7C0000 0x7B7C0000 0x00010000 4
[2022-12-18 20:52:06] INFO     mem_cmp 0x5BFC0000 0x7BFC0000 0x00010000 4
[2022-12-18 20:52:38] INFO     mem_cmp 0x5C7C0000 0x7C7C0000 0x00010000 4
[2022-12-18 20:53:10] INFO     mem_cmp 0x5CFC0000 0x7CFC0000 0x00010000 4
[2022-12-18 20:53:42] INFO     mem_cmp 0x5D7C0000 0x7D7C0000 0x00010000 4
[2022-12-18 20:54:14] INFO     mem_cmp 0x5DFC0000 0x7DFC0000 0x00010000 4
[2022-12-18 20:54:46] INFO     mem_cmp 0x5E7C0000 0x7E7C0000 0x00010000 4
[2022-12-18 20:55:18] INFO     mem_cmp 0x5EFC0000 0x7EFC0000 0x00010000 4
[2022-12-18 20:55:50] INFO     mem_cmp 0x5F7C0000 0x7F7C0000 0x00010000 4
[2022-12-18 20:56:22] INFO     mem_cmp 0x5FFC0000 0x7FFC0000 0x00010000 4
[2022-12-18 20:56:23] INFO     STATE:Mem Compare State
[2022-12-18 20:56:54] INFO     mem_cmp 0x407C0000 0x607C0000 0x00010000 4
[2022-12-18 20:57:26] INFO     mem_cmp 0x40FC0000 0x60FC0000 0x00010000 4
[2022-12-18 20:57:58] INFO     mem_cmp 0x417C0000 0x617C0000 0x00010000 4
[2022-12-18 20:58:30] INFO     mem_cmp 0x41FC0000 0x61FC0000 0x00010000 4
[2022-12-18 20:59:03] INFO     mem_cmp 0x427C0000 0x627C0000 0x00010000 4
[2022-12-18 20:59:35] INFO     mem_cmp 0x42FC0000 0x62FC0000 0x00010000 4
[2022-12-18 21:00:07] INFO     mem_cmp 0x437C0000 0x637C0000 0x00010000 4
[2022-12-18 21:00:39] INFO     mem_cmp 0x43FC0000 0x63FC0000 0x00010000 4
[2022-12-18 21:01:11] INFO     mem_cmp 0x447C0000 0x647C0000 0x00010000 4
[2022-12-18 21:01:43] INFO     mem_cmp 0x44FC0000 0x64FC0000 0x00010000 4
[2022-12-18 21:02:15] INFO     mem_cmp 0x457C0000 0x657C0000 0x00010000 4
[2022-12-18 21:02:47] INFO     mem_cmp 0x45FC0000 0x65FC0000 0x00010000 4
[2022-12-18 21:03:19] INFO     mem_cmp 0x467C0000 0x667C0000 0x00010000 4
[2022-12-18 21:03:51] INFO     mem_cmp 0x46FC0000 0x66FC0000 0x00010000 4
[2022-12-18 21:04:23] INFO     mem_cmp 0x477C0000 0x677C0000 0x00010000 4
[2022-12-18 21:04:55] INFO     mem_cmp 0x47FC0000 0x67FC0000 0x00010000 4
[2022-12-18 21:05:27] INFO     mem_cmp 0x487C0000 0x687C0000 0x00010000 4
[2022-12-18 21:06:00] INFO     mem_cmp 0x48FC0000 0x68FC0000 0x00010000 4
[2022-12-18 21:06:32] INFO     mem_cmp 0x497C0000 0x697C0000 0x00010000 4
[2022-12-18 21:07:04] INFO     mem_cmp 0x49FC0000 0x69FC0000 0x00010000 4
[2022-12-18 21:07:36] INFO     mem_cmp 0x4A7C0000 0x6A7C0000 0x00010000 4
[2022-12-18 21:08:08] INFO     mem_cmp 0x4AFC0000 0x6AFC0000 0x00010000 4
[2022-12-18 21:08:40] INFO     mem_cmp 0x4B7C0000 0x6B7C0000 0x00010000 4
[2022-12-18 21:09:12] INFO     mem_cmp 0x4BFC0000 0x6BFC0000 0x00010000 4
[2022-12-18 21:09:44] INFO     mem_cmp 0x4C7C0000 0x6C7C0000 0x00010000 4
[2022-12-18 21:10:16] INFO     mem_cmp 0x4CFC0000 0x6CFC0000 0x00010000 4
[2022-12-18 21:10:48] INFO     mem_cmp 0x4D7C0000 0x6D7C0000 0x00010000 4
[2022-12-18 21:11:20] INFO     mem_cmp 0x4DFC0000 0x6DFC0000 0x00010000 4
[2022-12-18 21:11:52] INFO     mem_cmp 0x4E7C0000 0x6E7C0000 0x00010000 4
[2022-12-18 21:12:25] INFO     mem_cmp 0x4EFC0000 0x6EFC0000 0x00010000 4
[2022-12-18 21:12:57] INFO     mem_cmp 0x4F7C0000 0x6F7C0000 0x00010000 4
[2022-12-18 21:13:29] INFO     mem_cmp 0x4FFC0000 0x6FFC0000 0x00010000 4
[2022-12-18 21:14:01] INFO     mem_cmp 0x507C0000 0x707C0000 0x00010000 4
[2022-12-18 21:14:33] INFO     mem_cmp 0x50FC0000 0x70FC0000 0x00010000 4
[2022-12-18 21:15:05] INFO     mem_cmp 0x517C0000 0x717C0000 0x00010000 4
[2022-12-18 21:15:37] INFO     mem_cmp 0x51FC0000 0x71FC0000 0x00010000 4
[2022-12-18 21:16:09] INFO     mem_cmp 0x527C0000 0x727C0000 0x00010000 4
[2022-12-18 21:16:41] INFO     mem_cmp 0x52FC0000 0x72FC0000 0x00010000 4
[2022-12-18 21:17:13] INFO     mem_cmp 0x537C0000 0x737C0000 0x00010000 4
[2022-12-18 21:17:45] INFO     mem_cmp 0x53FC0000 0x73FC0000 0x00010000 4
[2022-12-18 21:18:17] INFO     mem_cmp 0x547C0000 0x747C0000 0x00010000 4
[2022-12-18 21:18:50] INFO     mem_cmp 0x54FC0000 0x74FC0000 0x00010000 4
[2022-12-18 21:19:22] INFO     mem_cmp 0x557C0000 0x757C0000 0x00010000 4
[2022-12-18 21:19:54] INFO     mem_cmp 0x55FC0000 0x75FC0000 0x00010000 4
[2022-12-18 21:20:26] INFO     mem_cmp 0x567C0000 0x767C0000 0x00010000 4
[2022-12-18 21:20:58] INFO     mem_cmp 0x56FC0000 0x76FC0000 0x00010000 4
[2022-12-18 21:21:30] INFO     mem_cmp 0x577C0000 0x777C0000 0x00010000 4
[2022-12-18 21:22:02] INFO     mem_cmp 0x57FC0000 0x77FC0000 0x00010000 4
[2022-12-18 21:22:34] INFO     mem_cmp 0x587C0000 0x787C0000 0x00010000 4
[2022-12-18 21:23:06] INFO     mem_cmp 0x58FC0000 0x78FC0000 0x00010000 4
[2022-12-18 21:23:38] INFO     mem_cmp 0x597C0000 0x797C0000 0x00010000 4
[2022-12-18 21:24:11] INFO     mem_cmp 0x59FC0000 0x79FC0000 0x00010000 4
[2022-12-18 21:24:43] INFO     mem_cmp 0x5A7C0000 0x7A7C0000 0x00010000 4
[2022-12-18 21:25:15] INFO     mem_cmp 0x5AFC0000 0x7AFC0000 0x00010000 4
[2022-12-18 21:25:47] INFO     mem_cmp 0x5B7C0000 0x7B7C0000 0x00010000 4
[2022-12-18 21:26:19] INFO     mem_cmp 0x5BFC0000 0x7BFC0000 0x00010000 4
[2022-12-18 21:26:51] INFO     mem_cmp 0x5C7C0000 0x7C7C0000 0x00010000 4
[2022-12-18 21:27:23] INFO     mem_cmp 0x5CFC0000 0x7CFC0000 0x00010000 4
[2022-12-18 21:27:55] INFO     mem_cmp 0x5D7C0000 0x7D7C0000 0x00010000 4
[2022-12-18 21:28:27] INFO     mem_cmp 0x5DFC0000 0x7DFC0000 0x00010000 4
[2022-12-18 21:28:59] INFO     mem_cmp 0x5E7C0000 0x7E7C0000 0x00010000 4
[2022-12-18 21:29:32] INFO     mem_cmp 0x5EFC0000 0x7EFC0000 0x00010000 4
[2022-12-18 21:30:04] INFO     mem_cmp 0x5F7C0000 0x7F7C0000 0x00010000 4
[2022-12-18 21:30:36] INFO     mem_cmp 0x5FFC0000 0x7FFC0000 0x00010000 4
[2022-12-18 21:30:37] INFO     STATE:Mem Compare State
[2022-12-18 21:31:08] INFO     mem_cmp 0x407C0000 0x607C0000 0x00010000 4
[2022-12-18 21:31:40] INFO     mem_cmp 0x40FC0000 0x60FC0000 0x00010000 4
[2022-12-18 21:32:12] INFO     mem_cmp 0x417C0000 0x617C0000 0x00010000 4
[2022-12-18 21:32:44] INFO     mem_cmp 0x41FC0000 0x61FC0000 0x00010000 4
[2022-12-18 21:33:16] INFO     mem_cmp 0x427C0000 0x627C0000 0x00010000 4
[2022-12-18 21:33:48] INFO     mem_cmp 0x42FC0000 0x62FC0000 0x00010000 4
[2022-12-18 21:34:20] INFO     mem_cmp 0x437C0000 0x637C0000 0x00010000 4
[2022-12-18 21:34:52] INFO     mem_cmp 0x43FC0000 0x63FC0000 0x00010000 4
[2022-12-18 21:35:24] INFO     mem_cmp 0x447C0000 0x647C0000 0x00010000 4
[2022-12-18 21:35:57] INFO     mem_cmp 0x44FC0000 0x64FC0000 0x00010000 4
[2022-12-18 21:36:29] INFO     mem_cmp 0x457C0000 0x657C0000 0x00010000 4
[2022-12-18 21:37:01] INFO     mem_cmp 0x45FC0000 0x65FC0000 0x00010000 4
[2022-12-18 21:37:33] INFO     mem_cmp 0x467C0000 0x667C0000 0x00010000 4
[2022-12-18 21:38:05] INFO     mem_cmp 0x46FC0000 0x66FC0000 0x00010000 4
[2022-12-18 21:38:37] INFO     mem_cmp 0x477C0000 0x677C0000 0x00010000 4
[2022-12-18 21:39:09] INFO     mem_cmp 0x47FC0000 0x67FC0000 0x00010000 4
[2022-12-18 21:39:41] INFO     mem_cmp 0x487C0000 0x687C0000 0x00010000 4
[2022-12-18 21:40:14] INFO     mem_cmp 0x48FC0000 0x68FC0000 0x00010000 4
[2022-12-18 21:40:46] INFO     mem_cmp 0x497C0000 0x697C0000 0x00010000 4
[2022-12-18 21:41:18] INFO     mem_cmp 0x49FC0000 0x69FC0000 0x00010000 4
[2022-12-18 21:41:50] INFO     mem_cmp 0x4A7C0000 0x6A7C0000 0x00010000 4
[2022-12-18 21:42:22] INFO     mem_cmp 0x4AFC0000 0x6AFC0000 0x00010000 4
[2022-12-18 21:42:54] INFO     mem_cmp 0x4B7C0000 0x6B7C0000 0x00010000 4
[2022-12-18 21:43:26] INFO     mem_cmp 0x4BFC0000 0x6BFC0000 0x00010000 4
[2022-12-18 21:43:58] INFO     mem_cmp 0x4C7C0000 0x6C7C0000 0x00010000 4
[2022-12-18 21:44:30] INFO     mem_cmp 0x4CFC0000 0x6CFC0000 0x00010000 4
[2022-12-18 21:45:02] INFO     mem_cmp 0x4D7C0000 0x6D7C0000 0x00010000 4
[2022-12-18 21:45:35] INFO     mem_cmp 0x4DFC0000 0x6DFC0000 0x00010000 4
[2022-12-18 21:46:07] INFO     mem_cmp 0x4E7C0000 0x6E7C0000 0x00010000 4
[2022-12-18 21:46:39] INFO     mem_cmp 0x4EFC0000 0x6EFC0000 0x00010000 4
[2022-12-18 21:47:11] INFO     mem_cmp 0x4F7C0000 0x6F7C0000 0x00010000 4
[2022-12-18 21:47:43] INFO     mem_cmp 0x4FFC0000 0x6FFC0000 0x00010000 4
[2022-12-18 21:48:15] INFO     mem_cmp 0x507C0000 0x707C0000 0x00010000 4
[2022-12-18 21:48:47] INFO     mem_cmp 0x50FC0000 0x70FC0000 0x00010000 4
[2022-12-18 21:49:19] INFO     mem_cmp 0x517C0000 0x717C0000 0x00010000 4
[2022-12-18 21:49:51] INFO     mem_cmp 0x51FC0000 0x71FC0000 0x00010000 4
[2022-12-18 21:50:23] INFO     mem_cmp 0x527C0000 0x727C0000 0x00010000 4
[2022-12-18 21:50:55] INFO     mem_cmp 0x52FC0000 0x72FC0000 0x00010000 4
[2022-12-18 21:51:27] INFO     mem_cmp 0x537C0000 0x737C0000 0x00010000 4
[2022-12-18 21:52:00] INFO     mem_cmp 0x53FC0000 0x73FC0000 0x00010000 4
[2022-12-18 21:52:32] INFO     mem_cmp 0x547C0000 0x747C0000 0x00010000 4
[2022-12-18 21:53:04] INFO     mem_cmp 0x54FC0000 0x74FC0000 0x00010000 4
[2022-12-18 21:53:36] INFO     mem_cmp 0x557C0000 0x757C0000 0x00010000 4
[2022-12-18 21:54:08] INFO     mem_cmp 0x55FC0000 0x75FC0000 0x00010000 4
[2022-12-18 21:54:40] INFO     mem_cmp 0x567C0000 0x767C0000 0x00010000 4
[2022-12-18 21:55:12] INFO     mem_cmp 0x56FC0000 0x76FC0000 0x00010000 4
[2022-12-18 21:55:44] INFO     mem_cmp 0x577C0000 0x777C0000 0x00010000 4
[2022-12-18 21:56:16] INFO     mem_cmp 0x57FC0000 0x77FC0000 0x00010000 4
[2022-12-18 21:56:48] INFO     mem_cmp 0x587C0000 0x787C0000 0x00010000 4
[2022-12-18 21:57:20] INFO     mem_cmp 0x58FC0000 0x78FC0000 0x00010000 4
[2022-12-18 21:57:52] INFO     mem_cmp 0x597C0000 0x797C0000 0x00010000 4
[2022-12-18 21:58:24] INFO     mem_cmp 0x59FC0000 0x79FC0000 0x00010000 4
[2022-12-18 21:58:57] INFO     mem_cmp 0x5A7C0000 0x7A7C0000 0x00010000 4
[2022-12-18 21:59:29] INFO     mem_cmp 0x5AFC0000 0x7AFC0000 0x00010000 4
[2022-12-18 22:00:01] INFO     mem_cmp 0x5B7C0000 0x7B7C0000 0x00010000 4
[2022-12-18 22:00:33] INFO     mem_cmp 0x5BFC0000 0x7BFC0000 0x00010000 4
[2022-12-18 22:01:05] INFO     mem_cmp 0x5C7C0000 0x7C7C0000 0x00010000 4
[2022-12-18 22:01:37] INFO     mem_cmp 0x5CFC0000 0x7CFC0000 0x00010000 4
[2022-12-18 22:02:09] INFO     mem_cmp 0x5D7C0000 0x7D7C0000 0x00010000 4
[2022-12-18 22:02:41] INFO     mem_cmp 0x5DFC0000 0x7DFC0000 0x00010000 4
[2022-12-18 22:03:13] INFO     mem_cmp 0x5E7C0000 0x7E7C0000 0x00010000 4
[2022-12-18 22:03:45] INFO     mem_cmp 0x5EFC0000 0x7EFC0000 0x00010000 4
[2022-12-18 22:04:17] INFO     mem_cmp 0x5F7C0000 0x7F7C0000 0x00010000 4
[2022-12-18 22:04:49] INFO     mem_cmp 0x5FFC0000 0x7FFC0000 0x00010000 4
[2022-12-18 22:04:50] INFO     STATE:Mem Compare State
[2022-12-18 22:05:21] INFO     mem_cmp 0x407C0000 0x607C0000 0x00010000 4
[2022-12-18 22:05:53] INFO     mem_cmp 0x40FC0000 0x60FC0000 0x00010000 4
[2022-12-18 22:06:25] INFO     mem_cmp 0x417C0000 0x617C0000 0x00010000 4
[2022-12-18 22:06:58] INFO     mem_cmp 0x41FC0000 0x61FC0000 0x00010000 4
[2022-12-18 22:07:30] INFO     mem_cmp 0x427C0000 0x627C0000 0x00010000 4
[2022-12-18 22:08:02] INFO     mem_cmp 0x42FC0000 0x62FC0000 0x00010000 4
[2022-12-18 22:08:34] INFO     mem_cmp 0x437C0000 0x637C0000 0x00010000 4
[2022-12-18 22:09:06] INFO     mem_cmp 0x43FC0000 0x63FC0000 0x00010000 4
[2022-12-18 22:09:38] INFO     mem_cmp 0x447C0000 0x647C0000 0x00010000 4
[2022-12-18 22:10:10] INFO     mem_cmp 0x44FC0000 0x64FC0000 0x00010000 4
[2022-12-18 22:10:42] INFO     mem_cmp 0x457C0000 0x657C0000 0x00010000 4
[2022-12-18 22:11:14] INFO     mem_cmp 0x45FC0000 0x65FC0000 0x00010000 4
[2022-12-18 22:11:46] INFO     mem_cmp 0x467C0000 0x667C0000 0x00010000 4
[2022-12-18 22:12:18] INFO     mem_cmp 0x46FC0000 0x66FC0000 0x00010000 4
[2022-12-18 22:12:50] INFO     mem_cmp 0x477C0000 0x677C0000 0x00010000 4
[2022-12-18 22:13:22] INFO     mem_cmp 0x47FC0000 0x67FC0000 0x00010000 4
[2022-12-18 22:13:55] INFO     mem_cmp 0x487C0000 0x687C0000 0x00010000 4
[2022-12-18 22:14:27] INFO     mem_cmp 0x48FC0000 0x68FC0000 0x00010000 4
[2022-12-18 22:14:59] INFO     mem_cmp 0x497C0000 0x697C0000 0x00010000 4
[2022-12-18 22:15:31] INFO     mem_cmp 0x49FC0000 0x69FC0000 0x00010000 4
[2022-12-18 22:16:03] INFO     mem_cmp 0x4A7C0000 0x6A7C0000 0x00010000 4
[2022-12-18 22:16:35] INFO     mem_cmp 0x4AFC0000 0x6AFC0000 0x00010000 4
[2022-12-18 22:17:07] INFO     mem_cmp 0x4B7C0000 0x6B7C0000 0x00010000 4
[2022-12-18 22:17:39] INFO     mem_cmp 0x4BFC0000 0x6BFC0000 0x00010000 4
[2022-12-18 22:18:11] INFO     mem_cmp 0x4C7C0000 0x6C7C0000 0x00010000 4
[2022-12-18 22:18:43] INFO     mem_cmp 0x4CFC0000 0x6CFC0000 0x00010000 4
[2022-12-18 22:19:15] INFO     mem_cmp 0x4D7C0000 0x6D7C0000 0x00010000 4
[2022-12-18 22:19:47] INFO     mem_cmp 0x4DFC0000 0x6DFC0000 0x00010000 4
[2022-12-18 22:20:19] INFO     mem_cmp 0x4E7C0000 0x6E7C0000 0x00010000 4
[2022-12-18 22:20:52] INFO     mem_cmp 0x4EFC0000 0x6EFC0000 0x00010000 4
[2022-12-18 22:21:24] INFO     mem_cmp 0x4F7C0000 0x6F7C0000 0x00010000 4
[2022-12-18 22:21:56] INFO     mem_cmp 0x4FFC0000 0x6FFC0000 0x00010000 4
[2022-12-18 22:22:28] INFO     mem_cmp 0x507C0000 0x707C0000 0x00010000 4
[2022-12-18 22:23:00] INFO     mem_cmp 0x50FC0000 0x70FC0000 0x00010000 4
[2022-12-18 22:23:32] INFO     mem_cmp 0x517C0000 0x717C0000 0x00010000 4
[2022-12-18 22:24:04] INFO     mem_cmp 0x51FC0000 0x71FC0000 0x00010000 4
[2022-12-18 22:24:36] INFO     mem_cmp 0x527C0000 0x727C0000 0x00010000 4
[2022-12-18 22:25:08] INFO     mem_cmp 0x52FC0000 0x72FC0000 0x00010000 4
[2022-12-18 22:25:41] INFO     mem_cmp 0x537C0000 0x737C0000 0x00010000 4
[2022-12-18 22:26:13] INFO     mem_cmp 0x53FC0000 0x73FC0000 0x00010000 4
[2022-12-18 22:26:45] INFO     mem_cmp 0x547C0000 0x747C0000 0x00010000 4
[2022-12-18 22:27:17] INFO     mem_cmp 0x54FC0000 0x74FC0000 0x00010000 4
[2022-12-18 22:27:49] INFO     mem_cmp 0x557C0000 0x757C0000 0x00010000 4
[2022-12-18 22:28:21] INFO     mem_cmp 0x55FC0000 0x75FC0000 0x00010000 4
[2022-12-18 22:28:53] INFO     mem_cmp 0x567C0000 0x767C0000 0x00010000 4
[2022-12-18 22:29:25] INFO     mem_cmp 0x56FC0000 0x76FC0000 0x00010000 4
[2022-12-18 22:29:57] INFO     mem_cmp 0x577C0000 0x777C0000 0x00010000 4
[2022-12-18 22:30:29] INFO     mem_cmp 0x57FC0000 0x77FC0000 0x00010000 4
[2022-12-18 22:31:01] INFO     mem_cmp 0x587C0000 0x787C0000 0x00010000 4
[2022-12-18 22:31:33] INFO     mem_cmp 0x58FC0000 0x78FC0000 0x00010000 4
[2022-12-18 22:32:05] INFO     mem_cmp 0x597C0000 0x797C0000 0x00010000 4
[2022-12-18 22:32:37] INFO     mem_cmp 0x59FC0000 0x79FC0000 0x00010000 4
[2022-12-18 22:33:09] INFO     mem_cmp 0x5A7C0000 0x7A7C0000 0x00010000 4
[2022-12-18 22:33:42] INFO     mem_cmp 0x5AFC0000 0x7AFC0000 0x00010000 4
[2022-12-18 22:34:14] INFO     mem_cmp 0x5B7C0000 0x7B7C0000 0x00010000 4
[2022-12-18 22:34:46] INFO     mem_cmp 0x5BFC0000 0x7BFC0000 0x00010000 4
[2022-12-18 22:35:18] INFO     mem_cmp 0x5C7C0000 0x7C7C0000 0x00010000 4
[2022-12-18 22:35:50] INFO     mem_cmp 0x5CFC0000 0x7CFC0000 0x00010000 4
[2022-12-18 22:36:22] INFO     mem_cmp 0x5D7C0000 0x7D7C0000 0x00010000 4
[2022-12-18 22:36:54] INFO     mem_cmp 0x5DFC0000 0x7DFC0000 0x00010000 4
[2022-12-18 22:37:26] INFO     mem_cmp 0x5E7C0000 0x7E7C0000 0x00010000 4
[2022-12-18 22:37:58] INFO     mem_cmp 0x5EFC0000 0x7EFC0000 0x00010000 4
[2022-12-18 22:38:30] INFO     mem_cmp 0x5F7C0000 0x7F7C0000 0x00010000 4
[2022-12-18 22:39:02] INFO     mem_cmp 0x5FFC0000 0x7FFC0000 0x00010000 4
[2022-12-18 22:39:03] INFO     STATE:Mem Compare State
[2022-12-18 22:39:34] INFO     mem_cmp 0x407C0000 0x607C0000 0x00010000 4
[2022-12-18 22:40:06] INFO     mem_cmp 0x40FC0000 0x60FC0000 0x00010000 4
[2022-12-18 22:40:39] INFO     mem_cmp 0x417C0000 0x617C0000 0x00010000 4
[2022-12-18 22:41:11] INFO     mem_cmp 0x41FC0000 0x61FC0000 0x00010000 4
[2022-12-18 22:41:43] INFO     mem_cmp 0x427C0000 0x627C0000 0x00010000 4
[2022-12-18 22:42:15] INFO     mem_cmp 0x42FC0000 0x62FC0000 0x00010000 4
[2022-12-18 22:42:47] INFO     mem_cmp 0x437C0000 0x637C0000 0x00010000 4
[2022-12-18 22:43:19] INFO     mem_cmp 0x43FC0000 0x63FC0000 0x00010000 4
[2022-12-18 22:43:51] INFO     mem_cmp 0x447C0000 0x647C0000 0x00010000 4
[2022-12-18 22:44:23] INFO     mem_cmp 0x44FC0000 0x64FC0000 0x00010000 4
[2022-12-18 22:44:55] INFO     mem_cmp 0x457C0000 0x657C0000 0x00010000 4
[2022-12-18 22:45:27] INFO     mem_cmp 0x45FC0000 0x65FC0000 0x00010000 4
[2022-12-18 22:46:00] INFO     mem_cmp 0x467C0000 0x667C0000 0x00010000 4
[2022-12-18 22:46:32] INFO     mem_cmp 0x46FC0000 0x66FC0000 0x00010000 4
[2022-12-18 22:47:04] INFO     mem_cmp 0x477C0000 0x677C0000 0x00010000 4
[2022-12-18 22:47:36] INFO     mem_cmp 0x47FC0000 0x67FC0000 0x00010000 4
[2022-12-18 22:48:08] INFO     mem_cmp 0x487C0000 0x687C0000 0x00010000 4
[2022-12-18 22:48:40] INFO     mem_cmp 0x48FC0000 0x68FC0000 0x00010000 4
[2022-12-18 22:49:12] INFO     mem_cmp 0x497C0000 0x697C0000 0x00010000 4
[2022-12-18 22:49:44] INFO     mem_cmp 0x49FC0000 0x69FC0000 0x00010000 4
[2022-12-18 22:50:16] INFO     mem_cmp 0x4A7C0000 0x6A7C0000 0x00010000 4
[2022-12-18 22:50:48] INFO     mem_cmp 0x4AFC0000 0x6AFC0000 0x00010000 4
[2022-12-18 22:51:20] INFO     mem_cmp 0x4B7C0000 0x6B7C0000 0x00010000 4
[2022-12-18 22:51:53] INFO     mem_cmp 0x4BFC0000 0x6BFC0000 0x00010000 4
[2022-12-18 22:52:25] INFO     mem_cmp 0x4C7C0000 0x6C7C0000 0x00010000 4
[2022-12-18 22:52:57] INFO     mem_cmp 0x4CFC0000 0x6CFC0000 0x00010000 4
[2022-12-18 22:53:29] INFO     mem_cmp 0x4D7C0000 0x6D7C0000 0x00010000 4
[2022-12-18 22:54:01] INFO     mem_cmp 0x4DFC0000 0x6DFC0000 0x00010000 4
[2022-12-18 22:54:33] INFO     mem_cmp 0x4E7C0000 0x6E7C0000 0x00010000 4
[2022-12-18 22:55:05] INFO     mem_cmp 0x4EFC0000 0x6EFC0000 0x00010000 4
[2022-12-18 22:55:37] INFO     mem_cmp 0x4F7C0000 0x6F7C0000 0x00010000 4
[2022-12-18 22:56:09] INFO     mem_cmp 0x4FFC0000 0x6FFC0000 0x00010000 4
[2022-12-18 22:56:41] INFO     mem_cmp 0x507C0000 0x707C0000 0x00010000 4
[2022-12-18 22:57:13] INFO     mem_cmp 0x50FC0000 0x70FC0000 0x00010000 4
[2022-12-18 22:57:46] INFO     mem_cmp 0x517C0000 0x717C0000 0x00010000 4
[2022-12-18 22:58:18] INFO     mem_cmp 0x51FC0000 0x71FC0000 0x00010000 4
[2022-12-18 22:58:50] INFO     mem_cmp 0x527C0000 0x727C0000 0x00010000 4
[2022-12-18 22:59:22] INFO     mem_cmp 0x52FC0000 0x72FC0000 0x00010000 4
[2022-12-18 22:59:54] INFO     mem_cmp 0x537C0000 0x737C0000 0x00010000 4
[2022-12-18 23:00:26] INFO     mem_cmp 0x53FC0000 0x73FC0000 0x00010000 4
[2022-12-18 23:00:58] INFO     mem_cmp 0x547C0000 0x747C0000 0x00010000 4
[2022-12-18 23:01:30] INFO     mem_cmp 0x54FC0000 0x74FC0000 0x00010000 4
[2022-12-18 23:02:02] INFO     mem_cmp 0x557C0000 0x757C0000 0x00010000 4
[2022-12-18 23:02:34] INFO     mem_cmp 0x55FC0000 0x75FC0000 0x00010000 4
[2022-12-18 23:03:06] INFO     mem_cmp 0x567C0000 0x767C0000 0x00010000 4
[2022-12-18 23:03:38] INFO     mem_cmp 0x56FC0000 0x76FC0000 0x00010000 4
[2022-12-18 23:04:10] INFO     mem_cmp 0x577C0000 0x777C0000 0x00010000 4
[2022-12-18 23:04:42] INFO     mem_cmp 0x57FC0000 0x77FC0000 0x00010000 4
[2022-12-18 23:05:15] INFO     mem_cmp 0x587C0000 0x787C0000 0x00010000 4
[2022-12-18 23:05:47] INFO     mem_cmp 0x58FC0000 0x78FC0000 0x00010000 4
[2022-12-18 23:06:19] INFO     mem_cmp 0x597C0000 0x797C0000 0x00010000 4
[2022-12-18 23:06:51] INFO     mem_cmp 0x59FC0000 0x79FC0000 0x00010000 4
[2022-12-18 23:07:23] INFO     mem_cmp 0x5A7C0000 0x7A7C0000 0x00010000 4
[2022-12-18 23:07:55] INFO     mem_cmp 0x5AFC0000 0x7AFC0000 0x00010000 4
[2022-12-18 23:08:27] INFO     mem_cmp 0x5B7C0000 0x7B7C0000 0x00010000 4
[2022-12-18 23:08:59] INFO     mem_cmp 0x5BFC0000 0x7BFC0000 0x00010000 4
[2022-12-18 23:09:31] INFO     mem_cmp 0x5C7C0000 0x7C7C0000 0x00010000 4
[2022-12-18 23:10:04] INFO     mem_cmp 0x5CFC0000 0x7CFC0000 0x00010000 4
[2022-12-18 23:10:36] INFO     mem_cmp 0x5D7C0000 0x7D7C0000 0x00010000 4
[2022-12-18 23:11:08] INFO     mem_cmp 0x5DFC0000 0x7DFC0000 0x00010000 4
[2022-12-18 23:11:40] INFO     mem_cmp 0x5E7C0000 0x7E7C0000 0x00010000 4
[2022-12-18 23:12:12] INFO     mem_cmp 0x5EFC0000 0x7EFC0000 0x00010000 4
[2022-12-18 23:12:44] INFO     mem_cmp 0x5F7C0000 0x7F7C0000 0x00010000 4
[2022-12-18 23:13:16] INFO     mem_cmp 0x5FFC0000 0x7FFC0000 0x00010000 4
[2022-12-18 23:13:17] INFO     STATE:Mem Compare State
[2022-12-18 23:13:48] INFO     mem_cmp 0x407C0000 0x607C0000 0x00010000 4
[2022-12-18 23:14:20] INFO     mem_cmp 0x40FC0000 0x60FC0000 0x00010000 4
[2022-12-18 23:14:52] INFO     mem_cmp 0x417C0000 0x617C0000 0x00010000 4
[2022-12-18 23:15:25] INFO     mem_cmp 0x41FC0000 0x61FC0000 0x00010000 4
[2022-12-18 23:15:57] INFO     mem_cmp 0x427C0000 0x627C0000 0x00010000 4
[2022-12-18 23:16:29] INFO     mem_cmp 0x42FC0000 0x62FC0000 0x00010000 4
[2022-12-18 23:17:01] INFO     mem_cmp 0x437C0000 0x637C0000 0x00010000 4
[2022-12-18 23:17:33] INFO     mem_cmp 0x43FC0000 0x63FC0000 0x00010000 4
[2022-12-18 23:18:05] INFO     mem_cmp 0x447C0000 0x647C0000 0x00010000 4
[2022-12-18 23:18:37] INFO     mem_cmp 0x44FC0000 0x64FC0000 0x00010000 4
[2022-12-18 23:19:09] INFO     mem_cmp 0x457C0000 0x657C0000 0x00010000 4
[2022-12-18 23:19:41] INFO     mem_cmp 0x45FC0000 0x65FC0000 0x00010000 4
[2022-12-18 23:20:13] INFO     mem_cmp 0x467C0000 0x667C0000 0x00010000 4
[2022-12-18 23:20:45] INFO     mem_cmp 0x46FC0000 0x66FC0000 0x00010000 4
[2022-12-18 23:21:17] INFO     mem_cmp 0x477C0000 0x677C0000 0x00010000 4
[2022-12-18 23:21:49] INFO     mem_cmp 0x47FC0000 0x67FC0000 0x00010000 4
[2022-12-18 23:22:21] INFO     mem_cmp 0x487C0000 0x687C0000 0x00010000 4
[2022-12-18 23:22:54] INFO     mem_cmp 0x48FC0000 0x68FC0000 0x00010000 4
[2022-12-18 23:23:26] INFO     mem_cmp 0x497C0000 0x697C0000 0x00010000 4
[2022-12-18 23:23:58] INFO     mem_cmp 0x49FC0000 0x69FC0000 0x00010000 4
[2022-12-18 23:24:30] INFO     mem_cmp 0x4A7C0000 0x6A7C0000 0x00010000 4
[2022-12-18 23:25:02] INFO     mem_cmp 0x4AFC0000 0x6AFC0000 0x00010000 4
[2022-12-18 23:25:34] INFO     mem_cmp 0x4B7C0000 0x6B7C0000 0x00010000 4
[2022-12-18 23:26:06] INFO     mem_cmp 0x4BFC0000 0x6BFC0000 0x00010000 4
[2022-12-18 23:26:38] INFO     mem_cmp 0x4C7C0000 0x6C7C0000 0x00010000 4
[2022-12-18 23:27:10] INFO     mem_cmp 0x4CFC0000 0x6CFC0000 0x00010000 4
[2022-12-18 23:27:42] INFO     mem_cmp 0x4D7C0000 0x6D7C0000 0x00010000 4
[2022-12-18 23:28:15] INFO     mem_cmp 0x4DFC0000 0x6DFC0000 0x00010000 4
[2022-12-18 23:28:47] INFO     mem_cmp 0x4E7C0000 0x6E7C0000 0x00010000 4
[2022-12-18 23:29:19] INFO     mem_cmp 0x4EFC0000 0x6EFC0000 0x00010000 4
[2022-12-18 23:29:51] INFO     mem_cmp 0x4F7C0000 0x6F7C0000 0x00010000 4
[2022-12-18 23:30:23] INFO     mem_cmp 0x4FFC0000 0x6FFC0000 0x00010000 4
[2022-12-18 23:30:55] INFO     mem_cmp 0x507C0000 0x707C0000 0x00010000 4
[2022-12-18 23:31:27] INFO     mem_cmp 0x50FC0000 0x70FC0000 0x00010000 4
[2022-12-18 23:31:59] INFO     mem_cmp 0x517C0000 0x717C0000 0x00010000 4
[2022-12-18 23:32:31] INFO     mem_cmp 0x51FC0000 0x71FC0000 0x00010000 4
[2022-12-18 23:33:03] INFO     mem_cmp 0x527C0000 0x727C0000 0x00010000 4
[2022-12-18 23:33:36] INFO     mem_cmp 0x52FC0000 0x72FC0000 0x00010000 4
[2022-12-18 23:34:08] INFO     mem_cmp 0x537C0000 0x737C0000 0x00010000 4
[2022-12-18 23:34:40] INFO     mem_cmp 0x53FC0000 0x73FC0000 0x00010000 4
[2022-12-18 23:35:12] INFO     mem_cmp 0x547C0000 0x747C0000 0x00010000 4
[2022-12-18 23:35:44] INFO     mem_cmp 0x54FC0000 0x74FC0000 0x00010000 4
[2022-12-18 23:36:16] INFO     mem_cmp 0x557C0000 0x757C0000 0x00010000 4
[2022-12-18 23:36:48] INFO     mem_cmp 0x55FC0000 0x75FC0000 0x00010000 4
[2022-12-18 23:37:20] INFO     mem_cmp 0x567C0000 0x767C0000 0x00010000 4
[2022-12-18 23:37:52] INFO     mem_cmp 0x56FC0000 0x76FC0000 0x00010000 4
[2022-12-18 23:38:24] INFO     mem_cmp 0x577C0000 0x777C0000 0x00010000 4
[2022-12-18 23:38:56] INFO     mem_cmp 0x57FC0000 0x77FC0000 0x00010000 4
[2022-12-18 23:39:28] INFO     mem_cmp 0x587C0000 0x787C0000 0x00010000 4
[2022-12-18 23:40:01] INFO     mem_cmp 0x58FC0000 0x78FC0000 0x00010000 4
[2022-12-18 23:40:33] INFO     mem_cmp 0x597C0000 0x797C0000 0x00010000 4
[2022-12-18 23:41:05] INFO     mem_cmp 0x59FC0000 0x79FC0000 0x00010000 4
[2022-12-18 23:41:37] INFO     mem_cmp 0x5A7C0000 0x7A7C0000 0x00010000 4
[2022-12-18 23:42:09] INFO     mem_cmp 0x5AFC0000 0x7AFC0000 0x00010000 4
[2022-12-18 23:42:41] INFO     mem_cmp 0x5B7C0000 0x7B7C0000 0x00010000 4
[2022-12-18 23:43:13] INFO     mem_cmp 0x5BFC0000 0x7BFC0000 0x00010000 4
[2022-12-18 23:43:45] INFO     mem_cmp 0x5C7C0000 0x7C7C0000 0x00010000 4
[2022-12-18 23:44:17] INFO     mem_cmp 0x5CFC0000 0x7CFC0000 0x00010000 4
[2022-12-18 23:44:49] INFO     mem_cmp 0x5D7C0000 0x7D7C0000 0x00010000 4
[2022-12-18 23:45:21] INFO     mem_cmp 0x5DFC0000 0x7DFC0000 0x00010000 4
[2022-12-18 23:45:53] INFO     mem_cmp 0x5E7C0000 0x7E7C0000 0x00010000 4
[2022-12-18 23:46:25] INFO     mem_cmp 0x5EFC0000 0x7EFC0000 0x00010000 4
[2022-12-18 23:46:58] INFO     mem_cmp 0x5F7C0000 0x7F7C0000 0x00010000 4
[2022-12-18 23:47:30] INFO     mem_cmp 0x5FFC0000 0x7FFC0000 0x00010000 4
[2022-12-18 23:47:31] INFO     STATE:Mem Compare State
[2022-12-18 23:48:02] INFO     mem_cmp 0x407C0000 0x607C0000 0x00010000 4
[2022-12-18 23:48:34] INFO     mem_cmp 0x40FC0000 0x60FC0000 0x00010000 4
[2022-12-18 23:49:06] INFO     mem_cmp 0x417C0000 0x617C0000 0x00010000 4
[2022-12-18 23:49:38] INFO     mem_cmp 0x41FC0000 0x61FC0000 0x00010000 4
[2022-12-18 23:50:10] INFO     mem_cmp 0x427C0000 0x627C0000 0x00010000 4
[2022-12-18 23:50:42] INFO     mem_cmp 0x42FC0000 0x62FC0000 0x00010000 4
[2022-12-18 23:51:14] INFO     mem_cmp 0x437C0000 0x637C0000 0x00010000 4
[2022-12-18 23:51:46] INFO     mem_cmp 0x43FC0000 0x63FC0000 0x00010000 4
[2022-12-18 23:52:18] INFO     mem_cmp 0x447C0000 0x647C0000 0x00010000 4
[2022-12-18 23:52:50] INFO     mem_cmp 0x44FC0000 0x64FC0000 0x00010000 4
[2022-12-18 23:53:22] INFO     mem_cmp 0x457C0000 0x657C0000 0x00010000 4
[2022-12-18 23:54:05] ERROR    EXPECT:expect timeout (delay 15s)
[2022-12-18 23:54:21] ERROR    EXPECT:expect timeout (delay 15s)
[2022-12-18 23:54:37] ERROR    EXPECT:expect timeout (delay 15s)
[2022-12-18 23:54:53] ERROR    EXPECT:expect timeout (delay 15s)
[2022-12-18 23:55:09] ERROR    EXPECT:expect timeout (delay 15s)
[2022-12-18 23:55:25] ERROR    EXPECT:expect timeout (delay 15s)
[2022-12-18 23:55:25] INFO     mem_cmp 0x45FC0000 0x65FC0000 0x00010000 4
[2022-12-18 23:55:41] ERROR    EXPECT:expect timeout (delay 15s)
[2022-12-18 23:55:57] ERROR    EXPECT:expect timeout (delay 15s)
[2022-12-18 23:56:13] ERROR    EXPECT:expect timeout (delay 15s)
[2022-12-18 23:56:29] ERROR    EXPECT:expect timeout (delay 15s)
[2022-12-18 23:56:45] ERROR    EXPECT:expect timeout (delay 15s)
[2022-12-18 23:57:01] ERROR    EXPECT:expect timeout (delay 15s)
[2022-12-18 23:57:17] ERROR    EXPECT:expect timeout (delay 15s)
[2022-12-18 23:57:33] ERROR    EXPECT:expect timeout (delay 15s)
[2022-12-18 23:57:49] ERROR    EXPECT:expect timeout (delay 15s)
[2022-12-18 23:58:05] ERROR    EXPECT:expect timeout (delay 15s)
[2022-12-18 23:58:21] ERROR    EXPECT:expect timeout (delay 15s)
[2022-12-18 23:58:37] ERROR    EXPECT:expect timeout (delay 15s)
[2022-12-18 23:58:53] ERROR    EXPECT:expect timeout (delay 15s)
[2022-12-18 23:59:09] ERROR    EXPECT:expect timeout (delay 15s)
[2022-12-18 23:59:25] ERROR    EXPECT:expect timeout (delay 15s)
[2022-12-18 23:59:41] ERROR    EXPECT:expect timeout (delay 15s)
[2022-12-18 23:59:57] ERROR    EXPECT:expect timeout (delay 15s)
[2022-12-19 00:00:13] ERROR    EXPECT:expect timeout (delay 15s)
[2022-12-19 00:00:29] ERROR    EXPECT:expect timeout (delay 15s)
[2022-12-19 00:00:45] ERROR    EXPECT:expect timeout (delay 15s)
[2022-12-19 00:01:01] ERROR    EXPECT:expect timeout (delay 15s)
[2022-12-19 00:01:17] ERROR    EXPECT:expect timeout (delay 15s)
[2022-12-19 00:01:33] ERROR    EXPECT:expect timeout (delay 15s)
[2022-12-19 00:01:49] ERROR    EXPECT:expect timeout (delay 15s)
[2022-12-19 00:02:05] ERROR    EXPECT:expect timeout (delay 15s)
[2022-12-19 00:02:21] ERROR    EXPECT:expect timeout (delay 15s)
[2022-12-19 00:02:37] ERROR    EXPECT:expect timeout (delay 15s)
[2022-12-19 00:02:53] ERROR    EXPECT:expect timeout (delay 15s)
[2022-12-19 00:03:23] ERROR    EXPECT:expect timeout (delay 15s)
[2022-12-19 00:03:39] ERROR    EXPECT:expect timeout (delay 15s)
[2022-12-19 00:03:39] INFO     mem_cmp 0x467C0000 0x667C0000 0x00010000 4
[2022-12-19 00:03:55] ERROR    EXPECT:expect timeout (delay 15s)
[2022-12-19 00:04:11] ERROR    EXPECT:expect timeout (delay 15s)
[2022-12-19 00:04:27] ERROR    EXPECT:expect timeout (delay 15s)
[2022-12-19 00:04:43] ERROR    EXPECT:expect timeout (delay 15s)
[2022-12-19 00:04:59] ERROR    EXPECT:expect timeout (delay 15s)
[2022-12-19 00:05:15] ERROR    EXPECT:expect timeout (delay 15s)
[2022-12-19 00:05:31] ERROR    EXPECT:expect timeout (delay 15s)
[2022-12-19 00:05:47] ERROR    EXPECT:expect timeout (delay 15s)
[2022-12-19 00:06:03] ERROR    EXPECT:expect timeout (delay 15s)
[2022-12-19 00:06:19] ERROR    EXPECT:expect timeout (delay 15s)
[2022-12-19 00:06:35] ERROR    EXPECT:expect timeout (delay 15s)
[2022-12-19 00:06:51] ERROR    EXPECT:expect timeout (delay 15s)
[2022-12-19 00:07:07] ERROR    EXPECT:expect timeout (delay 15s)
[2022-12-19 00:07:23] ERROR    EXPECT:expect timeout (delay 15s)
[2022-12-19 00:07:39] ERROR    EXPECT:expect timeout (delay 15s)
[2022-12-19 00:07:55] ERROR    EXPECT:expect timeout (delay 15s)
[2022-12-19 00:08:11] ERROR    EXPECT:expect timeout (delay 15s)
[2022-12-19 00:08:27] ERROR    EXPECT:expect timeout (delay 15s)
[2022-12-19 00:08:43] ERROR    EXPECT:expect timeout (delay 15s)
[2022-12-19 00:08:59] ERROR    EXPECT:expect timeout (delay 15s)
[2022-12-19 00:09:15] ERROR    EXPECT:expect timeout (delay 15s)
[2022-12-19 00:09:31] ERROR    EXPECT:expect timeout (delay 15s)
[2022-12-19 00:09:47] ERROR    EXPECT:expect timeout (delay 15s)
[2022-12-19 00:10:03] ERROR    EXPECT:expect timeout (delay 15s)
[2022-12-19 00:10:19] ERROR    EXPECT:expect timeout (delay 15s)
[2022-12-19 00:10:35] ERROR    EXPECT:expect timeout (delay 15s)
[2022-12-19 00:10:51] ERROR    EXPECT:expect timeout (delay 15s)
[2022-12-19 00:11:07] ERROR    EXPECT:expect timeout (delay 15s)
[2022-12-19 00:11:23] ERROR    EXPECT:expect timeout (delay 15s)
[2022-12-19 00:11:39] ERROR    EXPECT:expect timeout (delay 15s)
[2022-12-19 00:11:55] ERROR    EXPECT:expect timeout (delay 15s)
[2022-12-19 00:12:11] ERROR    EXPECT:expect timeout (delay 15s)
[2022-12-19 00:12:11] INFO     mem_cmp 0x46FC0000 0x66FC0000 0x00010000 4
[2022-12-19 00:12:53] INFO     mem_cmp 0x477C0000 0x677C0000 0x00010000 4
[2022-12-19 00:13:25] INFO     mem_cmp 0x47FC0000 0x67FC0000 0x00010000 4
[2022-12-19 00:13:57] INFO     mem_cmp 0x487C0000 0x687C0000 0x00010000 4
[2022-12-19 00:14:29] INFO     mem_cmp 0x48FC0000 0x68FC0000 0x00010000 4
[2022-12-19 00:15:02] INFO     mem_cmp 0x497C0000 0x697C0000 0x00010000 4
[2022-12-19 00:15:34] INFO     mem_cmp 0x49FC0000 0x69FC0000 0x00010000 4
[2022-12-19 00:16:06] INFO     mem_cmp 0x4A7C0000 0x6A7C0000 0x00010000 4
[2022-12-19 00:16:38] INFO     mem_cmp 0x4AFC0000 0x6AFC0000 0x00010000 4
[2022-12-19 00:17:10] INFO     mem_cmp 0x4B7C0000 0x6B7C0000 0x00010000 4
[2022-12-19 00:17:42] INFO     mem_cmp 0x4BFC0000 0x6BFC0000 0x00010000 4
[2022-12-19 00:18:14] INFO     mem_cmp 0x4C7C0000 0x6C7C0000 0x00010000 4
[2022-12-19 00:18:46] INFO     mem_cmp 0x4CFC0000 0x6CFC0000 0x00010000 4
[2022-12-19 00:19:18] INFO     mem_cmp 0x4D7C0000 0x6D7C0000 0x00010000 4
[2022-12-19 00:19:50] INFO     mem_cmp 0x4DFC0000 0x6DFC0000 0x00010000 4
[2022-12-19 00:20:22] INFO     mem_cmp 0x4E7C0000 0x6E7C0000 0x00010000 4
[2022-12-19 00:20:54] INFO     mem_cmp 0x4EFC0000 0x6EFC0000 0x00010000 4
[2022-12-19 00:21:26] INFO     mem_cmp 0x4F7C0000 0x6F7C0000 0x00010000 4
[2022-12-19 00:21:59] INFO     mem_cmp 0x4FFC0000 0x6FFC0000 0x00010000 4
[2022-12-19 00:22:31] INFO     mem_cmp 0x507C0000 0x707C0000 0x00010000 4
[2022-12-19 00:23:03] INFO     mem_cmp 0x50FC0000 0x70FC0000 0x00010000 4
[2022-12-19 00:23:35] INFO     mem_cmp 0x517C0000 0x717C0000 0x00010000 4
[2022-12-19 00:24:07] INFO     mem_cmp 0x51FC0000 0x71FC0000 0x00010000 4
[2022-12-19 00:24:39] INFO     mem_cmp 0x527C0000 0x727C0000 0x00010000 4
[2022-12-19 00:25:11] INFO     mem_cmp 0x52FC0000 0x72FC0000 0x00010000 4
[2022-12-19 00:25:43] INFO     mem_cmp 0x537C0000 0x737C0000 0x00010000 4
[2022-12-19 00:26:15] INFO     mem_cmp 0x53FC0000 0x73FC0000 0x00010000 4
[2022-12-19 00:26:47] INFO     mem_cmp 0x547C0000 0x747C0000 0x00010000 4
[2022-12-19 00:27:19] INFO     mem_cmp 0x54FC0000 0x74FC0000 0x00010000 4
[2022-12-19 00:27:51] INFO     mem_cmp 0x557C0000 0x757C0000 0x00010000 4
[2022-12-19 00:28:23] INFO     mem_cmp 0x55FC0000 0x75FC0000 0x00010000 4
[2022-12-19 00:28:55] INFO     mem_cmp 0x567C0000 0x767C0000 0x00010000 4
[2022-12-19 00:29:27] INFO     mem_cmp 0x56FC0000 0x76FC0000 0x00010000 4
[2022-12-19 00:30:00] INFO     mem_cmp 0x577C0000 0x777C0000 0x00010000 4
[2022-12-19 00:30:32] INFO     mem_cmp 0x57FC0000 0x77FC0000 0x00010000 4
[2022-12-19 00:31:04] INFO     mem_cmp 0x587C0000 0x787C0000 0x00010000 4
[2022-12-19 00:31:36] INFO     mem_cmp 0x58FC0000 0x78FC0000 0x00010000 4
[2022-12-19 00:32:08] INFO     mem_cmp 0x597C0000 0x797C0000 0x00010000 4
[2022-12-19 00:32:40] INFO     mem_cmp 0x59FC0000 0x79FC0000 0x00010000 4
[2022-12-19 00:33:12] INFO     mem_cmp 0x5A7C0000 0x7A7C0000 0x00010000 4
[2022-12-19 00:33:44] INFO     mem_cmp 0x5AFC0000 0x7AFC0000 0x00010000 4
[2022-12-19 00:34:16] INFO     mem_cmp 0x5B7C0000 0x7B7C0000 0x00010000 4
[2022-12-19 00:34:48] INFO     mem_cmp 0x5BFC0000 0x7BFC0000 0x00010000 4
[2022-12-19 00:35:20] INFO     mem_cmp 0x5C7C0000 0x7C7C0000 0x00010000 4
[2022-12-19 00:35:52] INFO     mem_cmp 0x5CFC0000 0x7CFC0000 0x00010000 4
[2022-12-19 00:36:25] INFO     mem_cmp 0x5D7C0000 0x7D7C0000 0x00010000 4
[2022-12-19 00:36:57] INFO     mem_cmp 0x5DFC0000 0x7DFC0000 0x00010000 4
[2022-12-19 00:37:29] INFO     mem_cmp 0x5E7C0000 0x7E7C0000 0x00010000 4
[2022-12-19 00:38:01] INFO     mem_cmp 0x5EFC0000 0x7EFC0000 0x00010000 4
[2022-12-19 00:38:33] INFO     mem_cmp 0x5F7C0000 0x7F7C0000 0x00010000 4
[2022-12-19 00:39:05] INFO     mem_cmp 0x5FFC0000 0x7FFC0000 0x00010000 4
[2022-12-19 00:39:06] INFO     STATE:Mem Compare State
[2022-12-19 00:39:37] INFO     mem_cmp 0x407C0000 0x607C0000 0x00010000 4
[2022-12-19 00:40:09] INFO     mem_cmp 0x40FC0000 0x60FC0000 0x00010000 4
[2022-12-19 00:40:41] INFO     mem_cmp 0x417C0000 0x617C0000 0x00010000 4
[2022-12-19 00:41:14] INFO     mem_cmp 0x41FC0000 0x61FC0000 0x00010000 4
[2022-12-19 00:41:46] INFO     mem_cmp 0x427C0000 0x627C0000 0x00010000 4
[2022-12-19 00:42:18] INFO     mem_cmp 0x42FC0000 0x62FC0000 0x00010000 4
[2022-12-19 00:42:50] INFO     mem_cmp 0x437C0000 0x637C0000 0x00010000 4
[2022-12-19 00:43:22] INFO     mem_cmp 0x43FC0000 0x63FC0000 0x00010000 4
[2022-12-19 00:43:54] INFO     mem_cmp 0x447C0000 0x647C0000 0x00010000 4
[2022-12-19 00:44:26] INFO     mem_cmp 0x44FC0000 0x64FC0000 0x00010000 4
[2022-12-19 00:44:58] INFO     mem_cmp 0x457C0000 0x657C0000 0x00010000 4
[2022-12-19 00:45:40] ERROR    EXPECT:expect timeout (delay 15s)
[2022-12-19 00:45:56] ERROR    EXPECT:expect timeout (delay 15s)
[2022-12-19 00:46:12] ERROR    EXPECT:expect timeout (delay 15s)
[2022-12-19 00:46:28] ERROR    EXPECT:expect timeout (delay 15s)
[2022-12-19 00:46:44] ERROR    EXPECT:expect timeout (delay 15s)
[2022-12-19 00:47:00] ERROR    EXPECT:expect timeout (delay 15s)
[2022-12-19 00:47:00] INFO     mem_cmp 0x45FC0000 0x65FC0000 0x00010000 4
[2022-12-19 00:47:16] ERROR    EXPECT:expect timeout (delay 15s)
[2022-12-19 00:47:32] ERROR    EXPECT:expect timeout (delay 15s)
[2022-12-19 00:47:48] ERROR    EXPECT:expect timeout (delay 15s)
[2022-12-19 00:48:04] ERROR    EXPECT:expect timeout (delay 15s)
[2022-12-19 00:48:20] ERROR    EXPECT:expect timeout (delay 15s)
[2022-12-19 00:48:36] ERROR    EXPECT:expect timeout (delay 15s)
[2022-12-19 00:48:52] ERROR    EXPECT:expect timeout (delay 15s)
[2022-12-19 00:49:08] ERROR    EXPECT:expect timeout (delay 15s)
[2022-12-19 00:49:24] ERROR    EXPECT:expect timeout (delay 15s)
[2022-12-19 00:49:40] ERROR    EXPECT:expect timeout (delay 15s)
[2022-12-19 00:49:56] ERROR    EXPECT:expect timeout (delay 15s)
[2022-12-19 00:50:12] ERROR    EXPECT:expect timeout (delay 15s)
[2022-12-19 00:50:28] ERROR    EXPECT:expect timeout (delay 15s)
[2022-12-19 00:50:44] ERROR    EXPECT:expect timeout (delay 15s)
[2022-12-19 00:51:00] ERROR    EXPECT:expect timeout (delay 15s)
[2022-12-19 00:51:16] ERROR    EXPECT:expect timeout (delay 15s)
[2022-12-19 00:51:32] ERROR    EXPECT:expect timeout (delay 15s)
[2022-12-19 00:51:48] ERROR    EXPECT:expect timeout (delay 15s)
[2022-12-19 00:52:04] ERROR    EXPECT:expect timeout (delay 15s)
[2022-12-19 00:52:20] ERROR    EXPECT:expect timeout (delay 15s)
[2022-12-19 00:52:36] ERROR    EXPECT:expect timeout (delay 15s)
[2022-12-19 00:52:52] ERROR    EXPECT:expect timeout (delay 15s)
[2022-12-19 00:53:08] ERROR    EXPECT:expect timeout (delay 15s)
[2022-12-19 00:53:24] ERROR    EXPECT:expect timeout (delay 15s)
[2022-12-19 00:53:40] ERROR    EXPECT:expect timeout (delay 15s)
[2022-12-19 00:53:56] ERROR    EXPECT:expect timeout (delay 15s)
[2022-12-19 00:54:12] ERROR    EXPECT:expect timeout (delay 15s)
[2022-12-19 00:54:28] ERROR    EXPECT:expect timeout (delay 15s)
[2022-12-19 00:54:51] ERROR    EXPECT:expect timeout (delay 15s)
[2022-12-19 00:55:07] ERROR    EXPECT:expect timeout (delay 15s)
[2022-12-19 00:55:07] INFO     mem_cmp 0x467C0000 0x667C0000 0x00010000 4
[2022-12-19 00:55:23] ERROR    EXPECT:expect timeout (delay 15s)
[2022-12-19 00:55:39] ERROR    EXPECT:expect timeout (delay 15s)
[2022-12-19 00:55:55] ERROR    EXPECT:expect timeout (delay 15s)
[2022-12-19 00:56:11] ERROR    EXPECT:expect timeout (delay 15s)
[2022-12-19 00:56:27] ERROR    EXPECT:expect timeout (delay 15s)
[2022-12-19 00:56:43] ERROR    EXPECT:expect timeout (delay 15s)
[2022-12-19 00:56:59] ERROR    EXPECT:expect timeout (delay 15s)
[2022-12-19 00:57:15] ERROR    EXPECT:expect timeout (delay 15s)
[2022-12-19 00:57:31] ERROR    EXPECT:expect timeout (delay 15s)
[2022-12-19 00:57:47] ERROR    EXPECT:expect timeout (delay 15s)
[2022-12-19 00:58:03] ERROR    EXPECT:expect timeout (delay 15s)
[2022-12-19 00:58:19] ERROR    EXPECT:expect timeout (delay 15s)
[2022-12-19 00:58:35] ERROR    EXPECT:expect timeout (delay 15s)
[2022-12-19 00:58:51] ERROR    EXPECT:expect timeout (delay 15s)
[2022-12-19 00:59:07] ERROR    EXPECT:expect timeout (delay 15s)
[2022-12-19 00:59:23] ERROR    EXPECT:expect timeout (delay 15s)
[2022-12-19 00:59:39] ERROR    EXPECT:expect timeout (delay 15s)
[2022-12-19 00:59:55] ERROR    EXPECT:expect timeout (delay 15s)
[2022-12-19 01:00:11] ERROR    EXPECT:expect timeout (delay 15s)
[2022-12-19 01:00:27] ERROR    EXPECT:expect timeout (delay 15s)
[2022-12-19 01:00:43] ERROR    EXPECT:expect timeout (delay 15s)
[2022-12-19 01:00:59] ERROR    EXPECT:expect timeout (delay 15s)
[2022-12-19 01:01:15] ERROR    EXPECT:expect timeout (delay 15s)
[2022-12-19 01:01:31] ERROR    EXPECT:expect timeout (delay 15s)
[2022-12-19 01:01:47] ERROR    EXPECT:expect timeout (delay 15s)
[2022-12-19 01:02:03] ERROR    EXPECT:expect timeout (delay 15s)
[2022-12-19 01:02:19] ERROR    EXPECT:expect timeout (delay 15s)
[2022-12-19 01:02:35] ERROR    EXPECT:expect timeout (delay 15s)
[2022-12-19 01:02:51] ERROR    EXPECT:expect timeout (delay 15s)
[2022-12-19 01:03:07] ERROR    EXPECT:expect timeout (delay 15s)
[2022-12-19 01:03:23] ERROR    EXPECT:expect timeout (delay 15s)
[2022-12-19 01:03:39] ERROR    EXPECT:expect timeout (delay 15s)
[2022-12-19 01:03:39] INFO     mem_cmp 0x46FC0000 0x66FC0000 0x00010000 4
[2022-12-19 01:04:16] INFO     mem_cmp 0x477C0000 0x677C0000 0x00010000 4
[2022-12-19 01:04:48] INFO     mem_cmp 0x47FC0000 0x67FC0000 0x00010000 4
[2022-12-19 01:05:20] INFO     mem_cmp 0x487C0000 0x687C0000 0x00010000 4
[2022-12-19 01:05:52] INFO     mem_cmp 0x48FC0000 0x68FC0000 0x00010000 4
[2022-12-19 01:06:24] INFO     mem_cmp 0x497C0000 0x697C0000 0x00010000 4
[2022-12-19 01:06:56] INFO     mem_cmp 0x49FC0000 0x69FC0000 0x00010000 4
[2022-12-19 01:07:28] INFO     mem_cmp 0x4A7C0000 0x6A7C0000 0x00010000 4
[2022-12-19 01:08:01] INFO     mem_cmp 0x4AFC0000 0x6AFC0000 0x00010000 4
[2022-12-19 01:08:33] INFO     mem_cmp 0x4B7C0000 0x6B7C0000 0x00010000 4
[2022-12-19 01:09:05] INFO     mem_cmp 0x4BFC0000 0x6BFC0000 0x00010000 4
[2022-12-19 01:09:37] INFO     mem_cmp 0x4C7C0000 0x6C7C0000 0x00010000 4
[2022-12-19 01:10:09] INFO     mem_cmp 0x4CFC0000 0x6CFC0000 0x00010000 4
[2022-12-19 01:10:41] INFO     mem_cmp 0x4D7C0000 0x6D7C0000 0x00010000 4
[2022-12-19 01:11:13] INFO     mem_cmp 0x4DFC0000 0x6DFC0000 0x00010000 4
[2022-12-19 01:11:45] INFO     mem_cmp 0x4E7C0000 0x6E7C0000 0x00010000 4
[2022-12-19 01:12:17] INFO     mem_cmp 0x4EFC0000 0x6EFC0000 0x00010000 4
[2022-12-19 01:12:49] INFO     mem_cmp 0x4F7C0000 0x6F7C0000 0x00010000 4
[2022-12-19 01:13:22] INFO     mem_cmp 0x4FFC0000 0x6FFC0000 0x00010000 4
[2022-12-19 01:13:54] INFO     mem_cmp 0x507C0000 0x707C0000 0x00010000 4
[2022-12-19 01:14:26] INFO     mem_cmp 0x50FC0000 0x70FC0000 0x00010000 4
[2022-12-19 01:14:58] INFO     mem_cmp 0x517C0000 0x717C0000 0x00010000 4
[2022-12-19 01:15:30] INFO     mem_cmp 0x51FC0000 0x71FC0000 0x00010000 4
[2022-12-19 01:16:02] INFO     mem_cmp 0x527C0000 0x727C0000 0x00010000 4
[2022-12-19 01:16:34] INFO     mem_cmp 0x52FC0000 0x72FC0000 0x00010000 4
[2022-12-19 01:17:06] INFO     mem_cmp 0x537C0000 0x737C0000 0x00010000 4
[2022-12-19 01:17:38] INFO     mem_cmp 0x53FC0000 0x73FC0000 0x00010000 4
[2022-12-19 01:18:11] INFO     mem_cmp 0x547C0000 0x747C0000 0x00010000 4
[2022-12-19 01:18:43] INFO     mem_cmp 0x54FC0000 0x74FC0000 0x00010000 4
[2022-12-19 01:19:15] INFO     mem_cmp 0x557C0000 0x757C0000 0x00010000 4
[2022-12-19 01:19:47] INFO     mem_cmp 0x55FC0000 0x75FC0000 0x00010000 4
[2022-12-19 01:20:19] INFO     mem_cmp 0x567C0000 0x767C0000 0x00010000 4
[2022-12-19 01:20:51] INFO     mem_cmp 0x56FC0000 0x76FC0000 0x00010000 4
[2022-12-19 01:21:23] INFO     mem_cmp 0x577C0000 0x777C0000 0x00010000 4
[2022-12-19 01:21:55] INFO     mem_cmp 0x57FC0000 0x77FC0000 0x00010000 4
[2022-12-19 01:22:27] INFO     mem_cmp 0x587C0000 0x787C0000 0x00010000 4
[2022-12-19 01:22:59] INFO     mem_cmp 0x58FC0000 0x78FC0000 0x00010000 4
[2022-12-19 01:23:32] INFO     mem_cmp 0x597C0000 0x797C0000 0x00010000 4
[2022-12-19 01:24:04] INFO     mem_cmp 0x59FC0000 0x79FC0000 0x00010000 4
[2022-12-19 01:24:36] INFO     mem_cmp 0x5A7C0000 0x7A7C0000 0x00010000 4
[2022-12-19 01:25:08] INFO     mem_cmp 0x5AFC0000 0x7AFC0000 0x00010000 4
[2022-12-19 01:25:40] INFO     mem_cmp 0x5B7C0000 0x7B7C0000 0x00010000 4
[2022-12-19 01:26:12] INFO     mem_cmp 0x5BFC0000 0x7BFC0000 0x00010000 4
[2022-12-19 01:26:44] INFO     mem_cmp 0x5C7C0000 0x7C7C0000 0x00010000 4
[2022-12-19 01:27:16] INFO     mem_cmp 0x5CFC0000 0x7CFC0000 0x00010000 4
[2022-12-19 01:27:49] INFO     mem_cmp 0x5D7C0000 0x7D7C0000 0x00010000 4
[2022-12-19 01:28:21] INFO     mem_cmp 0x5DFC0000 0x7DFC0000 0x00010000 4
[2022-12-19 01:28:53] INFO     mem_cmp 0x5E7C0000 0x7E7C0000 0x00010000 4
[2022-12-19 01:29:25] INFO     mem_cmp 0x5EFC0000 0x7EFC0000 0x00010000 4
[2022-12-19 01:29:57] INFO     mem_cmp 0x5F7C0000 0x7F7C0000 0x00010000 4
[2022-12-19 01:30:29] INFO     mem_cmp 0x5FFC0000 0x7FFC0000 0x00010000 4
[2022-12-19 01:30:30] INFO     STATE:Mem Compare State
[2022-12-19 01:31:01] INFO     mem_cmp 0x407C0000 0x607C0000 0x00010000 4
[2022-12-19 01:31:33] INFO     mem_cmp 0x40FC0000 0x60FC0000 0x00010000 4
[2022-12-19 01:32:05] INFO     mem_cmp 0x417C0000 0x617C0000 0x00010000 4
[2022-12-19 01:32:37] INFO     mem_cmp 0x41FC0000 0x61FC0000 0x00010000 4
[2022-12-19 01:33:09] INFO     mem_cmp 0x427C0000 0x627C0000 0x00010000 4
[2022-12-19 01:33:42] INFO     mem_cmp 0x42FC0000 0x62FC0000 0x00010000 4
[2022-12-19 01:34:14] INFO     mem_cmp 0x437C0000 0x637C0000 0x00010000 4
[2022-12-19 01:34:46] INFO     mem_cmp 0x43FC0000 0x63FC0000 0x00010000 4
[2022-12-19 01:35:18] INFO     mem_cmp 0x447C0000 0x647C0000 0x00010000 4
[2022-12-19 01:35:50] INFO     mem_cmp 0x44FC0000 0x64FC0000 0x00010000 4
[2022-12-19 01:36:22] INFO     mem_cmp 0x457C0000 0x657C0000 0x00010000 4
[2022-12-19 01:37:04] ERROR    EXPECT:expect timeout (delay 15s)
[2022-12-19 01:37:20] ERROR    EXPECT:expect timeout (delay 15s)
[2022-12-19 01:37:36] ERROR    EXPECT:expect timeout (delay 15s)
[2022-12-19 01:37:52] ERROR    EXPECT:expect timeout (delay 15s)
[2022-12-19 01:38:08] ERROR    EXPECT:expect timeout (delay 15s)
[2022-12-19 01:38:24] ERROR    EXPECT:expect timeout (delay 15s)
[2022-12-19 01:38:24] INFO     mem_cmp 0x45FC0000 0x65FC0000 0x00010000 4
[2022-12-19 01:38:40] ERROR    EXPECT:expect timeout (delay 15s)
[2022-12-19 01:38:56] ERROR    EXPECT:expect timeout (delay 15s)
[2022-12-19 01:39:12] ERROR    EXPECT:expect timeout (delay 15s)
[2022-12-19 01:39:28] ERROR    EXPECT:expect timeout (delay 15s)
[2022-12-19 01:39:44] ERROR    EXPECT:expect timeout (delay 15s)
[2022-12-19 01:40:00] ERROR    EXPECT:expect timeout (delay 15s)
[2022-12-19 01:40:16] ERROR    EXPECT:expect timeout (delay 15s)
[2022-12-19 01:40:32] ERROR    EXPECT:expect timeout (delay 15s)
[2022-12-19 01:40:48] ERROR    EXPECT:expect timeout (delay 15s)
[2022-12-19 01:41:04] ERROR    EXPECT:expect timeout (delay 15s)
[2022-12-19 01:41:20] ERROR    EXPECT:expect timeout (delay 15s)
[2022-12-19 01:41:36] ERROR    EXPECT:expect timeout (delay 15s)
[2022-12-19 01:41:52] ERROR    EXPECT:expect timeout (delay 15s)
[2022-12-19 01:42:08] ERROR    EXPECT:expect timeout (delay 15s)
[2022-12-19 01:42:24] ERROR    EXPECT:expect timeout (delay 15s)
[2022-12-19 01:42:40] ERROR    EXPECT:expect timeout (delay 15s)
[2022-12-19 01:42:56] ERROR    EXPECT:expect timeout (delay 15s)
[2022-12-19 01:43:12] ERROR    EXPECT:expect timeout (delay 15s)
[2022-12-19 01:43:28] ERROR    EXPECT:expect timeout (delay 15s)
[2022-12-19 01:43:44] ERROR    EXPECT:expect timeout (delay 15s)
[2022-12-19 01:44:00] ERROR    EXPECT:expect timeout (delay 15s)
[2022-12-19 01:44:16] ERROR    EXPECT:expect timeout (delay 15s)
[2022-12-19 01:44:32] ERROR    EXPECT:expect timeout (delay 15s)
[2022-12-19 01:44:48] ERROR    EXPECT:expect timeout (delay 15s)
[2022-12-19 01:45:04] ERROR    EXPECT:expect timeout (delay 15s)
[2022-12-19 01:45:20] ERROR    EXPECT:expect timeout (delay 15s)
[2022-12-19 01:45:36] ERROR    EXPECT:expect timeout (delay 15s)
[2022-12-19 01:45:52] ERROR    EXPECT:expect timeout (delay 15s)
[2022-12-19 01:46:15] ERROR    EXPECT:expect timeout (delay 15s)
[2022-12-19 01:46:31] ERROR    EXPECT:expect timeout (delay 15s)
[2022-12-19 01:46:31] INFO     mem_cmp 0x467C0000 0x667C0000 0x00010000 4
[2022-12-19 01:46:47] ERROR    EXPECT:expect timeout (delay 15s)
[2022-12-19 01:47:03] ERROR    EXPECT:expect timeout (delay 15s)
[2022-12-19 01:47:19] ERROR    EXPECT:expect timeout (delay 15s)
[2022-12-19 01:47:35] ERROR    EXPECT:expect timeout (delay 15s)
[2022-12-19 01:47:51] ERROR    EXPECT:expect timeout (delay 15s)
[2022-12-19 01:48:07] ERROR    EXPECT:expect timeout (delay 15s)
[2022-12-19 01:48:23] ERROR    EXPECT:expect timeout (delay 15s)
[2022-12-19 01:48:39] ERROR    EXPECT:expect timeout (delay 15s)
[2022-12-19 01:48:55] ERROR    EXPECT:expect timeout (delay 15s)
[2022-12-19 01:49:11] ERROR    EXPECT:expect timeout (delay 15s)
[2022-12-19 01:49:27] ERROR    EXPECT:expect timeout (delay 15s)
[2022-12-19 01:49:43] ERROR    EXPECT:expect timeout (delay 15s)
[2022-12-19 01:49:59] ERROR    EXPECT:expect timeout (delay 15s)
[2022-12-19 01:50:15] ERROR    EXPECT:expect timeout (delay 15s)
[2022-12-19 01:50:31] ERROR    EXPECT:expect timeout (delay 15s)
[2022-12-19 01:50:47] ERROR    EXPECT:expect timeout (delay 15s)
[2022-12-19 01:51:03] ERROR    EXPECT:expect timeout (delay 15s)
[2022-12-19 01:51:19] ERROR    EXPECT:expect timeout (delay 15s)
[2022-12-19 01:51:35] ERROR    EXPECT:expect timeout (delay 15s)
[2022-12-19 01:51:51] ERROR    EXPECT:expect timeout (delay 15s)
[2022-12-19 01:52:07] ERROR    EXPECT:expect timeout (delay 15s)
[2022-12-19 01:52:23] ERROR    EXPECT:expect timeout (delay 15s)
[2022-12-19 01:52:39] ERROR    EXPECT:expect timeout (delay 15s)
[2022-12-19 01:52:55] ERROR    EXPECT:expect timeout (delay 15s)
[2022-12-19 01:53:11] ERROR    EXPECT:expect timeout (delay 15s)
[2022-12-19 01:53:27] ERROR    EXPECT:expect timeout (delay 15s)
[2022-12-19 01:53:43] ERROR    EXPECT:expect timeout (delay 15s)
[2022-12-19 01:53:59] ERROR    EXPECT:expect timeout (delay 15s)
[2022-12-19 01:54:15] ERROR    EXPECT:expect timeout (delay 15s)
[2022-12-19 01:54:31] ERROR    EXPECT:expect timeout (delay 15s)
[2022-12-19 01:54:47] ERROR    EXPECT:expect timeout (delay 15s)
[2022-12-19 01:55:03] ERROR    EXPECT:expect timeout (delay 15s)
[2022-12-19 01:55:03] INFO     mem_cmp 0x46FC0000 0x66FC0000 0x00010000 4
[2022-12-19 01:55:39] INFO     mem_cmp 0x477C0000 0x677C0000 0x00010000 4
[2022-12-19 01:56:11] INFO     mem_cmp 0x47FC0000 0x67FC0000 0x00010000 4
[2022-12-19 01:56:43] INFO     mem_cmp 0x487C0000 0x687C0000 0x00010000 4
[2022-12-19 01:57:15] INFO     mem_cmp 0x48FC0000 0x68FC0000 0x00010000 4
[2022-12-19 01:57:47] INFO     mem_cmp 0x497C0000 0x697C0000 0x00010000 4
[2022-12-19 01:58:20] INFO     mem_cmp 0x49FC0000 0x69FC0000 0x00010000 4
[2022-12-19 01:58:52] INFO     mem_cmp 0x4A7C0000 0x6A7C0000 0x00010000 4
[2022-12-19 01:59:24] INFO     mem_cmp 0x4AFC0000 0x6AFC0000 0x00010000 4
[2022-12-19 01:59:56] INFO     mem_cmp 0x4B7C0000 0x6B7C0000 0x00010000 4
[2022-12-19 02:00:28] INFO     mem_cmp 0x4BFC0000 0x6BFC0000 0x00010000 4
[2022-12-19 02:01:00] INFO     mem_cmp 0x4C7C0000 0x6C7C0000 0x00010000 4
[2022-12-19 02:01:32] INFO     mem_cmp 0x4CFC0000 0x6CFC0000 0x00010000 4
[2022-12-19 02:02:04] INFO     mem_cmp 0x4D7C0000 0x6D7C0000 0x00010000 4
[2022-12-19 02:02:36] INFO     mem_cmp 0x4DFC0000 0x6DFC0000 0x00010000 4
[2022-12-19 02:03:09] INFO     mem_cmp 0x4E7C0000 0x6E7C0000 0x00010000 4
[2022-12-19 02:03:41] INFO     mem_cmp 0x4EFC0000 0x6EFC0000 0x00010000 4
[2022-12-19 02:04:13] INFO     mem_cmp 0x4F7C0000 0x6F7C0000 0x00010000 4
[2022-12-19 02:04:45] INFO     mem_cmp 0x4FFC0000 0x6FFC0000 0x00010000 4
[2022-12-19 02:05:17] INFO     mem_cmp 0x507C0000 0x707C0000 0x00010000 4
[2022-12-19 02:05:49] INFO     mem_cmp 0x50FC0000 0x70FC0000 0x00010000 4
[2022-12-19 02:06:21] INFO     mem_cmp 0x517C0000 0x717C0000 0x00010000 4
[2022-12-19 02:06:53] INFO     mem_cmp 0x51FC0000 0x71FC0000 0x00010000 4
[2022-12-19 02:07:25] INFO     mem_cmp 0x527C0000 0x727C0000 0x00010000 4
[2022-12-19 02:07:57] INFO     mem_cmp 0x52FC0000 0x72FC0000 0x00010000 4
[2022-12-19 02:08:30] INFO     mem_cmp 0x537C0000 0x737C0000 0x00010000 4
[2022-12-19 02:09:02] INFO     mem_cmp 0x53FC0000 0x73FC0000 0x00010000 4
[2022-12-19 02:09:34] INFO     mem_cmp 0x547C0000 0x747C0000 0x00010000 4
[2022-12-19 02:10:06] INFO     mem_cmp 0x54FC0000 0x74FC0000 0x00010000 4
[2022-12-19 02:10:38] INFO     mem_cmp 0x557C0000 0x757C0000 0x00010000 4
[2022-12-19 02:11:10] INFO     mem_cmp 0x55FC0000 0x75FC0000 0x00010000 4
[2022-12-19 02:11:42] INFO     mem_cmp 0x567C0000 0x767C0000 0x00010000 4
[2022-12-19 02:12:14] INFO     mem_cmp 0x56FC0000 0x76FC0000 0x00010000 4
[2022-12-19 02:12:46] INFO     mem_cmp 0x577C0000 0x777C0000 0x00010000 4
[2022-12-19 02:13:18] INFO     mem_cmp 0x57FC0000 0x77FC0000 0x00010000 4
[2022-12-19 02:13:51] INFO     mem_cmp 0x587C0000 0x787C0000 0x00010000 4
[2022-12-19 02:14:23] INFO     mem_cmp 0x58FC0000 0x78FC0000 0x00010000 4
[2022-12-19 02:14:55] INFO     mem_cmp 0x597C0000 0x797C0000 0x00010000 4
[2022-12-19 02:15:27] INFO     mem_cmp 0x59FC0000 0x79FC0000 0x00010000 4
[2022-12-19 02:15:59] INFO     mem_cmp 0x5A7C0000 0x7A7C0000 0x00010000 4
[2022-12-19 02:16:31] INFO     mem_cmp 0x5AFC0000 0x7AFC0000 0x00010000 4
[2022-12-19 02:17:03] INFO     mem_cmp 0x5B7C0000 0x7B7C0000 0x00010000 4
[2022-12-19 02:17:35] INFO     mem_cmp 0x5BFC0000 0x7BFC0000 0x00010000 4
[2022-12-19 02:18:07] INFO     mem_cmp 0x5C7C0000 0x7C7C0000 0x00010000 4
[2022-12-19 02:18:40] INFO     mem_cmp 0x5CFC0000 0x7CFC0000 0x00010000 4
[2022-12-19 02:19:12] INFO     mem_cmp 0x5D7C0000 0x7D7C0000 0x00010000 4
[2022-12-19 02:19:44] INFO     mem_cmp 0x5DFC0000 0x7DFC0000 0x00010000 4
[2022-12-19 02:20:16] INFO     mem_cmp 0x5E7C0000 0x7E7C0000 0x00010000 4
[2022-12-19 02:20:48] INFO     mem_cmp 0x5EFC0000 0x7EFC0000 0x00010000 4
[2022-12-19 02:21:20] INFO     mem_cmp 0x5F7C0000 0x7F7C0000 0x00010000 4
[2022-12-19 02:21:52] INFO     mem_cmp 0x5FFC0000 0x7FFC0000 0x00010000 4
[2022-12-19 02:21:53] INFO     STATE:Mem Compare State
[2022-12-19 02:22:24] INFO     mem_cmp 0x407C0000 0x607C0000 0x00010000 4
[2022-12-19 02:22:56] INFO     mem_cmp 0x40FC0000 0x60FC0000 0x00010000 4
[2022-12-19 02:23:28] INFO     mem_cmp 0x417C0000 0x617C0000 0x00010000 4
[2022-12-19 02:24:00] INFO     mem_cmp 0x41FC0000 0x61FC0000 0x00010000 4
[2022-12-19 02:24:33] INFO     mem_cmp 0x427C0000 0x627C0000 0x00010000 4
[2022-12-19 02:25:05] INFO     mem_cmp 0x42FC0000 0x62FC0000 0x00010000 4
[2022-12-19 02:25:37] INFO     mem_cmp 0x437C0000 0x637C0000 0x00010000 4
[2022-12-19 02:26:09] INFO     mem_cmp 0x43FC0000 0x63FC0000 0x00010000 4
[2022-12-19 02:26:41] INFO     mem_cmp 0x447C0000 0x647C0000 0x00010000 4
[2022-12-19 02:27:13] INFO     mem_cmp 0x44FC0000 0x64FC0000 0x00010000 4
[2022-12-19 02:27:45] INFO     mem_cmp 0x457C0000 0x657C0000 0x00010000 4
[2022-12-19 02:28:27] ERROR    EXPECT:expect timeout (delay 15s)
[2022-12-19 02:28:43] ERROR    EXPECT:expect timeout (delay 15s)
[2022-12-19 02:28:59] ERROR    EXPECT:expect timeout (delay 15s)
[2022-12-19 02:29:15] ERROR    EXPECT:expect timeout (delay 15s)
[2022-12-19 02:29:31] ERROR    EXPECT:expect timeout (delay 15s)
[2022-12-19 02:29:47] ERROR    EXPECT:expect timeout (delay 15s)
[2022-12-19 02:29:47] INFO     mem_cmp 0x45FC0000 0x65FC0000 0x00010000 4
[2022-12-19 02:30:03] ERROR    EXPECT:expect timeout (delay 15s)
[2022-12-19 02:30:19] ERROR    EXPECT:expect timeout (delay 15s)
[2022-12-19 02:30:35] ERROR    EXPECT:expect timeout (delay 15s)
[2022-12-19 02:30:51] ERROR    EXPECT:expect timeout (delay 15s)
[2022-12-19 02:31:07] ERROR    EXPECT:expect timeout (delay 15s)
[2022-12-19 02:31:23] ERROR    EXPECT:expect timeout (delay 15s)
[2022-12-19 02:31:39] ERROR    EXPECT:expect timeout (delay 15s)
[2022-12-19 02:31:55] ERROR    EXPECT:expect timeout (delay 15s)
[2022-12-19 02:32:11] ERROR    EXPECT:expect timeout (delay 15s)
[2022-12-19 02:32:27] ERROR    EXPECT:expect timeout (delay 15s)
[2022-12-19 02:32:43] ERROR    EXPECT:expect timeout (delay 15s)
[2022-12-19 02:32:59] ERROR    EXPECT:expect timeout (delay 15s)
[2022-12-19 02:33:15] ERROR    EXPECT:expect timeout (delay 15s)
[2022-12-19 02:33:31] ERROR    EXPECT:expect timeout (delay 15s)
[2022-12-19 02:33:47] ERROR    EXPECT:expect timeout (delay 15s)
[2022-12-19 02:34:03] ERROR    EXPECT:expect timeout (delay 15s)
[2022-12-19 02:34:19] ERROR    EXPECT:expect timeout (delay 15s)
[2022-12-19 02:34:35] ERROR    EXPECT:expect timeout (delay 15s)
[2022-12-19 02:34:51] ERROR    EXPECT:expect timeout (delay 15s)
[2022-12-19 02:35:07] ERROR    EXPECT:expect timeout (delay 15s)
[2022-12-19 02:35:23] ERROR    EXPECT:expect timeout (delay 15s)
[2022-12-19 02:35:39] ERROR    EXPECT:expect timeout (delay 15s)
[2022-12-19 02:35:55] ERROR    EXPECT:expect timeout (delay 15s)
[2022-12-19 02:36:11] ERROR    EXPECT:expect timeout (delay 15s)
[2022-12-19 02:36:27] ERROR    EXPECT:expect timeout (delay 15s)
[2022-12-19 02:36:43] ERROR    EXPECT:expect timeout (delay 15s)
[2022-12-19 02:36:59] ERROR    EXPECT:expect timeout (delay 15s)
[2022-12-19 02:37:15] ERROR    EXPECT:expect timeout (delay 15s)
[2022-12-19 02:37:44] ERROR    EXPECT:expect timeout (delay 15s)
[2022-12-19 02:38:00] ERROR    EXPECT:expect timeout (delay 15s)
[2022-12-19 02:38:00] INFO     mem_cmp 0x467C0000 0x667C0000 0x00010000 4
[2022-12-19 02:38:16] ERROR    EXPECT:expect timeout (delay 15s)
[2022-12-19 02:38:32] ERROR    EXPECT:expect timeout (delay 15s)
[2022-12-19 02:38:48] ERROR    EXPECT:expect timeout (delay 15s)
[2022-12-19 02:39:04] ERROR    EXPECT:expect timeout (delay 15s)
[2022-12-19 02:39:20] ERROR    EXPECT:expect timeout (delay 15s)
[2022-12-19 02:39:36] ERROR    EXPECT:expect timeout (delay 15s)
[2022-12-19 02:39:52] ERROR    EXPECT:expect timeout (delay 15s)
[2022-12-19 02:40:08] ERROR    EXPECT:expect timeout (delay 15s)
[2022-12-19 02:40:24] ERROR    EXPECT:expect timeout (delay 15s)
[2022-12-19 02:40:40] ERROR    EXPECT:expect timeout (delay 15s)
[2022-12-19 02:40:56] ERROR    EXPECT:expect timeout (delay 15s)
[2022-12-19 02:41:12] ERROR    EXPECT:expect timeout (delay 15s)
[2022-12-19 02:41:28] ERROR    EXPECT:expect timeout (delay 15s)
[2022-12-19 02:41:44] ERROR    EXPECT:expect timeout (delay 15s)
[2022-12-19 02:42:00] ERROR    EXPECT:expect timeout (delay 15s)
[2022-12-19 02:42:16] ERROR    EXPECT:expect timeout (delay 15s)
[2022-12-19 02:42:32] ERROR    EXPECT:expect timeout (delay 15s)
[2022-12-19 02:42:48] ERROR    EXPECT:expect timeout (delay 15s)
[2022-12-19 02:43:04] ERROR    EXPECT:expect timeout (delay 15s)
[2022-12-19 02:43:20] ERROR    EXPECT:expect timeout (delay 15s)
[2022-12-19 02:43:36] ERROR    EXPECT:expect timeout (delay 15s)
[2022-12-19 02:43:52] ERROR    EXPECT:expect timeout (delay 15s)
[2022-12-19 02:44:08] ERROR    EXPECT:expect timeout (delay 15s)
[2022-12-19 02:44:24] ERROR    EXPECT:expect timeout (delay 15s)
[2022-12-19 02:44:40] ERROR    EXPECT:expect timeout (delay 15s)
[2022-12-19 02:44:56] ERROR    EXPECT:expect timeout (delay 15s)
[2022-12-19 02:45:12] ERROR    EXPECT:expect timeout (delay 15s)
[2022-12-19 02:45:28] ERROR    EXPECT:expect timeout (delay 15s)
[2022-12-19 02:45:44] ERROR    EXPECT:expect timeout (delay 15s)
[2022-12-19 02:46:00] ERROR    EXPECT:expect timeout (delay 15s)
[2022-12-19 02:46:16] ERROR    EXPECT:expect timeout (delay 15s)
[2022-12-19 02:46:32] ERROR    EXPECT:expect timeout (delay 15s)
[2022-12-19 02:46:32] INFO     mem_cmp 0x46FC0000 0x66FC0000 0x00010000 4
[2022-12-19 02:47:08] INFO     mem_cmp 0x477C0000 0x677C0000 0x00010000 4
[2022-12-19 02:47:41] INFO     mem_cmp 0x47FC0000 0x67FC0000 0x00010000 4
[2022-12-19 02:48:13] INFO     mem_cmp 0x487C0000 0x687C0000 0x00010000 4
[2022-12-19 02:48:45] INFO     mem_cmp 0x48FC0000 0x68FC0000 0x00010000 4
[2022-12-19 02:49:17] INFO     mem_cmp 0x497C0000 0x697C0000 0x00010000 4
[2022-12-19 02:49:49] INFO     mem_cmp 0x49FC0000 0x69FC0000 0x00010000 4
[2022-12-19 02:50:21] INFO     mem_cmp 0x4A7C0000 0x6A7C0000 0x00010000 4
[2022-12-19 02:50:53] INFO     mem_cmp 0x4AFC0000 0x6AFC0000 0x00010000 4
[2022-12-19 02:51:25] INFO     mem_cmp 0x4B7C0000 0x6B7C0000 0x00010000 4
[2022-12-19 02:51:57] INFO     mem_cmp 0x4BFC0000 0x6BFC0000 0x00010000 4
[2022-12-19 02:52:30] INFO     mem_cmp 0x4C7C0000 0x6C7C0000 0x00010000 4
[2022-12-19 02:53:02] INFO     mem_cmp 0x4CFC0000 0x6CFC0000 0x00010000 4
[2022-12-19 02:53:34] INFO     mem_cmp 0x4D7C0000 0x6D7C0000 0x00010000 4
[2022-12-19 02:54:06] INFO     mem_cmp 0x4DFC0000 0x6DFC0000 0x00010000 4
[2022-12-19 02:54:38] INFO     mem_cmp 0x4E7C0000 0x6E7C0000 0x00010000 4
[2022-12-19 02:55:10] INFO     mem_cmp 0x4EFC0000 0x6EFC0000 0x00010000 4
[2022-12-19 02:55:42] INFO     mem_cmp 0x4F7C0000 0x6F7C0000 0x00010000 4
[2022-12-19 02:56:14] INFO     mem_cmp 0x4FFC0000 0x6FFC0000 0x00010000 4
[2022-12-19 02:56:46] INFO     mem_cmp 0x507C0000 0x707C0000 0x00010000 4
[2022-12-19 02:57:18] INFO     mem_cmp 0x50FC0000 0x70FC0000 0x00010000 4
[2022-12-19 02:57:50] INFO     mem_cmp 0x517C0000 0x717C0000 0x00010000 4
[2022-12-19 02:58:23] INFO     mem_cmp 0x51FC0000 0x71FC0000 0x00010000 4
[2022-12-19 02:58:55] INFO     mem_cmp 0x527C0000 0x727C0000 0x00010000 4
[2022-12-19 02:59:27] INFO     mem_cmp 0x52FC0000 0x72FC0000 0x00010000 4
[2022-12-19 02:59:59] INFO     mem_cmp 0x537C0000 0x737C0000 0x00010000 4
[2022-12-19 03:00:31] INFO     mem_cmp 0x53FC0000 0x73FC0000 0x00010000 4
[2022-12-19 03:01:03] INFO     mem_cmp 0x547C0000 0x747C0000 0x00010000 4
[2022-12-19 03:01:35] INFO     mem_cmp 0x54FC0000 0x74FC0000 0x00010000 4
[2022-12-19 03:02:07] INFO     mem_cmp 0x557C0000 0x757C0000 0x00010000 4
[2022-12-19 03:02:39] INFO     mem_cmp 0x55FC0000 0x75FC0000 0x00010000 4
[2022-12-19 03:03:11] INFO     mem_cmp 0x567C0000 0x767C0000 0x00010000 4
[2022-12-19 03:03:44] INFO     mem_cmp 0x56FC0000 0x76FC0000 0x00010000 4
[2022-12-19 03:04:16] INFO     mem_cmp 0x577C0000 0x777C0000 0x00010000 4
[2022-12-19 03:04:48] INFO     mem_cmp 0x57FC0000 0x77FC0000 0x00010000 4
[2022-12-19 03:05:20] INFO     mem_cmp 0x587C0000 0x787C0000 0x00010000 4
[2022-12-19 03:05:52] INFO     mem_cmp 0x58FC0000 0x78FC0000 0x00010000 4
[2022-12-19 03:06:24] INFO     mem_cmp 0x597C0000 0x797C0000 0x00010000 4
[2022-12-19 03:06:56] INFO     mem_cmp 0x59FC0000 0x79FC0000 0x00010000 4
[2022-12-19 03:07:28] INFO     mem_cmp 0x5A7C0000 0x7A7C0000 0x00010000 4
[2022-12-19 03:08:00] INFO     mem_cmp 0x5AFC0000 0x7AFC0000 0x00010000 4
[2022-12-19 03:08:32] INFO     mem_cmp 0x5B7C0000 0x7B7C0000 0x00010000 4
[2022-12-19 03:09:05] INFO     mem_cmp 0x5BFC0000 0x7BFC0000 0x00010000 4
[2022-12-19 03:09:37] INFO     mem_cmp 0x5C7C0000 0x7C7C0000 0x00010000 4
[2022-12-19 03:10:09] INFO     mem_cmp 0x5CFC0000 0x7CFC0000 0x00010000 4
[2022-12-19 03:10:41] INFO     mem_cmp 0x5D7C0000 0x7D7C0000 0x00010000 4
[2022-12-19 03:11:13] INFO     mem_cmp 0x5DFC0000 0x7DFC0000 0x00010000 4
[2022-12-19 03:11:45] INFO     mem_cmp 0x5E7C0000 0x7E7C0000 0x00010000 4
[2022-12-19 03:12:17] INFO     mem_cmp 0x5EFC0000 0x7EFC0000 0x00010000 4
[2022-12-19 03:12:49] INFO     mem_cmp 0x5F7C0000 0x7F7C0000 0x00010000 4
[2022-12-19 03:13:21] INFO     mem_cmp 0x5FFC0000 0x7FFC0000 0x00010000 4
[2022-12-19 03:13:22] INFO     STATE:Mem Compare State
[2022-12-19 03:13:54] INFO     mem_cmp 0x407C0000 0x607C0000 0x00010000 4
[2022-12-19 03:14:26] INFO     mem_cmp 0x40FC0000 0x60FC0000 0x00010000 4
[2022-12-19 03:14:58] INFO     mem_cmp 0x417C0000 0x617C0000 0x00010000 4
[2022-12-19 03:15:30] INFO     mem_cmp 0x41FC0000 0x61FC0000 0x00010000 4
[2022-12-19 03:16:02] INFO     mem_cmp 0x427C0000 0x627C0000 0x00010000 4
[2022-12-19 03:16:34] INFO     mem_cmp 0x42FC0000 0x62FC0000 0x00010000 4
[2022-12-19 03:17:06] INFO     mem_cmp 0x437C0000 0x637C0000 0x00010000 4
[2022-12-19 03:17:38] INFO     mem_cmp 0x43FC0000 0x63FC0000 0x00010000 4
[2022-12-19 03:18:10] INFO     mem_cmp 0x447C0000 0x647C0000 0x00010000 4
[2022-12-19 03:18:43] INFO     mem_cmp 0x44FC0000 0x64FC0000 0x00010000 4
[2022-12-19 03:19:15] INFO     mem_cmp 0x457C0000 0x657C0000 0x00010000 4
[2022-12-19 03:19:57] ERROR    EXPECT:expect timeout (delay 15s)
[2022-12-19 03:20:13] ERROR    EXPECT:expect timeout (delay 15s)
[2022-12-19 03:20:29] ERROR    EXPECT:expect timeout (delay 15s)
[2022-12-19 03:20:45] ERROR    EXPECT:expect timeout (delay 15s)
[2022-12-19 03:21:01] ERROR    EXPECT:expect timeout (delay 15s)
[2022-12-19 03:21:17] ERROR    EXPECT:expect timeout (delay 15s)
[2022-12-19 03:21:17] INFO     mem_cmp 0x45FC0000 0x65FC0000 0x00010000 4
[2022-12-19 03:21:33] ERROR    EXPECT:expect timeout (delay 15s)
[2022-12-19 03:21:49] ERROR    EXPECT:expect timeout (delay 15s)
[2022-12-19 03:22:05] ERROR    EXPECT:expect timeout (delay 15s)
[2022-12-19 03:22:21] ERROR    EXPECT:expect timeout (delay 15s)
[2022-12-19 03:22:37] ERROR    EXPECT:expect timeout (delay 15s)
[2022-12-19 03:22:53] ERROR    EXPECT:expect timeout (delay 15s)
[2022-12-19 03:23:09] ERROR    EXPECT:expect timeout (delay 15s)
[2022-12-19 03:23:25] ERROR    EXPECT:expect timeout (delay 15s)
[2022-12-19 03:23:41] ERROR    EXPECT:expect timeout (delay 15s)
[2022-12-19 03:23:57] ERROR    EXPECT:expect timeout (delay 15s)
[2022-12-19 03:24:13] ERROR    EXPECT:expect timeout (delay 15s)
[2022-12-19 03:24:29] ERROR    EXPECT:expect timeout (delay 15s)
[2022-12-19 03:24:45] ERROR    EXPECT:expect timeout (delay 15s)
[2022-12-19 03:25:01] ERROR    EXPECT:expect timeout (delay 15s)
[2022-12-19 03:25:17] ERROR    EXPECT:expect timeout (delay 15s)
[2022-12-19 03:25:33] ERROR    EXPECT:expect timeout (delay 15s)
[2022-12-19 03:25:49] ERROR    EXPECT:expect timeout (delay 15s)
[2022-12-19 03:26:05] ERROR    EXPECT:expect timeout (delay 15s)
[2022-12-19 03:26:21] ERROR    EXPECT:expect timeout (delay 15s)
[2022-12-19 03:26:37] ERROR    EXPECT:expect timeout (delay 15s)
[2022-12-19 03:26:53] ERROR    EXPECT:expect timeout (delay 15s)
[2022-12-19 03:27:09] ERROR    EXPECT:expect timeout (delay 15s)
[2022-12-19 03:27:25] ERROR    EXPECT:expect timeout (delay 15s)
[2022-12-19 03:27:41] ERROR    EXPECT:expect timeout (delay 15s)
[2022-12-19 03:27:57] ERROR    EXPECT:expect timeout (delay 15s)
[2022-12-19 03:28:13] ERROR    EXPECT:expect timeout (delay 15s)
[2022-12-19 03:28:29] ERROR    EXPECT:expect timeout (delay 15s)
[2022-12-19 03:28:45] ERROR    EXPECT:expect timeout (delay 15s)
[2022-12-19 03:29:09] ERROR    EXPECT:expect timeout (delay 15s)
[2022-12-19 03:29:25] ERROR    EXPECT:expect timeout (delay 15s)
[2022-12-19 03:29:25] INFO     mem_cmp 0x467C0000 0x667C0000 0x00010000 4
[2022-12-19 03:29:41] ERROR    EXPECT:expect timeout (delay 15s)
[2022-12-19 03:29:57] ERROR    EXPECT:expect timeout (delay 15s)
[2022-12-19 03:30:13] ERROR    EXPECT:expect timeout (delay 15s)
[2022-12-19 03:30:29] ERROR    EXPECT:expect timeout (delay 15s)
[2022-12-19 03:30:45] ERROR    EXPECT:expect timeout (delay 15s)
[2022-12-19 03:31:01] ERROR    EXPECT:expect timeout (delay 15s)
[2022-12-19 03:31:17] ERROR    EXPECT:expect timeout (delay 15s)
[2022-12-19 03:31:33] ERROR    EXPECT:expect timeout (delay 15s)
[2022-12-19 03:31:49] ERROR    EXPECT:expect timeout (delay 15s)
[2022-12-19 03:32:05] ERROR    EXPECT:expect timeout (delay 15s)
[2022-12-19 03:32:21] ERROR    EXPECT:expect timeout (delay 15s)
[2022-12-19 03:32:37] ERROR    EXPECT:expect timeout (delay 15s)
[2022-12-19 03:32:53] ERROR    EXPECT:expect timeout (delay 15s)
[2022-12-19 03:33:09] ERROR    EXPECT:expect timeout (delay 15s)
[2022-12-19 03:33:25] ERROR    EXPECT:expect timeout (delay 15s)
[2022-12-19 03:33:41] ERROR    EXPECT:expect timeout (delay 15s)
[2022-12-19 03:33:57] ERROR    EXPECT:expect timeout (delay 15s)
[2022-12-19 03:34:13] ERROR    EXPECT:expect timeout (delay 15s)
[2022-12-19 03:34:29] ERROR    EXPECT:expect timeout (delay 15s)
[2022-12-19 03:34:45] ERROR    EXPECT:expect timeout (delay 15s)
[2022-12-19 03:35:01] ERROR    EXPECT:expect timeout (delay 15s)
[2022-12-19 03:35:17] ERROR    EXPECT:expect timeout (delay 15s)
[2022-12-19 03:35:33] ERROR    EXPECT:expect timeout (delay 15s)
[2022-12-19 03:35:49] ERROR    EXPECT:expect timeout (delay 15s)
[2022-12-19 03:36:05] ERROR    EXPECT:expect timeout (delay 15s)
[2022-12-19 03:36:21] ERROR    EXPECT:expect timeout (delay 15s)
[2022-12-19 03:36:37] ERROR    EXPECT:expect timeout (delay 15s)
[2022-12-19 03:36:53] ERROR    EXPECT:expect timeout (delay 15s)
[2022-12-19 03:37:09] ERROR    EXPECT:expect timeout (delay 15s)
[2022-12-19 03:37:25] ERROR    EXPECT:expect timeout (delay 15s)
[2022-12-19 03:37:41] ERROR    EXPECT:expect timeout (delay 15s)
[2022-12-19 03:37:57] ERROR    EXPECT:expect timeout (delay 15s)
[2022-12-19 03:37:57] INFO     mem_cmp 0x46FC0000 0x66FC0000 0x00010000 4
[2022-12-19 03:38:36] INFO     mem_cmp 0x477C0000 0x677C0000 0x00010000 4
[2022-12-19 03:39:09] INFO     mem_cmp 0x47FC0000 0x67FC0000 0x00010000 4
[2022-12-19 03:39:41] INFO     mem_cmp 0x487C0000 0x687C0000 0x00010000 4
[2022-12-19 03:40:13] INFO     mem_cmp 0x48FC0000 0x68FC0000 0x00010000 4
[2022-12-19 03:40:45] INFO     mem_cmp 0x497C0000 0x697C0000 0x00010000 4
[2022-12-19 03:41:17] INFO     mem_cmp 0x49FC0000 0x69FC0000 0x00010000 4
[2022-12-19 03:41:49] INFO     mem_cmp 0x4A7C0000 0x6A7C0000 0x00010000 4
[2022-12-19 03:42:21] INFO     mem_cmp 0x4AFC0000 0x6AFC0000 0x00010000 4
[2022-12-19 03:42:53] INFO     mem_cmp 0x4B7C0000 0x6B7C0000 0x00010000 4
[2022-12-19 03:43:25] INFO     mem_cmp 0x4BFC0000 0x6BFC0000 0x00010000 4
[2022-12-19 03:43:57] INFO     mem_cmp 0x4C7C0000 0x6C7C0000 0x00010000 4
[2022-12-19 03:44:30] INFO     mem_cmp 0x4CFC0000 0x6CFC0000 0x00010000 4
[2022-12-19 03:45:02] INFO     mem_cmp 0x4D7C0000 0x6D7C0000 0x00010000 4
[2022-12-19 03:45:34] INFO     mem_cmp 0x4DFC0000 0x6DFC0000 0x00010000 4
[2022-12-19 03:46:06] INFO     mem_cmp 0x4E7C0000 0x6E7C0000 0x00010000 4
[2022-12-19 03:46:38] INFO     mem_cmp 0x4EFC0000 0x6EFC0000 0x00010000 4
[2022-12-19 03:47:10] INFO     mem_cmp 0x4F7C0000 0x6F7C0000 0x00010000 4
[2022-12-19 03:47:42] INFO     mem_cmp 0x4FFC0000 0x6FFC0000 0x00010000 4
[2022-12-19 03:48:14] INFO     mem_cmp 0x507C0000 0x707C0000 0x00010000 4
[2022-12-19 03:48:46] INFO     mem_cmp 0x50FC0000 0x70FC0000 0x00010000 4
[2022-12-19 03:49:18] INFO     mem_cmp 0x517C0000 0x717C0000 0x00010000 4
[2022-12-19 03:49:51] INFO     mem_cmp 0x51FC0000 0x71FC0000 0x00010000 4
[2022-12-19 03:50:23] INFO     mem_cmp 0x527C0000 0x727C0000 0x00010000 4
[2022-12-19 03:50:55] INFO     mem_cmp 0x52FC0000 0x72FC0000 0x00010000 4
[2022-12-19 03:51:27] INFO     mem_cmp 0x537C0000 0x737C0000 0x00010000 4
[2022-12-19 03:51:59] INFO     mem_cmp 0x53FC0000 0x73FC0000 0x00010000 4
[2022-12-19 03:52:31] INFO     mem_cmp 0x547C0000 0x747C0000 0x00010000 4
[2022-12-19 03:53:03] INFO     mem_cmp 0x54FC0000 0x74FC0000 0x00010000 4
[2022-12-19 03:53:35] INFO     mem_cmp 0x557C0000 0x757C0000 0x00010000 4
[2022-12-19 03:54:07] INFO     mem_cmp 0x55FC0000 0x75FC0000 0x00010000 4
[2022-12-19 03:54:40] INFO     mem_cmp 0x567C0000 0x767C0000 0x00010000 4
[2022-12-19 03:55:12] INFO     mem_cmp 0x56FC0000 0x76FC0000 0x00010000 4
[2022-12-19 03:55:44] INFO     mem_cmp 0x577C0000 0x777C0000 0x00010000 4
[2022-12-19 03:56:16] INFO     mem_cmp 0x57FC0000 0x77FC0000 0x00010000 4
[2022-12-19 03:56:48] INFO     mem_cmp 0x587C0000 0x787C0000 0x00010000 4
[2022-12-19 03:57:20] INFO     mem_cmp 0x58FC0000 0x78FC0000 0x00010000 4
[2022-12-19 03:57:52] INFO     mem_cmp 0x597C0000 0x797C0000 0x00010000 4
[2022-12-19 03:58:24] INFO     mem_cmp 0x59FC0000 0x79FC0000 0x00010000 4
[2022-12-19 03:58:56] INFO     mem_cmp 0x5A7C0000 0x7A7C0000 0x00010000 4
[2022-12-19 03:59:29] INFO     mem_cmp 0x5AFC0000 0x7AFC0000 0x00010000 4
[2022-12-19 04:00:01] INFO     mem_cmp 0x5B7C0000 0x7B7C0000 0x00010000 4
[2022-12-19 04:00:33] INFO     mem_cmp 0x5BFC0000 0x7BFC0000 0x00010000 4
[2022-12-19 04:01:05] INFO     mem_cmp 0x5C7C0000 0x7C7C0000 0x00010000 4
[2022-12-19 04:01:37] INFO     mem_cmp 0x5CFC0000 0x7CFC0000 0x00010000 4
[2022-12-19 04:02:09] INFO     mem_cmp 0x5D7C0000 0x7D7C0000 0x00010000 4
[2022-12-19 04:02:41] INFO     mem_cmp 0x5DFC0000 0x7DFC0000 0x00010000 4
[2022-12-19 04:03:13] INFO     mem_cmp 0x5E7C0000 0x7E7C0000 0x00010000 4
[2022-12-19 04:03:45] INFO     mem_cmp 0x5EFC0000 0x7EFC0000 0x00010000 4
[2022-12-19 04:04:17] INFO     mem_cmp 0x5F7C0000 0x7F7C0000 0x00010000 4
[2022-12-19 04:04:50] INFO     mem_cmp 0x5FFC0000 0x7FFC0000 0x00010000 4
[2022-12-19 04:04:51] INFO     STATE:Mem Compare State
[2022-12-19 04:05:22] INFO     mem_cmp 0x407C0000 0x607C0000 0x00010000 4
[2022-12-19 04:05:54] INFO     mem_cmp 0x40FC0000 0x60FC0000 0x00010000 4
[2022-12-19 04:06:26] INFO     mem_cmp 0x417C0000 0x617C0000 0x00010000 4
[2022-12-19 04:06:58] INFO     mem_cmp 0x41FC0000 0x61FC0000 0x00010000 4
[2022-12-19 04:07:30] INFO     mem_cmp 0x427C0000 0x627C0000 0x00010000 4
[2022-12-19 04:08:02] INFO     mem_cmp 0x42FC0000 0x62FC0000 0x00010000 4
[2022-12-19 04:08:34] INFO     mem_cmp 0x437C0000 0x637C0000 0x00010000 4
[2022-12-19 04:09:06] INFO     mem_cmp 0x43FC0000 0x63FC0000 0x00010000 4
[2022-12-19 04:09:38] INFO     mem_cmp 0x447C0000 0x647C0000 0x00010000 4
[2022-12-19 04:10:11] INFO     mem_cmp 0x44FC0000 0x64FC0000 0x00010000 4
[2022-12-19 04:10:43] INFO     mem_cmp 0x457C0000 0x657C0000 0x00010000 4
[2022-12-19 04:11:25] ERROR    EXPECT:expect timeout (delay 15s)
[2022-12-19 04:11:41] ERROR    EXPECT:expect timeout (delay 15s)
[2022-12-19 04:11:57] ERROR    EXPECT:expect timeout (delay 15s)
[2022-12-19 04:12:13] ERROR    EXPECT:expect timeout (delay 15s)
[2022-12-19 04:12:29] ERROR    EXPECT:expect timeout (delay 15s)
[2022-12-19 04:12:45] ERROR    EXPECT:expect timeout (delay 15s)
[2022-12-19 04:12:45] INFO     mem_cmp 0x45FC0000 0x65FC0000 0x00010000 4
[2022-12-19 04:13:01] ERROR    EXPECT:expect timeout (delay 15s)
[2022-12-19 04:13:17] ERROR    EXPECT:expect timeout (delay 15s)
[2022-12-19 04:13:33] ERROR    EXPECT:expect timeout (delay 15s)
[2022-12-19 04:13:49] ERROR    EXPECT:expect timeout (delay 15s)
[2022-12-19 04:14:05] ERROR    EXPECT:expect timeout (delay 15s)
[2022-12-19 04:14:21] ERROR    EXPECT:expect timeout (delay 15s)
[2022-12-19 04:14:37] ERROR    EXPECT:expect timeout (delay 15s)
[2022-12-19 04:14:53] ERROR    EXPECT:expect timeout (delay 15s)
[2022-12-19 04:15:09] ERROR    EXPECT:expect timeout (delay 15s)
[2022-12-19 04:15:25] ERROR    EXPECT:expect timeout (delay 15s)
[2022-12-19 04:15:41] ERROR    EXPECT:expect timeout (delay 15s)
[2022-12-19 04:15:57] ERROR    EXPECT:expect timeout (delay 15s)
[2022-12-19 04:16:13] ERROR    EXPECT:expect timeout (delay 15s)
[2022-12-19 04:16:29] ERROR    EXPECT:expect timeout (delay 15s)
[2022-12-19 04:16:45] ERROR    EXPECT:expect timeout (delay 15s)
[2022-12-19 04:17:01] ERROR    EXPECT:expect timeout (delay 15s)
[2022-12-19 04:17:17] ERROR    EXPECT:expect timeout (delay 15s)
[2022-12-19 04:17:33] ERROR    EXPECT:expect timeout (delay 15s)
[2022-12-19 04:17:49] ERROR    EXPECT:expect timeout (delay 15s)
[2022-12-19 04:18:05] ERROR    EXPECT:expect timeout (delay 15s)
[2022-12-19 04:18:21] ERROR    EXPECT:expect timeout (delay 15s)
[2022-12-19 04:18:37] ERROR    EXPECT:expect timeout (delay 15s)
[2022-12-19 04:18:53] ERROR    EXPECT:expect timeout (delay 15s)
[2022-12-19 04:19:09] ERROR    EXPECT:expect timeout (delay 15s)
[2022-12-19 04:19:25] ERROR    EXPECT:expect timeout (delay 15s)
[2022-12-19 04:19:41] ERROR    EXPECT:expect timeout (delay 15s)
[2022-12-19 04:19:57] ERROR    EXPECT:expect timeout (delay 15s)
[2022-12-19 04:20:13] ERROR    EXPECT:expect timeout (delay 15s)
[2022-12-19 04:20:38] ERROR    EXPECT:expect timeout (delay 15s)
[2022-12-19 04:20:54] ERROR    EXPECT:expect timeout (delay 15s)
[2022-12-19 04:20:54] INFO     mem_cmp 0x467C0000 0x667C0000 0x00010000 4
[2022-12-19 04:21:10] ERROR    EXPECT:expect timeout (delay 15s)
[2022-12-19 04:21:26] ERROR    EXPECT:expect timeout (delay 15s)
[2022-12-19 04:21:42] ERROR    EXPECT:expect timeout (delay 15s)
[2022-12-19 04:21:58] ERROR    EXPECT:expect timeout (delay 15s)
[2022-12-19 04:22:14] ERROR    EXPECT:expect timeout (delay 15s)
[2022-12-19 04:22:30] ERROR    EXPECT:expect timeout (delay 15s)
[2022-12-19 04:22:46] ERROR    EXPECT:expect timeout (delay 15s)
[2022-12-19 04:23:02] ERROR    EXPECT:expect timeout (delay 15s)
[2022-12-19 04:23:18] ERROR    EXPECT:expect timeout (delay 15s)
[2022-12-19 04:23:34] ERROR    EXPECT:expect timeout (delay 15s)
[2022-12-19 04:23:50] ERROR    EXPECT:expect timeout (delay 15s)
[2022-12-19 04:24:06] ERROR    EXPECT:expect timeout (delay 15s)
[2022-12-19 04:24:22] ERROR    EXPECT:expect timeout (delay 15s)
[2022-12-19 04:24:38] ERROR    EXPECT:expect timeout (delay 15s)
[2022-12-19 04:24:54] ERROR    EXPECT:expect timeout (delay 15s)
[2022-12-19 04:25:10] ERROR    EXPECT:expect timeout (delay 15s)
[2022-12-19 04:25:26] ERROR    EXPECT:expect timeout (delay 15s)
[2022-12-19 04:25:42] ERROR    EXPECT:expect timeout (delay 15s)
[2022-12-19 04:25:58] ERROR    EXPECT:expect timeout (delay 15s)
[2022-12-19 04:26:14] ERROR    EXPECT:expect timeout (delay 15s)
[2022-12-19 04:26:30] ERROR    EXPECT:expect timeout (delay 15s)
[2022-12-19 04:26:46] ERROR    EXPECT:expect timeout (delay 15s)
[2022-12-19 04:27:02] ERROR    EXPECT:expect timeout (delay 15s)
[2022-12-19 04:27:18] ERROR    EXPECT:expect timeout (delay 15s)
[2022-12-19 04:27:34] ERROR    EXPECT:expect timeout (delay 15s)
[2022-12-19 04:27:50] ERROR    EXPECT:expect timeout (delay 15s)
[2022-12-19 04:28:06] ERROR    EXPECT:expect timeout (delay 15s)
[2022-12-19 04:28:22] ERROR    EXPECT:expect timeout (delay 15s)
[2022-12-19 04:28:38] ERROR    EXPECT:expect timeout (delay 15s)
[2022-12-19 04:28:54] ERROR    EXPECT:expect timeout (delay 15s)
[2022-12-19 04:29:10] ERROR    EXPECT:expect timeout (delay 15s)
[2022-12-19 04:29:26] ERROR    EXPECT:expect timeout (delay 15s)
[2022-12-19 04:29:26] INFO     mem_cmp 0x46FC0000 0x66FC0000 0x00010000 4
[2022-12-19 04:30:06] INFO     mem_cmp 0x477C0000 0x677C0000 0x00010000 4
[2022-12-19 04:30:38] INFO     mem_cmp 0x47FC0000 0x67FC0000 0x00010000 4
[2022-12-19 04:31:10] INFO     mem_cmp 0x487C0000 0x687C0000 0x00010000 4
[2022-12-19 04:31:42] INFO     mem_cmp 0x48FC0000 0x68FC0000 0x00010000 4
[2022-12-19 04:32:14] INFO     mem_cmp 0x497C0000 0x697C0000 0x00010000 4
[2022-12-19 04:32:46] INFO     mem_cmp 0x49FC0000 0x69FC0000 0x00010000 4
[2022-12-19 04:33:18] INFO     mem_cmp 0x4A7C0000 0x6A7C0000 0x00010000 4
[2022-12-19 04:33:50] INFO     mem_cmp 0x4AFC0000 0x6AFC0000 0x00010000 4
[2022-12-19 04:34:23] INFO     mem_cmp 0x4B7C0000 0x6B7C0000 0x00010000 4
[2022-12-19 04:34:55] INFO     mem_cmp 0x4BFC0000 0x6BFC0000 0x00010000 4
[2022-12-19 04:35:27] INFO     mem_cmp 0x4C7C0000 0x6C7C0000 0x00010000 4
[2022-12-19 04:35:59] INFO     mem_cmp 0x4CFC0000 0x6CFC0000 0x00010000 4
[2022-12-19 04:36:31] INFO     mem_cmp 0x4D7C0000 0x6D7C0000 0x00010000 4
[2022-12-19 04:37:03] INFO     mem_cmp 0x4DFC0000 0x6DFC0000 0x00010000 4
[2022-12-19 04:37:35] INFO     mem_cmp 0x4E7C0000 0x6E7C0000 0x00010000 4
[2022-12-19 04:38:07] INFO     mem_cmp 0x4EFC0000 0x6EFC0000 0x00010000 4
[2022-12-19 04:38:39] INFO     mem_cmp 0x4F7C0000 0x6F7C0000 0x00010000 4
[2022-12-19 04:39:11] INFO     mem_cmp 0x4FFC0000 0x6FFC0000 0x00010000 4
[2022-12-19 04:39:44] INFO     mem_cmp 0x507C0000 0x707C0000 0x00010000 4
[2022-12-19 04:40:16] INFO     mem_cmp 0x50FC0000 0x70FC0000 0x00010000 4
[2022-12-19 04:40:48] INFO     mem_cmp 0x517C0000 0x717C0000 0x00010000 4
[2022-12-19 04:41:20] INFO     mem_cmp 0x51FC0000 0x71FC0000 0x00010000 4
[2022-12-19 04:41:52] INFO     mem_cmp 0x527C0000 0x727C0000 0x00010000 4
[2022-12-19 04:42:24] INFO     mem_cmp 0x52FC0000 0x72FC0000 0x00010000 4
[2022-12-19 04:42:56] INFO     mem_cmp 0x537C0000 0x737C0000 0x00010000 4
[2022-12-19 04:43:28] INFO     mem_cmp 0x53FC0000 0x73FC0000 0x00010000 4
[2022-12-19 04:44:00] INFO     mem_cmp 0x547C0000 0x747C0000 0x00010000 4
[2022-12-19 04:44:33] INFO     mem_cmp 0x54FC0000 0x74FC0000 0x00010000 4
[2022-12-19 04:45:05] INFO     mem_cmp 0x557C0000 0x757C0000 0x00010000 4
[2022-12-19 04:45:37] INFO     mem_cmp 0x55FC0000 0x75FC0000 0x00010000 4
[2022-12-19 04:46:09] INFO     mem_cmp 0x567C0000 0x767C0000 0x00010000 4
[2022-12-19 04:46:41] INFO     mem_cmp 0x56FC0000 0x76FC0000 0x00010000 4
[2022-12-19 04:47:13] INFO     mem_cmp 0x577C0000 0x777C0000 0x00010000 4
[2022-12-19 04:47:45] INFO     mem_cmp 0x57FC0000 0x77FC0000 0x00010000 4
[2022-12-19 04:48:17] INFO     mem_cmp 0x587C0000 0x787C0000 0x00010000 4
[2022-12-19 04:48:49] INFO     mem_cmp 0x58FC0000 0x78FC0000 0x00010000 4
[2022-12-19 04:49:21] INFO     mem_cmp 0x597C0000 0x797C0000 0x00010000 4
[2022-12-19 04:49:53] INFO     mem_cmp 0x59FC0000 0x79FC0000 0x00010000 4
[2022-12-19 04:50:26] INFO     mem_cmp 0x5A7C0000 0x7A7C0000 0x00010000 4
[2022-12-19 04:50:58] INFO     mem_cmp 0x5AFC0000 0x7AFC0000 0x00010000 4
[2022-12-19 04:51:30] INFO     mem_cmp 0x5B7C0000 0x7B7C0000 0x00010000 4
[2022-12-19 04:52:02] INFO     mem_cmp 0x5BFC0000 0x7BFC0000 0x00010000 4
[2022-12-19 04:52:34] INFO     mem_cmp 0x5C7C0000 0x7C7C0000 0x00010000 4
[2022-12-19 04:53:06] INFO     mem_cmp 0x5CFC0000 0x7CFC0000 0x00010000 4
[2022-12-19 04:53:38] INFO     mem_cmp 0x5D7C0000 0x7D7C0000 0x00010000 4
[2022-12-19 04:54:10] INFO     mem_cmp 0x5DFC0000 0x7DFC0000 0x00010000 4
[2022-12-19 04:54:42] INFO     mem_cmp 0x5E7C0000 0x7E7C0000 0x00010000 4
[2022-12-19 04:55:15] INFO     mem_cmp 0x5EFC0000 0x7EFC0000 0x00010000 4
[2022-12-19 04:55:47] INFO     mem_cmp 0x5F7C0000 0x7F7C0000 0x00010000 4
[2022-12-19 04:56:19] INFO     mem_cmp 0x5FFC0000 0x7FFC0000 0x00010000 4
[2022-12-19 04:56:20] INFO     STATE:Mem Compare State
[2022-12-19 04:56:51] INFO     mem_cmp 0x407C0000 0x607C0000 0x00010000 4
[2022-12-19 04:57:23] INFO     mem_cmp 0x40FC0000 0x60FC0000 0x00010000 4
[2022-12-19 04:57:55] INFO     mem_cmp 0x417C0000 0x617C0000 0x00010000 4
[2022-12-19 04:58:27] INFO     mem_cmp 0x41FC0000 0x61FC0000 0x00010000 4
[2022-12-19 04:58:59] INFO     mem_cmp 0x427C0000 0x627C0000 0x00010000 4
[2022-12-19 04:59:31] INFO     mem_cmp 0x42FC0000 0x62FC0000 0x00010000 4
[2022-12-19 05:00:04] INFO     mem_cmp 0x437C0000 0x637C0000 0x00010000 4
[2022-12-19 05:00:36] INFO     mem_cmp 0x43FC0000 0x63FC0000 0x00010000 4
[2022-12-19 05:01:08] INFO     mem_cmp 0x447C0000 0x647C0000 0x00010000 4
[2022-12-19 05:01:40] INFO     mem_cmp 0x44FC0000 0x64FC0000 0x00010000 4
[2022-12-19 05:02:12] INFO     mem_cmp 0x457C0000 0x657C0000 0x00010000 4
[2022-12-19 05:02:54] ERROR    EXPECT:expect timeout (delay 15s)
[2022-12-19 05:03:10] ERROR    EXPECT:expect timeout (delay 15s)
[2022-12-19 05:03:26] ERROR    EXPECT:expect timeout (delay 15s)
[2022-12-19 05:03:42] ERROR    EXPECT:expect timeout (delay 15s)
[2022-12-19 05:03:58] ERROR    EXPECT:expect timeout (delay 15s)
[2022-12-19 05:04:14] ERROR    EXPECT:expect timeout (delay 15s)
[2022-12-19 05:04:14] INFO     mem_cmp 0x45FC0000 0x65FC0000 0x00010000 4
[2022-12-19 05:04:30] ERROR    EXPECT:expect timeout (delay 15s)
[2022-12-19 05:04:46] ERROR    EXPECT:expect timeout (delay 15s)
[2022-12-19 05:05:02] ERROR    EXPECT:expect timeout (delay 15s)
[2022-12-19 05:05:18] ERROR    EXPECT:expect timeout (delay 15s)
[2022-12-19 05:05:34] ERROR    EXPECT:expect timeout (delay 15s)
[2022-12-19 05:05:50] ERROR    EXPECT:expect timeout (delay 15s)
[2022-12-19 05:06:06] ERROR    EXPECT:expect timeout (delay 15s)
[2022-12-19 05:06:22] ERROR    EXPECT:expect timeout (delay 15s)
[2022-12-19 05:06:38] ERROR    EXPECT:expect timeout (delay 15s)
[2022-12-19 05:06:54] ERROR    EXPECT:expect timeout (delay 15s)
[2022-12-19 05:07:10] ERROR    EXPECT:expect timeout (delay 15s)
[2022-12-19 05:07:26] ERROR    EXPECT:expect timeout (delay 15s)
[2022-12-19 05:07:42] ERROR    EXPECT:expect timeout (delay 15s)
[2022-12-19 05:07:58] ERROR    EXPECT:expect timeout (delay 15s)
[2022-12-19 05:08:14] ERROR    EXPECT:expect timeout (delay 15s)
[2022-12-19 05:08:30] ERROR    EXPECT:expect timeout (delay 15s)
[2022-12-19 05:08:46] ERROR    EXPECT:expect timeout (delay 15s)
[2022-12-19 05:09:02] ERROR    EXPECT:expect timeout (delay 15s)
[2022-12-19 05:09:18] ERROR    EXPECT:expect timeout (delay 15s)
[2022-12-19 05:09:34] ERROR    EXPECT:expect timeout (delay 15s)
[2022-12-19 05:09:50] ERROR    EXPECT:expect timeout (delay 15s)
[2022-12-19 05:10:06] ERROR    EXPECT:expect timeout (delay 15s)
[2022-12-19 05:10:22] ERROR    EXPECT:expect timeout (delay 15s)
[2022-12-19 05:10:38] ERROR    EXPECT:expect timeout (delay 15s)
[2022-12-19 05:10:54] ERROR    EXPECT:expect timeout (delay 15s)
[2022-12-19 05:11:10] ERROR    EXPECT:expect timeout (delay 15s)
[2022-12-19 05:11:26] ERROR    EXPECT:expect timeout (delay 15s)
[2022-12-19 05:11:42] ERROR    EXPECT:expect timeout (delay 15s)
[2022-12-19 05:12:03] ERROR    EXPECT:expect timeout (delay 15s)
[2022-12-19 05:12:19] ERROR    EXPECT:expect timeout (delay 15s)
[2022-12-19 05:12:19] INFO     mem_cmp 0x467C0000 0x667C0000 0x00010000 4
[2022-12-19 05:12:35] ERROR    EXPECT:expect timeout (delay 15s)
[2022-12-19 05:12:51] ERROR    EXPECT:expect timeout (delay 15s)
[2022-12-19 05:13:07] ERROR    EXPECT:expect timeout (delay 15s)
[2022-12-19 05:13:23] ERROR    EXPECT:expect timeout (delay 15s)
[2022-12-19 05:13:39] ERROR    EXPECT:expect timeout (delay 15s)
[2022-12-19 05:13:55] ERROR    EXPECT:expect timeout (delay 15s)
[2022-12-19 05:14:11] ERROR    EXPECT:expect timeout (delay 15s)
[2022-12-19 05:14:27] ERROR    EXPECT:expect timeout (delay 15s)
[2022-12-19 05:14:43] ERROR    EXPECT:expect timeout (delay 15s)
[2022-12-19 05:14:59] ERROR    EXPECT:expect timeout (delay 15s)
[2022-12-19 05:15:15] ERROR    EXPECT:expect timeout (delay 15s)
[2022-12-19 05:15:31] ERROR    EXPECT:expect timeout (delay 15s)
[2022-12-19 05:15:47] ERROR    EXPECT:expect timeout (delay 15s)
[2022-12-19 05:16:03] ERROR    EXPECT:expect timeout (delay 15s)
[2022-12-19 05:16:19] ERROR    EXPECT:expect timeout (delay 15s)
[2022-12-19 05:16:35] ERROR    EXPECT:expect timeout (delay 15s)
[2022-12-19 05:16:51] ERROR    EXPECT:expect timeout (delay 15s)
[2022-12-19 05:17:07] ERROR    EXPECT:expect timeout (delay 15s)
[2022-12-19 05:17:23] ERROR    EXPECT:expect timeout (delay 15s)
[2022-12-19 05:17:39] ERROR    EXPECT:expect timeout (delay 15s)
[2022-12-19 05:17:55] ERROR    EXPECT:expect timeout (delay 15s)
[2022-12-19 05:18:11] ERROR    EXPECT:expect timeout (delay 15s)
[2022-12-19 05:18:27] ERROR    EXPECT:expect timeout (delay 15s)
[2022-12-19 05:18:43] ERROR    EXPECT:expect timeout (delay 15s)
[2022-12-19 05:18:59] ERROR    EXPECT:expect timeout (delay 15s)
[2022-12-19 05:19:15] ERROR    EXPECT:expect timeout (delay 15s)
[2022-12-19 05:19:31] ERROR    EXPECT:expect timeout (delay 15s)
[2022-12-19 05:19:47] ERROR    EXPECT:expect timeout (delay 15s)
[2022-12-19 05:20:03] ERROR    EXPECT:expect timeout (delay 15s)
[2022-12-19 05:20:19] ERROR    EXPECT:expect timeout (delay 15s)
[2022-12-19 05:20:35] ERROR    EXPECT:expect timeout (delay 15s)
[2022-12-19 05:20:51] ERROR    EXPECT:expect timeout (delay 15s)
[2022-12-19 05:20:51] INFO     mem_cmp 0x46FC0000 0x66FC0000 0x00010000 4
[2022-12-19 05:21:32] INFO     mem_cmp 0x477C0000 0x677C0000 0x00010000 4
[2022-12-19 05:22:04] INFO     mem_cmp 0x47FC0000 0x67FC0000 0x00010000 4
[2022-12-19 05:22:36] INFO     mem_cmp 0x487C0000 0x687C0000 0x00010000 4
[2022-12-19 05:23:08] INFO     mem_cmp 0x48FC0000 0x68FC0000 0x00010000 4
[2022-12-19 05:23:40] INFO     mem_cmp 0x497C0000 0x697C0000 0x00010000 4
[2022-12-19 05:24:12] INFO     mem_cmp 0x49FC0000 0x69FC0000 0x00010000 4
[2022-12-19 05:24:44] INFO     mem_cmp 0x4A7C0000 0x6A7C0000 0x00010000 4
[2022-12-19 05:25:17] INFO     mem_cmp 0x4AFC0000 0x6AFC0000 0x00010000 4
[2022-12-19 05:25:49] INFO     mem_cmp 0x4B7C0000 0x6B7C0000 0x00010000 4
[2022-12-19 05:26:21] INFO     mem_cmp 0x4BFC0000 0x6BFC0000 0x00010000 4
[2022-12-19 05:26:53] INFO     mem_cmp 0x4C7C0000 0x6C7C0000 0x00010000 4
[2022-12-19 05:27:25] INFO     mem_cmp 0x4CFC0000 0x6CFC0000 0x00010000 4
[2022-12-19 05:27:57] INFO     mem_cmp 0x4D7C0000 0x6D7C0000 0x00010000 4
[2022-12-19 05:28:29] INFO     mem_cmp 0x4DFC0000 0x6DFC0000 0x00010000 4
[2022-12-19 05:29:01] INFO     mem_cmp 0x4E7C0000 0x6E7C0000 0x00010000 4
[2022-12-19 05:29:33] INFO     mem_cmp 0x4EFC0000 0x6EFC0000 0x00010000 4
[2022-12-19 05:30:06] INFO     mem_cmp 0x4F7C0000 0x6F7C0000 0x00010000 4
[2022-12-19 05:30:38] INFO     mem_cmp 0x4FFC0000 0x6FFC0000 0x00010000 4
[2022-12-19 05:31:10] INFO     mem_cmp 0x507C0000 0x707C0000 0x00010000 4
[2022-12-19 05:31:42] INFO     mem_cmp 0x50FC0000 0x70FC0000 0x00010000 4
[2022-12-19 05:32:14] INFO     mem_cmp 0x517C0000 0x717C0000 0x00010000 4
[2022-12-19 05:32:46] INFO     mem_cmp 0x51FC0000 0x71FC0000 0x00010000 4
[2022-12-19 05:33:18] INFO     mem_cmp 0x527C0000 0x727C0000 0x00010000 4
[2022-12-19 05:33:50] INFO     mem_cmp 0x52FC0000 0x72FC0000 0x00010000 4
[2022-12-19 05:34:22] INFO     mem_cmp 0x537C0000 0x737C0000 0x00010000 4
[2022-12-19 05:34:55] INFO     mem_cmp 0x53FC0000 0x73FC0000 0x00010000 4
[2022-12-19 05:35:27] INFO     mem_cmp 0x547C0000 0x747C0000 0x00010000 4
[2022-12-19 05:35:59] INFO     mem_cmp 0x54FC0000 0x74FC0000 0x00010000 4
[2022-12-19 05:36:31] INFO     mem_cmp 0x557C0000 0x757C0000 0x00010000 4
[2022-12-19 05:37:03] INFO     mem_cmp 0x55FC0000 0x75FC0000 0x00010000 4
[2022-12-19 05:37:35] INFO     mem_cmp 0x567C0000 0x767C0000 0x00010000 4
[2022-12-19 05:38:07] INFO     mem_cmp 0x56FC0000 0x76FC0000 0x00010000 4
[2022-12-19 05:38:39] INFO     mem_cmp 0x577C0000 0x777C0000 0x00010000 4
[2022-12-19 05:39:11] INFO     mem_cmp 0x57FC0000 0x77FC0000 0x00010000 4
[2022-12-19 05:39:43] INFO     mem_cmp 0x587C0000 0x787C0000 0x00010000 4
[2022-12-19 05:40:16] INFO     mem_cmp 0x58FC0000 0x78FC0000 0x00010000 4
[2022-12-19 05:40:48] INFO     mem_cmp 0x597C0000 0x797C0000 0x00010000 4
[2022-12-19 05:41:20] INFO     mem_cmp 0x59FC0000 0x79FC0000 0x00010000 4
[2022-12-19 05:41:52] INFO     mem_cmp 0x5A7C0000 0x7A7C0000 0x00010000 4
[2022-12-19 05:42:24] INFO     mem_cmp 0x5AFC0000 0x7AFC0000 0x00010000 4
[2022-12-19 05:42:56] INFO     mem_cmp 0x5B7C0000 0x7B7C0000 0x00010000 4
[2022-12-19 05:43:28] INFO     mem_cmp 0x5BFC0000 0x7BFC0000 0x00010000 4
[2022-12-19 05:44:00] INFO     mem_cmp 0x5C7C0000 0x7C7C0000 0x00010000 4
[2022-12-19 05:44:32] INFO     mem_cmp 0x5CFC0000 0x7CFC0000 0x00010000 4
[2022-12-19 05:45:05] INFO     mem_cmp 0x5D7C0000 0x7D7C0000 0x00010000 4
[2022-12-19 05:45:37] INFO     mem_cmp 0x5DFC0000 0x7DFC0000 0x00010000 4
[2022-12-19 05:46:09] INFO     mem_cmp 0x5E7C0000 0x7E7C0000 0x00010000 4
[2022-12-19 05:46:41] INFO     mem_cmp 0x5EFC0000 0x7EFC0000 0x00010000 4
[2022-12-19 05:47:13] INFO     mem_cmp 0x5F7C0000 0x7F7C0000 0x00010000 4
[2022-12-19 05:47:45] INFO     mem_cmp 0x5FFC0000 0x7FFC0000 0x00010000 4
[2022-12-19 05:47:46] INFO     STATE:Mem Compare State
[2022-12-19 05:48:17] INFO     mem_cmp 0x407C0000 0x607C0000 0x00010000 4
[2022-12-19 05:48:49] INFO     mem_cmp 0x40FC0000 0x60FC0000 0x00010000 4
[2022-12-19 05:49:21] INFO     mem_cmp 0x417C0000 0x617C0000 0x00010000 4
[2022-12-19 05:49:53] INFO     mem_cmp 0x41FC0000 0x61FC0000 0x00010000 4
[2022-12-19 05:50:26] INFO     mem_cmp 0x427C0000 0x627C0000 0x00010000 4
[2022-12-19 05:50:58] INFO     mem_cmp 0x42FC0000 0x62FC0000 0x00010000 4
[2022-12-19 05:51:30] INFO     mem_cmp 0x437C0000 0x637C0000 0x00010000 4
[2022-12-19 05:52:02] INFO     mem_cmp 0x43FC0000 0x63FC0000 0x00010000 4
[2022-12-19 05:52:34] INFO     mem_cmp 0x447C0000 0x647C0000 0x00010000 4
[2022-12-19 05:53:06] INFO     mem_cmp 0x44FC0000 0x64FC0000 0x00010000 4
[2022-12-19 05:53:38] INFO     mem_cmp 0x457C0000 0x657C0000 0x00010000 4
[2022-12-19 05:54:20] ERROR    EXPECT:expect timeout (delay 15s)
[2022-12-19 05:54:36] ERROR    EXPECT:expect timeout (delay 15s)
[2022-12-19 05:54:52] ERROR    EXPECT:expect timeout (delay 15s)
[2022-12-19 05:55:08] ERROR    EXPECT:expect timeout (delay 15s)
[2022-12-19 05:55:24] ERROR    EXPECT:expect timeout (delay 15s)
[2022-12-19 05:55:40] ERROR    EXPECT:expect timeout (delay 15s)
[2022-12-19 05:55:40] INFO     mem_cmp 0x45FC0000 0x65FC0000 0x00010000 4
[2022-12-19 05:55:56] ERROR    EXPECT:expect timeout (delay 15s)
[2022-12-19 05:56:12] ERROR    EXPECT:expect timeout (delay 15s)
[2022-12-19 05:56:28] ERROR    EXPECT:expect timeout (delay 15s)
[2022-12-19 05:56:44] ERROR    EXPECT:expect timeout (delay 15s)
[2022-12-19 05:57:00] ERROR    EXPECT:expect timeout (delay 15s)
[2022-12-19 05:57:16] ERROR    EXPECT:expect timeout (delay 15s)
[2022-12-19 05:57:32] ERROR    EXPECT:expect timeout (delay 15s)
[2022-12-19 05:57:48] ERROR    EXPECT:expect timeout (delay 15s)
[2022-12-19 05:58:04] ERROR    EXPECT:expect timeout (delay 15s)
[2022-12-19 05:58:20] ERROR    EXPECT:expect timeout (delay 15s)
[2022-12-19 05:58:36] ERROR    EXPECT:expect timeout (delay 15s)
[2022-12-19 05:58:52] ERROR    EXPECT:expect timeout (delay 15s)
[2022-12-19 05:59:08] ERROR    EXPECT:expect timeout (delay 15s)
[2022-12-19 05:59:24] ERROR    EXPECT:expect timeout (delay 15s)
[2022-12-19 05:59:40] ERROR    EXPECT:expect timeout (delay 15s)
[2022-12-19 05:59:56] ERROR    EXPECT:expect timeout (delay 15s)
[2022-12-19 06:00:12] ERROR    EXPECT:expect timeout (delay 15s)
[2022-12-19 06:00:28] ERROR    EXPECT:expect timeout (delay 15s)
[2022-12-19 06:00:44] ERROR    EXPECT:expect timeout (delay 15s)
[2022-12-19 06:01:00] ERROR    EXPECT:expect timeout (delay 15s)
[2022-12-19 06:01:16] ERROR    EXPECT:expect timeout (delay 15s)
[2022-12-19 06:01:32] ERROR    EXPECT:expect timeout (delay 15s)
[2022-12-19 06:01:48] ERROR    EXPECT:expect timeout (delay 15s)
[2022-12-19 06:02:04] ERROR    EXPECT:expect timeout (delay 15s)
[2022-12-19 06:02:20] ERROR    EXPECT:expect timeout (delay 15s)
[2022-12-19 06:02:36] ERROR    EXPECT:expect timeout (delay 15s)
[2022-12-19 06:02:52] ERROR    EXPECT:expect timeout (delay 15s)
[2022-12-19 06:03:08] ERROR    EXPECT:expect timeout (delay 15s)
[2022-12-19 06:03:32] ERROR    EXPECT:expect timeout (delay 15s)
[2022-12-19 06:03:48] ERROR    EXPECT:expect timeout (delay 15s)
[2022-12-19 06:03:48] INFO     mem_cmp 0x467C0000 0x667C0000 0x00010000 4
[2022-12-19 06:04:04] ERROR    EXPECT:expect timeout (delay 15s)
[2022-12-19 06:04:20] ERROR    EXPECT:expect timeout (delay 15s)
[2022-12-19 06:04:36] ERROR    EXPECT:expect timeout (delay 15s)
[2022-12-19 06:04:52] ERROR    EXPECT:expect timeout (delay 15s)
[2022-12-19 06:05:08] ERROR    EXPECT:expect timeout (delay 15s)
[2022-12-19 06:05:24] ERROR    EXPECT:expect timeout (delay 15s)
[2022-12-19 06:05:40] ERROR    EXPECT:expect timeout (delay 15s)
[2022-12-19 06:05:56] ERROR    EXPECT:expect timeout (delay 15s)
[2022-12-19 06:06:12] ERROR    EXPECT:expect timeout (delay 15s)
[2022-12-19 06:06:28] ERROR    EXPECT:expect timeout (delay 15s)
[2022-12-19 06:06:44] ERROR    EXPECT:expect timeout (delay 15s)
[2022-12-19 06:07:00] ERROR    EXPECT:expect timeout (delay 15s)
[2022-12-19 06:07:16] ERROR    EXPECT:expect timeout (delay 15s)
[2022-12-19 06:07:32] ERROR    EXPECT:expect timeout (delay 15s)
[2022-12-19 06:07:48] ERROR    EXPECT:expect timeout (delay 15s)
[2022-12-19 06:08:04] ERROR    EXPECT:expect timeout (delay 15s)
[2022-12-19 06:08:20] ERROR    EXPECT:expect timeout (delay 15s)
[2022-12-19 06:08:36] ERROR    EXPECT:expect timeout (delay 15s)
[2022-12-19 06:08:52] ERROR    EXPECT:expect timeout (delay 15s)
[2022-12-19 06:09:08] ERROR    EXPECT:expect timeout (delay 15s)
[2022-12-19 06:09:24] ERROR    EXPECT:expect timeout (delay 15s)
[2022-12-19 06:09:40] ERROR    EXPECT:expect timeout (delay 15s)
[2022-12-19 06:09:56] ERROR    EXPECT:expect timeout (delay 15s)
[2022-12-19 06:10:12] ERROR    EXPECT:expect timeout (delay 15s)
[2022-12-19 06:10:28] ERROR    EXPECT:expect timeout (delay 15s)
[2022-12-19 06:10:44] ERROR    EXPECT:expect timeout (delay 15s)
[2022-12-19 06:11:00] ERROR    EXPECT:expect timeout (delay 15s)
[2022-12-19 06:11:16] ERROR    EXPECT:expect timeout (delay 15s)
[2022-12-19 06:11:32] ERROR    EXPECT:expect timeout (delay 15s)
[2022-12-19 06:11:48] ERROR    EXPECT:expect timeout (delay 15s)
[2022-12-19 06:12:04] ERROR    EXPECT:expect timeout (delay 15s)
[2022-12-19 06:12:20] ERROR    EXPECT:expect timeout (delay 15s)
[2022-12-19 06:12:20] INFO     mem_cmp 0x46FC0000 0x66FC0000 0x00010000 4
[2022-12-19 06:13:00] INFO     mem_cmp 0x477C0000 0x677C0000 0x00010000 4
[2022-12-19 06:13:32] INFO     mem_cmp 0x47FC0000 0x67FC0000 0x00010000 4
[2022-12-19 06:14:04] INFO     mem_cmp 0x487C0000 0x687C0000 0x00010000 4
[2022-12-19 06:14:36] INFO     mem_cmp 0x48FC0000 0x68FC0000 0x00010000 4
[2022-12-19 06:15:08] INFO     mem_cmp 0x497C0000 0x697C0000 0x00010000 4
[2022-12-19 06:15:40] INFO     mem_cmp 0x49FC0000 0x69FC0000 0x00010000 4
[2022-12-19 06:16:12] INFO     mem_cmp 0x4A7C0000 0x6A7C0000 0x00010000 4
[2022-12-19 06:16:44] INFO     mem_cmp 0x4AFC0000 0x6AFC0000 0x00010000 4
[2022-12-19 06:17:16] INFO     mem_cmp 0x4B7C0000 0x6B7C0000 0x00010000 4
[2022-12-19 06:17:48] INFO     mem_cmp 0x4BFC0000 0x6BFC0000 0x00010000 4
[2022-12-19 06:18:20] INFO     mem_cmp 0x4C7C0000 0x6C7C0000 0x00010000 4
[2022-12-19 06:18:52] INFO     mem_cmp 0x4CFC0000 0x6CFC0000 0x00010000 4
[2022-12-19 06:19:25] INFO     mem_cmp 0x4D7C0000 0x6D7C0000 0x00010000 4
[2022-12-19 06:19:57] INFO     mem_cmp 0x4DFC0000 0x6DFC0000 0x00010000 4
[2022-12-19 06:20:29] INFO     mem_cmp 0x4E7C0000 0x6E7C0000 0x00010000 4
[2022-12-19 06:21:01] INFO     mem_cmp 0x4EFC0000 0x6EFC0000 0x00010000 4
[2022-12-19 06:21:33] INFO     mem_cmp 0x4F7C0000 0x6F7C0000 0x00010000 4
[2022-12-19 06:22:05] INFO     mem_cmp 0x4FFC0000 0x6FFC0000 0x00010000 4
[2022-12-19 06:22:37] INFO     mem_cmp 0x507C0000 0x707C0000 0x00010000 4
[2022-12-19 06:23:09] INFO     mem_cmp 0x50FC0000 0x70FC0000 0x00010000 4
[2022-12-19 06:23:42] INFO     mem_cmp 0x517C0000 0x717C0000 0x00010000 4
[2022-12-19 06:24:14] INFO     mem_cmp 0x51FC0000 0x71FC0000 0x00010000 4
[2022-12-19 06:24:46] INFO     mem_cmp 0x527C0000 0x727C0000 0x00010000 4
[2022-12-19 06:25:18] INFO     mem_cmp 0x52FC0000 0x72FC0000 0x00010000 4
[2022-12-19 06:25:50] INFO     mem_cmp 0x537C0000 0x737C0000 0x00010000 4
[2022-12-19 06:26:22] INFO     mem_cmp 0x53FC0000 0x73FC0000 0x00010000 4
[2022-12-19 06:26:54] INFO     mem_cmp 0x547C0000 0x747C0000 0x00010000 4
[2022-12-19 06:27:26] INFO     mem_cmp 0x54FC0000 0x74FC0000 0x00010000 4
[2022-12-19 06:27:58] INFO     mem_cmp 0x557C0000 0x757C0000 0x00010000 4
[2022-12-19 06:28:30] INFO     mem_cmp 0x55FC0000 0x75FC0000 0x00010000 4
[2022-12-19 06:29:03] INFO     mem_cmp 0x567C0000 0x767C0000 0x00010000 4
[2022-12-19 06:29:35] INFO     mem_cmp 0x56FC0000 0x76FC0000 0x00010000 4
[2022-12-19 06:30:07] INFO     mem_cmp 0x577C0000 0x777C0000 0x00010000 4
[2022-12-19 06:30:39] INFO     mem_cmp 0x57FC0000 0x77FC0000 0x00010000 4
[2022-12-19 06:31:11] INFO     mem_cmp 0x587C0000 0x787C0000 0x00010000 4
[2022-12-19 06:31:43] INFO     mem_cmp 0x58FC0000 0x78FC0000 0x00010000 4
[2022-12-19 06:32:15] INFO     mem_cmp 0x597C0000 0x797C0000 0x00010000 4
[2022-12-19 06:32:47] INFO     mem_cmp 0x59FC0000 0x79FC0000 0x00010000 4
[2022-12-19 06:33:19] INFO     mem_cmp 0x5A7C0000 0x7A7C0000 0x00010000 4
[2022-12-19 06:33:52] INFO     mem_cmp 0x5AFC0000 0x7AFC0000 0x00010000 4
[2022-12-19 06:34:24] INFO     mem_cmp 0x5B7C0000 0x7B7C0000 0x00010000 4
[2022-12-19 06:34:56] INFO     mem_cmp 0x5BFC0000 0x7BFC0000 0x00010000 4
[2022-12-19 06:35:28] INFO     mem_cmp 0x5C7C0000 0x7C7C0000 0x00010000 4
[2022-12-19 06:36:00] INFO     mem_cmp 0x5CFC0000 0x7CFC0000 0x00010000 4
[2022-12-19 06:36:32] INFO     mem_cmp 0x5D7C0000 0x7D7C0000 0x00010000 4
[2022-12-19 06:37:04] INFO     mem_cmp 0x5DFC0000 0x7DFC0000 0x00010000 4
[2022-12-19 06:37:36] INFO     mem_cmp 0x5E7C0000 0x7E7C0000 0x00010000 4
[2022-12-19 06:38:08] INFO     mem_cmp 0x5EFC0000 0x7EFC0000 0x00010000 4
[2022-12-19 06:38:40] INFO     mem_cmp 0x5F7C0000 0x7F7C0000 0x00010000 4
[2022-12-19 06:39:12] INFO     mem_cmp 0x5FFC0000 0x7FFC0000 0x00010000 4
[2022-12-19 06:39:13] INFO     STATE:Mem Compare State
[2022-12-19 06:39:45] INFO     mem_cmp 0x407C0000 0x607C0000 0x00010000 4
[2022-12-19 06:40:17] INFO     mem_cmp 0x40FC0000 0x60FC0000 0x00010000 4
[2022-12-19 06:40:49] INFO     mem_cmp 0x417C0000 0x617C0000 0x00010000 4
[2022-12-19 06:41:21] INFO     mem_cmp 0x41FC0000 0x61FC0000 0x00010000 4
[2022-12-19 06:41:53] INFO     mem_cmp 0x427C0000 0x627C0000 0x00010000 4
[2022-12-19 06:42:25] INFO     mem_cmp 0x42FC0000 0x62FC0000 0x00010000 4
[2022-12-19 06:42:57] INFO     mem_cmp 0x437C0000 0x637C0000 0x00010000 4
[2022-12-19 06:43:29] INFO     mem_cmp 0x43FC0000 0x63FC0000 0x00010000 4
[2022-12-19 06:44:01] INFO     mem_cmp 0x447C0000 0x647C0000 0x00010000 4
[2022-12-19 06:44:33] INFO     mem_cmp 0x44FC0000 0x64FC0000 0x00010000 4
[2022-12-19 06:45:06] INFO     mem_cmp 0x457C0000 0x657C0000 0x00010000 4
[2022-12-19 06:45:48] ERROR    EXPECT:expect timeout (delay 15s)
[2022-12-19 06:46:04] ERROR    EXPECT:expect timeout (delay 15s)
[2022-12-19 06:46:20] ERROR    EXPECT:expect timeout (delay 15s)
[2022-12-19 06:46:36] ERROR    EXPECT:expect timeout (delay 15s)
[2022-12-19 06:46:52] ERROR    EXPECT:expect timeout (delay 15s)
[2022-12-19 06:47:08] ERROR    EXPECT:expect timeout (delay 15s)
[2022-12-19 06:47:08] INFO     mem_cmp 0x45FC0000 0x65FC0000 0x00010000 4
[2022-12-19 06:47:24] ERROR    EXPECT:expect timeout (delay 15s)
[2022-12-19 06:47:40] ERROR    EXPECT:expect timeout (delay 15s)
[2022-12-19 06:47:56] ERROR    EXPECT:expect timeout (delay 15s)
[2022-12-19 06:48:12] ERROR    EXPECT:expect timeout (delay 15s)
[2022-12-19 06:48:28] ERROR    EXPECT:expect timeout (delay 15s)
[2022-12-19 06:48:44] ERROR    EXPECT:expect timeout (delay 15s)
[2022-12-19 06:49:00] ERROR    EXPECT:expect timeout (delay 15s)
[2022-12-19 06:49:16] ERROR    EXPECT:expect timeout (delay 15s)
[2022-12-19 06:49:32] ERROR    EXPECT:expect timeout (delay 15s)
[2022-12-19 06:49:48] ERROR    EXPECT:expect timeout (delay 15s)
[2022-12-19 06:50:04] ERROR    EXPECT:expect timeout (delay 15s)
[2022-12-19 06:50:20] ERROR    EXPECT:expect timeout (delay 15s)
[2022-12-19 06:50:36] ERROR    EXPECT:expect timeout (delay 15s)
[2022-12-19 06:50:52] ERROR    EXPECT:expect timeout (delay 15s)
[2022-12-19 06:51:08] ERROR    EXPECT:expect timeout (delay 15s)
[2022-12-19 06:51:24] ERROR    EXPECT:expect timeout (delay 15s)
[2022-12-19 06:51:40] ERROR    EXPECT:expect timeout (delay 15s)
[2022-12-19 06:51:56] ERROR    EXPECT:expect timeout (delay 15s)
[2022-12-19 06:52:12] ERROR    EXPECT:expect timeout (delay 15s)
[2022-12-19 06:52:28] ERROR    EXPECT:expect timeout (delay 15s)
[2022-12-19 06:52:44] ERROR    EXPECT:expect timeout (delay 15s)
[2022-12-19 06:53:00] ERROR    EXPECT:expect timeout (delay 15s)
[2022-12-19 06:53:16] ERROR    EXPECT:expect timeout (delay 15s)
[2022-12-19 06:53:32] ERROR    EXPECT:expect timeout (delay 15s)
[2022-12-19 06:53:48] ERROR    EXPECT:expect timeout (delay 15s)
[2022-12-19 06:54:04] ERROR    EXPECT:expect timeout (delay 15s)
[2022-12-19 06:54:20] ERROR    EXPECT:expect timeout (delay 15s)
[2022-12-19 06:54:36] ERROR    EXPECT:expect timeout (delay 15s)
[2022-12-19 06:55:00] ERROR    EXPECT:expect timeout (delay 15s)
[2022-12-19 06:55:16] ERROR    EXPECT:expect timeout (delay 15s)
[2022-12-19 06:55:16] INFO     mem_cmp 0x467C0000 0x667C0000 0x00010000 4
[2022-12-19 06:55:32] ERROR    EXPECT:expect timeout (delay 15s)
[2022-12-19 06:55:48] ERROR    EXPECT:expect timeout (delay 15s)
[2022-12-19 06:56:04] ERROR    EXPECT:expect timeout (delay 15s)
[2022-12-19 06:56:20] ERROR    EXPECT:expect timeout (delay 15s)
[2022-12-19 06:56:36] ERROR    EXPECT:expect timeout (delay 15s)
[2022-12-19 06:56:52] ERROR    EXPECT:expect timeout (delay 15s)
[2022-12-19 06:57:08] ERROR    EXPECT:expect timeout (delay 15s)
[2022-12-19 06:57:24] ERROR    EXPECT:expect timeout (delay 15s)
[2022-12-19 06:57:40] ERROR    EXPECT:expect timeout (delay 15s)
[2022-12-19 06:57:56] ERROR    EXPECT:expect timeout (delay 15s)
[2022-12-19 06:58:12] ERROR    EXPECT:expect timeout (delay 15s)
[2022-12-19 06:58:28] ERROR    EXPECT:expect timeout (delay 15s)
[2022-12-19 06:58:44] ERROR    EXPECT:expect timeout (delay 15s)
[2022-12-19 06:59:00] ERROR    EXPECT:expect timeout (delay 15s)
[2022-12-19 06:59:16] ERROR    EXPECT:expect timeout (delay 15s)
[2022-12-19 06:59:32] ERROR    EXPECT:expect timeout (delay 15s)
[2022-12-19 06:59:48] ERROR    EXPECT:expect timeout (delay 15s)
[2022-12-19 07:00:04] ERROR    EXPECT:expect timeout (delay 15s)
[2022-12-19 07:00:20] ERROR    EXPECT:expect timeout (delay 15s)
[2022-12-19 07:00:36] ERROR    EXPECT:expect timeout (delay 15s)
[2022-12-19 07:00:52] ERROR    EXPECT:expect timeout (delay 15s)
[2022-12-19 07:01:08] ERROR    EXPECT:expect timeout (delay 15s)
[2022-12-19 07:01:24] ERROR    EXPECT:expect timeout (delay 15s)
[2022-12-19 07:01:40] ERROR    EXPECT:expect timeout (delay 15s)
[2022-12-19 07:01:56] ERROR    EXPECT:expect timeout (delay 15s)
[2022-12-19 07:02:12] ERROR    EXPECT:expect timeout (delay 15s)
[2022-12-19 07:02:28] ERROR    EXPECT:expect timeout (delay 15s)
[2022-12-19 07:02:44] ERROR    EXPECT:expect timeout (delay 15s)
[2022-12-19 07:03:00] ERROR    EXPECT:expect timeout (delay 15s)
[2022-12-19 07:03:16] ERROR    EXPECT:expect timeout (delay 15s)
[2022-12-19 07:03:32] ERROR    EXPECT:expect timeout (delay 15s)
[2022-12-19 07:03:48] ERROR    EXPECT:expect timeout (delay 15s)
[2022-12-19 07:03:48] INFO     mem_cmp 0x46FC0000 0x66FC0000 0x00010000 4
[2022-12-19 07:04:27] INFO     mem_cmp 0x477C0000 0x677C0000 0x00010000 4
[2022-12-19 07:04:59] INFO     mem_cmp 0x47FC0000 0x67FC0000 0x00010000 4
[2022-12-19 07:05:31] INFO     mem_cmp 0x487C0000 0x687C0000 0x00010000 4
[2022-12-19 07:06:03] INFO     mem_cmp 0x48FC0000 0x68FC0000 0x00010000 4
[2022-12-19 07:06:35] INFO     mem_cmp 0x497C0000 0x697C0000 0x00010000 4
[2022-12-19 07:07:07] INFO     mem_cmp 0x49FC0000 0x69FC0000 0x00010000 4
[2022-12-19 07:07:39] INFO     mem_cmp 0x4A7C0000 0x6A7C0000 0x00010000 4
[2022-12-19 07:08:11] INFO     mem_cmp 0x4AFC0000 0x6AFC0000 0x00010000 4
[2022-12-19 07:08:43] INFO     mem_cmp 0x4B7C0000 0x6B7C0000 0x00010000 4
[2022-12-19 07:09:16] INFO     mem_cmp 0x4BFC0000 0x6BFC0000 0x00010000 4
[2022-12-19 07:09:48] INFO     mem_cmp 0x4C7C0000 0x6C7C0000 0x00010000 4
[2022-12-19 07:10:20] INFO     mem_cmp 0x4CFC0000 0x6CFC0000 0x00010000 4
[2022-12-19 07:10:52] INFO     mem_cmp 0x4D7C0000 0x6D7C0000 0x00010000 4
[2022-12-19 07:11:24] INFO     mem_cmp 0x4DFC0000 0x6DFC0000 0x00010000 4
[2022-12-19 07:11:56] INFO     mem_cmp 0x4E7C0000 0x6E7C0000 0x00010000 4
[2022-12-19 07:12:28] INFO     mem_cmp 0x4EFC0000 0x6EFC0000 0x00010000 4
[2022-12-19 07:13:00] INFO     mem_cmp 0x4F7C0000 0x6F7C0000 0x00010000 4
[2022-12-19 07:13:32] INFO     mem_cmp 0x4FFC0000 0x6FFC0000 0x00010000 4
[2022-12-19 07:14:04] INFO     mem_cmp 0x507C0000 0x707C0000 0x00010000 4
[2022-12-19 07:14:37] INFO     mem_cmp 0x50FC0000 0x70FC0000 0x00010000 4
[2022-12-19 07:15:09] INFO     mem_cmp 0x517C0000 0x717C0000 0x00010000 4
[2022-12-19 07:15:41] INFO     mem_cmp 0x51FC0000 0x71FC0000 0x00010000 4
[2022-12-19 07:16:13] INFO     mem_cmp 0x527C0000 0x727C0000 0x00010000 4
[2022-12-19 07:16:45] INFO     mem_cmp 0x52FC0000 0x72FC0000 0x00010000 4
[2022-12-19 07:17:17] INFO     mem_cmp 0x537C0000 0x737C0000 0x00010000 4
[2022-12-19 07:17:49] INFO     mem_cmp 0x53FC0000 0x73FC0000 0x00010000 4
[2022-12-19 07:18:21] INFO     mem_cmp 0x547C0000 0x747C0000 0x00010000 4
[2022-12-19 07:18:53] INFO     mem_cmp 0x54FC0000 0x74FC0000 0x00010000 4
[2022-12-19 07:19:26] INFO     mem_cmp 0x557C0000 0x757C0000 0x00010000 4
[2022-12-19 07:19:58] INFO     mem_cmp 0x55FC0000 0x75FC0000 0x00010000 4
[2022-12-19 07:20:30] INFO     mem_cmp 0x567C0000 0x767C0000 0x00010000 4
[2022-12-19 07:21:02] INFO     mem_cmp 0x56FC0000 0x76FC0000 0x00010000 4
[2022-12-19 07:21:34] INFO     mem_cmp 0x577C0000 0x777C0000 0x00010000 4
[2022-12-19 07:22:06] INFO     mem_cmp 0x57FC0000 0x77FC0000 0x00010000 4
[2022-12-19 07:22:38] INFO     mem_cmp 0x587C0000 0x787C0000 0x00010000 4
[2022-12-19 07:23:10] INFO     mem_cmp 0x58FC0000 0x78FC0000 0x00010000 4
[2022-12-19 07:23:42] INFO     mem_cmp 0x597C0000 0x797C0000 0x00010000 4
[2022-12-19 07:24:15] INFO     mem_cmp 0x59FC0000 0x79FC0000 0x00010000 4
[2022-12-19 07:24:47] INFO     mem_cmp 0x5A7C0000 0x7A7C0000 0x00010000 4
[2022-12-19 07:25:19] INFO     mem_cmp 0x5AFC0000 0x7AFC0000 0x00010000 4
[2022-12-19 07:25:51] INFO     mem_cmp 0x5B7C0000 0x7B7C0000 0x00010000 4
[2022-12-19 07:26:23] INFO     mem_cmp 0x5BFC0000 0x7BFC0000 0x00010000 4
[2022-12-19 07:26:55] INFO     mem_cmp 0x5C7C0000 0x7C7C0000 0x00010000 4
[2022-12-19 07:27:27] INFO     mem_cmp 0x5CFC0000 0x7CFC0000 0x00010000 4
[2022-12-19 07:27:59] INFO     mem_cmp 0x5D7C0000 0x7D7C0000 0x00010000 4
[2022-12-19 07:28:31] INFO     mem_cmp 0x5DFC0000 0x7DFC0000 0x00010000 4
[2022-12-19 07:29:03] INFO     mem_cmp 0x5E7C0000 0x7E7C0000 0x00010000 4
[2022-12-19 07:29:35] INFO     mem_cmp 0x5EFC0000 0x7EFC0000 0x00010000 4
[2022-12-19 07:30:08] INFO     mem_cmp 0x5F7C0000 0x7F7C0000 0x00010000 4
[2022-12-19 07:30:40] INFO     mem_cmp 0x5FFC0000 0x7FFC0000 0x00010000 4
[2022-12-19 07:30:41] INFO     STATE:Mem Compare State
[2022-12-19 07:31:12] INFO     mem_cmp 0x407C0000 0x607C0000 0x00010000 4
[2022-12-19 07:31:44] INFO     mem_cmp 0x40FC0000 0x60FC0000 0x00010000 4
[2022-12-19 07:32:16] INFO     mem_cmp 0x417C0000 0x617C0000 0x00010000 4
[2022-12-19 07:32:48] INFO     mem_cmp 0x41FC0000 0x61FC0000 0x00010000 4
[2022-12-19 07:33:20] INFO     mem_cmp 0x427C0000 0x627C0000 0x00010000 4
[2022-12-19 07:33:52] INFO     mem_cmp 0x42FC0000 0x62FC0000 0x00010000 4
[2022-12-19 07:34:25] INFO     mem_cmp 0x437C0000 0x637C0000 0x00010000 4
[2022-12-19 07:34:57] INFO     mem_cmp 0x43FC0000 0x63FC0000 0x00010000 4
[2022-12-19 07:35:29] INFO     mem_cmp 0x447C0000 0x647C0000 0x00010000 4
[2022-12-19 07:36:01] INFO     mem_cmp 0x44FC0000 0x64FC0000 0x00010000 4
[2022-12-19 07:36:33] INFO     mem_cmp 0x457C0000 0x657C0000 0x00010000 4
[2022-12-19 07:37:15] ERROR    EXPECT:expect timeout (delay 15s)
[2022-12-19 07:37:31] ERROR    EXPECT:expect timeout (delay 15s)
[2022-12-19 07:37:47] ERROR    EXPECT:expect timeout (delay 15s)
[2022-12-19 07:38:03] ERROR    EXPECT:expect timeout (delay 15s)
[2022-12-19 07:38:19] ERROR    EXPECT:expect timeout (delay 15s)
[2022-12-19 07:38:35] ERROR    EXPECT:expect timeout (delay 15s)
[2022-12-19 07:38:35] INFO     mem_cmp 0x45FC0000 0x65FC0000 0x00010000 4
[2022-12-19 07:38:51] ERROR    EXPECT:expect timeout (delay 15s)
[2022-12-19 07:39:07] ERROR    EXPECT:expect timeout (delay 15s)
[2022-12-19 07:39:23] ERROR    EXPECT:expect timeout (delay 15s)
[2022-12-19 07:39:39] ERROR    EXPECT:expect timeout (delay 15s)
[2022-12-19 07:39:55] ERROR    EXPECT:expect timeout (delay 15s)
[2022-12-19 07:40:11] ERROR    EXPECT:expect timeout (delay 15s)
[2022-12-19 07:40:27] ERROR    EXPECT:expect timeout (delay 15s)
[2022-12-19 07:40:43] ERROR    EXPECT:expect timeout (delay 15s)
[2022-12-19 07:40:59] ERROR    EXPECT:expect timeout (delay 15s)
[2022-12-19 07:41:15] ERROR    EXPECT:expect timeout (delay 15s)
[2022-12-19 07:41:31] ERROR    EXPECT:expect timeout (delay 15s)
[2022-12-19 07:41:47] ERROR    EXPECT:expect timeout (delay 15s)
[2022-12-19 07:42:03] ERROR    EXPECT:expect timeout (delay 15s)
[2022-12-19 07:42:19] ERROR    EXPECT:expect timeout (delay 15s)
[2022-12-19 07:42:35] ERROR    EXPECT:expect timeout (delay 15s)
[2022-12-19 07:42:51] ERROR    EXPECT:expect timeout (delay 15s)
[2022-12-19 07:43:07] ERROR    EXPECT:expect timeout (delay 15s)
[2022-12-19 07:43:23] ERROR    EXPECT:expect timeout (delay 15s)
[2022-12-19 07:43:39] ERROR    EXPECT:expect timeout (delay 15s)
[2022-12-19 07:43:55] ERROR    EXPECT:expect timeout (delay 15s)
[2022-12-19 07:44:11] ERROR    EXPECT:expect timeout (delay 15s)
[2022-12-19 07:44:27] ERROR    EXPECT:expect timeout (delay 15s)
[2022-12-19 07:44:43] ERROR    EXPECT:expect timeout (delay 15s)
[2022-12-19 07:44:59] ERROR    EXPECT:expect timeout (delay 15s)
[2022-12-19 07:45:15] ERROR    EXPECT:expect timeout (delay 15s)
[2022-12-19 07:45:31] ERROR    EXPECT:expect timeout (delay 15s)
[2022-12-19 07:45:47] ERROR    EXPECT:expect timeout (delay 15s)
[2022-12-19 07:46:03] ERROR    EXPECT:expect timeout (delay 15s)
[2022-12-19 07:46:19] ERROR    EXPECT:expect timeout (delay 15s)
[2022-12-19 07:46:48] ERROR    EXPECT:expect timeout (delay 15s)
[2022-12-19 07:46:48] INFO     mem_cmp 0x467C0000 0x667C0000 0x00010000 4
[2022-12-19 07:47:04] ERROR    EXPECT:expect timeout (delay 15s)
[2022-12-19 07:47:20] ERROR    EXPECT:expect timeout (delay 15s)
[2022-12-19 07:47:36] ERROR    EXPECT:expect timeout (delay 15s)
[2022-12-19 07:47:52] ERROR    EXPECT:expect timeout (delay 15s)
[2022-12-19 07:48:08] ERROR    EXPECT:expect timeout (delay 15s)
[2022-12-19 07:48:24] ERROR    EXPECT:expect timeout (delay 15s)
[2022-12-19 07:48:40] ERROR    EXPECT:expect timeout (delay 15s)
[2022-12-19 07:48:56] ERROR    EXPECT:expect timeout (delay 15s)
[2022-12-19 07:49:12] ERROR    EXPECT:expect timeout (delay 15s)
[2022-12-19 07:49:28] ERROR    EXPECT:expect timeout (delay 15s)
[2022-12-19 07:49:44] ERROR    EXPECT:expect timeout (delay 15s)
[2022-12-19 07:50:00] ERROR    EXPECT:expect timeout (delay 15s)
[2022-12-19 07:50:16] ERROR    EXPECT:expect timeout (delay 15s)
[2022-12-19 07:50:32] ERROR    EXPECT:expect timeout (delay 15s)
[2022-12-19 07:50:48] ERROR    EXPECT:expect timeout (delay 15s)
[2022-12-19 07:51:04] ERROR    EXPECT:expect timeout (delay 15s)
[2022-12-19 07:51:20] ERROR    EXPECT:expect timeout (delay 15s)
[2022-12-19 07:51:36] ERROR    EXPECT:expect timeout (delay 15s)
