[2022-12-17 15:22:27] INFO     git commit information
[2022-12-17 15:22:27] INFO     	git commit:8954ec1 Added cycle feature
[2022-12-17 15:22:27] INFO     	git commit date:Sat Dec 17 11:53:18 2022
[2022-12-17 15:22:27] INFO     	git status:Sat Dec 17 11:53:18 2022
[2022-12-17 15:22:27] INFO     		M beam-test/test_scripts/bios_test.py
[2022-12-17 15:22:27] INFO     		M beam-test/test_scripts/readme.md
[2022-12-17 15:22:27] INFO     Command line information
[2022-12-17 15:22:27] INFO     	Command line:['rowhammer_test.py', '--log_dir', './lansce2022/', '--continuous']
[2022-12-17 15:22:27] INFO     	arg:dbg=False
[2022-12-17 15:22:27] INFO     	arg:pattern=None
[2022-12-17 15:22:27] INFO     	arg:continuous=True
[2022-12-17 15:22:27] INFO     	arg:iterations=None
[2022-12-17 15:22:27] INFO     	arg:log_dir=./lansce2022/
[2022-12-17 15:22:28] INFO     Iteration 1 (0 errors)
[2022-12-17 15:22:29] INFO     Iteration 2 (0 errors)
[2022-12-17 15:22:29] INFO     Iteration 3 (0 errors)
[2022-12-17 15:22:30] INFO     Iteration 4 (0 errors)
[2022-12-17 15:22:31] INFO     Iteration 5 (0 errors)
[2022-12-17 15:22:32] INFO     Iteration 6 (0 errors)
[2022-12-17 15:22:33] INFO     Iteration 7 (0 errors)
[2022-12-17 15:22:33] INFO     Iteration 8 (0 errors)
[2022-12-17 15:22:34] INFO     Iteration 9 (0 errors)
[2022-12-17 15:22:35] INFO     Iteration 10 (0 errors)
[2022-12-17 15:22:36] INFO     Iteration 11 (0 errors)
[2022-12-17 15:22:37] INFO     Iteration 12 (0 errors)
[2022-12-17 15:22:37] INFO     Iteration 13 (0 errors)
[2022-12-17 15:22:38] INFO     Iteration 14 (0 errors)
[2022-12-17 15:22:39] INFO     Iteration 15 (0 errors)
[2022-12-17 15:22:40] INFO     Iteration 16 (0 errors)
[2022-12-17 15:22:41] INFO     Iteration 17 (0 errors)
[2022-12-17 15:22:41] INFO     Iteration 18 (0 errors)
[2022-12-17 15:22:42] INFO     Iteration 19 (0 errors)
[2022-12-17 15:22:43] INFO     Iteration 20 (0 errors)
[2022-12-17 15:22:44] INFO     Iteration 21 (0 errors)
[2022-12-17 15:22:45] INFO     Iteration 22 (0 errors)
[2022-12-17 15:22:45] INFO     Iteration 23 (0 errors)
[2022-12-17 15:22:46] INFO     Iteration 24 (0 errors)
[2022-12-17 15:22:47] INFO     Iteration 25 (0 errors)
[2022-12-17 15:22:48] INFO     Iteration 26 (0 errors)
[2022-12-17 15:22:49] INFO     Iteration 27 (0 errors)
[2022-12-17 15:22:50] INFO     Iteration 28 (0 errors)
[2022-12-17 15:22:50] INFO     Iteration 29 (0 errors)
[2022-12-17 15:22:51] INFO     Iteration 30 (0 errors)
[2022-12-17 15:22:52] INFO     Iteration 31 (0 errors)
[2022-12-17 15:22:53] INFO     Iteration 32 (0 errors)
[2022-12-17 15:22:54] INFO     Iteration 33 (0 errors)
[2022-12-17 15:22:54] INFO     Iteration 34 (0 errors)
[2022-12-17 15:22:55] INFO     Iteration 35 (0 errors)
[2022-12-17 15:22:56] INFO     Iteration 36 (0 errors)
[2022-12-17 15:22:57] INFO     Iteration 37 (0 errors)
[2022-12-17 15:22:58] INFO     Iteration 38 (0 errors)
[2022-12-17 15:22:58] INFO     Iteration 39 (0 errors)
[2022-12-17 15:22:59] INFO     Iteration 40 (0 errors)
[2022-12-17 15:23:00] INFO     Iteration 41 (0 errors)
[2022-12-17 15:23:01] INFO     Iteration 42 (0 errors)
[2022-12-17 15:23:02] INFO     Iteration 43 (0 errors)
[2022-12-17 15:23:02] INFO     Iteration 44 (0 errors)
[2022-12-17 15:23:03] INFO     Iteration 45 (0 errors)
[2022-12-17 15:23:04] INFO     Iteration 46 (0 errors)
[2022-12-17 15:23:05] INFO     Iteration 47 (0 errors)
[2022-12-17 15:23:06] INFO     Iteration 48 (0 errors)
[2022-12-17 15:23:06] INFO     Iteration 49 (0 errors)
[2022-12-17 15:23:07] INFO     Iteration 50 (0 errors)
[2022-12-17 15:23:08] INFO     Iteration 51 (0 errors)
[2022-12-17 15:23:09] INFO     Iteration 52 (0 errors)
[2022-12-17 15:23:10] INFO     Iteration 53 (0 errors)
[2022-12-17 15:23:10] INFO     Iteration 54 (0 errors)
[2022-12-17 15:23:11] INFO     Iteration 55 (0 errors)
[2022-12-17 15:23:12] INFO     Iteration 56 (0 errors)
[2022-12-17 15:23:13] INFO     Iteration 57 (0 errors)
[2022-12-17 15:23:14] INFO     Iteration 58 (0 errors)
[2022-12-17 15:23:15] INFO     Iteration 59 (0 errors)
[2022-12-17 15:23:15] INFO     Iteration 60 (0 errors)
[2022-12-17 15:23:16] INFO     Iteration 61 (0 errors)
[2022-12-17 15:23:17] INFO     Iteration 62 (0 errors)
[2022-12-17 15:23:18] INFO     Iteration 63 (0 errors)
[2022-12-17 15:23:19] INFO     Iteration 64 (0 errors)
[2022-12-17 15:23:19] INFO     Iteration 65 (0 errors)
[2022-12-17 15:23:20] INFO     Iteration 66 (0 errors)
[2022-12-17 15:23:21] INFO     Iteration 67 (0 errors)
[2022-12-17 15:23:22] INFO     Iteration 68 (0 errors)
[2022-12-17 15:23:23] INFO     Iteration 69 (0 errors)
[2022-12-17 15:23:23] INFO     Iteration 70 (0 errors)
[2022-12-17 15:23:24] INFO     Iteration 71 (0 errors)
[2022-12-17 15:23:25] INFO     Iteration 72 (0 errors)
[2022-12-17 15:23:26] INFO     Iteration 73 (0 errors)
[2022-12-17 15:23:27] INFO     Iteration 74 (0 errors)
[2022-12-17 15:23:27] INFO     Iteration 75 (0 errors)
[2022-12-17 15:23:28] INFO     Iteration 76 (0 errors)
[2022-12-17 15:23:29] INFO     Iteration 77 (0 errors)
[2022-12-17 15:23:30] INFO     Iteration 78 (0 errors)
[2022-12-17 15:23:31] INFO     Iteration 79 (0 errors)
[2022-12-17 15:23:31] INFO     Iteration 80 (0 errors)
[2022-12-17 15:23:32] INFO     Iteration 81 (0 errors)
[2022-12-17 15:23:33] INFO     Iteration 82 (0 errors)
[2022-12-17 15:23:34] INFO     Iteration 83 (0 errors)
[2022-12-17 15:23:35] INFO     Iteration 84 (0 errors)
[2022-12-17 15:23:36] INFO     Iteration 85 (0 errors)
[2022-12-17 15:23:36] INFO     Iteration 86 (0 errors)
[2022-12-17 15:23:37] INFO     Iteration 87 (0 errors)
[2022-12-17 15:23:38] INFO     Iteration 88 (0 errors)
[2022-12-17 15:23:39] INFO     Iteration 89 (0 errors)
[2022-12-17 15:23:40] INFO     Iteration 90 (0 errors)
[2022-12-17 15:23:40] INFO     Iteration 91 (0 errors)
[2022-12-17 15:23:41] INFO     Iteration 92 (0 errors)
[2022-12-17 15:23:42] INFO     Iteration 93 (0 errors)
[2022-12-17 15:23:43] INFO     Iteration 94 (0 errors)
[2022-12-17 15:23:44] INFO     Iteration 95 (0 errors)
[2022-12-17 15:23:44] INFO     Iteration 96 (0 errors)
[2022-12-17 15:23:45] INFO     Iteration 97 (0 errors)
[2022-12-17 15:23:46] INFO     Iteration 98 (0 errors)
[2022-12-17 15:23:47] INFO     Iteration 99 (0 errors)
[2022-12-17 15:23:48] INFO     Iteration 100 (0 errors)
[2022-12-17 15:23:48] INFO     Iteration 101 (0 errors)
[2022-12-17 15:23:49] INFO     Iteration 102 (0 errors)
[2022-12-17 15:23:50] INFO     Iteration 103 (0 errors)
[2022-12-17 15:23:51] INFO     Iteration 104 (0 errors)
[2022-12-17 15:23:52] INFO     Iteration 105 (0 errors)
[2022-12-17 15:23:52] INFO     Iteration 106 (0 errors)
[2022-12-17 15:23:53] INFO     Iteration 107 (0 errors)
[2022-12-17 15:23:54] INFO     Iteration 108 (0 errors)
[2022-12-17 15:23:55] INFO     Iteration 109 (0 errors)
[2022-12-17 15:23:56] INFO     Iteration 110 (0 errors)
[2022-12-17 15:23:57] INFO     Iteration 111 (0 errors)
[2022-12-17 15:23:57] INFO     Iteration 112 (0 errors)
[2022-12-17 15:23:58] INFO     Iteration 113 (0 errors)
[2022-12-17 15:23:59] INFO     Iteration 114 (0 errors)
[2022-12-17 15:24:00] INFO     Iteration 115 (0 errors)
[2022-12-17 15:24:01] INFO     Iteration 116 (0 errors)
[2022-12-17 15:24:01] INFO     Iteration 117 (0 errors)
[2022-12-17 15:24:02] INFO     Iteration 118 (0 errors)
[2022-12-17 15:24:03] INFO     Iteration 119 (0 errors)
[2022-12-17 15:24:04] INFO     Iteration 120 (0 errors)
[2022-12-17 15:24:05] INFO     Iteration 121 (0 errors)
[2022-12-17 15:24:05] INFO     Iteration 122 (0 errors)
[2022-12-17 15:24:06] INFO     Iteration 123 (0 errors)
[2022-12-17 15:24:07] INFO     Iteration 124 (0 errors)
[2022-12-17 15:24:08] INFO     Iteration 125 (0 errors)
[2022-12-17 15:24:09] INFO     Iteration 126 (0 errors)
[2022-12-17 15:24:09] INFO     Iteration 127 (0 errors)
[2022-12-17 15:24:10] INFO     Iteration 128 (0 errors)
[2022-12-17 15:24:11] INFO     Iteration 129 (0 errors)
[2022-12-17 15:24:12] INFO     Iteration 130 (0 errors)
[2022-12-17 15:24:13] INFO     Iteration 131 (0 errors)
[2022-12-17 15:24:13] INFO     Iteration 132 (0 errors)
[2022-12-17 15:24:14] INFO     Iteration 133 (0 errors)
[2022-12-17 15:24:15] INFO     Iteration 134 (0 errors)
[2022-12-17 15:24:16] INFO     Iteration 135 (0 errors)
[2022-12-17 15:24:17] INFO     Iteration 136 (0 errors)
[2022-12-17 15:24:17] INFO     Iteration 137 (0 errors)
[2022-12-17 15:24:18] INFO     Iteration 138 (0 errors)
[2022-12-17 15:24:19] INFO     Iteration 139 (0 errors)
[2022-12-17 15:24:20] INFO     Iteration 140 (0 errors)
[2022-12-17 15:24:21] INFO     Iteration 141 (0 errors)
[2022-12-17 15:24:21] INFO     Iteration 142 (0 errors)
[2022-12-17 15:24:22] INFO     Iteration 143 (0 errors)
[2022-12-17 15:24:23] INFO     Iteration 144 (0 errors)
[2022-12-17 15:24:24] INFO     Iteration 145 (0 errors)
[2022-12-17 15:24:25] INFO     Iteration 146 (0 errors)
[2022-12-17 15:24:26] INFO     Iteration 147 (0 errors)
[2022-12-17 15:24:26] INFO     Iteration 148 (0 errors)
[2022-12-17 15:24:27] INFO     Iteration 149 (0 errors)
[2022-12-17 15:24:28] INFO     Iteration 150 (0 errors)
[2022-12-17 15:24:29] INFO     Iteration 151 (0 errors)
[2022-12-17 15:24:30] INFO     Iteration 152 (0 errors)
[2022-12-17 15:24:30] INFO     Iteration 153 (0 errors)
[2022-12-17 15:24:31] INFO     Iteration 154 (0 errors)
[2022-12-17 15:24:32] INFO     Iteration 155 (0 errors)
[2022-12-17 15:24:33] INFO     Iteration 156 (0 errors)
[2022-12-17 15:24:34] INFO     Iteration 157 (0 errors)
[2022-12-17 15:24:34] INFO     Iteration 158 (0 errors)
[2022-12-17 15:24:35] INFO     Iteration 159 (0 errors)
[2022-12-17 15:24:36] INFO     Iteration 160 (0 errors)
[2022-12-17 15:24:37] INFO     Iteration 161 (0 errors)
[2022-12-17 15:24:38] INFO     Iteration 162 (0 errors)
[2022-12-17 15:24:38] INFO     Iteration 163 (0 errors)
[2022-12-17 15:24:39] INFO     Iteration 164 (0 errors)
[2022-12-17 15:24:40] INFO     Iteration 165 (0 errors)
[2022-12-17 15:24:41] INFO     Iteration 166 (0 errors)
[2022-12-17 15:24:42] INFO     Iteration 167 (0 errors)
[2022-12-17 15:24:43] INFO     Iteration 168 (0 errors)
[2022-12-17 15:24:43] INFO     Iteration 169 (0 errors)
[2022-12-17 15:24:44] INFO     Iteration 170 (0 errors)
[2022-12-17 15:24:45] INFO     Iteration 171 (0 errors)
[2022-12-17 15:24:46] INFO     Iteration 172 (0 errors)
[2022-12-17 15:24:47] INFO     Iteration 173 (0 errors)
[2022-12-17 15:24:47] INFO     Iteration 174 (0 errors)
[2022-12-17 15:24:48] INFO     Iteration 175 (0 errors)
[2022-12-17 15:24:49] INFO     Iteration 176 (0 errors)
[2022-12-17 15:24:50] INFO     Iteration 177 (0 errors)
[2022-12-17 15:24:51] INFO     Iteration 178 (0 errors)
[2022-12-17 15:24:51] INFO     Iteration 179 (0 errors)
[2022-12-17 15:24:52] INFO     Iteration 180 (0 errors)
[2022-12-17 15:24:53] INFO     Iteration 181 (0 errors)
[2022-12-17 15:24:54] INFO     Iteration 182 (0 errors)
[2022-12-17 15:24:55] INFO     Iteration 183 (0 errors)
[2022-12-17 15:24:55] INFO     Iteration 184 (0 errors)
[2022-12-17 15:24:56] INFO     Iteration 185 (0 errors)
[2022-12-17 15:24:57] INFO     Iteration 186 (0 errors)
[2022-12-17 15:24:58] INFO     Iteration 187 (0 errors)
[2022-12-17 15:24:59] INFO     Iteration 188 (0 errors)
[2022-12-17 15:24:59] INFO     Iteration 189 (0 errors)
[2022-12-17 15:25:00] INFO     Iteration 190 (0 errors)
[2022-12-17 15:25:01] INFO     Iteration 191 (0 errors)
[2022-12-17 15:25:02] INFO     Iteration 192 (0 errors)
[2022-12-17 15:25:03] INFO     Iteration 193 (0 errors)
[2022-12-17 15:25:03] INFO     Iteration 194 (0 errors)
[2022-12-17 15:25:04] INFO     Iteration 195 (0 errors)
[2022-12-17 15:25:05] INFO     Iteration 196 (0 errors)
[2022-12-17 15:25:06] INFO     Iteration 197 (0 errors)
[2022-12-17 15:25:07] INFO     Iteration 198 (0 errors)
[2022-12-17 15:25:08] INFO     Iteration 199 (0 errors)
[2022-12-17 15:25:08] INFO     Iteration 200 (0 errors)
[2022-12-17 15:25:09] INFO     Iteration 201 (0 errors)
[2022-12-17 15:25:10] INFO     Iteration 202 (0 errors)
[2022-12-17 15:25:11] INFO     Iteration 203 (0 errors)
[2022-12-17 15:25:12] INFO     Iteration 204 (0 errors)
[2022-12-17 15:25:12] INFO     Iteration 205 (0 errors)
[2022-12-17 15:25:13] INFO     Iteration 206 (0 errors)
[2022-12-17 15:25:14] INFO     Iteration 207 (0 errors)
[2022-12-17 15:25:15] INFO     Iteration 208 (0 errors)
[2022-12-17 15:25:16] INFO     Iteration 209 (0 errors)
[2022-12-17 15:25:16] INFO     Iteration 210 (0 errors)
[2022-12-17 15:25:17] INFO     Iteration 211 (0 errors)
[2022-12-17 15:25:18] INFO     Iteration 212 (0 errors)
[2022-12-17 15:25:19] INFO     Iteration 213 (0 errors)
[2022-12-17 15:25:20] INFO     Iteration 214 (0 errors)
[2022-12-17 15:25:20] INFO     Iteration 215 (0 errors)
[2022-12-17 15:25:21] INFO     Iteration 216 (0 errors)
[2022-12-17 15:25:22] INFO     Iteration 217 (0 errors)
[2022-12-17 15:25:23] INFO     Iteration 218 (0 errors)
[2022-12-17 15:25:24] INFO     Iteration 219 (0 errors)
[2022-12-17 15:25:24] INFO     Iteration 220 (0 errors)
[2022-12-17 15:25:25] INFO     Iteration 221 (0 errors)
[2022-12-17 15:25:26] INFO     Iteration 222 (0 errors)
[2022-12-17 15:25:27] INFO     Iteration 223 (0 errors)
[2022-12-17 15:25:28] INFO     Iteration 224 (0 errors)
[2022-12-17 15:25:28] INFO     Iteration 225 (0 errors)
[2022-12-17 15:25:29] INFO     Iteration 226 (0 errors)
[2022-12-17 15:25:30] INFO     Iteration 227 (0 errors)
[2022-12-17 15:25:31] INFO     Iteration 228 (0 errors)
[2022-12-17 15:25:32] INFO     Iteration 229 (0 errors)
[2022-12-17 15:25:33] INFO     Iteration 230 (0 errors)
[2022-12-17 15:25:33] INFO     Iteration 231 (0 errors)
[2022-12-17 15:25:34] INFO     Iteration 232 (0 errors)
[2022-12-17 15:25:35] INFO     Iteration 233 (0 errors)
[2022-12-17 15:25:36] INFO     Iteration 234 (0 errors)
[2022-12-17 15:25:37] INFO     Iteration 235 (0 errors)
[2022-12-17 15:25:37] INFO     Iteration 236 (0 errors)
[2022-12-17 15:25:38] INFO     Iteration 237 (0 errors)
[2022-12-17 15:25:39] INFO     Iteration 238 (0 errors)
[2022-12-17 15:25:40] INFO     Iteration 239 (0 errors)
[2022-12-17 15:25:41] INFO     Iteration 240 (0 errors)
[2022-12-17 15:25:41] INFO     Iteration 241 (0 errors)
[2022-12-17 15:25:42] INFO     Iteration 242 (0 errors)
[2022-12-17 15:25:43] INFO     Iteration 243 (0 errors)
[2022-12-17 15:25:44] INFO     Iteration 244 (0 errors)
[2022-12-17 15:25:45] INFO     Iteration 245 (0 errors)
[2022-12-17 15:25:45] INFO     Iteration 246 (0 errors)
[2022-12-17 15:25:46] INFO     Iteration 247 (0 errors)
[2022-12-17 15:25:47] INFO     Iteration 248 (0 errors)
[2022-12-17 15:25:48] INFO     Iteration 249 (0 errors)
[2022-12-17 15:25:49] INFO     Iteration 250 (0 errors)
[2022-12-17 15:25:49] INFO     Iteration 251 (0 errors)
[2022-12-17 15:25:50] INFO     Iteration 252 (0 errors)
[2022-12-17 15:25:51] INFO     Iteration 253 (0 errors)
[2022-12-17 15:25:52] INFO     Iteration 254 (0 errors)
[2022-12-17 15:25:53] INFO     Iteration 255 (0 errors)
[2022-12-17 15:25:53] INFO     Iteration 256 (0 errors)
[2022-12-17 15:25:54] INFO     Iteration 257 (0 errors)
[2022-12-17 15:25:55] INFO     Iteration 258 (0 errors)
[2022-12-17 15:25:56] INFO     Iteration 259 (0 errors)
[2022-12-17 15:25:57] INFO     Iteration 260 (0 errors)
[2022-12-17 15:25:57] INFO     Iteration 261 (0 errors)
[2022-12-17 15:25:58] INFO     Iteration 262 (0 errors)
[2022-12-17 15:25:59] INFO     Iteration 263 (0 errors)
[2022-12-17 15:26:00] INFO     Iteration 264 (0 errors)
[2022-12-17 15:26:01] INFO     Iteration 265 (0 errors)
[2022-12-17 15:26:02] INFO     Iteration 266 (0 errors)
[2022-12-17 15:26:02] INFO     Iteration 267 (0 errors)
[2022-12-17 15:26:03] INFO     Iteration 268 (0 errors)
[2022-12-17 15:26:04] INFO     Iteration 269 (0 errors)
[2022-12-17 15:26:05] INFO     Iteration 270 (0 errors)
[2022-12-17 15:26:06] INFO     Iteration 271 (0 errors)
[2022-12-17 15:26:06] INFO     Iteration 272 (0 errors)
[2022-12-17 15:26:07] INFO     Iteration 273 (0 errors)
[2022-12-17 15:26:08] INFO     Iteration 274 (0 errors)
[2022-12-17 15:26:09] INFO     Iteration 275 (0 errors)
[2022-12-17 15:26:10] INFO     Iteration 276 (0 errors)
[2022-12-17 15:26:10] INFO     Iteration 277 (0 errors)
[2022-12-17 15:26:11] INFO     Iteration 278 (0 errors)
[2022-12-17 15:26:12] INFO     Iteration 279 (0 errors)
[2022-12-17 15:26:13] INFO     Iteration 280 (0 errors)
[2022-12-17 15:26:14] INFO     Iteration 281 (0 errors)
[2022-12-17 15:26:14] INFO     Iteration 282 (0 errors)
[2022-12-17 15:26:15] INFO     Iteration 283 (0 errors)
[2022-12-17 15:26:16] INFO     Iteration 284 (0 errors)
[2022-12-17 15:26:17] INFO     Iteration 285 (0 errors)
[2022-12-17 15:26:18] INFO     Iteration 286 (0 errors)
[2022-12-17 15:26:19] INFO     Iteration 287 (0 errors)
[2022-12-17 15:26:19] INFO     Iteration 288 (0 errors)
[2022-12-17 15:26:20] INFO     Iteration 289 (0 errors)
[2022-12-17 15:26:21] INFO     Iteration 290 (0 errors)
[2022-12-17 15:26:22] INFO     Iteration 291 (0 errors)
[2022-12-17 15:26:23] INFO     Iteration 292 (0 errors)
[2022-12-17 15:26:23] INFO     Iteration 293 (0 errors)
[2022-12-17 15:26:24] INFO     Iteration 294 (0 errors)
[2022-12-17 15:26:25] INFO     Iteration 295 (0 errors)
[2022-12-17 15:26:26] INFO     Iteration 296 (0 errors)
[2022-12-17 15:26:27] INFO     Iteration 297 (0 errors)
[2022-12-17 15:26:27] INFO     Iteration 298 (0 errors)
[2022-12-17 15:26:28] INFO     Iteration 299 (0 errors)
[2022-12-17 15:26:29] INFO     Iteration 300 (0 errors)
[2022-12-17 15:26:30] INFO     Iteration 301 (0 errors)
[2022-12-17 15:26:31] INFO     Iteration 302 (0 errors)
[2022-12-17 15:26:31] INFO     Iteration 303 (0 errors)
[2022-12-17 15:26:32] INFO     Iteration 304 (0 errors)
[2022-12-17 15:26:33] INFO     Iteration 305 (0 errors)
[2022-12-17 15:26:34] INFO     Iteration 306 (0 errors)
[2022-12-17 15:26:35] INFO     Iteration 307 (0 errors)
[2022-12-17 15:26:35] INFO     Iteration 308 (0 errors)
[2022-12-17 15:26:36] INFO     Iteration 309 (0 errors)
[2022-12-17 15:26:37] INFO     Iteration 310 (0 errors)
[2022-12-17 15:26:38] INFO     Iteration 311 (0 errors)
[2022-12-17 15:26:39] INFO     Iteration 312 (0 errors)
[2022-12-17 15:26:40] INFO     Iteration 313 (0 errors)
[2022-12-17 15:26:40] INFO     Iteration 314 (0 errors)
[2022-12-17 15:26:41] INFO     Iteration 315 (0 errors)
[2022-12-17 15:26:42] INFO     Iteration 316 (0 errors)
[2022-12-17 15:26:43] INFO     Iteration 317 (0 errors)
[2022-12-17 15:26:44] INFO     Iteration 318 (0 errors)
[2022-12-17 15:26:44] INFO     Iteration 319 (0 errors)
[2022-12-17 15:26:45] INFO     Iteration 320 (0 errors)
[2022-12-17 15:26:46] INFO     Iteration 321 (0 errors)
[2022-12-17 15:26:47] INFO     Iteration 322 (0 errors)
[2022-12-17 15:26:48] INFO     Iteration 323 (0 errors)
[2022-12-17 15:26:48] INFO     Iteration 324 (0 errors)
[2022-12-17 15:26:49] INFO     Iteration 325 (0 errors)
[2022-12-17 15:26:50] INFO     Iteration 326 (0 errors)
[2022-12-17 15:26:51] INFO     Iteration 327 (0 errors)
[2022-12-17 15:26:52] INFO     Iteration 328 (0 errors)
[2022-12-17 15:26:52] INFO     Iteration 329 (0 errors)
[2022-12-17 15:26:53] INFO     Iteration 330 (0 errors)
[2022-12-17 15:26:54] INFO     Iteration 331 (0 errors)
[2022-12-17 15:26:55] INFO     Iteration 332 (0 errors)
[2022-12-17 15:26:56] INFO     Iteration 333 (0 errors)
[2022-12-17 15:26:56] INFO     Iteration 334 (0 errors)
[2022-12-17 15:26:57] INFO     Iteration 335 (0 errors)
[2022-12-17 15:26:58] INFO     Iteration 336 (0 errors)
[2022-12-17 15:26:59] INFO     Iteration 337 (0 errors)
[2022-12-17 15:27:00] INFO     Iteration 338 (0 errors)
[2022-12-17 15:27:01] INFO     Iteration 339 (0 errors)
[2022-12-17 15:27:01] INFO     Iteration 340 (0 errors)
[2022-12-17 15:27:02] INFO     Iteration 341 (0 errors)
[2022-12-17 15:27:03] INFO     Iteration 342 (0 errors)
[2022-12-17 15:27:04] INFO     Iteration 343 (0 errors)
[2022-12-17 15:27:05] INFO     Iteration 344 (0 errors)
[2022-12-17 15:27:05] INFO     Iteration 345 (0 errors)
[2022-12-17 15:27:06] INFO     Iteration 346 (0 errors)
[2022-12-17 15:27:07] INFO     Iteration 347 (0 errors)
[2022-12-17 15:27:08] INFO     Iteration 348 (0 errors)
[2022-12-17 15:27:09] INFO     Iteration 349 (0 errors)
[2022-12-17 15:27:09] INFO     Iteration 350 (0 errors)
[2022-12-17 15:27:10] INFO     Iteration 351 (0 errors)
[2022-12-17 15:27:11] INFO     Iteration 352 (0 errors)
[2022-12-17 15:27:12] INFO     Iteration 353 (0 errors)
[2022-12-17 15:27:13] INFO     Iteration 354 (0 errors)
[2022-12-17 15:27:13] INFO     Iteration 355 (0 errors)
[2022-12-17 15:27:14] INFO     Iteration 356 (0 errors)
[2022-12-17 15:27:15] INFO     Iteration 357 (0 errors)
[2022-12-17 15:27:16] INFO     Iteration 358 (0 errors)
[2022-12-17 15:27:17] INFO     Iteration 359 (0 errors)
[2022-12-17 15:27:18] INFO     Iteration 360 (0 errors)
[2022-12-17 15:27:18] INFO     Iteration 361 (0 errors)
[2022-12-17 15:27:19] INFO     Iteration 362 (0 errors)
[2022-12-17 15:27:20] INFO     Iteration 363 (0 errors)
[2022-12-17 15:27:21] INFO     Iteration 364 (0 errors)
[2022-12-17 15:27:22] INFO     Iteration 365 (0 errors)
[2022-12-17 15:27:22] INFO     Iteration 366 (0 errors)
[2022-12-17 15:27:23] INFO     Iteration 367 (0 errors)
[2022-12-17 15:27:24] INFO     Iteration 368 (0 errors)
[2022-12-17 15:27:25] INFO     Iteration 369 (0 errors)
[2022-12-17 15:27:26] INFO     Iteration 370 (0 errors)
[2022-12-17 15:27:26] INFO     Iteration 371 (0 errors)
[2022-12-17 15:27:27] INFO     Iteration 372 (0 errors)
[2022-12-17 15:27:28] INFO     Iteration 373 (0 errors)
[2022-12-17 15:27:29] INFO     Iteration 374 (0 errors)
[2022-12-17 15:27:30] INFO     Iteration 375 (0 errors)
[2022-12-17 15:27:30] INFO     Iteration 376 (0 errors)
[2022-12-17 15:27:31] INFO     Iteration 377 (0 errors)
[2022-12-17 15:27:32] INFO     Iteration 378 (0 errors)
[2022-12-17 15:27:33] INFO     Iteration 379 (0 errors)
[2022-12-17 15:27:34] INFO     Iteration 380 (0 errors)
[2022-12-17 15:27:34] INFO     Iteration 381 (0 errors)
[2022-12-17 15:27:35] INFO     Iteration 382 (0 errors)
[2022-12-17 15:27:36] INFO     Iteration 383 (0 errors)
[2022-12-17 15:27:37] INFO     Iteration 384 (0 errors)
[2022-12-17 15:27:38] INFO     Iteration 385 (0 errors)
[2022-12-17 15:27:39] INFO     Iteration 386 (0 errors)
[2022-12-17 15:27:39] INFO     Iteration 387 (0 errors)
[2022-12-17 15:27:40] INFO     Iteration 388 (0 errors)
[2022-12-17 15:27:41] INFO     Iteration 389 (0 errors)
[2022-12-17 15:27:42] INFO     Iteration 390 (0 errors)
[2022-12-17 15:27:43] INFO     Iteration 391 (0 errors)
[2022-12-17 15:27:43] INFO     Iteration 392 (0 errors)
[2022-12-17 15:27:44] INFO     Iteration 393 (0 errors)
[2022-12-17 15:27:45] INFO     Iteration 394 (0 errors)
[2022-12-17 15:27:46] INFO     Iteration 395 (0 errors)
[2022-12-17 15:27:47] INFO     Iteration 396 (0 errors)
[2022-12-17 15:27:47] INFO     Iteration 397 (0 errors)
[2022-12-17 15:27:48] INFO     Iteration 398 (0 errors)
[2022-12-17 15:27:49] INFO     Iteration 399 (0 errors)
[2022-12-17 15:27:50] INFO     Iteration 400 (0 errors)
[2022-12-17 15:27:51] INFO     Iteration 401 (0 errors)
[2022-12-17 15:27:51] INFO     Iteration 402 (0 errors)
[2022-12-17 15:27:52] INFO     Iteration 403 (0 errors)
[2022-12-17 15:27:53] INFO     Iteration 404 (0 errors)
[2022-12-17 15:27:54] INFO     Iteration 405 (0 errors)
[2022-12-17 15:27:55] INFO     Iteration 406 (0 errors)
[2022-12-17 15:27:55] INFO     Iteration 407 (0 errors)
[2022-12-17 15:27:56] INFO     Iteration 408 (0 errors)
[2022-12-17 15:27:57] INFO     Iteration 409 (0 errors)
[2022-12-17 15:27:58] INFO     Iteration 410 (0 errors)
[2022-12-17 15:27:59] INFO     Iteration 411 (0 errors)
[2022-12-17 15:27:59] INFO     Iteration 412 (0 errors)
[2022-12-17 15:28:00] INFO     Iteration 413 (0 errors)
[2022-12-17 15:28:01] INFO     Iteration 414 (0 errors)
[2022-12-17 15:28:02] INFO     Iteration 415 (0 errors)
[2022-12-17 15:28:03] INFO     Iteration 416 (0 errors)
[2022-12-17 15:28:04] INFO     Iteration 417 (0 errors)
[2022-12-17 15:28:04] INFO     Iteration 418 (0 errors)
[2022-12-17 15:28:05] INFO     Iteration 419 (0 errors)
[2022-12-17 15:28:06] INFO     Iteration 420 (0 errors)
[2022-12-17 15:28:07] INFO     Iteration 421 (0 errors)
[2022-12-17 15:28:08] INFO     Iteration 422 (0 errors)
[2022-12-17 15:28:08] INFO     Iteration 423 (0 errors)
[2022-12-17 15:28:09] INFO     Iteration 424 (0 errors)
[2022-12-17 15:28:10] INFO     Iteration 425 (0 errors)
[2022-12-17 15:28:11] INFO     Iteration 426 (0 errors)
[2022-12-17 15:28:12] INFO     Iteration 427 (0 errors)
[2022-12-17 15:28:12] INFO     Iteration 428 (0 errors)
[2022-12-17 15:28:13] INFO     Iteration 429 (0 errors)
[2022-12-17 15:28:14] INFO     Iteration 430 (0 errors)
[2022-12-17 15:28:15] INFO     Iteration 431 (0 errors)
[2022-12-17 15:28:16] INFO     Iteration 432 (0 errors)
[2022-12-17 15:28:16] INFO     Iteration 433 (0 errors)
[2022-12-17 15:28:17] INFO     Iteration 434 (0 errors)
[2022-12-17 15:28:18] INFO     Iteration 435 (0 errors)
[2022-12-17 15:28:19] INFO     Iteration 436 (0 errors)
[2022-12-17 15:28:20] INFO     Iteration 437 (0 errors)
[2022-12-17 15:28:21] INFO     Iteration 438 (0 errors)
[2022-12-17 15:28:21] INFO     Iteration 439 (0 errors)
[2022-12-17 15:28:22] INFO     Iteration 440 (0 errors)
[2022-12-17 15:28:23] INFO     Iteration 441 (0 errors)
[2022-12-17 15:28:24] INFO     Iteration 442 (0 errors)
[2022-12-17 15:28:25] INFO     Iteration 443 (0 errors)
[2022-12-17 15:28:25] INFO     Iteration 444 (0 errors)
[2022-12-17 15:28:26] INFO     Iteration 445 (0 errors)
[2022-12-17 15:28:27] INFO     Iteration 446 (0 errors)
[2022-12-17 15:28:28] INFO     Iteration 447 (0 errors)
[2022-12-17 15:28:29] INFO     Iteration 448 (0 errors)
[2022-12-17 15:28:29] INFO     Iteration 449 (0 errors)
[2022-12-17 15:28:30] INFO     Iteration 450 (0 errors)
[2022-12-17 15:28:31] INFO     Iteration 451 (0 errors)
[2022-12-17 15:28:32] INFO     Iteration 452 (0 errors)
[2022-12-17 15:28:33] INFO     Iteration 453 (0 errors)
[2022-12-17 15:28:33] INFO     Iteration 454 (0 errors)
[2022-12-17 15:28:34] INFO     Iteration 455 (0 errors)
[2022-12-17 15:28:35] INFO     Iteration 456 (0 errors)
[2022-12-17 15:28:36] INFO     Iteration 457 (0 errors)
[2022-12-17 15:28:37] INFO     Iteration 458 (0 errors)
[2022-12-17 15:28:37] INFO     Iteration 459 (0 errors)
[2022-12-17 15:28:38] INFO     Iteration 460 (0 errors)
[2022-12-17 15:28:39] INFO     Iteration 461 (0 errors)
[2022-12-17 15:28:40] INFO     Iteration 462 (0 errors)
[2022-12-17 15:28:41] INFO     Iteration 463 (0 errors)
[2022-12-17 15:28:41] INFO     Iteration 464 (0 errors)
[2022-12-17 15:28:42] INFO     Iteration 465 (0 errors)
[2022-12-17 15:28:43] INFO     Iteration 466 (0 errors)
[2022-12-17 15:28:44] INFO     Iteration 467 (0 errors)
[2022-12-17 15:28:45] INFO     Iteration 468 (0 errors)
[2022-12-17 15:28:46] INFO     Iteration 469 (0 errors)
[2022-12-17 15:28:46] INFO     Iteration 470 (0 errors)
[2022-12-17 15:28:47] INFO     Iteration 471 (0 errors)
[2022-12-17 15:28:48] INFO     Iteration 472 (0 errors)
[2022-12-17 15:28:49] INFO     Iteration 473 (0 errors)
[2022-12-17 15:28:50] INFO     Iteration 474 (0 errors)
[2022-12-17 15:28:50] INFO     Iteration 475 (0 errors)
[2022-12-17 15:28:51] INFO     Iteration 476 (0 errors)
[2022-12-17 15:28:52] INFO     Iteration 477 (0 errors)
[2022-12-17 15:28:53] INFO     Iteration 478 (0 errors)
[2022-12-17 15:28:54] INFO     Iteration 479 (0 errors)
[2022-12-17 15:28:54] INFO     Iteration 480 (0 errors)
[2022-12-17 15:28:55] INFO     Iteration 481 (0 errors)
[2022-12-17 15:28:56] INFO     Iteration 482 (0 errors)
[2022-12-17 15:28:57] INFO     Iteration 483 (0 errors)
[2022-12-17 15:28:58] INFO     Iteration 484 (0 errors)
[2022-12-17 15:28:58] INFO     Iteration 485 (0 errors)
[2022-12-17 15:28:59] INFO     Iteration 486 (0 errors)
[2022-12-17 15:29:00] INFO     Iteration 487 (0 errors)
[2022-12-17 15:29:01] INFO     Iteration 488 (0 errors)
[2022-12-17 15:29:02] INFO     Iteration 489 (0 errors)
[2022-12-17 15:29:03] INFO     Iteration 490 (0 errors)
[2022-12-17 15:29:03] INFO     Iteration 491 (0 errors)
[2022-12-17 15:29:04] INFO     Iteration 492 (0 errors)
[2022-12-17 15:29:05] INFO     Iteration 493 (0 errors)
[2022-12-17 15:29:06] INFO     Iteration 494 (0 errors)
[2022-12-17 15:29:07] INFO     Iteration 495 (0 errors)
[2022-12-17 15:29:07] INFO     Iteration 496 (0 errors)
[2022-12-17 15:29:08] INFO     Iteration 497 (0 errors)
[2022-12-17 15:29:09] INFO     Iteration 498 (0 errors)
[2022-12-17 15:29:10] INFO     Iteration 499 (0 errors)
[2022-12-17 15:29:11] INFO     Iteration 500 (0 errors)
[2022-12-17 15:29:11] INFO     Iteration 501 (0 errors)
[2022-12-17 15:29:12] INFO     Iteration 502 (0 errors)
[2022-12-17 15:29:13] INFO     Iteration 503 (0 errors)
[2022-12-17 15:29:14] INFO     Iteration 504 (0 errors)
[2022-12-17 15:29:15] INFO     Iteration 505 (0 errors)
[2022-12-17 15:29:15] INFO     Iteration 506 (0 errors)
[2022-12-17 15:29:16] INFO     Iteration 507 (0 errors)
[2022-12-17 15:29:17] INFO     Iteration 508 (0 errors)
[2022-12-17 15:29:18] INFO     Iteration 509 (0 errors)
[2022-12-17 15:29:19] INFO     Iteration 510 (0 errors)
[2022-12-17 15:29:19] INFO     Iteration 511 (0 errors)
[2022-12-17 15:29:20] INFO     Iteration 512 (0 errors)
[2022-12-17 15:29:21] INFO     Iteration 513 (0 errors)
[2022-12-17 15:29:22] INFO     Iteration 514 (0 errors)
[2022-12-17 15:29:23] INFO     Iteration 515 (0 errors)
[2022-12-17 15:29:24] INFO     Iteration 516 (0 errors)
[2022-12-17 15:29:24] INFO     Iteration 517 (0 errors)
[2022-12-17 15:29:25] INFO     Iteration 518 (0 errors)
[2022-12-17 15:29:26] INFO     Iteration 519 (0 errors)
[2022-12-17 15:29:27] INFO     Iteration 520 (0 errors)
[2022-12-17 15:29:28] INFO     Iteration 521 (0 errors)
[2022-12-17 15:29:28] INFO     Iteration 522 (0 errors)
[2022-12-17 15:29:29] INFO     Iteration 523 (0 errors)
[2022-12-17 15:29:30] INFO     Iteration 524 (0 errors)
[2022-12-17 15:29:31] INFO     Iteration 525 (0 errors)
[2022-12-17 15:29:32] INFO     Iteration 526 (0 errors)
[2022-12-17 15:29:32] INFO     Iteration 527 (0 errors)
[2022-12-17 15:29:33] INFO     Iteration 528 (0 errors)
[2022-12-17 15:29:34] INFO     Iteration 529 (0 errors)
[2022-12-17 15:29:35] INFO     Iteration 530 (0 errors)
[2022-12-17 15:29:36] INFO     Iteration 531 (0 errors)
[2022-12-17 15:29:36] INFO     Iteration 532 (0 errors)
[2022-12-17 15:29:37] INFO     Iteration 533 (0 errors)
[2022-12-17 15:29:38] INFO     Iteration 534 (0 errors)
[2022-12-17 15:29:39] INFO     Iteration 535 (0 errors)
[2022-12-17 15:29:40] INFO     Iteration 536 (0 errors)
[2022-12-17 15:29:40] INFO     Iteration 537 (0 errors)
[2022-12-17 15:29:41] INFO     Iteration 538 (0 errors)
[2022-12-17 15:29:42] INFO     Iteration 539 (0 errors)
[2022-12-17 15:29:43] INFO     Iteration 540 (0 errors)
[2022-12-17 15:29:44] INFO     Iteration 541 (0 errors)
[2022-12-17 15:29:45] INFO     Iteration 542 (0 errors)
[2022-12-17 15:29:45] INFO     Iteration 543 (0 errors)
[2022-12-17 15:29:46] INFO     Iteration 544 (0 errors)
[2022-12-17 15:29:47] INFO     Iteration 545 (0 errors)
[2022-12-17 15:29:48] INFO     Iteration 546 (0 errors)
[2022-12-17 15:29:49] INFO     Iteration 547 (0 errors)
[2022-12-17 15:29:49] INFO     Iteration 548 (0 errors)
[2022-12-17 15:29:50] INFO     Iteration 549 (0 errors)
[2022-12-17 15:29:51] INFO     Iteration 550 (0 errors)
[2022-12-17 15:29:52] INFO     Iteration 551 (0 errors)
[2022-12-17 15:29:53] INFO     Iteration 552 (0 errors)
[2022-12-17 15:29:53] INFO     Iteration 553 (0 errors)
[2022-12-17 15:29:54] INFO     Iteration 554 (0 errors)
[2022-12-17 15:29:55] INFO     Iteration 555 (0 errors)
[2022-12-17 15:29:56] INFO     Iteration 556 (0 errors)
[2022-12-17 15:29:57] INFO     Iteration 557 (0 errors)
[2022-12-17 15:29:57] INFO     Iteration 558 (0 errors)
[2022-12-17 15:29:58] INFO     Iteration 559 (0 errors)
[2022-12-17 15:29:59] INFO     Iteration 560 (0 errors)
[2022-12-17 15:30:00] INFO     Iteration 561 (0 errors)
[2022-12-17 15:30:01] INFO     Iteration 562 (0 errors)
[2022-12-17 15:30:01] INFO     Iteration 563 (0 errors)
[2022-12-17 15:30:02] INFO     Iteration 564 (0 errors)
[2022-12-17 15:30:03] INFO     Iteration 565 (0 errors)
[2022-12-17 15:30:04] INFO     Iteration 566 (0 errors)
[2022-12-17 15:30:05] INFO     Iteration 567 (0 errors)
[2022-12-17 15:30:06] INFO     Iteration 568 (0 errors)
[2022-12-17 15:30:06] INFO     Iteration 569 (0 errors)
[2022-12-17 15:30:07] INFO     Iteration 570 (0 errors)
[2022-12-17 15:30:08] INFO     Iteration 571 (0 errors)
[2022-12-17 15:30:09] INFO     Iteration 572 (0 errors)
[2022-12-17 15:30:10] INFO     Iteration 573 (0 errors)
[2022-12-17 15:30:10] INFO     Iteration 574 (0 errors)
[2022-12-17 15:30:11] INFO     Iteration 575 (0 errors)
[2022-12-17 15:30:12] INFO     Iteration 576 (0 errors)
[2022-12-17 15:30:13] INFO     Iteration 577 (0 errors)
[2022-12-17 15:30:14] INFO     Iteration 578 (0 errors)
[2022-12-17 15:30:14] INFO     Iteration 579 (0 errors)
[2022-12-17 15:30:15] INFO     Iteration 580 (0 errors)
[2022-12-17 15:30:16] INFO     Iteration 581 (0 errors)
[2022-12-17 15:30:17] INFO     Iteration 582 (0 errors)
[2022-12-17 15:30:18] INFO     Iteration 583 (0 errors)
[2022-12-17 15:30:18] INFO     Iteration 584 (0 errors)
[2022-12-17 15:30:19] INFO     Iteration 585 (0 errors)
[2022-12-17 15:30:20] INFO     Iteration 586 (0 errors)
[2022-12-17 15:30:21] INFO     Iteration 587 (0 errors)
[2022-12-17 15:30:22] INFO     Iteration 588 (0 errors)
[2022-12-17 15:30:22] INFO     Iteration 589 (0 errors)
[2022-12-17 15:30:23] INFO     Iteration 590 (0 errors)
[2022-12-17 15:30:24] INFO     Iteration 591 (0 errors)
[2022-12-17 15:30:25] INFO     Iteration 592 (0 errors)
[2022-12-17 15:30:26] INFO     Iteration 593 (0 errors)
[2022-12-17 15:30:27] INFO     Iteration 594 (0 errors)
[2022-12-17 15:30:27] INFO     Iteration 595 (0 errors)
[2022-12-17 15:30:28] INFO     Iteration 596 (0 errors)
[2022-12-17 15:30:29] INFO     Iteration 597 (0 errors)
[2022-12-17 15:30:30] INFO     Iteration 598 (0 errors)
[2022-12-17 15:30:31] INFO     Iteration 599 (0 errors)
[2022-12-17 15:30:31] INFO     Iteration 600 (0 errors)
[2022-12-17 15:30:32] INFO     Iteration 601 (0 errors)
[2022-12-17 15:30:33] INFO     Iteration 602 (0 errors)
[2022-12-17 15:30:34] INFO     Iteration 603 (0 errors)
[2022-12-17 15:30:35] INFO     Iteration 604 (0 errors)
[2022-12-17 15:30:35] INFO     Iteration 605 (0 errors)
[2022-12-17 15:30:36] INFO     Iteration 606 (0 errors)
[2022-12-17 15:30:37] INFO     Iteration 607 (0 errors)
[2022-12-17 15:30:38] INFO     Iteration 608 (0 errors)
[2022-12-17 15:30:39] INFO     Iteration 609 (0 errors)
[2022-12-17 15:30:39] INFO     Iteration 610 (0 errors)
[2022-12-17 15:30:40] INFO     Iteration 611 (0 errors)
[2022-12-17 15:30:41] INFO     Iteration 612 (0 errors)
[2022-12-17 15:30:42] INFO     Iteration 613 (0 errors)
[2022-12-17 15:30:43] INFO     Iteration 614 (0 errors)
[2022-12-17 15:30:43] INFO     Iteration 615 (0 errors)
[2022-12-17 15:30:44] INFO     Iteration 616 (0 errors)
[2022-12-17 15:30:45] INFO     Iteration 617 (0 errors)
[2022-12-17 15:30:46] INFO     Iteration 618 (0 errors)
[2022-12-17 15:30:47] INFO     Iteration 619 (0 errors)
[2022-12-17 15:30:47] INFO     Iteration 620 (0 errors)
[2022-12-17 15:30:48] INFO     Iteration 621 (0 errors)
[2022-12-17 15:30:49] INFO     Iteration 622 (0 errors)
[2022-12-17 15:30:50] INFO     Iteration 623 (0 errors)
[2022-12-17 15:30:51] INFO     Iteration 624 (0 errors)
[2022-12-17 15:30:52] INFO     Iteration 625 (0 errors)
[2022-12-17 15:30:52] INFO     Iteration 626 (0 errors)
[2022-12-17 15:30:53] INFO     Iteration 627 (0 errors)
[2022-12-17 15:30:54] INFO     Iteration 628 (0 errors)
[2022-12-17 15:30:55] INFO     Iteration 629 (0 errors)
[2022-12-17 15:30:56] INFO     Iteration 630 (0 errors)
[2022-12-17 15:30:56] INFO     Iteration 631 (0 errors)
[2022-12-17 15:30:57] INFO     Iteration 632 (0 errors)
[2022-12-17 15:30:58] INFO     Iteration 633 (0 errors)
[2022-12-17 15:30:59] INFO     Iteration 634 (0 errors)
[2022-12-17 15:31:00] INFO     Iteration 635 (0 errors)
[2022-12-17 15:31:00] INFO     Iteration 636 (0 errors)
[2022-12-17 15:31:01] INFO     Iteration 637 (0 errors)
[2022-12-17 15:31:02] INFO     Iteration 638 (0 errors)
[2022-12-17 15:31:03] INFO     Iteration 639 (0 errors)
[2022-12-17 15:31:04] INFO     Iteration 640 (0 errors)
[2022-12-17 15:31:04] INFO     Iteration 641 (0 errors)
[2022-12-17 15:31:05] INFO     Iteration 642 (0 errors)
[2022-12-17 15:31:06] INFO     Iteration 643 (0 errors)
[2022-12-17 15:31:07] INFO     Iteration 644 (0 errors)
[2022-12-17 15:31:08] INFO     Iteration 645 (0 errors)
[2022-12-17 15:31:08] INFO     Iteration 646 (0 errors)
[2022-12-17 15:31:09] INFO     Iteration 647 (0 errors)
[2022-12-17 15:31:10] INFO     Iteration 648 (0 errors)
[2022-12-17 15:31:11] INFO     Iteration 649 (0 errors)
[2022-12-17 15:31:12] INFO     Iteration 650 (0 errors)
[2022-12-17 15:31:13] INFO     Iteration 651 (0 errors)
[2022-12-17 15:31:13] INFO     Iteration 652 (0 errors)
[2022-12-17 15:31:14] INFO     Iteration 653 (0 errors)
[2022-12-17 15:31:15] INFO     Iteration 654 (0 errors)
[2022-12-17 15:31:16] INFO     Iteration 655 (0 errors)
[2022-12-17 15:31:17] INFO     Iteration 656 (0 errors)
[2022-12-17 15:31:17] INFO     Iteration 657 (0 errors)
[2022-12-17 15:31:18] INFO     Iteration 658 (0 errors)
[2022-12-17 15:31:19] INFO     Iteration 659 (0 errors)
[2022-12-17 15:31:20] INFO     Iteration 660 (0 errors)
[2022-12-17 15:31:21] INFO     Iteration 661 (0 errors)
[2022-12-17 15:31:21] INFO     Iteration 662 (0 errors)
[2022-12-17 15:31:22] INFO     Iteration 663 (0 errors)
[2022-12-17 15:31:23] INFO     Iteration 664 (0 errors)
[2022-12-17 15:31:24] INFO     Iteration 665 (0 errors)
[2022-12-17 15:31:25] INFO     Iteration 666 (0 errors)
[2022-12-17 15:31:25] INFO     Iteration 667 (0 errors)
[2022-12-17 15:31:26] INFO     Iteration 668 (0 errors)
[2022-12-17 15:31:27] INFO     Iteration 669 (0 errors)
[2022-12-17 15:31:28] INFO     Iteration 670 (0 errors)
[2022-12-17 15:31:29] INFO     Iteration 671 (0 errors)
[2022-12-17 15:31:29] INFO     Iteration 672 (0 errors)
[2022-12-17 15:31:30] INFO     Iteration 673 (0 errors)
[2022-12-17 15:31:31] INFO     Iteration 674 (0 errors)
[2022-12-17 15:31:32] INFO     Iteration 675 (0 errors)
[2022-12-17 15:31:33] INFO     Iteration 676 (0 errors)
[2022-12-17 15:31:33] INFO     Iteration 677 (0 errors)
[2022-12-17 15:31:34] INFO     Iteration 678 (0 errors)
[2022-12-17 15:31:35] INFO     Iteration 679 (0 errors)
[2022-12-17 15:31:36] INFO     Iteration 680 (0 errors)
[2022-12-17 15:31:37] INFO     Iteration 681 (0 errors)
[2022-12-17 15:31:38] INFO     Iteration 682 (0 errors)
[2022-12-17 15:31:38] INFO     Iteration 683 (0 errors)
[2022-12-17 15:31:39] INFO     Iteration 684 (0 errors)
[2022-12-17 15:31:40] INFO     Iteration 685 (0 errors)
[2022-12-17 15:31:41] INFO     Iteration 686 (0 errors)
[2022-12-17 15:31:42] INFO     Iteration 687 (0 errors)
[2022-12-17 15:31:42] INFO     Iteration 688 (0 errors)
[2022-12-17 15:31:43] INFO     Iteration 689 (0 errors)
[2022-12-17 15:31:44] INFO     Iteration 690 (0 errors)
[2022-12-17 15:31:45] INFO     Iteration 691 (0 errors)
[2022-12-17 15:31:46] INFO     Iteration 692 (0 errors)
[2022-12-17 15:31:46] INFO     Iteration 693 (0 errors)
[2022-12-17 15:31:47] INFO     Iteration 694 (0 errors)
[2022-12-17 15:31:48] INFO     Iteration 695 (0 errors)
[2022-12-17 15:31:49] INFO     Iteration 696 (0 errors)
[2022-12-17 15:31:50] INFO     Iteration 697 (0 errors)
[2022-12-17 15:31:50] INFO     Iteration 698 (0 errors)
[2022-12-17 15:31:51] INFO     Iteration 699 (0 errors)
[2022-12-17 15:31:52] INFO     Iteration 700 (0 errors)
[2022-12-17 15:31:53] INFO     Iteration 701 (0 errors)
[2022-12-17 15:31:54] INFO     Iteration 702 (0 errors)
[2022-12-17 15:31:54] INFO     Iteration 703 (0 errors)
[2022-12-17 15:31:55] INFO     Iteration 704 (0 errors)
[2022-12-17 15:31:56] INFO     Iteration 705 (0 errors)
[2022-12-17 15:31:57] INFO     Iteration 706 (0 errors)
[2022-12-17 15:31:58] INFO     Iteration 707 (0 errors)
[2022-12-17 15:31:59] INFO     Iteration 708 (0 errors)
[2022-12-17 15:31:59] INFO     Iteration 709 (0 errors)
[2022-12-17 15:32:00] INFO     Iteration 710 (0 errors)
[2022-12-17 15:32:01] INFO     Iteration 711 (0 errors)
[2022-12-17 15:32:02] INFO     Iteration 712 (0 errors)
[2022-12-17 15:32:03] INFO     Iteration 713 (0 errors)
[2022-12-17 15:32:03] INFO     Iteration 714 (0 errors)
[2022-12-17 15:32:04] INFO     Iteration 715 (0 errors)
[2022-12-17 15:32:05] INFO     Iteration 716 (0 errors)
[2022-12-17 15:32:06] INFO     Iteration 717 (0 errors)
[2022-12-17 15:32:07] INFO     Iteration 718 (0 errors)
[2022-12-17 15:32:07] INFO     Iteration 719 (0 errors)
[2022-12-17 15:32:08] INFO     Iteration 720 (0 errors)
[2022-12-17 15:32:09] INFO     Iteration 721 (0 errors)
[2022-12-17 15:32:10] INFO     Iteration 722 (0 errors)
[2022-12-17 15:32:11] INFO     Iteration 723 (0 errors)
[2022-12-17 15:32:11] INFO     Iteration 724 (0 errors)
[2022-12-17 15:32:12] INFO     Iteration 725 (0 errors)
[2022-12-17 15:32:13] INFO     Iteration 726 (0 errors)
[2022-12-17 15:32:14] INFO     Iteration 727 (0 errors)
[2022-12-17 15:32:15] INFO     Iteration 728 (0 errors)
[2022-12-17 15:32:15] INFO     Iteration 729 (0 errors)
[2022-12-17 15:32:16] INFO     Iteration 730 (0 errors)
[2022-12-17 15:32:17] INFO     Iteration 731 (0 errors)
[2022-12-17 15:32:18] INFO     Iteration 732 (0 errors)
[2022-12-17 15:32:19] INFO     Iteration 733 (0 errors)
[2022-12-17 15:32:20] INFO     Iteration 734 (0 errors)
[2022-12-17 15:32:20] INFO     Iteration 735 (0 errors)
[2022-12-17 15:32:21] INFO     Iteration 736 (0 errors)
[2022-12-17 15:32:22] INFO     Iteration 737 (0 errors)
[2022-12-17 15:32:23] INFO     Iteration 738 (0 errors)
[2022-12-17 15:32:24] INFO     Iteration 739 (0 errors)
[2022-12-17 15:32:24] INFO     Iteration 740 (0 errors)
[2022-12-17 15:32:25] INFO     Iteration 741 (0 errors)
[2022-12-17 15:32:26] INFO     Iteration 742 (0 errors)
[2022-12-17 15:32:27] INFO     Iteration 743 (0 errors)
[2022-12-17 15:32:28] INFO     Iteration 744 (0 errors)
[2022-12-17 15:32:28] INFO     Iteration 745 (0 errors)
[2022-12-17 15:32:29] INFO     Iteration 746 (0 errors)
[2022-12-17 15:32:30] INFO     Iteration 747 (0 errors)
[2022-12-17 15:32:31] INFO     Iteration 748 (0 errors)
[2022-12-17 15:32:32] INFO     Iteration 749 (0 errors)
[2022-12-17 15:32:32] INFO     Iteration 750 (0 errors)
[2022-12-17 15:32:33] INFO     Iteration 751 (0 errors)
[2022-12-17 15:32:34] INFO     Iteration 752 (0 errors)
[2022-12-17 15:32:35] INFO     Iteration 753 (0 errors)
[2022-12-17 15:32:36] INFO     Iteration 754 (0 errors)
[2022-12-17 15:32:36] INFO     Iteration 755 (0 errors)
[2022-12-17 15:32:37] INFO     Iteration 756 (0 errors)
[2022-12-17 15:32:38] INFO     Iteration 757 (0 errors)
[2022-12-17 15:32:39] INFO     Iteration 758 (0 errors)
[2022-12-17 15:32:40] INFO     Iteration 759 (0 errors)
[2022-12-17 15:32:41] INFO     Iteration 760 (0 errors)
[2022-12-17 15:32:41] INFO     Iteration 761 (0 errors)
[2022-12-17 15:32:42] INFO     Iteration 762 (0 errors)
[2022-12-17 15:32:43] INFO     Iteration 763 (0 errors)
[2022-12-17 15:32:44] INFO     Iteration 764 (0 errors)
[2022-12-17 15:32:45] INFO     Iteration 765 (0 errors)
[2022-12-17 15:32:45] INFO     Iteration 766 (0 errors)
[2022-12-17 15:32:46] INFO     Iteration 767 (0 errors)
[2022-12-17 15:32:47] INFO     Iteration 768 (0 errors)
[2022-12-17 15:32:48] INFO     Iteration 769 (0 errors)
[2022-12-17 15:32:49] INFO     Iteration 770 (0 errors)
[2022-12-17 15:32:49] INFO     Iteration 771 (0 errors)
[2022-12-17 15:32:50] INFO     Iteration 772 (0 errors)
[2022-12-17 15:32:51] INFO     Iteration 773 (0 errors)
[2022-12-17 15:32:52] INFO     Iteration 774 (0 errors)
[2022-12-17 15:32:53] INFO     Iteration 775 (0 errors)
[2022-12-17 15:32:53] INFO     Iteration 776 (0 errors)
[2022-12-17 15:32:54] INFO     Iteration 777 (0 errors)
[2022-12-17 15:32:55] INFO     Iteration 778 (0 errors)
[2022-12-17 15:32:56] INFO     Iteration 779 (0 errors)
[2022-12-17 15:32:57] INFO     Iteration 780 (0 errors)
[2022-12-17 15:32:57] INFO     Iteration 781 (0 errors)
[2022-12-17 15:32:58] INFO     Iteration 782 (0 errors)
[2022-12-17 15:32:59] INFO     Iteration 783 (0 errors)
[2022-12-17 15:33:00] INFO     Iteration 784 (0 errors)
[2022-12-17 15:33:01] INFO     Iteration 785 (0 errors)
[2022-12-17 15:33:01] INFO     Iteration 786 (0 errors)
[2022-12-17 15:33:02] INFO     Iteration 787 (0 errors)
[2022-12-17 15:33:03] INFO     Iteration 788 (0 errors)
[2022-12-17 15:33:04] INFO     Iteration 789 (0 errors)
[2022-12-17 15:33:05] INFO     Iteration 790 (0 errors)
[2022-12-17 15:33:06] INFO     Iteration 791 (0 errors)
[2022-12-17 15:33:06] INFO     Iteration 792 (0 errors)
[2022-12-17 15:33:07] INFO     Iteration 793 (0 errors)
[2022-12-17 15:33:08] INFO     Iteration 794 (0 errors)
[2022-12-17 15:33:09] INFO     Iteration 795 (0 errors)
[2022-12-17 15:33:10] INFO     Iteration 796 (0 errors)
[2022-12-17 15:33:10] INFO     Iteration 797 (0 errors)
[2022-12-17 15:33:11] INFO     Iteration 798 (0 errors)
[2022-12-17 15:33:12] INFO     Iteration 799 (0 errors)
[2022-12-17 15:33:13] INFO     Iteration 800 (0 errors)
[2022-12-17 15:33:14] INFO     Iteration 801 (0 errors)
[2022-12-17 15:33:14] INFO     Iteration 802 (0 errors)
[2022-12-17 15:33:15] INFO     Iteration 803 (0 errors)
[2022-12-17 15:33:16] INFO     Iteration 804 (0 errors)
[2022-12-17 15:33:17] INFO     Iteration 805 (0 errors)
[2022-12-17 15:33:18] INFO     Iteration 806 (0 errors)
[2022-12-17 15:33:18] INFO     Iteration 807 (0 errors)
[2022-12-17 15:33:19] INFO     Iteration 808 (0 errors)
[2022-12-17 15:33:20] INFO     Iteration 809 (0 errors)
[2022-12-17 15:33:21] INFO     Iteration 810 (0 errors)
[2022-12-17 15:33:22] INFO     Iteration 811 (0 errors)
[2022-12-17 15:33:23] INFO     Iteration 812 (0 errors)
[2022-12-17 15:33:23] INFO     Iteration 813 (0 errors)
[2022-12-17 15:33:24] INFO     Iteration 814 (0 errors)
[2022-12-17 15:33:25] INFO     Iteration 815 (0 errors)
[2022-12-17 15:33:26] INFO     Iteration 816 (0 errors)
[2022-12-17 15:33:27] INFO     Iteration 817 (0 errors)
[2022-12-17 15:33:27] INFO     Iteration 818 (0 errors)
[2022-12-17 15:33:28] INFO     Iteration 819 (0 errors)
[2022-12-17 15:33:29] INFO     Iteration 820 (0 errors)
[2022-12-17 15:33:30] INFO     Iteration 821 (0 errors)
[2022-12-17 15:33:31] INFO     Iteration 822 (0 errors)
[2022-12-17 15:33:31] INFO     Iteration 823 (0 errors)
[2022-12-17 15:33:32] INFO     Iteration 824 (0 errors)
[2022-12-17 15:33:33] INFO     Iteration 825 (0 errors)
[2022-12-17 15:33:34] INFO     Iteration 826 (0 errors)
[2022-12-17 15:33:35] INFO     Iteration 827 (0 errors)
[2022-12-17 15:33:35] INFO     Iteration 828 (0 errors)
[2022-12-17 15:33:36] INFO     Iteration 829 (0 errors)
[2022-12-17 15:33:37] INFO     Iteration 830 (0 errors)
[2022-12-17 15:33:38] INFO     Iteration 831 (0 errors)
[2022-12-17 15:33:39] INFO     Iteration 832 (0 errors)
[2022-12-17 15:33:39] INFO     Iteration 833 (0 errors)
[2022-12-17 15:33:40] INFO     Iteration 834 (0 errors)
[2022-12-17 15:33:41] INFO     Iteration 835 (0 errors)
[2022-12-17 15:33:42] INFO     Iteration 836 (0 errors)
[2022-12-17 15:33:43] INFO     Iteration 837 (0 errors)
[2022-12-17 15:33:44] INFO     Iteration 838 (0 errors)
[2022-12-17 15:33:44] INFO     Iteration 839 (0 errors)
[2022-12-17 15:33:45] INFO     Iteration 840 (0 errors)
[2022-12-17 15:33:46] INFO     Iteration 841 (0 errors)
[2022-12-17 15:33:47] INFO     Iteration 842 (0 errors)
[2022-12-17 15:33:48] INFO     Iteration 843 (0 errors)
[2022-12-17 15:33:48] INFO     Iteration 844 (0 errors)
[2022-12-17 15:33:49] INFO     Iteration 845 (0 errors)
[2022-12-17 15:33:50] INFO     Iteration 846 (0 errors)
[2022-12-17 15:33:51] INFO     Iteration 847 (0 errors)
[2022-12-17 15:33:52] INFO     Iteration 848 (0 errors)
[2022-12-17 15:33:52] INFO     Iteration 849 (0 errors)
[2022-12-17 15:33:53] INFO     Iteration 850 (0 errors)
[2022-12-17 15:33:54] INFO     Iteration 851 (0 errors)
[2022-12-17 15:33:55] INFO     Iteration 852 (0 errors)
[2022-12-17 15:33:56] INFO     Iteration 853 (0 errors)
[2022-12-17 15:33:56] INFO     Iteration 854 (0 errors)
[2022-12-17 15:33:57] INFO     Iteration 855 (0 errors)
[2022-12-17 15:33:58] INFO     Iteration 856 (0 errors)
[2022-12-17 15:33:59] INFO     Iteration 857 (0 errors)
[2022-12-17 15:34:00] INFO     Iteration 858 (0 errors)
[2022-12-17 15:34:00] INFO     Iteration 859 (0 errors)
[2022-12-17 15:34:01] INFO     Iteration 860 (0 errors)
[2022-12-17 15:34:02] INFO     Iteration 861 (0 errors)
[2022-12-17 15:34:03] INFO     Iteration 862 (0 errors)
[2022-12-17 15:34:04] INFO     Iteration 863 (0 errors)
[2022-12-17 15:34:04] INFO     Iteration 864 (0 errors)
[2022-12-17 15:34:05] INFO     Iteration 865 (0 errors)
[2022-12-17 15:34:06] INFO     Iteration 866 (0 errors)
[2022-12-17 15:34:07] INFO     Iteration 867 (0 errors)
[2022-12-17 15:34:08] INFO     Iteration 868 (0 errors)
[2022-12-17 15:34:09] INFO     Iteration 869 (0 errors)
[2022-12-17 15:34:09] INFO     Iteration 870 (0 errors)
[2022-12-17 15:34:10] INFO     Iteration 871 (0 errors)
[2022-12-17 15:34:11] INFO     Iteration 872 (0 errors)
[2022-12-17 15:34:12] INFO     Iteration 873 (0 errors)
[2022-12-17 15:34:13] INFO     Iteration 874 (0 errors)
[2022-12-17 15:34:13] INFO     Iteration 875 (0 errors)
[2022-12-17 15:34:14] INFO     Iteration 876 (0 errors)
[2022-12-17 15:34:15] INFO     Iteration 877 (0 errors)
[2022-12-17 15:34:16] INFO     Iteration 878 (0 errors)
[2022-12-17 15:34:17] INFO     Iteration 879 (0 errors)
[2022-12-17 15:34:17] INFO     Iteration 880 (0 errors)
[2022-12-17 15:34:18] INFO     Iteration 881 (0 errors)
[2022-12-17 15:34:19] INFO     Iteration 882 (0 errors)
[2022-12-17 15:34:20] INFO     Iteration 883 (0 errors)
[2022-12-17 15:34:21] INFO     Iteration 884 (0 errors)
[2022-12-17 15:34:21] INFO     Iteration 885 (0 errors)
[2022-12-17 15:34:22] INFO     Iteration 886 (0 errors)
[2022-12-17 15:34:23] INFO     Iteration 887 (0 errors)
[2022-12-17 15:34:24] INFO     Iteration 888 (0 errors)
[2022-12-17 15:34:25] INFO     Iteration 889 (0 errors)
[2022-12-17 15:34:25] INFO     Iteration 890 (0 errors)
[2022-12-17 15:34:26] INFO     Iteration 891 (0 errors)
[2022-12-17 15:34:27] INFO     Iteration 892 (0 errors)
[2022-12-17 15:34:28] INFO     Iteration 893 (0 errors)
[2022-12-17 15:34:29] INFO     Iteration 894 (0 errors)
[2022-12-17 15:34:30] INFO     Iteration 895 (0 errors)
[2022-12-17 15:34:30] INFO     Iteration 896 (0 errors)
[2022-12-17 15:34:31] INFO     Iteration 897 (0 errors)
[2022-12-17 15:34:32] INFO     Iteration 898 (0 errors)
[2022-12-17 15:34:33] INFO     Iteration 899 (0 errors)
[2022-12-17 15:34:34] INFO     Iteration 900 (0 errors)
[2022-12-17 15:34:34] INFO     Iteration 901 (0 errors)
[2022-12-17 15:34:35] INFO     Iteration 902 (0 errors)
[2022-12-17 15:34:36] INFO     Iteration 903 (0 errors)
[2022-12-17 15:34:37] INFO     Iteration 904 (0 errors)
[2022-12-17 15:34:38] INFO     Iteration 905 (0 errors)
[2022-12-17 15:34:38] INFO     Iteration 906 (0 errors)
[2022-12-17 15:34:39] INFO     Iteration 907 (0 errors)
[2022-12-17 15:34:40] INFO     Iteration 908 (0 errors)
[2022-12-17 15:34:41] INFO     Iteration 909 (0 errors)
[2022-12-17 15:34:42] INFO     Iteration 910 (0 errors)
[2022-12-17 15:34:42] INFO     Iteration 911 (0 errors)
[2022-12-17 15:34:43] INFO     Iteration 912 (0 errors)
[2022-12-17 15:34:44] INFO     Iteration 913 (0 errors)
[2022-12-17 15:34:45] INFO     Iteration 914 (0 errors)
[2022-12-17 15:34:46] INFO     Iteration 915 (0 errors)
[2022-12-17 15:34:46] INFO     Iteration 916 (0 errors)
[2022-12-17 15:34:47] INFO     Iteration 917 (0 errors)
[2022-12-17 15:34:48] INFO     Iteration 918 (0 errors)
[2022-12-17 15:34:49] INFO     Iteration 919 (0 errors)
[2022-12-17 15:34:50] INFO     Iteration 920 (0 errors)
[2022-12-17 15:34:51] INFO     Iteration 921 (0 errors)
[2022-12-17 15:34:51] INFO     Iteration 922 (0 errors)
[2022-12-17 15:34:52] INFO     Iteration 923 (0 errors)
[2022-12-17 15:34:53] INFO     Iteration 924 (0 errors)
[2022-12-17 15:34:54] INFO     Iteration 925 (0 errors)
[2022-12-17 15:34:55] INFO     Iteration 926 (0 errors)
[2022-12-17 15:34:55] INFO     Iteration 927 (0 errors)
[2022-12-17 15:34:56] INFO     Iteration 928 (0 errors)
[2022-12-17 15:34:57] INFO     Iteration 929 (0 errors)
[2022-12-17 15:34:58] INFO     Iteration 930 (0 errors)
[2022-12-17 15:34:59] INFO     Iteration 931 (0 errors)
[2022-12-17 15:34:59] INFO     Iteration 932 (0 errors)
[2022-12-17 15:35:00] INFO     Iteration 933 (0 errors)
[2022-12-17 15:35:01] INFO     Iteration 934 (0 errors)
[2022-12-17 15:35:02] INFO     Iteration 935 (0 errors)
[2022-12-17 15:35:03] INFO     Iteration 936 (0 errors)
[2022-12-17 15:35:03] INFO     Iteration 937 (0 errors)
[2022-12-17 15:35:04] INFO     Iteration 938 (0 errors)
[2022-12-17 15:35:05] INFO     Iteration 939 (0 errors)
[2022-12-17 15:35:06] INFO     Iteration 940 (0 errors)
[2022-12-17 15:35:07] INFO     Iteration 941 (0 errors)
[2022-12-17 15:35:07] INFO     Iteration 942 (0 errors)
[2022-12-17 15:35:08] INFO     Iteration 943 (0 errors)
[2022-12-17 15:35:09] INFO     Iteration 944 (0 errors)
[2022-12-17 15:35:10] INFO     Iteration 945 (0 errors)
[2022-12-17 15:35:11] INFO     Iteration 946 (0 errors)
[2022-12-17 15:35:11] INFO     Iteration 947 (0 errors)
[2022-12-17 15:35:12] INFO     Iteration 948 (0 errors)
[2022-12-17 15:35:13] INFO     Iteration 949 (0 errors)
[2022-12-17 15:35:14] INFO     Iteration 950 (0 errors)
[2022-12-17 15:35:15] INFO     Iteration 951 (0 errors)
[2022-12-17 15:35:15] INFO     Iteration 952 (0 errors)
[2022-12-17 15:35:16] INFO     Iteration 953 (0 errors)
[2022-12-17 15:35:17] INFO     Iteration 954 (0 errors)
[2022-12-17 15:35:18] INFO     Iteration 955 (0 errors)
[2022-12-17 15:35:19] INFO     Iteration 956 (0 errors)
[2022-12-17 15:35:20] INFO     Iteration 957 (0 errors)
[2022-12-17 15:35:20] INFO     Iteration 958 (0 errors)
[2022-12-17 15:35:21] INFO     Iteration 959 (0 errors)
[2022-12-17 15:35:22] INFO     Iteration 960 (0 errors)
[2022-12-17 15:35:23] INFO     Iteration 961 (0 errors)
[2022-12-17 15:35:24] INFO     Iteration 962 (0 errors)
[2022-12-17 15:35:24] INFO     Iteration 963 (0 errors)
[2022-12-17 15:35:25] INFO     Iteration 964 (0 errors)
[2022-12-17 15:35:26] INFO     Iteration 965 (0 errors)
[2022-12-17 15:35:27] INFO     Iteration 966 (0 errors)
[2022-12-17 15:35:28] INFO     Iteration 967 (0 errors)
[2022-12-17 15:35:28] INFO     Iteration 968 (0 errors)
[2022-12-17 15:35:29] INFO     Iteration 969 (0 errors)
[2022-12-17 15:35:30] INFO     Iteration 970 (0 errors)
[2022-12-17 15:35:31] INFO     Iteration 971 (0 errors)
[2022-12-17 15:35:32] INFO     Iteration 972 (0 errors)
[2022-12-17 15:35:32] INFO     Iteration 973 (0 errors)
[2022-12-17 15:35:33] INFO     Iteration 974 (0 errors)
[2022-12-17 15:35:34] INFO     Iteration 975 (0 errors)
[2022-12-17 15:35:35] INFO     Iteration 976 (0 errors)
[2022-12-17 15:35:36] INFO     Iteration 977 (0 errors)
[2022-12-17 15:35:36] INFO     Iteration 978 (0 errors)
[2022-12-17 15:35:37] INFO     Iteration 979 (0 errors)
[2022-12-17 15:35:38] INFO     Iteration 980 (0 errors)
[2022-12-17 15:35:39] INFO     Iteration 981 (0 errors)
[2022-12-17 15:35:40] INFO     Iteration 982 (0 errors)
[2022-12-17 15:35:40] INFO     Iteration 983 (0 errors)
[2022-12-17 15:35:41] INFO     Iteration 984 (0 errors)
[2022-12-17 15:35:42] INFO     Iteration 985 (0 errors)
[2022-12-17 15:35:43] INFO     Iteration 986 (0 errors)
[2022-12-17 15:35:44] INFO     Iteration 987 (0 errors)
[2022-12-17 15:35:45] INFO     Iteration 988 (0 errors)
[2022-12-17 15:35:45] INFO     Iteration 989 (0 errors)
[2022-12-17 15:35:46] INFO     Iteration 990 (0 errors)
[2022-12-17 15:35:47] INFO     Iteration 991 (0 errors)
[2022-12-17 15:35:48] INFO     Iteration 992 (0 errors)
[2022-12-17 15:35:49] INFO     Iteration 993 (0 errors)
[2022-12-17 15:35:49] INFO     Iteration 994 (0 errors)
[2022-12-17 15:35:50] INFO     Iteration 995 (0 errors)
[2022-12-17 15:35:51] INFO     Iteration 996 (0 errors)
[2022-12-17 15:35:52] INFO     Iteration 997 (0 errors)
[2022-12-17 15:35:53] INFO     Iteration 998 (0 errors)
[2022-12-17 15:35:53] INFO     Iteration 999 (0 errors)
[2022-12-17 15:35:54] INFO     Iteration 1000 (0 errors)
[2022-12-17 15:35:55] INFO     Iteration 1001 (0 errors)
[2022-12-17 15:35:56] INFO     Iteration 1002 (0 errors)
[2022-12-17 15:35:57] INFO     Iteration 1003 (0 errors)
[2022-12-17 15:35:57] INFO     Iteration 1004 (0 errors)
[2022-12-17 15:35:58] INFO     Iteration 1005 (0 errors)
[2022-12-17 15:35:59] INFO     Iteration 1006 (0 errors)
[2022-12-17 15:36:00] INFO     Iteration 1007 (0 errors)
[2022-12-17 15:36:01] INFO     Iteration 1008 (0 errors)
[2022-12-17 15:36:01] INFO     Iteration 1009 (0 errors)
[2022-12-17 15:36:02] INFO     Iteration 1010 (0 errors)
[2022-12-17 15:36:03] INFO     Iteration 1011 (0 errors)
[2022-12-17 15:36:04] INFO     Iteration 1012 (0 errors)
[2022-12-17 15:36:05] INFO     Iteration 1013 (0 errors)
[2022-12-17 15:36:05] INFO     Iteration 1014 (0 errors)
[2022-12-17 15:36:06] INFO     Iteration 1015 (0 errors)
[2022-12-17 15:36:07] INFO     Iteration 1016 (0 errors)
[2022-12-17 15:36:08] INFO     Iteration 1017 (0 errors)
[2022-12-17 15:36:09] INFO     Iteration 1018 (0 errors)
[2022-12-17 15:36:10] INFO     Iteration 1019 (0 errors)
[2022-12-17 15:36:10] INFO     Iteration 1020 (0 errors)
[2022-12-17 15:36:11] INFO     Iteration 1021 (0 errors)
[2022-12-17 15:36:12] INFO     Iteration 1022 (0 errors)
[2022-12-17 15:36:13] INFO     Iteration 1023 (0 errors)
[2022-12-17 15:36:14] INFO     Iteration 1024 (0 errors)
[2022-12-17 15:36:14] INFO     Iteration 1025 (0 errors)
[2022-12-17 15:36:15] INFO     Iteration 1026 (0 errors)
[2022-12-17 15:36:16] INFO     Iteration 1027 (0 errors)
[2022-12-17 15:36:17] INFO     Iteration 1028 (0 errors)
[2022-12-17 15:36:18] INFO     Iteration 1029 (0 errors)
[2022-12-17 15:36:18] INFO     Iteration 1030 (0 errors)
[2022-12-17 15:36:19] INFO     Iteration 1031 (0 errors)
[2022-12-17 15:36:20] INFO     Iteration 1032 (0 errors)
[2022-12-17 15:36:21] INFO     Iteration 1033 (0 errors)
[2022-12-17 15:36:22] INFO     Iteration 1034 (0 errors)
[2022-12-17 15:36:22] INFO     Iteration 1035 (0 errors)
[2022-12-17 15:36:23] INFO     Iteration 1036 (0 errors)
[2022-12-17 15:36:24] INFO     Iteration 1037 (0 errors)
[2022-12-17 15:36:25] INFO     Iteration 1038 (0 errors)
[2022-12-17 15:36:26] INFO     Iteration 1039 (0 errors)
[2022-12-17 15:36:26] INFO     Iteration 1040 (0 errors)
[2022-12-17 15:36:27] INFO     Iteration 1041 (0 errors)
[2022-12-17 15:36:28] INFO     Iteration 1042 (0 errors)
[2022-12-17 15:36:29] INFO     Iteration 1043 (0 errors)
[2022-12-17 15:36:30] INFO     Iteration 1044 (0 errors)
[2022-12-17 15:36:31] INFO     Iteration 1045 (0 errors)
[2022-12-17 15:36:31] INFO     Iteration 1046 (0 errors)
[2022-12-17 15:36:32] INFO     Iteration 1047 (0 errors)
[2022-12-17 15:36:33] INFO     Iteration 1048 (0 errors)
[2022-12-17 15:36:34] INFO     Iteration 1049 (0 errors)
[2022-12-17 15:36:35] INFO     Iteration 1050 (0 errors)
[2022-12-17 15:36:35] INFO     Iteration 1051 (0 errors)
[2022-12-17 15:36:36] INFO     Iteration 1052 (0 errors)
[2022-12-17 15:36:37] INFO     Iteration 1053 (0 errors)
[2022-12-17 15:36:38] INFO     Iteration 1054 (0 errors)
[2022-12-17 15:36:39] INFO     Iteration 1055 (0 errors)
[2022-12-17 15:36:39] INFO     Iteration 1056 (0 errors)
[2022-12-17 15:36:40] INFO     Iteration 1057 (0 errors)
[2022-12-17 15:36:41] INFO     Iteration 1058 (0 errors)
[2022-12-17 15:36:42] INFO     Iteration 1059 (0 errors)
[2022-12-17 15:36:43] INFO     Iteration 1060 (0 errors)
[2022-12-17 15:36:43] INFO     Iteration 1061 (0 errors)
[2022-12-17 15:36:44] INFO     Iteration 1062 (0 errors)
[2022-12-17 15:36:45] INFO     Iteration 1063 (0 errors)
[2022-12-17 15:36:46] INFO     Iteration 1064 (0 errors)
[2022-12-17 15:36:47] INFO     Iteration 1065 (0 errors)
[2022-12-17 15:36:48] INFO     Iteration 1066 (0 errors)
[2022-12-17 15:36:48] INFO     Iteration 1067 (0 errors)
[2022-12-17 15:36:49] INFO     Iteration 1068 (0 errors)
[2022-12-17 15:36:50] INFO     Iteration 1069 (0 errors)
[2022-12-17 15:36:51] INFO     Iteration 1070 (0 errors)
[2022-12-17 15:36:52] INFO     Iteration 1071 (0 errors)
[2022-12-17 15:36:52] INFO     Iteration 1072 (0 errors)
[2022-12-17 15:36:53] INFO     Iteration 1073 (0 errors)
[2022-12-17 15:36:54] INFO     Iteration 1074 (0 errors)
[2022-12-17 15:36:55] INFO     Iteration 1075 (0 errors)
[2022-12-17 15:36:56] INFO     Iteration 1076 (0 errors)
[2022-12-17 15:36:56] INFO     Iteration 1077 (0 errors)
[2022-12-17 15:36:57] INFO     Iteration 1078 (0 errors)
[2022-12-17 15:36:58] INFO     Iteration 1079 (0 errors)
[2022-12-17 15:36:59] INFO     Iteration 1080 (0 errors)
[2022-12-17 15:37:00] INFO     Iteration 1081 (0 errors)
[2022-12-17 15:37:00] INFO     Iteration 1082 (0 errors)
[2022-12-17 15:37:01] INFO     Iteration 1083 (0 errors)
[2022-12-17 15:37:02] INFO     Iteration 1084 (0 errors)
[2022-12-17 15:37:03] INFO     Iteration 1085 (0 errors)
[2022-12-17 15:37:04] INFO     Iteration 1086 (0 errors)
[2022-12-17 15:37:04] INFO     Iteration 1087 (0 errors)
[2022-12-17 15:37:05] INFO     Iteration 1088 (0 errors)
[2022-12-17 15:37:06] INFO     Iteration 1089 (0 errors)
[2022-12-17 15:37:07] INFO     Iteration 1090 (0 errors)
[2022-12-17 15:37:08] INFO     Iteration 1091 (0 errors)
[2022-12-17 15:37:09] INFO     Iteration 1092 (0 errors)
[2022-12-17 15:37:09] INFO     Iteration 1093 (0 errors)
[2022-12-17 15:37:10] INFO     Iteration 1094 (0 errors)
[2022-12-17 15:37:11] INFO     Iteration 1095 (0 errors)
[2022-12-17 15:37:12] INFO     Iteration 1096 (0 errors)
[2022-12-17 15:37:13] INFO     Iteration 1097 (0 errors)
[2022-12-17 15:37:13] INFO     Iteration 1098 (0 errors)
[2022-12-17 15:37:14] INFO     Iteration 1099 (0 errors)
[2022-12-17 15:37:15] INFO     Iteration 1100 (0 errors)
[2022-12-17 15:37:16] INFO     Iteration 1101 (0 errors)
[2022-12-17 15:37:17] INFO     Iteration 1102 (0 errors)
[2022-12-17 15:37:17] INFO     Iteration 1103 (0 errors)
[2022-12-17 15:37:18] INFO     Iteration 1104 (0 errors)
[2022-12-17 15:37:19] INFO     Iteration 1105 (0 errors)
[2022-12-17 15:37:20] INFO     Iteration 1106 (0 errors)
[2022-12-17 15:37:21] INFO     Iteration 1107 (0 errors)
[2022-12-17 15:37:21] INFO     Iteration 1108 (0 errors)
[2022-12-17 15:37:22] INFO     Iteration 1109 (0 errors)
[2022-12-17 15:37:23] INFO     Iteration 1110 (0 errors)
[2022-12-17 15:37:24] INFO     Iteration 1111 (0 errors)
[2022-12-17 15:37:25] INFO     Iteration 1112 (0 errors)
[2022-12-17 15:37:26] INFO     Iteration 1113 (0 errors)
[2022-12-17 15:37:26] INFO     Iteration 1114 (0 errors)
[2022-12-17 15:37:27] INFO     Iteration 1115 (0 errors)
[2022-12-17 15:37:28] INFO     Iteration 1116 (0 errors)
[2022-12-17 15:37:29] INFO     Iteration 1117 (0 errors)
[2022-12-17 15:37:30] INFO     Iteration 1118 (0 errors)
[2022-12-17 15:37:30] INFO     Iteration 1119 (0 errors)
[2022-12-17 15:37:31] INFO     Iteration 1120 (0 errors)
[2022-12-17 15:37:32] INFO     Iteration 1121 (0 errors)
[2022-12-17 15:37:33] INFO     Iteration 1122 (0 errors)
[2022-12-17 15:37:34] INFO     Iteration 1123 (0 errors)
[2022-12-17 15:37:34] INFO     Iteration 1124 (0 errors)
[2022-12-17 15:37:35] INFO     Iteration 1125 (0 errors)
[2022-12-17 15:37:36] INFO     Iteration 1126 (0 errors)
[2022-12-17 15:37:37] INFO     Iteration 1127 (0 errors)
[2022-12-17 15:37:38] INFO     Iteration 1128 (0 errors)
[2022-12-17 15:37:38] INFO     Iteration 1129 (0 errors)
[2022-12-17 15:37:39] INFO     Iteration 1130 (0 errors)
[2022-12-17 15:37:40] INFO     Iteration 1131 (0 errors)
[2022-12-17 15:37:41] INFO     Iteration 1132 (0 errors)
[2022-12-17 15:37:42] INFO     Iteration 1133 (0 errors)
[2022-12-17 15:37:43] INFO     Iteration 1134 (0 errors)
[2022-12-17 15:37:43] INFO     Iteration 1135 (0 errors)
[2022-12-17 15:37:44] INFO     Iteration 1136 (0 errors)
[2022-12-17 15:37:45] INFO     Iteration 1137 (0 errors)
[2022-12-17 15:37:46] INFO     Iteration 1138 (0 errors)
[2022-12-17 15:37:47] INFO     Iteration 1139 (0 errors)
[2022-12-17 15:37:47] INFO     Iteration 1140 (0 errors)
[2022-12-17 15:37:48] INFO     Iteration 1141 (0 errors)
[2022-12-17 15:37:49] INFO     Iteration 1142 (0 errors)
[2022-12-17 15:37:50] INFO     Iteration 1143 (0 errors)
[2022-12-17 15:37:51] INFO     Iteration 1144 (0 errors)
[2022-12-17 15:37:51] INFO     Iteration 1145 (0 errors)
[2022-12-17 15:37:52] INFO     Iteration 1146 (0 errors)
[2022-12-17 15:37:53] INFO     Iteration 1147 (0 errors)
[2022-12-17 15:37:54] INFO     Iteration 1148 (0 errors)
[2022-12-17 15:37:55] INFO     Iteration 1149 (0 errors)
[2022-12-17 15:37:55] INFO     Iteration 1150 (0 errors)
[2022-12-17 15:37:56] INFO     Iteration 1151 (0 errors)
[2022-12-17 15:37:57] INFO     Iteration 1152 (0 errors)
[2022-12-17 15:37:58] INFO     Iteration 1153 (0 errors)
[2022-12-17 15:37:59] INFO     Iteration 1154 (0 errors)
[2022-12-17 15:37:59] INFO     Iteration 1155 (0 errors)
[2022-12-17 15:38:00] INFO     Iteration 1156 (0 errors)
[2022-12-17 15:38:01] INFO     Iteration 1157 (0 errors)
[2022-12-17 15:38:02] INFO     Iteration 1158 (0 errors)
[2022-12-17 15:38:03] INFO     Iteration 1159 (0 errors)
[2022-12-17 15:38:03] INFO     Iteration 1160 (0 errors)
[2022-12-17 15:38:04] INFO     Iteration 1161 (0 errors)
[2022-12-17 15:38:05] INFO     Iteration 1162 (0 errors)
[2022-12-17 15:38:06] INFO     Iteration 1163 (0 errors)
[2022-12-17 15:38:07] INFO     Iteration 1164 (0 errors)
[2022-12-17 15:38:07] INFO     Iteration 1165 (0 errors)
[2022-12-17 15:38:08] INFO     Iteration 1166 (0 errors)
[2022-12-17 15:38:09] INFO     Iteration 1167 (0 errors)
[2022-12-17 15:38:10] INFO     Iteration 1168 (0 errors)
[2022-12-17 15:38:11] INFO     Iteration 1169 (0 errors)
[2022-12-17 15:38:11] INFO     Iteration 1170 (0 errors)
[2022-12-17 15:38:12] INFO     Iteration 1171 (0 errors)
[2022-12-17 15:38:13] INFO     Iteration 1172 (0 errors)
[2022-12-17 15:38:14] INFO     Iteration 1173 (0 errors)
[2022-12-17 15:38:15] INFO     Iteration 1174 (0 errors)
[2022-12-17 15:38:15] INFO     Iteration 1175 (0 errors)
[2022-12-17 15:38:16] INFO     Iteration 1176 (0 errors)
[2022-12-17 15:38:17] INFO     Iteration 1177 (0 errors)
[2022-12-17 15:38:18] INFO     Iteration 1178 (0 errors)
[2022-12-17 15:38:19] INFO     Iteration 1179 (0 errors)
[2022-12-17 15:38:20] INFO     Iteration 1180 (0 errors)
[2022-12-17 15:38:20] INFO     Iteration 1181 (0 errors)
[2022-12-17 15:38:21] INFO     Iteration 1182 (0 errors)
[2022-12-17 15:38:22] INFO     Iteration 1183 (0 errors)
[2022-12-17 15:38:23] INFO     Iteration 1184 (0 errors)
[2022-12-17 15:38:24] INFO     Iteration 1185 (0 errors)
[2022-12-17 15:38:24] INFO     Iteration 1186 (0 errors)
[2022-12-17 15:38:25] INFO     Iteration 1187 (0 errors)
[2022-12-17 15:38:26] INFO     Iteration 1188 (0 errors)
[2022-12-17 15:38:27] INFO     Iteration 1189 (0 errors)
[2022-12-17 15:38:28] INFO     Iteration 1190 (0 errors)
[2022-12-17 15:38:28] INFO     Iteration 1191 (0 errors)
[2022-12-17 15:38:29] INFO     Iteration 1192 (0 errors)
[2022-12-17 15:38:30] INFO     Iteration 1193 (0 errors)
[2022-12-17 15:38:31] INFO     Iteration 1194 (0 errors)
[2022-12-17 15:38:32] INFO     Iteration 1195 (0 errors)
[2022-12-17 15:38:32] INFO     Iteration 1196 (0 errors)
[2022-12-17 15:38:33] INFO     Iteration 1197 (0 errors)
[2022-12-17 15:38:34] INFO     Iteration 1198 (0 errors)
[2022-12-17 15:38:35] INFO     Iteration 1199 (0 errors)
[2022-12-17 15:38:36] INFO     Iteration 1200 (0 errors)
[2022-12-17 15:38:36] INFO     Iteration 1201 (0 errors)
[2022-12-17 15:38:37] INFO     Iteration 1202 (0 errors)
[2022-12-17 15:38:38] INFO     Iteration 1203 (0 errors)
[2022-12-17 15:38:39] INFO     Iteration 1204 (0 errors)
[2022-12-17 15:38:40] INFO     Iteration 1205 (0 errors)
[2022-12-17 15:38:40] INFO     Iteration 1206 (0 errors)
[2022-12-17 15:38:41] INFO     Iteration 1207 (0 errors)
[2022-12-17 15:38:42] INFO     Iteration 1208 (0 errors)
[2022-12-17 15:38:43] INFO     Iteration 1209 (0 errors)
[2022-12-17 15:38:44] INFO     Iteration 1210 (0 errors)
[2022-12-17 15:38:45] INFO     Iteration 1211 (0 errors)
[2022-12-17 15:38:45] INFO     Iteration 1212 (0 errors)
[2022-12-17 15:38:46] INFO     Iteration 1213 (0 errors)
[2022-12-17 15:38:47] INFO     Iteration 1214 (0 errors)
[2022-12-17 15:38:48] INFO     Iteration 1215 (0 errors)
[2022-12-17 15:38:49] INFO     Iteration 1216 (0 errors)
[2022-12-17 15:38:49] INFO     Iteration 1217 (0 errors)
[2022-12-17 15:38:50] INFO     Iteration 1218 (0 errors)
[2022-12-17 15:38:51] INFO     Iteration 1219 (0 errors)
[2022-12-17 15:38:52] INFO     Iteration 1220 (0 errors)
[2022-12-17 15:38:53] INFO     Iteration 1221 (0 errors)
[2022-12-17 15:38:53] INFO     Iteration 1222 (0 errors)
[2022-12-17 15:38:54] INFO     Iteration 1223 (0 errors)
[2022-12-17 15:38:55] INFO     Iteration 1224 (0 errors)
[2022-12-17 15:38:56] INFO     Iteration 1225 (0 errors)
[2022-12-17 15:38:57] INFO     Iteration 1226 (0 errors)
[2022-12-17 15:38:57] INFO     Iteration 1227 (0 errors)
[2022-12-17 15:38:58] INFO     Iteration 1228 (0 errors)
[2022-12-17 15:38:59] INFO     Iteration 1229 (0 errors)
[2022-12-17 15:39:00] INFO     Iteration 1230 (0 errors)
[2022-12-17 15:39:01] INFO     Iteration 1231 (0 errors)
[2022-12-17 15:39:01] INFO     Iteration 1232 (0 errors)
[2022-12-17 15:39:02] INFO     Iteration 1233 (0 errors)
[2022-12-17 15:39:03] INFO     Iteration 1234 (0 errors)
[2022-12-17 15:39:04] INFO     Iteration 1235 (0 errors)
[2022-12-17 15:39:05] INFO     Iteration 1236 (0 errors)
[2022-12-17 15:39:05] INFO     Iteration 1237 (0 errors)
[2022-12-17 15:39:06] INFO     Iteration 1238 (0 errors)
[2022-12-17 15:39:07] INFO     Iteration 1239 (0 errors)
[2022-12-17 15:39:08] INFO     Iteration 1240 (0 errors)
[2022-12-17 15:39:09] INFO     Iteration 1241 (0 errors)
[2022-12-17 15:39:10] INFO     Iteration 1242 (0 errors)
[2022-12-17 15:39:10] INFO     Iteration 1243 (0 errors)
[2022-12-17 15:39:11] INFO     Iteration 1244 (0 errors)
[2022-12-17 15:39:12] INFO     Iteration 1245 (0 errors)
[2022-12-17 15:39:13] INFO     Iteration 1246 (0 errors)
[2022-12-17 15:39:14] INFO     Iteration 1247 (0 errors)
[2022-12-17 15:39:14] INFO     Iteration 1248 (0 errors)
[2022-12-17 15:39:15] INFO     Iteration 1249 (0 errors)
[2022-12-17 15:39:16] INFO     Iteration 1250 (0 errors)
[2022-12-17 15:39:17] INFO     Iteration 1251 (0 errors)
[2022-12-17 15:39:18] INFO     Iteration 1252 (0 errors)
[2022-12-17 15:39:18] INFO     Iteration 1253 (0 errors)
[2022-12-17 15:39:19] INFO     Iteration 1254 (0 errors)
[2022-12-17 15:39:20] INFO     Iteration 1255 (0 errors)
[2022-12-17 15:39:21] INFO     Iteration 1256 (0 errors)
[2022-12-17 15:39:22] INFO     Iteration 1257 (0 errors)
[2022-12-17 15:39:22] INFO     Iteration 1258 (0 errors)
[2022-12-17 15:39:23] INFO     Iteration 1259 (0 errors)
[2022-12-17 15:39:24] INFO     Iteration 1260 (0 errors)
[2022-12-17 15:39:25] INFO     Iteration 1261 (0 errors)
[2022-12-17 15:39:26] INFO     Iteration 1262 (0 errors)
[2022-12-17 15:39:27] INFO     Iteration 1263 (0 errors)
[2022-12-17 15:39:27] INFO     Iteration 1264 (0 errors)
[2022-12-17 15:39:28] INFO     Iteration 1265 (0 errors)
[2022-12-17 15:39:29] INFO     Iteration 1266 (0 errors)
[2022-12-17 15:39:30] INFO     Iteration 1267 (0 errors)
[2022-12-17 15:39:31] INFO     Iteration 1268 (0 errors)
[2022-12-17 15:39:31] INFO     Iteration 1269 (0 errors)
[2022-12-17 15:39:32] INFO     Iteration 1270 (0 errors)
[2022-12-17 15:39:33] INFO     Iteration 1271 (0 errors)
[2022-12-17 15:39:34] INFO     Iteration 1272 (0 errors)
[2022-12-17 15:39:35] INFO     Iteration 1273 (0 errors)
[2022-12-17 15:39:35] INFO     Iteration 1274 (0 errors)
[2022-12-17 15:39:36] INFO     Iteration 1275 (0 errors)
[2022-12-17 15:39:37] INFO     Iteration 1276 (0 errors)
[2022-12-17 15:39:38] INFO     Iteration 1277 (0 errors)
[2022-12-17 15:39:39] INFO     Iteration 1278 (0 errors)
[2022-12-17 15:39:39] INFO     Iteration 1279 (0 errors)
[2022-12-17 15:39:40] INFO     Iteration 1280 (0 errors)
[2022-12-17 15:39:41] INFO     Iteration 1281 (0 errors)
[2022-12-17 15:39:42] INFO     Iteration 1282 (0 errors)
[2022-12-17 15:39:43] INFO     Iteration 1283 (0 errors)
[2022-12-17 15:39:43] INFO     Iteration 1284 (0 errors)
[2022-12-17 15:39:44] INFO     Iteration 1285 (0 errors)
[2022-12-17 15:39:45] INFO     Iteration 1286 (0 errors)
[2022-12-17 15:39:46] INFO     Iteration 1287 (0 errors)
[2022-12-17 15:39:47] INFO     Iteration 1288 (0 errors)
[2022-12-17 15:39:47] INFO     Iteration 1289 (0 errors)
[2022-12-17 15:39:48] INFO     Iteration 1290 (0 errors)
[2022-12-17 15:39:49] INFO     Iteration 1291 (0 errors)
[2022-12-17 15:39:50] INFO     Iteration 1292 (0 errors)
[2022-12-17 15:39:51] INFO     Iteration 1293 (0 errors)
[2022-12-17 15:39:51] INFO     Iteration 1294 (0 errors)
[2022-12-17 15:39:52] INFO     Iteration 1295 (0 errors)
[2022-12-17 15:39:53] INFO     Iteration 1296 (0 errors)
[2022-12-17 15:39:54] INFO     Iteration 1297 (0 errors)
[2022-12-17 15:39:55] INFO     Iteration 1298 (0 errors)
[2022-12-17 15:39:56] INFO     Iteration 1299 (0 errors)
[2022-12-17 15:39:56] INFO     Iteration 1300 (0 errors)
[2022-12-17 15:39:57] INFO     Iteration 1301 (0 errors)
[2022-12-17 15:39:58] INFO     Iteration 1302 (0 errors)
[2022-12-17 15:39:59] INFO     Iteration 1303 (0 errors)
[2022-12-17 15:40:00] INFO     Iteration 1304 (0 errors)
[2022-12-17 15:40:00] INFO     Iteration 1305 (0 errors)
[2022-12-17 15:40:01] INFO     Iteration 1306 (0 errors)
[2022-12-17 15:40:02] INFO     Iteration 1307 (0 errors)
[2022-12-17 15:40:03] INFO     Iteration 1308 (0 errors)
[2022-12-17 15:40:04] INFO     Iteration 1309 (0 errors)
[2022-12-17 15:40:04] INFO     Iteration 1310 (0 errors)
[2022-12-17 15:40:05] INFO     Iteration 1311 (0 errors)
[2022-12-17 15:40:06] INFO     Iteration 1312 (0 errors)
[2022-12-17 15:40:07] INFO     Iteration 1313 (0 errors)
[2022-12-17 15:40:08] INFO     Iteration 1314 (0 errors)
[2022-12-17 15:40:08] INFO     Iteration 1315 (0 errors)
[2022-12-17 15:40:09] INFO     Iteration 1316 (0 errors)
[2022-12-17 15:40:10] INFO     Iteration 1317 (0 errors)
[2022-12-17 15:40:11] INFO     Iteration 1318 (0 errors)
[2022-12-17 15:40:12] INFO     Iteration 1319 (0 errors)
[2022-12-17 15:40:13] INFO     Iteration 1320 (0 errors)
[2022-12-17 15:40:13] INFO     Iteration 1321 (0 errors)
[2022-12-17 15:40:14] INFO     Iteration 1322 (0 errors)
[2022-12-17 15:40:15] INFO     Iteration 1323 (0 errors)
[2022-12-17 15:40:16] INFO     Iteration 1324 (0 errors)
[2022-12-17 15:40:17] INFO     Iteration 1325 (0 errors)
[2022-12-17 15:40:17] INFO     Iteration 1326 (0 errors)
[2022-12-17 15:40:18] INFO     Iteration 1327 (0 errors)
[2022-12-17 15:40:19] INFO     Iteration 1328 (0 errors)
[2022-12-17 15:40:20] INFO     Iteration 1329 (0 errors)
[2022-12-17 15:40:21] INFO     Iteration 1330 (0 errors)
[2022-12-17 15:40:21] INFO     Iteration 1331 (0 errors)
[2022-12-17 15:40:22] INFO     Iteration 1332 (0 errors)
[2022-12-17 15:40:23] INFO     Iteration 1333 (0 errors)
[2022-12-17 15:40:24] INFO     Iteration 1334 (0 errors)
[2022-12-17 15:40:25] INFO     Iteration 1335 (0 errors)
[2022-12-17 15:40:25] INFO     Iteration 1336 (0 errors)
[2022-12-17 15:40:26] INFO     Iteration 1337 (0 errors)
[2022-12-17 15:40:27] INFO     Iteration 1338 (0 errors)
[2022-12-17 15:40:28] INFO     Iteration 1339 (0 errors)
[2022-12-17 15:40:29] INFO     Iteration 1340 (0 errors)
[2022-12-17 15:40:30] INFO     Iteration 1341 (0 errors)
[2022-12-17 15:40:30] INFO     Iteration 1342 (0 errors)
[2022-12-17 15:40:31] INFO     Iteration 1343 (0 errors)
[2022-12-17 15:40:32] INFO     Iteration 1344 (0 errors)
[2022-12-17 15:40:33] INFO     Iteration 1345 (0 errors)
[2022-12-17 15:40:34] INFO     Iteration 1346 (0 errors)
[2022-12-17 15:40:34] INFO     Iteration 1347 (0 errors)
[2022-12-17 15:40:35] INFO     Iteration 1348 (0 errors)
[2022-12-17 15:40:36] INFO     Iteration 1349 (0 errors)
[2022-12-17 15:40:37] INFO     Iteration 1350 (0 errors)
[2022-12-17 15:40:38] INFO     Iteration 1351 (0 errors)
[2022-12-17 15:40:38] INFO     Iteration 1352 (0 errors)
[2022-12-17 15:40:39] INFO     Iteration 1353 (0 errors)
[2022-12-17 15:40:40] INFO     Iteration 1354 (0 errors)
[2022-12-17 15:40:41] INFO     Iteration 1355 (0 errors)
[2022-12-17 15:40:42] INFO     Iteration 1356 (0 errors)
[2022-12-17 15:40:42] INFO     Iteration 1357 (0 errors)
[2022-12-17 15:40:43] INFO     Iteration 1358 (0 errors)
[2022-12-17 15:40:44] INFO     Iteration 1359 (0 errors)
[2022-12-17 15:40:45] INFO     Iteration 1360 (0 errors)
[2022-12-17 15:40:46] INFO     Iteration 1361 (0 errors)
[2022-12-17 15:40:46] INFO     Iteration 1362 (0 errors)
[2022-12-17 15:40:47] INFO     Iteration 1363 (0 errors)
[2022-12-17 15:40:48] INFO     Iteration 1364 (0 errors)
[2022-12-17 15:40:49] INFO     Iteration 1365 (0 errors)
[2022-12-17 15:40:50] INFO     Iteration 1366 (0 errors)
[2022-12-17 15:40:50] INFO     Iteration 1367 (0 errors)
[2022-12-17 15:40:51] INFO     Iteration 1368 (0 errors)
[2022-12-17 15:40:52] INFO     Iteration 1369 (0 errors)
[2022-12-17 15:40:53] INFO     Iteration 1370 (0 errors)
[2022-12-17 15:40:54] INFO     Iteration 1371 (0 errors)
[2022-12-17 15:40:55] INFO     Iteration 1372 (0 errors)
[2022-12-17 15:40:55] INFO     Iteration 1373 (0 errors)
[2022-12-17 15:40:56] INFO     Iteration 1374 (0 errors)
[2022-12-17 15:40:57] INFO     Iteration 1375 (0 errors)
[2022-12-17 15:40:58] INFO     Iteration 1376 (0 errors)
[2022-12-17 15:40:59] INFO     Iteration 1377 (0 errors)
[2022-12-17 15:40:59] INFO     Iteration 1378 (0 errors)
[2022-12-17 15:41:00] INFO     Iteration 1379 (0 errors)
[2022-12-17 15:41:01] INFO     Iteration 1380 (0 errors)
[2022-12-17 15:41:02] INFO     Iteration 1381 (0 errors)
[2022-12-17 15:41:03] INFO     Iteration 1382 (0 errors)
[2022-12-17 15:41:03] INFO     Iteration 1383 (0 errors)
[2022-12-17 15:41:04] INFO     Iteration 1384 (0 errors)
[2022-12-17 15:41:05] INFO     Iteration 1385 (0 errors)
[2022-12-17 15:41:06] INFO     Iteration 1386 (0 errors)
[2022-12-17 15:41:07] INFO     Iteration 1387 (0 errors)
[2022-12-17 15:41:07] INFO     Iteration 1388 (0 errors)
[2022-12-17 15:41:08] INFO     Iteration 1389 (0 errors)
[2022-12-17 15:41:09] INFO     Iteration 1390 (0 errors)
[2022-12-17 15:41:10] INFO     Iteration 1391 (0 errors)
[2022-12-17 15:41:11] INFO     Iteration 1392 (0 errors)
[2022-12-17 15:41:11] INFO     Iteration 1393 (0 errors)
[2022-12-17 15:41:12] INFO     Iteration 1394 (0 errors)
[2022-12-17 15:41:13] INFO     Iteration 1395 (0 errors)
[2022-12-17 15:41:14] INFO     Iteration 1396 (0 errors)
[2022-12-17 15:41:15] INFO     Iteration 1397 (0 errors)
[2022-12-17 15:41:16] INFO     Iteration 1398 (0 errors)
[2022-12-17 15:41:16] INFO     Iteration 1399 (0 errors)
[2022-12-17 15:41:17] INFO     Iteration 1400 (0 errors)
[2022-12-17 15:41:18] INFO     Iteration 1401 (0 errors)
[2022-12-17 15:41:19] INFO     Iteration 1402 (0 errors)
[2022-12-17 15:41:20] INFO     Iteration 1403 (0 errors)
[2022-12-17 15:41:20] INFO     Iteration 1404 (0 errors)
[2022-12-17 15:41:21] INFO     Iteration 1405 (0 errors)
[2022-12-17 15:41:22] INFO     Iteration 1406 (0 errors)
[2022-12-17 15:41:23] INFO     Iteration 1407 (0 errors)
[2022-12-17 15:41:24] INFO     Iteration 1408 (0 errors)
[2022-12-17 15:41:24] INFO     Iteration 1409 (0 errors)
[2022-12-17 15:41:25] INFO     Iteration 1410 (0 errors)
[2022-12-17 15:41:26] INFO     Iteration 1411 (0 errors)
[2022-12-17 15:41:27] INFO     Iteration 1412 (0 errors)
[2022-12-17 15:41:28] INFO     Iteration 1413 (0 errors)
[2022-12-17 15:41:28] INFO     Iteration 1414 (0 errors)
[2022-12-17 15:41:29] INFO     Iteration 1415 (0 errors)
[2022-12-17 15:41:30] INFO     Iteration 1416 (0 errors)
[2022-12-17 15:41:31] INFO     Iteration 1417 (0 errors)
[2022-12-17 15:41:32] INFO     Iteration 1418 (0 errors)
[2022-12-17 15:41:32] INFO     Iteration 1419 (0 errors)
[2022-12-17 15:41:33] INFO     Iteration 1420 (0 errors)
[2022-12-17 15:41:34] INFO     Iteration 1421 (0 errors)
[2022-12-17 15:41:35] INFO     Iteration 1422 (0 errors)
[2022-12-17 15:41:36] INFO     Iteration 1423 (0 errors)
[2022-12-17 15:41:37] INFO     Iteration 1424 (0 errors)
[2022-12-17 15:41:37] INFO     Iteration 1425 (0 errors)
[2022-12-17 15:41:38] INFO     Iteration 1426 (0 errors)
[2022-12-17 15:41:39] INFO     Iteration 1427 (0 errors)
[2022-12-17 15:41:40] INFO     Iteration 1428 (0 errors)
[2022-12-17 15:41:41] INFO     Iteration 1429 (0 errors)
[2022-12-17 15:41:41] INFO     Iteration 1430 (0 errors)
[2022-12-17 15:41:42] INFO     Iteration 1431 (0 errors)
[2022-12-17 15:41:43] INFO     Iteration 1432 (0 errors)
[2022-12-17 15:41:44] INFO     Iteration 1433 (0 errors)
[2022-12-17 15:41:45] INFO     Iteration 1434 (0 errors)
[2022-12-17 15:41:45] INFO     Iteration 1435 (0 errors)
[2022-12-17 15:41:46] INFO     Iteration 1436 (0 errors)
[2022-12-17 15:41:47] INFO     Iteration 1437 (0 errors)
[2022-12-17 15:41:48] INFO     Iteration 1438 (0 errors)
[2022-12-17 15:41:49] INFO     Iteration 1439 (0 errors)
[2022-12-17 15:41:49] INFO     Iteration 1440 (0 errors)
[2022-12-17 15:41:50] INFO     Iteration 1441 (0 errors)
[2022-12-17 15:41:51] INFO     Iteration 1442 (0 errors)
[2022-12-17 15:41:52] INFO     Iteration 1443 (0 errors)
[2022-12-17 15:41:53] INFO     Iteration 1444 (0 errors)
[2022-12-17 15:41:53] INFO     Iteration 1445 (0 errors)
[2022-12-17 15:41:54] INFO     Iteration 1446 (0 errors)
[2022-12-17 15:41:55] INFO     Iteration 1447 (0 errors)
[2022-12-17 15:41:56] INFO     Iteration 1448 (0 errors)
[2022-12-17 15:41:57] INFO     Iteration 1449 (0 errors)
[2022-12-17 15:41:58] INFO     Iteration 1450 (0 errors)
[2022-12-17 15:41:58] INFO     Iteration 1451 (0 errors)
[2022-12-17 15:41:59] INFO     Iteration 1452 (0 errors)
[2022-12-17 15:42:00] INFO     Iteration 1453 (0 errors)
[2022-12-17 15:42:01] INFO     Iteration 1454 (0 errors)
[2022-12-17 15:42:02] INFO     Iteration 1455 (0 errors)
[2022-12-17 15:42:02] INFO     Iteration 1456 (0 errors)
[2022-12-17 15:42:03] INFO     Iteration 1457 (0 errors)
[2022-12-17 15:42:04] INFO     Iteration 1458 (0 errors)
[2022-12-17 15:42:05] INFO     Iteration 1459 (0 errors)
[2022-12-17 15:42:06] INFO     Iteration 1460 (0 errors)
[2022-12-17 15:42:06] INFO     Iteration 1461 (0 errors)
[2022-12-17 15:42:07] INFO     Iteration 1462 (0 errors)
[2022-12-17 15:42:08] INFO     Iteration 1463 (0 errors)
[2022-12-17 15:42:09] INFO     Iteration 1464 (0 errors)
[2022-12-17 15:42:10] INFO     Iteration 1465 (0 errors)
[2022-12-17 15:42:10] INFO     Iteration 1466 (0 errors)
[2022-12-17 15:42:11] INFO     Iteration 1467 (0 errors)
[2022-12-17 15:42:12] INFO     Iteration 1468 (0 errors)
[2022-12-17 15:42:13] INFO     Iteration 1469 (0 errors)
[2022-12-17 15:42:14] INFO     Iteration 1470 (0 errors)
[2022-12-17 15:42:14] INFO     Iteration 1471 (0 errors)
[2022-12-17 15:42:15] INFO     Iteration 1472 (0 errors)
[2022-12-17 15:42:16] INFO     Iteration 1473 (0 errors)
[2022-12-17 15:42:17] INFO     Iteration 1474 (0 errors)
[2022-12-17 15:42:18] INFO     Iteration 1475 (0 errors)
[2022-12-17 15:42:19] INFO     Iteration 1476 (0 errors)
[2022-12-17 15:42:19] INFO     Iteration 1477 (0 errors)
[2022-12-17 15:42:20] INFO     Iteration 1478 (0 errors)
[2022-12-17 15:42:21] INFO     Iteration 1479 (0 errors)
[2022-12-17 15:42:22] INFO     Iteration 1480 (0 errors)
[2022-12-17 15:42:23] INFO     Iteration 1481 (0 errors)
[2022-12-17 15:42:23] INFO     Iteration 1482 (0 errors)
[2022-12-17 15:42:24] INFO     Iteration 1483 (0 errors)
[2022-12-17 15:42:25] INFO     Iteration 1484 (0 errors)
[2022-12-17 15:42:26] INFO     Iteration 1485 (0 errors)
[2022-12-17 15:42:27] INFO     Iteration 1486 (0 errors)
[2022-12-17 15:42:27] INFO     Iteration 1487 (0 errors)
[2022-12-17 15:42:28] INFO     Iteration 1488 (0 errors)
[2022-12-17 15:42:29] INFO     Iteration 1489 (0 errors)
[2022-12-17 15:42:30] INFO     Iteration 1490 (0 errors)
[2022-12-17 15:42:31] INFO     Iteration 1491 (0 errors)
[2022-12-17 15:42:31] INFO     Iteration 1492 (0 errors)
[2022-12-17 15:42:32] INFO     Iteration 1493 (0 errors)
[2022-12-17 15:42:33] INFO     Iteration 1494 (0 errors)
[2022-12-17 15:42:34] INFO     Iteration 1495 (0 errors)
[2022-12-17 15:42:35] INFO     Iteration 1496 (0 errors)
[2022-12-17 15:42:35] INFO     Iteration 1497 (0 errors)
[2022-12-17 15:42:36] INFO     Iteration 1498 (0 errors)
[2022-12-17 15:42:37] INFO     Iteration 1499 (0 errors)
[2022-12-17 15:42:38] INFO     Iteration 1500 (0 errors)
[2022-12-17 15:42:39] INFO     Iteration 1501 (0 errors)
[2022-12-17 15:42:40] INFO     Iteration 1502 (0 errors)
[2022-12-17 15:42:40] INFO     Iteration 1503 (0 errors)
[2022-12-17 15:42:41] INFO     Iteration 1504 (0 errors)
[2022-12-17 15:42:42] INFO     Iteration 1505 (0 errors)
[2022-12-17 15:42:43] INFO     Iteration 1506 (0 errors)
[2022-12-17 15:42:44] INFO     Iteration 1507 (0 errors)
[2022-12-17 15:42:44] INFO     Iteration 1508 (0 errors)
[2022-12-17 15:42:45] INFO     Iteration 1509 (0 errors)
[2022-12-17 15:42:46] INFO     Iteration 1510 (0 errors)
[2022-12-17 15:42:47] INFO     Iteration 1511 (0 errors)
[2022-12-17 15:42:48] INFO     Iteration 1512 (0 errors)
[2022-12-17 15:42:48] INFO     Iteration 1513 (0 errors)
[2022-12-17 15:42:49] INFO     Iteration 1514 (0 errors)
[2022-12-17 15:42:50] INFO     Iteration 1515 (0 errors)
[2022-12-17 15:42:51] INFO     Iteration 1516 (0 errors)
[2022-12-17 15:42:52] INFO     Iteration 1517 (0 errors)
[2022-12-17 15:42:52] INFO     Iteration 1518 (0 errors)
[2022-12-17 15:42:53] INFO     Iteration 1519 (0 errors)
[2022-12-17 15:42:54] INFO     Iteration 1520 (0 errors)
[2022-12-17 15:42:55] INFO     Iteration 1521 (0 errors)
[2022-12-17 15:42:56] INFO     Iteration 1522 (0 errors)
[2022-12-17 15:42:56] INFO     Iteration 1523 (0 errors)
[2022-12-17 15:42:57] INFO     Iteration 1524 (0 errors)
[2022-12-17 15:42:58] INFO     Iteration 1525 (0 errors)
[2022-12-17 15:42:59] INFO     Iteration 1526 (0 errors)
[2022-12-17 15:43:00] INFO     Iteration 1527 (0 errors)
[2022-12-17 15:43:01] INFO     Iteration 1528 (0 errors)
[2022-12-17 15:43:01] INFO     Iteration 1529 (0 errors)
[2022-12-17 15:43:02] INFO     Iteration 1530 (0 errors)
[2022-12-17 15:43:03] INFO     Iteration 1531 (0 errors)
[2022-12-17 15:43:04] INFO     Iteration 1532 (0 errors)
[2022-12-17 15:43:05] INFO     Iteration 1533 (0 errors)
[2022-12-17 15:43:05] INFO     Iteration 1534 (0 errors)
[2022-12-17 15:43:06] INFO     Iteration 1535 (0 errors)
[2022-12-17 15:43:07] INFO     Iteration 1536 (0 errors)
[2022-12-17 15:43:08] INFO     Iteration 1537 (0 errors)
[2022-12-17 15:43:09] INFO     Iteration 1538 (0 errors)
[2022-12-17 15:43:09] INFO     Iteration 1539 (0 errors)
[2022-12-17 15:43:10] INFO     Iteration 1540 (0 errors)
[2022-12-17 15:43:11] INFO     Iteration 1541 (0 errors)
[2022-12-17 15:43:12] INFO     Iteration 1542 (0 errors)
[2022-12-17 15:43:13] INFO     Iteration 1543 (0 errors)
[2022-12-17 15:43:13] INFO     Iteration 1544 (0 errors)
[2022-12-17 15:43:14] INFO     Iteration 1545 (0 errors)
[2022-12-17 15:43:15] INFO     Iteration 1546 (0 errors)
[2022-12-17 15:43:16] INFO     Iteration 1547 (0 errors)
[2022-12-17 15:43:17] INFO     Iteration 1548 (0 errors)
[2022-12-17 15:43:17] INFO     Iteration 1549 (0 errors)
[2022-12-17 15:43:18] INFO     Iteration 1550 (0 errors)
[2022-12-17 15:43:19] INFO     Iteration 1551 (0 errors)
[2022-12-17 15:43:20] INFO     Iteration 1552 (0 errors)
[2022-12-17 15:43:21] INFO     Iteration 1553 (0 errors)
[2022-12-17 15:43:22] INFO     Iteration 1554 (0 errors)
[2022-12-17 15:43:22] INFO     Iteration 1555 (0 errors)
[2022-12-17 15:43:23] INFO     Iteration 1556 (0 errors)
[2022-12-17 15:43:24] INFO     Iteration 1557 (0 errors)
[2022-12-17 15:43:25] INFO     Iteration 1558 (0 errors)
[2022-12-17 15:43:26] INFO     Iteration 1559 (0 errors)
[2022-12-17 15:43:26] INFO     Iteration 1560 (0 errors)
[2022-12-17 15:43:27] INFO     Iteration 1561 (0 errors)
[2022-12-17 15:43:28] INFO     Iteration 1562 (0 errors)
[2022-12-17 15:43:29] INFO     Iteration 1563 (0 errors)
[2022-12-17 15:43:30] INFO     Iteration 1564 (0 errors)
[2022-12-17 15:43:30] INFO     Iteration 1565 (0 errors)
[2022-12-17 15:43:31] INFO     Iteration 1566 (0 errors)
[2022-12-17 15:43:32] INFO     Iteration 1567 (0 errors)
[2022-12-17 15:43:33] INFO     Iteration 1568 (0 errors)
[2022-12-17 15:43:34] INFO     Iteration 1569 (0 errors)
[2022-12-17 15:43:34] INFO     Iteration 1570 (0 errors)
[2022-12-17 15:43:35] INFO     Iteration 1571 (0 errors)
[2022-12-17 15:43:36] INFO     Iteration 1572 (0 errors)
[2022-12-17 15:43:37] INFO     Iteration 1573 (0 errors)
[2022-12-17 15:43:38] INFO     Iteration 1574 (0 errors)
[2022-12-17 15:43:38] INFO     Iteration 1575 (0 errors)
[2022-12-17 15:43:39] INFO     Iteration 1576 (0 errors)
[2022-12-17 15:43:40] INFO     Iteration 1577 (0 errors)
[2022-12-17 15:43:41] INFO     Iteration 1578 (0 errors)
[2022-12-17 15:43:42] INFO     Iteration 1579 (0 errors)
[2022-12-17 15:43:43] INFO     Iteration 1580 (0 errors)
[2022-12-17 15:43:43] INFO     Iteration 1581 (0 errors)
[2022-12-17 15:43:44] INFO     Iteration 1582 (0 errors)
[2022-12-17 15:43:45] INFO     Iteration 1583 (0 errors)
[2022-12-17 15:43:46] INFO     Iteration 1584 (0 errors)
[2022-12-17 15:43:47] INFO     Iteration 1585 (0 errors)
[2022-12-17 15:43:47] INFO     Iteration 1586 (0 errors)
[2022-12-17 15:43:48] INFO     Iteration 1587 (0 errors)
[2022-12-17 15:43:49] INFO     Iteration 1588 (0 errors)
[2022-12-17 15:43:50] INFO     Iteration 1589 (0 errors)
[2022-12-17 15:43:51] INFO     Iteration 1590 (0 errors)
[2022-12-17 15:43:51] INFO     Iteration 1591 (0 errors)
[2022-12-17 15:43:52] INFO     Iteration 1592 (0 errors)
[2022-12-17 15:43:53] INFO     Iteration 1593 (0 errors)
[2022-12-17 15:43:54] INFO     Iteration 1594 (0 errors)
[2022-12-17 15:43:55] INFO     Iteration 1595 (0 errors)
[2022-12-17 15:43:55] INFO     Iteration 1596 (0 errors)
[2022-12-17 15:43:56] INFO     Iteration 1597 (0 errors)
[2022-12-17 15:43:57] INFO     Iteration 1598 (0 errors)
[2022-12-17 15:43:58] INFO     Iteration 1599 (0 errors)
[2022-12-17 15:43:59] INFO     Iteration 1600 (0 errors)
[2022-12-17 15:43:59] INFO     Iteration 1601 (0 errors)
[2022-12-17 15:44:00] INFO     Iteration 1602 (0 errors)
[2022-12-17 15:44:01] INFO     Iteration 1603 (0 errors)
[2022-12-17 15:44:02] INFO     Iteration 1604 (0 errors)
[2022-12-17 15:44:03] INFO     Iteration 1605 (0 errors)
[2022-12-17 15:44:03] INFO     Iteration 1606 (0 errors)
[2022-12-17 15:44:04] INFO     Iteration 1607 (0 errors)
[2022-12-17 15:44:05] INFO     Iteration 1608 (0 errors)
[2022-12-17 15:44:06] INFO     Iteration 1609 (0 errors)
[2022-12-17 15:44:07] INFO     Iteration 1610 (0 errors)
[2022-12-17 15:44:08] INFO     Iteration 1611 (0 errors)
[2022-12-17 15:44:08] INFO     Iteration 1612 (0 errors)
[2022-12-17 15:44:09] INFO     Iteration 1613 (0 errors)
[2022-12-17 15:44:10] INFO     Iteration 1614 (0 errors)
[2022-12-17 15:44:11] INFO     Iteration 1615 (0 errors)
[2022-12-17 15:44:12] INFO     Iteration 1616 (0 errors)
[2022-12-17 15:44:12] INFO     Iteration 1617 (0 errors)
[2022-12-17 15:44:13] INFO     Iteration 1618 (0 errors)
[2022-12-17 15:44:14] INFO     Iteration 1619 (0 errors)
[2022-12-17 15:44:15] INFO     Iteration 1620 (0 errors)
[2022-12-17 15:44:16] INFO     Iteration 1621 (0 errors)
[2022-12-17 15:44:16] INFO     Iteration 1622 (0 errors)
[2022-12-17 15:44:17] INFO     Iteration 1623 (0 errors)
[2022-12-17 15:44:18] INFO     Iteration 1624 (0 errors)
[2022-12-17 15:44:19] INFO     Iteration 1625 (0 errors)
[2022-12-17 15:44:20] INFO     Iteration 1626 (0 errors)
[2022-12-17 15:44:20] INFO     Iteration 1627 (0 errors)
[2022-12-17 15:44:21] INFO     Iteration 1628 (0 errors)
[2022-12-17 15:44:22] INFO     Iteration 1629 (0 errors)
[2022-12-17 15:44:23] INFO     Iteration 1630 (0 errors)
[2022-12-17 15:44:24] INFO     Iteration 1631 (0 errors)
[2022-12-17 15:44:24] INFO     Iteration 1632 (0 errors)
[2022-12-17 15:44:25] INFO     Iteration 1633 (0 errors)
[2022-12-17 15:44:26] INFO     Iteration 1634 (0 errors)
[2022-12-17 15:44:27] INFO     Iteration 1635 (0 errors)
[2022-12-17 15:44:28] INFO     Iteration 1636 (0 errors)
[2022-12-17 15:44:29] INFO     Iteration 1637 (0 errors)
[2022-12-17 15:44:29] INFO     Iteration 1638 (0 errors)
[2022-12-17 15:44:30] INFO     Iteration 1639 (0 errors)
[2022-12-17 15:44:31] INFO     Iteration 1640 (0 errors)
[2022-12-17 15:44:32] INFO     Iteration 1641 (0 errors)
[2022-12-17 15:44:33] INFO     Iteration 1642 (0 errors)
[2022-12-17 15:44:33] INFO     Iteration 1643 (0 errors)
[2022-12-17 15:44:34] INFO     Iteration 1644 (0 errors)
[2022-12-17 15:44:35] INFO     Iteration 1645 (0 errors)
[2022-12-17 15:44:36] INFO     Iteration 1646 (0 errors)
[2022-12-17 15:44:37] INFO     Iteration 1647 (0 errors)
[2022-12-17 15:44:37] INFO     Iteration 1648 (0 errors)
[2022-12-17 15:44:38] INFO     Iteration 1649 (0 errors)
[2022-12-17 15:44:39] INFO     Iteration 1650 (0 errors)
[2022-12-17 15:44:40] INFO     Iteration 1651 (0 errors)
[2022-12-17 15:44:41] INFO     Iteration 1652 (0 errors)
[2022-12-17 15:44:41] INFO     Iteration 1653 (0 errors)
[2022-12-17 15:44:42] INFO     Iteration 1654 (0 errors)
[2022-12-17 15:44:43] INFO     Iteration 1655 (0 errors)
[2022-12-17 15:44:44] INFO     Iteration 1656 (0 errors)
[2022-12-17 15:44:45] INFO     Iteration 1657 (0 errors)
[2022-12-17 15:44:45] INFO     Iteration 1658 (0 errors)
[2022-12-17 15:44:46] INFO     Iteration 1659 (0 errors)
[2022-12-17 15:44:47] INFO     Iteration 1660 (0 errors)
[2022-12-17 15:44:48] INFO     Iteration 1661 (0 errors)
[2022-12-17 15:44:49] INFO     Iteration 1662 (0 errors)
[2022-12-17 15:44:50] INFO     Iteration 1663 (0 errors)
[2022-12-17 15:44:50] INFO     Iteration 1664 (0 errors)
[2022-12-17 15:44:51] INFO     Iteration 1665 (0 errors)
[2022-12-17 15:44:52] INFO     Iteration 1666 (0 errors)
[2022-12-17 15:44:53] INFO     Iteration 1667 (0 errors)
[2022-12-17 15:44:54] INFO     Iteration 1668 (0 errors)
[2022-12-17 15:44:54] INFO     Iteration 1669 (0 errors)
[2022-12-17 15:44:55] INFO     Iteration 1670 (0 errors)
[2022-12-17 15:44:56] INFO     Iteration 1671 (0 errors)
[2022-12-17 15:44:57] INFO     Iteration 1672 (0 errors)
[2022-12-17 15:44:58] INFO     Iteration 1673 (0 errors)
[2022-12-17 15:44:58] INFO     Iteration 1674 (0 errors)
[2022-12-17 15:44:59] INFO     Iteration 1675 (0 errors)
[2022-12-17 15:45:00] INFO     Iteration 1676 (0 errors)
[2022-12-17 15:45:01] INFO     Iteration 1677 (0 errors)
[2022-12-17 15:45:02] INFO     Iteration 1678 (0 errors)
[2022-12-17 15:45:02] INFO     Iteration 1679 (0 errors)
[2022-12-17 15:45:03] INFO     Iteration 1680 (0 errors)
[2022-12-17 15:45:04] INFO     Iteration 1681 (0 errors)
[2022-12-17 15:45:05] INFO     Iteration 1682 (0 errors)
[2022-12-17 15:45:06] INFO     Iteration 1683 (0 errors)
[2022-12-17 15:45:07] INFO     Iteration 1684 (0 errors)
[2022-12-17 15:45:07] INFO     Iteration 1685 (0 errors)
[2022-12-17 15:45:08] INFO     Iteration 1686 (0 errors)
[2022-12-17 15:45:09] INFO     Iteration 1687 (0 errors)
[2022-12-17 15:45:10] INFO     Iteration 1688 (0 errors)
[2022-12-17 15:45:11] INFO     Iteration 1689 (0 errors)
[2022-12-17 15:45:11] INFO     Iteration 1690 (0 errors)
[2022-12-17 15:45:12] INFO     Iteration 1691 (0 errors)
[2022-12-17 15:45:13] INFO     Iteration 1692 (0 errors)
[2022-12-17 15:45:14] INFO     Iteration 1693 (0 errors)
[2022-12-17 15:45:15] INFO     Iteration 1694 (0 errors)
[2022-12-17 15:45:15] INFO     Iteration 1695 (0 errors)
[2022-12-17 15:45:16] INFO     Iteration 1696 (0 errors)
[2022-12-17 15:45:17] INFO     Iteration 1697 (0 errors)
[2022-12-17 15:45:18] INFO     Iteration 1698 (0 errors)
[2022-12-17 15:45:19] INFO     Iteration 1699 (0 errors)
[2022-12-17 15:45:19] INFO     Iteration 1700 (0 errors)
[2022-12-17 15:45:20] INFO     Iteration 1701 (0 errors)
[2022-12-17 15:45:21] INFO     Iteration 1702 (0 errors)
[2022-12-17 15:45:22] INFO     Iteration 1703 (0 errors)
[2022-12-17 15:45:23] INFO     Iteration 1704 (0 errors)
[2022-12-17 15:45:23] INFO     Iteration 1705 (0 errors)
[2022-12-17 15:45:24] INFO     Iteration 1706 (0 errors)
[2022-12-17 15:45:25] INFO     Iteration 1707 (0 errors)
[2022-12-17 15:45:26] INFO     Iteration 1708 (0 errors)
[2022-12-17 15:45:27] INFO     Iteration 1709 (0 errors)
[2022-12-17 15:45:28] INFO     Iteration 1710 (0 errors)
[2022-12-17 15:45:28] INFO     Iteration 1711 (0 errors)
[2022-12-17 15:45:29] INFO     Iteration 1712 (0 errors)
[2022-12-17 15:45:30] INFO     Iteration 1713 (0 errors)
[2022-12-17 15:45:31] INFO     Iteration 1714 (0 errors)
[2022-12-17 15:45:32] INFO     Iteration 1715 (0 errors)
[2022-12-17 15:45:32] INFO     Iteration 1716 (0 errors)
[2022-12-17 15:45:33] INFO     Iteration 1717 (0 errors)
[2022-12-17 15:45:34] INFO     Iteration 1718 (0 errors)
[2022-12-17 15:45:35] INFO     Iteration 1719 (0 errors)
[2022-12-17 15:45:36] INFO     Iteration 1720 (0 errors)
[2022-12-17 15:45:36] INFO     Iteration 1721 (0 errors)
[2022-12-17 15:45:37] INFO     Iteration 1722 (0 errors)
[2022-12-17 15:45:38] INFO     Iteration 1723 (0 errors)
[2022-12-17 15:45:39] INFO     Iteration 1724 (0 errors)
[2022-12-17 15:45:40] INFO     Iteration 1725 (0 errors)
[2022-12-17 15:45:40] INFO     Iteration 1726 (0 errors)
[2022-12-17 15:45:41] INFO     Iteration 1727 (0 errors)
[2022-12-17 15:45:42] INFO     Iteration 1728 (0 errors)
[2022-12-17 15:45:43] INFO     Iteration 1729 (0 errors)
[2022-12-17 15:45:44] INFO     Iteration 1730 (0 errors)
[2022-12-17 15:45:44] INFO     Iteration 1731 (0 errors)
[2022-12-17 15:45:45] INFO     Iteration 1732 (0 errors)
[2022-12-17 15:45:46] INFO     Iteration 1733 (0 errors)
[2022-12-17 15:45:47] INFO     Iteration 1734 (0 errors)
[2022-12-17 15:45:48] INFO     Iteration 1735 (0 errors)
[2022-12-17 15:45:48] INFO     Iteration 1736 (0 errors)
[2022-12-17 15:45:49] INFO     Iteration 1737 (0 errors)
[2022-12-17 15:45:50] INFO     Iteration 1738 (0 errors)
[2022-12-17 15:45:51] INFO     Iteration 1739 (0 errors)
[2022-12-17 15:45:52] INFO     Iteration 1740 (0 errors)
[2022-12-17 15:45:53] INFO     Iteration 1741 (0 errors)
[2022-12-17 15:45:53] INFO     Iteration 1742 (0 errors)
[2022-12-17 15:45:54] INFO     Iteration 1743 (0 errors)
[2022-12-17 15:45:55] INFO     Iteration 1744 (0 errors)
[2022-12-17 15:45:56] INFO     Iteration 1745 (0 errors)
[2022-12-17 15:45:57] INFO     Iteration 1746 (0 errors)
[2022-12-17 15:45:57] INFO     Iteration 1747 (0 errors)
[2022-12-17 15:45:58] INFO     Iteration 1748 (0 errors)
[2022-12-17 15:45:59] INFO     Iteration 1749 (0 errors)
[2022-12-17 15:46:00] INFO     Iteration 1750 (0 errors)
[2022-12-17 15:46:01] INFO     Iteration 1751 (0 errors)
[2022-12-17 15:46:01] INFO     Iteration 1752 (0 errors)
[2022-12-17 15:46:02] INFO     Iteration 1753 (0 errors)
[2022-12-17 15:46:03] INFO     Iteration 1754 (0 errors)
[2022-12-17 15:46:04] INFO     Iteration 1755 (0 errors)
[2022-12-17 15:46:05] INFO     Iteration 1756 (0 errors)
[2022-12-17 15:46:05] INFO     Iteration 1757 (0 errors)
[2022-12-17 15:46:06] INFO     Iteration 1758 (0 errors)
[2022-12-17 15:46:07] INFO     Iteration 1759 (0 errors)
[2022-12-17 15:46:08] INFO     Iteration 1760 (0 errors)
[2022-12-17 15:46:09] INFO     Iteration 1761 (0 errors)
[2022-12-17 15:46:09] INFO     Iteration 1762 (0 errors)
[2022-12-17 15:46:10] INFO     Iteration 1763 (0 errors)
[2022-12-17 15:46:11] INFO     Iteration 1764 (0 errors)
[2022-12-17 15:46:12] INFO     Iteration 1765 (0 errors)
[2022-12-17 15:46:13] INFO     Iteration 1766 (0 errors)
[2022-12-17 15:46:13] INFO     Iteration 1767 (0 errors)
[2022-12-17 15:46:14] INFO     Iteration 1768 (0 errors)
[2022-12-17 15:46:15] INFO     Iteration 1769 (0 errors)
[2022-12-17 15:46:16] INFO     Iteration 1770 (0 errors)
[2022-12-17 15:46:17] INFO     Iteration 1771 (0 errors)
[2022-12-17 15:46:18] INFO     Iteration 1772 (0 errors)
[2022-12-17 15:46:18] INFO     Iteration 1773 (0 errors)
[2022-12-17 15:46:19] INFO     Iteration 1774 (0 errors)
[2022-12-17 15:46:20] INFO     Iteration 1775 (0 errors)
[2022-12-17 15:46:21] INFO     Iteration 1776 (0 errors)
[2022-12-17 15:46:22] INFO     Iteration 1777 (0 errors)
[2022-12-17 15:46:22] INFO     Iteration 1778 (0 errors)
[2022-12-17 15:46:23] INFO     Iteration 1779 (0 errors)
[2022-12-17 15:46:24] INFO     Iteration 1780 (0 errors)
[2022-12-17 15:46:25] INFO     Iteration 1781 (0 errors)
[2022-12-17 15:46:26] INFO     Iteration 1782 (0 errors)
[2022-12-17 15:46:26] INFO     Iteration 1783 (0 errors)
[2022-12-17 15:46:27] INFO     Iteration 1784 (0 errors)
[2022-12-17 15:46:28] INFO     Iteration 1785 (0 errors)
[2022-12-17 15:46:29] INFO     Iteration 1786 (0 errors)
[2022-12-17 15:46:30] INFO     Iteration 1787 (0 errors)
[2022-12-17 15:46:30] INFO     Iteration 1788 (0 errors)
[2022-12-17 15:46:31] INFO     Iteration 1789 (0 errors)
[2022-12-17 15:46:32] INFO     Iteration 1790 (0 errors)
[2022-12-17 15:46:33] INFO     Iteration 1791 (0 errors)
[2022-12-17 15:46:34] INFO     Iteration 1792 (0 errors)
[2022-12-17 15:46:34] INFO     Iteration 1793 (0 errors)
[2022-12-17 15:46:35] INFO     Iteration 1794 (0 errors)
[2022-12-17 15:46:36] INFO     Iteration 1795 (0 errors)
[2022-12-17 15:46:37] INFO     Iteration 1796 (0 errors)
[2022-12-17 15:46:38] INFO     Iteration 1797 (0 errors)
[2022-12-17 15:46:39] INFO     Iteration 1798 (0 errors)
[2022-12-17 15:46:39] INFO     Iteration 1799 (0 errors)
[2022-12-17 15:46:40] INFO     Iteration 1800 (0 errors)
[2022-12-17 15:46:41] INFO     Iteration 1801 (0 errors)
[2022-12-17 15:46:42] INFO     Iteration 1802 (0 errors)
[2022-12-17 15:46:43] INFO     Iteration 1803 (0 errors)
[2022-12-17 15:46:43] INFO     Iteration 1804 (0 errors)
[2022-12-17 15:46:44] INFO     Iteration 1805 (0 errors)
[2022-12-17 15:46:45] INFO     Iteration 1806 (0 errors)
[2022-12-17 15:46:46] INFO     Iteration 1807 (0 errors)
[2022-12-17 15:46:47] INFO     Iteration 1808 (0 errors)
[2022-12-17 15:46:47] INFO     Iteration 1809 (0 errors)
[2022-12-17 15:46:48] INFO     Iteration 1810 (0 errors)
[2022-12-17 15:46:49] INFO     Iteration 1811 (0 errors)
[2022-12-17 15:46:50] INFO     Iteration 1812 (0 errors)
[2022-12-17 15:46:51] INFO     Iteration 1813 (0 errors)
[2022-12-17 15:46:51] INFO     Iteration 1814 (0 errors)
[2022-12-17 15:46:52] INFO     Iteration 1815 (0 errors)
[2022-12-17 15:46:53] INFO     Iteration 1816 (0 errors)
[2022-12-17 15:46:54] INFO     Iteration 1817 (0 errors)
[2022-12-17 15:46:55] INFO     Iteration 1818 (0 errors)
[2022-12-17 15:46:55] INFO     Iteration 1819 (0 errors)
[2022-12-17 15:46:56] INFO     Iteration 1820 (0 errors)
[2022-12-17 15:46:57] INFO     Iteration 1821 (0 errors)
[2022-12-17 15:46:58] INFO     Iteration 1822 (0 errors)
[2022-12-17 15:46:59] INFO     Iteration 1823 (0 errors)
[2022-12-17 15:46:59] INFO     Iteration 1824 (0 errors)
[2022-12-17 15:47:00] INFO     Iteration 1825 (0 errors)
[2022-12-17 15:47:01] INFO     Iteration 1826 (0 errors)
[2022-12-17 15:47:02] INFO     Iteration 1827 (0 errors)
[2022-12-17 15:47:03] INFO     Iteration 1828 (0 errors)
[2022-12-17 15:47:04] INFO     Iteration 1829 (0 errors)
[2022-12-17 15:47:04] INFO     Iteration 1830 (0 errors)
[2022-12-17 15:47:05] INFO     Iteration 1831 (0 errors)
[2022-12-17 15:47:06] INFO     Iteration 1832 (0 errors)
[2022-12-17 15:47:07] INFO     Iteration 1833 (0 errors)
[2022-12-17 15:47:08] INFO     Iteration 1834 (0 errors)
[2022-12-17 15:47:08] INFO     Iteration 1835 (0 errors)
[2022-12-17 15:47:09] INFO     Iteration 1836 (0 errors)
[2022-12-17 15:47:10] INFO     Iteration 1837 (0 errors)
[2022-12-17 15:47:11] INFO     Iteration 1838 (0 errors)
[2022-12-17 15:47:12] INFO     Iteration 1839 (0 errors)
[2022-12-17 15:47:12] INFO     Iteration 1840 (0 errors)
[2022-12-17 15:47:13] INFO     Iteration 1841 (0 errors)
[2022-12-17 15:47:14] INFO     Iteration 1842 (0 errors)
[2022-12-17 15:47:15] INFO     Iteration 1843 (0 errors)
[2022-12-17 15:47:16] INFO     Iteration 1844 (0 errors)
[2022-12-17 15:47:16] INFO     Iteration 1845 (0 errors)
[2022-12-17 15:47:17] INFO     Iteration 1846 (0 errors)
[2022-12-17 15:47:18] INFO     Iteration 1847 (0 errors)
[2022-12-17 15:47:19] INFO     Iteration 1848 (0 errors)
[2022-12-17 15:47:20] INFO     Iteration 1849 (0 errors)
[2022-12-17 15:47:20] INFO     Iteration 1850 (0 errors)
[2022-12-17 15:47:21] INFO     Iteration 1851 (0 errors)
[2022-12-17 15:47:22] INFO     Iteration 1852 (0 errors)
[2022-12-17 15:47:23] INFO     Iteration 1853 (0 errors)
[2022-12-17 15:47:24] INFO     Iteration 1854 (0 errors)
[2022-12-17 15:47:25] INFO     Iteration 1855 (0 errors)
[2022-12-17 15:47:25] INFO     Iteration 1856 (0 errors)
[2022-12-17 15:47:26] INFO     Iteration 1857 (0 errors)
[2022-12-17 15:47:27] INFO     Iteration 1858 (0 errors)
[2022-12-17 15:47:28] INFO     Iteration 1859 (0 errors)
[2022-12-17 15:47:29] INFO     Iteration 1860 (0 errors)
[2022-12-17 15:47:29] INFO     Iteration 1861 (0 errors)
[2022-12-17 15:47:30] INFO     Iteration 1862 (0 errors)
[2022-12-17 15:47:31] INFO     Iteration 1863 (0 errors)
[2022-12-17 15:47:32] INFO     Iteration 1864 (0 errors)
[2022-12-17 15:47:33] INFO     Iteration 1865 (0 errors)
[2022-12-17 15:47:33] INFO     Iteration 1866 (0 errors)
[2022-12-17 15:47:34] INFO     Iteration 1867 (0 errors)
[2022-12-17 15:47:35] INFO     Iteration 1868 (0 errors)
[2022-12-17 15:47:36] INFO     Iteration 1869 (0 errors)
[2022-12-17 15:47:37] INFO     Iteration 1870 (0 errors)
[2022-12-17 15:47:37] INFO     Iteration 1871 (0 errors)
[2022-12-17 15:47:38] INFO     Iteration 1872 (0 errors)
[2022-12-17 15:47:39] INFO     Iteration 1873 (0 errors)
[2022-12-17 15:47:40] INFO     Iteration 1874 (0 errors)
[2022-12-17 15:47:41] INFO     Iteration 1875 (0 errors)
[2022-12-17 15:47:42] INFO     Iteration 1876 (0 errors)
[2022-12-17 15:47:42] INFO     Iteration 1877 (0 errors)
[2022-12-17 15:47:43] INFO     Iteration 1878 (0 errors)
[2022-12-17 15:47:44] INFO     Iteration 1879 (0 errors)
[2022-12-17 15:47:45] INFO     Iteration 1880 (0 errors)
[2022-12-17 15:47:46] INFO     Iteration 1881 (0 errors)
[2022-12-17 15:47:46] INFO     Iteration 1882 (0 errors)
[2022-12-17 15:47:47] INFO     Iteration 1883 (0 errors)
[2022-12-17 15:47:48] INFO     Iteration 1884 (0 errors)
[2022-12-17 15:47:49] INFO     Iteration 1885 (0 errors)
[2022-12-17 15:47:50] INFO     Iteration 1886 (0 errors)
[2022-12-17 15:47:50] INFO     Iteration 1887 (0 errors)
[2022-12-17 15:47:51] INFO     Iteration 1888 (0 errors)
[2022-12-17 15:47:52] INFO     Iteration 1889 (0 errors)
[2022-12-17 15:47:53] INFO     Iteration 1890 (0 errors)
[2022-12-17 15:47:54] INFO     Iteration 1891 (0 errors)
[2022-12-17 15:47:54] INFO     Iteration 1892 (0 errors)
[2022-12-17 15:47:55] INFO     Iteration 1893 (0 errors)
[2022-12-17 15:47:56] INFO     Iteration 1894 (0 errors)
[2022-12-17 15:47:57] INFO     Iteration 1895 (0 errors)
[2022-12-17 15:47:58] INFO     Iteration 1896 (0 errors)
[2022-12-17 15:47:58] INFO     Iteration 1897 (0 errors)
[2022-12-17 15:47:59] INFO     Iteration 1898 (0 errors)
[2022-12-17 15:48:00] INFO     Iteration 1899 (0 errors)
[2022-12-17 15:48:01] INFO     Iteration 1900 (0 errors)
[2022-12-17 15:48:02] INFO     Iteration 1901 (0 errors)
[2022-12-17 15:48:02] INFO     Iteration 1902 (0 errors)
[2022-12-17 15:48:03] INFO     Iteration 1903 (0 errors)
[2022-12-17 15:48:04] INFO     Iteration 1904 (0 errors)
[2022-12-17 15:48:05] INFO     Iteration 1905 (0 errors)
[2022-12-17 15:48:06] INFO     Iteration 1906 (0 errors)
[2022-12-17 15:48:07] INFO     Iteration 1907 (0 errors)
[2022-12-17 15:48:07] INFO     Iteration 1908 (0 errors)
[2022-12-17 15:48:08] INFO     Iteration 1909 (0 errors)
[2022-12-17 15:48:09] INFO     Iteration 1910 (0 errors)
[2022-12-17 15:48:10] INFO     Iteration 1911 (0 errors)
[2022-12-17 15:48:11] INFO     Iteration 1912 (0 errors)
[2022-12-17 15:48:11] INFO     Iteration 1913 (0 errors)
[2022-12-17 15:48:12] INFO     Iteration 1914 (0 errors)
[2022-12-17 15:48:13] INFO     Iteration 1915 (0 errors)
[2022-12-17 15:48:14] INFO     Iteration 1916 (0 errors)
[2022-12-17 15:48:15] INFO     Iteration 1917 (0 errors)
[2022-12-17 15:48:15] INFO     Iteration 1918 (0 errors)
[2022-12-17 15:48:16] INFO     Iteration 1919 (0 errors)
[2022-12-17 15:48:17] INFO     Iteration 1920 (0 errors)
[2022-12-17 15:48:18] INFO     Iteration 1921 (0 errors)
[2022-12-17 15:48:19] INFO     Iteration 1922 (0 errors)
[2022-12-17 15:48:19] INFO     Iteration 1923 (0 errors)
[2022-12-17 15:48:20] INFO     Iteration 1924 (0 errors)
[2022-12-17 15:48:21] INFO     Iteration 1925 (0 errors)
[2022-12-17 15:48:22] INFO     Iteration 1926 (0 errors)
[2022-12-17 15:48:23] INFO     Iteration 1927 (0 errors)
[2022-12-17 15:48:23] INFO     Iteration 1928 (0 errors)
[2022-12-17 15:48:24] INFO     Iteration 1929 (0 errors)
[2022-12-17 15:48:25] INFO     Iteration 1930 (0 errors)
[2022-12-17 15:48:26] INFO     Iteration 1931 (0 errors)
[2022-12-17 15:48:27] INFO     Iteration 1932 (0 errors)
[2022-12-17 15:48:27] INFO     Iteration 1933 (0 errors)
[2022-12-17 15:48:28] INFO     Iteration 1934 (0 errors)
[2022-12-17 15:48:29] INFO     Iteration 1935 (0 errors)
[2022-12-17 15:48:30] INFO     Iteration 1936 (0 errors)
[2022-12-17 15:48:31] INFO     Iteration 1937 (0 errors)
[2022-12-17 15:48:32] INFO     Iteration 1938 (0 errors)
[2022-12-17 15:48:32] INFO     Iteration 1939 (0 errors)
[2022-12-17 15:48:33] INFO     Iteration 1940 (0 errors)
[2022-12-17 15:48:34] INFO     Iteration 1941 (0 errors)
[2022-12-17 15:48:35] INFO     Iteration 1942 (0 errors)
[2022-12-17 15:48:36] INFO     Iteration 1943 (0 errors)
[2022-12-17 15:48:36] INFO     Iteration 1944 (0 errors)
[2022-12-17 15:48:37] INFO     Iteration 1945 (0 errors)
[2022-12-17 15:48:38] INFO     Iteration 1946 (0 errors)
[2022-12-17 15:48:39] INFO     Iteration 1947 (0 errors)
[2022-12-17 15:48:40] INFO     Iteration 1948 (0 errors)
[2022-12-17 15:48:40] INFO     Iteration 1949 (0 errors)
[2022-12-17 15:48:41] INFO     Iteration 1950 (0 errors)
[2022-12-17 15:48:42] INFO     Iteration 1951 (0 errors)
[2022-12-17 15:48:43] INFO     Iteration 1952 (0 errors)
[2022-12-17 15:48:44] INFO     Iteration 1953 (0 errors)
[2022-12-17 15:48:44] INFO     Iteration 1954 (0 errors)
[2022-12-17 15:48:45] INFO     Iteration 1955 (0 errors)
[2022-12-17 15:48:46] INFO     Iteration 1956 (0 errors)
[2022-12-17 15:48:47] INFO     Iteration 1957 (0 errors)
[2022-12-17 15:48:48] INFO     Iteration 1958 (0 errors)
[2022-12-17 15:48:48] INFO     Iteration 1959 (0 errors)
[2022-12-17 15:48:49] INFO     Iteration 1960 (0 errors)
[2022-12-17 15:48:50] INFO     Iteration 1961 (0 errors)
[2022-12-17 15:48:51] INFO     Iteration 1962 (0 errors)
[2022-12-17 15:48:52] INFO     Iteration 1963 (0 errors)
[2022-12-17 15:48:52] INFO     Iteration 1964 (0 errors)
[2022-12-17 15:48:53] INFO     Iteration 1965 (0 errors)
[2022-12-17 15:48:54] INFO     Iteration 1966 (0 errors)
[2022-12-17 15:48:55] INFO     Iteration 1967 (0 errors)
[2022-12-17 15:48:56] INFO     Iteration 1968 (0 errors)
[2022-12-17 15:48:57] INFO     Iteration 1969 (0 errors)
[2022-12-17 15:48:57] INFO     Iteration 1970 (0 errors)
[2022-12-17 15:48:58] INFO     Iteration 1971 (0 errors)
[2022-12-17 15:48:59] INFO     Iteration 1972 (0 errors)
[2022-12-17 15:49:00] INFO     Iteration 1973 (0 errors)
[2022-12-17 15:49:01] INFO     Iteration 1974 (0 errors)
[2022-12-17 15:49:01] INFO     Iteration 1975 (0 errors)
[2022-12-17 15:49:02] INFO     Iteration 1976 (0 errors)
[2022-12-17 15:49:03] INFO     Iteration 1977 (0 errors)
[2022-12-17 15:49:04] INFO     Iteration 1978 (0 errors)
[2022-12-17 15:49:05] INFO     Iteration 1979 (0 errors)
[2022-12-17 15:49:05] INFO     Iteration 1980 (0 errors)
[2022-12-17 15:49:06] INFO     Iteration 1981 (0 errors)
[2022-12-17 15:49:07] INFO     Iteration 1982 (0 errors)
[2022-12-17 15:49:08] INFO     Iteration 1983 (0 errors)
[2022-12-17 15:49:09] INFO     Iteration 1984 (0 errors)
[2022-12-17 15:49:09] INFO     Iteration 1985 (0 errors)
[2022-12-17 15:49:10] INFO     Iteration 1986 (0 errors)
[2022-12-17 15:49:11] INFO     Iteration 1987 (0 errors)
[2022-12-17 15:49:12] INFO     Iteration 1988 (0 errors)
[2022-12-17 15:49:13] INFO     Iteration 1989 (0 errors)
[2022-12-17 15:49:13] INFO     Iteration 1990 (0 errors)
[2022-12-17 15:49:14] INFO     Iteration 1991 (0 errors)
[2022-12-17 15:49:15] INFO     Iteration 1992 (0 errors)
[2022-12-17 15:49:16] INFO     Iteration 1993 (0 errors)
[2022-12-17 15:49:17] INFO     Iteration 1994 (0 errors)
[2022-12-17 15:49:17] INFO     Iteration 1995 (0 errors)
[2022-12-17 15:49:18] INFO     Iteration 1996 (0 errors)
[2022-12-17 15:49:19] INFO     Iteration 1997 (0 errors)
[2022-12-17 15:49:20] INFO     Iteration 1998 (0 errors)
[2022-12-17 15:49:21] INFO     Iteration 1999 (0 errors)
[2022-12-17 15:49:21] INFO     Iteration 2000 (0 errors)
[2022-12-17 15:49:22] INFO     Iteration 2001 (0 errors)
[2022-12-17 15:49:23] INFO     Iteration 2002 (0 errors)
[2022-12-17 15:49:24] INFO     Iteration 2003 (0 errors)
[2022-12-17 15:49:25] INFO     Iteration 2004 (0 errors)
[2022-12-17 15:49:26] INFO     Iteration 2005 (0 errors)
[2022-12-17 15:49:26] INFO     Iteration 2006 (0 errors)
[2022-12-17 15:49:27] INFO     Iteration 2007 (0 errors)
[2022-12-17 15:49:28] INFO     Iteration 2008 (0 errors)
[2022-12-17 15:49:29] INFO     Iteration 2009 (0 errors)
[2022-12-17 15:49:30] INFO     Iteration 2010 (0 errors)
[2022-12-17 15:49:30] INFO     Iteration 2011 (0 errors)
[2022-12-17 15:49:31] INFO     Iteration 2012 (0 errors)
[2022-12-17 15:49:32] INFO     Iteration 2013 (0 errors)
[2022-12-17 15:49:33] INFO     Iteration 2014 (0 errors)
[2022-12-17 15:49:34] INFO     Iteration 2015 (0 errors)
[2022-12-17 15:49:34] INFO     Iteration 2016 (0 errors)
[2022-12-17 15:49:35] INFO     Iteration 2017 (0 errors)
[2022-12-17 15:49:36] INFO     Iteration 2018 (0 errors)
[2022-12-17 15:49:37] INFO     Iteration 2019 (0 errors)
[2022-12-17 15:49:38] INFO     Iteration 2020 (0 errors)
[2022-12-17 15:49:39] INFO     Iteration 2021 (0 errors)
[2022-12-17 15:49:39] INFO     Iteration 2022 (0 errors)
[2022-12-17 15:49:40] INFO     Iteration 2023 (0 errors)
[2022-12-17 15:49:41] INFO     Iteration 2024 (0 errors)
[2022-12-17 15:49:42] INFO     Iteration 2025 (0 errors)
[2022-12-17 15:49:43] INFO     Iteration 2026 (0 errors)
[2022-12-17 15:49:43] INFO     Iteration 2027 (0 errors)
[2022-12-17 15:49:44] INFO     Iteration 2028 (0 errors)
[2022-12-17 15:49:45] INFO     Iteration 2029 (0 errors)
[2022-12-17 15:49:46] INFO     Iteration 2030 (0 errors)
[2022-12-17 15:49:47] INFO     Iteration 2031 (0 errors)
[2022-12-17 15:49:47] INFO     Iteration 2032 (0 errors)
[2022-12-17 15:49:48] INFO     Iteration 2033 (0 errors)
[2022-12-17 15:49:49] INFO     Iteration 2034 (0 errors)
[2022-12-17 15:49:50] INFO     Iteration 2035 (0 errors)
[2022-12-17 15:49:51] INFO     Iteration 2036 (0 errors)
[2022-12-17 15:49:51] INFO     Iteration 2037 (0 errors)
[2022-12-17 15:49:52] INFO     Iteration 2038 (0 errors)
[2022-12-17 15:49:53] INFO     Iteration 2039 (0 errors)
[2022-12-17 15:49:54] INFO     Iteration 2040 (0 errors)
[2022-12-17 15:49:55] INFO     Iteration 2041 (0 errors)
[2022-12-17 15:49:55] INFO     Iteration 2042 (0 errors)
[2022-12-17 15:49:56] INFO     Iteration 2043 (0 errors)
[2022-12-17 15:49:57] INFO     Iteration 2044 (0 errors)
[2022-12-17 15:49:58] INFO     Iteration 2045 (0 errors)
[2022-12-17 15:49:59] INFO     Iteration 2046 (0 errors)
[2022-12-17 15:49:59] INFO     Iteration 2047 (0 errors)
[2022-12-17 15:50:00] INFO     Iteration 2048 (0 errors)
[2022-12-17 15:50:01] INFO     Iteration 2049 (0 errors)
[2022-12-17 15:50:02] INFO     Iteration 2050 (0 errors)
[2022-12-17 15:50:03] INFO     Iteration 2051 (0 errors)
[2022-12-17 15:50:03] INFO     Iteration 2052 (0 errors)
[2022-12-17 15:50:04] INFO     Iteration 2053 (0 errors)
[2022-12-17 15:50:05] INFO     Iteration 2054 (0 errors)
[2022-12-17 15:50:06] INFO     Iteration 2055 (0 errors)
[2022-12-17 15:50:07] INFO     Iteration 2056 (0 errors)
[2022-12-17 15:50:07] INFO     Iteration 2057 (0 errors)
[2022-12-17 15:50:08] INFO     Iteration 2058 (0 errors)
[2022-12-17 15:50:09] INFO     Iteration 2059 (0 errors)
[2022-12-17 15:50:10] INFO     Iteration 2060 (0 errors)
[2022-12-17 15:50:11] INFO     Iteration 2061 (0 errors)
[2022-12-17 15:50:12] INFO     Iteration 2062 (0 errors)
[2022-12-17 15:50:12] INFO     Iteration 2063 (0 errors)
[2022-12-17 15:50:13] INFO     Iteration 2064 (0 errors)
[2022-12-17 15:50:14] INFO     Iteration 2065 (0 errors)
[2022-12-17 15:50:15] INFO     Iteration 2066 (0 errors)
[2022-12-17 15:50:16] INFO     Iteration 2067 (0 errors)
[2022-12-17 15:50:16] INFO     Iteration 2068 (0 errors)
[2022-12-17 15:50:17] INFO     Iteration 2069 (0 errors)
[2022-12-17 15:50:18] INFO     Iteration 2070 (0 errors)
[2022-12-17 15:50:19] INFO     Iteration 2071 (0 errors)
[2022-12-17 15:50:20] INFO     Iteration 2072 (0 errors)
[2022-12-17 15:50:20] INFO     Iteration 2073 (0 errors)
[2022-12-17 15:50:21] INFO     Iteration 2074 (0 errors)
[2022-12-17 15:50:22] INFO     Iteration 2075 (0 errors)
[2022-12-17 15:50:23] INFO     Iteration 2076 (0 errors)
[2022-12-17 15:50:24] INFO     Iteration 2077 (0 errors)
[2022-12-17 15:50:24] INFO     Iteration 2078 (0 errors)
[2022-12-17 15:50:25] INFO     Iteration 2079 (0 errors)
[2022-12-17 15:50:26] INFO     Iteration 2080 (0 errors)
[2022-12-17 15:50:27] INFO     Iteration 2081 (0 errors)
[2022-12-17 15:50:28] INFO     Iteration 2082 (0 errors)
[2022-12-17 15:50:29] INFO     Iteration 2083 (0 errors)
[2022-12-17 15:50:29] INFO     Iteration 2084 (0 errors)
[2022-12-17 15:50:30] INFO     Iteration 2085 (0 errors)
[2022-12-17 15:50:31] INFO     Iteration 2086 (0 errors)
[2022-12-17 15:50:32] INFO     Iteration 2087 (0 errors)
[2022-12-17 15:50:33] INFO     Iteration 2088 (0 errors)
[2022-12-17 15:50:33] INFO     Iteration 2089 (0 errors)
[2022-12-17 15:50:34] INFO     Iteration 2090 (0 errors)
[2022-12-17 15:50:35] INFO     Iteration 2091 (0 errors)
[2022-12-17 15:50:36] INFO     Iteration 2092 (0 errors)
[2022-12-17 15:50:37] INFO     Iteration 2093 (0 errors)
[2022-12-17 15:50:37] INFO     Iteration 2094 (0 errors)
[2022-12-17 15:50:38] INFO     Iteration 2095 (0 errors)
[2022-12-17 15:50:39] INFO     Iteration 2096 (0 errors)
[2022-12-17 15:50:40] INFO     Iteration 2097 (0 errors)
[2022-12-17 15:50:41] INFO     Iteration 2098 (0 errors)
[2022-12-17 15:50:41] INFO     Iteration 2099 (0 errors)
[2022-12-17 15:50:42] INFO     Iteration 2100 (0 errors)
[2022-12-17 15:50:43] INFO     Iteration 2101 (0 errors)
[2022-12-17 15:50:44] INFO     Iteration 2102 (0 errors)
[2022-12-17 15:50:45] INFO     Iteration 2103 (0 errors)
[2022-12-17 15:50:45] INFO     Iteration 2104 (0 errors)
[2022-12-17 15:50:46] INFO     Iteration 2105 (0 errors)
[2022-12-17 15:50:47] INFO     Iteration 2106 (0 errors)
[2022-12-17 15:50:48] INFO     Iteration 2107 (0 errors)
[2022-12-17 15:50:49] INFO     Iteration 2108 (0 errors)
[2022-12-17 15:50:50] INFO     Iteration 2109 (0 errors)
[2022-12-17 15:50:50] INFO     Iteration 2110 (0 errors)
[2022-12-17 15:50:51] INFO     Iteration 2111 (0 errors)
[2022-12-17 15:50:52] INFO     Iteration 2112 (0 errors)
[2022-12-17 15:50:53] INFO     Iteration 2113 (0 errors)
[2022-12-17 15:50:54] INFO     Iteration 2114 (0 errors)
[2022-12-17 15:50:54] INFO     Iteration 2115 (0 errors)
[2022-12-17 15:50:55] INFO     Iteration 2116 (0 errors)
[2022-12-17 15:50:56] INFO     Iteration 2117 (0 errors)
[2022-12-17 15:50:57] INFO     Iteration 2118 (0 errors)
[2022-12-17 15:50:58] INFO     Iteration 2119 (0 errors)
[2022-12-17 15:50:58] INFO     Iteration 2120 (0 errors)
[2022-12-17 15:50:59] INFO     Iteration 2121 (0 errors)
[2022-12-17 15:51:00] INFO     Iteration 2122 (0 errors)
[2022-12-17 15:51:01] INFO     Iteration 2123 (0 errors)
[2022-12-17 15:51:02] INFO     Iteration 2124 (0 errors)
[2022-12-17 15:51:02] INFO     Iteration 2125 (0 errors)
[2022-12-17 15:51:03] INFO     Iteration 2126 (0 errors)
[2022-12-17 15:51:04] INFO     Iteration 2127 (0 errors)
[2022-12-17 15:51:05] INFO     Iteration 2128 (0 errors)
[2022-12-17 15:51:06] INFO     Iteration 2129 (0 errors)
[2022-12-17 15:51:06] INFO     Iteration 2130 (0 errors)
[2022-12-17 15:51:07] INFO     Iteration 2131 (0 errors)
[2022-12-17 15:51:08] INFO     Iteration 2132 (0 errors)
[2022-12-17 15:51:09] INFO     Iteration 2133 (0 errors)
[2022-12-17 15:51:10] INFO     Iteration 2134 (0 errors)
[2022-12-17 15:51:10] INFO     Iteration 2135 (0 errors)
[2022-12-17 15:51:11] INFO     Iteration 2136 (0 errors)
[2022-12-17 15:51:12] INFO     Iteration 2137 (0 errors)
[2022-12-17 15:51:13] INFO     Iteration 2138 (0 errors)
[2022-12-17 15:51:14] INFO     Iteration 2139 (0 errors)
[2022-12-17 15:51:15] INFO     Iteration 2140 (0 errors)
[2022-12-17 15:51:15] INFO     Iteration 2141 (0 errors)
[2022-12-17 15:51:16] INFO     Iteration 2142 (0 errors)
[2022-12-17 15:51:17] INFO     Iteration 2143 (0 errors)
[2022-12-17 15:51:18] INFO     Iteration 2144 (0 errors)
[2022-12-17 15:51:19] INFO     Iteration 2145 (0 errors)
[2022-12-17 15:51:19] INFO     Iteration 2146 (0 errors)
[2022-12-17 15:51:20] INFO     Iteration 2147 (0 errors)
[2022-12-17 15:51:21] INFO     Iteration 2148 (0 errors)
[2022-12-17 15:51:22] INFO     Iteration 2149 (0 errors)
[2022-12-17 15:51:23] INFO     Iteration 2150 (0 errors)
[2022-12-17 15:51:23] INFO     Iteration 2151 (0 errors)
[2022-12-17 15:51:24] INFO     Iteration 2152 (0 errors)
[2022-12-17 15:51:25] INFO     Iteration 2153 (0 errors)
[2022-12-17 15:51:26] INFO     Iteration 2154 (0 errors)
[2022-12-17 15:51:27] INFO     Iteration 2155 (0 errors)
[2022-12-17 15:51:27] INFO     Iteration 2156 (0 errors)
[2022-12-17 15:51:28] INFO     Iteration 2157 (0 errors)
[2022-12-17 15:51:29] INFO     Iteration 2158 (0 errors)
[2022-12-17 15:51:30] INFO     Iteration 2159 (0 errors)
[2022-12-17 15:51:31] INFO     Iteration 2160 (0 errors)
[2022-12-17 15:51:31] INFO     Iteration 2161 (0 errors)
[2022-12-17 15:51:32] INFO     Iteration 2162 (0 errors)
[2022-12-17 15:51:33] INFO     Iteration 2163 (0 errors)
[2022-12-17 15:51:34] INFO     Iteration 2164 (0 errors)
[2022-12-17 15:51:35] INFO     Iteration 2165 (0 errors)
[2022-12-17 15:51:35] INFO     Iteration 2166 (0 errors)
[2022-12-17 15:51:36] INFO     Iteration 2167 (0 errors)
[2022-12-17 15:51:37] INFO     Iteration 2168 (0 errors)
[2022-12-17 15:51:38] INFO     Iteration 2169 (0 errors)
[2022-12-17 15:51:39] INFO     Iteration 2170 (0 errors)
[2022-12-17 15:51:40] INFO     Iteration 2171 (0 errors)
[2022-12-17 15:51:40] INFO     Iteration 2172 (0 errors)
[2022-12-17 15:51:41] INFO     Iteration 2173 (0 errors)
[2022-12-17 15:51:42] INFO     Iteration 2174 (0 errors)
[2022-12-17 15:51:43] INFO     Iteration 2175 (0 errors)
[2022-12-17 15:51:44] INFO     Iteration 2176 (0 errors)
[2022-12-17 15:51:44] INFO     Iteration 2177 (0 errors)
[2022-12-17 15:51:45] INFO     Iteration 2178 (0 errors)
[2022-12-17 15:51:46] INFO     Iteration 2179 (0 errors)
[2022-12-17 15:51:47] INFO     Iteration 2180 (0 errors)
[2022-12-17 15:51:48] INFO     Iteration 2181 (0 errors)
[2022-12-17 15:51:48] INFO     Iteration 2182 (0 errors)
[2022-12-17 15:51:49] INFO     Iteration 2183 (0 errors)
[2022-12-17 15:51:50] INFO     Iteration 2184 (0 errors)
[2022-12-17 15:51:51] INFO     Iteration 2185 (0 errors)
[2022-12-17 15:51:52] INFO     Iteration 2186 (0 errors)
[2022-12-17 15:51:52] INFO     Iteration 2187 (0 errors)
[2022-12-17 15:51:53] INFO     Iteration 2188 (0 errors)
[2022-12-17 15:51:54] INFO     Iteration 2189 (0 errors)
[2022-12-17 15:51:55] INFO     Iteration 2190 (0 errors)
[2022-12-17 15:51:56] INFO     Iteration 2191 (0 errors)
[2022-12-17 15:51:56] INFO     Iteration 2192 (0 errors)
[2022-12-17 15:51:57] INFO     Iteration 2193 (0 errors)
[2022-12-17 15:51:58] INFO     Iteration 2194 (0 errors)
[2022-12-17 15:51:59] INFO     Iteration 2195 (0 errors)
[2022-12-17 15:52:00] INFO     Iteration 2196 (0 errors)
[2022-12-17 15:52:01] INFO     Iteration 2197 (0 errors)
[2022-12-17 15:52:01] INFO     Iteration 2198 (0 errors)
[2022-12-17 15:52:02] INFO     Iteration 2199 (0 errors)
[2022-12-17 15:52:03] INFO     Iteration 2200 (0 errors)
[2022-12-17 15:52:04] INFO     Iteration 2201 (0 errors)
[2022-12-17 15:52:05] INFO     Iteration 2202 (0 errors)
[2022-12-17 15:52:05] INFO     Iteration 2203 (0 errors)
[2022-12-17 15:52:06] INFO     Iteration 2204 (0 errors)
[2022-12-17 15:52:07] INFO     Iteration 2205 (0 errors)
[2022-12-17 15:52:08] INFO     Iteration 2206 (0 errors)
[2022-12-17 15:52:09] INFO     Iteration 2207 (0 errors)
[2022-12-17 15:52:09] INFO     Iteration 2208 (0 errors)
[2022-12-17 15:52:10] INFO     Iteration 2209 (0 errors)
[2022-12-17 15:52:11] INFO     Iteration 2210 (0 errors)
[2022-12-17 15:52:12] INFO     Iteration 2211 (0 errors)
[2022-12-17 15:52:13] INFO     Iteration 2212 (0 errors)
[2022-12-17 15:52:13] INFO     Iteration 2213 (0 errors)
[2022-12-17 15:52:14] INFO     Iteration 2214 (0 errors)
[2022-12-17 15:52:15] INFO     Iteration 2215 (0 errors)
[2022-12-17 15:52:16] INFO     Iteration 2216 (0 errors)
[2022-12-17 15:52:17] INFO     Iteration 2217 (0 errors)
[2022-12-17 15:52:18] INFO     Iteration 2218 (0 errors)
[2022-12-17 15:52:18] INFO     Iteration 2219 (0 errors)
[2022-12-17 15:52:19] INFO     Iteration 2220 (0 errors)
[2022-12-17 15:52:20] INFO     Iteration 2221 (0 errors)
[2022-12-17 15:52:21] INFO     Iteration 2222 (0 errors)
[2022-12-17 15:52:22] INFO     Iteration 2223 (0 errors)
[2022-12-17 15:52:22] INFO     Iteration 2224 (0 errors)
[2022-12-17 15:52:23] INFO     Iteration 2225 (0 errors)
[2022-12-17 15:52:24] INFO     Iteration 2226 (0 errors)
[2022-12-17 15:52:25] INFO     Iteration 2227 (0 errors)
[2022-12-17 15:52:26] INFO     Iteration 2228 (0 errors)
[2022-12-17 15:52:26] INFO     Iteration 2229 (0 errors)
[2022-12-17 15:52:27] INFO     Iteration 2230 (0 errors)
[2022-12-17 15:52:28] INFO     Iteration 2231 (0 errors)
[2022-12-17 15:52:29] INFO     Iteration 2232 (0 errors)
[2022-12-17 15:52:30] INFO     Iteration 2233 (0 errors)
[2022-12-17 15:52:30] INFO     Iteration 2234 (0 errors)
[2022-12-17 15:52:31] INFO     Iteration 2235 (0 errors)
[2022-12-17 15:52:32] INFO     Iteration 2236 (0 errors)
[2022-12-17 15:52:33] INFO     Iteration 2237 (0 errors)
[2022-12-17 15:52:34] INFO     Iteration 2238 (0 errors)
[2022-12-17 15:52:35] INFO     Iteration 2239 (0 errors)
[2022-12-17 15:52:35] INFO     Iteration 2240 (0 errors)
[2022-12-17 15:52:36] INFO     Iteration 2241 (0 errors)
[2022-12-17 15:52:37] INFO     Iteration 2242 (0 errors)
[2022-12-17 15:52:38] INFO     Iteration 2243 (0 errors)
[2022-12-17 15:52:39] INFO     Iteration 2244 (0 errors)
[2022-12-17 15:52:39] INFO     Iteration 2245 (0 errors)
[2022-12-17 15:52:40] INFO     Iteration 2246 (0 errors)
[2022-12-17 15:52:41] INFO     Iteration 2247 (0 errors)
[2022-12-17 15:52:42] INFO     Iteration 2248 (0 errors)
[2022-12-17 15:52:43] INFO     Iteration 2249 (0 errors)
[2022-12-17 15:52:43] INFO     Iteration 2250 (0 errors)
[2022-12-17 15:52:44] INFO     Iteration 2251 (0 errors)
[2022-12-17 15:52:45] INFO     Iteration 2252 (0 errors)
[2022-12-17 15:52:46] INFO     Iteration 2253 (0 errors)
[2022-12-17 15:52:47] INFO     Iteration 2254 (0 errors)
[2022-12-17 15:52:47] INFO     Iteration 2255 (0 errors)
[2022-12-17 15:52:48] INFO     Iteration 2256 (0 errors)
[2022-12-17 15:52:49] INFO     Iteration 2257 (0 errors)
[2022-12-17 15:52:50] INFO     Iteration 2258 (0 errors)
[2022-12-17 15:52:51] INFO     Iteration 2259 (0 errors)
[2022-12-17 15:52:51] INFO     Iteration 2260 (0 errors)
[2022-12-17 15:52:52] INFO     Iteration 2261 (0 errors)
[2022-12-17 15:52:53] INFO     Iteration 2262 (0 errors)
[2022-12-17 15:52:54] INFO     Iteration 2263 (0 errors)
[2022-12-17 15:52:55] INFO     Iteration 2264 (0 errors)
[2022-12-17 15:52:56] INFO     Iteration 2265 (0 errors)
[2022-12-17 15:52:56] INFO     Iteration 2266 (0 errors)
[2022-12-17 15:52:57] INFO     Iteration 2267 (0 errors)
[2022-12-17 15:52:58] INFO     Iteration 2268 (0 errors)
[2022-12-17 15:52:59] INFO     Iteration 2269 (0 errors)
[2022-12-17 15:53:00] INFO     Iteration 2270 (0 errors)
[2022-12-17 15:53:00] INFO     Iteration 2271 (0 errors)
[2022-12-17 15:53:01] INFO     Iteration 2272 (0 errors)
[2022-12-17 15:53:02] INFO     Iteration 2273 (0 errors)
[2022-12-17 15:53:03] INFO     Iteration 2274 (0 errors)
[2022-12-17 15:53:04] INFO     Iteration 2275 (0 errors)
[2022-12-17 15:53:04] INFO     Iteration 2276 (0 errors)
[2022-12-17 15:53:05] INFO     Iteration 2277 (0 errors)
[2022-12-17 15:53:06] INFO     Iteration 2278 (0 errors)
[2022-12-17 15:53:07] INFO     Iteration 2279 (0 errors)
[2022-12-17 15:53:08] INFO     Iteration 2280 (0 errors)
[2022-12-17 15:53:08] INFO     Iteration 2281 (0 errors)
[2022-12-17 15:53:09] INFO     Iteration 2282 (0 errors)
[2022-12-17 15:53:10] INFO     Iteration 2283 (0 errors)
[2022-12-17 15:53:11] INFO     Iteration 2284 (0 errors)
[2022-12-17 15:53:12] INFO     Iteration 2285 (0 errors)
[2022-12-17 15:53:12] INFO     Iteration 2286 (0 errors)
[2022-12-17 15:53:13] INFO     Iteration 2287 (0 errors)
[2022-12-17 15:53:14] INFO     Iteration 2288 (0 errors)
[2022-12-17 15:53:15] INFO     Iteration 2289 (0 errors)
[2022-12-17 15:53:16] INFO     Iteration 2290 (0 errors)
[2022-12-17 15:53:16] INFO     Iteration 2291 (0 errors)
[2022-12-17 15:53:17] INFO     Iteration 2292 (0 errors)
[2022-12-17 15:53:18] INFO     Iteration 2293 (0 errors)
[2022-12-17 15:53:19] INFO     Iteration 2294 (0 errors)
[2022-12-17 15:53:20] INFO     Iteration 2295 (0 errors)
[2022-12-17 15:53:21] INFO     Iteration 2296 (0 errors)
[2022-12-17 15:53:21] INFO     Iteration 2297 (0 errors)
[2022-12-17 15:53:22] INFO     Iteration 2298 (0 errors)
[2022-12-17 15:53:23] INFO     Iteration 2299 (0 errors)
[2022-12-17 15:53:24] INFO     Iteration 2300 (0 errors)
[2022-12-17 15:53:25] INFO     Iteration 2301 (0 errors)
[2022-12-17 15:53:25] INFO     Iteration 2302 (0 errors)
[2022-12-17 15:53:26] INFO     Iteration 2303 (0 errors)
[2022-12-17 15:53:27] INFO     Iteration 2304 (0 errors)
[2022-12-17 15:53:28] INFO     Iteration 2305 (0 errors)
[2022-12-17 15:53:29] INFO     Iteration 2306 (0 errors)
[2022-12-17 15:53:29] INFO     Iteration 2307 (0 errors)
[2022-12-17 15:53:30] INFO     Iteration 2308 (0 errors)
[2022-12-17 15:53:31] INFO     Iteration 2309 (0 errors)
[2022-12-17 15:53:32] INFO     Iteration 2310 (0 errors)
[2022-12-17 15:53:33] INFO     Iteration 2311 (0 errors)
[2022-12-17 15:53:33] INFO     Iteration 2312 (0 errors)
[2022-12-17 15:53:34] INFO     Iteration 2313 (0 errors)
[2022-12-17 15:53:35] INFO     Iteration 2314 (0 errors)
[2022-12-17 15:53:36] INFO     Iteration 2315 (0 errors)
[2022-12-17 15:53:37] INFO     Iteration 2316 (0 errors)
[2022-12-17 15:53:38] INFO     Iteration 2317 (0 errors)
[2022-12-17 15:53:38] INFO     Iteration 2318 (0 errors)
[2022-12-17 15:53:39] INFO     Iteration 2319 (0 errors)
[2022-12-17 15:53:40] INFO     Iteration 2320 (0 errors)
[2022-12-17 15:53:41] INFO     Iteration 2321 (0 errors)
[2022-12-17 15:53:42] INFO     Iteration 2322 (0 errors)
[2022-12-17 15:53:42] INFO     Iteration 2323 (0 errors)
[2022-12-17 15:53:43] INFO     Iteration 2324 (0 errors)
[2022-12-17 15:53:44] INFO     Iteration 2325 (0 errors)
[2022-12-17 15:53:45] INFO     Iteration 2326 (0 errors)
[2022-12-17 15:53:46] INFO     Iteration 2327 (0 errors)
[2022-12-17 15:53:46] INFO     Iteration 2328 (0 errors)
[2022-12-17 15:53:47] INFO     Iteration 2329 (0 errors)
[2022-12-17 15:53:48] INFO     Iteration 2330 (0 errors)
[2022-12-17 15:53:49] INFO     Iteration 2331 (0 errors)
[2022-12-17 15:53:50] INFO     Iteration 2332 (0 errors)
[2022-12-17 15:53:50] INFO     Iteration 2333 (0 errors)
[2022-12-17 15:53:51] INFO     Iteration 2334 (0 errors)
[2022-12-17 15:53:52] INFO     Iteration 2335 (0 errors)
[2022-12-17 15:53:53] INFO     Iteration 2336 (0 errors)
[2022-12-17 15:53:54] INFO     Iteration 2337 (0 errors)
[2022-12-17 15:53:54] INFO     Iteration 2338 (0 errors)
[2022-12-17 15:53:55] INFO     Iteration 2339 (0 errors)
[2022-12-17 15:53:56] INFO     Iteration 2340 (0 errors)
[2022-12-17 15:53:57] INFO     Iteration 2341 (0 errors)
[2022-12-17 15:53:58] INFO     Iteration 2342 (0 errors)
[2022-12-17 15:53:59] INFO     Iteration 2343 (0 errors)
[2022-12-17 15:53:59] INFO     Iteration 2344 (0 errors)
[2022-12-17 15:54:00] INFO     Iteration 2345 (0 errors)
[2022-12-17 15:54:01] INFO     Iteration 2346 (0 errors)
[2022-12-17 15:54:02] INFO     Iteration 2347 (0 errors)
[2022-12-17 15:54:03] INFO     Iteration 2348 (0 errors)
[2022-12-17 15:54:03] INFO     Iteration 2349 (0 errors)
[2022-12-17 15:54:04] INFO     Iteration 2350 (0 errors)
[2022-12-17 15:54:05] INFO     Iteration 2351 (0 errors)
[2022-12-17 15:54:06] INFO     Iteration 2352 (0 errors)
[2022-12-17 15:54:07] INFO     Iteration 2353 (0 errors)
[2022-12-17 15:54:07] INFO     Iteration 2354 (0 errors)
[2022-12-17 15:54:08] INFO     Iteration 2355 (0 errors)
[2022-12-17 15:54:09] INFO     Iteration 2356 (0 errors)
[2022-12-17 15:54:10] INFO     Iteration 2357 (0 errors)
[2022-12-17 15:54:11] INFO     Iteration 2358 (0 errors)
[2022-12-17 15:54:11] INFO     Iteration 2359 (0 errors)
[2022-12-17 15:54:12] INFO     Iteration 2360 (0 errors)
[2022-12-17 15:54:13] INFO     Iteration 2361 (0 errors)
[2022-12-17 15:54:14] INFO     Iteration 2362 (0 errors)
[2022-12-17 15:54:15] INFO     Iteration 2363 (0 errors)
[2022-12-17 15:54:15] INFO     Iteration 2364 (0 errors)
[2022-12-17 15:54:16] INFO     Iteration 2365 (0 errors)
[2022-12-17 15:54:17] INFO     Iteration 2366 (0 errors)
[2022-12-17 15:54:18] INFO     Iteration 2367 (0 errors)
[2022-12-17 15:54:19] INFO     Iteration 2368 (0 errors)
[2022-12-17 15:54:20] INFO     Iteration 2369 (0 errors)
[2022-12-17 15:54:20] INFO     Iteration 2370 (0 errors)
[2022-12-17 15:54:21] INFO     Iteration 2371 (0 errors)
[2022-12-17 15:54:22] INFO     Iteration 2372 (0 errors)
[2022-12-17 15:54:23] INFO     Iteration 2373 (0 errors)
[2022-12-17 15:54:24] INFO     Iteration 2374 (0 errors)
[2022-12-17 15:54:24] INFO     Iteration 2375 (0 errors)
[2022-12-17 15:54:25] INFO     Iteration 2376 (0 errors)
[2022-12-17 15:54:26] INFO     Iteration 2377 (0 errors)
[2022-12-17 15:54:27] INFO     Iteration 2378 (0 errors)
[2022-12-17 15:54:28] INFO     Iteration 2379 (0 errors)
[2022-12-17 15:54:28] INFO     Iteration 2380 (0 errors)
[2022-12-17 15:54:29] INFO     Iteration 2381 (0 errors)
[2022-12-17 15:54:30] INFO     Iteration 2382 (0 errors)
[2022-12-17 15:54:31] INFO     Iteration 2383 (0 errors)
[2022-12-17 15:54:32] INFO     Iteration 2384 (0 errors)
[2022-12-17 15:54:32] INFO     Iteration 2385 (0 errors)
[2022-12-17 15:54:33] INFO     Iteration 2386 (0 errors)
[2022-12-17 15:54:34] INFO     Iteration 2387 (0 errors)
[2022-12-17 15:54:35] INFO     Iteration 2388 (0 errors)
[2022-12-17 15:54:36] INFO     Iteration 2389 (0 errors)
[2022-12-17 15:54:36] INFO     Iteration 2390 (0 errors)
[2022-12-17 15:54:37] INFO     Iteration 2391 (0 errors)
[2022-12-17 15:54:38] INFO     Iteration 2392 (0 errors)
[2022-12-17 15:54:39] INFO     Iteration 2393 (0 errors)
[2022-12-17 15:54:40] INFO     Iteration 2394 (0 errors)
[2022-12-17 15:54:40] INFO     Iteration 2395 (0 errors)
[2022-12-17 15:54:41] INFO     Iteration 2396 (0 errors)
[2022-12-17 15:54:42] INFO     Iteration 2397 (0 errors)
[2022-12-17 15:54:43] INFO     Iteration 2398 (0 errors)
[2022-12-17 15:54:44] INFO     Iteration 2399 (0 errors)
[2022-12-17 15:54:44] INFO     Iteration 2400 (0 errors)
[2022-12-17 15:54:45] INFO     Iteration 2401 (0 errors)
[2022-12-17 15:54:46] INFO     Iteration 2402 (0 errors)
[2022-12-17 15:54:47] INFO     Iteration 2403 (0 errors)
[2022-12-17 15:54:48] INFO     Iteration 2404 (0 errors)
[2022-12-17 15:54:48] INFO     Iteration 2405 (0 errors)
[2022-12-17 15:54:49] INFO     Iteration 2406 (0 errors)
[2022-12-17 15:54:50] INFO     Iteration 2407 (0 errors)
[2022-12-17 15:54:51] INFO     Iteration 2408 (0 errors)
[2022-12-17 15:54:52] INFO     Iteration 2409 (0 errors)
[2022-12-17 15:54:53] INFO     Iteration 2410 (0 errors)
[2022-12-17 15:54:53] INFO     Iteration 2411 (0 errors)
[2022-12-17 15:54:54] INFO     Iteration 2412 (0 errors)
[2022-12-17 15:54:55] INFO     Iteration 2413 (0 errors)
[2022-12-17 15:54:56] INFO     Iteration 2414 (0 errors)
[2022-12-17 15:54:57] INFO     Iteration 2415 (0 errors)
[2022-12-17 15:54:57] INFO     Iteration 2416 (0 errors)
[2022-12-17 15:54:58] INFO     Iteration 2417 (0 errors)
[2022-12-17 15:54:59] INFO     Iteration 2418 (0 errors)
[2022-12-17 15:55:00] INFO     Iteration 2419 (0 errors)
[2022-12-17 15:55:01] INFO     Iteration 2420 (0 errors)
[2022-12-17 15:55:01] INFO     Iteration 2421 (0 errors)
[2022-12-17 15:55:02] INFO     Iteration 2422 (0 errors)
[2022-12-17 15:55:03] INFO     Iteration 2423 (0 errors)
[2022-12-17 15:55:04] INFO     Iteration 2424 (0 errors)
[2022-12-17 15:55:05] INFO     Iteration 2425 (0 errors)
[2022-12-17 15:55:05] INFO     Iteration 2426 (0 errors)
[2022-12-17 15:55:06] INFO     Iteration 2427 (0 errors)
[2022-12-17 15:55:07] INFO     Iteration 2428 (0 errors)
[2022-12-17 15:55:08] INFO     Iteration 2429 (0 errors)
[2022-12-17 15:55:09] INFO     Iteration 2430 (0 errors)
[2022-12-17 15:55:09] INFO     Iteration 2431 (0 errors)
[2022-12-17 15:55:10] INFO     Iteration 2432 (0 errors)
[2022-12-17 15:55:11] INFO     Iteration 2433 (0 errors)
[2022-12-17 15:55:12] INFO     Iteration 2434 (0 errors)
[2022-12-17 15:55:13] INFO     Iteration 2435 (0 errors)
[2022-12-17 15:55:13] INFO     Iteration 2436 (0 errors)
[2022-12-17 15:55:14] INFO     Iteration 2437 (0 errors)
[2022-12-17 15:55:15] INFO     Iteration 2438 (0 errors)
[2022-12-17 15:55:16] INFO     Iteration 2439 (0 errors)
[2022-12-17 15:55:17] INFO     Iteration 2440 (0 errors)
[2022-12-17 15:55:18] INFO     Iteration 2441 (0 errors)
[2022-12-17 15:55:18] INFO     Iteration 2442 (0 errors)
[2022-12-17 15:55:19] INFO     Iteration 2443 (0 errors)
[2022-12-17 15:55:20] INFO     Iteration 2444 (0 errors)
[2022-12-17 15:55:21] INFO     Iteration 2445 (0 errors)
[2022-12-17 15:55:22] INFO     Iteration 2446 (0 errors)
[2022-12-17 15:55:22] INFO     Iteration 2447 (0 errors)
[2022-12-17 15:55:23] INFO     Iteration 2448 (0 errors)
[2022-12-17 15:55:24] INFO     Iteration 2449 (0 errors)
[2022-12-17 15:55:25] INFO     Iteration 2450 (0 errors)
[2022-12-17 15:55:26] INFO     Iteration 2451 (0 errors)
[2022-12-17 15:55:26] INFO     Iteration 2452 (0 errors)
[2022-12-17 15:55:27] INFO     Iteration 2453 (0 errors)
[2022-12-17 15:55:28] INFO     Iteration 2454 (0 errors)
[2022-12-17 15:55:29] INFO     Iteration 2455 (0 errors)
[2022-12-17 15:55:30] INFO     Iteration 2456 (0 errors)
[2022-12-17 15:55:30] INFO     Iteration 2457 (0 errors)
[2022-12-17 15:55:31] INFO     Iteration 2458 (0 errors)
[2022-12-17 15:55:32] INFO     Iteration 2459 (0 errors)
[2022-12-17 15:55:33] INFO     Iteration 2460 (0 errors)
[2022-12-17 15:55:34] INFO     Iteration 2461 (0 errors)
[2022-12-17 15:55:34] INFO     Iteration 2462 (0 errors)
[2022-12-17 15:55:35] INFO     Iteration 2463 (0 errors)
[2022-12-17 15:55:36] INFO     Iteration 2464 (0 errors)
[2022-12-17 15:55:37] INFO     Iteration 2465 (0 errors)
[2022-12-17 15:55:38] INFO     Iteration 2466 (0 errors)
[2022-12-17 15:55:38] INFO     Iteration 2467 (0 errors)
[2022-12-17 15:55:39] INFO     Iteration 2468 (0 errors)
[2022-12-17 15:55:40] INFO     Iteration 2469 (0 errors)
[2022-12-17 15:55:41] INFO     Iteration 2470 (0 errors)
[2022-12-17 15:55:42] INFO     Iteration 2471 (0 errors)
[2022-12-17 15:55:42] INFO     Iteration 2472 (0 errors)
[2022-12-17 15:55:43] INFO     Iteration 2473 (0 errors)
[2022-12-17 15:55:44] INFO     Iteration 2474 (0 errors)
[2022-12-17 15:55:45] INFO     Iteration 2475 (0 errors)
[2022-12-17 15:55:46] INFO     Iteration 2476 (0 errors)
[2022-12-17 15:55:46] INFO     Iteration 2477 (0 errors)
[2022-12-17 15:55:47] INFO     Iteration 2478 (0 errors)
[2022-12-17 15:55:48] INFO     Iteration 2479 (0 errors)
[2022-12-17 15:55:49] INFO     Iteration 2480 (0 errors)
[2022-12-17 15:55:50] INFO     Iteration 2481 (0 errors)
[2022-12-17 15:55:51] INFO     Iteration 2482 (0 errors)
[2022-12-17 15:55:51] INFO     Iteration 2483 (0 errors)
[2022-12-17 15:55:52] INFO     Iteration 2484 (0 errors)
[2022-12-17 15:55:53] INFO     Iteration 2485 (0 errors)
[2022-12-17 15:55:54] INFO     Iteration 2486 (0 errors)
[2022-12-17 15:55:55] INFO     Iteration 2487 (0 errors)
[2022-12-17 15:55:55] INFO     Iteration 2488 (0 errors)
[2022-12-17 15:55:56] INFO     Iteration 2489 (0 errors)
[2022-12-17 15:55:57] INFO     Iteration 2490 (0 errors)
[2022-12-17 15:55:58] INFO     Iteration 2491 (0 errors)
