[2022-12-19 08:39:21] 
[2022-12-19 08:39:21] [1m        __   _ __      _  __[0m
[2022-12-19 08:39:21] [1m       / /  (_) /____ | |/_/[0m
[2022-12-19 08:39:21] [1m      / /__/ / __/ -_)>  <[0m
[2022-12-19 08:39:21] [1m     /____/_/\__/\__/_/|_|[0m
[2022-12-19 08:39:21] [1m   Build your hardware, easily![0m
[2022-12-19 08:39:21]  (c) Copyright 2012-2022 Enjoy-Digital
[2022-12-19 08:39:21]  (c) Copyright 2007-2015 M-Labs
[2022-12-19 08:39:21]  BIOS built on Nov 28 2022 18:17:22
[2022-12-19 08:39:21]  BIOS CRC passed (b0e744c8)
[2022-12-19 08:39:21]  LiteX git sha1: f707551c
[2022-12-19 08:39:21] --=============== [1mSoC[0m ==================--
[2022-12-19 08:39:21] [1mCPU[0m:		VexRiscv @ 75MHz
[2022-12-19 08:39:21] [1mBUS[0m:		WISHBONE 32-bit @ 4GiB
[2022-12-19 08:39:21] [1mCSR[0m:		32-bit data
[2022-12-19 08:39:21] [1mROM[0m:		128KiB
[2022-12-19 08:39:21] [1mSRAM[0m:		8KiB
[2022-12-19 08:39:21] [1mL2[0m:		8KiB
[2022-12-19 08:39:21] [1mSDRAM[0m:		524288KiB 16-bit @ 600MT/s (CL-7 CWL-5)
[2022-12-19 08:39:21] --========== [1mInitialization[0m ============--
[2022-12-19 08:39:21] Initializing SDRAM @0x40000000...
[2022-12-19 08:39:21] Switching SDRAM to software control.
[2022-12-19 08:39:21] Read leveling:
[2022-12-19 08:39:21]   m0, b00: |00000000000000000000000000000000| delays: -
[2022-12-19 08:39:21]   m0, b01: |11111111100000000000000000000000| delays: 04+-04
[2022-12-19 08:39:21]   m0, b02: |00000000000111111111111111111100| delays: 20+-09
[2022-12-19 08:39:21]   m0, b03: |00000000000000000000000000000000| delays: -
[2022-12-19 08:39:21]   m0, b04: |00000000000000000000000000000000| delays: -
[2022-12-19 08:39:21]   m0, b05: |00000000000000000000000000000000| delays: -
[2022-12-19 08:39:21]   m0, b06: |00000000000000000000000000000000| delays: -
[2022-12-19 08:39:21]   m0, b07: |00000000000000000000000000000000| delays: -
[2022-12-19 08:39:21]   best: m0, b02 delays: 20+-09
[2022-12-19 08:39:21]   m1, b00: |00000000000000000000000000000000| delays: -
[2022-12-19 08:39:21]   m1, b01: |11111111100000000000000000000000| delays: 04+-04
[2022-12-19 08:39:21]   m1, b02: |00000000001111111111111111111100| delays: 20+-10
[2022-12-19 08:39:21]   m1, b03: |00000000000000000000000000000001| delays: -
[2022-12-19 08:39:21]   m1, b04: |00000000000000000000000000000000| delays: -
[2022-12-19 08:39:21]   m1, b05: |00000000000000000000000000000000| delays: -
[2022-12-19 08:39:21]   m1, b06: |00000000000000000000000000000000| delays: -
[2022-12-19 08:39:21]   m1, b07: |00000000000000000000000000000000| delays: -
[2022-12-19 08:39:21]   best: m1, b02 delays: 20+-10
[2022-12-19 08:39:21] Switching SDRAM to hardware control.
[2022-12-19 08:39:21] Memtest at 0x40000000 (2.0MiB)...
[2022-12-19 08:39:21]   Write: 0x40000000-0x40000000 0B   
[2022-12-19 08:39:21]   Write: 0x40000000-0x40200000 2.0MiB   
[2022-12-19 08:39:21]    Read: 0x40000000-0x40000000 0B   
[2022-12-19 08:39:21]    Read: 0x40000000-0x40200000 2.0MiB   
[2022-12-19 08:39:21] Memtest OK
[2022-12-19 08:39:21] Memspeed at 0x40000000 (Sequential, 2.0MiB)...
[2022-12-19 08:39:21]   Write speed: 26.2MiB/s
[2022-12-19 08:39:21]    Read speed: 35.1MiB/s
[2022-12-19 08:39:21] --============== [1mBoot[0m ==================--
[2022-12-19 08:39:21] Booting from serial...
[2022-12-19 08:39:21] Press Q or ESC to abort boot completely.
[2022-12-19 08:39:21] sL5DdSMmkekro
[2022-12-19 08:39:21] Timeout
[2022-12-19 08:39:21] No boot medium found
[2022-12-19 08:39:21] --============= [1mConsole[0m ================--
[2022-12-19 08:39:21] [92;1mlitex[0m> sdram_bist_pat 165
[2022-12-19 08:39:21] sdram_bist_pat 165
[2022-12-19 08:39:21] [92;1mlitex[0m> 
[2022-12-19 08:39:21] [92;1mlitex[0m> 
[2022-12-19 08:39:21] [92;1mlitex[0m> sdram_bist 8192 1 0 2
[2022-12-19 08:39:21] sdram_bist 8192 1 0 2
[2022-12-19 08:39:21] Starting SDRAM BIST with length=8192, addr_mode=1, data_mode=0 wmode=2
[2022-12-19 08:39:21] WR-BW(MiB/s) RD-BW(MiB/s)  TESTED(MiB)     ERRORS
[2022-12-19 08:39:23]          940          940          473          0
[2022-12-19 08:39:24]          941          940          947          0
[2022-12-19 08:39:26]          941          940         1421          0
[2022-12-19 08:39:27]          941          940         1895          0
[2022-12-19 08:39:29]          941          940         2369          0
[2022-12-19 08:39:30]          941          940         2843          0
[2022-12-19 08:39:32]          941          940         3316          0
[2022-12-19 08:39:33]          941          940         3790          0
[2022-12-19 08:39:33] WR-BW(MiB/s) RD-BW(MiB/s)  TESTED(MiB)     ERRORS
[2022-12-19 08:39:34]          940          940          168          0
[2022-12-19 08:39:36]          941          940          642          0
[2022-12-19 08:39:37]          941          940         1116          0
[2022-12-19 08:39:39]          941          940         1590          0
[2022-12-19 08:39:40]          941          940         2063          0
[2022-12-19 08:39:42]          941          940         2537          0
[2022-12-19 08:39:43]          941          940         3011          0
[2022-12-19 08:39:45]          941          940         3485          0
[2022-12-19 08:39:45] WR-BW(MiB/s) RD-BW(MiB/s)  TESTED(MiB)     ERRORS
[2022-12-19 08:39:46]          940          940         3959          0
[2022-12-19 08:39:47]          941          940          337          0
[2022-12-19 08:39:49]          941          940          810          0
[2022-12-19 08:39:50]          941          940         1284          0
[2022-12-19 08:39:52]          941          940         1758          0
[2022-12-19 08:39:53]          941          940         2232          0
[2022-12-19 08:39:55]          941          940         2706          0
[2022-12-19 08:39:56]          941          940         3180          0
[2022-12-19 08:39:56] WR-BW(MiB/s) RD-BW(MiB/s)  TESTED(MiB)     ERRORS
[2022-12-19 08:39:58]          940          940         3653          0
[2022-12-19 08:39:59]          941          940           31          0
[2022-12-19 08:40:01]          941          940          505          0
[2022-12-19 08:40:02]          941          940          979          0
[2022-12-19 08:40:03]          941          940         1453          0
[2022-12-19 08:40:05]          941          940         1927          0
[2022-12-19 08:40:06]          941          940         2400          0
[2022-12-19 08:40:08]          941          940         2874          0
[2022-12-19 08:40:08] WR-BW(MiB/s) RD-BW(MiB/s)  TESTED(MiB)     ERRORS
[2022-12-19 08:40:09]          940          940         3348          0
[2022-12-19 08:40:11]          941          940         3822          0
[2022-12-19 08:40:12]          941          940          200          0
[2022-12-19 08:40:14]          941          940          674          0
[2022-12-19 08:40:15]          941          940         1147          0
[2022-12-19 08:40:17]          941          940         1621          0
[2022-12-19 08:40:18]          941          940         2095          0
[2022-12-19 08:40:19]          941          940         2569          0
[2022-12-19 08:40:19] WR-BW(MiB/s) RD-BW(MiB/s)  TESTED(MiB)     ERRORS
[2022-12-19 08:40:21]          940          940         3043          0
[2022-12-19 08:40:22]          941          940         3517          0
[2022-12-19 08:40:24]          941          940         3990          0
[2022-12-19 08:40:25]          941          940          368          0
[2022-12-19 08:40:27]          941          940          842          0
[2022-12-19 08:40:28]          941          940         1316          0
[2022-12-19 08:40:30]          941          940         1790          0
[2022-12-19 08:40:31]          941          940         2264          0
[2022-12-19 08:40:31] WR-BW(MiB/s) RD-BW(MiB/s)  TESTED(MiB)     ERRORS
[2022-12-19 08:40:32]          940          940         2737          0
[2022-12-19 08:40:34]          941          940         3211          0
[2022-12-19 08:40:35]          941          940         3685          0
[2022-12-19 08:40:37]          941          940           63          0
[2022-12-19 08:40:38]          941          940          537          0
[2022-12-19 08:40:40]          941          940         1011          0
[2022-12-19 08:40:41]          941          940         1484          0
[2022-12-19 08:40:43]          941          940         1958          0
[2022-12-19 08:40:43] WR-BW(MiB/s) RD-BW(MiB/s)  TESTED(MiB)     ERRORS
[2022-12-19 08:40:44]          940          940         2432          0
[2022-12-19 08:40:46]          941          940         2906          0
[2022-12-19 08:40:47]          941          940         3380          0
[2022-12-19 08:40:48]          941          940         3854          0
[2022-12-19 08:40:50]          941          940          231          0
[2022-12-19 08:40:51]          941          940          705          0
[2022-12-19 08:40:53]          941          940         1179          0
[2022-12-19 08:40:54]          941          940         1653          0
[2022-12-19 08:40:54] WR-BW(MiB/s) RD-BW(MiB/s)  TESTED(MiB)     ERRORS
[2022-12-19 08:40:56]          940          940         2127          0
[2022-12-19 08:40:57]          941          940         2601          0
[2022-12-19 08:40:59]          941          940         3074          0
[2022-12-19 08:41:00]          941          940         3548          0
[2022-12-19 08:41:02]          941          940         4022          0
[2022-12-19 08:41:03]          941          940          400          0
[2022-12-19 08:41:04]          941          940          874          0
[2022-12-19 08:41:06]          941          940         1348          0
[2022-12-19 08:41:06] WR-BW(MiB/s) RD-BW(MiB/s)  TESTED(MiB)     ERRORS
[2022-12-19 08:41:07]          940          940         1821          0
[2022-12-19 08:41:09]          941          940         2295          0
[2022-12-19 08:41:10]          941          940         2769          0
[2022-12-19 08:41:12]          941          940         3243          0
[2022-12-19 08:41:13]          941          940         3717          0
[2022-12-19 08:41:15]          941          940           95          0
[2022-12-19 08:41:16]          941          940          568          0
[2022-12-19 08:41:17]          941          940         1042          0
[2022-12-19 08:41:17] WR-BW(MiB/s) RD-BW(MiB/s)  TESTED(MiB)     ERRORS
[2022-12-19 08:41:19]          941          940         1516          0
[2022-12-19 08:41:20]          941          940         1990          0
[2022-12-19 08:41:22]          941          940         2464          0
[2022-12-19 08:41:23]          941          940         2938          0
[2022-12-19 08:41:25]          941          940         3411          0
[2022-12-19 08:41:26]          941          940         3885          0
[2022-12-19 08:41:28]          941          940          263          0
[2022-12-19 08:41:29]          941          940          737          0
[2022-12-19 08:41:29] WR-BW(MiB/s) RD-BW(MiB/s)  TESTED(MiB)     ERRORS
[2022-12-19 08:41:31]          941          940         1211          0
[2022-12-19 08:41:32]          941          940         1685          0
[2022-12-19 08:41:33]          941          940         2158          0
[2022-12-19 08:41:35]          941          940         2632          0
[2022-12-19 08:41:36]          941          940         3106          0
[2022-12-19 08:41:38]          941          940         3580          0
[2022-12-19 08:41:39]          941          940         4054          0
[2022-12-19 08:41:41]          941          940          432          0
[2022-12-19 08:41:41] WR-BW(MiB/s) RD-BW(MiB/s)  TESTED(MiB)     ERRORS
[2022-12-19 08:41:42]          941          940          906          0
[2022-12-19 08:41:44]          941          940         1379          0
[2022-12-19 08:41:45]          941          940         1853          0
[2022-12-19 08:41:47]          941          940         2327          0
[2022-12-19 08:41:48]          941          940         2801          0
[2022-12-19 08:41:49]          941          940         3275          0
[2022-12-19 08:41:51]          941          940         3749          0
[2022-12-19 08:41:52]          941          940          126          0
[2022-12-19 08:41:52] WR-BW(MiB/s) RD-BW(MiB/s)  TESTED(MiB)     ERRORS
[2022-12-19 08:41:54]          941          940          600          0
[2022-12-19 08:41:55]          941          940         1074          0
[2022-12-19 08:41:57]          941          940         1548          0
[2022-12-19 08:41:58]          941          940         2022          0
[2022-12-19 08:42:00]          941          940         2496          0
[2022-12-19 08:42:01]          941          940         2969          0
[2022-12-19 08:42:02]          941          940         3443          0
[2022-12-19 08:42:04]          941          940         3917          0
[2022-12-19 08:42:04] WR-BW(MiB/s) RD-BW(MiB/s)  TESTED(MiB)     ERRORS
[2022-12-19 08:42:05]          940          940          295          0
[2022-12-19 08:42:07]          941          940          769          0
[2022-12-19 08:42:08]          941          940         1243          0
[2022-12-19 08:42:10]          941          940         1716          0
[2022-12-19 08:42:11]          941          940         2190          0
[2022-12-19 08:42:13]          941          940         2664          0
[2022-12-19 08:42:14]          941          940         3138          0
[2022-12-19 08:42:16]          941          940         3612          0
[2022-12-19 08:42:16] WR-BW(MiB/s) RD-BW(MiB/s)  TESTED(MiB)     ERRORS
[2022-12-19 08:42:17]          941          940         4086          0
[2022-12-19 08:42:18]          941          940          463          0
[2022-12-19 08:42:20]          941          940          937          0
[2022-12-19 08:42:21]          941          940         1411          0
[2022-12-19 08:42:23]          941          940         1885          0
[2022-12-19 08:42:24]          941          940         2359          0
[2022-12-19 08:42:26]          941          940         2833          0
[2022-12-19 08:42:27]          941          940         3306          0
[2022-12-19 08:42:27] WR-BW(MiB/s) RD-BW(MiB/s)  TESTED(MiB)     ERRORS
[2022-12-19 08:42:29]          940          940         3780          0
[2022-12-19 08:42:30]          941          940          158          0
[2022-12-19 08:42:32]          941          940          632          0
[2022-12-19 08:42:33]          941          940         1106          0
[2022-12-19 08:42:34]          941          940         1580          0
[2022-12-19 08:42:36]          941          940         2053          0
[2022-12-19 08:42:37]          941          940         2527          0
[2022-12-19 08:42:39]          941          940         3001          0
[2022-12-19 08:42:39] WR-BW(MiB/s) RD-BW(MiB/s)  TESTED(MiB)     ERRORS
[2022-12-19 08:42:40]          940          940         3475          0
[2022-12-19 08:42:42]          941          940         3949          0
[2022-12-19 08:42:43]          941          940          327          0
[2022-12-19 08:42:45]          941          940          800          0
[2022-12-19 08:42:46]          941          940         1274          0
[2022-12-19 08:42:47]          941          940         1748          0
[2022-12-19 08:42:49]          941          940         2222          0
[2022-12-19 08:42:50]          941          940         2696          0
[2022-12-19 08:42:50] WR-BW(MiB/s) RD-BW(MiB/s)  TESTED(MiB)     ERRORS
[2022-12-19 08:42:52]          941          940         3170          0
[2022-12-19 08:42:53]          941          940         3643          0
[2022-12-19 08:42:55]          941          940           21          0
[2022-12-19 08:42:56]          941          940          495          0
[2022-12-19 08:42:58]          941          940          969          0
[2022-12-19 08:42:59]          941          940         1443          0
[2022-12-19 08:43:01]          941          940         1917          0
[2022-12-19 08:43:02]          941          940         2390          0
[2022-12-19 08:43:02] WR-BW(MiB/s) RD-BW(MiB/s)  TESTED(MiB)     ERRORS
[2022-12-19 08:43:03]          941          940         2864          0
[2022-12-19 08:43:05]          941          940         3338          0
[2022-12-19 08:43:06]          941          940         3812          0
[2022-12-19 08:43:08]          941          940          190          0
[2022-12-19 08:43:09]          941          940          664          0
[2022-12-19 08:43:11]          941          940         1137          0
[2022-12-19 08:43:12]          941          940         1611          0
[2022-12-19 08:43:14]          941          940         2085          0
[2022-12-19 08:43:14] WR-BW(MiB/s) RD-BW(MiB/s)  TESTED(MiB)     ERRORS
[2022-12-19 08:43:15]          940          940         2559          0
[2022-12-19 08:43:17]          941          940         3033          0
[2022-12-19 08:43:18]          941          940         3507          0
[2022-12-19 08:43:19]          941          940         3980          0
[2022-12-19 08:43:21]          941          940          358          0
[2022-12-19 08:43:22]          941          940          832          0
[2022-12-19 08:43:24]          941          940         1306          0
[2022-12-19 08:43:25]          941          940         1780          0
[2022-12-19 08:43:25] WR-BW(MiB/s) RD-BW(MiB/s)  TESTED(MiB)     ERRORS
[2022-12-19 08:43:27]          941          940         2254          0
[2022-12-19 08:43:28]          941          940         2727          0
[2022-12-19 08:43:30]          941          940         3201          0
[2022-12-19 08:43:31]          941          940         3675          0
[2022-12-19 08:43:32]          941          940           53          0
[2022-12-19 08:43:34]          941          940          527          0
[2022-12-19 08:43:35]          941          940         1001          0
[2022-12-19 08:43:37]          941          940         1474          0
[2022-12-19 08:43:37] WR-BW(MiB/s) RD-BW(MiB/s)  TESTED(MiB)     ERRORS
[2022-12-19 08:43:38]          940          940         1948          0
[2022-12-19 08:43:40]          941          940         2422          0
[2022-12-19 08:43:41]          941          940         2896          0
[2022-12-19 08:43:43]          941          940         3370          0
[2022-12-19 08:43:44]          941          940         3844          0
[2022-12-19 08:43:46]          941          940          221          0
[2022-12-19 08:43:47]          941          940          695          0
[2022-12-19 08:43:48]          941          940         1169          0
[2022-12-19 08:43:48] WR-BW(MiB/s) RD-BW(MiB/s)  TESTED(MiB)     ERRORS
[2022-12-19 08:43:50]          940          940         1643          0
[2022-12-19 08:43:51]          941          940         2117          0
[2022-12-19 08:43:53]          941          940         2591          0
[2022-12-19 08:43:54]          941          940         3065          0
[2022-12-19 08:43:56]          941          940         3538          0
[2022-12-19 08:43:57]          941          940         4012          0
[2022-12-19 08:43:59]          941          940          390          0
[2022-12-19 08:44:00]          941          940          864          0
[2022-12-19 08:44:00] WR-BW(MiB/s) RD-BW(MiB/s)  TESTED(MiB)     ERRORS
[2022-12-19 08:44:02]          941          940         1338          0
[2022-12-19 08:44:03]          941          940         1812          0
[2022-12-19 08:44:04]          941          940         2285          0
[2022-12-19 08:44:06]          941          940         2759          0
[2022-12-19 08:44:07]          941          940         3233          0
[2022-12-19 08:44:09]          941          940         3707          0
[2022-12-19 08:44:10]          941          940           85          0
[2022-12-19 08:44:12]          941          940          559          0
[2022-12-19 08:44:12] WR-BW(MiB/s) RD-BW(MiB/s)  TESTED(MiB)     ERRORS
[2022-12-19 08:44:13]          941          940         1032          0
[2022-12-19 08:44:15]          941          940         1506          0
[2022-12-19 08:44:16]          941          940         1980          0
[2022-12-19 08:44:17]          941          940         2454          0
[2022-12-19 08:44:19]          941          940         2928          0
[2022-12-19 08:44:20]          941          940         3402          0
[2022-12-19 08:44:22]          941          940         3875          0
[2022-12-19 08:44:23]          941          940          253          0
[2022-12-19 08:44:23] WR-BW(MiB/s) RD-BW(MiB/s)  TESTED(MiB)     ERRORS
[2022-12-19 08:44:25]          941          940          727          0
[2022-12-19 08:44:26]          941          940         1201          0
[2022-12-19 08:44:28]          941          940         1675          0
[2022-12-19 08:44:29]          941          940         2149          0
[2022-12-19 08:44:31]          941          940         2622          0
[2022-12-19 08:44:32]          941          940         3096          0
[2022-12-19 08:44:33]          941          940         3570          0
[2022-12-19 08:44:35]          941          940         4044          0
[2022-12-19 08:44:35] WR-BW(MiB/s) RD-BW(MiB/s)  TESTED(MiB)     ERRORS
[2022-12-19 08:44:36]          940          940          422          0
[2022-12-19 08:44:38]          941          940          896          0
[2022-12-19 08:44:39]          941          940         1369          0
[2022-12-19 08:44:41]          941          940         1843          0
[2022-12-19 08:44:42]          941          940         2317          0
[2022-12-19 08:44:44]          941          940         2791          0
[2022-12-19 08:44:45]          941          940         3265          0
[2022-12-19 08:44:47]          941          940         3739          0
[2022-12-19 08:44:47] WR-BW(MiB/s) RD-BW(MiB/s)  TESTED(MiB)     ERRORS
[2022-12-19 08:44:48]          941          940          116          0
[2022-12-19 08:44:49]          941          940          590          0
[2022-12-19 08:44:51]          941          940         1064          0
[2022-12-19 08:44:52]          941          940         1538          0
[2022-12-19 08:44:54]          941          940         2012          0
[2022-12-19 08:44:55]          941          940         2486          0
[2022-12-19 08:44:57]          941          940         2959          0
[2022-12-19 08:44:58]          941          940         3433          0
[2022-12-19 08:44:58] WR-BW(MiB/s) RD-BW(MiB/s)  TESTED(MiB)     ERRORS
[2022-12-19 08:45:00]          941          940         3907          0
[2022-12-19 08:45:01]          941          940          285          0
[2022-12-19 08:45:02]          941          940          759          0
[2022-12-19 08:45:04]          941          940         1233          0
[2022-12-19 08:45:05]          941          940         1706          0
[2022-12-19 08:45:07]          941          940         2180          0
[2022-12-19 08:45:08]          941          940         2654          0
[2022-12-19 08:45:10]          941          940         3128          0
[2022-12-19 08:45:10] WR-BW(MiB/s) RD-BW(MiB/s)  TESTED(MiB)     ERRORS
[2022-12-19 08:45:11]          940          940         3602          0
[2022-12-19 08:45:13]          941          940         4076          0
[2022-12-19 08:45:14]          941          940          453          0
[2022-12-19 08:45:16]          941          940          927          0
[2022-12-19 08:45:17]          941          940         1401          0
[2022-12-19 08:45:18]          941          940         1875          0
[2022-12-19 08:45:20]          941          940         2349          0
[2022-12-19 08:45:21]          941          940         2823          0
[2022-12-19 08:45:21] WR-BW(MiB/s) RD-BW(MiB/s)  TESTED(MiB)     ERRORS
[2022-12-19 08:45:23]          940          940         3296          0
[2022-12-19 08:45:24]          941          940         3770          0
[2022-12-19 08:45:26]          941          940          148          0
[2022-12-19 08:45:27]          941          940          622          0
[2022-12-19 08:45:29]          941          940         1096          0
[2022-12-19 08:45:30]          941          940         1570          0
[2022-12-19 08:45:31]          941          940         2043          0
[2022-12-19 08:45:33]          941          940         2517          0
[2022-12-19 08:45:33] WR-BW(MiB/s) RD-BW(MiB/s)  TESTED(MiB)     ERRORS
[2022-12-19 08:45:34]          940          940         2991          0
[2022-12-19 08:45:36]          941          940         3465          0
[2022-12-19 08:45:37]          941          940         3939          0
[2022-12-19 08:45:39]          941          940          317          0
[2022-12-19 08:45:40]          941          940          790          0
[2022-12-19 08:45:42]          941          940         1264          0
[2022-12-19 08:45:43]          941          940         1738          0
[2022-12-19 08:45:45]          941          940         2212          0
[2022-12-19 08:45:45] WR-BW(MiB/s) RD-BW(MiB/s)  TESTED(MiB)     ERRORS
[2022-12-19 08:45:46]          941          940         2686          0
[2022-12-19 08:45:47]          941          940         3160          0
[2022-12-19 08:45:49]          941          940         3633          0
[2022-12-19 08:45:50]          941          940           11          0
[2022-12-19 08:45:52]          941          940          485          0
[2022-12-19 08:45:53]          941          940          959          0
[2022-12-19 08:45:55]          941          940         1433          0
[2022-12-19 08:45:56]          941          940         1907          0
[2022-12-19 08:45:56] WR-BW(MiB/s) RD-BW(MiB/s)  TESTED(MiB)     ERRORS
[2022-12-19 08:45:58]          940          940         2380          0
[2022-12-19 08:45:59]          941          940         2854          0
[2022-12-19 08:46:01]          941          940         3328          0
[2022-12-19 08:46:02]          941          940         3802          0
[2022-12-19 08:46:03]          941          940          180          0
[2022-12-19 08:46:05]          941          940          654          0
[2022-12-19 08:46:06]          941          940         1128          0
[2022-12-19 08:46:08]          941          940         1601          0
[2022-12-19 08:46:08] WR-BW(MiB/s) RD-BW(MiB/s)  TESTED(MiB)     ERRORS
[2022-12-19 08:46:09]          941          940         2075          0
[2022-12-19 08:46:11]          941          940         2549          0
[2022-12-19 08:46:12]          941          940         3023          0
[2022-12-19 08:46:14]          941          940         3497          0
[2022-12-19 08:46:15]          941          940         3971          0
[2022-12-19 08:46:16]          941          940          348          0
[2022-12-19 08:46:18]          941          940          822          0
[2022-12-19 08:46:19]          941          940         1296          0
[2022-12-19 08:46:19] WR-BW(MiB/s) RD-BW(MiB/s)  TESTED(MiB)     ERRORS
[2022-12-19 08:46:21]          941          940         1770          0
[2022-12-19 08:46:22]          941          940         2244          0
[2022-12-19 08:46:24]          941          940         2718          0
[2022-12-19 08:46:25]          941          940         3191          0
[2022-12-19 08:46:27]          941          940         3665          0
[2022-12-19 08:46:28]          941          940           43          0
[2022-12-19 08:46:30]          941          940          517          0
[2022-12-19 08:46:31]          941          940          991          0
[2022-12-19 08:46:31] WR-BW(MiB/s) RD-BW(MiB/s)  TESTED(MiB)     ERRORS
[2022-12-19 08:46:32]          941          940         1465          0
[2022-12-19 08:46:34]          941          940         1938          0
[2022-12-19 08:46:35]          941          940         2412          0
[2022-12-19 08:46:37]          941          940         2886          0
[2022-12-19 08:46:38]          941          940         3360          0
[2022-12-19 08:46:40]          941          940         3834          0
[2022-12-19 08:46:41]          941          940          212          0
[2022-12-19 08:46:43]          941          940          685          0
[2022-12-19 08:46:43] WR-BW(MiB/s) RD-BW(MiB/s)  TESTED(MiB)     ERRORS
[2022-12-19 08:46:44]          941          940         1159          0
[2022-12-19 08:46:46]          941          940         1633          0
[2022-12-19 08:46:47]          941          940         2107          0
[2022-12-19 08:46:48]          941          940         2581          0
[2022-12-19 08:46:50]          941          940         3055          0
[2022-12-19 08:46:51]          941          940         3528          0
[2022-12-19 08:46:53]          941          940         4002          0
[2022-12-19 08:46:54]          941          940          380          0
[2022-12-19 08:46:54] WR-BW(MiB/s) RD-BW(MiB/s)  TESTED(MiB)     ERRORS
[2022-12-19 08:46:56]          941          940          854          0
[2022-12-19 08:46:57]          941          940         1328          0
[2022-12-19 08:46:59]          941          940         1802          0
[2022-12-19 08:47:00]          941          940         2275          0
[2022-12-19 08:47:01]          941          940         2749          0
[2022-12-19 08:47:03]          941          940         3223          0
[2022-12-19 08:47:04]          941          940         3697          0
[2022-12-19 08:47:06]          941          940           75          0
[2022-12-19 08:47:06] WR-BW(MiB/s) RD-BW(MiB/s)  TESTED(MiB)     ERRORS
[2022-12-19 08:47:07]          941          940          549          0
[2022-12-19 08:47:09]          941          940         1022          0
[2022-12-19 08:47:10]          941          940         1496          0
[2022-12-19 08:47:12]          941          940         1970          0
[2022-12-19 08:47:13]          941          940         2444          0
[2022-12-19 08:47:15]          941          940         2918          0
[2022-12-19 08:47:16]          941          940         3392          0
[2022-12-19 08:47:17]          941          940         3865          0
[2022-12-19 08:47:17] WR-BW(MiB/s) RD-BW(MiB/s)  TESTED(MiB)     ERRORS
[2022-12-19 08:47:19]          941          940          243          0
[2022-12-19 08:47:20]          941          940          717          0
[2022-12-19 08:47:22]          941          940         1191          0
[2022-12-19 08:47:23]          941          940         1665          0
[2022-12-19 08:47:25]          941          940         2139          0
[2022-12-19 08:47:26]          941          940         2612          0
[2022-12-19 08:47:28]          941          940         3086          0
[2022-12-19 08:47:29]          941          940         3560          0
[2022-12-19 08:47:29] WR-BW(MiB/s) RD-BW(MiB/s)  TESTED(MiB)     ERRORS
[2022-12-19 08:47:31]          941          940         4034          0
[2022-12-19 08:47:32]          941          940          412          0
[2022-12-19 08:47:33]          941          940          886          0
[2022-12-19 08:47:35]          941          940         1359          0
[2022-12-19 08:47:36]          941          940         1833          0
[2022-12-19 08:47:38]          941          940         2307          0
[2022-12-19 08:47:39]          941          940         2781          0
[2022-12-19 08:47:41]          941          940         3255          0
[2022-12-19 08:47:41] WR-BW(MiB/s) RD-BW(MiB/s)  TESTED(MiB)     ERRORS
[2022-12-19 08:47:42]          940          940         3729          0
[2022-12-19 08:47:44]          941          940          106          0
[2022-12-19 08:47:45]          941          940          580          0
[2022-12-19 08:47:46]          941          940         1054          0
[2022-12-19 08:47:48]          941          940         1528          0
[2022-12-19 08:47:49]          941          940         2002          0
[2022-12-19 08:47:51]          941          940         2476          0
[2022-12-19 08:47:52]          941          940         2949          0
[2022-12-19 08:47:52] WR-BW(MiB/s) RD-BW(MiB/s)  TESTED(MiB)     ERRORS
[2022-12-19 08:47:54]          940          940         3423          0
[2022-12-19 08:47:55]          941          940         3897          0
[2022-12-19 08:47:57]          941          940          275          0
[2022-12-19 08:47:58]          941          940          749          0
[2022-12-19 08:48:00]          941          940         1223          0
[2022-12-19 08:48:01]          941          940         1696          0
[2022-12-19 08:48:02]          941          940         2170          0
[2022-12-19 08:48:04]          941          940         2644          0
[2022-12-19 08:48:04] WR-BW(MiB/s) RD-BW(MiB/s)  TESTED(MiB)     ERRORS
[2022-12-19 08:48:05]          941          940         3118          0
[2022-12-19 08:48:07]          941          940         3592          0
[2022-12-19 08:48:08]          941          940         4066          0
[2022-12-19 08:48:10]          941          940          443          0
[2022-12-19 08:48:11]          941          940          917          0
[2022-12-19 08:48:13]          941          940         1391          0
[2022-12-19 08:48:14]          941          940         1865          0
[2022-12-19 08:48:16]          941          940         2339          0
[2022-12-19 08:48:16] WR-BW(MiB/s) RD-BW(MiB/s)  TESTED(MiB)     ERRORS
[2022-12-19 08:48:17]          940          940         2813          0
[2022-12-19 08:48:18]          941          940         3287          0
[2022-12-19 08:48:20]          941          940         3760          0
[2022-12-19 08:48:21]          941          940          138          0
[2022-12-19 08:48:23]          941          940          612          0
[2022-12-19 08:48:24]          941          940         1086          0
[2022-12-19 08:48:26]          941          940         1560          0
[2022-12-19 08:48:27]          941          940         2034          0
[2022-12-19 08:48:27] WR-BW(MiB/s) RD-BW(MiB/s)  TESTED(MiB)     ERRORS
[2022-12-19 08:48:29]          940          940         2507          0
[2022-12-19 08:48:30]          941          940         2981          0
[2022-12-19 08:48:31]          941          940         3455          0
[2022-12-19 08:48:33]          941          940         3929          0
[2022-12-19 08:48:34]          941          940          307          0
[2022-12-19 08:48:36]          941          940          781          0
[2022-12-19 08:48:37]          941          940         1254          0
[2022-12-19 08:48:39]          941          940         1728          0
[2022-12-19 08:48:39] WR-BW(MiB/s) RD-BW(MiB/s)  TESTED(MiB)     ERRORS
[2022-12-19 08:48:40]          941          940         2202          0
[2022-12-19 08:48:42]          941          940         2676          0
[2022-12-19 08:48:43]          941          940         3150          0
[2022-12-19 08:48:45]          941          940         3624          0
[2022-12-19 08:48:46]          941          940            1          0
[2022-12-19 08:48:47]          941          940          475          0
[2022-12-19 08:48:49]          941          940          949          0
[2022-12-19 08:48:50]          941          940         1423          0
[2022-12-19 08:48:50] WR-BW(MiB/s) RD-BW(MiB/s)  TESTED(MiB)     ERRORS
[2022-12-19 08:48:52]          941          940         1897          0
[2022-12-19 08:48:53]          941          940         2371          0
[2022-12-19 08:48:55]          941          940         2844          0
[2022-12-19 08:48:56]          941          940         3318          0
[2022-12-19 08:48:58]          941          940         3792          0
[2022-12-19 08:48:59]          941          940          170          0
[2022-12-19 08:49:01]          941          940          644          0
[2022-12-19 08:49:02]          941          940         1118          0
[2022-12-19 08:49:02] WR-BW(MiB/s) RD-BW(MiB/s)  TESTED(MiB)     ERRORS
[2022-12-19 08:49:03]          941          940         1591          0
[2022-12-19 08:49:05]          941          940         2065          0
[2022-12-19 08:49:06]          941          940         2539          0
[2022-12-19 08:49:08]          941          940         3013          0
[2022-12-19 08:49:09]          941          940         3487          0
[2022-12-19 08:49:11]          941          940         3961          0
[2022-12-19 08:49:12]          941          940          338          0
[2022-12-19 08:49:14]          941          940          812          0
[2022-12-19 08:49:14] WR-BW(MiB/s) RD-BW(MiB/s)  TESTED(MiB)     ERRORS
[2022-12-19 08:49:15]          941          940         1286          0
[2022-12-19 08:49:16]          941          940         1760          0
[2022-12-19 08:49:18]          941          940         2234          0
[2022-12-19 08:49:19]          941          940         2708          0
[2022-12-19 08:49:21]          941          940         3181          0
[2022-12-19 08:49:22]          941          940         3655          0
[2022-12-19 08:49:24]          941          940           33          0
[2022-12-19 08:49:25]          941          940          507          0
[2022-12-19 08:49:25] WR-BW(MiB/s) RD-BW(MiB/s)  TESTED(MiB)     ERRORS
[2022-12-19 08:49:27]          941          940          981          0
[2022-12-19 08:49:28]          941          940         1455          0
[2022-12-19 08:49:30]          941          940         1928          0
[2022-12-19 08:49:31]          941          940         2402          0
[2022-12-19 08:49:32]          941          940         2876          0
[2022-12-19 08:49:34]          941          940         3350          0
[2022-12-19 08:49:35]          941          940         3824          0
[2022-12-19 08:49:37]          941          940          202          0
[2022-12-19 08:49:37] WR-BW(MiB/s) RD-BW(MiB/s)  TESTED(MiB)     ERRORS
[2022-12-19 08:49:38]          941          940          675          0
[2022-12-19 08:49:40]          941          940         1149          0
[2022-12-19 08:49:41]          941          940         1623          0
[2022-12-19 08:49:43]          941          940         2097          0
[2022-12-19 08:49:44]          941          940         2571          0
[2022-12-19 08:49:45]          941          940         3045          0
[2022-12-19 08:49:47]          941          940         3518          0
[2022-12-19 08:49:48]          941          940         3992          0
[2022-12-19 08:49:48] WR-BW(MiB/s) RD-BW(MiB/s)  TESTED(MiB)     ERRORS
[2022-12-19 08:49:50]          940          940          370          0
[2022-12-19 08:49:51]          941          940          844          0
[2022-12-19 08:49:53]          941          940         1318          0
[2022-12-19 08:49:54]          941          940         1792          0
[2022-12-19 08:49:56]          941          940         2265          0
[2022-12-19 08:49:57]          941          940         2739          0
[2022-12-19 08:49:59]          941          940         3213          0
[2022-12-19 08:50:00]          941          940         3687          0
[2022-12-19 08:50:00] WR-BW(MiB/s) RD-BW(MiB/s)  TESTED(MiB)     ERRORS
[2022-12-19 08:50:01]          940          940           65          0
[2022-12-19 08:50:03]          941          940          539          0
[2022-12-19 08:50:04]          941          940         1012          0
[2022-12-19 08:50:06]          941          940         1486          0
[2022-12-19 08:50:07]          941          940         1960          0
[2022-12-19 08:50:09]          941          940         2434          0
[2022-12-19 08:50:10]          941          940         2908          0
[2022-12-19 08:50:12]          941          940         3382          0
[2022-12-19 08:50:12] WR-BW(MiB/s) RD-BW(MiB/s)  TESTED(MiB)     ERRORS
[2022-12-19 08:50:13]          940          940         3855          0
[2022-12-19 08:50:15]          941          940          233          0
[2022-12-19 08:50:16]          941          940          707          0
[2022-12-19 08:50:17]          941          940         1181          0
[2022-12-19 08:50:19]          941          940         1655          0
[2022-12-19 08:50:20]          941          940         2129          0
[2022-12-19 08:50:22]          941          940         2602          0
[2022-12-19 08:50:23]          941          940         3076          0
[2022-12-19 08:50:23] WR-BW(MiB/s) RD-BW(MiB/s)  TESTED(MiB)     ERRORS
[2022-12-19 08:50:25]          941          940         3550          0
[2022-12-19 08:50:26]          941          940         4024          0
[2022-12-19 08:50:28]          941          940          402          0
[2022-12-19 08:50:29]          941          940          876          0
[2022-12-19 08:50:30]          941          940         1350          0
[2022-12-19 08:50:32]          941          940         1823          0
[2022-12-19 08:50:33]          941          940         2297          0
[2022-12-19 08:50:35]          941          940         2771          0
[2022-12-19 08:50:35] WR-BW(MiB/s) RD-BW(MiB/s)  TESTED(MiB)     ERRORS
[2022-12-19 08:50:36]          940          940         3245          0
[2022-12-19 08:50:38]          941          940         3719          0
[2022-12-19 08:50:39]          941          940           97          0
[2022-12-19 08:50:41]          941          940          570          0
[2022-12-19 08:50:42]          941          940         1044          0
[2022-12-19 08:50:44]          941          940         1518          0
[2022-12-19 08:50:45]          941          940         1992          0
[2022-12-19 08:50:46]          941          940         2466          0
[2022-12-19 08:50:46] WR-BW(MiB/s) RD-BW(MiB/s)  TESTED(MiB)     ERRORS
[2022-12-19 08:50:48]          941          940         2940          0
[2022-12-19 08:50:49]          941          940         3413          0
[2022-12-19 08:50:51]          941          940         3887          0
[2022-12-19 08:50:52]          941          940          265          0
[2022-12-19 08:50:54]          941          940          739          0
[2022-12-19 08:50:55]          941          940         1213          0
[2022-12-19 08:50:57]          941          940         1687          0
[2022-12-19 08:50:58]          941          940         2160          0
[2022-12-19 08:50:58] WR-BW(MiB/s) RD-BW(MiB/s)  TESTED(MiB)     ERRORS
[2022-12-19 08:51:00]          941          940         2634          0
[2022-12-19 08:51:01]          941          940         3108          0
[2022-12-19 08:51:02]          941          940         3582          0
[2022-12-19 08:51:04]          941          940         4056          0
[2022-12-19 08:51:05]          941          940          434          0
[2022-12-19 08:51:07]          941          940          907          0
[2022-12-19 08:51:08]          941          940         1381          0
[2022-12-19 08:51:10]          941          940         1855          0
[2022-12-19 08:51:10] WR-BW(MiB/s) RD-BW(MiB/s)  TESTED(MiB)     ERRORS
[2022-12-19 08:51:11]          941          940         2329          0
[2022-12-19 08:51:13]          941          940         2803          0
[2022-12-19 08:51:14]          941          940         3277          0
[2022-12-19 08:51:15]          941          940         3750          0
[2022-12-19 08:51:17]          941          940          128          0
[2022-12-19 08:51:18]          941          940          602          0
[2022-12-19 08:51:20]          941          940         1076          0
[2022-12-19 08:51:21]          941          940         1550          0
[2022-12-19 08:51:21] WR-BW(MiB/s) RD-BW(MiB/s)  TESTED(MiB)     ERRORS
[2022-12-19 08:51:23]          941          940         2024          0
[2022-12-19 08:51:24]          941          940         2497          0
[2022-12-19 08:51:26]          941          940         2971          0
[2022-12-19 08:51:27]          941          940         3445          0
[2022-12-19 08:51:29]          941          940         3919          0
[2022-12-19 08:51:30]          941          940          297          0
[2022-12-19 08:51:31]          941          940          771          0
[2022-12-19 08:51:33]          941          940         1244          0
[2022-12-19 08:51:33] WR-BW(MiB/s) RD-BW(MiB/s)  TESTED(MiB)     ERRORS
[2022-12-19 08:51:34]          941          940         1718          0
[2022-12-19 08:51:36]          941          940         2192          0
[2022-12-19 08:51:37]          941          940         2666          0
[2022-12-19 08:51:39]          941          940         3140          0
[2022-12-19 08:51:40]          941          940         3614          0
[2022-12-19 08:51:42]          941          940         4087          0
[2022-12-19 08:51:43]          941          940          465          0
[2022-12-19 08:51:45]          941          940          939          0
[2022-12-19 08:51:45] WR-BW(MiB/s) RD-BW(MiB/s)  TESTED(MiB)     ERRORS
[2022-12-19 08:51:46]          941          940         1413          0
[2022-12-19 08:51:47]          941          940         1887          0
[2022-12-19 08:51:49]          941          940         2361          0
[2022-12-19 08:51:50]          941          940         2834          0
[2022-12-19 08:51:52]          941          940         3308          0
[2022-12-19 08:51:53]          941          940         3782          0
[2022-12-19 08:51:55]          941          940          160          0
[2022-12-19 08:51:56]          941          940          634          0
[2022-12-19 08:51:56] WR-BW(MiB/s) RD-BW(MiB/s)  TESTED(MiB)     ERRORS
[2022-12-19 08:51:58]          941          940         1108          0
[2022-12-19 08:51:59]          941          940         1581          0
[2022-12-19 08:52:00]          941          940         2055          0
[2022-12-19 08:52:02]          941          940         2529          0
[2022-12-19 08:52:03]          941          940         3003          0
[2022-12-19 08:52:05]          941          940         3477          0
[2022-12-19 08:52:06]          941          940         3951          0
[2022-12-19 08:52:08]          941          940          328          0
[2022-12-19 08:52:08] WR-BW(MiB/s) RD-BW(MiB/s)  TESTED(MiB)     ERRORS
[2022-12-19 08:52:09]          941          940          802          0
[2022-12-19 08:52:11]          941          940         1276          0
[2022-12-19 08:52:12]          941          940         1750          0
[2022-12-19 08:52:14]          941          940         2224          0
[2022-12-19 08:52:15]          941          940         2698          0
[2022-12-19 08:52:16]          941          940         3171          0
[2022-12-19 08:52:18]          941          940         3645          0
[2022-12-19 08:52:19]          941          940           23          0
[2022-12-19 08:52:19] WR-BW(MiB/s) RD-BW(MiB/s)  TESTED(MiB)     ERRORS
[2022-12-19 08:52:21]          941          940          497          0
[2022-12-19 08:52:22]          941          940          971          0
[2022-12-19 08:52:24]          941          940         1445          0
[2022-12-19 08:52:25]          941          940         1918          0
[2022-12-19 08:52:27]          941          940         2392          0
[2022-12-19 08:52:28]          941          940         2866          0
[2022-12-19 08:52:30]          941          940         3340          0
[2022-12-19 08:52:31]          941          940         3814          0
[2022-12-19 08:52:31] WR-BW(MiB/s) RD-BW(MiB/s)  TESTED(MiB)     ERRORS
[2022-12-19 08:52:32]          940          940          192          0
[2022-12-19 08:52:34]          941          940          665          0
[2022-12-19 08:52:35]          941          940         1139          0
[2022-12-19 08:52:37]          941          940         1613          0
[2022-12-19 08:52:38]          941          940         2087          0
[2022-12-19 08:52:40]          941          940         2561          0
[2022-12-19 08:52:41]          941          940         3035          0
[2022-12-19 08:52:43]          941          940         3509          0
[2022-12-19 08:52:43] WR-BW(MiB/s) RD-BW(MiB/s)  TESTED(MiB)     ERRORS
[2022-12-19 08:52:44]          940          940         3982          0
[2022-12-19 08:52:45]          941          940          360          0
[2022-12-19 08:52:47]          941          940          834          0
[2022-12-19 08:52:48]          941          940         1308          0
[2022-12-19 08:52:50]          941          940         1782          0
[2022-12-19 08:52:51]          941          940         2256          0
[2022-12-19 08:52:53]          941          940         2729          0
[2022-12-19 08:52:54]          941          940         3203          0
[2022-12-19 08:52:54] WR-BW(MiB/s) RD-BW(MiB/s)  TESTED(MiB)     ERRORS
[2022-12-19 08:52:56]          941          940         3677          0
[2022-12-19 08:52:57]          941          940           55          0
[2022-12-19 08:52:59]          941          940          529          0
[2022-12-19 08:53:00]          941          940         1003          0
[2022-12-19 08:53:01]          941          940         1476          0
[2022-12-19 08:53:03]          941          940         1950          0
[2022-12-19 08:53:04]          941          940         2424          0
[2022-12-19 08:53:06]          941          940         2898          0
[2022-12-19 08:53:06] WR-BW(MiB/s) RD-BW(MiB/s)  TESTED(MiB)     ERRORS
[2022-12-19 08:53:07]          940          940         3372          0
[2022-12-19 08:53:09]          941          940         3846          0
[2022-12-19 08:53:10]          941          940          223          0
[2022-12-19 08:53:12]          941          940          697          0
[2022-12-19 08:53:13]          941          940         1171          0
[2022-12-19 08:53:15]          941          940         1645          0
[2022-12-19 08:53:16]          941          940         2119          0
[2022-12-19 08:53:17]          941          940         2593          0
[2022-12-19 08:53:17] WR-BW(MiB/s) RD-BW(MiB/s)  TESTED(MiB)     ERRORS
[2022-12-19 08:53:19]          941          940         3066          0
[2022-12-19 08:53:20]          941          940         3540          0
[2022-12-19 08:53:22]          941          940         4014          0
[2022-12-19 08:53:23]          941          940          392          0
[2022-12-19 08:53:25]          941          940          866          0
[2022-12-19 08:53:26]          941          940         1340          0
[2022-12-19 08:53:28]          941          940         1813          0
[2022-12-19 08:53:29]          941          940         2287          0
[2022-12-19 08:53:29] WR-BW(MiB/s) RD-BW(MiB/s)  TESTED(MiB)     ERRORS
[2022-12-19 08:53:30]          940          940         2761          0
[2022-12-19 08:53:32]          941          940         3235          0
[2022-12-19 08:53:33]          941          940         3709          0
[2022-12-19 08:53:35]          941          940           87          0
[2022-12-19 08:53:36]          941          940          560          0
[2022-12-19 08:53:38]          941          940         1034          0
[2022-12-19 08:53:39]          941          940         1508          0
[2022-12-19 08:53:41]          941          940         1982          0
[2022-12-19 08:53:41] WR-BW(MiB/s) RD-BW(MiB/s)  TESTED(MiB)     ERRORS
[2022-12-19 08:53:42]          940          940         2456          0
[2022-12-19 08:53:44]          941          940         2930          0
[2022-12-19 08:53:45]          941          940         3403          0
[2022-12-19 08:53:46]          941          940         3877          0
[2022-12-19 08:53:48]          941          940          255          0
[2022-12-19 08:53:49]          941          940          729          0
[2022-12-19 08:53:51]          941          940         1203          0
[2022-12-19 08:53:52]          941          940         1677          0
[2022-12-19 08:53:52] WR-BW(MiB/s) RD-BW(MiB/s)  TESTED(MiB)     ERRORS
[2022-12-19 08:53:54]          941          940         2150          0
[2022-12-19 08:53:55]          941          940         2624          0
[2022-12-19 08:53:57]          941          940         3098          0
[2022-12-19 08:53:58]          941          940         3572          0
[2022-12-19 08:54:00]          941          940         4046          0
[2022-12-19 08:54:01]          941          940          424          0
[2022-12-19 08:54:02]          941          940          897          0
[2022-12-19 08:54:04]          941          940         1371          0
[2022-12-19 08:54:04] WR-BW(MiB/s) RD-BW(MiB/s)  TESTED(MiB)     ERRORS
[2022-12-19 08:54:05]          940          940         1845          0
[2022-12-19 08:54:07]          941          940         2319          0
[2022-12-19 08:54:08]          941          940         2793          0
[2022-12-19 08:54:10]          941          940         3267          0
[2022-12-19 08:54:11]          941          940         3740          0
[2022-12-19 08:54:13]          941          940          118          0
[2022-12-19 08:54:14]          941          940          592          0
[2022-12-19 08:54:15]          941          940         1066          0
[2022-12-19 08:54:15] WR-BW(MiB/s) RD-BW(MiB/s)  TESTED(MiB)     ERRORS
[2022-12-19 08:54:17]          940          940         1540          0
[2022-12-19 08:54:18]          941          940         2014          0
[2022-12-19 08:54:20]          941          940         2487          0
[2022-12-19 08:54:21]          941          940         2961          0
[2022-12-19 08:54:23]          941          940         3435          0
[2022-12-19 08:54:24]          941          940         3909          0
[2022-12-19 08:54:26]          941          940          287          0
[2022-12-19 08:54:27]          941          940          761          0
[2022-12-19 08:54:27] WR-BW(MiB/s) RD-BW(MiB/s)  TESTED(MiB)     ERRORS
[2022-12-19 08:54:29]          941          940         1234          0
[2022-12-19 08:54:30]          941          940         1708          0
[2022-12-19 08:54:31]          941          940         2182          0
[2022-12-19 08:54:33]          941          940         2656          0
[2022-12-19 08:54:34]          941          940         3130          0
[2022-12-19 08:54:36]          941          940         3604          0
[2022-12-19 08:54:37]          941          940         4077          0
[2022-12-19 08:54:39]          941          940          455          0
[2022-12-19 08:54:39] WR-BW(MiB/s) RD-BW(MiB/s)  TESTED(MiB)     ERRORS
[2022-12-19 08:54:40]          940          940          929          0
[2022-12-19 08:54:42]          941          940         1403          0
[2022-12-19 08:54:43]          941          940         1877          0
[2022-12-19 08:54:45]          941          940         2351          0
[2022-12-19 08:54:46]          941          940         2825          0
[2022-12-19 08:54:47]          941          940         3298          0
[2022-12-19 08:54:49]          941          940         3772          0
[2022-12-19 08:54:50]          941          940          150          0
[2022-12-19 08:54:50] WR-BW(MiB/s) RD-BW(MiB/s)  TESTED(MiB)     ERRORS
[2022-12-19 08:54:52]          940          940          624          0
[2022-12-19 08:54:53]          941          940         1098          0
[2022-12-19 08:54:55]          941          940         1572          0
[2022-12-19 08:54:56]          941          940         2045          0
[2022-12-19 08:54:58]          941          940         2519          0
[2022-12-19 08:54:59]          941          940         2993          0
[2022-12-19 08:55:00]          941          940         3467          0
[2022-12-19 08:55:02]          941          940         3941          0
[2022-12-19 08:55:02] WR-BW(MiB/s) RD-BW(MiB/s)  TESTED(MiB)     ERRORS
[2022-12-19 08:55:03]          941          940          319          0
[2022-12-19 08:55:05]          941          940          792          0
[2022-12-19 08:55:06]          941          940         1266          0
[2022-12-19 08:55:08]          941          940         1740          0
[2022-12-19 08:55:09]          941          940         2214          0
[2022-12-19 08:55:11]          941          940         2688          0
[2022-12-19 08:55:12]          941          940         3162          0
[2022-12-19 08:55:14]          941          940         3635          0
[2022-12-19 08:55:14] WR-BW(MiB/s) RD-BW(MiB/s)  TESTED(MiB)     ERRORS
[2022-12-19 08:55:15]          940          940           13          0
[2022-12-19 08:55:16]          941          940          487          0
[2022-12-19 08:55:18]          941          940          961          0
[2022-12-19 08:55:19]          941          940         1435          0
[2022-12-19 08:55:21]          941          940         1909          0
[2022-12-19 08:55:22]          941          940         2382          0
[2022-12-19 08:55:24]          941          940         2856          0
[2022-12-19 08:55:25]          941          940         3330          0
[2022-12-19 08:55:25] WR-BW(MiB/s) RD-BW(MiB/s)  TESTED(MiB)     ERRORS
[2022-12-19 08:55:27]          941          940         3804          0
[2022-12-19 08:55:28]          941          940          182          0
[2022-12-19 08:55:29]          941          940          656          0
[2022-12-19 08:55:31]          941          940         1129          0
[2022-12-19 08:55:32]          941          940         1603          0
[2022-12-19 08:55:34]          941          940         2077          0
[2022-12-19 08:55:35]          941          940         2551          0
[2022-12-19 08:55:37]          941          940         3025          0
[2022-12-19 08:55:37] WR-BW(MiB/s) RD-BW(MiB/s)  TESTED(MiB)     ERRORS
[2022-12-19 08:55:38]          941          940         3499          0
[2022-12-19 08:55:40]          941          940         3972          0
[2022-12-19 08:55:41]          941          940          350          0
[2022-12-19 08:55:43]          941          940          824          0
[2022-12-19 08:55:44]          941          940         1298          0
[2022-12-19 08:55:45]          941          940         1772          0
[2022-12-19 08:55:47]          941          940         2246          0
[2022-12-19 08:55:48]          941          940         2719          0
[2022-12-19 08:55:48] WR-BW(MiB/s) RD-BW(MiB/s)  TESTED(MiB)     ERRORS
[2022-12-19 08:55:50]          940          940         3193          0
[2022-12-19 08:55:51]          941          940         3667          0
[2022-12-19 08:55:53]          941          940           45          0
[2022-12-19 08:55:54]          941          940          519          0
[2022-12-19 08:55:56]          941          940          993          0
[2022-12-19 08:55:57]          941          940         1466          0
[2022-12-19 08:55:59]          941          940         1940          0
[2022-12-19 08:56:00]          941          940         2414          0
[2022-12-19 08:56:00] WR-BW(MiB/s) RD-BW(MiB/s)  TESTED(MiB)     ERRORS
[2022-12-19 08:56:01]          941          940         2888          0
[2022-12-19 08:56:03]          941          940         3362          0
[2022-12-19 08:56:04]          941          940         3836          0
[2022-12-19 08:56:06]          941          940          213          0
[2022-12-19 08:56:07]          941          940          687          0
[2022-12-19 08:56:09]          941          940         1161          0
[2022-12-19 08:56:10]          941          940         1635          0
[2022-12-19 08:56:12]          941          940         2109          0
[2022-12-19 08:56:12] WR-BW(MiB/s) RD-BW(MiB/s)  TESTED(MiB)     ERRORS
[2022-12-19 08:56:13]          941          940         2583          0
[2022-12-19 08:56:14]          941          940         3056          0
[2022-12-19 08:56:16]          941          940         3530          0
[2022-12-19 08:56:17]          941          940         4004          0
[2022-12-19 08:56:19]          941          940          382          0
[2022-12-19 08:56:20]          941          940          856          0
[2022-12-19 08:56:22]          941          940         1330          0
[2022-12-19 08:56:23]          941          940         1803          0
[2022-12-19 08:56:23] WR-BW(MiB/s) RD-BW(MiB/s)  TESTED(MiB)     ERRORS
[2022-12-19 08:56:25]          940          940         2277          0
[2022-12-19 08:56:26]          941          940         2751          0
[2022-12-19 08:56:28]          941          940         3225          0
[2022-12-19 08:56:29]          941          940         3699          0
[2022-12-19 08:56:30]          941          940           77          0
[2022-12-19 08:56:32]          941          940          550          0
[2022-12-19 08:56:33]          941          940         1024          0
[2022-12-19 08:56:35]          941          940         1498          0
[2022-12-19 08:56:35] WR-BW(MiB/s) RD-BW(MiB/s)  TESTED(MiB)     ERRORS
[2022-12-19 08:56:36]          940          940         1972          0
[2022-12-19 08:56:38]          941          940         2446          0
[2022-12-19 08:56:39]          941          940         2920          0
[2022-12-19 08:56:41]          941          940         3393          0
[2022-12-19 08:56:42]          941          940         3867          0
[2022-12-19 08:56:44]          941          940          245          0
[2022-12-19 08:56:45]          941          940          719          0
[2022-12-19 08:56:46]          941          940         1193          0
[2022-12-19 08:56:46] WR-BW(MiB/s) RD-BW(MiB/s)  TESTED(MiB)     ERRORS
[2022-12-19 08:56:48]          941          940         1667          0
[2022-12-19 08:56:49]          941          940         2141          0
[2022-12-19 08:56:51]          941          940         2614          0
[2022-12-19 08:56:52]          941          940         3088          0
[2022-12-19 08:56:54]          941          940         3562          0
[2022-12-19 08:56:55]          941          940         4036          0
[2022-12-19 08:56:57]          941          940          414          0
[2022-12-19 08:56:58]          941          940          888          0
[2022-12-19 08:56:58] WR-BW(MiB/s) RD-BW(MiB/s)  TESTED(MiB)     ERRORS
[2022-12-19 08:56:59]          940          940         1361          0
[2022-12-19 08:57:01]          941          940         1835          0
[2022-12-19 08:57:02]          941          940         2309          0
[2022-12-19 08:57:04]          941          940         2783          0
[2022-12-19 08:57:05]          941          940         3257          0
[2022-12-19 08:57:07]          941          940         3731          0
[2022-12-19 08:57:08]          941          940          108          0
[2022-12-19 08:57:10]          941          940          582          0
[2022-12-19 08:57:10] WR-BW(MiB/s) RD-BW(MiB/s)  TESTED(MiB)     ERRORS
[2022-12-19 08:57:11]          941          940         1056          0
[2022-12-19 08:57:13]          941          940         1530          0
[2022-12-19 08:57:14]          941          940         2004          0
[2022-12-19 08:57:15]          941          940         2478          0
[2022-12-19 08:57:17]          941          940         2951          0
[2022-12-19 08:57:18]          941          940         3425          0
[2022-12-19 08:57:20]          941          940         3899          0
[2022-12-19 08:57:21]          941          940          277          0
[2022-12-19 08:57:21] WR-BW(MiB/s) RD-BW(MiB/s)  TESTED(MiB)     ERRORS
[2022-12-19 08:57:23]          941          940          751          0
[2022-12-19 08:57:24]          941          940         1225          0
[2022-12-19 08:57:26]          941          940         1698          0
[2022-12-19 08:57:27]          941          940         2172          0
[2022-12-19 08:57:29]          941          940         2646          0
[2022-12-19 08:57:30]          941          940         3120          0
[2022-12-19 08:57:31]          941          940         3594          0
[2022-12-19 08:57:33]          941          940         4068          0
[2022-12-19 08:57:33] WR-BW(MiB/s) RD-BW(MiB/s)  TESTED(MiB)     ERRORS
[2022-12-19 08:57:34]          941          940          445          0
[2022-12-19 08:57:36]          941          940          919          0
[2022-12-19 08:57:37]          941          940         1393          0
[2022-12-19 08:57:39]          941          940         1867          0
[2022-12-19 08:57:40]          941          940         2341          0
[2022-12-19 08:57:42]          941          940         2815          0
[2022-12-19 08:57:43]          941          940         3288          0
[2022-12-19 08:57:44]          941          940         3762          0
[2022-12-19 08:57:44] WR-BW(MiB/s) RD-BW(MiB/s)  TESTED(MiB)     ERRORS
[2022-12-19 08:57:46]          941          940          140          0
[2022-12-19 08:57:47]          941          940          614          0
[2022-12-19 08:57:49]          941          940         1088          0
[2022-12-19 08:57:50]          941          940         1562          0
[2022-12-19 08:57:52]          941          940         2035          0
[2022-12-19 08:57:53]          941          940         2509          0
[2022-12-19 08:57:55]          941          940         2983          0
[2022-12-19 08:57:56]          941          940         3457          0
[2022-12-19 08:57:56] WR-BW(MiB/s) RD-BW(MiB/s)  TESTED(MiB)     ERRORS
[2022-12-19 08:57:58]          940          940         3931          0
[2022-12-19 08:57:59]          941          940          309          0
[2022-12-19 08:58:00]          941          940          782          0
[2022-12-19 08:58:02]          941          940         1256          0
[2022-12-19 08:58:03]          941          940         1730          0
[2022-12-19 08:58:05]          941          940         2204          0
[2022-12-19 08:58:06]          941          940         2678          0
[2022-12-19 08:58:08]          941          940         3152          0
[2022-12-19 08:58:08] WR-BW(MiB/s) RD-BW(MiB/s)  TESTED(MiB)     ERRORS
[2022-12-19 08:58:09]          941          940         3625          0
[2022-12-19 08:58:11]          941          940            3          0
[2022-12-19 08:58:12]          941          940          477          0
[2022-12-19 08:58:14]          941          940          951          0
[2022-12-19 08:58:15]          941          940         1425          0
[2022-12-19 08:58:16]          941          940         1899          0
[2022-12-19 08:58:18]          941          940         2372          0
[2022-12-19 08:58:19]          941          940         2846          0
[2022-12-19 08:58:19] WR-BW(MiB/s) RD-BW(MiB/s)  TESTED(MiB)     ERRORS
[2022-12-19 08:58:21]          941          940         3320          0
[2022-12-19 08:58:22]          941          940         3794          0
[2022-12-19 08:58:24]          941          940          172          0
[2022-12-19 08:58:25]          941          940          646          0
[2022-12-19 08:58:27]          941          940         1119          0
[2022-12-19 08:58:28]          941          940         1593          0
[2022-12-19 08:58:29]          941          940         2067          0
[2022-12-19 08:58:31]          941          940         2541          0
[2022-12-19 08:58:31] WR-BW(MiB/s) RD-BW(MiB/s)  TESTED(MiB)     ERRORS
[2022-12-19 08:58:32]          940          940         3015          0
[2022-12-19 08:58:34]          941          940         3489          0
[2022-12-19 08:58:35]          941          940         3962          0
[2022-12-19 08:58:37]          941          940          340          0
[2022-12-19 08:58:38]          941          940          814          0
[2022-12-19 08:58:40]          941          940         1288          0
[2022-12-19 08:58:41]          941          940         1762          0
[2022-12-19 08:58:43]          941          940         2236          0
[2022-12-19 08:58:43] WR-BW(MiB/s) RD-BW(MiB/s)  TESTED(MiB)     ERRORS
[2022-12-19 08:58:44]          941          940         2709          0
[2022-12-19 08:58:45]          941          940         3183          0
[2022-12-19 08:58:47]          941          940         3657          0
[2022-12-19 08:58:48]          941          940           35          0
[2022-12-19 08:58:50]          941          940          509          0
[2022-12-19 08:58:51]          941          940          983          0
[2022-12-19 08:58:53]          941          940         1457          0
[2022-12-19 08:58:54]          941          940         1930          0
[2022-12-19 08:58:54] WR-BW(MiB/s) RD-BW(MiB/s)  TESTED(MiB)     ERRORS
[2022-12-19 08:58:56]          941          940         2404          0
[2022-12-19 08:58:57]          941          940         2878          0
[2022-12-19 08:58:59]          941          940         3352          0
[2022-12-19 08:59:00]          941          940         3826          0
[2022-12-19 08:59:01]          941          940          204          0
[2022-12-19 08:59:03]          941          940          677          0
[2022-12-19 08:59:04]          941          940         1151          0
[2022-12-19 08:59:06]          941          940         1625          0
[2022-12-19 08:59:06] WR-BW(MiB/s) RD-BW(MiB/s)  TESTED(MiB)     ERRORS
[2022-12-19 08:59:07]          941          940         2099          0
[2022-12-19 08:59:09]          941          940         2573          0
[2022-12-19 08:59:10]          941          940         3047          0
[2022-12-19 08:59:12]          941          940         3520          0
[2022-12-19 08:59:13]          941          940         3994          0
[2022-12-19 08:59:14]          941          940          372          0
[2022-12-19 08:59:16]          941          940          846          0
[2022-12-19 08:59:17]          941          940         1320          0
[2022-12-19 08:59:17] WR-BW(MiB/s) RD-BW(MiB/s)  TESTED(MiB)     ERRORS
[2022-12-19 08:59:19]          941          940         1794          0
[2022-12-19 08:59:20]          941          940         2267          0
[2022-12-19 08:59:22]          941          940         2741          0
[2022-12-19 08:59:23]          941          940         3215          0
[2022-12-19 08:59:25]          941          940         3689          0
[2022-12-19 08:59:26]          941          940           67          0
[2022-12-19 08:59:28]          941          940          541          0
[2022-12-19 08:59:29]          941          940         1014          0
[2022-12-19 08:59:29] WR-BW(MiB/s) RD-BW(MiB/s)  TESTED(MiB)     ERRORS
[2022-12-19 08:59:30]          940          940         1488          0
[2022-12-19 08:59:32]          941          940         1962          0
[2022-12-19 08:59:33]          941          940         2436          0
[2022-12-19 08:59:35]          941          940         2910          0
[2022-12-19 08:59:36]          941          940         3384          0
[2022-12-19 08:59:38]          941          940         3857          0
[2022-12-19 08:59:39]          941          940          235          0
[2022-12-19 08:59:41]          941          940          709          0
[2022-12-19 08:59:41] WR-BW(MiB/s) RD-BW(MiB/s)  TESTED(MiB)     ERRORS
[2022-12-19 08:59:42]          941          940         1183          0
[2022-12-19 08:59:44]          941          940         1657          0
[2022-12-19 08:59:45]          941          940         2131          0
[2022-12-19 08:59:46]          941          940         2604          0
[2022-12-19 08:59:48]          941          940         3078          0
[2022-12-19 08:59:49]          941          940         3552          0
[2022-12-19 08:59:51]          941          940         4026          0
[2022-12-19 08:59:52]          941          940          404          0
[2022-12-19 08:59:52] WR-BW(MiB/s) RD-BW(MiB/s)  TESTED(MiB)     ERRORS
[2022-12-19 08:59:54]          941          940          878          0
[2022-12-19 08:59:55]          941          940         1351          0
[2022-12-19 08:59:57]          941          940         1825          0
[2022-12-19 08:59:58]          941          940         2299          0
[2022-12-19 08:59:59]          941          940         2773          0
[2022-12-19 09:00:01]          941          940         3247          0
[2022-12-19 09:00:02]          941          940         3721          0
[2022-12-19 09:00:04]          941          940           98          0
[2022-12-19 09:00:04] WR-BW(MiB/s) RD-BW(MiB/s)  TESTED(MiB)     ERRORS
[2022-12-19 09:00:05]          941          940          572          0
[2022-12-19 09:00:07]          941          940         1046          0
[2022-12-19 09:00:08]          941          940         1520          0
[2022-12-19 09:00:10]          941          940         1994          0
[2022-12-19 09:00:11]          941          940         2468          0
[2022-12-19 09:00:13]          941          940         2941          0
[2022-12-19 09:00:14]          941          940         3415          0
[2022-12-19 09:00:15]          941          940         3889          0
[2022-12-19 09:00:15] WR-BW(MiB/s) RD-BW(MiB/s)  TESTED(MiB)     ERRORS
[2022-12-19 09:00:17]          941          940          267          0
[2022-12-19 09:00:18]          941          940          741          0
[2022-12-19 09:00:20]          941          940         1215          0
[2022-12-19 09:00:21]          941          940         1688          0
[2022-12-19 09:00:23]          941          940         2162          0
[2022-12-19 09:00:24]          941          940         2636          0
[2022-12-19 09:00:26]          941          940         3110          0
[2022-12-19 09:00:27]          941          940         3584          0
[2022-12-19 09:00:27] WR-BW(MiB/s) RD-BW(MiB/s)  TESTED(MiB)     ERRORS
[2022-12-19 09:00:28]          940          940         4058          0
[2022-12-19 09:00:30]          941          940          435          0
[2022-12-19 09:00:31]          941          940          909          0
[2022-12-19 09:00:33]          941          940         1383          0
[2022-12-19 09:00:34]          941          940         1857          0
[2022-12-19 09:00:36]          941          940         2331          0
[2022-12-19 09:00:37]          941          940         2805          0
[2022-12-19 09:00:39]          941          940         3278          0
[2022-12-19 09:00:39] WR-BW(MiB/s) RD-BW(MiB/s)  TESTED(MiB)     ERRORS
[2022-12-19 09:00:40]          941          940         3752          0
[2022-12-19 09:00:42]          941          940          130          0
[2022-12-19 09:00:43]          941          940          604          0
[2022-12-19 09:00:44]          941          940         1078          0
[2022-12-19 09:00:46]          941          940         1552          0
[2022-12-19 09:00:47]          941          940         2025          0
[2022-12-19 09:00:49]          941          940         2499          0
[2022-12-19 09:00:50]          941          940         2973          0
[2022-12-19 09:00:50] WR-BW(MiB/s) RD-BW(MiB/s)  TESTED(MiB)     ERRORS
[2022-12-19 09:00:52]          940          940         3447          0
[2022-12-19 09:00:53]          941          940         3921          0
[2022-12-19 09:00:55]          941          940          299          0
[2022-12-19 09:00:56]          941          940          772          0
[2022-12-19 09:00:58]          941          940         1246          0
[2022-12-19 09:00:59]          941          940         1720          0
[2022-12-19 09:01:00]          941          940         2194          0
[2022-12-19 09:01:02]          941          940         2668          0
[2022-12-19 09:01:02] WR-BW(MiB/s) RD-BW(MiB/s)  TESTED(MiB)     ERRORS
[2022-12-19 09:01:03]          940          940         3142          0
[2022-12-19 09:01:05]          941          940         3615          0
[2022-12-19 09:01:06]          941          940         4089          0
[2022-12-19 09:01:08]          941          940          467          0
[2022-12-19 09:01:09]          941          940          941          0
[2022-12-19 09:01:11]          941          940         1415          0
[2022-12-19 09:01:12]          941          940         1889          0
[2022-12-19 09:01:13]          941          940         2363          0
[2022-12-19 09:01:13] WR-BW(MiB/s) RD-BW(MiB/s)  TESTED(MiB)     ERRORS
[2022-12-19 09:01:15]          940          940         2836          0
[2022-12-19 09:01:16]          941          940         3310          0
[2022-12-19 09:01:18]          941          940         3784          0
[2022-12-19 09:01:19]          941          940          162          0
[2022-12-19 09:01:21]          941          940          636          0
[2022-12-19 09:01:22]          941          940         1110          0
[2022-12-19 09:01:24]          941          940         1583          0
[2022-12-19 09:01:25]          941          940         2057          0
[2022-12-19 09:01:25] WR-BW(MiB/s) RD-BW(MiB/s)  TESTED(MiB)     ERRORS
[2022-12-19 09:01:27]          940          940         2531          0
[2022-12-19 09:01:28]          941          940         3005          0
[2022-12-19 09:01:29]          941          940         3479          0
[2022-12-19 09:01:31]          941          940         3953          0
[2022-12-19 09:01:32]          941          940          330          0
[2022-12-19 09:01:34]          941          940          804          0
[2022-12-19 09:01:35]          941          940         1278          0
[2022-12-19 09:01:37]          941          940         1752          0
[2022-12-19 09:01:37] WR-BW(MiB/s) RD-BW(MiB/s)  TESTED(MiB)     ERRORS
[2022-12-19 09:01:38]          941          940         2226          0
[2022-12-19 09:01:40]          941          940         2700          0
[2022-12-19 09:01:41]          941          940         3173          0
[2022-12-19 09:01:43]          941          940         3647          0
[2022-12-19 09:01:44]          941          940           25          0
[2022-12-19 09:01:45]          941          940          499          0
[2022-12-19 09:01:47]          941          940          973          0
[2022-12-19 09:01:48]          941          940         1447          0
[2022-12-19 09:01:48] WR-BW(MiB/s) RD-BW(MiB/s)  TESTED(MiB)     ERRORS
[2022-12-19 09:01:50]          940          940         1920          0
[2022-12-19 09:01:51]          941          940         2394          0
[2022-12-19 09:01:53]          941          940         2868          0
[2022-12-19 09:01:54]          941          940         3342          0
[2022-12-19 09:01:56]          941          940         3816          0
[2022-12-19 09:01:57]          941          940          194          0
[2022-12-19 09:01:58]          941          940          667          0
[2022-12-19 09:02:00]          941          940         1141          0
[2022-12-19 09:02:00] WR-BW(MiB/s) RD-BW(MiB/s)  TESTED(MiB)     ERRORS
[2022-12-19 09:02:01]          940          940         1615          0
[2022-12-19 09:02:03]          941          940         2089          0
[2022-12-19 09:02:04]          941          940         2563          0
[2022-12-19 09:02:06]          941          940         3037          0
[2022-12-19 09:02:07]          941          940         3510          0
[2022-12-19 09:02:09]          941          940         3984          0
[2022-12-19 09:02:10]          941          940          362          0
[2022-12-19 09:02:12]          941          940          836          0
[2022-12-19 09:02:12] WR-BW(MiB/s) RD-BW(MiB/s)  TESTED(MiB)     ERRORS
[2022-12-19 09:02:13]          941          940         1310          0
[2022-12-19 09:02:14]          941          940         1784          0
[2022-12-19 09:02:16]          941          940         2257          0
[2022-12-19 09:02:17]          941          940         2731          0
[2022-12-19 09:02:19]          941          940         3205          0
[2022-12-19 09:02:20]          941          940         3679          0
[2022-12-19 09:02:22]          941          940           57          0
[2022-12-19 09:02:23]          941          940          531          0
[2022-12-19 09:02:23] WR-BW(MiB/s) RD-BW(MiB/s)  TESTED(MiB)     ERRORS
[2022-12-19 09:02:25]          941          940         1004          0
[2022-12-19 09:02:26]          941          940         1478          0
[2022-12-19 09:02:28]          941          940         1952          0
[2022-12-19 09:02:29]          941          940         2426          0
[2022-12-19 09:02:30]          941          940         2900          0
[2022-12-19 09:02:32]          941          940         3374          0
[2022-12-19 09:02:33]          941          940         3847          0
[2022-12-19 09:02:35]          941          940          225          0
[2022-12-19 09:02:35] WR-BW(MiB/s) RD-BW(MiB/s)  TESTED(MiB)     ERRORS
[2022-12-19 09:02:36]          940          940          699          0
[2022-12-19 09:02:38]          941          940         1173          0
[2022-12-19 09:02:39]          941          940         1647          0
[2022-12-19 09:02:41]          941          940         2121          0
[2022-12-19 09:02:42]          941          940         2594          0
[2022-12-19 09:02:43]          941          940         3068          0
[2022-12-19 09:02:45]          941          940         3542          0
[2022-12-19 09:02:46]          941          940         4016          0
[2022-12-19 09:02:46] WR-BW(MiB/s) RD-BW(MiB/s)  TESTED(MiB)     ERRORS
[2022-12-19 09:02:48]          941          940          394          0
[2022-12-19 09:02:49]          941          940          868          0
[2022-12-19 09:02:51]          941          940         1341          0
[2022-12-19 09:02:52]          941          940         1815          0
[2022-12-19 09:02:54]          941          940         2289          0
[2022-12-19 09:02:55]          941          940         2763          0
[2022-12-19 09:02:57]          941          940         3237          0
[2022-12-19 09:02:58]          941          940         3711          0
[2022-12-19 09:02:58] WR-BW(MiB/s) RD-BW(MiB/s)  TESTED(MiB)     ERRORS
[2022-12-19 09:02:59]          940          940           88          0
[2022-12-19 09:03:01]          941          940          562          0
[2022-12-19 09:03:02]          941          940         1036          0
[2022-12-19 09:03:04]          941          940         1510          0
[2022-12-19 09:03:05]          941          940         1984          0
[2022-12-19 09:03:07]          941          940         2458          0
[2022-12-19 09:03:08]          941          940         2931          0
[2022-12-19 09:03:10]          941          940         3405          0
[2022-12-19 09:03:10] WR-BW(MiB/s) RD-BW(MiB/s)  TESTED(MiB)     ERRORS
[2022-12-19 09:03:11]          941          940         3879          0
[2022-12-19 09:03:13]          941          940          257          0
[2022-12-19 09:03:14]          941          940          731          0
[2022-12-19 09:03:15]          941          940         1205          0
[2022-12-19 09:03:17]          941          940         1678          0
[2022-12-19 09:03:18]          941          940         2152          0
[2022-12-19 09:03:20]          941          940         2626          0
[2022-12-19 09:03:21]          941          940         3100          0
[2022-12-19 09:03:21] WR-BW(MiB/s) RD-BW(MiB/s)  TESTED(MiB)     ERRORS
[2022-12-19 09:03:23]          941          940         3574          0
[2022-12-19 09:03:24]          941          940         4048          0
[2022-12-19 09:03:26]          941          940          425          0
[2022-12-19 09:03:27]          941          940          899          0
[2022-12-19 09:03:28]          941          940         1373          0
[2022-12-19 09:03:30]          941          940         1847          0
[2022-12-19 09:03:31]          941          940         2321          0
[2022-12-19 09:03:33]          941          940         2795          0
[2022-12-19 09:03:33] WR-BW(MiB/s) RD-BW(MiB/s)  TESTED(MiB)     ERRORS
[2022-12-19 09:03:34]          940          940         3268          0
[2022-12-19 09:03:36]          941          940         3742          0
[2022-12-19 09:03:37]          941          940          120          0
[2022-12-19 09:03:39]          941          940          594          0
[2022-12-19 09:03:40]          941          940         1068          0
[2022-12-19 09:03:42]          941          940         1542          0
[2022-12-19 09:03:43]          941          940         2016          0
[2022-12-19 09:03:44]          941          940         2489          0
[2022-12-19 09:03:44] WR-BW(MiB/s) RD-BW(MiB/s)  TESTED(MiB)     ERRORS
[2022-12-19 09:03:46]          940          940         2963          0
[2022-12-19 09:03:47]          941          940         3437          0
[2022-12-19 09:03:49]          941          940         3911          0
[2022-12-19 09:03:50]          941          940          289          0
[2022-12-19 09:03:52]          941          940          763          0
[2022-12-19 09:03:53]          941          940         1236          0
[2022-12-19 09:03:55]          941          940         1710          0
[2022-12-19 09:03:56]          941          940         2184          0
[2022-12-19 09:03:56] WR-BW(MiB/s) RD-BW(MiB/s)  TESTED(MiB)     ERRORS
[2022-12-19 09:03:58]          940          940         2658          0
[2022-12-19 09:03:59]          941          940         3132          0
[2022-12-19 09:04:00]          941          940         3606          0
[2022-12-19 09:04:02]          941          940         4079          0
[2022-12-19 09:04:03]          941          940          457          0
[2022-12-19 09:04:05]          941          940          931          0
[2022-12-19 09:04:06]          941          940         1405          0
[2022-12-19 09:04:08]          941          940         1879          0
[2022-12-19 09:04:08] WR-BW(MiB/s) RD-BW(MiB/s)  TESTED(MiB)     ERRORS
[2022-12-19 09:04:09]          940          940         2353          0
[2022-12-19 09:04:11]          941          940         2826          0
[2022-12-19 09:04:12]          941          940         3300          0
[2022-12-19 09:04:13]          941          940         3774          0
[2022-12-19 09:04:15]          941          940          152          0
[2022-12-19 09:04:16]          941          940          626          0
[2022-12-19 09:04:18]          941          940         1100          0
[2022-12-19 09:04:19]          941          940         1573          0
[2022-12-19 09:04:19] WR-BW(MiB/s) RD-BW(MiB/s)  TESTED(MiB)     ERRORS
[2022-12-19 09:04:21]          941          940         2047          0
[2022-12-19 09:04:22]          941          940         2521          0
[2022-12-19 09:04:24]          941          940         2995          0
[2022-12-19 09:04:25]          941          940         3469          0
[2022-12-19 09:04:27]          941          940         3943          0
[2022-12-19 09:04:28]          941          940          320          0
[2022-12-19 09:04:29]          941          940          794          0
[2022-12-19 09:04:31]          941          940         1268          0
[2022-12-19 09:04:31] WR-BW(MiB/s) RD-BW(MiB/s)  TESTED(MiB)     ERRORS
[2022-12-19 09:04:32]          940          940         1742          0
[2022-12-19 09:04:34]          941          940         2216          0
[2022-12-19 09:04:35]          941          940         2690          0
[2022-12-19 09:04:37]          941          940         3163          0
[2022-12-19 09:04:38]          941          940         3637          0
[2022-12-19 09:04:40]          941          940           15          0
[2022-12-19 09:04:41]          941          940          489          0
[2022-12-19 09:04:43]          941          940          963          0
[2022-12-19 09:04:43] WR-BW(MiB/s) RD-BW(MiB/s)  TESTED(MiB)     ERRORS
[2022-12-19 09:04:44]          941          940         1437          0
[2022-12-19 09:04:45]          941          940         1910          0
[2022-12-19 09:04:47]          941          940         2384          0
[2022-12-19 09:04:48]          941          940         2858          0
[2022-12-19 09:04:50]          941          940         3332          0
[2022-12-19 09:04:51]          941          940         3806          0
[2022-12-19 09:04:53]          941          940          184          0
[2022-12-19 09:04:54]          941          940          657          0
[2022-12-19 09:04:54] WR-BW(MiB/s) RD-BW(MiB/s)  TESTED(MiB)     ERRORS
[2022-12-19 09:04:56]          941          940         1131          0
[2022-12-19 09:04:57]          941          940         1605          0
[2022-12-19 09:04:58]          941          940         2079          0
[2022-12-19 09:05:00]          941          940         2553          0
[2022-12-19 09:05:01]          941          940         3027          0
[2022-12-19 09:05:03]          941          940         3500          0
[2022-12-19 09:05:04]          941          940         3974          0
[2022-12-19 09:05:06]          941          940          352          0
[2022-12-19 09:05:06] WR-BW(MiB/s) RD-BW(MiB/s)  TESTED(MiB)     ERRORS
[2022-12-19 09:05:07]          941          940          826          0
[2022-12-19 09:05:09]          941          940         1300          0
[2022-12-19 09:05:10]          941          940         1774          0
[2022-12-19 09:05:12]          941          940         2247          0
[2022-12-19 09:05:13]          941          940         2721          0
[2022-12-19 09:05:14]          941          940         3195          0
[2022-12-19 09:05:16]          941          940         3669          0
[2022-12-19 09:05:17]          941          940           47          0
[2022-12-19 09:05:17] WR-BW(MiB/s) RD-BW(MiB/s)  TESTED(MiB)     ERRORS
[2022-12-19 09:05:19]          941          940          521          0
[2022-12-19 09:05:20]          941          940          994          0
[2022-12-19 09:05:22]          941          940         1468          0
[2022-12-19 09:05:23]          941          940         1942          0
[2022-12-19 09:05:25]          941          940         2416          0
[2022-12-19 09:05:26]          941          940         2890          0
[2022-12-19 09:05:27]          941          940         3364          0
[2022-12-19 09:05:29]          941          940         3837          0
[2022-12-19 09:05:29] WR-BW(MiB/s) RD-BW(MiB/s)  TESTED(MiB)     ERRORS
[2022-12-19 09:05:30]          940          940          215          0
[2022-12-19 09:05:32]          941          940          689          0
[2022-12-19 09:05:33]          941          940         1163          0
[2022-12-19 09:05:35]          941          940         1637          0
[2022-12-19 09:05:36]          941          940         2111          0
[2022-12-19 09:05:38]          941          940         2584          0
[2022-12-19 09:05:39]          941          940         3058          0
[2022-12-19 09:05:41]          941          940         3532          0
[2022-12-19 09:05:41] WR-BW(MiB/s) RD-BW(MiB/s)  TESTED(MiB)     ERRORS
[2022-12-19 09:05:42]          941          940         4006          0
[2022-12-19 09:05:43]          941          940          384          0
[2022-12-19 09:05:45]          941          940          858          0
[2022-12-19 09:05:46]          941          940         1331          0
[2022-12-19 09:05:48]          941          940         1805          0
[2022-12-19 09:05:49]          941          940         2279          0
[2022-12-19 09:05:51]          941          940         2753          0
[2022-12-19 09:05:52]          941          940         3227          0
[2022-12-19 09:05:52] WR-BW(MiB/s) RD-BW(MiB/s)  TESTED(MiB)     ERRORS
[2022-12-19 09:05:54]          940          940         3701          0
[2022-12-19 09:05:55]          941          940           79          0
[2022-12-19 09:05:57]          941          940          552          0
[2022-12-19 09:05:58]          941          940         1026          0
[2022-12-19 09:05:59]          941          940         1500          0
[2022-12-19 09:06:01]          941          940         1974          0
[2022-12-19 09:06:02]          941          940         2448          0
[2022-12-19 09:06:04]          941          940         2922          0
[2022-12-19 09:06:04] WR-BW(MiB/s) RD-BW(MiB/s)  TESTED(MiB)     ERRORS
[2022-12-19 09:06:05]          940          940         3395          0
[2022-12-19 09:06:07]          941          940         3869          0
[2022-12-19 09:06:08]          941          940          247          0
[2022-12-19 09:06:10]          941          940          721          0
[2022-12-19 09:06:11]          941          940         1195          0
[2022-12-19 09:06:12]          941          940         1669          0
[2022-12-19 09:06:14]          941          940         2142          0
[2022-12-19 09:06:15]          941          940         2616          0
[2022-12-19 09:06:15] WR-BW(MiB/s) RD-BW(MiB/s)  TESTED(MiB)     ERRORS
[2022-12-19 09:06:17]          940          940         3090          0
[2022-12-19 09:06:18]          941          940         3564          0
[2022-12-19 09:06:20]          941          940         4038          0
[2022-12-19 09:06:21]          941          940          416          0
[2022-12-19 09:06:23]          941          940          889          0
[2022-12-19 09:06:24]          941          940         1363          0
[2022-12-19 09:06:26]          941          940         1837          0
[2022-12-19 09:06:27]          941          940         2311          0
[2022-12-19 09:06:27] WR-BW(MiB/s) RD-BW(MiB/s)  TESTED(MiB)     ERRORS
[2022-12-19 09:06:28]          941          940         2785          0
[2022-12-19 09:06:30]          941          940         3259          0
[2022-12-19 09:06:31]          941          940         3732          0
[2022-12-19 09:06:33]          941          940          110          0
[2022-12-19 09:06:34]          941          940          584          0
[2022-12-19 09:06:36]          941          940         1058          0
[2022-12-19 09:06:37]          941          940         1532          0
[2022-12-19 09:06:39]          941          940         2006          0
[2022-12-19 09:06:39] WR-BW(MiB/s) RD-BW(MiB/s)  TESTED(MiB)     ERRORS
[2022-12-19 09:06:40]          940          940         2479          0
[2022-12-19 09:06:42]          941          940         2953          0
[2022-12-19 09:06:43]          941          940         3427          0
[2022-12-19 09:06:44]          941          940         3901          0
[2022-12-19 09:06:46]          941          940          279          0
[2022-12-19 09:06:47]          941          940          753          0
[2022-12-19 09:06:49]          941          940         1226          0
[2022-12-19 09:06:50]          941          940         1700          0
[2022-12-19 09:06:50] WR-BW(MiB/s) RD-BW(MiB/s)  TESTED(MiB)     ERRORS
[2022-12-19 09:06:52]          941          940         2174          0
[2022-12-19 09:06:53]          941          940         2648          0
[2022-12-19 09:06:55]          941          940         3122          0
[2022-12-19 09:06:56]          941          940         3596          0
[2022-12-19 09:06:57]          941          940         4069          0
[2022-12-19 09:06:59]          941          940          447          0
[2022-12-19 09:07:00]          941          940          921          0
[2022-12-19 09:07:02]          941          940         1395          0
[2022-12-19 09:07:02] WR-BW(MiB/s) RD-BW(MiB/s)  TESTED(MiB)     ERRORS
[2022-12-19 09:07:03]          940          940         1869          0
[2022-12-19 09:07:05]          941          940         2343          0
[2022-12-19 09:07:06]          941          940         2816          0
[2022-12-19 09:07:08]          941          940         3290          0
[2022-12-19 09:07:09]          941          940         3764          0
[2022-12-19 09:07:11]          941          940          142          0
[2022-12-19 09:07:12]          941          940          616          0
[2022-12-19 09:07:13]          941          940         1090          0
[2022-12-19 09:07:13] WR-BW(MiB/s) RD-BW(MiB/s)  TESTED(MiB)     ERRORS
[2022-12-19 09:07:15]          941          940         1563          0
[2022-12-19 09:07:16]          941          940         2037          0
[2022-12-19 09:07:18]          941          940         2511          0
[2022-12-19 09:07:19]          941          940         2985          0
[2022-12-19 09:07:21]          941          940         3459          0
[2022-12-19 09:07:22]          941          940         3933          0
[2022-12-19 09:07:24]          941          940          310          0
[2022-12-19 09:07:25]          941          940          784          0
[2022-12-19 09:07:25] WR-BW(MiB/s) RD-BW(MiB/s)  TESTED(MiB)     ERRORS
[2022-12-19 09:07:27]          941          940         1258          0
[2022-12-19 09:07:28]          941          940         1732          0
[2022-12-19 09:07:29]          941          940         2206          0
[2022-12-19 09:07:31]          941          940         2680          0
[2022-12-19 09:07:32]          941          940         3153          0
[2022-12-19 09:07:34]          941          940         3627          0
[2022-12-19 09:07:35]          941          940            5          0
[2022-12-19 09:07:37]          941          940          479          0
[2022-12-19 09:07:37] WR-BW(MiB/s) RD-BW(MiB/s)  TESTED(MiB)     ERRORS
[2022-12-19 09:07:38]          941          940          953          0
[2022-12-19 09:07:40]          941          940         1427          0
[2022-12-19 09:07:41]          941          940         1900          0
[2022-12-19 09:07:42]          941          940         2374          0
[2022-12-19 09:07:44]          941          940         2848          0
[2022-12-19 09:07:45]          941          940         3322          0
[2022-12-19 09:07:47]          941          940         3796          0
[2022-12-19 09:07:48]          941          940          174          0
[2022-12-19 09:07:48] WR-BW(MiB/s) RD-BW(MiB/s)  TESTED(MiB)     ERRORS
[2022-12-19 09:07:50]          941          940          647          0
[2022-12-19 09:07:51]          941          940         1121          0
[2022-12-19 09:07:53]          941          940         1595          0
[2022-12-19 09:07:54]          941          940         2069          0
[2022-12-19 09:07:56]          941          940         2543          0
[2022-12-19 09:07:57]          941          940         3017          0
[2022-12-19 09:07:58]          941          940         3490          0
[2022-12-19 09:08:00]          941          940         3964          0
[2022-12-19 09:08:00] WR-BW(MiB/s) RD-BW(MiB/s)  TESTED(MiB)     ERRORS
[2022-12-19 09:08:01]          941          940          342          0
[2022-12-19 09:08:03]          941          940          816          0
[2022-12-19 09:08:04]          941          940         1290          0
[2022-12-19 09:08:06]          941          940         1764          0
[2022-12-19 09:08:07]          941          940         2238          0
[2022-12-19 09:08:09]          941          940         2711          0
[2022-12-19 09:08:10]          941          940         3185          0
[2022-12-19 09:08:12]          941          940         3659          0
[2022-12-19 09:08:12] WR-BW(MiB/s) RD-BW(MiB/s)  TESTED(MiB)     ERRORS
[2022-12-19 09:08:13]          940          940           37          0
[2022-12-19 09:08:14]          941          940          511          0
[2022-12-19 09:08:16]          941          940          985          0
[2022-12-19 09:08:17]          941          940         1458          0
[2022-12-19 09:08:19]          941          940         1932          0
[2022-12-19 09:08:20]          941          940         2406          0
[2022-12-19 09:08:22]          941          940         2880          0
[2022-12-19 09:08:23]          941          940         3354          0
[2022-12-19 09:08:23] WR-BW(MiB/s) RD-BW(MiB/s)  TESTED(MiB)     ERRORS
[2022-12-19 09:08:25]          940          940         3828          0
[2022-12-19 09:08:26]          941          940          205          0
[2022-12-19 09:08:27]          941          940          679          0
[2022-12-19 09:08:29]          941          940         1153          0
[2022-12-19 09:08:30]          941          940         1627          0
[2022-12-19 09:08:32]          941          940         2101          0
[2022-12-19 09:08:33]          941          940         2575          0
[2022-12-19 09:08:35]          941          940         3048          0
[2022-12-19 09:08:35] WR-BW(MiB/s) RD-BW(MiB/s)  TESTED(MiB)     ERRORS
[2022-12-19 09:08:36]          941          940         3522          0
[2022-12-19 09:08:38]          941          940         3996          0
[2022-12-19 09:08:39]          941          940          374          0
[2022-12-19 09:08:41]          941          940          848          0
[2022-12-19 09:08:42]          941          940         1322          0
[2022-12-19 09:08:43]          941          940         1795          0
[2022-12-19 09:08:45]          941          940         2269          0
[2022-12-19 09:08:46]          941          940         2743          0
[2022-12-19 09:08:46] WR-BW(MiB/s) RD-BW(MiB/s)  TESTED(MiB)     ERRORS
[2022-12-19 09:08:48]          941          940         3217          0
[2022-12-19 09:08:49]          941          940         3691          0
[2022-12-19 09:08:51]          941          940           69          0
[2022-12-19 09:08:52]          941          940          542          0
[2022-12-19 09:08:54]          941          940         1016          0
[2022-12-19 09:08:55]          941          940         1490          0
[2022-12-19 09:08:57]          941          940         1964          0
[2022-12-19 09:08:58]          941          940         2438          0
[2022-12-19 09:08:58] WR-BW(MiB/s) RD-BW(MiB/s)  TESTED(MiB)     ERRORS
[2022-12-19 09:08:59]          941          940         2912          0
[2022-12-19 09:09:01]          941          940         3385          0
[2022-12-19 09:09:02]          941          940         3859          0
[2022-12-19 09:09:04]          941          940          237          0
[2022-12-19 09:09:05]          941          940          711          0
[2022-12-19 09:09:07]          941          940         1185          0
[2022-12-19 09:09:08]          941          940         1659          0
[2022-12-19 09:09:10]          941          940         2132          0
[2022-12-19 09:09:10] WR-BW(MiB/s) RD-BW(MiB/s)  TESTED(MiB)     ERRORS
[2022-12-19 09:09:11]          940          940         2606          0
[2022-12-19 09:09:12]          941          940         3080          0
[2022-12-19 09:09:14]          941          940         3554          0
[2022-12-19 09:09:15]          941          940         4028          0
[2022-12-19 09:09:17]          941          940          406          0
[2022-12-19 09:09:18]          941          940          879          0
[2022-12-19 09:09:20]          941          940         1353          0
[2022-12-19 09:09:21]          941          940         1827          0
[2022-12-19 09:09:21] WR-BW(MiB/s) RD-BW(MiB/s)  TESTED(MiB)     ERRORS
[2022-12-19 09:09:23]          941          940         2301          0
[2022-12-19 09:09:24]          941          940         2775          0
[2022-12-19 09:09:26]          941          940         3249          0
[2022-12-19 09:09:27]          941          940         3722          0
[2022-12-19 09:09:28]          941          940          100          0
[2022-12-19 09:09:30]          941          940          574          0
[2022-12-19 09:09:31]          941          940         1048          0
[2022-12-19 09:09:33]          941          940         1522          0
[2022-12-19 09:09:33] WR-BW(MiB/s) RD-BW(MiB/s)  TESTED(MiB)     ERRORS
[2022-12-19 09:09:34]          940          940         1996          0
[2022-12-19 09:09:36]          941          940         2469          0
[2022-12-19 09:09:37]          941          940         2943          0
[2022-12-19 09:09:39]          941          940         3417          0
[2022-12-19 09:09:40]          941          940         3891          0
[2022-12-19 09:09:42]          941          940          269          0
[2022-12-19 09:09:43]          941          940          743          0
[2022-12-19 09:09:44]          941          940         1216          0
[2022-12-19 09:09:44] WR-BW(MiB/s) RD-BW(MiB/s)  TESTED(MiB)     ERRORS
[2022-12-19 09:09:46]          940          940         1690          0
[2022-12-19 09:09:47]          941          940         2164          0
[2022-12-19 09:09:49]          941          940         2638          0
[2022-12-19 09:09:50]          941          940         3112          0
[2022-12-19 09:09:52]          941          940         3586          0
[2022-12-19 09:09:53]          941          940         4059          0
[2022-12-19 09:09:55]          941          940          437          0
[2022-12-19 09:09:56]          941          940          911          0
[2022-12-19 09:09:56] WR-BW(MiB/s) RD-BW(MiB/s)  TESTED(MiB)     ERRORS
[2022-12-19 09:09:57]          941          940         1385          0
[2022-12-19 09:09:59]          941          940         1859          0
[2022-12-19 09:10:00]          941          940         2333          0
[2022-12-19 09:10:02]          941          940         2806          0
[2022-12-19 09:10:03]          941          940         3280          0
[2022-12-19 09:10:05]          941          940         3754          0
[2022-12-19 09:10:06]          941          940          132          0
[2022-12-19 09:10:08]          941          940          606          0
[2022-12-19 09:10:08] WR-BW(MiB/s) RD-BW(MiB/s)  TESTED(MiB)     ERRORS
[2022-12-19 09:10:09]          941          940         1080          0
[2022-12-19 09:10:11]          941          940         1553          0
[2022-12-19 09:10:12]          941          940         2027          0
[2022-12-19 09:10:13]          941          940         2501          0
[2022-12-19 09:10:15]          941          940         2975          0
[2022-12-19 09:10:16]          941          940         3449          0
[2022-12-19 09:10:18]          941          940         3923          0
[2022-12-19 09:10:19]          941          940          301          0
[2022-12-19 09:10:19] WR-BW(MiB/s) RD-BW(MiB/s)  TESTED(MiB)     ERRORS
[2022-12-19 09:10:21]          941          940          774          0
[2022-12-19 09:10:22]          941          940         1248          0
[2022-12-19 09:10:24]          941          940         1722          0
[2022-12-19 09:10:25]          941          940         2196          0
[2022-12-19 09:10:27]          941          940         2670          0
[2022-12-19 09:10:28]          941          940         3144          0
[2022-12-19 09:10:29]          941          940         3617          0
[2022-12-19 09:10:31]          941          940         4091          0
[2022-12-19 09:10:31] WR-BW(MiB/s) RD-BW(MiB/s)  TESTED(MiB)     ERRORS
[2022-12-19 09:10:32]          941          940          469          0
[2022-12-19 09:10:34]          941          940          943          0
[2022-12-19 09:10:35]          941          940         1417          0
[2022-12-19 09:10:37]          941          940         1891          0
[2022-12-19 09:10:38]          941          940         2364          0
[2022-12-19 09:10:40]          941          940         2838          0
[2022-12-19 09:10:41]          941          940         3312          0
[2022-12-19 09:10:42]          941          940         3786          0
[2022-12-19 09:10:42] WR-BW(MiB/s) RD-BW(MiB/s)  TESTED(MiB)     ERRORS
[2022-12-19 09:10:44]          940          940          164          0
[2022-12-19 09:10:45]          941          940          638          0
[2022-12-19 09:10:47]          941          940         1111          0
[2022-12-19 09:10:48]          941          940         1585          0
[2022-12-19 09:10:50]          941          940         2059          0
[2022-12-19 09:10:51]          941          940         2533          0
[2022-12-19 09:10:53]          941          940         3007          0
[2022-12-19 09:10:54]          941          940         3481          0
[2022-12-19 09:10:54] WR-BW(MiB/s) RD-BW(MiB/s)  TESTED(MiB)     ERRORS
[2022-12-19 09:10:56]          941          940         3954          0
[2022-12-19 09:10:57]          941          940          332          0
[2022-12-19 09:10:58]          941          940          806          0
[2022-12-19 09:11:00]          941          940         1280          0
[2022-12-19 09:11:01]          941          940         1754          0
[2022-12-19 09:11:03]          941          940         2228          0
[2022-12-19 09:11:04]          941          940         2701          0
[2022-12-19 09:11:06]          941          940         3175          0
[2022-12-19 09:11:06] WR-BW(MiB/s) RD-BW(MiB/s)  TESTED(MiB)     ERRORS
[2022-12-19 09:11:07]          941          940         3649          0
[2022-12-19 09:11:09]          941          940           27          0
[2022-12-19 09:11:10]          941          940          501          0
[2022-12-19 09:11:11]          941          940          975          0
[2022-12-19 09:11:13]          941          940         1448          0
[2022-12-19 09:11:14]          941          940         1922          0
[2022-12-19 09:11:16]          941          940         2396          0
[2022-12-19 09:11:17]          941          940         2870          0
[2022-12-19 09:11:17] WR-BW(MiB/s) RD-BW(MiB/s)  TESTED(MiB)     ERRORS
[2022-12-19 09:11:19]          940          940         3344          0
[2022-12-19 09:11:20]          941          940         3818          0
[2022-12-19 09:11:22]          941          940          195          0
[2022-12-19 09:11:23]          941          940          669          0
[2022-12-19 09:11:25]          941          940         1143          0
[2022-12-19 09:11:26]          941          940         1617          0
[2022-12-19 09:11:27]          941          940         2091          0
[2022-12-19 09:11:29]          941          940         2565          0
[2022-12-19 09:11:29] WR-BW(MiB/s) RD-BW(MiB/s)  TESTED(MiB)     ERRORS
[2022-12-19 09:11:30]          940          940         3038          0
[2022-12-19 09:11:32]          941          940         3512          0
[2022-12-19 09:11:33]          941          940         3986          0
[2022-12-19 09:11:35]          941          940          364          0
[2022-12-19 09:11:36]          941          940          838          0
[2022-12-19 09:11:38]          941          940         1312          0
[2022-12-19 09:11:39]          941          940         1785          0
[2022-12-19 09:11:41]          941          940         2259          0
[2022-12-19 09:11:41] WR-BW(MiB/s) RD-BW(MiB/s)  TESTED(MiB)     ERRORS
[2022-12-19 09:11:42]          940          940         2733          0
[2022-12-19 09:11:43]          941          940         3207          0
[2022-12-19 09:11:45]          941          940         3681          0
[2022-12-19 09:11:46]          941          940           59          0
[2022-12-19 09:11:48]          941          940          532          0
[2022-12-19 09:11:49]          941          940         1006          0
[2022-12-19 09:11:51]          941          940         1480          0
[2022-12-19 09:11:52]          941          940         1954          0
[2022-12-19 09:11:52] WR-BW(MiB/s) RD-BW(MiB/s)  TESTED(MiB)     ERRORS
[2022-12-19 09:11:54]          941          940         2428          0
[2022-12-19 09:11:55]          941          940         2902          0
[2022-12-19 09:11:56]          941          940         3375          0
[2022-12-19 09:11:58]          941          940         3849          0
[2022-12-19 09:11:59]          941          940          227          0
[2022-12-19 09:12:01]          941          940          701          0
[2022-12-19 09:12:02]          941          940         1175          0
[2022-12-19 09:12:04]          941          940         1649          0
[2022-12-19 09:12:04] WR-BW(MiB/s) RD-BW(MiB/s)  TESTED(MiB)     ERRORS
[2022-12-19 09:12:05]          940          940         2122          0
[2022-12-19 09:12:07]          941          940         2596          0
[2022-12-19 09:12:08]          941          940         3070          0
[2022-12-19 09:12:10]          941          940         3544          0
[2022-12-19 09:12:11]          941          940         4018          0
[2022-12-19 09:12:12]          941          940          396          0
[2022-12-19 09:12:14]          941          940          869          0
[2022-12-19 09:12:15]          941          940         1343          0
[2022-12-19 09:12:15] WR-BW(MiB/s) RD-BW(MiB/s)  TESTED(MiB)     ERRORS
[2022-12-19 09:12:17]          941          940         1817          0
[2022-12-19 09:12:18]          941          940         2291          0
[2022-12-19 09:12:20]          941          940         2765          0
[2022-12-19 09:12:21]          941          940         3239          0
[2022-12-19 09:12:23]          941          940         3712          0
[2022-12-19 09:12:24]          941          940           90          0
[2022-12-19 09:12:26]          941          940          564          0
[2022-12-19 09:12:27]          941          940         1038          0
[2022-12-19 09:12:27] WR-BW(MiB/s) RD-BW(MiB/s)  TESTED(MiB)     ERRORS
[2022-12-19 09:12:28]          940          940         1512          0
[2022-12-19 09:12:30]          941          940         1986          0
[2022-12-19 09:12:31]          941          940         2459          0
[2022-12-19 09:12:33]          941          940         2933          0
[2022-12-19 09:12:34]          941          940         3407          0
[2022-12-19 09:12:36]          941          940         3881          0
[2022-12-19 09:12:37]          941          940          259          0
[2022-12-19 09:12:39]          941          940          733          0
[2022-12-19 09:12:39] WR-BW(MiB/s) RD-BW(MiB/s)  TESTED(MiB)     ERRORS
[2022-12-19 09:12:40]          941          940         1207          0
[2022-12-19 09:12:41]          941          940         1680          0
[2022-12-19 09:12:43]          941          940         2154          0
[2022-12-19 09:12:44]          941          940         2628          0
[2022-12-19 09:12:46]          941          940         3102          0
[2022-12-19 09:12:47]          941          940         3576          0
[2022-12-19 09:12:49]          941          940         4050          0
[2022-12-19 09:12:50]          941          940          427          0
[2022-12-19 09:12:50] WR-BW(MiB/s) RD-BW(MiB/s)  TESTED(MiB)     ERRORS
[2022-12-19 09:12:52]          940          940          901          0
[2022-12-19 09:12:53]          941          940         1375          0
[2022-12-19 09:12:55]          941          940         1849          0
[2022-12-19 09:12:56]          941          940         2323          0
[2022-12-19 09:12:57]          941          940         2797          0
[2022-12-19 09:12:59]          941          940         3270          0
[2022-12-19 09:13:00]          941          940         3744          0
[2022-12-19 09:13:02]          941          940          122          0
[2022-12-19 09:13:02] WR-BW(MiB/s) RD-BW(MiB/s)  TESTED(MiB)     ERRORS
[2022-12-19 09:13:03]          941          940          596          0
[2022-12-19 09:13:05]          941          940         1070          0
[2022-12-19 09:13:06]          941          940         1544          0
[2022-12-19 09:13:08]          941          940         2017          0
[2022-12-19 09:13:09]          941          940         2491          0
[2022-12-19 09:13:11]          941          940         2965          0
[2022-12-19 09:13:12]          941          940         3439          0
[2022-12-19 09:13:13]          941          940         3913          0
[2022-12-19 09:13:13] WR-BW(MiB/s) RD-BW(MiB/s)  TESTED(MiB)     ERRORS
[2022-12-19 09:13:15]          940          940          291          0
[2022-12-19 09:13:16]          941          940          764          0
[2022-12-19 09:13:18]          941          940         1238          0
[2022-12-19 09:13:19]          941          940         1712          0
[2022-12-19 09:13:21]          941          940         2186          0
[2022-12-19 09:13:22]          941          940         2660          0
[2022-12-19 09:13:24]          941          940         3134          0
[2022-12-19 09:13:25]          941          940         3607          0
[2022-12-19 09:13:25] WR-BW(MiB/s) RD-BW(MiB/s)  TESTED(MiB)     ERRORS
[2022-12-19 09:13:26]          940          940         4081          0
[2022-12-19 09:13:28]          941          940          459          0
[2022-12-19 09:13:29]          941          940          933          0
[2022-12-19 09:13:31]          941          940         1407          0
[2022-12-19 09:13:32]          941          940         1881          0
[2022-12-19 09:13:34]          941          940         2354          0
[2022-12-19 09:13:35]          941          940         2828          0
[2022-12-19 09:13:37]          941          940         3302          0
[2022-12-19 09:13:37] WR-BW(MiB/s) RD-BW(MiB/s)  TESTED(MiB)     ERRORS
[2022-12-19 09:13:38]          940          940         3776          0
[2022-12-19 09:13:40]          941          940          154          0
[2022-12-19 09:13:41]          941          940          628          0
[2022-12-19 09:13:42]          941          940         1101          0
[2022-12-19 09:13:44]          941          940         1575          0
[2022-12-19 09:13:45]          941          940         2049          0
[2022-12-19 09:13:47]          941          940         2523          0
[2022-12-19 09:13:48]          941          940         2997          0
[2022-12-19 09:13:48] WR-BW(MiB/s) RD-BW(MiB/s)  TESTED(MiB)     ERRORS
[2022-12-19 09:13:50]          940          940         3471          0
[2022-12-19 09:13:51]          941          940         3944          0
[2022-12-19 09:13:53]          941          940          322          0
[2022-12-19 09:13:54]          941          940          796          0
[2022-12-19 09:13:56]          941          940         1270          0
[2022-12-19 09:13:57]          941          940         1744          0
[2022-12-19 09:13:58]          941          940         2218          0
[2022-12-19 09:14:00]          941          940         2691          0
[2022-12-19 09:14:00] WR-BW(MiB/s) RD-BW(MiB/s)  TESTED(MiB)     ERRORS
[2022-12-19 09:14:01]          941          940         3165          0
[2022-12-19 09:14:03]          941          940         3639          0
[2022-12-19 09:14:04]          941          940           17          0
[2022-12-19 09:14:06]          941          940          491          0
[2022-12-19 09:14:07]          941          940          965          0
[2022-12-19 09:14:09]          941          940         1438          0
[2022-12-19 09:14:10]          941          940         1912          0
[2022-12-19 09:14:11]          941          940         2386          0
[2022-12-19 09:14:11] WR-BW(MiB/s) RD-BW(MiB/s)  TESTED(MiB)     ERRORS
[2022-12-19 09:14:13]          940          940         2860          0
[2022-12-19 09:14:14]          941          940         3334          0
[2022-12-19 09:14:16]          941          940         3808          0
[2022-12-19 09:14:17]          941          940          185          0
[2022-12-19 09:14:19]          941          940          659          0
[2022-12-19 09:14:20]          941          940         1133          0
[2022-12-19 09:14:22]          941          940         1607          0
[2022-12-19 09:14:23]          941          940         2081          0
[2022-12-19 09:14:23] WR-BW(MiB/s) RD-BW(MiB/s)  TESTED(MiB)     ERRORS
[2022-12-19 09:14:25]          941          940         2555          0
[2022-12-19 09:14:26]          941          940         3028          0
[2022-12-19 09:14:27]          941          940         3502          0
[2022-12-19 09:14:29]          941          940         3976          0
[2022-12-19 09:14:30]          941          940          354          0
[2022-12-19 09:14:32]          941          940          828          0
[2022-12-19 09:14:33]          941          940         1302          0
[2022-12-19 09:14:35]          941          940         1775          0
[2022-12-19 09:14:35] WR-BW(MiB/s) RD-BW(MiB/s)  TESTED(MiB)     ERRORS
[2022-12-19 09:14:36]          940          940         2249          0
[2022-12-19 09:14:38]          941          940         2723          0
[2022-12-19 09:14:39]          941          940         3197          0
[2022-12-19 09:14:41]          941          940         3671          0
[2022-12-19 09:14:42]          941          940           49          0
[2022-12-19 09:14:43]          941          940          522          0
[2022-12-19 09:14:45]          941          940          996          0
[2022-12-19 09:14:46]          941          940         1470          0
[2022-12-19 09:14:46] WR-BW(MiB/s) RD-BW(MiB/s)  TESTED(MiB)     ERRORS
[2022-12-19 09:14:48]          940          940         1944          0
[2022-12-19 09:14:49]          941          940         2418          0
[2022-12-19 09:14:51]          941          940         2892          0
[2022-12-19 09:14:52]          941          940         3366          0
[2022-12-19 09:14:54]          941          940         3839          0
[2022-12-19 09:14:55]          941          940          217          0
[2022-12-19 09:14:56]          941          940          691          0
[2022-12-19 09:14:58]          941          940         1165          0
[2022-12-19 09:14:58] WR-BW(MiB/s) RD-BW(MiB/s)  TESTED(MiB)     ERRORS
[2022-12-19 09:14:59]          941          940         1639          0
[2022-12-19 09:15:01]          941          940         2113          0
[2022-12-19 09:15:02]          941          940         2586          0
[2022-12-19 09:15:04]          941          940         3060          0
[2022-12-19 09:15:05]          941          940         3534          0
[2022-12-19 09:15:07]          941          940         4008          0
[2022-12-19 09:15:08]          941          940          386          0
[2022-12-19 09:15:10]          941          940          860          0
[2022-12-19 09:15:10] WR-BW(MiB/s) RD-BW(MiB/s)  TESTED(MiB)     ERRORS
[2022-12-19 09:15:11]          941          940         1333          0
[2022-12-19 09:15:12]          941          940         1807          0
[2022-12-19 09:15:14]          941          940         2281          0
[2022-12-19 09:15:15]          941          940         2755          0
[2022-12-19 09:15:17]          941          940         3229          0
[2022-12-19 09:15:18]          941          940         3703          0
[2022-12-19 09:15:20]          941          940           80          0
[2022-12-19 09:15:21]          941          940          554          0
[2022-12-19 09:15:21] WR-BW(MiB/s) RD-BW(MiB/s)  TESTED(MiB)     ERRORS
[2022-12-19 09:15:23]          941          940         1028          0
[2022-12-19 09:15:24]          941          940         1502          0
[2022-12-19 09:15:26]          941          940         1976          0
[2022-12-19 09:15:27]          941          940         2450          0
[2022-12-19 09:15:28]          941          940         2923          0
[2022-12-19 09:15:30]          941          940         3397          0
[2022-12-19 09:15:31]          941          940         3871          0
[2022-12-19 09:15:33]          941          940          249          0
[2022-12-19 09:15:33] WR-BW(MiB/s) RD-BW(MiB/s)  TESTED(MiB)     ERRORS
[2022-12-19 09:15:34]          941          940          723          0
[2022-12-19 09:15:36]          941          940         1197          0
[2022-12-19 09:15:37]          941          940         1670          0
[2022-12-19 09:15:39]          941          940         2144          0
[2022-12-19 09:15:40]          941          940         2618          0
[2022-12-19 09:15:41]          941          940         3092          0
[2022-12-19 09:15:43]          941          940         3566          0
[2022-12-19 09:15:44]          941          940         4040          0
[2022-12-19 09:15:44] WR-BW(MiB/s) RD-BW(MiB/s)  TESTED(MiB)     ERRORS
[2022-12-19 09:15:46]          941          940          417          0
[2022-12-19 09:15:47]          941          940          891          0
[2022-12-19 09:15:49]          941          940         1365          0
[2022-12-19 09:15:50]          941          940         1839          0
[2022-12-19 09:15:52]          941          940         2313          0
[2022-12-19 09:15:53]          941          940         2787          0
[2022-12-19 09:15:55]          941          940         3260          0
[2022-12-19 09:15:56]          941          940         3734          0
[2022-12-19 09:15:56] WR-BW(MiB/s) RD-BW(MiB/s)  TESTED(MiB)     ERRORS
[2022-12-19 09:15:57]          940          940          112          0
[2022-12-19 09:15:59]          941          940          586          0
[2022-12-19 09:16:00]          941          940         1060          0
[2022-12-19 09:16:02]          941          940         1534          0
[2022-12-19 09:16:03]          941          940         2007          0
[2022-12-19 09:16:05]          941          940         2481          0
[2022-12-19 09:16:06]          941          940         2955          0
[2022-12-19 09:16:08]          941          940         3429          0
[2022-12-19 09:16:08] WR-BW(MiB/s) RD-BW(MiB/s)  TESTED(MiB)     ERRORS
[2022-12-19 09:16:09]          940          940         3903          0
[2022-12-19 09:16:10]          941          940          281          0
[2022-12-19 09:16:12]          941          940          754          0
[2022-12-19 09:16:13]          941          940         1228          0
[2022-12-19 09:16:15]          941          940         1702          0
[2022-12-19 09:16:16]          941          940         2176          0
[2022-12-19 09:16:18]          941          940         2650          0
[2022-12-19 09:16:19]          941          940         3124          0
[2022-12-19 09:16:19] WR-BW(MiB/s) RD-BW(MiB/s)  TESTED(MiB)     ERRORS
[2022-12-19 09:16:21]          941          940         3597          0
[2022-12-19 09:16:22]          941          940         4071          0
[2022-12-19 09:16:24]          941          940          449          0
[2022-12-19 09:16:25]          941          940          923          0
[2022-12-19 09:16:26]          941          940         1397          0
[2022-12-19 09:16:28]          941          940         1871          0
[2022-12-19 09:16:29]          941          940         2344          0
[2022-12-19 09:16:31]          941          940         2818          0
[2022-12-19 09:16:31] WR-BW(MiB/s) RD-BW(MiB/s)  TESTED(MiB)     ERRORS
[2022-12-19 09:16:32]          940          940         3292          0
[2022-12-19 09:16:34]          941          940         3766          0
[2022-12-19 09:16:35]          941          940          144          0
[2022-12-19 09:16:37]          941          940          618          0
[2022-12-19 09:16:38]          941          940         1091          0
[2022-12-19 09:16:40]          941          940         1565          0
[2022-12-19 09:16:41]          941          940         2039          0
[2022-12-19 09:16:42]          941          940         2513          0
[2022-12-19 09:16:42] WR-BW(MiB/s) RD-BW(MiB/s)  TESTED(MiB)     ERRORS
[2022-12-19 09:16:44]          940          940         2987          0
[2022-12-19 09:16:45]          941          940         3461          0
[2022-12-19 09:16:47]          941          940         3934          0
[2022-12-19 09:16:48]          941          940          312          0
[2022-12-19 09:16:50]          941          940          786          0
[2022-12-19 09:16:51]          941          940         1260          0
[2022-12-19 09:16:53]          941          940         1734          0
[2022-12-19 09:16:54]          941          940         2208          0
[2022-12-19 09:16:54] WR-BW(MiB/s) RD-BW(MiB/s)  TESTED(MiB)     ERRORS
[2022-12-19 09:16:55]          940          940         2681          0
[2022-12-19 09:16:57]          941          940         3155          0
[2022-12-19 09:16:58]          941          940         3629          0
[2022-12-19 09:17:00]          941          940            7          0
[2022-12-19 09:17:01]          941          940          481          0
[2022-12-19 09:17:03]          941          940          955          0
[2022-12-19 09:17:04]          941          940         1429          0
[2022-12-19 09:17:06]          941          940         1902          0
[2022-12-19 09:17:06] WR-BW(MiB/s) RD-BW(MiB/s)  TESTED(MiB)     ERRORS
[2022-12-19 09:17:07]          940          940         2376          0
[2022-12-19 09:17:09]          941          940         2850          0
[2022-12-19 09:17:10]          941          940         3324          0
[2022-12-19 09:17:11]          941          940         3798          0
[2022-12-19 09:17:13]          941          940          176          0
[2022-12-19 09:17:14]          941          940          649          0
[2022-12-19 09:17:16]          941          940         1123          0
[2022-12-19 09:17:17]          941          940         1597          0
[2022-12-19 09:17:17] WR-BW(MiB/s) RD-BW(MiB/s)  TESTED(MiB)     ERRORS
[2022-12-19 09:17:19]          940          940         2071          0
[2022-12-19 09:17:20]          941          940         2545          0
[2022-12-19 09:17:22]          941          940         3019          0
[2022-12-19 09:17:23]          941          940         3492          0
[2022-12-19 09:17:25]          941          940         3966          0
[2022-12-19 09:17:26]          941          940          344          0
[2022-12-19 09:17:27]          941          940          818          0
[2022-12-19 09:17:29]          941          940         1292          0
[2022-12-19 09:17:29] WR-BW(MiB/s) RD-BW(MiB/s)  TESTED(MiB)     ERRORS
[2022-12-19 09:17:30]          941          940         1766          0
[2022-12-19 09:17:32]          941          940         2239          0
[2022-12-19 09:17:33]          941          940         2713          0
[2022-12-19 09:17:35]          941          940         3187          0
[2022-12-19 09:17:36]          941          940         3661          0
[2022-12-19 09:17:38]          941          940           39          0
[2022-12-19 09:17:39]          941          940          513          0
[2022-12-19 09:17:40]          941          940          986          0
[2022-12-19 09:17:40] WR-BW(MiB/s) RD-BW(MiB/s)  TESTED(MiB)     ERRORS
[2022-12-19 09:17:42]          941          940         1460          0
[2022-12-19 09:17:43]          941          940         1934          0
[2022-12-19 09:17:45]          941          940         2408          0
[2022-12-19 09:17:46]          941          940         2882          0
[2022-12-19 09:17:48]          941          940         3356          0
[2022-12-19 09:17:49]          941          940         3829          0
[2022-12-19 09:17:51]          941          940          207          0
[2022-12-19 09:17:52]          941          940          681          0
[2022-12-19 09:17:52] WR-BW(MiB/s) RD-BW(MiB/s)  TESTED(MiB)     ERRORS
[2022-12-19 09:17:54]          941          940         1155          0
[2022-12-19 09:17:55]          941          940         1629          0
[2022-12-19 09:17:56]          941          940         2103          0
[2022-12-19 09:17:58]          941          940         2576          0
[2022-12-19 09:17:59]          941          940         3050          0
[2022-12-19 09:18:01]          941          940         3524          0
[2022-12-19 09:18:02]          941          940         3998          0
[2022-12-19 09:18:04]          941          940          376          0
[2022-12-19 09:18:04] WR-BW(MiB/s) RD-BW(MiB/s)  TESTED(MiB)     ERRORS
[2022-12-19 09:18:05]          941          940          850          0
[2022-12-19 09:18:07]          941          940         1323          0
[2022-12-19 09:18:08]          941          940         1797          0
[2022-12-19 09:18:10]          941          940         2271          0
[2022-12-19 09:18:11]          941          940         2745          0
[2022-12-19 09:18:12]          941          940         3219          0
[2022-12-19 09:18:14]          941          940         3693          0
[2022-12-19 09:18:15]          941          940           70          0
[2022-12-19 09:18:15] WR-BW(MiB/s) RD-BW(MiB/s)  TESTED(MiB)     ERRORS
[2022-12-19 09:18:17]          941          940          544          0
[2022-12-19 09:18:18]          941          940         1018          0
[2022-12-19 09:18:20]          941          940         1492          0
[2022-12-19 09:18:21]          941          940         1966          0
[2022-12-19 09:18:23]          941          940         2440          0
[2022-12-19 09:18:24]          941          940         2913          0
[2022-12-19 09:18:25]          941          940         3387          0
[2022-12-19 09:18:27]          941          940         3861          0
[2022-12-19 09:18:27] WR-BW(MiB/s) RD-BW(MiB/s)  TESTED(MiB)     ERRORS
[2022-12-19 09:18:28]          941          940          239          0
[2022-12-19 09:18:30]          941          940          713          0
[2022-12-19 09:18:31]          941          940         1187          0
[2022-12-19 09:18:33]          941          940         1660          0
[2022-12-19 09:18:34]          941          940         2134          0
[2022-12-19 09:18:36]          941          940         2608          0
[2022-12-19 09:18:37]          941          940         3082          0
[2022-12-19 09:18:39]          941          940         3556          0
[2022-12-19 09:18:39] WR-BW(MiB/s) RD-BW(MiB/s)  TESTED(MiB)     ERRORS
[2022-12-19 09:18:40]          940          940         4030          0
[2022-12-19 09:18:41]          941          940          407          0
[2022-12-19 09:18:43]          941          940          881          0
[2022-12-19 09:18:44]          941          940         1355          0
[2022-12-19 09:18:46]          941          940         1829          0
[2022-12-19 09:18:47]          941          940         2303          0
[2022-12-19 09:18:49]          941          940         2777          0
[2022-12-19 09:18:50]          941          940         3250          0
[2022-12-19 09:18:50] WR-BW(MiB/s) RD-BW(MiB/s)  TESTED(MiB)     ERRORS
[2022-12-19 09:18:52]          940          940         3724          0
[2022-12-19 09:18:53]          941          940          102          0
[2022-12-19 09:18:55]          941          940          576          0
[2022-12-19 09:18:56]          941          940         1050          0
[2022-12-19 09:18:57]          941          940         1524          0
[2022-12-19 09:18:59]          941          940         1997          0
[2022-12-19 09:19:00]          941          940         2471          0
[2022-12-19 09:19:02]          941          940         2945          0
[2022-12-19 09:19:02] WR-BW(MiB/s) RD-BW(MiB/s)  TESTED(MiB)     ERRORS
[2022-12-19 09:19:03]          941          940         3419          0
[2022-12-19 09:19:05]          941          940         3893          0
[2022-12-19 09:19:06]          941          940          271          0
[2022-12-19 09:19:08]          941          940          744          0
[2022-12-19 09:19:09]          941          940         1218          0
[2022-12-19 09:19:10]          941          940         1692          0
[2022-12-19 09:19:12]          941          940         2166          0
[2022-12-19 09:19:13]          941          940         2640          0
[2022-12-19 09:19:13] WR-BW(MiB/s) RD-BW(MiB/s)  TESTED(MiB)     ERRORS
[2022-12-19 09:19:15]          941          940         3114          0
[2022-12-19 09:19:16]          941          940         3588          0
[2022-12-19 09:19:18]          941          940         4061          0
[2022-12-19 09:19:19]          941          940          439          0
[2022-12-19 09:19:21]          941          940          913          0
[2022-12-19 09:19:22]          941          940         1387          0
[2022-12-19 09:19:24]          941          940         1861          0
[2022-12-19 09:19:25]          941          940         2335          0
[2022-12-19 09:19:25] WR-BW(MiB/s) RD-BW(MiB/s)  TESTED(MiB)     ERRORS
[2022-12-19 09:19:26]          941          940         2808          0
[2022-12-19 09:19:28]          941          940         3282          0
[2022-12-19 09:19:29]          941          940         3756          0
[2022-12-19 09:19:31]          941          940          134          0
[2022-12-19 09:19:32]          941          940          608          0
[2022-12-19 09:19:34]          941          940         1082          0
[2022-12-19 09:19:35]          941          940         1555          0
[2022-12-19 09:19:37]          941          940         2029          0
[2022-12-19 09:19:37] WR-BW(MiB/s) RD-BW(MiB/s)  TESTED(MiB)     ERRORS
[2022-12-19 09:19:38]          940          940         2503          0
[2022-12-19 09:19:40]          941          940         2977          0
[2022-12-19 09:19:41]          941          940         3451          0
[2022-12-19 09:19:42]          941          940         3925          0
[2022-12-19 09:19:44]          941          940          302          0
[2022-12-19 09:19:45]          941          940          776          0
[2022-12-19 09:19:47]          941          940         1250          0
[2022-12-19 09:19:48]          941          940         1724          0
[2022-12-19 09:19:48] WR-BW(MiB/s) RD-BW(MiB/s)  TESTED(MiB)     ERRORS
[2022-12-19 09:19:50]          941          940         2198          0
[2022-12-19 09:19:51]          941          940         2672          0
[2022-12-19 09:19:53]          941          940         3145          0
[2022-12-19 09:19:54]          941          940         3619          0
[2022-12-19 09:19:55]          941          940         4093          0
[2022-12-19 09:19:57]          941          940          471          0
[2022-12-19 09:19:58]          941          940          945          0
[2022-12-19 09:20:00]          941          940         1419          0
[2022-12-19 09:20:00] WR-BW(MiB/s) RD-BW(MiB/s)  TESTED(MiB)     ERRORS
[2022-12-19 09:20:01]          940          940         1892          0
[2022-12-19 09:20:03]          941          940         2366          0
[2022-12-19 09:20:04]          941          940         2840          0
[2022-12-19 09:20:06]          941          940         3314          0
[2022-12-19 09:20:07]          941          940         3788          0
[2022-12-19 09:20:09]          941          940          166          0
[2022-12-19 09:20:10]          941          940          639          0
[2022-12-19 09:20:11]          941          940         1113          0
[2022-12-19 09:20:11] WR-BW(MiB/s) RD-BW(MiB/s)  TESTED(MiB)     ERRORS
[2022-12-19 09:20:13]          941          940         1587          0
[2022-12-19 09:20:14]          941          940         2061          0
[2022-12-19 09:20:16]          941          940         2535          0
[2022-12-19 09:20:17]          941          940         3009          0
[2022-12-19 09:20:19]          941          940         3482          0
[2022-12-19 09:20:20]          941          940         3956          0
[2022-12-19 09:20:22]          941          940          334          0
[2022-12-19 09:20:23]          941          940          808          0
[2022-12-19 09:20:23] WR-BW(MiB/s) RD-BW(MiB/s)  TESTED(MiB)     ERRORS
[2022-12-19 09:20:24]          941          940         1282          0
[2022-12-19 09:20:26]          941          940         1756          0
[2022-12-19 09:20:27]          941          940         2229          0
[2022-12-19 09:20:29]          941          940         2703          0
[2022-12-19 09:20:30]          941          940         3177          0
[2022-12-19 09:20:32]          941          940         3651          0
[2022-12-19 09:20:33]          941          940           29          0
[2022-12-19 09:20:35]          941          940          503          0
[2022-12-19 09:20:35] WR-BW(MiB/s) RD-BW(MiB/s)  TESTED(MiB)     ERRORS
[2022-12-19 09:20:36]          941          940          976          0
[2022-12-19 09:20:38]          941          940         1450          0
[2022-12-19 09:20:39]          941          940         1924          0
[2022-12-19 09:20:40]          941          940         2398          0
[2022-12-19 09:20:42]          941          940         2872          0
[2022-12-19 09:20:43]          941          940         3346          0
[2022-12-19 09:20:45]          941          940         3819          0
[2022-12-19 09:20:46]          941          940          197          0
[2022-12-19 09:20:46] WR-BW(MiB/s) RD-BW(MiB/s)  TESTED(MiB)     ERRORS
[2022-12-19 09:20:48]          941          940          671          0
[2022-12-19 09:20:49]          941          940         1145          0
[2022-12-19 09:20:51]          941          940         1619          0
[2022-12-19 09:20:52]          941          940         2093          0
[2022-12-19 09:20:54]          941          940         2566          0
[2022-12-19 09:20:55]          941          940         3040          0
[2022-12-19 09:20:56]          941          940         3514          0
[2022-12-19 09:20:58]          941          940         3988          0
[2022-12-19 09:20:58] WR-BW(MiB/s) RD-BW(MiB/s)  TESTED(MiB)     ERRORS
[2022-12-19 09:20:59]          940          940          366          0
[2022-12-19 09:21:01]          941          940          840          0
[2022-12-19 09:21:02]          941          940         1313          0
[2022-12-19 09:21:04]          941          940         1787          0
[2022-12-19 09:21:05]          941          940         2261          0
[2022-12-19 09:21:07]          941          940         2735          0
[2022-12-19 09:21:08]          941          940         3209          0
[2022-12-19 09:21:10]          941          940         3683          0
[2022-12-19 09:21:10] WR-BW(MiB/s) RD-BW(MiB/s)  TESTED(MiB)     ERRORS
[2022-12-19 09:21:11]          941          940           60          0
[2022-12-19 09:21:12]          941          940          534          0
[2022-12-19 09:21:14]          941          940         1008          0
[2022-12-19 09:21:15]          941          940         1482          0
[2022-12-19 09:21:17]          941          940         1956          0
[2022-12-19 09:21:18]          941          940         2430          0
[2022-12-19 09:21:20]          941          940         2903          0
[2022-12-19 09:21:21]          941          940         3377          0
[2022-12-19 09:21:21] WR-BW(MiB/s) RD-BW(MiB/s)  TESTED(MiB)     ERRORS
[2022-12-19 09:21:23]          940          940         3851          0
[2022-12-19 09:21:24]          941          940          229          0
[2022-12-19 09:21:25]          941          940          703          0
[2022-12-19 09:21:27]          941          940         1177          0
[2022-12-19 09:21:28]          941          940         1651          0
[2022-12-19 09:21:30]          941          940         2124          0
[2022-12-19 09:21:31]          941          940         2598          0
[2022-12-19 09:21:33]          941          940         3072          0
[2022-12-19 09:21:33] WR-BW(MiB/s) RD-BW(MiB/s)  TESTED(MiB)     ERRORS
[2022-12-19 09:21:34]          941          940         3546          0
[2022-12-19 09:21:36]          941          940         4020          0
[2022-12-19 09:21:37]          941          940          398          0
[2022-12-19 09:21:39]          941          940          871          0
[2022-12-19 09:21:40]          941          940         1345          0
[2022-12-19 09:21:41]          941          940         1819          0
[2022-12-19 09:21:43]          941          940         2293          0
[2022-12-19 09:21:44]          941          940         2767          0
[2022-12-19 09:21:44] WR-BW(MiB/s) RD-BW(MiB/s)  TESTED(MiB)     ERRORS
[2022-12-19 09:21:46]          941          940         3241          0
[2022-12-19 09:21:47]          941          940         3714          0
[2022-12-19 09:21:49]          941          940           92          0
[2022-12-19 09:21:50]          941          940          566          0
[2022-12-19 09:21:52]          941          940         1040          0
[2022-12-19 09:21:53]          941          940         1514          0
[2022-12-19 09:21:54]          941          940         1988          0
[2022-12-19 09:21:56]          941          940         2461          0
[2022-12-19 09:21:56] WR-BW(MiB/s) RD-BW(MiB/s)  TESTED(MiB)     ERRORS
[2022-12-19 09:21:57]          941          940         2935          0
[2022-12-19 09:21:59]          941          940         3409          0
[2022-12-19 09:22:00]          941          940         3883          0
[2022-12-19 09:22:02]          941          940          261          0
[2022-12-19 09:22:03]          941          940          735          0
[2022-12-19 09:22:05]          941          940         1208          0
[2022-12-19 09:22:06]          941          940         1682          0
[2022-12-19 09:22:08]          941          940         2156          0
[2022-12-19 09:22:08] WR-BW(MiB/s) RD-BW(MiB/s)  TESTED(MiB)     ERRORS
[2022-12-19 09:22:09]          940          940         2630          0
[2022-12-19 09:22:10]          941          940         3104          0
[2022-12-19 09:22:12]          941          940         3578          0
[2022-12-19 09:22:13]          941          940         4051          0
[2022-12-19 09:22:15]          941          940          429          0
[2022-12-19 09:22:16]          941          940          903          0
[2022-12-19 09:22:18]          941          940         1377          0
[2022-12-19 09:22:19]          941          940         1851          0
[2022-12-19 09:22:19] WR-BW(MiB/s) RD-BW(MiB/s)  TESTED(MiB)     ERRORS
[2022-12-19 09:22:21]          941          940         2325          0
[2022-12-19 09:22:22]          941          940         2798          0
[2022-12-19 09:22:24]          941          940         3272          0
[2022-12-19 09:22:25]          941          940         3746          0
[2022-12-19 09:22:26]          941          940          124          0
[2022-12-19 09:22:28]          941          940          598          0
[2022-12-19 09:22:29]          941          940         1072          0
[2022-12-19 09:22:31]          941          940         1545          0
[2022-12-19 09:22:31] WR-BW(MiB/s) RD-BW(MiB/s)  TESTED(MiB)     ERRORS
[2022-12-19 09:22:32]          940          940         2019          0
[2022-12-19 09:22:34]          941          940         2493          0
[2022-12-19 09:22:35]          941          940         2967          0
[2022-12-19 09:22:37]          941          940         3441          0
[2022-12-19 09:22:38]          941          940         3915          0
[2022-12-19 09:22:39]          941          940          292          0
[2022-12-19 09:22:41]          941          940          766          0
[2022-12-19 09:22:42]          941          940         1240          0
[2022-12-19 09:22:42] WR-BW(MiB/s) RD-BW(MiB/s)  TESTED(MiB)     ERRORS
[2022-12-19 09:22:44]          941          940         1714          0
[2022-12-19 09:22:45]          941          940         2188          0
[2022-12-19 09:22:47]          941          940         2662          0
[2022-12-19 09:22:48]          941          940         3135          0
[2022-12-19 09:22:50]          941          940         3609          0
[2022-12-19 09:22:51]          941          940         4083          0
[2022-12-19 09:22:53]          941          940          461          0
[2022-12-19 09:22:54]          941          940          935          0
[2022-12-19 09:22:54] WR-BW(MiB/s) RD-BW(MiB/s)  TESTED(MiB)     ERRORS
[2022-12-19 09:22:55]          941          940         1409          0
[2022-12-19 09:22:57]          941          940         1882          0
[2022-12-19 09:22:58]          941          940         2356          0
[2022-12-19 09:23:00]          941          940         2830          0
[2022-12-19 09:23:01]          941          940         3304          0
[2022-12-19 09:23:03]          941          940         3778          0
[2022-12-19 09:23:04]          941          940          156          0
[2022-12-19 09:23:06]          941          940          629          0
[2022-12-19 09:23:06] WR-BW(MiB/s) RD-BW(MiB/s)  TESTED(MiB)     ERRORS
[2022-12-19 09:23:07]          941          940         1103          0
[2022-12-19 09:23:09]          941          940         1577          0
[2022-12-19 09:23:10]          941          940         2051          0
[2022-12-19 09:23:11]          941          940         2525          0
[2022-12-19 09:23:13]          941          940         2999          0
[2022-12-19 09:23:14]          941          940         3472          0
[2022-12-19 09:23:16]          941          940         3946          0
[2022-12-19 09:23:17]          941          940          324          0
[2022-12-19 09:23:17] WR-BW(MiB/s) RD-BW(MiB/s)  TESTED(MiB)     ERRORS
[2022-12-19 09:23:19]          941          940          798          0
[2022-12-19 09:23:20]          941          940         1272          0
[2022-12-19 09:23:22]          941          940         1746          0
[2022-12-19 09:23:23]          941          940         2219          0
[2022-12-19 09:23:24]          941          940         2693          0
[2022-12-19 09:23:26]          941          940         3167          0
[2022-12-19 09:23:27]          941          940         3641          0
[2022-12-19 09:23:29]          941          940           19          0
[2022-12-19 09:23:29] WR-BW(MiB/s) RD-BW(MiB/s)  TESTED(MiB)     ERRORS
[2022-12-19 09:23:30]          941          940          493          0
[2022-12-19 09:23:32]          941          940          966          0
[2022-12-19 09:23:33]          941          940         1440          0
[2022-12-19 09:23:35]          941          940         1914          0
[2022-12-19 09:23:36]          941          940         2388          0
[2022-12-19 09:23:38]          941          940         2862          0
[2022-12-19 09:23:39]          941          940         3336          0
[2022-12-19 09:23:40]          941          940         3810          0
[2022-12-19 09:23:40] WR-BW(MiB/s) RD-BW(MiB/s)  TESTED(MiB)     ERRORS
[2022-12-19 09:23:42]          941          940          187          0
[2022-12-19 09:23:43]          941          940          661          0
[2022-12-19 09:23:45]          941          940         1135          0
[2022-12-19 09:23:46]          941          940         1609          0
[2022-12-19 09:23:48]          941          940         2083          0
[2022-12-19 09:23:49]          941          940         2557          0
[2022-12-19 09:23:51]          941          940         3030          0
[2022-12-19 09:23:52]          941          940         3504          0
[2022-12-19 09:23:52] WR-BW(MiB/s) RD-BW(MiB/s)  TESTED(MiB)     ERRORS
[2022-12-19 09:23:54]          941          940         3978          0
[2022-12-19 09:23:55]          941          940          356          0
[2022-12-19 09:23:56]          941          940          830          0
[2022-12-19 09:23:58]          941          940         1304          0
[2022-12-19 09:23:59]          941          940         1777          0
[2022-12-19 09:24:01]          941          940         2251          0
[2022-12-19 09:24:02]          941          940         2725          0
[2022-12-19 09:24:04]          941          940         3199          0
[2022-12-19 09:24:04] WR-BW(MiB/s) RD-BW(MiB/s)  TESTED(MiB)     ERRORS
[2022-12-19 09:24:05]          941          940         3673          0
[2022-12-19 09:24:07]          941          940           51          0
[2022-12-19 09:24:08]          941          940          524          0
[2022-12-19 09:24:09]          941          940          998          0
[2022-12-19 09:24:11]          941          940         1472          0
[2022-12-19 09:24:12]          941          940         1946          0
[2022-12-19 09:24:14]          941          940         2420          0
[2022-12-19 09:24:15]          941          940         2894          0
[2022-12-19 09:24:15] WR-BW(MiB/s) RD-BW(MiB/s)  TESTED(MiB)     ERRORS
[2022-12-19 09:24:17]          941          940         3367          0
[2022-12-19 09:24:18]          941          940         3841          0
[2022-12-19 09:24:20]          941          940          219          0
[2022-12-19 09:24:21]          941          940          693          0
[2022-12-19 09:24:23]          941          940         1167          0
[2022-12-19 09:24:24]          941          940         1641          0
[2022-12-19 09:24:25]          941          940         2114          0
[2022-12-19 09:24:27]          941          940         2588          0
[2022-12-19 09:24:27] WR-BW(MiB/s) RD-BW(MiB/s)  TESTED(MiB)     ERRORS
[2022-12-19 09:24:28]          940          940         3062          0
[2022-12-19 09:24:30]          941          940         3536          0
[2022-12-19 09:24:31]          941          940         4010          0
[2022-12-19 09:24:33]          941          940          388          0
[2022-12-19 09:24:34]          941          940          861          0
[2022-12-19 09:24:36]          941          940         1335          0
[2022-12-19 09:24:37]          941          940         1809          0
[2022-12-19 09:24:39]          941          940         2283          0
[2022-12-19 09:24:39] WR-BW(MiB/s) RD-BW(MiB/s)  TESTED(MiB)     ERRORS
[2022-12-19 09:24:40]          941          940         2757          0
[2022-12-19 09:24:41]          941          940         3231          0
[2022-12-19 09:24:43]          941          940         3704          0
[2022-12-19 09:24:44]          941          940           82          0
[2022-12-19 09:24:46]          941          940          556          0
[2022-12-19 09:24:47]          941          940         1030          0
[2022-12-19 09:24:49]          941          940         1504          0
[2022-12-19 09:24:50]          941          940         1978          0
[2022-12-19 09:24:50] WR-BW(MiB/s) RD-BW(MiB/s)  TESTED(MiB)     ERRORS
[2022-12-19 09:24:52]          941          940         2451          0
[2022-12-19 09:24:53]          941          940         2925          0
[2022-12-19 09:24:54]          941          940         3399          0
[2022-12-19 09:24:56]          941          940         3873          0
[2022-12-19 09:24:57]          941          940          251          0
[2022-12-19 09:24:59]          941          940          725          0
[2022-12-19 09:25:00]          941          940         1198          0
[2022-12-19 09:25:02]          941          940         1672          0
[2022-12-19 09:25:02] WR-BW(MiB/s) RD-BW(MiB/s)  TESTED(MiB)     ERRORS
[2022-12-19 09:25:03]          940          940         2146          0
[2022-12-19 09:25:05]          941          940         2620          0
[2022-12-19 09:25:06]          941          940         3094          0
[2022-12-19 09:25:08]          941          940         3568          0
[2022-12-19 09:25:09]          941          940         4041          0
[2022-12-19 09:25:10]          941          940          419          0
[2022-12-19 09:25:12]          941          940          893          0
[2022-12-19 09:25:13]          941          940         1367          0
[2022-12-19 09:25:13] WR-BW(MiB/s) RD-BW(MiB/s)  TESTED(MiB)     ERRORS
[2022-12-19 09:25:15]          940          940         1841          0
[2022-12-19 09:25:16]          941          940         2315          0
[2022-12-19 09:25:18]          941          940         2788          0
[2022-12-19 09:25:19]          941          940         3262          0
[2022-12-19 09:25:21]          941          940         3736          0
[2022-12-19 09:25:22]          941          940          114          0
[2022-12-19 09:25:24]          941          940          588          0
[2022-12-19 09:25:25]          941          940         1062          0
[2022-12-19 09:25:25] WR-BW(MiB/s) RD-BW(MiB/s)  TESTED(MiB)     ERRORS
[2022-12-19 09:25:26]          940          940         1535          0
[2022-12-19 09:25:28]          941          940         2009          0
[2022-12-19 09:25:29]          941          940         2483          0
[2022-12-19 09:25:31]          941          940         2957          0
[2022-12-19 09:25:32]          941          940         3431          0
[2022-12-19 09:25:34]          941          940         3905          0
[2022-12-19 09:25:35]          941          940          282          0
[2022-12-19 09:25:37]          941          940          756          0
[2022-12-19 09:25:37] WR-BW(MiB/s) RD-BW(MiB/s)  TESTED(MiB)     ERRORS
[2022-12-19 09:25:38]          941          940         1230          0
[2022-12-19 09:25:39]          941          940         1704          0
[2022-12-19 09:25:41]          941          940         2178          0
[2022-12-19 09:25:42]          941          940         2652          0
[2022-12-19 09:25:44]          941          940         3126          0
[2022-12-19 09:25:45]          941          940         3599          0
[2022-12-19 09:25:47]          941          940         4073          0
[2022-12-19 09:25:48]          941          940          451          0
[2022-12-19 09:25:48] WR-BW(MiB/s) RD-BW(MiB/s)  TESTED(MiB)     ERRORS
[2022-12-19 09:25:50]          941          940          925          0
[2022-12-19 09:25:51]          941          940         1399          0
[2022-12-19 09:25:53]          941          940         1873          0
[2022-12-19 09:25:54]          941          940         2346          0
[2022-12-19 09:25:55]          941          940         2820          0
[2022-12-19 09:25:57]          941          940         3294          0
[2022-12-19 09:25:58]          941          940         3768          0
[2022-12-19 09:26:00]          941          940          146          0
[2022-12-19 09:26:00] WR-BW(MiB/s) RD-BW(MiB/s)  TESTED(MiB)     ERRORS
[2022-12-19 09:26:01]          941          940          620          0
[2022-12-19 09:26:03]          941          940         1093          0
[2022-12-19 09:26:04]          941          940         1567          0
[2022-12-19 09:26:06]          941          940         2041          0
[2022-12-19 09:26:07]          941          940         2515          0
[2022-12-19 09:26:08]          941          940         2989          0
[2022-12-19 09:26:10]          941          940         3463          0
[2022-12-19 09:26:11]          941          940         3936          0
[2022-12-19 09:26:11] WR-BW(MiB/s) RD-BW(MiB/s)  TESTED(MiB)     ERRORS
[2022-12-19 09:26:13]          941          940          314          0
[2022-12-19 09:26:14]          941          940          788          0
[2022-12-19 09:26:16]          941          940         1262          0
[2022-12-19 09:26:17]          941          940         1736          0
[2022-12-19 09:26:19]          941          940         2210          0
[2022-12-19 09:26:20]          941          940         2683          0
[2022-12-19 09:26:22]          941          940         3157          0
[2022-12-19 09:26:23]          941          940         3631          0
[2022-12-19 09:26:23] WR-BW(MiB/s) RD-BW(MiB/s)  TESTED(MiB)     ERRORS
[2022-12-19 09:26:24]          940          940            9          0
[2022-12-19 09:26:26]          941          940          483          0
[2022-12-19 09:26:27]          941          940          957          0
[2022-12-19 09:26:29]          941          940         1430          0
[2022-12-19 09:26:30]          941          940         1904          0
[2022-12-19 09:26:32]          941          940         2378          0
[2022-12-19 09:26:33]          941          940         2852          0
[2022-12-19 09:26:35]          941          940         3326          0
[2022-12-19 09:26:35] WR-BW(MiB/s) RD-BW(MiB/s)  TESTED(MiB)     ERRORS
[2022-12-19 09:26:36]          941          940         3800          0
[2022-12-19 09:26:38]          941          940          177          0
[2022-12-19 09:26:39]          941          940          651          0
[2022-12-19 09:26:40]          941          940         1125          0
[2022-12-19 09:26:42]          941          940         1599          0
[2022-12-19 09:26:43]          941          940         2073          0
[2022-12-19 09:26:45]          941          940         2547          0
[2022-12-19 09:26:46]          941          940         3020          0
[2022-12-19 09:26:46] WR-BW(MiB/s) RD-BW(MiB/s)  TESTED(MiB)     ERRORS
[2022-12-19 09:26:48]          941          940         3494          0
[2022-12-19 09:26:49]          941          940         3968          0
[2022-12-19 09:26:51]          941          940          346          0
[2022-12-19 09:26:52]          941          940          820          0
[2022-12-19 09:26:54]          941          940         1294          0
[2022-12-19 09:26:55]          941          940         1767          0
[2022-12-19 09:26:56]          941          940         2241          0
[2022-12-19 09:26:58]          941          940         2715          0
[2022-12-19 09:26:58] WR-BW(MiB/s) RD-BW(MiB/s)  TESTED(MiB)     ERRORS
[2022-12-19 09:26:59]          941          940         3189          0
[2022-12-19 09:27:01]          941          940         3663          0
[2022-12-19 09:27:02]          941          940           41          0
[2022-12-19 09:27:04]          941          940          514          0
[2022-12-19 09:27:05]          941          940          988          0
[2022-12-19 09:27:07]          941          940         1462          0
[2022-12-19 09:27:08]          941          940         1936          0
[2022-12-19 09:27:09]          941          940         2410          0
[2022-12-19 09:27:09] WR-BW(MiB/s) RD-BW(MiB/s)  TESTED(MiB)     ERRORS
[2022-12-19 09:27:11]          940          940         2884          0
[2022-12-19 09:27:12]          941          940         3357          0
[2022-12-19 09:27:14]          941          940         3831          0
[2022-12-19 09:27:15]          941          940          209          0
[2022-12-19 09:27:17]          941          940          683          0
[2022-12-19 09:27:18]          941          940         1157          0
[2022-12-19 09:27:20]          941          940         1631          0
[2022-12-19 09:27:21]          941          940         2104          0
[2022-12-19 09:27:21] WR-BW(MiB/s) RD-BW(MiB/s)  TESTED(MiB)     ERRORS
[2022-12-19 09:27:23]          941          940         2578          0
[2022-12-19 09:27:24]          941          940         3052          0
[2022-12-19 09:27:25]          941          940         3526          0
[2022-12-19 09:27:27]          941          940         4000          0
[2022-12-19 09:27:28]          941          940          378          0
[2022-12-19 09:27:30]          941          940          851          0
[2022-12-19 09:27:31]          941          940         1325          0
[2022-12-19 09:27:33]          941          940         1799          0
[2022-12-19 09:27:33] WR-BW(MiB/s) RD-BW(MiB/s)  TESTED(MiB)     ERRORS
[2022-12-19 09:27:34]          940          940         2273          0
[2022-12-19 09:27:36]          941          940         2747          0
[2022-12-19 09:27:37]          941          940         3221          0
[2022-12-19 09:27:38]          941          940         3695          0
[2022-12-19 09:27:40]          941          940           72          0
[2022-12-19 09:27:41]          941          940          546          0
[2022-12-19 09:27:43]          941          940         1020          0
[2022-12-19 09:27:44]          941          940         1494          0
[2022-12-19 09:27:44] WR-BW(MiB/s) RD-BW(MiB/s)  TESTED(MiB)     ERRORS
[2022-12-19 09:27:46]          940          940         1968          0
[2022-12-19 09:27:47]          941          940         2442          0
[2022-12-19 09:27:49]          941          940         2915          0
[2022-12-19 09:27:50]          941          940         3389          0
[2022-12-19 09:27:52]          941          940         3863          0
[2022-12-19 09:27:53]          941          940          241          0
[2022-12-19 09:27:54]          941          940          715          0
[2022-12-19 09:27:56]          941          940         1189          0
[2022-12-19 09:27:56] WR-BW(MiB/s) RD-BW(MiB/s)  TESTED(MiB)     ERRORS
[2022-12-19 09:27:57]          940          940         1662          0
[2022-12-19 09:27:59]          941          940         2136          0
[2022-12-19 09:28:00]          941          940         2610          0
[2022-12-19 09:28:02]          941          940         3084          0
[2022-12-19 09:28:03]          941          940         3558          0
[2022-12-19 09:28:05]          941          940         4032          0
[2022-12-19 09:28:06]          941          940          409          0
[2022-12-19 09:28:08]          941          940          883          0
[2022-12-19 09:28:08] WR-BW(MiB/s) RD-BW(MiB/s)  TESTED(MiB)     ERRORS
[2022-12-19 09:28:09]          941          940         1357          0
[2022-12-19 09:28:10]          941          940         1831          0
[2022-12-19 09:28:12]          941          940         2305          0
[2022-12-19 09:28:13]          941          940         2779          0
[2022-12-19 09:28:15]          941          940         3252          0
[2022-12-19 09:28:16]          941          940         3726          0
[2022-12-19 09:28:18]          941          940          104          0
[2022-12-19 09:28:19]          941          940          578          0
[2022-12-19 09:28:19] WR-BW(MiB/s) RD-BW(MiB/s)  TESTED(MiB)     ERRORS
[2022-12-19 09:28:21]          941          940         1052          0
[2022-12-19 09:28:22]          941          940         1526          0
[2022-12-19 09:28:23]          941          940         1999          0
[2022-12-19 09:28:25]          941          940         2473          0
[2022-12-19 09:28:26]          941          940         2947          0
[2022-12-19 09:28:28]          941          940         3421          0
[2022-12-19 09:28:29]          941          940         3895          0
[2022-12-19 09:28:31]          941          940          273          0
[2022-12-19 09:28:31] WR-BW(MiB/s) RD-BW(MiB/s)  TESTED(MiB)     ERRORS
[2022-12-19 09:28:32]          941          940          746          0
[2022-12-19 09:28:34]          941          940         1220          0
[2022-12-19 09:28:35]          941          940         1694          0
[2022-12-19 09:28:37]          941          940         2168          0
[2022-12-19 09:28:38]          941          940         2642          0
[2022-12-19 09:28:39]          941          940         3116          0
[2022-12-19 09:28:41]          941          940         3589          0
[2022-12-19 09:28:42]          941          940         4063          0
[2022-12-19 09:28:42] WR-BW(MiB/s) RD-BW(MiB/s)  TESTED(MiB)     ERRORS
[2022-12-19 09:28:44]          940          940          441          0
[2022-12-19 09:28:45]          941          940          915          0
[2022-12-19 09:28:47]          941          940         1389          0
[2022-12-19 09:28:48]          941          940         1863          0
[2022-12-19 09:28:50]          941          940         2336          0
[2022-12-19 09:28:51]          941          940         2810          0
[2022-12-19 09:28:53]          941          940         3284          0
[2022-12-19 09:28:54]          941          940         3758          0
[2022-12-19 09:28:54] WR-BW(MiB/s) RD-BW(MiB/s)  TESTED(MiB)     ERRORS
[2022-12-19 09:28:55]          941          940          136          0
[2022-12-19 09:28:57]          941          940          610          0
[2022-12-19 09:28:58]          941          940         1083          0
[2022-12-19 09:29:00]          941          940         1557          0
[2022-12-19 09:29:01]          941          940         2031          0
[2022-12-19 09:29:03]          941          940         2505          0
[2022-12-19 09:29:04]          941          940         2979          0
[2022-12-19 09:29:06]          941          940         3453          0
[2022-12-19 09:29:06] WR-BW(MiB/s) RD-BW(MiB/s)  TESTED(MiB)     ERRORS
[2022-12-19 09:29:07]          941          940         3926          0
[2022-12-19 09:29:08]          941          940          304          0
[2022-12-19 09:29:10]          941          940          778          0
[2022-12-19 09:29:11]          941          940         1252          0
[2022-12-19 09:29:13]          941          940         1726          0
[2022-12-19 09:29:14]          941          940         2200          0
[2022-12-19 09:29:16]          941          940         2673          0
[2022-12-19 09:29:17]          941          940         3147          0
[2022-12-19 09:29:17] WR-BW(MiB/s) RD-BW(MiB/s)  TESTED(MiB)     ERRORS
[2022-12-19 09:29:19]          940          940         3621          0
[2022-12-19 09:29:20]          941          940         4095          0
[2022-12-19 09:29:22]          941          940          473          0
[2022-12-19 09:29:23]          941          940          947          0
[2022-12-19 09:29:24]          941          940         1420          0
[2022-12-19 09:29:26]          941          940         1894          0
[2022-12-19 09:29:27]          941          940         2368          0
[2022-12-19 09:29:29]          941          940         2842          0
[2022-12-19 09:29:29] WR-BW(MiB/s) RD-BW(MiB/s)  TESTED(MiB)     ERRORS
[2022-12-19 09:29:30]          940          940         3316          0
[2022-12-19 09:29:32]          941          940         3790          0
[2022-12-19 09:29:33]          941          940          167          0
[2022-12-19 09:29:35]          941          940          641          0
[2022-12-19 09:29:36]          941          940         1115          0
[2022-12-19 09:29:38]          941          940         1589          0
[2022-12-19 09:29:39]          941          940         2063          0
[2022-12-19 09:29:40]          941          940         2537          0
[2022-12-19 09:29:40] WR-BW(MiB/s) RD-BW(MiB/s)  TESTED(MiB)     ERRORS
[2022-12-19 09:29:42]          941          940         3010          0
[2022-12-19 09:29:43]          941          940         3484          0
[2022-12-19 09:29:45]          941          940         3958          0
[2022-12-19 09:29:46]          941          940          336          0
[2022-12-19 09:29:48]          941          940          810          0
[2022-12-19 09:29:49]          941          940         1284          0
[2022-12-19 09:29:51]          941          940         1758          0
[2022-12-19 09:29:52]          941          940         2231          0
[2022-12-19 09:29:52] WR-BW(MiB/s) RD-BW(MiB/s)  TESTED(MiB)     ERRORS
[2022-12-19 09:29:53]          940          940         2705          0
[2022-12-19 09:29:55]          941          940         3179          0
[2022-12-19 09:29:56]          941          940         3653          0
[2022-12-19 09:29:58]          941          940           31          0
[2022-12-19 09:29:59]          941          940          505          0
[2022-12-19 09:30:01]          941          940          978          0
[2022-12-19 09:30:02]          941          940         1452          0
[2022-12-19 09:30:04]          941          940         1926          0
[2022-12-19 09:30:04] WR-BW(MiB/s) RD-BW(MiB/s)  TESTED(MiB)     ERRORS
[2022-12-19 09:30:05]          940          940         2400          0
[2022-12-19 09:30:07]          941          940         2874          0
[2022-12-19 09:30:08]          941          940         3348          0
[2022-12-19 09:30:09]          941          940         3821          0
[2022-12-19 09:30:11]          941          940          199          0
[2022-12-19 09:30:12]          941          940          673          0
[2022-12-19 09:30:14]          941          940         1147          0
[2022-12-19 09:30:15]          941          940         1621          0
[2022-12-19 09:30:15] WR-BW(MiB/s) RD-BW(MiB/s)  TESTED(MiB)     ERRORS
[2022-12-19 09:30:17]          941          940         2095          0
[2022-12-19 09:30:18]          941          940         2568          0
[2022-12-19 09:30:20]          941          940         3042          0
[2022-12-19 09:30:21]          941          940         3516          0
[2022-12-19 09:30:23]          941          940         3990          0
[2022-12-19 09:30:24]          941          940          368          0
[2022-12-19 09:30:25]          941          940          842          0
[2022-12-19 09:30:27]          941          940         1315          0
[2022-12-19 09:30:27] WR-BW(MiB/s) RD-BW(MiB/s)  TESTED(MiB)     ERRORS
[2022-12-19 09:30:28]          941          940         1789          0
[2022-12-19 09:30:30]          941          940         2263          0
[2022-12-19 09:30:31]          941          940         2737          0
[2022-12-19 09:30:33]          941          940         3211          0
[2022-12-19 09:30:34]          941          940         3685          0
[2022-12-19 09:30:36]          941          940           62          0
[2022-12-19 09:30:37]          941          940          536          0
[2022-12-19 09:30:38]          941          940         1010          0
[2022-12-19 09:30:38] WR-BW(MiB/s) RD-BW(MiB/s)  TESTED(MiB)     ERRORS
[2022-12-19 09:30:40]          940          940         1484          0
[2022-12-19 09:30:41]          941          940         1958          0
[2022-12-19 09:30:43]          941          940         2432          0
[2022-12-19 09:30:44]          941          940         2905          0
[2022-12-19 09:30:46]          941          940         3379          0
[2022-12-19 09:30:47]          941          940         3853          0
[2022-12-19 09:30:49]          941          940          231          0
[2022-12-19 09:30:50]          941          940          705          0
[2022-12-19 09:30:50] WR-BW(MiB/s) RD-BW(MiB/s)  TESTED(MiB)     ERRORS
[2022-12-19 09:30:52]          941          940         1179          0
[2022-12-19 09:30:53]          941          940         1652          0
[2022-12-19 09:30:54]          941          940         2126          0
[2022-12-19 09:30:56]          941          940         2600          0
[2022-12-19 09:30:57]          941          940         3074          0
[2022-12-19 09:30:59]          941          940         3548          0
[2022-12-19 09:31:00]          941          940         4022          0
[2022-12-19 09:31:02]          941          940          399          0
[2022-12-19 09:31:02] WR-BW(MiB/s) RD-BW(MiB/s)  TESTED(MiB)     ERRORS
[2022-12-19 09:31:03]          941          940          873          0
[2022-12-19 09:31:05]          941          940         1347          0
[2022-12-19 09:31:06]          941          940         1821          0
[2022-12-19 09:31:08]          941          940         2295          0
[2022-12-19 09:31:09]          941          940         2769          0
[2022-12-19 09:31:10]          941          940         3242          0
[2022-12-19 09:31:12]          941          940         3716          0
[2022-12-19 09:31:13]          941          940           94          0
[2022-12-19 09:31:13] WR-BW(MiB/s) RD-BW(MiB/s)  TESTED(MiB)     ERRORS
[2022-12-19 09:31:15]          941          940          568          0
[2022-12-19 09:31:16]          941          940         1042          0
[2022-12-19 09:31:18]          941          940         1516          0
[2022-12-19 09:31:19]          941          940         1989          0
[2022-12-19 09:31:21]          941          940         2463          0
[2022-12-19 09:31:22]          941          940         2937          0
[2022-12-19 09:31:23]          941          940         3411          0
[2022-12-19 09:31:25]          941          940         3885          0
[2022-12-19 09:31:25] WR-BW(MiB/s) RD-BW(MiB/s)  TESTED(MiB)     ERRORS
[2022-12-19 09:31:26]          941          940          263          0
[2022-12-19 09:31:28]          941          940          736          0
[2022-12-19 09:31:29]          941          940         1210          0
[2022-12-19 09:31:31]          941          940         1684          0
[2022-12-19 09:31:32]          941          940         2158          0
[2022-12-19 09:31:34]          941          940         2632          0
[2022-12-19 09:31:35]          941          940         3106          0
[2022-12-19 09:31:37]          941          940         3579          0
[2022-12-19 09:31:37] WR-BW(MiB/s) RD-BW(MiB/s)  TESTED(MiB)     ERRORS
[2022-12-19 09:31:38]          941          940         4053          0
[2022-12-19 09:31:39]          941          940          431          0
[2022-12-19 09:31:41]          941          940          905          0
[2022-12-19 09:31:42]          941          940         1379          0
[2022-12-19 09:31:44]          941          940         1853          0
[2022-12-19 09:31:45]          941          940         2326          0
[2022-12-19 09:31:47]          941          940         2800          0
[2022-12-19 09:31:48]          941          940         3274          0
[2022-12-19 09:31:48] WR-BW(MiB/s) RD-BW(MiB/s)  TESTED(MiB)     ERRORS
[2022-12-19 09:31:50]          940          940         3748          0
[2022-12-19 09:31:51]          941          940          126          0
[2022-12-19 09:31:52]          941          940          600          0
[2022-12-19 09:31:54]          941          940         1073          0
[2022-12-19 09:31:55]          941          940         1547          0
[2022-12-19 09:31:57]          941          940         2021          0
[2022-12-19 09:31:58]          941          940         2495          0
[2022-12-19 09:32:00]          941          940         2969          0
[2022-12-19 09:32:00] WR-BW(MiB/s) RD-BW(MiB/s)  TESTED(MiB)     ERRORS
[2022-12-19 09:32:01]          940          940         3443          0
[2022-12-19 09:32:03]          941          940         3917          0
[2022-12-19 09:32:04]          941          940          294          0
[2022-12-19 09:32:06]          941          940          768          0
[2022-12-19 09:32:07]          941          940         1242          0
[2022-12-19 09:32:08]          941          940         1716          0
[2022-12-19 09:32:10]          941          940         2190          0
[2022-12-19 09:32:11]          941          940         2664          0
[2022-12-19 09:32:11] WR-BW(MiB/s) RD-BW(MiB/s)  TESTED(MiB)     ERRORS
[2022-12-19 09:32:13]          941          940         3137          0
[2022-12-19 09:32:14]          941          940         3611          0
[2022-12-19 09:32:16]          941          940         4085          0
[2022-12-19 09:32:17]          941          940          463          0
[2022-12-19 09:32:19]          941          940          937          0
[2022-12-19 09:32:20]          941          940         1411          0
[2022-12-19 09:32:22]          941          940         1884          0
[2022-12-19 09:32:23]          941          940         2358          0
[2022-12-19 09:32:23] WR-BW(MiB/s) RD-BW(MiB/s)  TESTED(MiB)     ERRORS
[2022-12-19 09:32:24]          941          940         2832          0
[2022-12-19 09:32:26]          941          940         3306          0
[2022-12-19 09:32:27]          941          940         3780          0
[2022-12-19 09:32:29]          941          940          158          0
[2022-12-19 09:32:30]          941          940          631          0
[2022-12-19 09:32:32]          941          940         1105          0
[2022-12-19 09:32:33]          941          940         1579          0
[2022-12-19 09:32:35]          941          940         2053          0
[2022-12-19 09:32:35] WR-BW(MiB/s) RD-BW(MiB/s)  TESTED(MiB)     ERRORS
[2022-12-19 09:32:36]          940          940         2527          0
[2022-12-19 09:32:37]          941          940         3001          0
[2022-12-19 09:32:39]          941          940         3474          0
[2022-12-19 09:32:40]          941          940         3948          0
[2022-12-19 09:32:42]          941          940          326          0
[2022-12-19 09:32:43]          941          940          800          0
[2022-12-19 09:32:45]          941          940         1274          0
[2022-12-19 09:32:46]          941          940         1748          0
[2022-12-19 09:32:46] WR-BW(MiB/s) RD-BW(MiB/s)  TESTED(MiB)     ERRORS
[2022-12-19 09:32:48]          941          940         2221          0
[2022-12-19 09:32:49]          941          940         2695          0
[2022-12-19 09:32:51]          941          940         3169          0
[2022-12-19 09:32:52]          941          940         3643          0
[2022-12-19 09:32:53]          941          940           21          0
[2022-12-19 09:32:55]          941          940          495          0
[2022-12-19 09:32:56]          941          940          968          0
[2022-12-19 09:32:58]          941          940         1442          0
[2022-12-19 09:32:58] WR-BW(MiB/s) RD-BW(MiB/s)  TESTED(MiB)     ERRORS
[2022-12-19 09:32:59]          941          940         1916          0
[2022-12-19 09:33:01]          941          940         2390          0
[2022-12-19 09:33:02]          941          940         2864          0
[2022-12-19 09:33:04]          941          940         3338          0
[2022-12-19 09:33:05]          941          940         3811          0
[2022-12-19 09:33:07]          941          940          189          0
[2022-12-19 09:33:08]          941          940          663          0
[2022-12-19 09:33:09]          941          940         1137          0
[2022-12-19 09:33:09] WR-BW(MiB/s) RD-BW(MiB/s)  TESTED(MiB)     ERRORS
[2022-12-19 09:33:11]          940          940         1611          0
[2022-12-19 09:33:12]          941          940         2085          0
[2022-12-19 09:33:14]          941          940         2558          0
[2022-12-19 09:33:15]          941          940         3032          0
[2022-12-19 09:33:17]          941          940         3506          0
[2022-12-19 09:33:18]          941          940         3980          0
[2022-12-19 09:33:20]          941          940          358          0
[2022-12-19 09:33:21]          941          940          832          0
[2022-12-19 09:33:21] WR-BW(MiB/s) RD-BW(MiB/s)  TESTED(MiB)     ERRORS
[2022-12-19 09:33:22]          941          940         1305          0
[2022-12-19 09:33:24]          941          940         1779          0
[2022-12-19 09:33:25]          941          940         2253          0
[2022-12-19 09:33:27]          941          940         2727          0
[2022-12-19 09:33:28]          941          940         3201          0
[2022-12-19 09:33:30]          941          940         3675          0
[2022-12-19 09:33:31]          941          940           52          0
[2022-12-19 09:33:33]          941          940          526          0
[2022-12-19 09:33:33] WR-BW(MiB/s) RD-BW(MiB/s)  TESTED(MiB)     ERRORS
[2022-12-19 09:33:34]          941          940         1000          0
[2022-12-19 09:33:36]          941          940         1474          0
[2022-12-19 09:33:37]          941          940         1948          0
[2022-12-19 09:33:38]          941          940         2422          0
[2022-12-19 09:33:40]          941          940         2895          0
[2022-12-19 09:33:41]          941          940         3369          0
[2022-12-19 09:33:43]          941          940         3843          0
[2022-12-19 09:33:44]          941          940          221          0
[2022-12-19 09:33:44] WR-BW(MiB/s) RD-BW(MiB/s)  TESTED(MiB)     ERRORS
[2022-12-19 09:33:46]          941          940          695          0
[2022-12-19 09:33:47]          941          940         1169          0
[2022-12-19 09:33:49]          941          940         1642          0
[2022-12-19 09:33:50]          941          940         2116          0
[2022-12-19 09:33:52]          941          940         2590          0
[2022-12-19 09:33:53]          941          940         3064          0
[2022-12-19 09:33:54]          941          940         3538          0
[2022-12-19 09:33:56]          941          940         4012          0
[2022-12-19 09:33:56] WR-BW(MiB/s) RD-BW(MiB/s)  TESTED(MiB)     ERRORS
[2022-12-19 09:33:57]          941          940          389          0
[2022-12-19 09:33:59]          941          940          863          0
[2022-12-19 09:34:00]          941          940         1337          0
[2022-12-19 09:34:02]          941          940         1811          0
[2022-12-19 09:34:03]          941          940         2285          0
[2022-12-19 09:34:05]          941          940         2759          0
[2022-12-19 09:34:06]          941          940         3232          0
[2022-12-19 09:34:07]          941          940         3706          0
[2022-12-19 09:34:07] WR-BW(MiB/s) RD-BW(MiB/s)  TESTED(MiB)     ERRORS
[2022-12-19 09:34:09]          941          940           84          0
[2022-12-19 09:34:10]          941          940          558          0
[2022-12-19 09:34:12]          941          940         1032          0
[2022-12-19 09:34:13]          941          940         1506          0
[2022-12-19 09:34:15]          941          940         1980          0
[2022-12-19 09:34:16]          941          940         2453          0
[2022-12-19 09:34:18]          941          940         2927          0
[2022-12-19 09:34:19]          941          940         3401          0
[2022-12-19 09:34:19] WR-BW(MiB/s) RD-BW(MiB/s)  TESTED(MiB)     ERRORS
[2022-12-19 09:34:21]          941          940         3875          0
[2022-12-19 09:34:22]          941          940          253          0
[2022-12-19 09:34:23]          941          940          727          0
[2022-12-19 09:34:25]          941          940         1200          0
[2022-12-19 09:34:26]          941          940         1674          0
[2022-12-19 09:34:28]          941          940         2148          0
[2022-12-19 09:34:29]          941          940         2622          0
[2022-12-19 09:34:31]          941          940         3096          0
[2022-12-19 09:34:31] WR-BW(MiB/s) RD-BW(MiB/s)  TESTED(MiB)     ERRORS
[2022-12-19 09:34:32]          940          940         3570          0
[2022-12-19 09:34:34]          941          940         4043          0
[2022-12-19 09:34:35]          941          940          421          0
[2022-12-19 09:34:37]          941          940          895          0
[2022-12-19 09:34:38]          941          940         1369          0
[2022-12-19 09:34:39]          941          940         1843          0
[2022-12-19 09:34:41]          941          940         2317          0
[2022-12-19 09:34:42]          941          940         2790          0
[2022-12-19 09:34:42] WR-BW(MiB/s) RD-BW(MiB/s)  TESTED(MiB)     ERRORS
[2022-12-19 09:34:44]          941          940         3264          0
[2022-12-19 09:34:45]          941          940         3738          0
[2022-12-19 09:34:47]          941          940          116          0
[2022-12-19 09:34:48]          941          940          590          0
[2022-12-19 09:34:50]          941          940         1064          0
[2022-12-19 09:34:51]          941          940         1537          0
[2022-12-19 09:34:52]          941          940         2011          0
[2022-12-19 09:34:54]          941          940         2485          0
[2022-12-19 09:34:54] WR-BW(MiB/s) RD-BW(MiB/s)  TESTED(MiB)     ERRORS
[2022-12-19 09:34:55]          941          940         2959          0
[2022-12-19 09:34:57]          941          940         3433          0
[2022-12-19 09:34:58]          941          940         3907          0
[2022-12-19 09:35:00]          941          940          284          0
[2022-12-19 09:35:01]          941          940          758          0
[2022-12-19 09:35:03]          941          940         1232          0
[2022-12-19 09:35:04]          941          940         1706          0
[2022-12-19 09:35:06]          941          940         2180          0
[2022-12-19 09:35:06] WR-BW(MiB/s) RD-BW(MiB/s)  TESTED(MiB)     ERRORS
[2022-12-19 09:35:07]          940          940         2654          0
[2022-12-19 09:35:08]          941          940         3127          0
[2022-12-19 09:35:10]          941          940         3601          0
[2022-12-19 09:35:11]          941          940         4075          0
[2022-12-19 09:35:13]          941          940          453          0
[2022-12-19 09:35:14]          941          940          927          0
[2022-12-19 09:35:16]          941          940         1401          0
[2022-12-19 09:35:17]          941          940         1874          0
[2022-12-19 09:35:17] WR-BW(MiB/s) RD-BW(MiB/s)  TESTED(MiB)     ERRORS
[2022-12-19 09:35:19]          940          940         2348          0
[2022-12-19 09:35:20]          941          940         2822          0
[2022-12-19 09:35:22]          941          940         3296          0
[2022-12-19 09:35:23]          941          940         3770          0
[2022-12-19 09:35:24]          941          940          148          0
[2022-12-19 09:35:26]          941          940          621          0
[2022-12-19 09:35:27]          941          940         1095          0
[2022-12-19 09:35:29]          941          940         1569          0
[2022-12-19 09:35:29] WR-BW(MiB/s) RD-BW(MiB/s)  TESTED(MiB)     ERRORS
[2022-12-19 09:35:30]          941          940         2043          0
[2022-12-19 09:35:32]          941          940         2517          0
[2022-12-19 09:35:33]          941          940         2991          0
[2022-12-19 09:35:35]          941          940         3464          0
[2022-12-19 09:35:36]          941          940         3938          0
[2022-12-19 09:35:37]          941          940          316          0
[2022-12-19 09:35:39]          941          940          790          0
[2022-12-19 09:35:40]          941          940         1264          0
[2022-12-19 09:35:40] WR-BW(MiB/s) RD-BW(MiB/s)  TESTED(MiB)     ERRORS
[2022-12-19 09:35:42]          940          940         1738          0
[2022-12-19 09:35:43]          941          940         2211          0
[2022-12-19 09:35:45]          941          940         2685          0
[2022-12-19 09:35:46]          941          940         3159          0
[2022-12-19 09:35:48]          941          940         3633          0
[2022-12-19 09:35:49]          941          940           11          0
[2022-12-19 09:35:51]          941          940          485          0
[2022-12-19 09:35:52]          941          940          958          0
[2022-12-19 09:35:52] WR-BW(MiB/s) RD-BW(MiB/s)  TESTED(MiB)     ERRORS
[2022-12-19 09:35:53]          941          940         1432          0
[2022-12-19 09:35:55]          941          940         1906          0
[2022-12-19 09:35:56]          941          940         2380          0
[2022-12-19 09:35:58]          941          940         2854          0
[2022-12-19 09:35:59]          941          940         3328          0
[2022-12-19 09:36:01]          941          940         3801          0
[2022-12-19 09:36:02]          941          940          179          0
[2022-12-19 09:36:04]          941          940          653          0
[2022-12-19 09:36:04] WR-BW(MiB/s) RD-BW(MiB/s)  TESTED(MiB)     ERRORS
[2022-12-19 09:36:05]          941          940         1127          0
[2022-12-19 09:36:06]          941          940         1601          0
[2022-12-19 09:36:08]          941          940         2075          0
[2022-12-19 09:36:09]          941          940         2549          0
[2022-12-19 09:36:11]          941          940         3022          0
[2022-12-19 09:36:12]          941          940         3496          0
[2022-12-19 09:36:14]          941          940         3970          0
[2022-12-19 09:36:15]          941          940          348          0
[2022-12-19 09:36:15] WR-BW(MiB/s) RD-BW(MiB/s)  TESTED(MiB)     ERRORS
[2022-12-19 09:36:17]          940          940          822          0
[2022-12-19 09:36:18]          941          940         1296          0
[2022-12-19 09:36:20]          941          940         1769          0
[2022-12-19 09:36:21]          941          940         2243          0
[2022-12-19 09:36:22]          941          940         2717          0
[2022-12-19 09:36:24]          941          940         3191          0
[2022-12-19 09:36:25]          941          940         3665          0
[2022-12-19 09:36:27]          941          940           43          0
[2022-12-19 09:36:27] WR-BW(MiB/s) RD-BW(MiB/s)  TESTED(MiB)     ERRORS
[2022-12-19 09:36:28]          941          940          516          0
[2022-12-19 09:36:30]          941          940          990          0
[2022-12-19 09:36:31]          941          940         1464          0
[2022-12-19 09:36:33]          941          940         1938          0
[2022-12-19 09:36:34]          941          940         2412          0
[2022-12-19 09:36:36]          941          940         2886          0
[2022-12-19 09:36:37]          941          940         3359          0
[2022-12-19 09:36:38]          941          940         3833          0
[2022-12-19 09:36:38] WR-BW(MiB/s) RD-BW(MiB/s)  TESTED(MiB)     ERRORS
[2022-12-19 09:36:40]          941          940          211          0
[2022-12-19 09:36:41]          941          940          685          0
[2022-12-19 09:36:43]          941          940         1159          0
[2022-12-19 09:36:44]          941          940         1633          0
[2022-12-19 09:36:46]          941          940         2106          0
[2022-12-19 09:36:47]          941          940         2580          0
[2022-12-19 09:36:49]          941          940         3054          0
[2022-12-19 09:36:50]          941          940         3528          0
[2022-12-19 09:36:50] WR-BW(MiB/s) RD-BW(MiB/s)  TESTED(MiB)     ERRORS
[2022-12-19 09:36:51]          940          940         4002          0
[2022-12-19 09:36:53]          941          940          380          0
[2022-12-19 09:36:54]          941          940          853          0
[2022-12-19 09:36:56]          941          940         1327          0
[2022-12-19 09:36:57]          941          940         1801          0
[2022-12-19 09:36:59]          941          940         2275          0
[2022-12-19 09:37:00]          941          940         2749          0
[2022-12-19 09:37:02]          941          940         3223          0
[2022-12-19 09:37:02] WR-BW(MiB/s) RD-BW(MiB/s)  TESTED(MiB)     ERRORS
[2022-12-19 09:37:03]          940          940         3696          0
[2022-12-19 09:37:05]          941          940           74          0
[2022-12-19 09:37:06]          941          940          548          0
[2022-12-19 09:37:07]          941          940         1022          0
[2022-12-19 09:37:09]          941          940         1496          0
[2022-12-19 09:37:10]          941          940         1970          0
[2022-12-19 09:37:12]          941          940         2443          0
[2022-12-19 09:37:13]          941          940         2917          0
[2022-12-19 09:37:13] WR-BW(MiB/s) RD-BW(MiB/s)  TESTED(MiB)     ERRORS
[2022-12-19 09:37:15]          941          940         3391          0
[2022-12-19 09:37:16]          941          940         3865          0
[2022-12-19 09:37:18]          941          940          243          0
[2022-12-19 09:37:19]          941          940          717          0
[2022-12-19 09:37:21]          941          940         1190          0
[2022-12-19 09:37:22]          941          940         1664          0
[2022-12-19 09:37:23]          941          940         2138          0
[2022-12-19 09:37:25]          941          940         2612          0
[2022-12-19 09:37:25] WR-BW(MiB/s) RD-BW(MiB/s)  TESTED(MiB)     ERRORS
[2022-12-19 09:37:26]          941          940         3086          0
[2022-12-19 09:37:28]          941          940         3560          0
[2022-12-19 09:37:29]          941          940         4033          0
[2022-12-19 09:37:31]          941          940          411          0
[2022-12-19 09:37:32]          941          940          885          0
[2022-12-19 09:37:34]          941          940         1359          0
[2022-12-19 09:37:35]          941          940         1833          0
[2022-12-19 09:37:37]          941          940         2307          0
[2022-12-19 09:37:37] WR-BW(MiB/s) RD-BW(MiB/s)  TESTED(MiB)     ERRORS
[2022-12-19 09:37:38]          940          940         2780          0
[2022-12-19 09:37:39]          941          940         3254          0
[2022-12-19 09:37:41]          941          940         3728          0
[2022-12-19 09:37:42]          941          940          106          0
[2022-12-19 09:37:44]          941          940          580          0
[2022-12-19 09:37:45]          941          940         1054          0
[2022-12-19 09:37:47]          941          940         1527          0
[2022-12-19 09:37:48]          941          940         2001          0
[2022-12-19 09:37:48] WR-BW(MiB/s) RD-BW(MiB/s)  TESTED(MiB)     ERRORS
[2022-12-19 09:37:50]          940          940         2475          0
[2022-12-19 09:37:51]          941          940         2949          0
[2022-12-19 09:37:52]          941          940         3423          0
[2022-12-19 09:37:54]          941          940         3897          0
[2022-12-19 09:37:55]          941          940          274          0
[2022-12-19 09:37:57]          941          940          748          0
[2022-12-19 09:37:58]          941          940         1222          0
[2022-12-19 09:38:00]          941          940         1696          0
[2022-12-19 09:38:00] WR-BW(MiB/s) RD-BW(MiB/s)  TESTED(MiB)     ERRORS
[2022-12-19 09:38:01]          940          940         2170          0
[2022-12-19 09:38:03]          941          940         2644          0
[2022-12-19 09:38:04]          941          940         3117          0
[2022-12-19 09:38:06]          941          940         3591          0
[2022-12-19 09:38:07]          941          940         4065          0
[2022-12-19 09:38:08]          941          940          443          0
[2022-12-19 09:38:10]          941          940          917          0
[2022-12-19 09:38:11]          941          940         1391          0
[2022-12-19 09:38:11] WR-BW(MiB/s) RD-BW(MiB/s)  TESTED(MiB)     ERRORS
[2022-12-19 09:38:13]          941          940         1864          0
[2022-12-19 09:38:14]          941          940         2338          0
[2022-12-19 09:38:16]          941          940         2812          0
[2022-12-19 09:38:17]          941          940         3286          0
[2022-12-19 09:38:19]          941          940         3760          0
[2022-12-19 09:38:20]          941          940          138          0
[2022-12-19 09:38:21]          941          940          611          0
[2022-12-19 09:38:23]          941          940         1085          0
[2022-12-19 09:38:23] WR-BW(MiB/s) RD-BW(MiB/s)  TESTED(MiB)     ERRORS
[2022-12-19 09:38:24]          941          940         1559          0
[2022-12-19 09:38:26]          941          940         2033          0
[2022-12-19 09:38:27]          941          940         2507          0
[2022-12-19 09:38:29]          941          940         2981          0
[2022-12-19 09:38:30]          941          940         3455          0
[2022-12-19 09:38:32]          941          940         3928          0
[2022-12-19 09:38:33]          941          940          306          0
[2022-12-19 09:38:35]          941          940          780          0
[2022-12-19 09:38:35] WR-BW(MiB/s) RD-BW(MiB/s)  TESTED(MiB)     ERRORS
[2022-12-19 09:38:36]          941          940         1254          0
[2022-12-19 09:38:37]          941          940         1728          0
[2022-12-19 09:38:39]          941          940         2202          0
[2022-12-19 09:38:40]          941          940         2675          0
[2022-12-19 09:38:42]          941          940         3149          0
[2022-12-19 09:38:43]          941          940         3623          0
[2022-12-19 09:38:45]          941          940            1          0
[2022-12-19 09:38:46]          941          940          475          0
[2022-12-19 09:38:46] WR-BW(MiB/s) RD-BW(MiB/s)  TESTED(MiB)     ERRORS
[2022-12-19 09:38:48]          941          940          949          0
[2022-12-19 09:38:49]          941          940         1422          0
[2022-12-19 09:38:51]          941          940         1896          0
[2022-12-19 09:38:52]          941          940         2370          0
[2022-12-19 09:38:53]          941          940         2844          0
[2022-12-19 09:38:55]          941          940         3318          0
[2022-12-19 09:38:56]          941          940         3792          0
[2022-12-19 09:38:58]          941          940          169          0
[2022-12-19 09:38:58] WR-BW(MiB/s) RD-BW(MiB/s)  TESTED(MiB)     ERRORS
[2022-12-19 09:38:59]          941          940          643          0
[2022-12-19 09:39:01]          941          940         1117          0
[2022-12-19 09:39:02]          941          940         1591          0
[2022-12-19 09:39:04]          941          940         2065          0
[2022-12-19 09:39:05]          941          940         2539          0
[2022-12-19 09:39:06]          941          940         3012          0
[2022-12-19 09:39:08]          941          940         3486          0
[2022-12-19 09:39:09]          941          940         3960          0
[2022-12-19 09:39:09] WR-BW(MiB/s) RD-BW(MiB/s)  TESTED(MiB)     ERRORS
[2022-12-19 09:39:11]          940          940          338          0
[2022-12-19 09:39:12]          941          940          812          0
[2022-12-19 09:39:14]          941          940         1286          0
[2022-12-19 09:39:15]          941          940         1759          0
[2022-12-19 09:39:17]          941          940         2233          0
[2022-12-19 09:39:18]          941          940         2707          0
[2022-12-19 09:39:20]          941          940         3181          0
[2022-12-19 09:39:21]          941          940         3655          0
[2022-12-19 09:39:21] WR-BW(MiB/s) RD-BW(MiB/s)  TESTED(MiB)     ERRORS
[2022-12-19 09:39:22]          940          940           33          0
[2022-12-19 09:39:24]          941          940          506          0
[2022-12-19 09:39:25]          941          940          980          0
[2022-12-19 09:39:27]          941          940         1454          0
[2022-12-19 09:39:28]          941          940         1928          0
[2022-12-19 09:39:30]          941          940         2402          0
[2022-12-19 09:39:31]          941          940         2876          0
[2022-12-19 09:39:33]          941          940         3349          0
[2022-12-19 09:39:33] WR-BW(MiB/s) RD-BW(MiB/s)  TESTED(MiB)     ERRORS
[2022-12-19 09:39:34]          940          940         3823          0
[2022-12-19 09:39:36]          941          940          201          0
[2022-12-19 09:39:37]          941          940          675          0
[2022-12-19 09:39:38]          941          940         1149          0
[2022-12-19 09:39:40]          941          940         1623          0
[2022-12-19 09:39:41]          941          940         2096          0
[2022-12-19 09:39:43]          941          940         2570          0
[2022-12-19 09:39:44]          941          940         3044          0
[2022-12-19 09:39:44] WR-BW(MiB/s) RD-BW(MiB/s)  TESTED(MiB)     ERRORS
[2022-12-19 09:39:46]          941          940         3518          0
[2022-12-19 09:39:47]          941          940         3992          0
[2022-12-19 09:39:49]          941          940          370          0
[2022-12-19 09:39:50]          941          940          843          0
[2022-12-19 09:39:51]          941          940         1317          0
[2022-12-19 09:39:53]          941          940         1791          0
[2022-12-19 09:39:54]          941          940         2265          0
[2022-12-19 09:39:56]          941          940         2739          0
[2022-12-19 09:39:56] WR-BW(MiB/s) RD-BW(MiB/s)  TESTED(MiB)     ERRORS
[2022-12-19 09:39:57]          940          940         3213          0
[2022-12-19 09:39:59]          941          940         3686          0
[2022-12-19 09:40:00]          941          940           64          0
[2022-12-19 09:40:02]          941          940          538          0
[2022-12-19 09:40:03]          941          940         1012          0
[2022-12-19 09:40:05]          941          940         1486          0
[2022-12-19 09:40:06]          941          940         1960          0
[2022-12-19 09:40:07]          941          940         2433          0
[2022-12-19 09:40:07] WR-BW(MiB/s) RD-BW(MiB/s)  TESTED(MiB)     ERRORS
[2022-12-19 09:40:09]          940          940         2907          0
[2022-12-19 09:40:10]          941          940         3381          0
[2022-12-19 09:40:12]          941          940         3855          0
[2022-12-19 09:40:13]          941          940          233          0
[2022-12-19 09:40:15]          941          940          707          0
[2022-12-19 09:40:16]          941          940         1180          0
[2022-12-19 09:40:18]          941          940         1654          0
[2022-12-19 09:40:19]          941          940         2128          0
[2022-12-19 09:40:19] WR-BW(MiB/s) RD-BW(MiB/s)  TESTED(MiB)     ERRORS
[2022-12-19 09:40:21]          940          940         2602          0
[2022-12-19 09:40:22]          941          940         3076          0
[2022-12-19 09:40:23]          941          940         3550          0
[2022-12-19 09:40:25]          941          940         4023          0
[2022-12-19 09:40:26]          941          940          401          0
[2022-12-19 09:40:28]          941          940          875          0
[2022-12-19 09:40:29]          941          940         1349          0
[2022-12-19 09:40:31]          941          940         1823          0
[2022-12-19 09:40:31] WR-BW(MiB/s) RD-BW(MiB/s)  TESTED(MiB)     ERRORS
[2022-12-19 09:40:32]          940          940         2297          0
[2022-12-19 09:40:34]          941          940         2770          0
[2022-12-19 09:40:35]          941          940         3244          0
[2022-12-19 09:40:36]          941          940         3718          0
[2022-12-19 09:40:38]          941          940           96          0
[2022-12-19 09:40:39]          941          940          570          0
[2022-12-19 09:40:41]          941          940         1044          0
[2022-12-19 09:40:42]          941          940         1518          0
[2022-12-19 09:40:42] WR-BW(MiB/s) RD-BW(MiB/s)  TESTED(MiB)     ERRORS
[2022-12-19 09:40:44]          940          940         1991          0
[2022-12-19 09:40:45]          941          940         2465          0
[2022-12-19 09:40:47]          941          940         2939          0
[2022-12-19 09:40:48]          941          940         3413          0
[2022-12-19 09:40:50]          941          940         3887          0
[2022-12-19 09:40:51]          941          940          265          0
[2022-12-19 09:40:52]          941          940          738          0
[2022-12-19 09:40:54]          941          940         1212          0
[2022-12-19 09:40:54] WR-BW(MiB/s) RD-BW(MiB/s)  TESTED(MiB)     ERRORS
[2022-12-19 09:40:55]          941          940         1686          0
[2022-12-19 09:40:57]          941          940         2160          0
[2022-12-19 09:40:58]          941          940         2634          0
[2022-12-19 09:41:00]          941          940         3108          0
[2022-12-19 09:41:01]          941          940         3581          0
[2022-12-19 09:41:03]          941          940         4055          0
[2022-12-19 09:41:04]          941          940          433          0
[2022-12-19 09:41:06]          941          940          907          0
[2022-12-19 09:41:06] WR-BW(MiB/s) RD-BW(MiB/s)  TESTED(MiB)     ERRORS
[2022-12-19 09:41:07]          941          940         1381          0
[2022-12-19 09:41:08]          941          940         1855          0
[2022-12-19 09:41:10]          941          940         2328          0
[2022-12-19 09:41:11]          941          940         2802          0
[2022-12-19 09:41:13]          941          940         3276          0
[2022-12-19 09:41:14]          941          940         3750          0
[2022-12-19 09:41:16]          941          940          128          0
[2022-12-19 09:41:17]          941          940          602          0
[2022-12-19 09:41:17] WR-BW(MiB/s) RD-BW(MiB/s)  TESTED(MiB)     ERRORS
[2022-12-19 09:41:19]          941          940         1075          0
[2022-12-19 09:41:20]          941          940         1549          0
[2022-12-19 09:41:21]          941          940         2023          0
[2022-12-19 09:41:23]          941          940         2497          0
[2022-12-19 09:41:24]          941          940         2971          0
[2022-12-19 09:41:26]          941          940         3445          0
[2022-12-19 09:41:27]          941          940         3918          0
[2022-12-19 09:41:29]          941          940          296          0
[2022-12-19 09:41:29] WR-BW(MiB/s) RD-BW(MiB/s)  TESTED(MiB)     ERRORS
[2022-12-19 09:41:30]          941          940          770          0
[2022-12-19 09:41:32]          941          940         1244          0
[2022-12-19 09:41:33]          941          940         1718          0
[2022-12-19 09:41:35]          941          940         2192          0
[2022-12-19 09:41:36]          941          940         2665          0
[2022-12-19 09:41:37]          941          940         3139          0
[2022-12-19 09:41:39]          941          940         3613          0
[2022-12-19 09:41:40]          941          940         4087          0
[2022-12-19 09:41:40] WR-BW(MiB/s) RD-BW(MiB/s)  TESTED(MiB)     ERRORS
[2022-12-19 09:41:42]          940          940          465          0
[2022-12-19 09:41:43]          941          940          939          0
[2022-12-19 09:41:45]          941          940         1412          0
[2022-12-19 09:41:46]          941          940         1886          0
[2022-12-19 09:41:48]          941          940         2360          0
[2022-12-19 09:41:49]          941          940         2834          0
[2022-12-19 09:41:50]          941          940         3308          0
[2022-12-19 09:41:52]          941          940         3782          0
[2022-12-19 09:41:52] WR-BW(MiB/s) RD-BW(MiB/s)  TESTED(MiB)     ERRORS
[2022-12-19 09:41:53]          941          940          159          0
[2022-12-19 09:41:55]          941          940          633          0
[2022-12-19 09:41:56]          941          940         1107          0
[2022-12-19 09:41:58]          941          940         1581          0
[2022-12-19 09:41:59]          941          940         2055          0
[2022-12-19 09:42:01]          941          940         2529          0
[2022-12-19 09:42:02]          941          940         3002          0
[2022-12-19 09:42:04]          941          940         3476          0
[2022-12-19 09:42:04] WR-BW(MiB/s) RD-BW(MiB/s)  TESTED(MiB)     ERRORS
[2022-12-19 09:42:05]          940          940         3950          0
[2022-12-19 09:42:06]          941          940          328          0
[2022-12-19 09:42:08]          941          940          802          0
[2022-12-19 09:42:09]          941          940         1276          0
[2022-12-19 09:42:11]          941          940         1749          0
[2022-12-19 09:42:12]          941          940         2223          0
[2022-12-19 09:42:14]          941          940         2697          0
[2022-12-19 09:42:15]          941          940         3171          0
[2022-12-19 09:42:15] WR-BW(MiB/s) RD-BW(MiB/s)  TESTED(MiB)     ERRORS
[2022-12-19 09:42:17]          940          940         3645          0
[2022-12-19 09:42:18]          941          940           23          0
[2022-12-19 09:42:20]          941          940          496          0
[2022-12-19 09:42:21]          941          940          970          0
[2022-12-19 09:42:22]          941          940         1444          0
[2022-12-19 09:42:24]          941          940         1918          0
[2022-12-19 09:42:25]          941          940         2392          0
[2022-12-19 09:42:27]          941          940         2866          0
[2022-12-19 09:42:27] WR-BW(MiB/s) RD-BW(MiB/s)  TESTED(MiB)     ERRORS
[2022-12-19 09:42:28]          940          940         3339          0
[2022-12-19 09:42:30]          941          940         3813          0
[2022-12-19 09:42:31]          941          940          191          0
[2022-12-19 09:42:33]          941          940          665          0
[2022-12-19 09:42:34]          941          940         1139          0
[2022-12-19 09:42:35]          941          940         1613          0
[2022-12-19 09:42:37]          941          940         2086          0
[2022-12-19 09:42:38]          941          940         2560          0
[2022-12-19 09:42:38] WR-BW(MiB/s) RD-BW(MiB/s)  TESTED(MiB)     ERRORS
[2022-12-19 09:42:40]          941          940         3034          0
[2022-12-19 09:42:41]          941          940         3508          0
[2022-12-19 09:42:43]          941          940         3982          0
[2022-12-19 09:42:44]          941          940          360          0
[2022-12-19 09:42:46]          941          940          834          0
[2022-12-19 09:42:47]          941          940         1307          0
[2022-12-19 09:42:49]          941          940         1781          0
[2022-12-19 09:42:50]          941          940         2255          0
[2022-12-19 09:42:50] WR-BW(MiB/s) RD-BW(MiB/s)  TESTED(MiB)     ERRORS
[2022-12-19 09:42:51]          940          940         2729          0
[2022-12-19 09:42:53]          941          940         3203          0
[2022-12-19 09:42:54]          941          940         3677          0
[2022-12-19 09:42:56]          941          940           54          0
[2022-12-19 09:42:57]          941          940          528          0
[2022-12-19 09:42:59]          941          940         1002          0
[2022-12-19 09:43:00]          941          940         1476          0
[2022-12-19 09:43:02]          941          940         1950          0
[2022-12-19 09:43:02] WR-BW(MiB/s) RD-BW(MiB/s)  TESTED(MiB)     ERRORS
[2022-12-19 09:43:03]          940          940         2424          0
[2022-12-19 09:43:05]          941          940         2897          0
[2022-12-19 09:43:06]          941          940         3371          0
[2022-12-19 09:43:07]          941          940         3845          0
[2022-12-19 09:43:09]          941          940          223          0
[2022-12-19 09:43:10]          941          940          697          0
[2022-12-19 09:43:12]          941          940         1171          0
[2022-12-19 09:43:13]          941          940         1644          0
[2022-12-19 09:43:13] WR-BW(MiB/s) RD-BW(MiB/s)  TESTED(MiB)     ERRORS
[2022-12-19 09:43:15]          941          940         2118          0
[2022-12-19 09:43:16]          941          940         2592          0
[2022-12-19 09:43:18]          941          940         3066          0
[2022-12-19 09:43:19]          941          940         3540          0
[2022-12-19 09:43:20]          941          940         4014          0
[2022-12-19 09:43:22]          941          940          391          0
[2022-12-19 09:43:23]          941          940          865          0
[2022-12-19 09:43:25]          941          940         1339          0
[2022-12-19 09:43:25] WR-BW(MiB/s) RD-BW(MiB/s)  TESTED(MiB)     ERRORS
[2022-12-19 09:43:26]          940          940         1813          0
[2022-12-19 09:43:28]          941          940         2287          0
[2022-12-19 09:43:29]          941          940         2761          0
[2022-12-19 09:43:31]          941          940         3234          0
[2022-12-19 09:43:32]          941          940         3708          0
[2022-12-19 09:43:34]          941          940           86          0
[2022-12-19 09:43:35]          941          940          560          0
[2022-12-19 09:43:36]          941          940         1034          0
[2022-12-19 09:43:36] WR-BW(MiB/s) RD-BW(MiB/s)  TESTED(MiB)     ERRORS
[2022-12-19 09:43:38]          941          940         1508          0
[2022-12-19 09:43:39]          941          940         1981          0
[2022-12-19 09:43:41]          941          940         2455          0
[2022-12-19 09:43:42]          941          940         2929          0
[2022-12-19 09:43:44]          941          940         3403          0
[2022-12-19 09:43:45]          941          940         3877          0
[2022-12-19 09:43:47]          941          940          255          0
[2022-12-19 09:43:48]          941          940          728          0
[2022-12-19 09:43:48] WR-BW(MiB/s) RD-BW(MiB/s)  TESTED(MiB)     ERRORS
[2022-12-19 09:43:50]          941          940         1202          0
[2022-12-19 09:43:51]          941          940         1676          0
[2022-12-19 09:43:52]          941          940         2150          0
[2022-12-19 09:43:54]          941          940         2624          0
[2022-12-19 09:43:55]          941          940         3098          0
[2022-12-19 09:43:57]          941          940         3571          0
[2022-12-19 09:43:58]          941          940         4045          0
[2022-12-19 09:44:00]          941          940          423          0
[2022-12-19 09:44:00] WR-BW(MiB/s) RD-BW(MiB/s)  TESTED(MiB)     ERRORS
[2022-12-19 09:44:01]          940          940          897          0
[2022-12-19 09:44:03]          941          940         1371          0
[2022-12-19 09:44:04]          941          940         1845          0
[2022-12-19 09:44:05]          941          940         2318          0
[2022-12-19 09:44:07]          941          940         2792          0
[2022-12-19 09:44:08]          941          940         3266          0
[2022-12-19 09:44:10]          941          940         3740          0
[2022-12-19 09:44:11]          941          940          118          0
[2022-12-19 09:44:11] WR-BW(MiB/s) RD-BW(MiB/s)  TESTED(MiB)     ERRORS
[2022-12-19 09:44:13]          941          940          592          0
[2022-12-19 09:44:14]          941          940         1065          0
[2022-12-19 09:44:16]          941          940         1539          0
[2022-12-19 09:44:17]          941          940         2013          0
[2022-12-19 09:44:19]          941          940         2487          0
[2022-12-19 09:44:20]          941          940         2961          0
[2022-12-19 09:44:21]          941          940         3435          0
[2022-12-19 09:44:23]          941          940         3908          0
[2022-12-19 09:44:23] WR-BW(MiB/s) RD-BW(MiB/s)  TESTED(MiB)     ERRORS
[2022-12-19 09:44:24]          940          940          286          0
[2022-12-19 09:44:26]          941          940          760          0
[2022-12-19 09:44:27]          941          940         1234          0
[2022-12-19 09:44:29]          941          940         1708          0
[2022-12-19 09:44:30]          941          940         2182          0
[2022-12-19 09:44:32]          941          940         2655          0
[2022-12-19 09:44:33]          941          940         3129          0
[2022-12-19 09:44:35]          941          940         3603          0
[2022-12-19 09:44:35] WR-BW(MiB/s) RD-BW(MiB/s)  TESTED(MiB)     ERRORS
[2022-12-19 09:44:36]          940          940         4077          0
[2022-12-19 09:44:37]          941          940          455          0
[2022-12-19 09:44:39]          941          940          929          0
[2022-12-19 09:44:40]          941          940         1402          0
[2022-12-19 09:44:42]          941          940         1876          0
[2022-12-19 09:44:43]          941          940         2350          0
[2022-12-19 09:44:45]          941          940         2824          0
[2022-12-19 09:44:46]          941          940         3298          0
[2022-12-19 09:44:46] WR-BW(MiB/s) RD-BW(MiB/s)  TESTED(MiB)     ERRORS
[2022-12-19 09:44:48]          940          940         3772          0
[2022-12-19 09:44:49]          941          940          149          0
[2022-12-19 09:44:50]          941          940          623          0
[2022-12-19 09:44:52]          941          940         1097          0
[2022-12-19 09:44:53]          941          940         1571          0
[2022-12-19 09:44:55]          941          940         2045          0
[2022-12-19 09:44:56]          941          940         2519          0
[2022-12-19 09:44:58]          941          940         2993          0
[2022-12-19 09:44:58] WR-BW(MiB/s) RD-BW(MiB/s)  TESTED(MiB)     ERRORS
[2022-12-19 09:44:59]          941          940         3466          0
[2022-12-19 09:45:01]          941          940         3940          0
[2022-12-19 09:45:02]          941          940          318          0
[2022-12-19 09:45:04]          941          940          792          0
[2022-12-19 09:45:05]          941          940         1266          0
[2022-12-19 09:45:06]          941          940         1740          0
[2022-12-19 09:45:08]          941          940         2213          0
[2022-12-19 09:45:09]          941          940         2687          0
[2022-12-19 09:45:09] WR-BW(MiB/s) RD-BW(MiB/s)  TESTED(MiB)     ERRORS
[2022-12-19 09:45:11]          941          940         3161          0
[2022-12-19 09:45:12]          941          940         3635          0
[2022-12-19 09:45:14]          941          940           13          0
[2022-12-19 09:45:15]          941          940          487          0
[2022-12-19 09:45:17]          941          940          960          0
[2022-12-19 09:45:18]          941          940         1434          0
[2022-12-19 09:45:20]          941          940         1908          0
[2022-12-19 09:45:21]          941          940         2382          0
[2022-12-19 09:45:21] WR-BW(MiB/s) RD-BW(MiB/s)  TESTED(MiB)     ERRORS
[2022-12-19 09:45:22]          940          940         2856          0
[2022-12-19 09:45:24]          941          940         3330          0
[2022-12-19 09:45:25]          941          940         3803          0
[2022-12-19 09:45:27]          941          940          181          0
[2022-12-19 09:45:28]          941          940          655          0
[2022-12-19 09:45:30]          941          940         1129          0
[2022-12-19 09:45:31]          941          940         1603          0
[2022-12-19 09:45:33]          941          940         2077          0
[2022-12-19 09:45:33] WR-BW(MiB/s) RD-BW(MiB/s)  TESTED(MiB)     ERRORS
[2022-12-19 09:45:34]          941          940         2550          0
[2022-12-19 09:45:35]          941          940         3024          0
[2022-12-19 09:45:37]          941          940         3498          0
[2022-12-19 09:45:38]          941          940         3972          0
[2022-12-19 09:45:40]          941          940          350          0
[2022-12-19 09:45:41]          941          940          824          0
[2022-12-19 09:45:43]          941          940         1297          0
[2022-12-19 09:45:44]          941          940         1771          0
[2022-12-19 09:45:44] WR-BW(MiB/s) RD-BW(MiB/s)  TESTED(MiB)     ERRORS
[2022-12-19 09:45:46]          940          940         2245          0
[2022-12-19 09:45:47]          941          940         2719          0
[2022-12-19 09:45:49]          941          940         3193          0
[2022-12-19 09:45:50]          941          940         3667          0
[2022-12-19 09:45:51]          941          940           44          0
[2022-12-19 09:45:53]          941          940          518          0
[2022-12-19 09:45:54]          941          940          992          0
[2022-12-19 09:45:56]          941          940         1466          0
[2022-12-19 09:45:56] WR-BW(MiB/s) RD-BW(MiB/s)  TESTED(MiB)     ERRORS
[2022-12-19 09:45:57]          940          940         1940          0
[2022-12-19 09:45:59]          941          940         2414          0
[2022-12-19 09:46:00]          941          940         2887          0
[2022-12-19 09:46:02]          941          940         3361          0
[2022-12-19 09:46:03]          941          940         3835          0
[2022-12-19 09:46:04]          941          940          213          0
[2022-12-19 09:46:06]          941          940          687          0
[2022-12-19 09:46:07]          941          940         1161          0
[2022-12-19 09:46:07] WR-BW(MiB/s) RD-BW(MiB/s)  TESTED(MiB)     ERRORS
[2022-12-19 09:46:09]          941          940         1634          0
[2022-12-19 09:46:10]          941          940         2108          0
[2022-12-19 09:46:12]          941          940         2582          0
[2022-12-19 09:46:13]          941          940         3056          0
[2022-12-19 09:46:15]          941          940         3530          0
[2022-12-19 09:46:16]          941          940         4004          0
[2022-12-19 09:46:18]          941          940          381          0
[2022-12-19 09:46:19]          941          940          855          0
[2022-12-19 09:46:19] WR-BW(MiB/s) RD-BW(MiB/s)  TESTED(MiB)     ERRORS
[2022-12-19 09:46:20]          941          940         1329          0
[2022-12-19 09:46:22]          941          940         1803          0
[2022-12-19 09:46:23]          941          940         2277          0
[2022-12-19 09:46:25]          941          940         2751          0
[2022-12-19 09:46:26]          941          940         3224          0
[2022-12-19 09:46:28]          941          940         3698          0
[2022-12-19 09:46:29]          941          940           76          0
[2022-12-19 09:46:31]          941          940          550          0
[2022-12-19 09:46:31] WR-BW(MiB/s) RD-BW(MiB/s)  TESTED(MiB)     ERRORS
[2022-12-19 09:46:32]          941          940         1024          0
[2022-12-19 09:46:34]          941          940         1498          0
[2022-12-19 09:46:35]          941          940         1971          0
[2022-12-19 09:46:36]          941          940         2445          0
[2022-12-19 09:46:38]          941          940         2919          0
[2022-12-19 09:46:39]          941          940         3393          0
[2022-12-19 09:46:41]          941          940         3867          0
[2022-12-19 09:46:42]          941          940          245          0
[2022-12-19 09:46:42] WR-BW(MiB/s) RD-BW(MiB/s)  TESTED(MiB)     ERRORS
[2022-12-19 09:46:44]          941          940          718          0
[2022-12-19 09:46:45]          941          940         1192          0
[2022-12-19 09:46:47]          941          940         1666          0
[2022-12-19 09:46:48]          941          940         2140          0
[2022-12-19 09:46:50]          941          940         2614          0
[2022-12-19 09:46:51]          941          940         3088          0
[2022-12-19 09:46:52]          941          940         3561          0
[2022-12-19 09:46:54]          941          940         4035          0
[2022-12-19 09:46:54] WR-BW(MiB/s) RD-BW(MiB/s)  TESTED(MiB)     ERRORS
[2022-12-19 09:46:55]          940          940          413          0
[2022-12-19 09:46:57]          941          940          887          0
[2022-12-19 09:46:58]          941          940         1361          0
[2022-12-19 09:47:00]          941          940         1835          0
[2022-12-19 09:47:01]          941          940         2308          0
[2022-12-19 09:47:03]          941          940         2782          0
[2022-12-19 09:47:04]          941          940         3256          0
[2022-12-19 09:47:05]          941          940         3730          0
[2022-12-19 09:47:05] WR-BW(MiB/s) RD-BW(MiB/s)  TESTED(MiB)     ERRORS
[2022-12-19 09:47:07]          941          940          108          0
[2022-12-19 09:47:08]          941          940          582          0
[2022-12-19 09:47:10]          941          940         1056          0
[2022-12-19 09:47:11]          941          940         1529          0
[2022-12-19 09:47:13]          941          940         2003          0
[2022-12-19 09:47:14]          941          940         2477          0
[2022-12-19 09:47:16]          941          940         2951          0
[2022-12-19 09:47:17]          941          940         3425          0
[2022-12-19 09:47:17] WR-BW(MiB/s) RD-BW(MiB/s)  TESTED(MiB)     ERRORS
[2022-12-19 09:47:19]          940          940         3899          0
[2022-12-19 09:47:20]          941          940          276          0
[2022-12-19 09:47:21]          941          940          750          0
[2022-12-19 09:47:23]          941          940         1224          0
[2022-12-19 09:47:24]          941          940         1698          0
[2022-12-19 09:47:26]          941          940         2172          0
[2022-12-19 09:47:27]          941          940         2646          0
[2022-12-19 09:47:29]          941          940         3119          0
[2022-12-19 09:47:29] WR-BW(MiB/s) RD-BW(MiB/s)  TESTED(MiB)     ERRORS
[2022-12-19 09:47:30]          940          940         3593          0
[2022-12-19 09:47:32]          941          940         4067          0
[2022-12-19 09:47:33]          941          940          445          0
[2022-12-19 09:47:34]          941          940          919          0
[2022-12-19 09:47:36]          941          940         1393          0
[2022-12-19 09:47:37]          941          940         1866          0
[2022-12-19 09:47:39]          941          940         2340          0
[2022-12-19 09:47:40]          941          940         2814          0
[2022-12-19 09:47:40] WR-BW(MiB/s) RD-BW(MiB/s)  TESTED(MiB)     ERRORS
[2022-12-19 09:47:42]          940          940         3288          0
[2022-12-19 09:47:43]          941          940         3762          0
[2022-12-19 09:47:45]          941          940          140          0
[2022-12-19 09:47:46]          941          940          613          0
[2022-12-19 09:47:48]          941          940         1087          0
[2022-12-19 09:47:49]          941          940         1561          0
[2022-12-19 09:47:50]          941          940         2035          0
[2022-12-19 09:47:52]          941          940         2509          0
[2022-12-19 09:47:52] WR-BW(MiB/s) RD-BW(MiB/s)  TESTED(MiB)     ERRORS
[2022-12-19 09:47:53]          940          940         2983          0
[2022-12-19 09:47:55]          941          940         3456          0
[2022-12-19 09:47:56]          941          940         3930          0
[2022-12-19 09:47:58]          941          940          308          0
[2022-12-19 09:47:59]          941          940          782          0
[2022-12-19 09:48:01]          941          940         1256          0
[2022-12-19 09:48:02]          941          940         1730          0
[2022-12-19 09:48:04]          941          940         2203          0
[2022-12-19 09:48:04] WR-BW(MiB/s) RD-BW(MiB/s)  TESTED(MiB)     ERRORS
[2022-12-19 09:48:05]          940          940         2677          0
[2022-12-19 09:48:06]          941          940         3151          0
[2022-12-19 09:48:08]          941          940         3625          0
[2022-12-19 09:48:09]          941          940            3          0
[2022-12-19 09:48:11]          941          940          477          0
[2022-12-19 09:48:12]          941          940          950          0
[2022-12-19 09:48:14]          941          940         1424          0
[2022-12-19 09:48:15]          941          940         1898          0
[2022-12-19 09:48:15] WR-BW(MiB/s) RD-BW(MiB/s)  TESTED(MiB)     ERRORS
[2022-12-19 09:48:17]          941          940         2372          0
[2022-12-19 09:48:18]          941          940         2846          0
[2022-12-19 09:48:19]          941          940         3320          0
[2022-12-19 09:48:21]          941          940         3793          0
[2022-12-19 09:48:22]          941          940          171          0
[2022-12-19 09:48:24]          941          940          645          0
[2022-12-19 09:48:25]          941          940         1119          0
[2022-12-19 09:48:27]          941          940         1593          0
[2022-12-19 09:48:27] WR-BW(MiB/s) RD-BW(MiB/s)  TESTED(MiB)     ERRORS
[2022-12-19 09:48:28]          941          940         2067          0
[2022-12-19 09:48:30]          941          940         2540          0
[2022-12-19 09:48:31]          941          940         3014          0
[2022-12-19 09:48:33]          941          940         3488          0
[2022-12-19 09:48:34]          941          940         3962          0
[2022-12-19 09:48:35]          941          940          340          0
[2022-12-19 09:48:37]          941          940          814          0
[2022-12-19 09:48:38]          941          940         1287          0
[2022-12-19 09:48:38] WR-BW(MiB/s) RD-BW(MiB/s)  TESTED(MiB)     ERRORS
[2022-12-19 09:48:40]          941          940         1761          0
[2022-12-19 09:48:41]          941          940         2235          0
[2022-12-19 09:48:43]          941          940         2709          0
[2022-12-19 09:48:44]          941          940         3183          0
[2022-12-19 09:48:46]          941          940         3657          0
[2022-12-19 09:48:47]          941          940           34          0
[2022-12-19 09:48:49]          941          940          508          0
[2022-12-19 09:48:50]          941          940          982          0
[2022-12-19 09:48:50] WR-BW(MiB/s) RD-BW(MiB/s)  TESTED(MiB)     ERRORS
[2022-12-19 09:48:51]          941          940         1456          0
[2022-12-19 09:48:53]          941          940         1930          0
[2022-12-19 09:48:54]          941          940         2404          0
[2022-12-19 09:48:56]          941          940         2877          0
[2022-12-19 09:48:57]          941          940         3351          0
[2022-12-19 09:48:59]          941          940         3825          0
[2022-12-19 09:49:00]          941          940          203          0
[2022-12-19 09:49:02]          941          940          677          0
[2022-12-19 09:49:02] WR-BW(MiB/s) RD-BW(MiB/s)  TESTED(MiB)     ERRORS
[2022-12-19 09:49:03]          941          940         1151          0
[2022-12-19 09:49:04]          941          940         1624          0
[2022-12-19 09:49:06]          941          940         2098          0
[2022-12-19 09:49:07]          941          940         2572          0
[2022-12-19 09:49:09]          941          940         3046          0
[2022-12-19 09:49:10]          941          940         3520          0
[2022-12-19 09:49:12]          941          940         3994          0
[2022-12-19 09:49:13]          941          940          371          0
[2022-12-19 09:49:13] WR-BW(MiB/s) RD-BW(MiB/s)  TESTED(MiB)     ERRORS
[2022-12-19 09:49:15]          941          940          845          0
[2022-12-19 09:49:16]          941          940         1319          0
[2022-12-19 09:49:18]          941          940         1793          0
[2022-12-19 09:49:19]          941          940         2267          0
[2022-12-19 09:49:20]          941          940         2741          0
[2022-12-19 09:49:22]          941          940         3214          0
[2022-12-19 09:49:23]          941          940         3688          0
[2022-12-19 09:49:25]          941          940           66          0
[2022-12-19 09:49:25] WR-BW(MiB/s) RD-BW(MiB/s)  TESTED(MiB)     ERRORS
[2022-12-19 09:49:26]          941          940          540          0
[2022-12-19 09:49:28]          941          940         1014          0
[2022-12-19 09:49:29]          941          940         1488          0
[2022-12-19 09:49:31]          941          940         1962          0
[2022-12-19 09:49:32]          941          940         2435          0
[2022-12-19 09:49:34]          941          940         2909          0
[2022-12-19 09:49:35]          941          940         3383          0
[2022-12-19 09:49:36]          941          940         3857          0
[2022-12-19 09:49:36] WR-BW(MiB/s) RD-BW(MiB/s)  TESTED(MiB)     ERRORS
[2022-12-19 09:49:38]          940          940          235          0
[2022-12-19 09:49:39]          941          940          709          0
[2022-12-19 09:49:41]          941          940         1182          0
[2022-12-19 09:49:42]          941          940         1656          0
[2022-12-19 09:49:44]          941          940         2130          0
[2022-12-19 09:49:45]          941          940         2604          0
[2022-12-19 09:49:47]          941          940         3078          0
[2022-12-19 09:49:48]          941          940         3552          0
[2022-12-19 09:49:48] WR-BW(MiB/s) RD-BW(MiB/s)  TESTED(MiB)     ERRORS
[2022-12-19 09:49:49]          940          940         4025          0
[2022-12-19 09:49:51]          941          940          403          0
[2022-12-19 09:49:52]          941          940          877          0
[2022-12-19 09:49:54]          941          940         1351          0
[2022-12-19 09:49:55]          941          940         1825          0
[2022-12-19 09:49:57]          941          940         2299          0
[2022-12-19 09:49:58]          941          940         2772          0
[2022-12-19 09:50:00]          941          940         3246          0
[2022-12-19 09:50:00] WR-BW(MiB/s) RD-BW(MiB/s)  TESTED(MiB)     ERRORS
[2022-12-19 09:50:01]          940          940         3720          0
[2022-12-19 09:50:03]          941          940           98          0
[2022-12-19 09:50:04]          941          940          572          0
[2022-12-19 09:50:05]          941          940         1046          0
[2022-12-19 09:50:07]          941          940         1519          0
[2022-12-19 09:50:08]          941          940         1993          0
[2022-12-19 09:50:10]          941          940         2467          0
[2022-12-19 09:50:11]          941          940         2941          0
[2022-12-19 09:50:11] WR-BW(MiB/s) RD-BW(MiB/s)  TESTED(MiB)     ERRORS
[2022-12-19 09:50:13]          941          940         3415          0
[2022-12-19 09:50:14]          941          940         3889          0
[2022-12-19 09:50:16]          941          940          266          0
[2022-12-19 09:50:17]          941          940          740          0
[2022-12-19 09:50:19]          941          940         1214          0
[2022-12-19 09:50:20]          941          940         1688          0
[2022-12-19 09:50:21]          941          940         2162          0
[2022-12-19 09:50:23]          941          940         2636          0
[2022-12-19 09:50:23] WR-BW(MiB/s) RD-BW(MiB/s)  TESTED(MiB)     ERRORS
[2022-12-19 09:50:24]          941          940         3109          0
[2022-12-19 09:50:26]          941          940         3583          0
[2022-12-19 09:50:27]          941          940         4057          0
[2022-12-19 09:50:29]          941          940          435          0
[2022-12-19 09:50:30]          941          940          909          0
[2022-12-19 09:50:32]          941          940         1383          0
[2022-12-19 09:50:33]          941          940         1856          0
[2022-12-19 09:50:34]          941          940         2330          0
[2022-12-19 09:50:34] WR-BW(MiB/s) RD-BW(MiB/s)  TESTED(MiB)     ERRORS
[2022-12-19 09:50:36]          940          940         2804          0
[2022-12-19 09:50:37]          941          940         3278          0
[2022-12-19 09:50:39]          941          940         3752          0
[2022-12-19 09:50:40]          941          940          130          0
[2022-12-19 09:50:42]          941          940          603          0
[2022-12-19 09:50:43]          941          940         1077          0
[2022-12-19 09:50:45]          941          940         1551          0
[2022-12-19 09:50:46]          941          940         2025          0
[2022-12-19 09:50:46] WR-BW(MiB/s) RD-BW(MiB/s)  TESTED(MiB)     ERRORS
[2022-12-19 09:50:48]          941          940         2499          0
[2022-12-19 09:50:49]          941          940         2973          0
[2022-12-19 09:50:50]          941          940         3446          0
[2022-12-19 09:50:52]          941          940         3920          0
[2022-12-19 09:50:53]          941          940          298          0
[2022-12-19 09:50:55]          941          940          772          0
[2022-12-19 09:50:56]          941          940         1246          0
[2022-12-19 09:50:58]          941          940         1720          0
[2022-12-19 09:50:58] WR-BW(MiB/s) RD-BW(MiB/s)  TESTED(MiB)     ERRORS
[2022-12-19 09:50:59]          941          940         2193          0
[2022-12-19 09:51:01]          941          940         2667          0
[2022-12-19 09:51:02]          941          940         3141          0
[2022-12-19 09:51:04]          941          940         3615          0
[2022-12-19 09:51:05]          941          940         4089          0
[2022-12-19 09:51:06]          941          940          467          0
[2022-12-19 09:51:08]          941          940          940          0
[2022-12-19 09:51:09]          941          940         1414          0
[2022-12-19 09:51:09] WR-BW(MiB/s) RD-BW(MiB/s)  TESTED(MiB)     ERRORS
[2022-12-19 09:51:11]          941          940         1888          0
[2022-12-19 09:51:12]          941          940         2362          0
[2022-12-19 09:51:14]          941          940         2836          0
[2022-12-19 09:51:15]          941          940         3310          0
[2022-12-19 09:51:17]          941          940         3783          0
[2022-12-19 09:51:18]          941          940          161          0
[2022-12-19 09:51:19]          941          940          635          0
[2022-12-19 09:51:21]          941          940         1109          0
[2022-12-19 09:51:21] WR-BW(MiB/s) RD-BW(MiB/s)  TESTED(MiB)     ERRORS
[2022-12-19 09:51:22]          941          940         1583          0
[2022-12-19 09:51:24]          941          940         2057          0
[2022-12-19 09:51:25]          941          940         2530          0
[2022-12-19 09:51:27]          941          940         3004          0
[2022-12-19 09:51:28]          941          940         3478          0
[2022-12-19 09:51:30]          941          940         3952          0
[2022-12-19 09:51:31]          941          940          330          0
[2022-12-19 09:51:33]          941          940          804          0
[2022-12-19 09:51:33] WR-BW(MiB/s) RD-BW(MiB/s)  TESTED(MiB)     ERRORS
[2022-12-19 09:51:34]          941          940         1278          0
[2022-12-19 09:51:35]          941          940         1751          0
[2022-12-19 09:51:37]          941          940         2225          0
[2022-12-19 09:51:38]          941          940         2699          0
[2022-12-19 09:51:40]          941          940         3173          0
[2022-12-19 09:51:41]          941          940         3647          0
[2022-12-19 09:51:43]          941          940           25          0
[2022-12-19 09:51:44]          941          940          498          0
[2022-12-19 09:51:44] WR-BW(MiB/s) RD-BW(MiB/s)  TESTED(MiB)     ERRORS
[2022-12-19 09:51:46]          941          940          972          0
[2022-12-19 09:51:47]          941          940         1446          0
[2022-12-19 09:51:49]          941          940         1920          0
[2022-12-19 09:51:50]          941          940         2394          0
[2022-12-19 09:51:51]          941          940         2868          0
[2022-12-19 09:51:53]          941          940         3341          0
[2022-12-19 09:51:54]          941          940         3815          0
[2022-12-19 09:51:56]          941          940          193          0
[2022-12-19 09:51:56] WR-BW(MiB/s) RD-BW(MiB/s)  TESTED(MiB)     ERRORS
[2022-12-19 09:51:57]          941          940          667          0
[2022-12-19 09:51:59]          941          940         1141          0
[2022-12-19 09:52:00]          941          940         1615          0
[2022-12-19 09:52:02]          941          940         2088          0
[2022-12-19 09:52:03]          941          940         2562          0
[2022-12-19 09:52:04]          941          940         3036          0
[2022-12-19 09:52:06]          941          940         3510          0
[2022-12-19 09:52:07]          941          940         3984          0
[2022-12-19 09:52:07] WR-BW(MiB/s) RD-BW(MiB/s)  TESTED(MiB)     ERRORS
[2022-12-19 09:52:09]          940          940          362          0
[2022-12-19 09:52:10]          941          940          835          0
[2022-12-19 09:52:12]          941          940         1309          0
[2022-12-19 09:52:13]          941          940         1783          0
[2022-12-19 09:52:15]          941          940         2257          0
[2022-12-19 09:52:16]          941          940         2731          0
[2022-12-19 09:52:18]          941          940         3205          0
[2022-12-19 09:52:19]          941          940         3678          0
[2022-12-19 09:52:19] WR-BW(MiB/s) RD-BW(MiB/s)  TESTED(MiB)     ERRORS
[2022-12-19 09:52:20]          940          940           56          0
[2022-12-19 09:52:22]          941          940          530          0
[2022-12-19 09:52:23]          941          940         1004          0
[2022-12-19 09:52:25]          941          940         1478          0
[2022-12-19 09:52:26]          941          940         1952          0
[2022-12-19 09:52:28]          941          940         2425          0
[2022-12-19 09:52:29]          941          940         2899          0
[2022-12-19 09:52:31]          941          940         3373          0
[2022-12-19 09:52:31] WR-BW(MiB/s) RD-BW(MiB/s)  TESTED(MiB)     ERRORS
[2022-12-19 09:52:32]          940          940         3847          0
[2022-12-19 09:52:33]          941          940          225          0
[2022-12-19 09:52:35]          941          940          699          0
[2022-12-19 09:52:36]          941          940         1172          0
[2022-12-19 09:52:38]          941          940         1646          0
[2022-12-19 09:52:39]          941          940         2120          0
[2022-12-19 09:52:41]          941          940         2594          0
[2022-12-19 09:52:42]          941          940         3068          0
[2022-12-19 09:52:42] WR-BW(MiB/s) RD-BW(MiB/s)  TESTED(MiB)     ERRORS
[2022-12-19 09:52:44]          940          940         3542          0
[2022-12-19 09:52:45]          941          940         4015          0
[2022-12-19 09:52:47]          941          940          393          0
[2022-12-19 09:52:48]          941          940          867          0
[2022-12-19 09:52:49]          941          940         1341          0
[2022-12-19 09:52:51]          941          940         1815          0
[2022-12-19 09:52:52]          941          940         2289          0
[2022-12-19 09:52:54]          941          940         2762          0
[2022-12-19 09:52:54] WR-BW(MiB/s) RD-BW(MiB/s)  TESTED(MiB)     ERRORS
[2022-12-19 09:52:55]          941          940         3236          0
[2022-12-19 09:52:57]          941          940         3710          0
[2022-12-19 09:52:58]          941          940           88          0
[2022-12-19 09:53:00]          941          940          562          0
[2022-12-19 09:53:01]          941          940         1036          0
[2022-12-19 09:53:03]          941          940         1509          0
[2022-12-19 09:53:04]          941          940         1983          0
[2022-12-19 09:53:05]          941          940         2457          0
[2022-12-19 09:53:05] WR-BW(MiB/s) RD-BW(MiB/s)  TESTED(MiB)     ERRORS
[2022-12-19 09:53:07]          940          940         2931          0
[2022-12-19 09:53:08]          941          940         3405          0
[2022-12-19 09:53:10]          941          940         3879          0
[2022-12-19 09:53:11]          941          940          256          0
[2022-12-19 09:53:13]          941          940          730          0
[2022-12-19 09:53:14]          941          940         1204          0
[2022-12-19 09:53:16]          941          940         1678          0
[2022-12-19 09:53:17]          941          940         2152          0
[2022-12-19 09:53:17] WR-BW(MiB/s) RD-BW(MiB/s)  TESTED(MiB)     ERRORS
[2022-12-19 09:53:18]          941          940         2626          0
[2022-12-19 09:53:20]          941          940         3099          0
[2022-12-19 09:53:21]          941          940         3573          0
[2022-12-19 09:53:23]          941          940         4047          0
[2022-12-19 09:53:24]          941          940          425          0
[2022-12-19 09:53:26]          941          940          899          0
[2022-12-19 09:53:27]          941          940         1373          0
[2022-12-19 09:53:29]          941          940         1846          0
[2022-12-19 09:53:29] WR-BW(MiB/s) RD-BW(MiB/s)  TESTED(MiB)     ERRORS
[2022-12-19 09:53:30]          940          940         2320          0
[2022-12-19 09:53:32]          941          940         2794          0
[2022-12-19 09:53:33]          941          940         3268          0
[2022-12-19 09:53:34]          941          940         3742          0
[2022-12-19 09:53:36]          941          940          120          0
[2022-12-19 09:53:37]          941          940          593          0
[2022-12-19 09:53:39]          941          940         1067          0
[2022-12-19 09:53:40]          941          940         1541          0
[2022-12-19 09:53:40] WR-BW(MiB/s) RD-BW(MiB/s)  TESTED(MiB)     ERRORS
[2022-12-19 09:53:42]          940          940         2015          0
[2022-12-19 09:53:43]          941          940         2489          0
[2022-12-19 09:53:45]          941          940         2963          0
[2022-12-19 09:53:46]          941          940         3436          0
[2022-12-19 09:53:48]          941          940         3910          0
[2022-12-19 09:53:49]          941          940          288          0
[2022-12-19 09:53:50]          941          940          762          0
[2022-12-19 09:53:52]          941          940         1236          0
[2022-12-19 09:53:52] WR-BW(MiB/s) RD-BW(MiB/s)  TESTED(MiB)     ERRORS
[2022-12-19 09:53:53]          941          940         1710          0
[2022-12-19 09:53:55]          941          940         2184          0
[2022-12-19 09:53:56]          941          940         2657          0
[2022-12-19 09:53:58]          941          940         3131          0
[2022-12-19 09:53:59]          941          940         3605          0
[2022-12-19 09:54:01]          941          940         4079          0
[2022-12-19 09:54:02]          941          940          457          0
[2022-12-19 09:54:03]          941          940          931          0
[2022-12-19 09:54:03] WR-BW(MiB/s) RD-BW(MiB/s)  TESTED(MiB)     ERRORS
[2022-12-19 09:54:05]          941          940         1404          0
[2022-12-19 09:54:06]          941          940         1878          0
[2022-12-19 09:54:08]          941          940         2352          0
[2022-12-19 09:54:09]          941          940         2826          0
[2022-12-19 09:54:11]          941          940         3300          0
[2022-12-19 09:54:12]          941          940         3774          0
[2022-12-19 09:54:14]          941          940          151          0
[2022-12-19 09:54:15]          941          940          625          0
[2022-12-19 09:54:15] WR-BW(MiB/s) RD-BW(MiB/s)  TESTED(MiB)     ERRORS
[2022-12-19 09:54:17]          941          940         1099          0
[2022-12-19 09:54:18]          941          940         1573          0
[2022-12-19 09:54:19]          941          940         2047          0
[2022-12-19 09:54:21]          941          940         2521          0
[2022-12-19 09:54:22]          941          940         2994          0
[2022-12-19 09:54:24]          941          940         3468          0
[2022-12-19 09:54:25]          941          940         3942          0
[2022-12-19 09:54:27]          941          940          320          0
[2022-12-19 09:54:27] WR-BW(MiB/s) RD-BW(MiB/s)  TESTED(MiB)     ERRORS
[2022-12-19 09:54:28]          941          940          794          0
[2022-12-19 09:54:30]          941          940         1268          0
[2022-12-19 09:54:31]          941          940         1741          0
[2022-12-19 09:54:33]          941          940         2215          0
[2022-12-19 09:54:34]          941          940         2689          0
[2022-12-19 09:54:35]          941          940         3163          0
[2022-12-19 09:54:37]          941          940         3637          0
[2022-12-19 09:54:38]          941          940           15          0
[2022-12-19 09:54:38] WR-BW(MiB/s) RD-BW(MiB/s)  TESTED(MiB)     ERRORS
[2022-12-19 09:54:40]          941          940          488          0
[2022-12-19 09:54:41]          941          940          962          0
[2022-12-19 09:54:43]          941          940         1436          0
[2022-12-19 09:54:44]          941          940         1910          0
[2022-12-19 09:54:46]          941          940         2384          0
[2022-12-19 09:54:47]          941          940         2858          0
[2022-12-19 09:54:48]          941          940         3331          0
[2022-12-19 09:54:50]          941          940         3805          0
[2022-12-19 09:54:50] WR-BW(MiB/s) RD-BW(MiB/s)  TESTED(MiB)     ERRORS
[2022-12-19 09:54:51]          941          940          183          0
[2022-12-19 09:54:53]          941          940          657          0
[2022-12-19 09:54:54]          941          940         1131          0
[2022-12-19 09:54:56]          941          940         1605          0
[2022-12-19 09:54:57]          941          940         2078          0
[2022-12-19 09:54:59]          941          940         2552          0
[2022-12-19 09:55:00]          941          940         3026          0
[2022-12-19 09:55:02]          941          940         3500          0
[2022-12-19 09:55:02] WR-BW(MiB/s) RD-BW(MiB/s)  TESTED(MiB)     ERRORS
[2022-12-19 09:55:03]          941          940         3974          0
[2022-12-19 09:55:04]          941          940          352          0
[2022-12-19 09:55:06]          941          940          825          0
[2022-12-19 09:55:07]          941          940         1299          0
[2022-12-19 09:55:09]          941          940         1773          0
[2022-12-19 09:55:10]          941          940         2247          0
[2022-12-19 09:55:12]          941          940         2721          0
[2022-12-19 09:55:13]          941          940         3195          0
[2022-12-19 09:55:13] WR-BW(MiB/s) RD-BW(MiB/s)  TESTED(MiB)     ERRORS
[2022-12-19 09:55:15]          941          940         3668          0
[2022-12-19 09:55:16]          941          940           46          0
[2022-12-19 09:55:18]          941          940          520          0
[2022-12-19 09:55:19]          941          940          994          0
[2022-12-19 09:55:20]          941          940         1468          0
[2022-12-19 09:55:22]          941          940         1942          0
[2022-12-19 09:55:23]          941          940         2415          0
[2022-12-19 09:55:25]          941          940         2889          0
[2022-12-19 09:55:25] WR-BW(MiB/s) RD-BW(MiB/s)  TESTED(MiB)     ERRORS
[2022-12-19 09:55:26]          941          940         3363          0
[2022-12-19 09:55:28]          941          940         3837          0
[2022-12-19 09:55:29]          941          940          215          0
[2022-12-19 09:55:31]          941          940          689          0
[2022-12-19 09:55:32]          941          940         1162          0
[2022-12-19 09:55:33]          941          940         1636          0
[2022-12-19 09:55:35]          941          940         2110          0
[2022-12-19 09:55:36]          941          940         2584          0
[2022-12-19 09:55:36] WR-BW(MiB/s) RD-BW(MiB/s)  TESTED(MiB)     ERRORS
[2022-12-19 09:55:38]          941          940         3058          0
[2022-12-19 09:55:39]          941          940         3532          0
[2022-12-19 09:55:41]          941          940         4005          0
[2022-12-19 09:55:42]          941          940          383          0
[2022-12-19 09:55:44]          941          940          857          0
[2022-12-19 09:55:45]          941          940         1331          0
[2022-12-19 09:55:47]          941          940         1805          0
[2022-12-19 09:55:48]          941          940         2279          0
[2022-12-19 09:55:48] WR-BW(MiB/s) RD-BW(MiB/s)  TESTED(MiB)     ERRORS
[2022-12-19 09:55:49]          940          940         2752          0
[2022-12-19 09:55:51]          941          940         3226          0
[2022-12-19 09:55:52]          941          940         3700          0
[2022-12-19 09:55:54]          941          940           78          0
[2022-12-19 09:55:55]          941          940          552          0
[2022-12-19 09:55:57]          941          940         1026          0
[2022-12-19 09:55:58]          941          940         1500          0
[2022-12-19 09:56:00]          941          940         1973          0
[2022-12-19 09:56:00] WR-BW(MiB/s) RD-BW(MiB/s)  TESTED(MiB)     ERRORS
[2022-12-19 09:56:01]          940          940         2447          0
[2022-12-19 09:56:03]          941          940         2921          0
[2022-12-19 09:56:04]          941          940         3395          0
[2022-12-19 09:56:05]          941          940         3869          0
[2022-12-19 09:56:07]          941          940          247          0
[2022-12-19 09:56:08]          941          940          720          0
[2022-12-19 09:56:10]          941          940         1194          0
[2022-12-19 09:56:11]          941          940         1668          0
[2022-12-19 09:56:11] WR-BW(MiB/s) RD-BW(MiB/s)  TESTED(MiB)     ERRORS
[2022-12-19 09:56:13]          940          940         2142          0
[2022-12-19 09:56:14]          941          940         2616          0
[2022-12-19 09:56:16]          941          940         3090          0
[2022-12-19 09:56:17]          941          940         3563          0
[2022-12-19 09:56:18]          941          940         4037          0
[2022-12-19 09:56:20]          941          940          415          0
[2022-12-19 09:56:21]          941          940          889          0
[2022-12-19 09:56:23]          941          940         1363          0
[2022-12-19 09:56:23] WR-BW(MiB/s) RD-BW(MiB/s)  TESTED(MiB)     ERRORS
[2022-12-19 09:56:24]          940          940         1837          0
[2022-12-19 09:56:26]          941          940         2310          0
[2022-12-19 09:56:27]          941          940         2784          0
[2022-12-19 09:56:29]          941          940         3258          0
[2022-12-19 09:56:30]          941          940         3732          0
[2022-12-19 09:56:32]          941          940          110          0
[2022-12-19 09:56:33]          941          940          584          0
[2022-12-19 09:56:34]          941          940         1057          0
[2022-12-19 09:56:34] WR-BW(MiB/s) RD-BW(MiB/s)  TESTED(MiB)     ERRORS
[2022-12-19 09:56:36]          941          940         1531          0
[2022-12-19 09:56:37]          941          940         2005          0
[2022-12-19 09:56:39]          941          940         2479          0
[2022-12-19 09:56:40]          941          940         2953          0
[2022-12-19 09:56:42]          941          940         3427          0
[2022-12-19 09:56:43]          941          940         3900          0
[2022-12-19 09:56:45]          941          940          278          0
[2022-12-19 09:56:46]          941          940          752          0
[2022-12-19 09:56:46] WR-BW(MiB/s) RD-BW(MiB/s)  TESTED(MiB)     ERRORS
[2022-12-19 09:56:47]          941          940         1226          0
[2022-12-19 09:56:49]          941          940         1700          0
[2022-12-19 09:56:50]          941          940         2174          0
[2022-12-19 09:56:52]          941          940         2647          0
[2022-12-19 09:56:53]          941          940         3121          0
[2022-12-19 09:56:55]          941          940         3595          0
[2022-12-19 09:56:56]          941          940         4069          0
[2022-12-19 09:56:58]          941          940          447          0
[2022-12-19 09:56:58] WR-BW(MiB/s) RD-BW(MiB/s)  TESTED(MiB)     ERRORS
[2022-12-19 09:56:59]          941          940          921          0
[2022-12-19 09:57:01]          941          940         1394          0
[2022-12-19 09:57:02]          941          940         1868          0
[2022-12-19 09:57:03]          941          940         2342          0
[2022-12-19 09:57:05]          941          940         2816          0
[2022-12-19 09:57:06]          941          940         3290          0
[2022-12-19 09:57:08]          941          940         3764          0
[2022-12-19 09:57:09]          941          940          141          0
[2022-12-19 09:57:09] WR-BW(MiB/s) RD-BW(MiB/s)  TESTED(MiB)     ERRORS
[2022-12-19 09:57:11]          941          940          615          0
[2022-12-19 09:57:12]          941          940         1089          0
[2022-12-19 09:57:14]          941          940         1563          0
[2022-12-19 09:57:15]          941          940         2037          0
[2022-12-19 09:57:17]          941          940         2511          0
[2022-12-19 09:57:18]          941          940         2984          0
[2022-12-19 09:57:19]          941          940         3458          0
[2022-12-19 09:57:21]          941          940         3932          0
[2022-12-19 09:57:21] WR-BW(MiB/s) RD-BW(MiB/s)  TESTED(MiB)     ERRORS
[2022-12-19 09:57:22]          941          940          310          0
[2022-12-19 09:57:24]          941          940          784          0
[2022-12-19 09:57:25]          941          940         1258          0
[2022-12-19 09:57:27]          941          940         1731          0
[2022-12-19 09:57:28]          941          940         2205          0
[2022-12-19 09:57:30]          941          940         2679          0
[2022-12-19 09:57:31]          941          940         3153          0
[2022-12-19 09:57:33]          941          940         3627          0
[2022-12-19 09:57:33] WR-BW(MiB/s) RD-BW(MiB/s)  TESTED(MiB)     ERRORS
[2022-12-19 09:57:34]          940          940            5          0
[2022-12-19 09:57:35]          941          940          478          0
[2022-12-19 09:57:37]          941          940          952          0
[2022-12-19 09:57:38]          941          940         1426          0
[2022-12-19 09:57:40]          941          940         1900          0
[2022-12-19 09:57:41]          941          940         2374          0
[2022-12-19 09:57:43]          941          940         2848          0
[2022-12-19 09:57:44]          941          940         3321          0
[2022-12-19 09:57:44] WR-BW(MiB/s) RD-BW(MiB/s)  TESTED(MiB)     ERRORS
[2022-12-19 09:57:46]          941          940         3795          0
[2022-12-19 09:57:47]          941          940          173          0
[2022-12-19 09:57:48]          941          940          647          0
[2022-12-19 09:57:50]          941          940         1121          0
[2022-12-19 09:57:51]          941          940         1595          0
[2022-12-19 09:57:53]          941          940         2069          0
[2022-12-19 09:57:54]          941          940         2542          0
[2022-12-19 09:57:56]          941          940         3016          0
[2022-12-19 09:57:56] WR-BW(MiB/s) RD-BW(MiB/s)  TESTED(MiB)     ERRORS
[2022-12-19 09:57:57]          941          940         3490          0
[2022-12-19 09:57:59]          941          940         3964          0
[2022-12-19 09:58:00]          941          940          342          0
[2022-12-19 09:58:02]          941          940          816          0
[2022-12-19 09:58:03]          941          940         1289          0
[2022-12-19 09:58:04]          941          940         1763          0
[2022-12-19 09:58:06]          941          940         2237          0
[2022-12-19 09:58:07]          941          940         2711          0
[2022-12-19 09:58:07] WR-BW(MiB/s) RD-BW(MiB/s)  TESTED(MiB)     ERRORS
[2022-12-19 09:58:09]          941          940         3185          0
[2022-12-19 09:58:10]          941          940         3659          0
[2022-12-19 09:58:12]          941          940           36          0
[2022-12-19 09:58:13]          941          940          510          0
[2022-12-19 09:58:15]          941          940          984          0
[2022-12-19 09:58:16]          941          940         1458          0
[2022-12-19 09:58:17]          941          940         1932          0
[2022-12-19 09:58:19]          941          940         2406          0
[2022-12-19 09:58:19] WR-BW(MiB/s) RD-BW(MiB/s)  TESTED(MiB)     ERRORS
[2022-12-19 09:58:20]          940          940         2879          0
[2022-12-19 09:58:22]          941          940         3353          0
[2022-12-19 09:58:23]          941          940         3827          0
[2022-12-19 09:58:25]          941          940          205          0
[2022-12-19 09:58:26]          941          940          679          0
[2022-12-19 09:58:28]          941          940         1153          0
[2022-12-19 09:58:29]          941          940         1626          0
[2022-12-19 09:58:31]          941          940         2100          0
[2022-12-19 09:58:31] WR-BW(MiB/s) RD-BW(MiB/s)  TESTED(MiB)     ERRORS
[2022-12-19 09:58:32]          941          940         2574          0
[2022-12-19 09:58:33]          941          940         3048          0
[2022-12-19 09:58:35]          941          940         3522          0
[2022-12-19 09:58:36]          941          940         3996          0
[2022-12-19 09:58:38]          941          940          373          0
[2022-12-19 09:58:39]          941          940          847          0
[2022-12-19 09:58:41]          941          940         1321          0
[2022-12-19 09:58:42]          941          940         1795          0
[2022-12-19 09:58:42] WR-BW(MiB/s) RD-BW(MiB/s)  TESTED(MiB)     ERRORS
[2022-12-19 09:58:44]          940          940         2269          0
[2022-12-19 09:58:45]          941          940         2743          0
[2022-12-19 09:58:47]          941          940         3216          0
[2022-12-19 09:58:48]          941          940         3690          0
[2022-12-19 09:58:49]          941          940           68          0
[2022-12-19 09:58:51]          941          940          542          0
[2022-12-19 09:58:52]          941          940         1016          0
[2022-12-19 09:58:54]          941          940         1490          0
[2022-12-19 09:58:54] WR-BW(MiB/s) RD-BW(MiB/s)  TESTED(MiB)     ERRORS
[2022-12-19 09:58:55]          940          940         1963          0
[2022-12-19 09:58:57]          941          940         2437          0
[2022-12-19 09:58:58]          941          940         2911          0
[2022-12-19 09:59:00]          941          940         3385          0
[2022-12-19 09:59:01]          941          940         3859          0
[2022-12-19 09:59:02]          941          940          237          0
[2022-12-19 09:59:04]          941          940          710          0
[2022-12-19 09:59:05]          941          940         1184          0
[2022-12-19 09:59:05] WR-BW(MiB/s) RD-BW(MiB/s)  TESTED(MiB)     ERRORS
[2022-12-19 09:59:07]          940          940         1658          0
[2022-12-19 09:59:08]          941          940         2132          0
[2022-12-19 09:59:10]          941          940         2606          0
[2022-12-19 09:59:11]          941          940         3080          0
[2022-12-19 09:59:13]          941          940         3553          0
[2022-12-19 09:59:14]          941          940         4027          0
[2022-12-19 09:59:16]          941          940          405          0
[2022-12-19 09:59:17]          941          940          879          0
[2022-12-19 09:59:17] WR-BW(MiB/s) RD-BW(MiB/s)  TESTED(MiB)     ERRORS
[2022-12-19 09:59:18]          941          940         1353          0
[2022-12-19 09:59:20]          941          940         1827          0
[2022-12-19 09:59:21]          941          940         2300          0
[2022-12-19 09:59:23]          941          940         2774          0
[2022-12-19 09:59:24]          941          940         3248          0
[2022-12-19 09:59:26]          941          940         3722          0
[2022-12-19 09:59:27]          941          940          100          0
[2022-12-19 09:59:29]          941          940          574          0
[2022-12-19 09:59:29] WR-BW(MiB/s) RD-BW(MiB/s)  TESTED(MiB)     ERRORS
[2022-12-19 09:59:30]          941          940         1047          0
[2022-12-19 09:59:32]          941          940         1521          0
[2022-12-19 09:59:33]          941          940         1995          0
[2022-12-19 09:59:34]          941          940         2469          0
[2022-12-19 09:59:36]          941          940         2943          0
[2022-12-19 09:59:37]          941          940         3417          0
[2022-12-19 09:59:39]          941          940         3890          0
[2022-12-19 09:59:40]          941          940          268          0
[2022-12-19 09:59:40] WR-BW(MiB/s) RD-BW(MiB/s)  TESTED(MiB)     ERRORS
[2022-12-19 09:59:42]          941          940          742          0
[2022-12-19 09:59:43]          941          940         1216          0
[2022-12-19 09:59:45]          941          940         1690          0
[2022-12-19 09:59:46]          941          940         2164          0
[2022-12-19 09:59:47]          941          940         2637          0
[2022-12-19 09:59:49]          941          940         3111          0
[2022-12-19 09:59:50]          941          940         3585          0
[2022-12-19 09:59:52]          941          940         4059          0
[2022-12-19 09:59:52] WR-BW(MiB/s) RD-BW(MiB/s)  TESTED(MiB)     ERRORS
[2022-12-19 09:59:53]          941          940          437          0
[2022-12-19 09:59:55]          941          940          911          0
[2022-12-19 09:59:56]          941          940         1384          0
[2022-12-19 09:59:58]          941          940         1858          0
[2022-12-19 09:59:59]          941          940         2332          0
[2022-12-19 10:00:01]          941          940         2806          0
[2022-12-19 10:00:02]          941          940         3280          0
[2022-12-19 10:00:03]          941          940         3754          0
[2022-12-19 10:00:03] WR-BW(MiB/s) RD-BW(MiB/s)  TESTED(MiB)     ERRORS
[2022-12-19 10:00:05]          940          940          132          0
[2022-12-19 10:00:06]          941          940          605          0
[2022-12-19 10:00:08]          941          940         1079          0
[2022-12-19 10:00:09]          941          940         1553          0
[2022-12-19 10:00:11]          941          940         2027          0
[2022-12-19 10:00:12]          941          940         2501          0
[2022-12-19 10:00:14]          941          940         2975          0
[2022-12-19 10:00:15]          941          940         3448          0
[2022-12-19 10:00:15] WR-BW(MiB/s) RD-BW(MiB/s)  TESTED(MiB)     ERRORS
[2022-12-19 10:00:17]          940          940         3922          0
[2022-12-19 10:00:18]          941          940          300          0
[2022-12-19 10:00:19]          941          940          774          0
[2022-12-19 10:00:21]          941          940         1248          0
[2022-12-19 10:00:22]          941          940         1722          0
[2022-12-19 10:00:24]          941          940         2195          0
[2022-12-19 10:00:25]          941          940         2669          0
[2022-12-19 10:00:27]          941          940         3143          0
[2022-12-19 10:00:27] WR-BW(MiB/s) RD-BW(MiB/s)  TESTED(MiB)     ERRORS
[2022-12-19 10:00:28]          941          940         3617          0
[2022-12-19 10:00:30]          941          940         4091          0
[2022-12-19 10:00:31]          941          940          469          0
[2022-12-19 10:00:32]          941          940          942          0
[2022-12-19 10:00:34]          941          940         1416          0
[2022-12-19 10:00:35]          941          940         1890          0
[2022-12-19 10:00:37]          941          940         2364          0
[2022-12-19 10:00:38]          941          940         2838          0
[2022-12-19 10:00:38] WR-BW(MiB/s) RD-BW(MiB/s)  TESTED(MiB)     ERRORS
[2022-12-19 10:00:40]          940          940         3312          0
[2022-12-19 10:00:41]          941          940         3785          0
[2022-12-19 10:00:43]          941          940          163          0
[2022-12-19 10:00:44]          941          940          637          0
[2022-12-19 10:00:46]          941          940         1111          0
[2022-12-19 10:00:47]          941          940         1585          0
[2022-12-19 10:00:48]          941          940         2059          0
[2022-12-19 10:00:50]          941          940         2532          0
[2022-12-19 10:00:50] WR-BW(MiB/s) RD-BW(MiB/s)  TESTED(MiB)     ERRORS
[2022-12-19 10:00:51]          941          940         3006          0
[2022-12-19 10:00:53]          941          940         3480          0
[2022-12-19 10:00:54]          941          940         3954          0
[2022-12-19 10:00:56]          941          940          332          0
[2022-12-19 10:00:57]          941          940          806          0
[2022-12-19 10:00:59]          941          940         1279          0
[2022-12-19 10:01:00]          941          940         1753          0
[2022-12-19 10:01:02]          941          940         2227          0
[2022-12-19 10:01:02] WR-BW(MiB/s) RD-BW(MiB/s)  TESTED(MiB)     ERRORS
[2022-12-19 10:01:03]          940          940         2701          0
[2022-12-19 10:01:04]          941          940         3175          0
[2022-12-19 10:01:06]          941          940         3649          0
[2022-12-19 10:01:07]          941          940           26          0
[2022-12-19 10:01:09]          941          940          500          0
[2022-12-19 10:01:10]          941          940          974          0
[2022-12-19 10:01:12]          941          940         1448          0
[2022-12-19 10:01:13]          941          940         1922          0
[2022-12-19 10:01:13] WR-BW(MiB/s) RD-BW(MiB/s)  TESTED(MiB)     ERRORS
[2022-12-19 10:01:15]          940          940         2396          0
[2022-12-19 10:01:16]          941          940         2869          0
[2022-12-19 10:01:17]          941          940         3343          0
[2022-12-19 10:01:19]          941          940         3817          0
[2022-12-19 10:01:20]          941          940          195          0
[2022-12-19 10:01:22]          941          940          669          0
[2022-12-19 10:01:23]          941          940         1143          0
[2022-12-19 10:01:25]          941          940         1616          0
[2022-12-19 10:01:25] WR-BW(MiB/s) RD-BW(MiB/s)  TESTED(MiB)     ERRORS
[2022-12-19 10:01:26]          940          940         2090          0
[2022-12-19 10:01:28]          941          940         2564          0
[2022-12-19 10:01:29]          941          940         3038          0
[2022-12-19 10:01:31]          941          940         3512          0
[2022-12-19 10:01:32]          941          940         3986          0
[2022-12-19 10:01:33]          941          940          363          0
[2022-12-19 10:01:35]          941          940          837          0
[2022-12-19 10:01:36]          941          940         1311          0
[2022-12-19 10:01:36] WR-BW(MiB/s) RD-BW(MiB/s)  TESTED(MiB)     ERRORS
[2022-12-19 10:01:38]          941          940         1785          0
[2022-12-19 10:01:39]          941          940         2259          0
[2022-12-19 10:01:41]          941          940         2733          0
[2022-12-19 10:01:42]          941          940         3206          0
[2022-12-19 10:01:44]          941          940         3680          0
[2022-12-19 10:01:45]          941          940           58          0
[2022-12-19 10:01:47]          941          940          532          0
[2022-12-19 10:01:48]          941          940         1006          0
[2022-12-19 10:01:48] WR-BW(MiB/s) RD-BW(MiB/s)  TESTED(MiB)     ERRORS
[2022-12-19 10:01:49]          940          940         1480          0
[2022-12-19 10:01:51]          941          940         1953          0
[2022-12-19 10:01:52]          941          940         2427          0
[2022-12-19 10:01:54]          941          940         2901          0
[2022-12-19 10:01:55]          941          940         3375          0
[2022-12-19 10:01:57]          941          940         3849          0
[2022-12-19 10:01:58]          941          940          227          0
[2022-12-19 10:02:00]          941          940          700          0
[2022-12-19 10:02:00] WR-BW(MiB/s) RD-BW(MiB/s)  TESTED(MiB)     ERRORS
[2022-12-19 10:02:01]          941          940         1174          0
[2022-12-19 10:02:02]          941          940         1648          0
[2022-12-19 10:02:04]          941          940         2122          0
[2022-12-19 10:02:05]          941          940         2596          0
[2022-12-19 10:02:07]          941          940         3070          0
[2022-12-19 10:02:08]          941          940         3543          0
[2022-12-19 10:02:10]          941          940         4017          0
[2022-12-19 10:02:11]          941          940          395          0
[2022-12-19 10:02:11] WR-BW(MiB/s) RD-BW(MiB/s)  TESTED(MiB)     ERRORS
[2022-12-19 10:02:13]          941          940          869          0
[2022-12-19 10:02:14]          941          940         1343          0
[2022-12-19 10:02:16]          941          940         1817          0
[2022-12-19 10:02:17]          941          940         2291          0
[2022-12-19 10:02:18]          941          940         2764          0
[2022-12-19 10:02:20]          941          940         3238          0
[2022-12-19 10:02:21]          941          940         3712          0
[2022-12-19 10:02:23]          941          940           90          0
[2022-12-19 10:02:23] WR-BW(MiB/s) RD-BW(MiB/s)  TESTED(MiB)     ERRORS
[2022-12-19 10:02:24]          941          940          564          0
[2022-12-19 10:02:26]          941          940         1038          0
[2022-12-19 10:02:27]          941          940         1511          0
[2022-12-19 10:02:29]          941          940         1985          0
[2022-12-19 10:02:30]          941          940         2459          0
[2022-12-19 10:02:31]          941          940         2933          0
[2022-12-19 10:02:33]          941          940         3407          0
[2022-12-19 10:02:34]          941          940         3881          0
[2022-12-19 10:02:34] WR-BW(MiB/s) RD-BW(MiB/s)  TESTED(MiB)     ERRORS
[2022-12-19 10:02:36]          940          940          258          0
[2022-12-19 10:02:37]          941          940          732          0
[2022-12-19 10:02:39]          941          940         1206          0
[2022-12-19 10:02:40]          941          940         1680          0
[2022-12-19 10:02:42]          941          940         2154          0
[2022-12-19 10:02:43]          941          940         2628          0
[2022-12-19 10:02:45]          941          940         3101          0
[2022-12-19 10:02:46]          941          940         3575          0
[2022-12-19 10:02:46] WR-BW(MiB/s) RD-BW(MiB/s)  TESTED(MiB)     ERRORS
[2022-12-19 10:02:47]          940          940         4049          0
[2022-12-19 10:02:49]          941          940          427          0
[2022-12-19 10:02:50]          941          940          901          0
[2022-12-19 10:02:52]          941          940         1375          0
[2022-12-19 10:02:53]          941          940         1848          0
[2022-12-19 10:02:55]          941          940         2322          0
[2022-12-19 10:02:56]          941          940         2796          0
[2022-12-19 10:02:58]          941          940         3270          0
[2022-12-19 10:02:58] WR-BW(MiB/s) RD-BW(MiB/s)  TESTED(MiB)     ERRORS
[2022-12-19 10:02:59]          941          940         3744          0
[2022-12-19 10:03:01]          941          940          122          0
[2022-12-19 10:03:02]          941          940          595          0
[2022-12-19 10:03:03]          941          940         1069          0
[2022-12-19 10:03:05]          941          940         1543          0
[2022-12-19 10:03:06]          941          940         2017          0
[2022-12-19 10:03:08]          941          940         2491          0
[2022-12-19 10:03:09]          941          940         2965          0
[2022-12-19 10:03:09] WR-BW(MiB/s) RD-BW(MiB/s)  TESTED(MiB)     ERRORS
[2022-12-19 10:03:11]          940          940         3438          0
[2022-12-19 10:03:12]          941          940         3912          0
[2022-12-19 10:03:14]          941          940          290          0
[2022-12-19 10:03:15]          941          940          764          0
[2022-12-19 10:03:16]          941          940         1238          0
[2022-12-19 10:03:18]          941          940         1712          0
[2022-12-19 10:03:19]          941          940         2185          0
[2022-12-19 10:03:21]          941          940         2659          0
[2022-12-19 10:03:21] WR-BW(MiB/s) RD-BW(MiB/s)  TESTED(MiB)     ERRORS
[2022-12-19 10:03:22]          940          940         3133          0
[2022-12-19 10:03:24]          941          940         3607          0
[2022-12-19 10:03:25]          941          940         4081          0
[2022-12-19 10:03:27]          941          940          459          0
[2022-12-19 10:03:28]          941          940          932          0
[2022-12-19 10:03:30]          941          940         1406          0
[2022-12-19 10:03:31]          941          940         1880          0
[2022-12-19 10:03:32]          941          940         2354          0
[2022-12-19 10:03:32] WR-BW(MiB/s) RD-BW(MiB/s)  TESTED(MiB)     ERRORS
[2022-12-19 10:03:34]          941          940         2828          0
[2022-12-19 10:03:35]          941          940         3302          0
[2022-12-19 10:03:37]          941          940         3775          0
[2022-12-19 10:03:38]          941          940          153          0
[2022-12-19 10:03:40]          941          940          627          0
[2022-12-19 10:03:41]          941          940         1101          0
[2022-12-19 10:03:43]          941          940         1575          0
[2022-12-19 10:03:44]          941          940         2049          0
[2022-12-19 10:03:44] WR-BW(MiB/s) RD-BW(MiB/s)  TESTED(MiB)     ERRORS
[2022-12-19 10:03:46]          940          940         2522          0
[2022-12-19 10:03:47]          941          940         2996          0
[2022-12-19 10:03:48]          941          940         3470          0
[2022-12-19 10:03:50]          941          940         3944          0
[2022-12-19 10:03:51]          941          940          322          0
[2022-12-19 10:03:53]          941          940          796          0
[2022-12-19 10:03:54]          941          940         1269          0
[2022-12-19 10:03:56]          941          940         1743          0
[2022-12-19 10:03:56] WR-BW(MiB/s) RD-BW(MiB/s)  TESTED(MiB)     ERRORS
[2022-12-19 10:03:57]          940          940         2217          0
[2022-12-19 10:03:59]          941          940         2691          0
[2022-12-19 10:04:00]          941          940         3165          0
[2022-12-19 10:04:01]          941          940         3639          0
[2022-12-19 10:04:03]          941          940           16          0
[2022-12-19 10:04:04]          941          940          490          0
[2022-12-19 10:04:06]          941          940          964          0
[2022-12-19 10:04:07]          941          940         1438          0
[2022-12-19 10:04:07] WR-BW(MiB/s) RD-BW(MiB/s)  TESTED(MiB)     ERRORS
[2022-12-19 10:04:09]          940          940         1912          0
[2022-12-19 10:04:10]          941          940         2386          0
[2022-12-19 10:04:12]          941          940         2859          0
[2022-12-19 10:04:13]          941          940         3333          0
[2022-12-19 10:04:15]          941          940         3807          0
[2022-12-19 10:04:16]          941          940          185          0
[2022-12-19 10:04:17]          941          940          659          0
[2022-12-19 10:04:19]          941          940         1133          0
[2022-12-19 10:04:19] WR-BW(MiB/s) RD-BW(MiB/s)  TESTED(MiB)     ERRORS
[2022-12-19 10:04:20]          940          940         1606          0
[2022-12-19 10:04:22]          941          940         2080          0
[2022-12-19 10:04:23]          941          940         2554          0
[2022-12-19 10:04:25]          941          940         3028          0
[2022-12-19 10:04:26]          941          940         3502          0
[2022-12-19 10:04:28]          941          940         3976          0
[2022-12-19 10:04:29]          941          940          353          0
[2022-12-19 10:04:31]          941          940          827          0
[2022-12-19 10:04:31] WR-BW(MiB/s) RD-BW(MiB/s)  TESTED(MiB)     ERRORS
[2022-12-19 10:04:32]          941          940         1301          0
[2022-12-19 10:04:33]          941          940         1775          0
[2022-12-19 10:04:35]          941          940         2249          0
[2022-12-19 10:04:36]          941          940         2723          0
[2022-12-19 10:04:38]          941          940         3197          0
[2022-12-19 10:04:39]          941          940         3670          0
[2022-12-19 10:04:41]          941          940           48          0
[2022-12-19 10:04:42]          941          940          522          0
[2022-12-19 10:04:42] WR-BW(MiB/s) RD-BW(MiB/s)  TESTED(MiB)     ERRORS
[2022-12-19 10:04:44]          940          940          996          0
[2022-12-19 10:04:45]          941          940         1470          0
[2022-12-19 10:04:46]          941          940         1944          0
[2022-12-19 10:04:48]          941          940         2417          0
[2022-12-19 10:04:49]          941          940         2891          0
[2022-12-19 10:04:51]          941          940         3365          0
[2022-12-19 10:04:52]          941          940         3839          0
[2022-12-19 10:04:54]          941          940          217          0
[2022-12-19 10:04:54] WR-BW(MiB/s) RD-BW(MiB/s)  TESTED(MiB)     ERRORS
[2022-12-19 10:04:55]          941          940          691          0
[2022-12-19 10:04:57]          941          940         1164          0
[2022-12-19 10:04:58]          941          940         1638          0
[2022-12-19 10:05:00]          941          940         2112          0
[2022-12-19 10:05:01]          941          940         2586          0
[2022-12-19 10:05:02]          941          940         3060          0
[2022-12-19 10:05:04]          941          940         3534          0
[2022-12-19 10:05:05]          941          940         4007          0
[2022-12-19 10:05:05] WR-BW(MiB/s) RD-BW(MiB/s)  TESTED(MiB)     ERRORS
[2022-12-19 10:05:07]          941          940          385          0
[2022-12-19 10:05:08]          941          940          859          0
[2022-12-19 10:05:10]          941          940         1333          0
[2022-12-19 10:05:11]          941          940         1807          0
[2022-12-19 10:05:13]          941          940         2281          0
[2022-12-19 10:05:14]          941          940         2754          0
[2022-12-19 10:05:16]          941          940         3228          0
[2022-12-19 10:05:17]          941          940         3702          0
[2022-12-19 10:05:17] WR-BW(MiB/s) RD-BW(MiB/s)  TESTED(MiB)     ERRORS
[2022-12-19 10:05:18]          941          940           80          0
[2022-12-19 10:05:20]          941          940          554          0
[2022-12-19 10:05:21]          941          940         1028          0
[2022-12-19 10:05:23]          941          940         1501          0
[2022-12-19 10:05:24]          941          940         1975          0
[2022-12-19 10:05:26]          941          940         2449          0
[2022-12-19 10:05:27]          941          940         2923          0
[2022-12-19 10:05:29]          941          940         3397          0
[2022-12-19 10:05:29] WR-BW(MiB/s) RD-BW(MiB/s)  TESTED(MiB)     ERRORS
[2022-12-19 10:05:30]          941          940         3871          0
[2022-12-19 10:05:31]          941          940          248          0
[2022-12-19 10:05:33]          941          940          722          0
[2022-12-19 10:05:34]          941          940         1196          0
[2022-12-19 10:05:36]          941          940         1670          0
[2022-12-19 10:05:37]          941          940         2144          0
[2022-12-19 10:05:39]          941          940         2618          0
[2022-12-19 10:05:40]          941          940         3091          0
[2022-12-19 10:05:40] WR-BW(MiB/s) RD-BW(MiB/s)  TESTED(MiB)     ERRORS
[2022-12-19 10:05:42]          940          940         3565          0
[2022-12-19 10:05:43]          941          940         4039          0
[2022-12-19 10:05:45]          941          940          417          0
[2022-12-19 10:05:46]          941          940          891          0
[2022-12-19 10:05:47]          941          940         1365          0
[2022-12-19 10:05:49]          941          940         1838          0
[2022-12-19 10:05:50]          941          940         2312          0
[2022-12-19 10:05:52]          941          940         2786          0
[2022-12-19 10:05:52] WR-BW(MiB/s) RD-BW(MiB/s)  TESTED(MiB)     ERRORS
[2022-12-19 10:05:53]          941          940         3260          0
[2022-12-19 10:05:55]          941          940         3734          0
[2022-12-19 10:05:56]          941          940          112          0
[2022-12-19 10:05:58]          941          940          585          0
[2022-12-19 10:05:59]          941          940         1059          0
[2022-12-19 10:06:00]          941          940         1533          0
[2022-12-19 10:06:02]          941          940         2007          0
[2022-12-19 10:06:03]          941          940         2481          0
[2022-12-19 10:06:03] WR-BW(MiB/s) RD-BW(MiB/s)  TESTED(MiB)     ERRORS
[2022-12-19 10:06:05]          940          940         2955          0
[2022-12-19 10:06:06]          941          940         3428          0
[2022-12-19 10:06:08]          941          940         3902          0
[2022-12-19 10:06:09]          941          940          280          0
[2022-12-19 10:06:11]          941          940          754          0
[2022-12-19 10:06:12]          941          940         1228          0
[2022-12-19 10:06:14]          941          940         1702          0
[2022-12-19 10:06:15]          941          940         2175          0
[2022-12-19 10:06:15] WR-BW(MiB/s) RD-BW(MiB/s)  TESTED(MiB)     ERRORS
[2022-12-19 10:06:16]          940          940         2649          0
[2022-12-19 10:06:18]          941          940         3123          0
[2022-12-19 10:06:19]          941          940         3597          0
[2022-12-19 10:06:21]          941          940         4071          0
[2022-12-19 10:06:22]          941          940          449          0
[2022-12-19 10:06:24]          941          940          922          0
[2022-12-19 10:06:25]          941          940         1396          0
[2022-12-19 10:06:27]          941          940         1870          0
[2022-12-19 10:06:27] WR-BW(MiB/s) RD-BW(MiB/s)  TESTED(MiB)     ERRORS
[2022-12-19 10:06:28]          940          940         2344          0
[2022-12-19 10:06:30]          941          940         2818          0
[2022-12-19 10:06:31]          941          940         3292          0
[2022-12-19 10:06:32]          941          940         3765          0
[2022-12-19 10:06:34]          941          940          143          0
[2022-12-19 10:06:35]          941          940          617          0
[2022-12-19 10:06:37]          941          940         1091          0
[2022-12-19 10:06:38]          941          940         1565          0
[2022-12-19 10:06:38] WR-BW(MiB/s) RD-BW(MiB/s)  TESTED(MiB)     ERRORS
[2022-12-19 10:06:40]          941          940         2039          0
[2022-12-19 10:06:41]          941          940         2512          0
[2022-12-19 10:06:43]          941          940         2986          0
[2022-12-19 10:06:44]          941          940         3460          0
[2022-12-19 10:06:46]          941          940         3934          0
[2022-12-19 10:06:47]          941          940          312          0
[2022-12-19 10:06:48]          941          940          786          0
[2022-12-19 10:06:50]          941          940         1260          0
[2022-12-19 10:06:50] WR-BW(MiB/s) RD-BW(MiB/s)  TESTED(MiB)     ERRORS
[2022-12-19 10:06:51]          940          940         1733          0
[2022-12-19 10:06:53]          941          940         2207          0
[2022-12-19 10:06:54]          941          940         2681          0
[2022-12-19 10:06:56]          941          940         3155          0
[2022-12-19 10:06:57]          941          940         3629          0
[2022-12-19 10:06:59]          941          940            7          0
[2022-12-19 10:07:00]          941          940          480          0
[2022-12-19 10:07:01]          941          940          954          0
[2022-12-19 10:07:01] WR-BW(MiB/s) RD-BW(MiB/s)  TESTED(MiB)     ERRORS
[2022-12-19 10:07:03]          941          940         1428          0
[2022-12-19 10:07:04]          941          940         1902          0
[2022-12-19 10:07:06]          941          940         2376          0
[2022-12-19 10:07:07]          941          940         2850          0
[2022-12-19 10:07:09]          941          940         3323          0
[2022-12-19 10:07:10]          941          940         3797          0
[2022-12-19 10:07:12]          941          940          175          0
[2022-12-19 10:07:13]          941          940          649          0
[2022-12-19 10:07:13] WR-BW(MiB/s) RD-BW(MiB/s)  TESTED(MiB)     ERRORS
[2022-12-19 10:07:15]          941          940         1123          0
[2022-12-19 10:07:16]          941          940         1597          0
[2022-12-19 10:07:17]          941          940         2070          0
[2022-12-19 10:07:19]          941          940         2544          0
[2022-12-19 10:07:20]          941          940         3018          0
[2022-12-19 10:07:22]          941          940         3492          0
[2022-12-19 10:07:23]          941          940         3966          0
[2022-12-19 10:07:25]          941          940          344          0
[2022-12-19 10:07:25] WR-BW(MiB/s) RD-BW(MiB/s)  TESTED(MiB)     ERRORS
[2022-12-19 10:07:26]          941          940          817          0
[2022-12-19 10:07:28]          941          940         1291          0
[2022-12-19 10:07:29]          941          940         1765          0
[2022-12-19 10:07:31]          941          940         2239          0
[2022-12-19 10:07:32]          941          940         2713          0
[2022-12-19 10:07:33]          941          940         3187          0
[2022-12-19 10:07:35]          941          940         3660          0
[2022-12-19 10:07:36]          941          940           38          0
[2022-12-19 10:07:36] WR-BW(MiB/s) RD-BW(MiB/s)  TESTED(MiB)     ERRORS
[2022-12-19 10:07:38]          941          940          512          0
[2022-12-19 10:07:39]          941          940          986          0
[2022-12-19 10:07:41]          941          940         1460          0
[2022-12-19 10:07:42]          941          940         1934          0
[2022-12-19 10:07:44]          941          940         2407          0
[2022-12-19 10:07:45]          941          940         2881          0
[2022-12-19 10:07:46]          941          940         3355          0
[2022-12-19 10:07:48]          941          940         3829          0
[2022-12-19 10:07:48] WR-BW(MiB/s) RD-BW(MiB/s)  TESTED(MiB)     ERRORS
[2022-12-19 10:07:49]          941          940          207          0
[2022-12-19 10:07:51]          941          940          681          0
[2022-12-19 10:07:52]          941          940         1154          0
[2022-12-19 10:07:54]          941          940         1628          0
[2022-12-19 10:07:55]          941          940         2102          0
[2022-12-19 10:07:57]          941          940         2576          0
[2022-12-19 10:07:58]          941          940         3050          0
[2022-12-19 10:08:00]          941          940         3524          0
[2022-12-19 10:08:00] WR-BW(MiB/s) RD-BW(MiB/s)  TESTED(MiB)     ERRORS
[2022-12-19 10:08:01]          941          940         3997          0
[2022-12-19 10:08:02]          941          940          375          0
[2022-12-19 10:08:04]          941          940          849          0
[2022-12-19 10:08:05]          941          940         1323          0
[2022-12-19 10:08:07]          941          940         1797          0
[2022-12-19 10:08:08]          941          940         2271          0
[2022-12-19 10:08:10]          941          940         2744          0
[2022-12-19 10:08:11]          941          940         3218          0
[2022-12-19 10:08:11] WR-BW(MiB/s) RD-BW(MiB/s)  TESTED(MiB)     ERRORS
[2022-12-19 10:08:13]          940          940         3692          0
[2022-12-19 10:08:14]          941          940           70          0
[2022-12-19 10:08:15]          941          940          544          0
[2022-12-19 10:08:17]          941          940         1018          0
[2022-12-19 10:08:18]          941          940         1491          0
[2022-12-19 10:08:20]          941          940         1965          0
[2022-12-19 10:08:21]          941          940         2439          0
[2022-12-19 10:08:23]          941          940         2913          0
[2022-12-19 10:08:23] WR-BW(MiB/s) RD-BW(MiB/s)  TESTED(MiB)     ERRORS
[2022-12-19 10:08:24]          940          940         3387          0
[2022-12-19 10:08:26]          941          940         3861          0
[2022-12-19 10:08:27]          941          940          238          0
[2022-12-19 10:08:29]          941          940          712          0
[2022-12-19 10:08:30]          941          940         1186          0
[2022-12-19 10:08:31]          941          940         1660          0
[2022-12-19 10:08:33]          941          940         2134          0
[2022-12-19 10:08:34]          941          940         2608          0
[2022-12-19 10:08:34] WR-BW(MiB/s) RD-BW(MiB/s)  TESTED(MiB)     ERRORS
[2022-12-19 10:08:36]          941          940         3081          0
[2022-12-19 10:08:37]          941          940         3555          0
[2022-12-19 10:08:39]          941          940         4029          0
[2022-12-19 10:08:40]          941          940          407          0
[2022-12-19 10:08:42]          941          940          881          0
[2022-12-19 10:08:43]          941          940         1355          0
[2022-12-19 10:08:45]          941          940         1828          0
[2022-12-19 10:08:46]          941          940         2302          0
[2022-12-19 10:08:46] WR-BW(MiB/s) RD-BW(MiB/s)  TESTED(MiB)     ERRORS
[2022-12-19 10:08:47]          940          940         2776          0
[2022-12-19 10:08:49]          941          940         3250          0
[2022-12-19 10:08:50]          941          940         3724          0
[2022-12-19 10:08:52]          941          940          102          0
[2022-12-19 10:08:53]          941          940          575          0
[2022-12-19 10:08:55]          941          940         1049          0
[2022-12-19 10:08:56]          941          940         1523          0
[2022-12-19 10:08:58]          941          940         1997          0
[2022-12-19 10:08:58] WR-BW(MiB/s) RD-BW(MiB/s)  TESTED(MiB)     ERRORS
[2022-12-19 10:08:59]          940          940         2471          0
[2022-12-19 10:09:00]          941          940         2945          0
[2022-12-19 10:09:02]          941          940         3419          0
[2022-12-19 10:09:03]          941          940         3892          0
[2022-12-19 10:09:05]          941          940          270          0
[2022-12-19 10:09:06]          941          940          744          0
[2022-12-19 10:09:08]          941          940         1218          0
[2022-12-19 10:09:09]          941          940         1692          0
[2022-12-19 10:09:09] WR-BW(MiB/s) RD-BW(MiB/s)  TESTED(MiB)     ERRORS
[2022-12-19 10:09:11]          941          940         2166          0
[2022-12-19 10:09:12]          941          940         2639          0
[2022-12-19 10:09:14]          941          940         3113          0
[2022-12-19 10:09:15]          941          940         3587          0
[2022-12-19 10:09:16]          941          940         4061          0
[2022-12-19 10:09:18]          941          940          439          0
[2022-12-19 10:09:19]          941          940          913          0
[2022-12-19 10:09:21]          941          940         1386          0
[2022-12-19 10:09:21] WR-BW(MiB/s) RD-BW(MiB/s)  TESTED(MiB)     ERRORS
[2022-12-19 10:09:22]          941          940         1860          0
[2022-12-19 10:09:24]          941          940         2334          0
[2022-12-19 10:09:25]          941          940         2808          0
[2022-12-19 10:09:27]          941          940         3282          0
[2022-12-19 10:09:28]          941          940         3756          0
[2022-12-19 10:09:30]          941          940          133          0
[2022-12-19 10:09:31]          941          940          607          0
[2022-12-19 10:09:32]          941          940         1081          0
[2022-12-19 10:09:32] WR-BW(MiB/s) RD-BW(MiB/s)  TESTED(MiB)     ERRORS
[2022-12-19 10:09:34]          941          940         1555          0
[2022-12-19 10:09:35]          941          940         2029          0
[2022-12-19 10:09:37]          941          940         2503          0
[2022-12-19 10:09:38]          941          940         2976          0
[2022-12-19 10:09:40]          941          940         3450          0
[2022-12-19 10:09:41]          941          940         3924          0
[2022-12-19 10:09:43]          941          940          302          0
[2022-12-19 10:09:44]          941          940          776          0
[2022-12-19 10:09:44] WR-BW(MiB/s) RD-BW(MiB/s)  TESTED(MiB)     ERRORS
[2022-12-19 10:09:45]          941          940         1250          0
[2022-12-19 10:09:47]          941          940         1723          0
[2022-12-19 10:09:48]          941          940         2197          0
[2022-12-19 10:09:50]          941          940         2671          0
[2022-12-19 10:09:51]          941          940         3145          0
[2022-12-19 10:09:53]          941          940         3619          0
[2022-12-19 10:09:54]          941          940         4093          0
[2022-12-19 10:09:56]          941          940          470          0
[2022-12-19 10:09:56] WR-BW(MiB/s) RD-BW(MiB/s)  TESTED(MiB)     ERRORS
[2022-12-19 10:09:57]          941          940          944          0
[2022-12-19 10:09:59]          941          940         1418          0
[2022-12-19 10:10:00]          941          940         1892          0
[2022-12-19 10:10:01]          941          940         2366          0
[2022-12-19 10:10:03]          941          940         2840          0
[2022-12-19 10:10:04]          941          940         3313          0
[2022-12-19 10:10:06]          941          940         3787          0
[2022-12-19 10:10:07]          941          940          165          0
[2022-12-19 10:10:07] WR-BW(MiB/s) RD-BW(MiB/s)  TESTED(MiB)     ERRORS
[2022-12-19 10:10:09]          941          940          639          0
[2022-12-19 10:10:10]          941          940         1113          0
[2022-12-19 10:10:12]          941          940         1587          0
[2022-12-19 10:10:13]          941          940         2060          0
[2022-12-19 10:10:15]          941          940         2534          0
[2022-12-19 10:10:16]          941          940         3008          0
[2022-12-19 10:10:17]          941          940         3482          0
[2022-12-19 10:10:19]          941          940         3956          0
[2022-12-19 10:10:19] WR-BW(MiB/s) RD-BW(MiB/s)  TESTED(MiB)     ERRORS
[2022-12-19 10:10:20]          940          940          334          0
[2022-12-19 10:10:22]          941          940          807          0
[2022-12-19 10:10:23]          941          940         1281          0
[2022-12-19 10:10:25]          941          940         1755          0
[2022-12-19 10:10:26]          941          940         2229          0
[2022-12-19 10:10:28]          941          940         2703          0
[2022-12-19 10:10:29]          941          940         3177          0
[2022-12-19 10:10:30]          941          940         3650          0
[2022-12-19 10:10:30] WR-BW(MiB/s) RD-BW(MiB/s)  TESTED(MiB)     ERRORS
[2022-12-19 10:10:32]          940          940           28          0
[2022-12-19 10:10:33]          941          940          502          0
[2022-12-19 10:10:35]          941          940          976          0
[2022-12-19 10:10:36]          941          940         1450          0
[2022-12-19 10:10:38]          941          940         1924          0
[2022-12-19 10:10:39]          941          940         2397          0
[2022-12-19 10:10:41]          941          940         2871          0
[2022-12-19 10:10:42]          941          940         3345          0
[2022-12-19 10:10:42] WR-BW(MiB/s) RD-BW(MiB/s)  TESTED(MiB)     ERRORS
[2022-12-19 10:10:44]          941          940         3819          0
[2022-12-19 10:10:45]          941          940          197          0
[2022-12-19 10:10:46]          941          940          671          0
[2022-12-19 10:10:48]          941          940         1144          0
[2022-12-19 10:10:49]          941          940         1618          0
[2022-12-19 10:10:51]          941          940         2092          0
[2022-12-19 10:10:52]          941          940         2566          0
[2022-12-19 10:10:54]          941          940         3040          0
[2022-12-19 10:10:54] WR-BW(MiB/s) RD-BW(MiB/s)  TESTED(MiB)     ERRORS
[2022-12-19 10:10:55]          941          940         3514          0
[2022-12-19 10:10:57]          941          940         3987          0
[2022-12-19 10:10:58]          941          940          365          0
[2022-12-19 10:11:00]          941          940          839          0
[2022-12-19 10:11:01]          941          940         1313          0
[2022-12-19 10:11:02]          941          940         1787          0
[2022-12-19 10:11:04]          941          940         2261          0
[2022-12-19 10:11:05]          941          940         2735          0
[2022-12-19 10:11:05] WR-BW(MiB/s) RD-BW(MiB/s)  TESTED(MiB)     ERRORS
[2022-12-19 10:11:07]          940          940         3208          0
[2022-12-19 10:11:08]          941          940         3682          0
[2022-12-19 10:11:10]          941          940           60          0
[2022-12-19 10:11:11]          941          940          534          0
[2022-12-19 10:11:13]          941          940         1008          0
[2022-12-19 10:11:14]          941          940         1482          0
[2022-12-19 10:11:15]          941          940         1955          0
[2022-12-19 10:11:17]          941          940         2429          0
[2022-12-19 10:11:17] WR-BW(MiB/s) RD-BW(MiB/s)  TESTED(MiB)     ERRORS
[2022-12-19 10:11:18]          940          940         2903          0
[2022-12-19 10:11:20]          941          940         3377          0
[2022-12-19 10:11:21]          941          940         3851          0
[2022-12-19 10:11:23]          941          940          229          0
[2022-12-19 10:11:24]          941          940          702          0
[2022-12-19 10:11:26]          941          940         1176          0
[2022-12-19 10:11:27]          941          940         1650          0
[2022-12-19 10:11:29]          941          940         2124          0
[2022-12-19 10:11:29] WR-BW(MiB/s) RD-BW(MiB/s)  TESTED(MiB)     ERRORS
[2022-12-19 10:11:30]          941          940         2598          0
[2022-12-19 10:11:31]          941          940         3072          0
[2022-12-19 10:11:33]          941          940         3545          0
[2022-12-19 10:11:34]          941          940         4019          0
[2022-12-19 10:11:36]          941          940          397          0
[2022-12-19 10:11:37]          941          940          871          0
[2022-12-19 10:11:39]          941          940         1345          0
[2022-12-19 10:11:40]          941          940         1819          0
[2022-12-19 10:11:40] WR-BW(MiB/s) RD-BW(MiB/s)  TESTED(MiB)     ERRORS
[2022-12-19 10:11:42]          941          940         2292          0
[2022-12-19 10:11:43]          941          940         2766          0
[2022-12-19 10:11:45]          941          940         3240          0
[2022-12-19 10:11:46]          941          940         3714          0
[2022-12-19 10:11:47]          941          940           92          0
[2022-12-19 10:11:49]          941          940          566          0
[2022-12-19 10:11:50]          941          940         1039          0
[2022-12-19 10:11:52]          941          940         1513          0
[2022-12-19 10:11:52] WR-BW(MiB/s) RD-BW(MiB/s)  TESTED(MiB)     ERRORS
[2022-12-19 10:11:53]          940          940         1987          0
[2022-12-19 10:11:55]          941          940         2461          0
[2022-12-19 10:11:56]          941          940         2935          0
[2022-12-19 10:11:58]          941          940         3409          0
[2022-12-19 10:11:59]          941          940         3882          0
[2022-12-19 10:12:00]          941          940          260          0
[2022-12-19 10:12:02]          941          940          734          0
[2022-12-19 10:12:03]          941          940         1208          0
[2022-12-19 10:12:03] WR-BW(MiB/s) RD-BW(MiB/s)  TESTED(MiB)     ERRORS
[2022-12-19 10:12:05]          941          940         1682          0
[2022-12-19 10:12:06]          941          940         2156          0
[2022-12-19 10:12:08]          941          940         2629          0
[2022-12-19 10:12:09]          941          940         3103          0
[2022-12-19 10:12:11]          941          940         3577          0
[2022-12-19 10:12:12]          941          940         4051          0
[2022-12-19 10:12:14]          941          940          429          0
[2022-12-19 10:12:15]          941          940          903          0
[2022-12-19 10:12:15] WR-BW(MiB/s) RD-BW(MiB/s)  TESTED(MiB)     ERRORS
[2022-12-19 10:12:16]          940          940         1376          0
[2022-12-19 10:12:18]          941          940         1850          0
[2022-12-19 10:12:19]          941          940         2324          0
[2022-12-19 10:12:21]          941          940         2798          0
[2022-12-19 10:12:22]          941          940         3272          0
[2022-12-19 10:12:24]          941          940         3746          0
[2022-12-19 10:12:25]          941          940          123          0
[2022-12-19 10:12:27]          941          940          597          0
[2022-12-19 10:12:27] WR-BW(MiB/s) RD-BW(MiB/s)  TESTED(MiB)     ERRORS
[2022-12-19 10:12:28]          941          940         1071          0
[2022-12-19 10:12:29]          941          940         1545          0
[2022-12-19 10:12:31]          941          940         2019          0
[2022-12-19 10:12:32]          941          940         2493          0
[2022-12-19 10:12:34]          941          940         2966          0
[2022-12-19 10:12:35]          941          940         3440          0
[2022-12-19 10:12:37]          941          940         3914          0
[2022-12-19 10:12:38]          941          940          292          0
[2022-12-19 10:12:38] WR-BW(MiB/s) RD-BW(MiB/s)  TESTED(MiB)     ERRORS
[2022-12-19 10:12:40]          941          940          766          0
[2022-12-19 10:12:41]          941          940         1240          0
[2022-12-19 10:12:43]          941          940         1713          0
[2022-12-19 10:12:44]          941          940         2187          0
[2022-12-19 10:12:45]          941          940         2661          0
[2022-12-19 10:12:47]          941          940         3135          0
[2022-12-19 10:12:48]          941          940         3609          0
[2022-12-19 10:12:50]          941          940         4083          0
[2022-12-19 10:12:50] WR-BW(MiB/s) RD-BW(MiB/s)  TESTED(MiB)     ERRORS
[2022-12-19 10:12:51]          940          940          460          0
[2022-12-19 10:12:53]          941          940          934          0
[2022-12-19 10:12:54]          941          940         1408          0
[2022-12-19 10:12:56]          941          940         1882          0
[2022-12-19 10:12:57]          941          940         2356          0
[2022-12-19 10:12:59]          941          940         2830          0
[2022-12-19 10:13:00]          941          940         3303          0
[2022-12-19 10:13:01]          941          940         3777          0
[2022-12-19 10:13:01] WR-BW(MiB/s) RD-BW(MiB/s)  TESTED(MiB)     ERRORS
[2022-12-19 10:13:03]          941          940          155          0
[2022-12-19 10:13:04]          941          940          629          0
[2022-12-19 10:13:06]          941          940         1103          0
[2022-12-19 10:13:07]          941          940         1577          0
[2022-12-19 10:13:09]          941          940         2051          0
[2022-12-19 10:13:10]          941          940         2524          0
[2022-12-19 10:13:12]          941          940         2998          0
[2022-12-19 10:13:13]          941          940         3472          0
[2022-12-19 10:13:13] WR-BW(MiB/s) RD-BW(MiB/s)  TESTED(MiB)     ERRORS
[2022-12-19 10:13:14]          940          940         3946          0
[2022-12-19 10:13:16]          941          940          324          0
[2022-12-19 10:13:17]          941          940          798          0
[2022-12-19 10:13:19]          941          940         1271          0
[2022-12-19 10:13:20]          941          940         1745          0
[2022-12-19 10:13:22]          941          940         2219          0
[2022-12-19 10:13:23]          941          940         2693          0
[2022-12-19 10:13:25]          941          940         3167          0
[2022-12-19 10:13:25] WR-BW(MiB/s) RD-BW(MiB/s)  TESTED(MiB)     ERRORS
[2022-12-19 10:13:26]          941          940         3641          0
[2022-12-19 10:13:28]          941          940           18          0
[2022-12-19 10:13:29]          941          940          492          0
[2022-12-19 10:13:30]          941          940          966          0
[2022-12-19 10:13:32]          941          940         1440          0
[2022-12-19 10:13:33]          941          940         1914          0
[2022-12-19 10:13:35]          941          940         2388          0
[2022-12-19 10:13:36]          941          940         2861          0
[2022-12-19 10:13:36] WR-BW(MiB/s) RD-BW(MiB/s)  TESTED(MiB)     ERRORS
[2022-12-19 10:13:38]          941          940         3335          0
[2022-12-19 10:13:39]          941          940         3809          0
[2022-12-19 10:13:41]          941          940          187          0
[2022-12-19 10:13:42]          941          940          661          0
[2022-12-19 10:13:44]          941          940         1135          0
[2022-12-19 10:13:45]          941          940         1608          0
[2022-12-19 10:13:46]          941          940         2082          0
[2022-12-19 10:13:48]          941          940         2556          0
[2022-12-19 10:13:48] WR-BW(MiB/s) RD-BW(MiB/s)  TESTED(MiB)     ERRORS
[2022-12-19 10:13:49]          940          940         3030          0
[2022-12-19 10:13:51]          941          940         3504          0
[2022-12-19 10:13:52]          941          940         3978          0
[2022-12-19 10:13:54]          941          940          355          0
[2022-12-19 10:13:55]          941          940          829          0
[2022-12-19 10:13:57]          941          940         1303          0
[2022-12-19 10:13:58]          941          940         1777          0
[2022-12-19 10:13:59]          941          940         2251          0
[2022-12-19 10:13:59] WR-BW(MiB/s) RD-BW(MiB/s)  TESTED(MiB)     ERRORS
[2022-12-19 10:14:01]          941          940         2725          0
[2022-12-19 10:14:02]          941          940         3198          0
[2022-12-19 10:14:04]          941          940         3672          0
[2022-12-19 10:14:05]          941          940           50          0
[2022-12-19 10:14:07]          941          940          524          0
[2022-12-19 10:14:08]          941          940          998          0
[2022-12-19 10:14:10]          941          940         1472          0
[2022-12-19 10:14:11]          941          940         1945          0
[2022-12-19 10:14:11] WR-BW(MiB/s) RD-BW(MiB/s)  TESTED(MiB)     ERRORS
[2022-12-19 10:14:13]          941          940         2419          0
[2022-12-19 10:14:14]          941          940         2893          0
[2022-12-19 10:14:15]          941          940         3367          0
[2022-12-19 10:14:17]          941          940         3841          0
[2022-12-19 10:14:18]          941          940          219          0
[2022-12-19 10:14:20]          941          940          692          0
[2022-12-19 10:14:21]          941          940         1166          0
[2022-12-19 10:14:23]          941          940         1640          0
[2022-12-19 10:14:23] WR-BW(MiB/s) RD-BW(MiB/s)  TESTED(MiB)     ERRORS
[2022-12-19 10:14:24]          941          940         2114          0
[2022-12-19 10:14:26]          941          940         2588          0
[2022-12-19 10:14:27]          941          940         3062          0
[2022-12-19 10:14:29]          941          940         3535          0
[2022-12-19 10:14:30]          941          940         4009          0
[2022-12-19 10:14:31]          941          940          387          0
[2022-12-19 10:14:33]          941          940          861          0
[2022-12-19 10:14:34]          941          940         1335          0
[2022-12-19 10:14:34] WR-BW(MiB/s) RD-BW(MiB/s)  TESTED(MiB)     ERRORS
[2022-12-19 10:14:36]          941          940         1809          0
[2022-12-19 10:14:37]          941          940         2282          0
[2022-12-19 10:14:39]          941          940         2756          0
[2022-12-19 10:14:40]          941          940         3230          0
[2022-12-19 10:14:42]          941          940         3704          0
[2022-12-19 10:14:43]          941          940           82          0
[2022-12-19 10:14:44]          941          940          556          0
[2022-12-19 10:14:46]          941          940         1029          0
[2022-12-19 10:14:46] WR-BW(MiB/s) RD-BW(MiB/s)  TESTED(MiB)     ERRORS
[2022-12-19 10:14:47]          940          940         1503          0
[2022-12-19 10:14:49]          941          940         1977          0
[2022-12-19 10:14:50]          941          940         2451          0
[2022-12-19 10:14:52]          941          940         2925          0
[2022-12-19 10:14:53]          941          940         3399          0
[2022-12-19 10:14:55]          941          940         3872          0
[2022-12-19 10:14:56]          941          940          250          0
[2022-12-19 10:14:58]          941          940          724          0
[2022-12-19 10:14:58] WR-BW(MiB/s) RD-BW(MiB/s)  TESTED(MiB)     ERRORS
[2022-12-19 10:14:59]          941          940         1198          0
[2022-12-19 10:15:00]          941          940         1672          0
[2022-12-19 10:15:02]          941          940         2146          0
[2022-12-19 10:15:03]          941          940         2619          0
[2022-12-19 10:15:05]          941          940         3093          0
[2022-12-19 10:15:06]          941          940         3567          0
[2022-12-19 10:15:08]          941          940         4041          0
[2022-12-19 10:15:09]          941          940          419          0
[2022-12-19 10:15:09] WR-BW(MiB/s) RD-BW(MiB/s)  TESTED(MiB)     ERRORS
[2022-12-19 10:15:11]          941          940          893          0
[2022-12-19 10:15:12]          941          940         1367          0
[2022-12-19 10:15:14]          941          940         1840          0
[2022-12-19 10:15:15]          941          940         2314          0
[2022-12-19 10:15:16]          941          940         2788          0
[2022-12-19 10:15:18]          941          940         3262          0
[2022-12-19 10:15:19]          941          940         3736          0
[2022-12-19 10:15:21]          941          940          114          0
[2022-12-19 10:15:21] WR-BW(MiB/s) RD-BW(MiB/s)  TESTED(MiB)     ERRORS
[2022-12-19 10:15:22]          941          940          587          0
[2022-12-19 10:15:24]          941          940         1061          0
[2022-12-19 10:15:25]          941          940         1535          0
[2022-12-19 10:15:27]          941          940         2009          0
[2022-12-19 10:15:28]          941          940         2483          0
[2022-12-19 10:15:29]          941          940         2957          0
[2022-12-19 10:15:31]          941          940         3430          0
[2022-12-19 10:15:32]          941          940         3904          0
[2022-12-19 10:15:32] WR-BW(MiB/s) RD-BW(MiB/s)  TESTED(MiB)     ERRORS
[2022-12-19 10:15:34]          940          940          282          0
[2022-12-19 10:15:35]          941          940          756          0
[2022-12-19 10:15:37]          941          940         1230          0
[2022-12-19 10:15:38]          941          940         1704          0
[2022-12-19 10:15:40]          941          940         2177          0
[2022-12-19 10:15:41]          941          940         2651          0
[2022-12-19 10:15:43]          941          940         3125          0
[2022-12-19 10:15:44]          941          940         3599          0
[2022-12-19 10:15:44] WR-BW(MiB/s) RD-BW(MiB/s)  TESTED(MiB)     ERRORS
[2022-12-19 10:15:45]          941          940         4073          0
[2022-12-19 10:15:47]          941          940          451          0
[2022-12-19 10:15:48]          941          940          924          0
[2022-12-19 10:15:50]          941          940         1398          0
[2022-12-19 10:15:51]          941          940         1872          0
[2022-12-19 10:15:53]          941          940         2346          0
[2022-12-19 10:15:54]          941          940         2820          0
[2022-12-19 10:15:56]          941          940         3294          0
[2022-12-19 10:15:56] WR-BW(MiB/s) RD-BW(MiB/s)  TESTED(MiB)     ERRORS
[2022-12-19 10:15:57]          940          940         3767          0
[2022-12-19 10:15:59]          941          940          145          0
[2022-12-19 10:16:00]          941          940          619          0
[2022-12-19 10:16:01]          941          940         1093          0
[2022-12-19 10:16:03]          941          940         1567          0
[2022-12-19 10:16:04]          941          940         2041          0
[2022-12-19 10:16:06]          941          940         2514          0
[2022-12-19 10:16:07]          941          940         2988          0
[2022-12-19 10:16:07] WR-BW(MiB/s) RD-BW(MiB/s)  TESTED(MiB)     ERRORS
[2022-12-19 10:16:09]          940          940         3462          0
[2022-12-19 10:16:10]          941          940         3936          0
[2022-12-19 10:16:12]          941          940          314          0
[2022-12-19 10:16:13]          941          940          788          0
[2022-12-19 10:16:14]          941          940         1261          0
[2022-12-19 10:16:16]          941          940         1735          0
[2022-12-19 10:16:17]          941          940         2209          0
[2022-12-19 10:16:19]          941          940         2683          0
[2022-12-19 10:16:19] WR-BW(MiB/s) RD-BW(MiB/s)  TESTED(MiB)     ERRORS
[2022-12-19 10:16:20]          940          940         3157          0
[2022-12-19 10:16:22]          941          940         3631          0
[2022-12-19 10:16:23]          941          940            8          0
[2022-12-19 10:16:25]          941          940          482          0
[2022-12-19 10:16:26]          941          940          956          0
[2022-12-19 10:16:28]          941          940         1430          0
[2022-12-19 10:16:29]          941          940         1904          0
[2022-12-19 10:16:30]          941          940         2378          0
[2022-12-19 10:16:30] WR-BW(MiB/s) RD-BW(MiB/s)  TESTED(MiB)     ERRORS
[2022-12-19 10:16:32]          941          940         2851          0
[2022-12-19 10:16:33]          941          940         3325          0
[2022-12-19 10:16:35]          941          940         3799          0
[2022-12-19 10:16:36]          941          940          177          0
[2022-12-19 10:16:38]          941          940          651          0
[2022-12-19 10:16:39]          941          940         1125          0
[2022-12-19 10:16:41]          941          940         1598          0
[2022-12-19 10:16:42]          941          940         2072          0
[2022-12-19 10:16:42] WR-BW(MiB/s) RD-BW(MiB/s)  TESTED(MiB)     ERRORS
[2022-12-19 10:16:44]          941          940         2546          0
[2022-12-19 10:16:45]          941          940         3020          0
[2022-12-19 10:16:46]          941          940         3494          0
[2022-12-19 10:16:48]          941          940         3968          0
[2022-12-19 10:16:49]          941          940          345          0
[2022-12-19 10:16:51]          941          940          819          0
[2022-12-19 10:16:52]          941          940         1293          0
[2022-12-19 10:16:54]          941          940         1767          0
[2022-12-19 10:16:54] WR-BW(MiB/s) RD-BW(MiB/s)  TESTED(MiB)     ERRORS
[2022-12-19 10:16:55]          940          940         2241          0
[2022-12-19 10:16:57]          941          940         2715          0
[2022-12-19 10:16:58]          941          940         3188          0
[2022-12-19 10:16:59]          941          940         3662          0
[2022-12-19 10:17:01]          941          940           40          0
[2022-12-19 10:17:02]          941          940          514          0
[2022-12-19 10:17:04]          941          940          988          0
[2022-12-19 10:17:05]          941          940         1462          0
[2022-12-19 10:17:05] WR-BW(MiB/s) RD-BW(MiB/s)  TESTED(MiB)     ERRORS
[2022-12-19 10:17:07]          940          940         1935          0
[2022-12-19 10:17:08]          941          940         2409          0
[2022-12-19 10:17:10]          941          940         2883          0
[2022-12-19 10:17:11]          941          940         3357          0
[2022-12-19 10:17:13]          941          940         3831          0
[2022-12-19 10:17:14]          941          940          209          0
[2022-12-19 10:17:15]          941          940          683          0
[2022-12-19 10:17:17]          941          940         1156          0
[2022-12-19 10:17:17] WR-BW(MiB/s) RD-BW(MiB/s)  TESTED(MiB)     ERRORS
[2022-12-19 10:17:18]          941          940         1630          0
[2022-12-19 10:17:20]          941          940         2104          0
[2022-12-19 10:17:21]          941          940         2578          0
[2022-12-19 10:17:23]          941          940         3052          0
[2022-12-19 10:17:24]          941          940         3526          0
[2022-12-19 10:17:26]          941          940         3999          0
[2022-12-19 10:17:27]          941          940          377          0
[2022-12-19 10:17:29]          941          940          851          0
[2022-12-19 10:17:29] WR-BW(MiB/s) RD-BW(MiB/s)  TESTED(MiB)     ERRORS
[2022-12-19 10:17:30]          941          940         1325          0
[2022-12-19 10:17:31]          941          940         1799          0
[2022-12-19 10:17:33]          941          940         2273          0
[2022-12-19 10:17:34]          941          940         2746          0
[2022-12-19 10:17:36]          941          940         3220          0
[2022-12-19 10:17:37]          941          940         3694          0
[2022-12-19 10:17:39]          941          940           72          0
[2022-12-19 10:17:40]          941          940          546          0
[2022-12-19 10:17:40] WR-BW(MiB/s) RD-BW(MiB/s)  TESTED(MiB)     ERRORS
[2022-12-19 10:17:42]          941          940         1020          0
[2022-12-19 10:17:43]          941          940         1493          0
[2022-12-19 10:17:44]          941          940         1967          0
[2022-12-19 10:17:46]          941          940         2441          0
[2022-12-19 10:17:47]          941          940         2915          0
[2022-12-19 10:17:49]          941          940         3389          0
[2022-12-19 10:17:50]          941          940         3863          0
[2022-12-19 10:17:52]          941          940          240          0
[2022-12-19 10:17:52] WR-BW(MiB/s) RD-BW(MiB/s)  TESTED(MiB)     ERRORS
[2022-12-19 10:17:53]          941          940          714          0
[2022-12-19 10:17:55]          941          940         1188          0
[2022-12-19 10:17:56]          941          940         1662          0
[2022-12-19 10:17:58]          941          940         2136          0
[2022-12-19 10:17:59]          941          940         2610          0
[2022-12-19 10:18:00]          941          940         3083          0
[2022-12-19 10:18:02]          941          940         3557          0
[2022-12-19 10:18:03]          941          940         4031          0
[2022-12-19 10:18:03] WR-BW(MiB/s) RD-BW(MiB/s)  TESTED(MiB)     ERRORS
[2022-12-19 10:18:05]          940          940          409          0
[2022-12-19 10:18:06]          941          940          883          0
[2022-12-19 10:18:08]          941          940         1357          0
[2022-12-19 10:18:09]          941          940         1830          0
[2022-12-19 10:18:11]          941          940         2304          0
[2022-12-19 10:18:12]          941          940         2778          0
[2022-12-19 10:18:13]          941          940         3252          0
[2022-12-19 10:18:15]          941          940         3726          0
[2022-12-19 10:18:15] WR-BW(MiB/s) RD-BW(MiB/s)  TESTED(MiB)     ERRORS
[2022-12-19 10:18:16]          941          940          104          0
[2022-12-19 10:18:18]          941          940          577          0
[2022-12-19 10:18:19]          941          940         1051          0
[2022-12-19 10:18:21]          941          940         1525          0
[2022-12-19 10:18:22]          941          940         1999          0
[2022-12-19 10:18:24]          941          940         2473          0
[2022-12-19 10:18:25]          941          940         2947          0
[2022-12-19 10:18:27]          941          940         3420          0
[2022-12-19 10:18:27] WR-BW(MiB/s) RD-BW(MiB/s)  TESTED(MiB)     ERRORS
[2022-12-19 10:18:28]          940          940         3894          0
[2022-12-19 10:18:29]          941          940          272          0
[2022-12-19 10:18:31]          941          940          746          0
[2022-12-19 10:18:32]          941          940         1220          0
[2022-12-19 10:18:34]          941          940         1694          0
[2022-12-19 10:18:35]          941          940         2167          0
[2022-12-19 10:18:37]          941          940         2641          0
[2022-12-19 10:18:38]          941          940         3115          0
[2022-12-19 10:18:38] WR-BW(MiB/s) RD-BW(MiB/s)  TESTED(MiB)     ERRORS
[2022-12-19 10:18:40]          940          940         3589          0
[2022-12-19 10:18:41]          941          940         4063          0
[2022-12-19 10:18:43]          941          940          441          0
[2022-12-19 10:18:44]          941          940          914          0
[2022-12-19 10:18:45]          941          940         1388          0
[2022-12-19 10:18:47]          941          940         1862          0
[2022-12-19 10:18:48]          941          940         2336          0
[2022-12-19 10:18:50]          941          940         2810          0
[2022-12-19 10:18:50] WR-BW(MiB/s) RD-BW(MiB/s)  TESTED(MiB)     ERRORS
[2022-12-19 10:18:51]          940          940         3284          0
[2022-12-19 10:18:53]          941          940         3757          0
[2022-12-19 10:18:54]          941          940          135          0
[2022-12-19 10:18:56]          941          940          609          0
[2022-12-19 10:18:57]          941          940         1083          0
[2022-12-19 10:18:58]          941          940         1557          0
[2022-12-19 10:19:00]          941          940         2031          0
[2022-12-19 10:19:01]          941          940         2504          0
[2022-12-19 10:19:01] WR-BW(MiB/s) RD-BW(MiB/s)  TESTED(MiB)     ERRORS
[2022-12-19 10:19:03]          940          940         2978          0
[2022-12-19 10:19:04]          941          940         3452          0
[2022-12-19 10:19:06]          941          940         3926          0
[2022-12-19 10:19:07]          941          940          304          0
[2022-12-19 10:19:09]          941          940          778          0
[2022-12-19 10:19:10]          941          940         1251          0
[2022-12-19 10:19:12]          941          940         1725          0
[2022-12-19 10:19:13]          941          940         2199          0
[2022-12-19 10:19:13] WR-BW(MiB/s) RD-BW(MiB/s)  TESTED(MiB)     ERRORS
[2022-12-19 10:19:14]          940          940         2673          0
[2022-12-19 10:19:16]          941          940         3147          0
[2022-12-19 10:19:17]          941          940         3621          0
[2022-12-19 10:19:19]          941          940         4094          0
[2022-12-19 10:19:20]          941          940          472          0
[2022-12-19 10:19:22]          941          940          946          0
[2022-12-19 10:19:23]          941          940         1420          0
[2022-12-19 10:19:25]          941          940         1894          0
[2022-12-19 10:19:25] WR-BW(MiB/s) RD-BW(MiB/s)  TESTED(MiB)     ERRORS
[2022-12-19 10:19:26]          941          940         2368          0
[2022-12-19 10:19:28]          941          940         2842          0
[2022-12-19 10:19:29]          941          940         3315          0
[2022-12-19 10:19:30]          941          940         3789          0
[2022-12-19 10:19:32]          941          940          167          0
[2022-12-19 10:19:33]          941          940          641          0
[2022-12-19 10:19:35]          941          940         1115          0
[2022-12-19 10:19:36]          941          940         1589          0
[2022-12-19 10:19:36] WR-BW(MiB/s) RD-BW(MiB/s)  TESTED(MiB)     ERRORS
[2022-12-19 10:19:38]          940          940         2062          0
[2022-12-19 10:19:39]          941          940         2536          0
[2022-12-19 10:19:41]          941          940         3010          0
[2022-12-19 10:19:42]          941          940         3484          0
[2022-12-19 10:19:43]          941          940         3958          0
[2022-12-19 10:19:45]          941          940          336          0
[2022-12-19 10:19:46]          941          940          809          0
[2022-12-19 10:19:48]          941          940         1283          0
[2022-12-19 10:19:48] WR-BW(MiB/s) RD-BW(MiB/s)  TESTED(MiB)     ERRORS
[2022-12-19 10:19:49]          940          940         1757          0
[2022-12-19 10:19:51]          941          940         2231          0
[2022-12-19 10:19:52]          941          940         2705          0
[2022-12-19 10:19:54]          941          940         3179          0
[2022-12-19 10:19:55]          941          940         3652          0
[2022-12-19 10:19:57]          941          940           30          0
[2022-12-19 10:19:58]          941          940          504          0
[2022-12-19 10:19:59]          941          940          978          0
[2022-12-19 10:19:59] WR-BW(MiB/s) RD-BW(MiB/s)  TESTED(MiB)     ERRORS
[2022-12-19 10:20:01]          941          940         1452          0
[2022-12-19 10:20:02]          941          940         1926          0
[2022-12-19 10:20:04]          941          940         2399          0
[2022-12-19 10:20:05]          941          940         2873          0
[2022-12-19 10:20:07]          941          940         3347          0
[2022-12-19 10:20:08]          941          940         3821          0
[2022-12-19 10:20:10]          941          940          199          0
[2022-12-19 10:20:11]          941          940          673          0
[2022-12-19 10:20:11] WR-BW(MiB/s) RD-BW(MiB/s)  TESTED(MiB)     ERRORS
[2022-12-19 10:20:13]          941          940         1146          0
[2022-12-19 10:20:14]          941          940         1620          0
[2022-12-19 10:20:15]          941          940         2094          0
[2022-12-19 10:20:17]          941          940         2568          0
[2022-12-19 10:20:18]          941          940         3042          0
[2022-12-19 10:20:20]          941          940         3516          0
[2022-12-19 10:20:21]          941          940         3989          0
[2022-12-19 10:20:23]          941          940          367          0
[2022-12-19 10:20:23] WR-BW(MiB/s) RD-BW(MiB/s)  TESTED(MiB)     ERRORS
[2022-12-19 10:20:24]          941          940          841          0
[2022-12-19 10:20:26]          941          940         1315          0
[2022-12-19 10:20:27]          941          940         1789          0
[2022-12-19 10:20:28]          941          940         2263          0
[2022-12-19 10:20:30]          941          940         2736          0
[2022-12-19 10:20:31]          941          940         3210          0
[2022-12-19 10:20:33]          941          940         3684          0
[2022-12-19 10:20:34]          941          940           62          0
[2022-12-19 10:20:34] WR-BW(MiB/s) RD-BW(MiB/s)  TESTED(MiB)     ERRORS
[2022-12-19 10:20:36]          941          940          536          0
[2022-12-19 10:20:37]          941          940         1010          0
[2022-12-19 10:20:39]          941          940         1483          0
[2022-12-19 10:20:40]          941          940         1957          0
[2022-12-19 10:20:42]          941          940         2431          0
[2022-12-19 10:20:43]          941          940         2905          0
[2022-12-19 10:20:44]          941          940         3379          0
[2022-12-19 10:20:46]          941          940         3853          0
[2022-12-19 10:20:46] WR-BW(MiB/s) RD-BW(MiB/s)  TESTED(MiB)     ERRORS
[2022-12-19 10:20:47]          941          940          230          0
[2022-12-19 10:20:49]          941          940          704          0
[2022-12-19 10:20:50]          941          940         1178          0
[2022-12-19 10:20:52]          941          940         1652          0
[2022-12-19 10:20:53]          941          940         2126          0
[2022-12-19 10:20:55]          941          940         2600          0
[2022-12-19 10:20:56]          941          940         3073          0
[2022-12-19 10:20:58]          941          940         3547          0
[2022-12-19 10:20:58] WR-BW(MiB/s) RD-BW(MiB/s)  TESTED(MiB)     ERRORS
[2022-12-19 10:20:59]          940          940         4021          0
[2022-12-19 10:21:00]          941          940          399          0
[2022-12-19 10:21:02]          941          940          873          0
[2022-12-19 10:21:03]          941          940         1347          0
[2022-12-19 10:21:05]          941          940         1820          0
[2022-12-19 10:21:06]          941          940         2294          0
[2022-12-19 10:21:08]          941          940         2768          0
[2022-12-19 10:21:09]          941          940         3242          0
[2022-12-19 10:21:09] WR-BW(MiB/s) RD-BW(MiB/s)  TESTED(MiB)     ERRORS
[2022-12-19 10:21:11]          940          940         3716          0
[2022-12-19 10:21:12]          941          940           94          0
[2022-12-19 10:21:13]          941          940          567          0
[2022-12-19 10:21:15]          941          940         1041          0
[2022-12-19 10:21:16]          941          940         1515          0
[2022-12-19 10:21:18]          941          940         1989          0
[2022-12-19 10:21:19]          941          940         2463          0
[2022-12-19 10:21:21]          941          940         2937          0
[2022-12-19 10:21:21] WR-BW(MiB/s) RD-BW(MiB/s)  TESTED(MiB)     ERRORS
[2022-12-19 10:21:22]          941          940         3410          0
[2022-12-19 10:21:24]          941          940         3884          0
[2022-12-19 10:21:25]          941          940          262          0
[2022-12-19 10:21:27]          941          940          736          0
[2022-12-19 10:21:28]          941          940         1210          0
[2022-12-19 10:21:29]          941          940         1684          0
[2022-12-19 10:21:31]          941          940         2158          0
[2022-12-19 10:21:32]          941          940         2631          0
[2022-12-19 10:21:32] WR-BW(MiB/s) RD-BW(MiB/s)  TESTED(MiB)     ERRORS
[2022-12-19 10:21:34]          940          940         3105          0
[2022-12-19 10:21:35]          941          940         3579          0
[2022-12-19 10:21:37]          941          940         4053          0
[2022-12-19 10:21:38]          941          940          431          0
[2022-12-19 10:21:40]          941          940          905          0
[2022-12-19 10:21:41]          941          940         1378          0
[2022-12-19 10:21:43]          941          940         1852          0
[2022-12-19 10:21:44]          941          940         2326          0
[2022-12-19 10:21:44] WR-BW(MiB/s) RD-BW(MiB/s)  TESTED(MiB)     ERRORS
[2022-12-19 10:21:45]          940          940         2800          0
[2022-12-19 10:21:47]          941          940         3274          0
[2022-12-19 10:21:48]          941          940         3748          0
[2022-12-19 10:21:50]          941          940          125          0
[2022-12-19 10:21:51]          941          940          599          0
[2022-12-19 10:21:53]          941          940         1073          0
[2022-12-19 10:21:54]          941          940         1547          0
[2022-12-19 10:21:56]          941          940         2021          0
[2022-12-19 10:21:56] WR-BW(MiB/s) RD-BW(MiB/s)  TESTED(MiB)     ERRORS
[2022-12-19 10:21:57]          941          940         2495          0
[2022-12-19 10:21:58]          941          940         2968          0
[2022-12-19 10:22:00]          941          940         3442          0
[2022-12-19 10:22:01]          941          940         3916          0
[2022-12-19 10:22:03]          941          940          294          0
[2022-12-19 10:22:04]          941          940          768          0
[2022-12-19 10:22:06]          941          940         1242          0
[2022-12-19 10:22:07]          941          940         1715          0
[2022-12-19 10:22:07] WR-BW(MiB/s) RD-BW(MiB/s)  TESTED(MiB)     ERRORS
[2022-12-19 10:22:09]          941          940         2189          0
[2022-12-19 10:22:10]          941          940         2663          0
[2022-12-19 10:22:12]          941          940         3137          0
[2022-12-19 10:22:13]          941          940         3611          0
[2022-12-19 10:22:14]          941          940         4085          0
[2022-12-19 10:22:16]          941          940          462          0
[2022-12-19 10:22:17]          941          940          936          0
[2022-12-19 10:22:19]          941          940         1410          0
[2022-12-19 10:22:19] WR-BW(MiB/s) RD-BW(MiB/s)  TESTED(MiB)     ERRORS
[2022-12-19 10:22:20]          941          940         1884          0
[2022-12-19 10:22:22]          941          940         2358          0
[2022-12-19 10:22:23]          941          940         2832          0
[2022-12-19 10:22:25]          941          940         3305          0
[2022-12-19 10:22:26]          941          940         3779          0
[2022-12-19 10:22:27]          941          940          157          0
[2022-12-19 10:22:29]          941          940          631          0
[2022-12-19 10:22:30]          941          940         1105          0
[2022-12-19 10:22:30] WR-BW(MiB/s) RD-BW(MiB/s)  TESTED(MiB)     ERRORS
[2022-12-19 10:22:32]          941          940         1579          0
[2022-12-19 10:22:33]          941          940         2052          0
[2022-12-19 10:22:35]          941          940         2526          0
[2022-12-19 10:22:36]          941          940         3000          0
[2022-12-19 10:22:38]          941          940         3474          0
[2022-12-19 10:22:39]          941          940         3948          0
[2022-12-19 10:22:41]          941          940          326          0
[2022-12-19 10:22:42]          941          940          799          0
[2022-12-19 10:22:42] WR-BW(MiB/s) RD-BW(MiB/s)  TESTED(MiB)     ERRORS
[2022-12-19 10:22:43]          941          940         1273          0
[2022-12-19 10:22:45]          941          940         1747          0
[2022-12-19 10:22:46]          941          940         2221          0
[2022-12-19 10:22:48]          941          940         2695          0
[2022-12-19 10:22:49]          941          940         3169          0
[2022-12-19 10:22:51]          941          940         3642          0
[2022-12-19 10:22:52]          941          940           20          0
[2022-12-19 10:22:54]          941          940          494          0
[2022-12-19 10:22:54] WR-BW(MiB/s) RD-BW(MiB/s)  TESTED(MiB)     ERRORS
[2022-12-19 10:22:55]          941          940          968          0
[2022-12-19 10:22:57]          941          940         1442          0
[2022-12-19 10:22:58]          941          940         1916          0
[2022-12-19 10:22:59]          941          940         2389          0
[2022-12-19 10:23:01]          941          940         2863          0
[2022-12-19 10:23:02]          941          940         3337          0
[2022-12-19 10:23:04]          941          940         3811          0
[2022-12-19 10:23:05]          941          940          189          0
[2022-12-19 10:23:05] WR-BW(MiB/s) RD-BW(MiB/s)  TESTED(MiB)     ERRORS
[2022-12-19 10:23:07]          941          940          663          0
[2022-12-19 10:23:08]          941          940         1136          0
[2022-12-19 10:23:10]          941          940         1610          0
[2022-12-19 10:23:11]          941          940         2084          0
[2022-12-19 10:23:13]          941          940         2558          0
[2022-12-19 10:23:14]          941          940         3032          0
[2022-12-19 10:23:15]          941          940         3506          0
[2022-12-19 10:23:17]          941          940         3979          0
[2022-12-19 10:23:17] WR-BW(MiB/s) RD-BW(MiB/s)  TESTED(MiB)     ERRORS
[2022-12-19 10:23:18]          940          940          357          0
[2022-12-19 10:23:20]          941          940          831          0
[2022-12-19 10:23:21]          941          940         1305          0
[2022-12-19 10:23:23]          941          940         1779          0
[2022-12-19 10:23:24]          941          940         2253          0
[2022-12-19 10:23:26]          941          940         2726          0
[2022-12-19 10:23:27]          941          940         3200          0
[2022-12-19 10:23:28]          941          940         3674          0
[2022-12-19 10:23:28] WR-BW(MiB/s) RD-BW(MiB/s)  TESTED(MiB)     ERRORS
[2022-12-19 10:23:30]          941          940           52          0
[2022-12-19 10:23:31]          941          940          526          0
[2022-12-19 10:23:33]          941          940         1000          0
[2022-12-19 10:23:34]          941          940         1473          0
[2022-12-19 10:23:36]          941          940         1947          0
[2022-12-19 10:23:37]          941          940         2421          0
[2022-12-19 10:23:39]          941          940         2895          0
[2022-12-19 10:23:40]          941          940         3369          0
[2022-12-19 10:23:40] WR-BW(MiB/s) RD-BW(MiB/s)  TESTED(MiB)     ERRORS
[2022-12-19 10:23:42]          940          940         3843          0
[2022-12-19 10:23:43]          941          940          220          0
[2022-12-19 10:23:44]          941          940          694          0
[2022-12-19 10:23:46]          941          940         1168          0
[2022-12-19 10:23:47]          941          940         1642          0
[2022-12-19 10:23:49]          941          940         2116          0
[2022-12-19 10:23:50]          941          940         2590          0
[2022-12-19 10:23:52]          941          940         3064          0
[2022-12-19 10:23:52] WR-BW(MiB/s) RD-BW(MiB/s)  TESTED(MiB)     ERRORS
[2022-12-19 10:23:53]          940          940         3537          0
[2022-12-19 10:23:55]          941          940         4011          0
[2022-12-19 10:23:56]          941          940          389          0
[2022-12-19 10:23:57]          941          940          863          0
[2022-12-19 10:23:59]          941          940         1337          0
[2022-12-19 10:24:00]          941          940         1811          0
[2022-12-19 10:24:02]          941          940         2284          0
[2022-12-19 10:24:03]          941          940         2758          0
[2022-12-19 10:24:03] WR-BW(MiB/s) RD-BW(MiB/s)  TESTED(MiB)     ERRORS
[2022-12-19 10:24:05]          941          940         3232          0
[2022-12-19 10:24:06]          941          940         3706          0
[2022-12-19 10:24:08]          941          940           84          0
[2022-12-19 10:24:09]          941          940          558          0
[2022-12-19 10:24:11]          941          940         1031          0
[2022-12-19 10:24:12]          941          940         1505          0
[2022-12-19 10:24:13]          941          940         1979          0
[2022-12-19 10:24:15]          941          940         2453          0
[2022-12-19 10:24:15] WR-BW(MiB/s) RD-BW(MiB/s)  TESTED(MiB)     ERRORS
[2022-12-19 10:24:16]          940          940         2927          0
[2022-12-19 10:24:18]          941          940         3401          0
[2022-12-19 10:24:19]          941          940         3874          0
[2022-12-19 10:24:21]          941          940          252          0
[2022-12-19 10:24:22]          941          940          726          0
[2022-12-19 10:24:24]          941          940         1200          0
[2022-12-19 10:24:25]          941          940         1674          0
[2022-12-19 10:24:27]          941          940         2148          0
[2022-12-19 10:24:27] WR-BW(MiB/s) RD-BW(MiB/s)  TESTED(MiB)     ERRORS
[2022-12-19 10:24:28]          941          940         2621          0
[2022-12-19 10:24:29]          941          940         3095          0
[2022-12-19 10:24:31]          941          940         3569          0
[2022-12-19 10:24:32]          941          940         4043          0
[2022-12-19 10:24:34]          941          940          421          0
[2022-12-19 10:24:35]          941          940          895          0
[2022-12-19 10:24:37]          941          940         1368          0
[2022-12-19 10:24:38]          941          940         1842          0
[2022-12-19 10:24:38] WR-BW(MiB/s) RD-BW(MiB/s)  TESTED(MiB)     ERRORS
[2022-12-19 10:24:40]          940          940         2316          0
[2022-12-19 10:24:41]          941          940         2790          0
[2022-12-19 10:24:42]          941          940         3264          0
[2022-12-19 10:24:44]          941          940         3738          0
[2022-12-19 10:24:45]          941          940          115          0
[2022-12-19 10:24:47]          941          940          589          0
[2022-12-19 10:24:48]          941          940         1063          0
[2022-12-19 10:24:50]          941          940         1537          0
[2022-12-19 10:24:50] WR-BW(MiB/s) RD-BW(MiB/s)  TESTED(MiB)     ERRORS
[2022-12-19 10:24:51]          940          940         2011          0
[2022-12-19 10:24:53]          941          940         2485          0
[2022-12-19 10:24:54]          941          940         2958          0
[2022-12-19 10:24:56]          941          940         3432          0
[2022-12-19 10:24:57]          941          940         3906          0
[2022-12-19 10:24:58]          941          940          284          0
[2022-12-19 10:25:00]          941          940          758          0
[2022-12-19 10:25:01]          941          940         1232          0
[2022-12-19 10:25:01] WR-BW(MiB/s) RD-BW(MiB/s)  TESTED(MiB)     ERRORS
[2022-12-19 10:25:03]          941          940         1705          0
[2022-12-19 10:25:04]          941          940         2179          0
[2022-12-19 10:25:06]          941          940         2653          0
[2022-12-19 10:25:07]          941          940         3127          0
[2022-12-19 10:25:09]          941          940         3601          0
[2022-12-19 10:25:10]          941          940         4075          0
[2022-12-19 10:25:12]          941          940          452          0
[2022-12-19 10:25:13]          941          940          926          0
[2022-12-19 10:25:13] WR-BW(MiB/s) RD-BW(MiB/s)  TESTED(MiB)     ERRORS
[2022-12-19 10:25:14]          941          940         1400          0
[2022-12-19 10:25:16]          941          940         1874          0
[2022-12-19 10:25:17]          941          940         2348          0
[2022-12-19 10:25:19]          941          940         2822          0
[2022-12-19 10:25:20]          941          940         3295          0
[2022-12-19 10:25:22]          941          940         3769          0
[2022-12-19 10:25:23]          941          940          147          0
[2022-12-19 10:25:25]          941          940          621          0
[2022-12-19 10:25:25] WR-BW(MiB/s) RD-BW(MiB/s)  TESTED(MiB)     ERRORS
[2022-12-19 10:25:26]          941          940         1095          0
[2022-12-19 10:25:27]          941          940         1569          0
[2022-12-19 10:25:29]          941          940         2042          0
[2022-12-19 10:25:30]          941          940         2516          0
[2022-12-19 10:25:32]          941          940         2990          0
[2022-12-19 10:25:33]          941          940         3464          0
[2022-12-19 10:25:35]          941          940         3938          0
[2022-12-19 10:25:36]          941          940          316          0
[2022-12-19 10:25:36] WR-BW(MiB/s) RD-BW(MiB/s)  TESTED(MiB)     ERRORS
[2022-12-19 10:25:38]          941          940          789          0
[2022-12-19 10:25:39]          941          940         1263          0
[2022-12-19 10:25:41]          941          940         1737          0
[2022-12-19 10:25:42]          941          940         2211          0
[2022-12-19 10:25:43]          941          940         2685          0
[2022-12-19 10:25:45]          941          940         3159          0
[2022-12-19 10:25:46]          941          940         3632          0
[2022-12-19 10:25:48]          941          940           10          0
[2022-12-19 10:25:48] WR-BW(MiB/s) RD-BW(MiB/s)  TESTED(MiB)     ERRORS
[2022-12-19 10:25:49]          941          940          484          0
[2022-12-19 10:25:51]          941          940          958          0
[2022-12-19 10:25:52]          941          940         1432          0
[2022-12-19 10:25:54]          941          940         1906          0
[2022-12-19 10:25:55]          941          940         2380          0
[2022-12-19 10:25:57]          941          940         2853          0
[2022-12-19 10:25:58]          941          940         3327          0
[2022-12-19 10:25:59]          941          940         3801          0
[2022-12-19 10:25:59] WR-BW(MiB/s) RD-BW(MiB/s)  TESTED(MiB)     ERRORS
[2022-12-19 10:26:01]          940          940          179          0
[2022-12-19 10:26:02]          941          940          653          0
[2022-12-19 10:26:04]          941          940         1127          0
[2022-12-19 10:26:05]          941          940         1600          0
[2022-12-19 10:26:07]          941          940         2074          0
[2022-12-19 10:26:08]          941          940         2548          0
[2022-12-19 10:26:10]          941          940         3022          0
[2022-12-19 10:26:11]          941          940         3496          0
[2022-12-19 10:26:11] WR-BW(MiB/s) RD-BW(MiB/s)  TESTED(MiB)     ERRORS
[2022-12-19 10:26:12]          940          940         3970          0
[2022-12-19 10:26:14]          941          940          347          0
[2022-12-19 10:26:15]          941          940          821          0
[2022-12-19 10:26:17]          941          940         1295          0
[2022-12-19 10:26:18]          941          940         1769          0
[2022-12-19 10:26:20]          941          940         2243          0
[2022-12-19 10:26:21]          941          940         2717          0
[2022-12-19 10:26:23]          941          940         3190          0
[2022-12-19 10:26:23] WR-BW(MiB/s) RD-BW(MiB/s)  TESTED(MiB)     ERRORS
[2022-12-19 10:26:24]          940          940         3664          0
[2022-12-19 10:26:26]          941          940           42          0
[2022-12-19 10:26:27]          941          940          516          0
[2022-12-19 10:26:28]          941          940          990          0
[2022-12-19 10:26:30]          941          940         1464          0
[2022-12-19 10:26:31]          941          940         1937          0
[2022-12-19 10:26:33]          941          940         2411          0
[2022-12-19 10:26:34]          941          940         2885          0
[2022-12-19 10:26:34] WR-BW(MiB/s) RD-BW(MiB/s)  TESTED(MiB)     ERRORS
[2022-12-19 10:26:36]          941          940         3359          0
[2022-12-19 10:26:37]          941          940         3833          0
[2022-12-19 10:26:39]          941          940          211          0
[2022-12-19 10:26:40]          941          940          684          0
[2022-12-19 10:26:42]          941          940         1158          0
[2022-12-19 10:26:43]          941          940         1632          0
[2022-12-19 10:26:44]          941          940         2106          0
[2022-12-19 10:26:46]          941          940         2580          0
[2022-12-19 10:26:46] WR-BW(MiB/s) RD-BW(MiB/s)  TESTED(MiB)     ERRORS
[2022-12-19 10:26:47]          940          940         3054          0
[2022-12-19 10:26:49]          941          940         3527          0
[2022-12-19 10:26:50]          941          940         4001          0
[2022-12-19 10:26:52]          941          940          379          0
[2022-12-19 10:26:53]          941          940          853          0
[2022-12-19 10:26:55]          941          940         1327          0
[2022-12-19 10:26:56]          941          940         1801          0
[2022-12-19 10:26:57]          941          940         2274          0
[2022-12-19 10:26:57] WR-BW(MiB/s) RD-BW(MiB/s)  TESTED(MiB)     ERRORS
[2022-12-19 10:26:59]          940          940         2748          0
[2022-12-19 10:27:00]          941          940         3222          0
[2022-12-19 10:27:02]          941          940         3696          0
[2022-12-19 10:27:03]          941          940           74          0
[2022-12-19 10:27:05]          941          940          548          0
[2022-12-19 10:27:06]          941          940         1021          0
[2022-12-19 10:27:08]          941          940         1495          0
[2022-12-19 10:27:09]          941          940         1969          0
[2022-12-19 10:27:09] WR-BW(MiB/s) RD-BW(MiB/s)  TESTED(MiB)     ERRORS
[2022-12-19 10:27:11]          940          940         2443          0
[2022-12-19 10:27:12]          941          940         2917          0
[2022-12-19 10:27:13]          941          940         3391          0
[2022-12-19 10:27:15]          941          940         3864          0
[2022-12-19 10:27:16]          941          940          242          0
[2022-12-19 10:27:18]          941          940          716          0
[2022-12-19 10:27:19]          941          940         1190          0
[2022-12-19 10:27:21]          941          940         1664          0
[2022-12-19 10:27:21] WR-BW(MiB/s) RD-BW(MiB/s)  TESTED(MiB)     ERRORS
[2022-12-19 10:27:22]          940          940         2138          0
[2022-12-19 10:27:24]          941          940         2611          0
[2022-12-19 10:27:25]          941          940         3085          0
[2022-12-19 10:27:27]          941          940         3559          0
[2022-12-19 10:27:28]          941          940         4033          0
[2022-12-19 10:27:29]          941          940          411          0
[2022-12-19 10:27:31]          941          940          885          0
[2022-12-19 10:27:32]          941          940         1358          0
[2022-12-19 10:27:32] WR-BW(MiB/s) RD-BW(MiB/s)  TESTED(MiB)     ERRORS
[2022-12-19 10:27:34]          940          940         1832          0
[2022-12-19 10:27:35]          941          940         2306          0
[2022-12-19 10:27:37]          941          940         2780          0
[2022-12-19 10:27:38]          941          940         3254          0
[2022-12-19 10:27:40]          941          940         3728          0
[2022-12-19 10:27:41]          941          940          105          0
[2022-12-19 10:27:42]          941          940          579          0
[2022-12-19 10:27:44]          941          940         1053          0
[2022-12-19 10:27:44] WR-BW(MiB/s) RD-BW(MiB/s)  TESTED(MiB)     ERRORS
[2022-12-19 10:27:45]          941          940         1527          0
[2022-12-19 10:27:47]          941          940         2001          0
[2022-12-19 10:27:48]          941          940         2475          0
[2022-12-19 10:27:50]          941          940         2948          0
[2022-12-19 10:27:51]          941          940         3422          0
[2022-12-19 10:27:53]          941          940         3896          0
[2022-12-19 10:27:54]          941          940          274          0
[2022-12-19 10:27:56]          941          940          748          0
[2022-12-19 10:27:56] WR-BW(MiB/s) RD-BW(MiB/s)  TESTED(MiB)     ERRORS
[2022-12-19 10:27:57]          941          940         1222          0
[2022-12-19 10:27:58]          941          940         1695          0
[2022-12-19 10:28:00]          941          940         2169          0
[2022-12-19 10:28:01]          941          940         2643          0
[2022-12-19 10:28:03]          941          940         3117          0
[2022-12-19 10:28:04]          941          940         3591          0
[2022-12-19 10:28:06]          941          940         4065          0
[2022-12-19 10:28:07]          941          940          443          0
[2022-12-19 10:28:07] WR-BW(MiB/s) RD-BW(MiB/s)  TESTED(MiB)     ERRORS
[2022-12-19 10:28:09]          941          940          916          0
[2022-12-19 10:28:10]          941          940         1390          0
[2022-12-19 10:28:12]          941          940         1864          0
[2022-12-19 10:28:13]          941          940         2338          0
[2022-12-19 10:28:14]          941          940         2812          0
[2022-12-19 10:28:16]          941          940         3286          0
[2022-12-19 10:28:17]          941          940         3759          0
[2022-12-19 10:28:19]          941          940          137          0
[2022-12-19 10:28:19] WR-BW(MiB/s) RD-BW(MiB/s)  TESTED(MiB)     ERRORS
[2022-12-19 10:28:20]          941          940          611          0
[2022-12-19 10:28:22]          941          940         1085          0
[2022-12-19 10:28:23]          941          940         1559          0
[2022-12-19 10:28:25]          941          940         2033          0
[2022-12-19 10:28:26]          941          940         2506          0
[2022-12-19 10:28:27]          941          940         2980          0
[2022-12-19 10:28:29]          941          940         3454          0
[2022-12-19 10:28:30]          941          940         3928          0
[2022-12-19 10:28:30] WR-BW(MiB/s) RD-BW(MiB/s)  TESTED(MiB)     ERRORS
[2022-12-19 10:28:32]          941          940          306          0
[2022-12-19 10:28:33]          941          940          780          0
[2022-12-19 10:28:35]          941          940         1253          0
[2022-12-19 10:28:36]          941          940         1727          0
[2022-12-19 10:28:38]          941          940         2201          0
[2022-12-19 10:28:39]          941          940         2675          0
[2022-12-19 10:28:41]          941          940         3149          0
[2022-12-19 10:28:42]          941          940         3623          0
[2022-12-19 10:28:42] WR-BW(MiB/s) RD-BW(MiB/s)  TESTED(MiB)     ERRORS
[2022-12-19 10:28:43]          940          940            0          0
[2022-12-19 10:28:45]          941          940          474          0
[2022-12-19 10:28:46]          941          940          948          0
[2022-12-19 10:28:48]          941          940         1422          0
[2022-12-19 10:28:49]          941          940         1896          0
[2022-12-19 10:28:51]          941          940         2370          0
[2022-12-19 10:28:52]          941          940         2843          0
[2022-12-19 10:28:54]          941          940         3317          0
[2022-12-19 10:28:54] WR-BW(MiB/s) RD-BW(MiB/s)  TESTED(MiB)     ERRORS
[2022-12-19 10:28:55]          941          940         3791          0
[2022-12-19 10:28:56]          941          940          169          0
[2022-12-19 10:28:58]          941          940          643          0
[2022-12-19 10:28:59]          941          940         1117          0
[2022-12-19 10:29:01]          941          940         1590          0
[2022-12-19 10:29:02]          941          940         2064          0
[2022-12-19 10:29:04]          941          940         2538          0
[2022-12-19 10:29:05]          941          940         3012          0
[2022-12-19 10:29:05] WR-BW(MiB/s) RD-BW(MiB/s)  TESTED(MiB)     ERRORS
[2022-12-19 10:29:07]          941          940         3486          0
[2022-12-19 10:29:08]          941          940         3960          0
[2022-12-19 10:29:10]          941          940          337          0
[2022-12-19 10:29:11]          941          940          811          0
[2022-12-19 10:29:12]          941          940         1285          0
[2022-12-19 10:29:14]          941          940         1759          0
[2022-12-19 10:29:15]          941          940         2233          0
[2022-12-19 10:29:17]          941          940         2707          0
[2022-12-19 10:29:17] WR-BW(MiB/s) RD-BW(MiB/s)  TESTED(MiB)     ERRORS
[2022-12-19 10:29:18]          941          940         3180          0
[2022-12-19 10:29:20]          941          940         3654          0
[2022-12-19 10:29:21]          941          940           32          0
[2022-12-19 10:29:23]          941          940          506          0
[2022-12-19 10:29:24]          941          940          980          0
[2022-12-19 10:29:26]          941          940         1454          0
[2022-12-19 10:29:27]          941          940         1927          0
[2022-12-19 10:29:28]          941          940         2401          0
[2022-12-19 10:29:28] WR-BW(MiB/s) RD-BW(MiB/s)  TESTED(MiB)     ERRORS
[2022-12-19 10:29:30]          940          940         2875          0
[2022-12-19 10:29:31]          941          940         3349          0
[2022-12-19 10:29:33]          941          940         3823          0
[2022-12-19 10:29:34]          941          940          201          0
[2022-12-19 10:29:36]          941          940          674          0
[2022-12-19 10:29:37]          941          940         1148          0
[2022-12-19 10:29:39]          941          940         1622          0
[2022-12-19 10:29:40]          941          940         2096          0
[2022-12-19 10:29:40] WR-BW(MiB/s) RD-BW(MiB/s)  TESTED(MiB)     ERRORS
[2022-12-19 10:29:41]          941          940         2570          0
[2022-12-19 10:29:43]          941          940         3044          0
[2022-12-19 10:29:44]          941          940         3517          0
[2022-12-19 10:29:46]          941          940         3991          0
[2022-12-19 10:29:47]          941          940          369          0
[2022-12-19 10:29:49]          941          940          843          0
[2022-12-19 10:29:50]          941          940         1317          0
[2022-12-19 10:29:52]          941          940         1791          0
[2022-12-19 10:29:52] WR-BW(MiB/s) RD-BW(MiB/s)  TESTED(MiB)     ERRORS
[2022-12-19 10:29:53]          940          940         2264          0
[2022-12-19 10:29:55]          941          940         2738          0
[2022-12-19 10:29:56]          941          940         3212          0
[2022-12-19 10:29:57]          941          940         3686          0
[2022-12-19 10:29:59]          941          940           64          0
[2022-12-19 10:30:00]          941          940          538          0
[2022-12-19 10:30:02]          941          940         1012          0
[2022-12-19 10:30:03]          941          940         1485          0
[2022-12-19 10:30:03] WR-BW(MiB/s) RD-BW(MiB/s)  TESTED(MiB)     ERRORS
[2022-12-19 10:30:05]          940          940         1959          0
[2022-12-19 10:30:06]          941          940         2433          0
[2022-12-19 10:30:08]          941          940         2907          0
[2022-12-19 10:30:09]          941          940         3381          0
[2022-12-19 10:30:11]          941          940         3855          0
[2022-12-19 10:30:12]          941          940          232          0
[2022-12-19 10:30:13]          941          940          706          0
[2022-12-19 10:30:15]          941          940         1180          0
[2022-12-19 10:30:15] WR-BW(MiB/s) RD-BW(MiB/s)  TESTED(MiB)     ERRORS
[2022-12-19 10:30:16]          940          940         1654          0
[2022-12-19 10:30:18]          941          940         2128          0
[2022-12-19 10:30:19]          941          940         2602          0
[2022-12-19 10:30:21]          941          940         3075          0
[2022-12-19 10:30:22]          941          940         3549          0
[2022-12-19 10:30:24]          941          940         4023          0
[2022-12-19 10:30:25]          941          940          401          0
[2022-12-19 10:30:26]          941          940          875          0
[2022-12-19 10:30:26] WR-BW(MiB/s) RD-BW(MiB/s)  TESTED(MiB)     ERRORS
[2022-12-19 10:30:28]          941          940         1349          0
[2022-12-19 10:30:29]          941          940         1822          0
[2022-12-19 10:30:31]          941          940         2296          0
[2022-12-19 10:30:32]          941          940         2770          0
[2022-12-19 10:30:34]          941          940         3244          0
[2022-12-19 10:30:35]          941          940         3718          0
[2022-12-19 10:30:37]          941          940           96          0
[2022-12-19 10:30:38]          941          940          569          0
[2022-12-19 10:30:38] WR-BW(MiB/s) RD-BW(MiB/s)  TESTED(MiB)     ERRORS
[2022-12-19 10:30:40]          941          940         1043          0
[2022-12-19 10:30:41]          941          940         1517          0
[2022-12-19 10:30:42]          941          940         1991          0
[2022-12-19 10:30:44]          941          940         2465          0
[2022-12-19 10:30:45]          941          940         2939          0
[2022-12-19 10:30:47]          941          940         3412          0
[2022-12-19 10:30:48]          941          940         3886          0
[2022-12-19 10:30:50]          941          940          264          0
[2022-12-19 10:30:50] WR-BW(MiB/s) RD-BW(MiB/s)  TESTED(MiB)     ERRORS
[2022-12-19 10:30:51]          941          940          738          0
[2022-12-19 10:30:53]          941          940         1212          0
[2022-12-19 10:30:54]          941          940         1686          0
[2022-12-19 10:30:56]          941          940         2159          0
[2022-12-19 10:30:57]          941          940         2633          0
[2022-12-19 10:30:58]          941          940         3107          0
[2022-12-19 10:31:00]          941          940         3581          0
[2022-12-19 10:31:01]          941          940         4055          0
[2022-12-19 10:31:01] WR-BW(MiB/s) RD-BW(MiB/s)  TESTED(MiB)     ERRORS
[2022-12-19 10:31:03]          940          940          433          0
[2022-12-19 10:31:04]          941          940          906          0
[2022-12-19 10:31:06]          941          940         1380          0
[2022-12-19 10:31:07]          941          940         1854          0
[2022-12-19 10:31:09]          941          940         2328          0
[2022-12-19 10:31:10]          941          940         2802          0
[2022-12-19 10:31:11]          941          940         3276          0
[2022-12-19 10:31:13]          941          940         3749          0
[2022-12-19 10:31:13] WR-BW(MiB/s) RD-BW(MiB/s)  TESTED(MiB)     ERRORS
[2022-12-19 10:31:14]          941          940          127          0
[2022-12-19 10:31:16]          941          940          601          0
[2022-12-19 10:31:17]          941          940         1075          0
[2022-12-19 10:31:19]          941          940         1549          0
[2022-12-19 10:31:20]          941          940         2023          0
[2022-12-19 10:31:22]          941          940         2496          0
[2022-12-19 10:31:23]          941          940         2970          0
[2022-12-19 10:31:25]          941          940         3444          0
[2022-12-19 10:31:25] WR-BW(MiB/s) RD-BW(MiB/s)  TESTED(MiB)     ERRORS
[2022-12-19 10:31:26]          941          940         3918          0
[2022-12-19 10:31:27]          941          940          296          0
[2022-12-19 10:31:29]          941          940          770          0
[2022-12-19 10:31:30]          941          940         1243          0
[2022-12-19 10:31:32]          941          940         1717          0
[2022-12-19 10:31:33]          941          940         2191          0
[2022-12-19 10:31:35]          941          940         2665          0
[2022-12-19 10:31:36]          941          940         3139          0
[2022-12-19 10:31:36] WR-BW(MiB/s) RD-BW(MiB/s)  TESTED(MiB)     ERRORS
[2022-12-19 10:31:38]          940          940         3613          0
[2022-12-19 10:31:39]          941          940         4086          0
[2022-12-19 10:31:41]          941          940          464          0
[2022-12-19 10:31:42]          941          940          938          0
[2022-12-19 10:31:43]          941          940         1412          0
[2022-12-19 10:31:45]          941          940         1886          0
[2022-12-19 10:31:46]          941          940         2360          0
[2022-12-19 10:31:48]          941          940         2833          0
[2022-12-19 10:31:48] WR-BW(MiB/s) RD-BW(MiB/s)  TESTED(MiB)     ERRORS
[2022-12-19 10:31:49]          940          940         3307          0
[2022-12-19 10:31:51]          941          940         3781          0
[2022-12-19 10:31:52]          941          940          159          0
[2022-12-19 10:31:54]          941          940          633          0
[2022-12-19 10:31:55]          941          940         1107          0
[2022-12-19 10:31:56]          941          940         1580          0
[2022-12-19 10:31:58]          941          940         2054          0
[2022-12-19 10:31:59]          941          940         2528          0
[2022-12-19 10:31:59] WR-BW(MiB/s) RD-BW(MiB/s)  TESTED(MiB)     ERRORS
[2022-12-19 10:32:01]          941          940         3002          0
[2022-12-19 10:32:02]          941          940         3476          0
