[2022-12-19 10:32:48] INFO     STATE:Initial Starting State
[2022-12-19 10:32:48] INFO     git commit information
[2022-12-19 10:32:48] INFO     	git commit:d96ccb4 Added memory init after an error is found
[2022-12-19 10:32:48] INFO     	git commit date:Mon Dec 19 09:37:34 2022
[2022-12-19 10:32:48] INFO     	git status:Mon Dec 19 09:37:34 2022
[2022-12-19 10:32:48] INFO     		M beam-test/test_scripts/bios_test.py
[2022-12-19 10:32:48] INFO     		M beam-test/test_scripts/netbooter_control.py
[2022-12-19 10:32:48] INFO     		M beam-test/test_scripts/readme.md
[2022-12-19 10:32:48] INFO     Command line information
[2022-12-19 10:32:48] INFO     	Command line:['ddrctrl_experiment.py', '--jcm_part', 'xc7a200t', '--bitstream', '/root/ddr_11_28.bit', '--log_dir', './lansce2022', '--jcm_clock', '30_000_000', '--frads_file', 'xc7a200t_frad.txt', '--fault_injection', '0', '--uart_bone_ident', '0xf0002000', '--jcm_ip', '169.254.132.152', '--jcm_netbooter_port', '1', '--nexys_netbooter_port', '2', '--usb_uart_phys_port', '1-4.4.2', '--uartbone_phys_port', '1-4.4.1']
[2022-12-19 10:32:48] INFO     	arg:bitstream=/root/ddr_11_28.bit
[2022-12-19 10:32:48] INFO     	arg:netbooter_ip=169.254.131.160
[2022-12-19 10:32:48] INFO     	arg:jcm_ip=169.254.132.152
[2022-12-19 10:32:48] INFO     	arg:jcm_part=xc7a200t
[2022-12-19 10:32:48] INFO     	arg:jcm_clock=30000000
[2022-12-19 10:32:48] INFO     	arg:usb_uart_phys_port=1-4.4.2
[2022-12-19 10:32:48] INFO     	arg:uart_litex_baudrate=115200
[2022-12-19 10:32:48] INFO     	arg:uartbone_phys_port=1-4.4.1
[2022-12-19 10:32:48] INFO     	arg:uartbone_phys_if=0
[2022-12-19 10:32:48] INFO     	arg:uartbone_baudrate=115200
[2022-12-19 10:32:48] INFO     	arg:repower_jcm=False
[2022-12-19 10:32:48] INFO     	arg:disable_scrubbing=False
[2022-12-19 10:32:48] INFO     	arg:fault_injection=0
[2022-12-19 10:32:48] INFO     	arg:frads_file=xc7a200t_frad.txt
[2022-12-19 10:32:48] INFO     	arg:jcm_netbooter_port=1
[2022-12-19 10:32:48] INFO     	arg:nexys_netbooter_port=2
[2022-12-19 10:32:48] INFO     	arg:log_dir=./lansce2022
[2022-12-19 10:32:48] INFO     	arg:single_step=False
[2022-12-19 10:32:48] INFO     	arg:bist_mem_burst_length=8192
[2022-12-19 10:32:48] INFO     	arg:bist_addr_mode=1
[2022-12-19 10:32:48] INFO     	arg:bist_pattern=165
[2022-12-19 10:32:48] INFO     	arg:no_uart_bone=False
[2022-12-19 10:32:48] INFO     	arg:uart_bone_ident=0xf0002000
[2022-12-19 10:32:48] INFO     STATE:Netbooter Setup State
[2022-12-19 10:32:48] INFO     STATE:JCM Setup State
[2022-12-19 10:32:48] INFO     NETBOOTER:Attempt 1 to set port 1 with cycle=False
[2022-12-19 10:32:50] INFO     NETBOOTER:Setting port 1 to On
[2022-12-19 10:32:51] INFO     JCM ping attempt 1
[2022-12-19 10:32:51] INFO     JCM:Logging in to JCM
[2022-12-19 10:32:51] INFO     JCM:Connecting to JCM over SSH... (Attempt 1)
[2022-12-19 10:32:51] INFO     JCM:SSH successful
[2022-12-19 10:32:51] INFO     STATE:UART Setup State
[2022-12-19 10:32:51] INFO     STATE:Power Nexys State
[2022-12-19 10:32:51] INFO     NETBOOTER:Attempt 1 to set port 2 with cycle=False
[2022-12-19 10:32:53] INFO     NETBOOTER:Setting port 2 to Off
[2022-12-19 10:32:54] INFO     NETBOOTER:Attempt 1 to set port 2 with cycle=False
[2022-12-19 10:32:56] INFO     NETBOOTER:Setting port 2 to On
[2022-12-19 10:32:57] INFO     STATE:Connect UART State
[2022-12-19 10:32:59] INFO     UART:Searching for ttyUSB device (Attempt 1)
[2022-12-19 10:32:59] INFO     UART:Found tty device:/dev/ttyUSB2
[2022-12-19 10:32:59] INFO     UART:Serial port /dev/ttyUSB2 open
[2022-12-19 10:32:59] INFO     STATE:Configure Nexys State
[2022-12-19 10:32:59] INFO     JCM:Attempting JCM device DNA read
[2022-12-19 10:32:59] INFO     JCM:Executing commmand on JCM
	~/jcm_apps/jcm_jtag_reg.elf -r 50 --swap -w 64
[2022-12-19 10:32:59] INFO     Device DNA:0:0x812c023b 1:0x2a0f6504
[2022-12-19 10:32:59] INFO     JCM:Attempting JCM configuration
[2022-12-19 10:32:59] INFO     JCM:Executing commmand on JCM
	~/jcm_apps/jcm_config.elf --part xc7a200t -c 30000000 --jtag --config_file /root/ddr_11_28.bit
[2022-12-19 10:33:05] INFO     JCM:Configuration Success
[2022-12-19 10:33:05] INFO     STATE:Setup UARTBone State
[2022-12-19 10:33:05] INFO     UARTBONE:Searching for ttyUSB device (Attempt 1) for port '1-4.4.1' IF '0'
[2022-12-19 10:33:05] INFO     UARTBONE:Found tty device:/dev/ttyUSB0
[2022-12-19 10:33:05] INFO     UARTBONE:Attempting to open:/dev/ttyUSB0 at baud 115200 with timeout=5
[2022-12-19 10:33:05] INFO     UARTBONE:Serial port /dev/ttyUSB0 open
[2022-12-19 10:33:05] INFO     UARTBONE ID Str=LiteX SoC on Nexys Video 2022-11-28 18:17:18
[2022-12-19 10:33:06] INFO     UARTBONE I ADDR=000012E8
[2022-12-19 10:33:06] INFO     STATE:Enable Scrubbing State
[2022-12-19 10:33:06] INFO     JCM:Starting JCM scrubber
[2022-12-19 10:33:06] INFO     JCM:Executing commmand on JCM
	~/jcm_apps/jcm_scrubbing.elf --part xc7a200t -c 30000000 --jtag --iterations 100000000 --frad_file xc7a200t_frad.txt
[2022-12-19 10:33:06] INFO     STATE:LiteX Login State
[2022-12-19 10:33:06] INFO     STATE:Start BIST State
[2022-12-19 10:33:06] INFO     STATE:BIST Execution State
[2022-12-19 10:33:06] INFO     BIST:Bad title line (1):8192 1 0 2
[2022-12-19 10:33:06] INFO     BIST:Header (first)
[2022-12-19 10:33:17] INFO     BIST:Header (ok)
[2022-12-19 10:33:29] INFO     BIST:Header (ok)
[2022-12-19 10:33:41] INFO     BIST:Header (ok)
[2022-12-19 10:33:52] INFO     BIST:Header (ok)
[2022-12-19 10:34:04] INFO     BIST:Header (ok)
[2022-12-19 10:34:16] INFO     BIST:Header (ok)
[2022-12-19 10:34:27] INFO     BIST:Header (ok)
[2022-12-19 10:34:39] INFO     BIST:Header (ok)
[2022-12-19 10:34:50] INFO     BIST:Header (ok)
[2022-12-19 10:35:02] INFO     BIST:Header (ok)
[2022-12-19 10:35:14] INFO     BIST:Header (ok)
[2022-12-19 10:35:25] INFO     BIST:Header (ok)
[2022-12-19 10:35:37] INFO     BIST:Header (ok)
[2022-12-19 10:35:48] INFO     BIST:Header (ok)
[2022-12-19 10:36:00] INFO     BIST:Header (ok)
[2022-12-19 10:36:12] INFO     BIST:Header (ok)
[2022-12-19 10:36:23] INFO     BIST:Header (ok)
[2022-12-19 10:36:35] INFO     BIST:Header (ok)
[2022-12-19 10:36:46] INFO     BIST:Header (ok)
[2022-12-19 10:36:58] INFO     BIST:Header (ok)
[2022-12-19 10:37:10] INFO     BIST:Header (ok)
[2022-12-19 10:37:21] INFO     BIST:Header (ok)
[2022-12-19 10:37:33] INFO     BIST:Header (ok)
[2022-12-19 10:37:45] INFO     BIST:Header (ok)
[2022-12-19 10:37:56] INFO     BIST:Header (ok)
[2022-12-19 10:38:08] INFO     BIST:Header (ok)
[2022-12-19 10:38:19] INFO     BIST:Header (ok)
[2022-12-19 10:38:31] INFO     BIST:Header (ok)
[2022-12-19 10:38:43] INFO     BIST:Header (ok)
[2022-12-19 10:38:54] INFO     BIST:Header (ok)
[2022-12-19 10:39:06] INFO     BIST:Header (ok)
[2022-12-19 10:39:17] INFO     BIST:Header (ok)
[2022-12-19 10:39:29] INFO     BIST:Header (ok)
[2022-12-19 10:39:41] INFO     BIST:Header (ok)
[2022-12-19 10:39:52] INFO     BIST:Header (ok)
[2022-12-19 10:40:04] INFO     BIST:Header (ok)
[2022-12-19 10:40:15] INFO     BIST:Header (ok)
[2022-12-19 10:40:27] INFO     BIST:Header (ok)
[2022-12-19 10:40:39] INFO     BIST:Header (ok)
[2022-12-19 10:40:50] INFO     BIST:Header (ok)
[2022-12-19 10:41:02] INFO     BIST:Header (ok)
[2022-12-19 10:41:14] INFO     BIST:Header (ok)
[2022-12-19 10:41:25] INFO     BIST:Header (ok)
[2022-12-19 10:41:37] INFO     BIST:Header (ok)
[2022-12-19 10:41:48] INFO     BIST:Header (ok)
[2022-12-19 10:42:00] INFO     BIST:Header (ok)
[2022-12-19 10:42:12] INFO     BIST:Header (ok)
[2022-12-19 10:42:23] INFO     BIST:Header (ok)
[2022-12-19 10:42:35] INFO     BIST:Header (ok)
[2022-12-19 10:42:46] INFO     BIST:Header (ok)
[2022-12-19 10:42:58] INFO     BIST:Header (ok)
[2022-12-19 10:43:10] INFO     BIST:Header (ok)
[2022-12-19 10:43:21] INFO     BIST:Header (ok)
[2022-12-19 10:43:33] INFO     BIST:Header (ok)
[2022-12-19 10:43:45] INFO     BIST:Header (ok)
[2022-12-19 10:43:56] INFO     BIST:Header (ok)
[2022-12-19 10:44:08] INFO     BIST:Header (ok)
[2022-12-19 10:44:19] INFO     BIST:Header (ok)
[2022-12-19 10:44:31] INFO     BIST:Header (ok)
[2022-12-19 10:44:43] INFO     BIST:Header (ok)
[2022-12-19 10:44:54] INFO     BIST:Header (ok)
[2022-12-19 10:45:06] INFO     BIST:Header (ok)
[2022-12-19 10:45:17] INFO     BIST:Header (ok)
[2022-12-19 10:45:29] INFO     BIST:Header (ok)
[2022-12-19 10:45:41] INFO     BIST:Header (ok)
[2022-12-19 10:45:52] INFO     BIST:Header (ok)
[2022-12-19 10:46:04] INFO     BIST:Header (ok)
[2022-12-19 10:46:15] INFO     BIST:Header (ok)
[2022-12-19 10:46:27] INFO     BIST:Header (ok)
[2022-12-19 10:46:39] INFO     BIST:Header (ok)
[2022-12-19 10:46:50] INFO     BIST:Header (ok)
[2022-12-19 10:47:02] INFO     BIST:Header (ok)
[2022-12-19 10:47:14] INFO     BIST:Header (ok)
[2022-12-19 10:47:25] INFO     BIST:Header (ok)
[2022-12-19 10:47:37] INFO     BIST:Header (ok)
[2022-12-19 10:47:48] INFO     BIST:Header (ok)
[2022-12-19 10:48:00] INFO     BIST:Header (ok)
[2022-12-19 10:48:12] INFO     BIST:Header (ok)
[2022-12-19 10:48:23] INFO     BIST:Header (ok)
[2022-12-19 10:48:35] INFO     BIST:Header (ok)
[2022-12-19 10:48:46] INFO     BIST:Header (ok)
[2022-12-19 10:48:58] INFO     BIST:Header (ok)
[2022-12-19 10:49:10] INFO     BIST:Header (ok)
[2022-12-19 10:49:21] INFO     BIST:Header (ok)
[2022-12-19 10:49:33] INFO     BIST:Header (ok)
[2022-12-19 10:49:44] INFO     BIST:Header (ok)
[2022-12-19 10:49:56] INFO     BIST:Header (ok)
[2022-12-19 10:50:08] INFO     BIST:Header (ok)
[2022-12-19 10:50:19] INFO     BIST:Header (ok)
[2022-12-19 10:50:31] INFO     BIST:Header (ok)
[2022-12-19 10:50:43] INFO     BIST:Header (ok)
[2022-12-19 10:50:54] INFO     BIST:Header (ok)
[2022-12-19 10:51:06] INFO     BIST:Header (ok)
[2022-12-19 10:51:17] INFO     BIST:Header (ok)
[2022-12-19 10:51:29] INFO     BIST:Header (ok)
[2022-12-19 10:51:41] INFO     BIST:Header (ok)
[2022-12-19 10:51:52] INFO     BIST:Header (ok)
[2022-12-19 10:52:04] INFO     BIST:Header (ok)
[2022-12-19 10:52:15] INFO     BIST:Header (ok)
[2022-12-19 10:52:27] INFO     BIST:Header (ok)
[2022-12-19 10:52:39] INFO     BIST:Header (ok)
[2022-12-19 10:52:50] INFO     BIST:Header (ok)
[2022-12-19 10:53:02] INFO     BIST:Header (ok)
[2022-12-19 10:53:13] INFO     BIST:Header (ok)
[2022-12-19 10:53:25] INFO     BIST:Header (ok)
[2022-12-19 10:53:37] INFO     BIST:Header (ok)
[2022-12-19 10:53:48] INFO     BIST:Header (ok)
[2022-12-19 10:54:00] INFO     BIST:Header (ok)
[2022-12-19 10:54:12] INFO     BIST:Header (ok)
[2022-12-19 10:54:23] INFO     BIST:Header (ok)
[2022-12-19 10:54:35] INFO     BIST:Header (ok)
[2022-12-19 10:54:46] INFO     BIST:Header (ok)
[2022-12-19 10:54:58] INFO     BIST:Header (ok)
[2022-12-19 10:55:10] INFO     BIST:Header (ok)
[2022-12-19 10:55:21] INFO     BIST:Header (ok)
[2022-12-19 10:55:33] INFO     BIST:Header (ok)
[2022-12-19 10:55:44] INFO     BIST:Header (ok)
[2022-12-19 10:55:56] INFO     BIST:Header (ok)
[2022-12-19 10:56:08] INFO     BIST:Header (ok)
[2022-12-19 10:56:19] INFO     BIST:Header (ok)
[2022-12-19 10:56:31] INFO     BIST:Header (ok)
[2022-12-19 10:56:42] INFO     BIST:Header (ok)
[2022-12-19 10:56:54] INFO     BIST:Header (ok)
[2022-12-19 10:57:06] INFO     BIST:Header (ok)
[2022-12-19 10:57:17] INFO     BIST:Header (ok)
[2022-12-19 10:57:29] INFO     BIST:Header (ok)
[2022-12-19 10:57:41] INFO     BIST:Header (ok)
[2022-12-19 10:57:52] INFO     BIST:Header (ok)
[2022-12-19 10:58:04] INFO     BIST:Header (ok)
[2022-12-19 10:58:15] INFO     BIST:Header (ok)
[2022-12-19 10:58:27] INFO     BIST:Header (ok)
[2022-12-19 10:58:39] INFO     BIST:Header (ok)
[2022-12-19 10:58:50] INFO     BIST:Header (ok)
[2022-12-19 10:59:02] INFO     BIST:Header (ok)
[2022-12-19 10:59:13] INFO     BIST:Header (ok)
[2022-12-19 10:59:25] INFO     BIST:Header (ok)
[2022-12-19 10:59:37] INFO     BIST:Header (ok)
[2022-12-19 10:59:48] INFO     BIST:Header (ok)
[2022-12-19 11:00:00] INFO     BIST:Header (ok)
[2022-12-19 11:00:11] INFO     BIST:Header (ok)
[2022-12-19 11:00:23] INFO     BIST:Header (ok)
[2022-12-19 11:00:35] INFO     BIST:Header (ok)
[2022-12-19 11:00:46] INFO     BIST:Header (ok)
[2022-12-19 11:00:58] INFO     BIST:Header (ok)
[2022-12-19 11:01:10] INFO     BIST:Header (ok)
[2022-12-19 11:01:21] INFO     BIST:Header (ok)
[2022-12-19 11:01:33] INFO     BIST:Header (ok)
[2022-12-19 11:01:44] INFO     BIST:Header (ok)
[2022-12-19 11:01:56] INFO     BIST:Header (ok)
[2022-12-19 11:02:08] INFO     BIST:Header (ok)
[2022-12-19 11:02:19] INFO     BIST:Header (ok)
[2022-12-19 11:02:31] INFO     BIST:Header (ok)
[2022-12-19 11:02:42] INFO     BIST:Header (ok)
[2022-12-19 11:02:54] INFO     BIST:Header (ok)
[2022-12-19 11:03:06] INFO     BIST:Header (ok)
[2022-12-19 11:03:17] INFO     BIST:Header (ok)
[2022-12-19 11:03:29] INFO     BIST:Header (ok)
[2022-12-19 11:03:41] INFO     BIST:Header (ok)
[2022-12-19 11:03:52] INFO     BIST:Header (ok)
[2022-12-19 11:04:04] INFO     BIST:Header (ok)
[2022-12-19 11:04:15] INFO     BIST:Header (ok)
[2022-12-19 11:04:27] INFO     BIST:Header (ok)
[2022-12-19 11:04:39] INFO     BIST:Header (ok)
[2022-12-19 11:04:50] INFO     BIST:Header (ok)
[2022-12-19 11:05:02] INFO     BIST:Header (ok)
[2022-12-19 11:05:13] INFO     BIST:Header (ok)
[2022-12-19 11:05:25] INFO     BIST:Header (ok)
[2022-12-19 11:05:37] INFO     BIST:Header (ok)
[2022-12-19 11:05:48] INFO     BIST:Header (ok)
[2022-12-19 11:06:00] INFO     BIST:Header (ok)
[2022-12-19 11:06:11] INFO     BIST:Header (ok)
[2022-12-19 11:06:23] INFO     BIST:Header (ok)
[2022-12-19 11:06:35] INFO     BIST:Header (ok)
[2022-12-19 11:06:46] INFO     BIST:Header (ok)
[2022-12-19 11:06:58] INFO     BIST:Header (ok)
[2022-12-19 11:07:10] INFO     BIST:Header (ok)
[2022-12-19 11:07:21] INFO     BIST:Header (ok)
[2022-12-19 11:07:33] INFO     BIST:Header (ok)
[2022-12-19 11:07:44] INFO     BIST:Header (ok)
[2022-12-19 11:07:56] INFO     BIST:Header (ok)
[2022-12-19 11:08:08] INFO     BIST:Header (ok)
[2022-12-19 11:08:19] INFO     BIST:Header (ok)
[2022-12-19 11:08:31] INFO     BIST:Header (ok)
[2022-12-19 11:08:42] INFO     BIST:Header (ok)
[2022-12-19 11:08:54] INFO     BIST:Header (ok)
[2022-12-19 11:09:09] INFO     BIST:Header (ok)
[2022-12-19 11:09:21] INFO     BIST:Header (ok)
[2022-12-19 11:09:33] INFO     BIST:Header (ok)
[2022-12-19 11:09:44] INFO     BIST:Header (ok)
[2022-12-19 11:09:56] INFO     BIST:Header (ok)
[2022-12-19 11:10:08] INFO     BIST:Header (ok)
[2022-12-19 11:10:19] INFO     BIST:Header (ok)
[2022-12-19 11:10:31] INFO     BIST:Header (ok)
[2022-12-19 11:10:42] INFO     BIST:Header (ok)
[2022-12-19 11:10:54] INFO     BIST:Header (ok)
[2022-12-19 11:11:06] INFO     BIST:Header (ok)
[2022-12-19 11:11:17] INFO     BIST:Header (ok)
[2022-12-19 11:11:29] INFO     BIST:Header (ok)
[2022-12-19 11:11:40] INFO     BIST:Header (ok)
[2022-12-19 11:11:52] INFO     BIST:Header (ok)
[2022-12-19 11:12:04] INFO     BIST:Header (ok)
[2022-12-19 11:12:15] INFO     BIST:Header (ok)
[2022-12-19 11:12:27] INFO     BIST:Header (ok)
[2022-12-19 11:12:38] INFO     BIST:Header (ok)
[2022-12-19 11:12:50] INFO     BIST:Header (ok)
[2022-12-19 11:13:02] INFO     BIST:Header (ok)
[2022-12-19 11:13:13] INFO     BIST:Header (ok)
[2022-12-19 11:13:25] INFO     BIST:Header (ok)
[2022-12-19 11:13:37] INFO     BIST:Header (ok)
[2022-12-19 11:13:48] INFO     BIST:Header (ok)
[2022-12-19 11:14:00] INFO     BIST:Header (ok)
[2022-12-19 11:14:11] INFO     BIST:Header (ok)
[2022-12-19 11:14:23] INFO     BIST:Header (ok)
[2022-12-19 11:14:35] INFO     BIST:Header (ok)
[2022-12-19 11:14:46] INFO     BIST:Header (ok)
[2022-12-19 11:14:58] INFO     BIST:Header (ok)
[2022-12-19 11:15:09] INFO     BIST:Header (ok)
[2022-12-19 11:15:21] INFO     BIST:Header (ok)
[2022-12-19 11:15:33] INFO     BIST:Header (ok)
[2022-12-19 11:15:44] INFO     BIST:Header (ok)
[2022-12-19 11:15:56] INFO     BIST:Header (ok)
[2022-12-19 11:16:07] INFO     BIST:Header (ok)
[2022-12-19 11:16:19] INFO     BIST:Header (ok)
[2022-12-19 11:16:31] INFO     BIST:Header (ok)
[2022-12-19 11:16:42] INFO     BIST:Header (ok)
[2022-12-19 11:16:54] INFO     BIST:Header (ok)
[2022-12-19 11:17:08] INFO     BIST:Header (ok)
[2022-12-19 11:17:20] INFO     BIST:Header (ok)
[2022-12-19 11:17:32] INFO     BIST:Header (ok)
[2022-12-19 11:17:43] INFO     BIST:Header (ok)
[2022-12-19 11:17:55] INFO     BIST:Header (ok)
[2022-12-19 11:18:07] INFO     BIST:Header (ok)
[2022-12-19 11:18:18] INFO     BIST:Header (ok)
[2022-12-19 11:18:30] INFO     BIST:Header (ok)
[2022-12-19 11:18:41] INFO     BIST:Header (ok)
[2022-12-19 11:18:53] INFO     BIST:Header (ok)
[2022-12-19 11:19:05] INFO     BIST:Header (ok)
[2022-12-19 11:19:16] INFO     BIST:Header (ok)
[2022-12-19 11:19:28] INFO     BIST:Header (ok)
[2022-12-19 11:19:39] INFO     BIST:Header (ok)
[2022-12-19 11:19:51] INFO     BIST:Header (ok)
[2022-12-19 11:20:03] INFO     BIST:Header (ok)
[2022-12-19 11:20:14] INFO     BIST:Header (ok)
[2022-12-19 11:20:26] INFO     BIST:Header (ok)
[2022-12-19 11:20:37] INFO     BIST:Header (ok)
[2022-12-19 11:20:49] INFO     BIST:Header (ok)
[2022-12-19 11:21:01] INFO     BIST:Header (ok)
[2022-12-19 11:21:12] INFO     BIST:Header (ok)
[2022-12-19 11:21:24] INFO     BIST:Header (ok)
[2022-12-19 11:21:36] INFO     BIST:Header (ok)
[2022-12-19 11:21:47] INFO     BIST:Header (ok)
[2022-12-19 11:21:59] INFO     BIST:Header (ok)
[2022-12-19 11:22:10] INFO     BIST:Header (ok)
[2022-12-19 11:22:22] INFO     BIST:Header (ok)
[2022-12-19 11:22:34] INFO     BIST:Header (ok)
[2022-12-19 11:22:45] INFO     BIST:Header (ok)
[2022-12-19 11:22:57] INFO     BIST:Header (ok)
[2022-12-19 11:23:08] INFO     BIST:Header (ok)
[2022-12-19 11:23:20] INFO     BIST:Header (ok)
[2022-12-19 11:23:32] INFO     BIST:Header (ok)
[2022-12-19 11:23:43] INFO     BIST:Header (ok)
[2022-12-19 11:23:55] INFO     BIST:Header (ok)
[2022-12-19 11:24:06] INFO     BIST:Header (ok)
[2022-12-19 11:24:18] INFO     BIST:Header (ok)
[2022-12-19 11:24:30] INFO     BIST:Header (ok)
[2022-12-19 11:24:41] INFO     BIST:Header (ok)
[2022-12-19 11:24:53] INFO     BIST:Header (ok)
[2022-12-19 11:25:05] INFO     BIST:Header (ok)
[2022-12-19 11:25:16] INFO     BIST:Header (ok)
[2022-12-19 11:25:28] INFO     BIST:Header (ok)
[2022-12-19 11:25:39] INFO     BIST:Header (ok)
[2022-12-19 11:25:51] INFO     BIST:Header (ok)
[2022-12-19 11:26:03] INFO     BIST:Header (ok)
[2022-12-19 11:26:14] INFO     BIST:Header (ok)
[2022-12-19 11:26:26] INFO     BIST:Header (ok)
[2022-12-19 11:26:37] INFO     BIST:Header (ok)
[2022-12-19 11:26:49] INFO     BIST:Header (ok)
[2022-12-19 11:27:01] INFO     BIST:Header (ok)
[2022-12-19 11:27:12] INFO     BIST:Header (ok)
[2022-12-19 11:27:24] INFO     BIST:Header (ok)
[2022-12-19 11:27:35] INFO     BIST:Header (ok)
[2022-12-19 11:27:47] INFO     BIST:Header (ok)
[2022-12-19 11:27:59] INFO     BIST:Header (ok)
[2022-12-19 11:28:10] INFO     BIST:Header (ok)
[2022-12-19 11:28:22] INFO     BIST:Header (ok)
[2022-12-19 11:28:34] INFO     BIST:Header (ok)
[2022-12-19 11:28:45] INFO     BIST:Header (ok)
[2022-12-19 11:28:57] INFO     BIST:Header (ok)
[2022-12-19 11:29:08] INFO     BIST:Header (ok)
[2022-12-19 11:29:20] INFO     BIST:Header (ok)
[2022-12-19 11:29:32] INFO     BIST:Header (ok)
[2022-12-19 11:29:43] INFO     BIST:Header (ok)
[2022-12-19 11:29:55] INFO     BIST:Header (ok)
[2022-12-19 11:30:06] INFO     BIST:Header (ok)
[2022-12-19 11:30:18] INFO     BIST:Header (ok)
[2022-12-19 11:30:30] INFO     BIST:Header (ok)
[2022-12-19 11:30:41] INFO     BIST:Header (ok)
[2022-12-19 11:30:53] INFO     BIST:Header (ok)
[2022-12-19 11:31:04] INFO     BIST:Header (ok)
[2022-12-19 11:31:16] INFO     BIST:Header (ok)
[2022-12-19 11:31:28] INFO     BIST:Header (ok)
[2022-12-19 11:31:39] INFO     BIST:Header (ok)
[2022-12-19 11:31:51] INFO     BIST:Header (ok)
[2022-12-19 11:32:03] INFO     BIST:Header (ok)
[2022-12-19 11:32:14] INFO     BIST:Header (ok)
[2022-12-19 11:32:26] INFO     BIST:Header (ok)
[2022-12-19 11:32:37] INFO     BIST:Header (ok)
[2022-12-19 11:32:49] INFO     BIST:Header (ok)
[2022-12-19 11:33:01] INFO     BIST:Header (ok)
[2022-12-19 11:33:12] INFO     BIST:Header (ok)
[2022-12-19 11:33:24] INFO     BIST:Header (ok)
[2022-12-19 11:33:35] INFO     BIST:Header (ok)
[2022-12-19 11:33:47] INFO     BIST:Header (ok)
[2022-12-19 11:33:59] INFO     BIST:Header (ok)
[2022-12-19 11:34:10] INFO     BIST:Header (ok)
[2022-12-19 11:34:22] INFO     BIST:Header (ok)
[2022-12-19 11:34:33] INFO     BIST:Header (ok)
[2022-12-19 11:34:45] INFO     BIST:Header (ok)
[2022-12-19 11:34:57] INFO     BIST:Header (ok)
[2022-12-19 11:35:08] INFO     BIST:Header (ok)
[2022-12-19 11:35:20] INFO     BIST:Header (ok)
[2022-12-19 11:35:32] INFO     BIST:Header (ok)
[2022-12-19 11:35:43] INFO     BIST:Header (ok)
[2022-12-19 11:35:55] INFO     BIST:Header (ok)
[2022-12-19 11:36:06] INFO     BIST:Header (ok)
[2022-12-19 11:36:18] INFO     BIST:Header (ok)
[2022-12-19 11:36:30] INFO     BIST:Header (ok)
[2022-12-19 11:36:41] INFO     BIST:Header (ok)
[2022-12-19 11:36:53] INFO     BIST:Header (ok)
[2022-12-19 11:37:04] INFO     BIST:Header (ok)
[2022-12-19 11:37:16] INFO     BIST:Header (ok)
[2022-12-19 11:37:28] INFO     BIST:Header (ok)
[2022-12-19 11:37:39] INFO     BIST:Header (ok)
[2022-12-19 11:37:51] INFO     BIST:Header (ok)
[2022-12-19 11:38:03] INFO     BIST:Header (ok)
[2022-12-19 11:38:14] INFO     BIST:Header (ok)
[2022-12-19 11:38:26] INFO     BIST:Header (ok)
[2022-12-19 11:38:37] INFO     BIST:Header (ok)
[2022-12-19 11:38:49] INFO     BIST:Header (ok)
[2022-12-19 11:39:01] INFO     BIST:Header (ok)
[2022-12-19 11:39:12] INFO     BIST:Header (ok)
[2022-12-19 11:39:24] INFO     BIST:Header (ok)
[2022-12-19 11:39:35] INFO     BIST:Header (ok)
[2022-12-19 11:39:47] INFO     BIST:Header (ok)
[2022-12-19 11:39:59] INFO     BIST:Header (ok)
[2022-12-19 11:40:10] INFO     BIST:Header (ok)
[2022-12-19 11:40:22] INFO     BIST:Header (ok)
[2022-12-19 11:40:33] INFO     BIST:Header (ok)
[2022-12-19 11:40:45] INFO     BIST:Header (ok)
[2022-12-19 11:40:57] INFO     BIST:Header (ok)
[2022-12-19 11:41:08] INFO     BIST:Header (ok)
[2022-12-19 11:41:20] INFO     BIST:Header (ok)
[2022-12-19 11:41:32] INFO     BIST:Header (ok)
[2022-12-19 11:41:43] INFO     BIST:Header (ok)
[2022-12-19 11:41:55] INFO     BIST:Header (ok)
[2022-12-19 11:42:06] INFO     BIST:Header (ok)
[2022-12-19 11:42:18] INFO     BIST:Header (ok)
[2022-12-19 11:42:30] INFO     BIST:Header (ok)
[2022-12-19 11:42:41] INFO     BIST:Header (ok)
[2022-12-19 11:42:53] INFO     BIST:Header (ok)
[2022-12-19 11:43:04] INFO     BIST:Header (ok)
[2022-12-19 11:43:16] INFO     BIST:Header (ok)
[2022-12-19 11:43:28] INFO     BIST:Header (ok)
[2022-12-19 11:43:39] INFO     BIST:Header (ok)
[2022-12-19 11:43:51] INFO     BIST:Header (ok)
[2022-12-19 11:44:02] INFO     BIST:Header (ok)
[2022-12-19 11:44:14] INFO     BIST:Header (ok)
[2022-12-19 11:44:26] INFO     BIST:Header (ok)
[2022-12-19 11:44:37] INFO     BIST:Header (ok)
[2022-12-19 11:44:49] INFO     BIST:Header (ok)
[2022-12-19 11:45:01] INFO     BIST:Header (ok)
[2022-12-19 11:45:12] INFO     BIST:Header (ok)
[2022-12-19 11:45:24] INFO     BIST:Header (ok)
[2022-12-19 11:45:35] INFO     BIST:Header (ok)
[2022-12-19 11:45:47] INFO     BIST:Header (ok)
[2022-12-19 11:45:59] INFO     BIST:Header (ok)
[2022-12-19 11:46:10] INFO     BIST:Header (ok)
[2022-12-19 11:46:22] INFO     BIST:Header (ok)
[2022-12-19 11:46:33] INFO     BIST:Header (ok)
[2022-12-19 11:46:45] INFO     BIST:Header (ok)
[2022-12-19 11:46:57] INFO     BIST:Header (ok)
[2022-12-19 11:47:08] INFO     BIST:Header (ok)
[2022-12-19 11:47:20] INFO     BIST:Header (ok)
[2022-12-19 11:47:31] INFO     BIST:Header (ok)
[2022-12-19 11:47:43] INFO     BIST:Header (ok)
[2022-12-19 11:47:55] INFO     BIST:Header (ok)
[2022-12-19 11:48:06] INFO     BIST:Header (ok)
[2022-12-19 11:48:18] INFO     BIST:Header (ok)
[2022-12-19 11:48:30] INFO     BIST:Header (ok)
[2022-12-19 11:48:41] INFO     BIST:Header (ok)
[2022-12-19 11:48:53] INFO     BIST:Header (ok)
[2022-12-19 11:49:04] INFO     BIST:Header (ok)
[2022-12-19 11:49:16] INFO     BIST:Header (ok)
[2022-12-19 11:49:28] INFO     BIST:Header (ok)
[2022-12-19 11:49:39] INFO     BIST:Header (ok)
[2022-12-19 11:49:51] INFO     BIST:Header (ok)
[2022-12-19 11:50:02] INFO     BIST:Header (ok)
[2022-12-19 11:50:14] INFO     BIST:Header (ok)
[2022-12-19 11:50:26] INFO     BIST:Header (ok)
[2022-12-19 11:50:37] INFO     BIST:Header (ok)
[2022-12-19 11:50:49] INFO     BIST:Header (ok)
[2022-12-19 11:51:00] INFO     BIST:Header (ok)
[2022-12-19 11:51:12] INFO     BIST:Header (ok)
[2022-12-19 11:51:24] INFO     BIST:Header (ok)
[2022-12-19 11:51:35] INFO     BIST:Header (ok)
[2022-12-19 11:51:47] INFO     BIST:Header (ok)
[2022-12-19 11:51:59] INFO     BIST:Header (ok)
[2022-12-19 11:52:10] INFO     BIST:Header (ok)
[2022-12-19 11:52:22] INFO     BIST:Header (ok)
[2022-12-19 11:52:33] INFO     BIST:Header (ok)
[2022-12-19 11:52:45] INFO     BIST:Header (ok)
[2022-12-19 11:52:57] INFO     BIST:Header (ok)
[2022-12-19 11:53:08] INFO     BIST:Header (ok)
[2022-12-19 11:53:20] INFO     BIST:Header (ok)
[2022-12-19 11:53:31] INFO     BIST:Header (ok)
[2022-12-19 11:53:43] INFO     BIST:Header (ok)
[2022-12-19 11:53:55] INFO     BIST:Header (ok)
[2022-12-19 11:54:06] INFO     BIST:Header (ok)
[2022-12-19 11:54:18] INFO     BIST:Header (ok)
[2022-12-19 11:54:29] INFO     BIST:Header (ok)
[2022-12-19 11:54:41] INFO     BIST:Header (ok)
[2022-12-19 11:54:53] INFO     BIST:Header (ok)
[2022-12-19 11:55:04] INFO     BIST:Header (ok)
[2022-12-19 11:55:16] INFO     BIST:Header (ok)
[2022-12-19 11:55:28] INFO     BIST:Header (ok)
[2022-12-19 11:55:39] INFO     BIST:Header (ok)
[2022-12-19 11:55:51] INFO     BIST:Header (ok)
[2022-12-19 11:56:02] INFO     BIST:Header (ok)
[2022-12-19 11:56:14] INFO     BIST:Header (ok)
[2022-12-19 11:56:26] INFO     BIST:Header (ok)
[2022-12-19 11:56:37] INFO     BIST:Header (ok)
[2022-12-19 11:56:49] INFO     BIST:Header (ok)
[2022-12-19 11:57:00] INFO     BIST:Header (ok)
[2022-12-19 11:57:12] INFO     BIST:Header (ok)
[2022-12-19 11:57:24] INFO     BIST:Header (ok)
[2022-12-19 11:57:35] INFO     BIST:Header (ok)
[2022-12-19 11:57:47] INFO     BIST:Header (ok)
[2022-12-19 11:57:59] INFO     BIST:Header (ok)
[2022-12-19 11:58:10] INFO     BIST:Header (ok)
[2022-12-19 11:58:22] INFO     BIST:Header (ok)
[2022-12-19 11:58:33] INFO     BIST:Header (ok)
[2022-12-19 11:58:45] INFO     BIST:Header (ok)
[2022-12-19 11:58:57] INFO     BIST:Header (ok)
[2022-12-19 11:59:08] INFO     BIST:Header (ok)
[2022-12-19 11:59:20] INFO     BIST:Header (ok)
[2022-12-19 11:59:31] INFO     BIST:Header (ok)
[2022-12-19 11:59:43] INFO     BIST:Header (ok)
[2022-12-19 11:59:55] INFO     BIST:Header (ok)
[2022-12-19 12:00:06] INFO     BIST:Header (ok)
[2022-12-19 12:00:18] INFO     BIST:Header (ok)
[2022-12-19 12:00:29] INFO     BIST:Header (ok)
[2022-12-19 12:00:41] INFO     BIST:Header (ok)
[2022-12-19 12:00:53] INFO     BIST:Header (ok)
[2022-12-19 12:01:04] INFO     BIST:Header (ok)
[2022-12-19 12:01:16] INFO     BIST:Header (ok)
[2022-12-19 12:01:28] INFO     BIST:Header (ok)
[2022-12-19 12:01:39] INFO     BIST:Header (ok)
[2022-12-19 12:01:51] INFO     BIST:Header (ok)
[2022-12-19 12:02:02] INFO     BIST:Header (ok)
[2022-12-19 12:02:14] INFO     BIST:Header (ok)
[2022-12-19 12:02:26] INFO     BIST:Header (ok)
[2022-12-19 12:02:37] INFO     BIST:Header (ok)
[2022-12-19 12:02:49] INFO     BIST:Header (ok)
[2022-12-19 12:03:00] INFO     BIST:Header (ok)
[2022-12-19 12:03:12] INFO     BIST:Header (ok)
[2022-12-19 12:03:24] INFO     BIST:Header (ok)
[2022-12-19 12:03:35] INFO     BIST:Header (ok)
[2022-12-19 12:03:47] INFO     BIST:Header (ok)
[2022-12-19 12:03:58] INFO     BIST:Header (ok)
[2022-12-19 12:04:10] INFO     BIST:Header (ok)
[2022-12-19 12:04:22] INFO     BIST:Header (ok)
[2022-12-19 12:04:33] INFO     BIST:Header (ok)
[2022-12-19 12:04:45] INFO     BIST:Header (ok)
[2022-12-19 12:04:57] INFO     BIST:Header (ok)
[2022-12-19 12:05:08] INFO     BIST:Header (ok)
[2022-12-19 12:05:20] INFO     BIST:Header (ok)
[2022-12-19 12:05:31] INFO     BIST:Header (ok)
[2022-12-19 12:05:43] INFO     BIST:Header (ok)
[2022-12-19 12:05:55] INFO     BIST:Header (ok)
[2022-12-19 12:06:06] INFO     BIST:Header (ok)
[2022-12-19 12:06:18] INFO     BIST:Header (ok)
[2022-12-19 12:06:29] INFO     BIST:Header (ok)
[2022-12-19 12:06:41] INFO     BIST:Header (ok)
[2022-12-19 12:06:53] INFO     BIST:Header (ok)
[2022-12-19 12:07:04] INFO     BIST:Header (ok)
[2022-12-19 12:07:16] INFO     BIST:Header (ok)
[2022-12-19 12:07:27] INFO     BIST:Header (ok)
[2022-12-19 12:07:39] INFO     BIST:Header (ok)
[2022-12-19 12:07:51] INFO     BIST:Header (ok)
[2022-12-19 12:08:02] INFO     BIST:Header (ok)
[2022-12-19 12:08:14] INFO     BIST:Header (ok)
[2022-12-19 12:08:26] INFO     BIST:Header (ok)
[2022-12-19 12:08:37] INFO     BIST:Header (ok)
[2022-12-19 12:08:49] INFO     BIST:Header (ok)
[2022-12-19 12:09:00] INFO     BIST:Header (ok)
[2022-12-19 12:09:12] INFO     BIST:Header (ok)
[2022-12-19 12:09:24] INFO     BIST:Header (ok)
[2022-12-19 12:09:35] INFO     BIST:Header (ok)
[2022-12-19 12:09:47] INFO     BIST:Header (ok)
[2022-12-19 12:09:58] INFO     BIST:Header (ok)
[2022-12-19 12:10:10] INFO     BIST:Header (ok)
[2022-12-19 12:10:22] INFO     BIST:Header (ok)
[2022-12-19 12:10:33] INFO     BIST:Header (ok)
[2022-12-19 12:10:45] INFO     BIST:Header (ok)
[2022-12-19 12:10:56] INFO     BIST:Header (ok)
[2022-12-19 12:11:08] INFO     BIST:Header (ok)
[2022-12-19 12:11:20] INFO     BIST:Header (ok)
[2022-12-19 12:11:31] INFO     BIST:Header (ok)
[2022-12-19 12:11:43] INFO     BIST:Header (ok)
[2022-12-19 12:11:55] INFO     BIST:Header (ok)
[2022-12-19 12:12:06] INFO     BIST:Header (ok)
[2022-12-19 12:12:18] INFO     BIST:Header (ok)
[2022-12-19 12:12:29] INFO     BIST:Header (ok)
[2022-12-19 12:12:41] INFO     BIST:Header (ok)
[2022-12-19 12:12:53] INFO     BIST:Header (ok)
[2022-12-19 12:13:04] INFO     BIST:Header (ok)
[2022-12-19 12:13:21] INFO     BIST:Header (ok)
[2022-12-19 12:13:32] INFO     BIST:Header (ok)
[2022-12-19 12:13:44] INFO     BIST:Header (ok)
[2022-12-19 12:13:56] INFO     BIST:Header (ok)
[2022-12-19 12:14:07] INFO     BIST:Header (ok)
[2022-12-19 12:14:19] INFO     BIST:Header (ok)
[2022-12-19 12:14:30] INFO     BIST:Header (ok)
[2022-12-19 12:14:42] INFO     BIST:Header (ok)
[2022-12-19 12:14:54] INFO     BIST:Header (ok)
[2022-12-19 12:15:05] INFO     BIST:Header (ok)
[2022-12-19 12:15:17] INFO     BIST:Header (ok)
[2022-12-19 12:15:28] INFO     BIST:Header (ok)
[2022-12-19 12:15:40] INFO     BIST:Header (ok)
[2022-12-19 12:15:52] INFO     BIST:Header (ok)
[2022-12-19 12:16:03] INFO     BIST:Header (ok)
[2022-12-19 12:16:15] INFO     BIST:Header (ok)
[2022-12-19 12:16:27] INFO     BIST:Header (ok)
[2022-12-19 12:16:38] INFO     BIST:Header (ok)
[2022-12-19 12:16:50] INFO     BIST:Header (ok)
[2022-12-19 12:17:01] INFO     BIST:Header (ok)
[2022-12-19 12:17:13] INFO     BIST:Header (ok)
[2022-12-19 12:17:25] INFO     BIST:Header (ok)
[2022-12-19 12:17:36] INFO     BIST:Header (ok)
[2022-12-19 12:17:48] INFO     BIST:Header (ok)
[2022-12-19 12:17:59] INFO     BIST:Header (ok)
[2022-12-19 12:18:11] INFO     BIST:Header (ok)
[2022-12-19 12:18:23] INFO     BIST:Header (ok)
[2022-12-19 12:18:34] INFO     BIST:Header (ok)
[2022-12-19 12:18:46] INFO     BIST:Header (ok)
[2022-12-19 12:18:57] INFO     BIST:Header (ok)
[2022-12-19 12:19:09] INFO     BIST:Header (ok)
[2022-12-19 12:19:21] INFO     BIST:Header (ok)
[2022-12-19 12:19:32] INFO     BIST:Header (ok)
[2022-12-19 12:19:44] INFO     BIST:Header (ok)
[2022-12-19 12:19:56] INFO     BIST:Header (ok)
[2022-12-19 12:20:07] INFO     BIST:Header (ok)
[2022-12-19 12:20:19] INFO     BIST:Header (ok)
[2022-12-19 12:20:30] INFO     BIST:Header (ok)
[2022-12-19 12:20:42] INFO     BIST:Header (ok)
[2022-12-19 12:20:54] INFO     BIST:Header (ok)
[2022-12-19 12:21:05] INFO     BIST:Header (ok)
[2022-12-19 12:21:17] INFO     BIST:Header (ok)
[2022-12-19 12:21:28] INFO     BIST:Header (ok)
[2022-12-19 12:21:40] INFO     BIST:Header (ok)
[2022-12-19 12:21:52] INFO     BIST:Header (ok)
[2022-12-19 12:22:03] INFO     BIST:Header (ok)
[2022-12-19 12:22:15] INFO     BIST:Header (ok)
[2022-12-19 12:22:27] INFO     BIST:Header (ok)
[2022-12-19 12:22:38] INFO     BIST:Header (ok)
[2022-12-19 12:22:50] INFO     BIST:Header (ok)
[2022-12-19 12:23:01] INFO     BIST:Header (ok)
[2022-12-19 12:23:13] INFO     BIST:Header (ok)
[2022-12-19 12:23:25] INFO     BIST:Header (ok)
[2022-12-19 12:23:36] INFO     BIST:Header (ok)
[2022-12-19 12:23:48] INFO     BIST:Header (ok)
[2022-12-19 12:23:59] INFO     BIST:Header (ok)
[2022-12-19 12:24:11] INFO     BIST:Header (ok)
[2022-12-19 12:24:23] INFO     BIST:Header (ok)
[2022-12-19 12:24:34] INFO     BIST:Header (ok)
[2022-12-19 12:24:46] INFO     BIST:Header (ok)
[2022-12-19 12:24:57] INFO     BIST:Header (ok)
[2022-12-19 12:25:09] INFO     BIST:Header (ok)
[2022-12-19 12:25:21] INFO     BIST:Header (ok)
[2022-12-19 12:25:32] INFO     BIST:Header (ok)
[2022-12-19 12:25:44] INFO     BIST:Header (ok)
[2022-12-19 12:25:56] INFO     BIST:Header (ok)
[2022-12-19 12:26:07] INFO     BIST:Header (ok)
[2022-12-19 12:26:19] INFO     BIST:Header (ok)
[2022-12-19 12:26:30] INFO     BIST:Header (ok)
[2022-12-19 12:26:42] INFO     BIST:Header (ok)
[2022-12-19 12:26:54] INFO     BIST:Header (ok)
[2022-12-19 12:27:05] INFO     BIST:Header (ok)
[2022-12-19 12:27:17] INFO     BIST:Header (ok)
[2022-12-19 12:27:28] INFO     BIST:Header (ok)
[2022-12-19 12:27:40] INFO     BIST:Header (ok)
[2022-12-19 12:27:52] INFO     BIST:Header (ok)
[2022-12-19 12:28:03] INFO     BIST:Header (ok)
[2022-12-19 12:28:15] INFO     BIST:Header (ok)
[2022-12-19 12:28:26] INFO     BIST:Header (ok)
[2022-12-19 12:28:38] INFO     BIST:Header (ok)
[2022-12-19 12:28:50] INFO     BIST:Header (ok)
[2022-12-19 12:29:01] INFO     BIST:Header (ok)
[2022-12-19 12:29:13] INFO     BIST:Header (ok)
[2022-12-19 12:29:25] INFO     BIST:Header (ok)
[2022-12-19 12:29:36] INFO     BIST:Header (ok)
[2022-12-19 12:29:48] INFO     BIST:Header (ok)
[2022-12-19 12:29:59] INFO     BIST:Header (ok)
[2022-12-19 12:30:11] INFO     BIST:Header (ok)
[2022-12-19 12:30:23] INFO     BIST:Header (ok)
[2022-12-19 12:30:34] INFO     BIST:Header (ok)
[2022-12-19 12:30:46] INFO     BIST:Header (ok)
[2022-12-19 12:30:57] INFO     BIST:Header (ok)
[2022-12-19 12:31:09] INFO     BIST:Header (ok)
[2022-12-19 12:31:21] INFO     BIST:Header (ok)
[2022-12-19 12:31:32] INFO     BIST:Header (ok)
[2022-12-19 12:31:44] INFO     BIST:Header (ok)
[2022-12-19 12:31:55] INFO     BIST:Header (ok)
[2022-12-19 12:32:07] INFO     BIST:Header (ok)
[2022-12-19 12:32:19] INFO     BIST:Header (ok)
[2022-12-19 12:32:30] INFO     BIST:Header (ok)
[2022-12-19 12:32:42] INFO     BIST:Header (ok)
[2022-12-19 12:32:54] INFO     BIST:Header (ok)
[2022-12-19 12:33:05] INFO     BIST:Header (ok)
[2022-12-19 12:33:17] INFO     BIST:Header (ok)
[2022-12-19 12:33:28] INFO     BIST:Header (ok)
[2022-12-19 12:33:40] INFO     BIST:Header (ok)
[2022-12-19 12:33:52] INFO     BIST:Header (ok)
[2022-12-19 12:34:03] INFO     BIST:Header (ok)
[2022-12-19 12:34:15] INFO     BIST:Header (ok)
[2022-12-19 12:34:26] INFO     BIST:Header (ok)
[2022-12-19 12:34:38] INFO     BIST:Header (ok)
[2022-12-19 12:34:50] INFO     BIST:Header (ok)
[2022-12-19 12:35:01] INFO     BIST:Header (ok)
[2022-12-19 12:35:13] INFO     BIST:Header (ok)
[2022-12-19 12:35:24] INFO     BIST:Header (ok)
[2022-12-19 12:35:36] INFO     BIST:Header (ok)
[2022-12-19 12:35:48] INFO     BIST:Header (ok)
[2022-12-19 12:35:59] INFO     BIST:Header (ok)
[2022-12-19 12:36:11] INFO     BIST:Header (ok)
[2022-12-19 12:36:23] INFO     BIST:Header (ok)
[2022-12-19 12:36:34] INFO     BIST:Header (ok)
[2022-12-19 12:36:46] INFO     BIST:Header (ok)
[2022-12-19 12:36:57] INFO     BIST:Header (ok)
[2022-12-19 12:37:09] INFO     BIST:Header (ok)
[2022-12-19 12:37:21] INFO     BIST:Header (ok)
[2022-12-19 12:37:32] INFO     BIST:Header (ok)
[2022-12-19 12:37:44] INFO     BIST:Header (ok)
[2022-12-19 12:37:55] INFO     BIST:Header (ok)
[2022-12-19 12:38:07] INFO     BIST:Header (ok)
[2022-12-19 12:38:19] INFO     BIST:Header (ok)
[2022-12-19 12:38:30] INFO     BIST:Header (ok)
[2022-12-19 12:38:42] INFO     BIST:Header (ok)
[2022-12-19 12:38:53] INFO     BIST:Header (ok)
[2022-12-19 12:39:05] INFO     BIST:Header (ok)
[2022-12-19 12:39:17] INFO     BIST:Header (ok)
[2022-12-19 12:39:28] INFO     BIST:Header (ok)
[2022-12-19 12:39:40] INFO     BIST:Header (ok)
[2022-12-19 12:39:52] INFO     BIST:Header (ok)
[2022-12-19 12:40:03] INFO     BIST:Header (ok)
[2022-12-19 12:40:15] INFO     BIST:Header (ok)
[2022-12-19 12:40:26] INFO     BIST:Header (ok)
[2022-12-19 12:40:38] INFO     BIST:Header (ok)
[2022-12-19 12:40:50] INFO     BIST:Header (ok)
[2022-12-19 12:41:01] INFO     BIST:Header (ok)
[2022-12-19 12:41:13] INFO     BIST:Header (ok)
[2022-12-19 12:41:24] INFO     BIST:Header (ok)
[2022-12-19 12:41:36] INFO     BIST:Header (ok)
[2022-12-19 12:41:48] INFO     BIST:Header (ok)
[2022-12-19 12:41:59] INFO     BIST:Header (ok)
[2022-12-19 12:42:11] INFO     BIST:Header (ok)
[2022-12-19 12:42:23] INFO     BIST:Header (ok)
[2022-12-19 12:42:34] INFO     BIST:Header (ok)
[2022-12-19 12:42:46] INFO     BIST:Header (ok)
[2022-12-19 12:42:57] INFO     BIST:Header (ok)
[2022-12-19 12:43:09] INFO     BIST:Header (ok)
[2022-12-19 12:43:21] INFO     BIST:Header (ok)
[2022-12-19 12:43:32] INFO     BIST:Header (ok)
[2022-12-19 12:43:44] INFO     BIST:Header (ok)
[2022-12-19 12:43:55] INFO     BIST:Header (ok)
[2022-12-19 12:44:07] INFO     BIST:Header (ok)
[2022-12-19 12:44:19] INFO     BIST:Header (ok)
[2022-12-19 12:44:30] INFO     BIST:Header (ok)
[2022-12-19 12:44:42] INFO     BIST:Header (ok)
[2022-12-19 12:44:53] INFO     BIST:Header (ok)
[2022-12-19 12:45:05] INFO     BIST:Header (ok)
[2022-12-19 12:45:17] INFO     BIST:Header (ok)
[2022-12-19 12:45:28] INFO     BIST:Header (ok)
[2022-12-19 12:45:40] INFO     BIST:Header (ok)
[2022-12-19 12:45:52] INFO     BIST:Header (ok)
[2022-12-19 12:46:03] INFO     BIST:Header (ok)
[2022-12-19 12:46:15] INFO     BIST:Header (ok)
[2022-12-19 12:46:26] INFO     BIST:Header (ok)
[2022-12-19 12:46:38] INFO     BIST:Header (ok)
[2022-12-19 12:46:50] INFO     BIST:Header (ok)
[2022-12-19 12:47:01] INFO     BIST:Header (ok)
[2022-12-19 12:47:13] INFO     BIST:Header (ok)
[2022-12-19 12:47:24] INFO     BIST:Header (ok)
[2022-12-19 12:47:36] INFO     BIST:Header (ok)
[2022-12-19 12:47:48] INFO     BIST:Header (ok)
[2022-12-19 12:47:59] INFO     BIST:Header (ok)
[2022-12-19 12:48:11] INFO     BIST:Header (ok)
[2022-12-19 12:48:22] INFO     BIST:Header (ok)
[2022-12-19 12:48:34] INFO     BIST:Header (ok)
[2022-12-19 12:48:46] INFO     BIST:Header (ok)
[2022-12-19 12:48:57] INFO     BIST:Header (ok)
[2022-12-19 12:49:09] INFO     BIST:Header (ok)
[2022-12-19 12:49:21] INFO     BIST:Header (ok)
[2022-12-19 12:49:32] INFO     BIST:Header (ok)
[2022-12-19 12:49:44] INFO     BIST:Header (ok)
[2022-12-19 12:49:55] INFO     BIST:Header (ok)
[2022-12-19 12:50:07] INFO     BIST:Header (ok)
[2022-12-19 12:50:19] INFO     BIST:Header (ok)
[2022-12-19 12:50:30] INFO     BIST:Header (ok)
[2022-12-19 12:50:42] INFO     BIST:Header (ok)
[2022-12-19 12:50:53] INFO     BIST:Header (ok)
[2022-12-19 12:51:05] INFO     BIST:Header (ok)
[2022-12-19 12:51:17] INFO     BIST:Header (ok)
[2022-12-19 12:51:28] INFO     BIST:Header (ok)
[2022-12-19 12:51:40] INFO     BIST:Header (ok)
[2022-12-19 12:51:51] INFO     BIST:Header (ok)
[2022-12-19 12:52:03] INFO     BIST:Header (ok)
[2022-12-19 12:52:15] INFO     BIST:Header (ok)
[2022-12-19 12:52:26] INFO     BIST:Header (ok)
[2022-12-19 12:52:38] INFO     BIST:Header (ok)
[2022-12-19 12:52:50] INFO     BIST:Header (ok)
[2022-12-19 12:53:01] INFO     BIST:Header (ok)
[2022-12-19 12:53:13] INFO     BIST:Header (ok)
[2022-12-19 12:53:24] INFO     BIST:Header (ok)
[2022-12-19 12:53:36] INFO     BIST:Header (ok)
[2022-12-19 12:53:48] INFO     BIST:Header (ok)
[2022-12-19 12:53:59] INFO     BIST:Header (ok)
[2022-12-19 12:54:11] INFO     BIST:Header (ok)
[2022-12-19 12:54:22] INFO     BIST:Header (ok)
[2022-12-19 12:54:34] INFO     BIST:Header (ok)
[2022-12-19 12:54:46] INFO     BIST:Header (ok)
[2022-12-19 12:54:57] INFO     BIST:Header (ok)
[2022-12-19 12:55:09] INFO     BIST:Header (ok)
[2022-12-19 12:55:20] INFO     BIST:Header (ok)
[2022-12-19 12:55:32] INFO     BIST:Header (ok)
[2022-12-19 12:55:44] INFO     BIST:Header (ok)
[2022-12-19 12:55:55] INFO     BIST:Header (ok)
[2022-12-19 12:56:07] INFO     BIST:Header (ok)
[2022-12-19 12:56:19] INFO     BIST:Header (ok)
[2022-12-19 12:56:30] INFO     BIST:Header (ok)
[2022-12-19 12:56:42] INFO     BIST:Header (ok)
[2022-12-19 12:56:53] INFO     BIST:Header (ok)
[2022-12-19 12:57:05] INFO     BIST:Header (ok)
[2022-12-19 12:57:17] INFO     BIST:Header (ok)
[2022-12-19 12:57:28] INFO     BIST:Header (ok)
[2022-12-19 12:57:40] INFO     BIST:Header (ok)
[2022-12-19 12:57:51] INFO     BIST:Header (ok)
[2022-12-19 12:58:03] INFO     BIST:Header (ok)
[2022-12-19 12:58:15] INFO     BIST:Header (ok)
[2022-12-19 12:58:26] INFO     BIST:Header (ok)
[2022-12-19 12:58:38] INFO     BIST:Header (ok)
[2022-12-19 12:58:50] INFO     BIST:Header (ok)
[2022-12-19 12:59:01] INFO     BIST:Header (ok)
[2022-12-19 12:59:13] INFO     BIST:Header (ok)
[2022-12-19 12:59:24] INFO     BIST:Header (ok)
[2022-12-19 12:59:36] INFO     BIST:Header (ok)
[2022-12-19 12:59:48] INFO     BIST:Header (ok)
[2022-12-19 12:59:59] INFO     BIST:Header (ok)
[2022-12-19 13:00:11] INFO     BIST:Header (ok)
[2022-12-19 13:00:22] INFO     BIST:Header (ok)
[2022-12-19 13:00:34] INFO     BIST:Header (ok)
[2022-12-19 13:00:46] INFO     BIST:Header (ok)
[2022-12-19 13:00:57] INFO     BIST:Header (ok)
[2022-12-19 13:01:09] INFO     BIST:Header (ok)
[2022-12-19 13:01:20] INFO     BIST:Header (ok)
[2022-12-19 13:01:32] INFO     BIST:Header (ok)
[2022-12-19 13:01:44] INFO     BIST:Header (ok)
[2022-12-19 13:01:55] INFO     BIST:Header (ok)
[2022-12-19 13:02:07] INFO     BIST:Header (ok)
[2022-12-19 13:02:19] INFO     BIST:Header (ok)
[2022-12-19 13:02:30] INFO     BIST:Header (ok)
[2022-12-19 13:02:42] INFO     BIST:Header (ok)
[2022-12-19 13:02:53] INFO     BIST:Header (ok)
[2022-12-19 13:03:05] INFO     BIST:Header (ok)
[2022-12-19 13:03:17] INFO     BIST:Header (ok)
[2022-12-19 13:03:28] INFO     BIST:Header (ok)
[2022-12-19 13:03:40] INFO     BIST:Header (ok)
[2022-12-19 13:03:51] INFO     BIST:Header (ok)
[2022-12-19 13:04:03] INFO     BIST:Header (ok)
[2022-12-19 13:04:15] INFO     BIST:Header (ok)
[2022-12-19 13:04:26] INFO     BIST:Header (ok)
[2022-12-19 13:04:38] INFO     BIST:Header (ok)
[2022-12-19 13:04:49] INFO     BIST:Header (ok)
[2022-12-19 13:05:01] INFO     BIST:Header (ok)
[2022-12-19 13:05:13] INFO     BIST:Header (ok)
[2022-12-19 13:05:24] INFO     BIST:Header (ok)
[2022-12-19 13:05:36] INFO     BIST:Header (ok)
[2022-12-19 13:05:48] INFO     BIST:Header (ok)
[2022-12-19 13:05:59] INFO     BIST:Header (ok)
[2022-12-19 13:06:11] INFO     BIST:Header (ok)
[2022-12-19 13:06:22] INFO     BIST:Header (ok)
[2022-12-19 13:06:34] INFO     BIST:Header (ok)
[2022-12-19 13:06:46] INFO     BIST:Header (ok)
[2022-12-19 13:06:57] INFO     BIST:Header (ok)
[2022-12-19 13:07:09] INFO     BIST:Header (ok)
[2022-12-19 13:07:20] INFO     BIST:Header (ok)
[2022-12-19 13:07:32] INFO     BIST:Header (ok)
[2022-12-19 13:07:44] INFO     BIST:Header (ok)
[2022-12-19 13:07:55] INFO     BIST:Header (ok)
[2022-12-19 13:08:07] INFO     BIST:Header (ok)
[2022-12-19 13:08:18] INFO     BIST:Header (ok)
[2022-12-19 13:08:30] INFO     BIST:Header (ok)
[2022-12-19 13:08:42] INFO     BIST:Header (ok)
[2022-12-19 13:08:53] INFO     BIST:Header (ok)
[2022-12-19 13:09:05] INFO     BIST:Header (ok)
[2022-12-19 13:09:17] INFO     BIST:Header (ok)
[2022-12-19 13:09:28] INFO     BIST:Header (ok)
[2022-12-19 13:09:40] INFO     BIST:Header (ok)
[2022-12-19 13:09:51] INFO     BIST:Header (ok)
[2022-12-19 13:10:03] INFO     BIST:Header (ok)
[2022-12-19 13:10:15] INFO     BIST:Header (ok)
[2022-12-19 13:10:26] INFO     BIST:Header (ok)
[2022-12-19 13:10:38] INFO     BIST:Header (ok)
[2022-12-19 13:10:49] INFO     BIST:Header (ok)
[2022-12-19 13:11:01] INFO     BIST:Header (ok)
[2022-12-19 13:11:13] INFO     BIST:Header (ok)
[2022-12-19 13:11:24] INFO     BIST:Header (ok)
[2022-12-19 13:11:36] INFO     BIST:Header (ok)
[2022-12-19 13:11:47] INFO     BIST:Header (ok)
[2022-12-19 13:11:59] INFO     BIST:Header (ok)
[2022-12-19 13:12:11] INFO     BIST:Header (ok)
[2022-12-19 13:12:22] INFO     BIST:Header (ok)
[2022-12-19 13:12:34] INFO     BIST:Header (ok)
[2022-12-19 13:12:46] INFO     BIST:Header (ok)
[2022-12-19 13:12:57] INFO     BIST:Header (ok)
[2022-12-19 13:13:09] INFO     BIST:Header (ok)
[2022-12-19 13:13:20] INFO     BIST:Header (ok)
[2022-12-19 13:13:32] INFO     BIST:Header (ok)
[2022-12-19 13:13:44] INFO     BIST:Header (ok)
[2022-12-19 13:13:55] INFO     BIST:Header (ok)
[2022-12-19 13:14:07] INFO     BIST:Header (ok)
[2022-12-19 13:14:18] INFO     BIST:Header (ok)
[2022-12-19 13:14:30] INFO     BIST:Header (ok)
[2022-12-19 13:14:42] INFO     BIST:Header (ok)
[2022-12-19 13:14:53] INFO     BIST:Header (ok)
[2022-12-19 13:15:05] INFO     BIST:Header (ok)
[2022-12-19 13:15:16] INFO     BIST:Header (ok)
[2022-12-19 13:15:28] INFO     BIST:Header (ok)
[2022-12-19 13:15:40] INFO     BIST:Header (ok)
[2022-12-19 13:15:51] INFO     BIST:Header (ok)
[2022-12-19 13:16:03] INFO     BIST:Header (ok)
[2022-12-19 13:16:15] INFO     BIST:Header (ok)
[2022-12-19 13:16:26] INFO     BIST:Header (ok)
[2022-12-19 13:16:38] INFO     BIST:Header (ok)
[2022-12-19 13:16:49] INFO     BIST:Header (ok)
[2022-12-19 13:17:01] INFO     BIST:Header (ok)
[2022-12-19 13:17:13] INFO     BIST:Header (ok)
[2022-12-19 13:17:24] INFO     BIST:Header (ok)
[2022-12-19 13:17:36] INFO     BIST:Header (ok)
[2022-12-19 13:17:47] INFO     BIST:Header (ok)
[2022-12-19 13:17:59] INFO     BIST:Header (ok)
[2022-12-19 13:18:11] INFO     BIST:Header (ok)
[2022-12-19 13:18:22] INFO     BIST:Header (ok)
[2022-12-19 13:18:34] INFO     BIST:Header (ok)
[2022-12-19 13:18:46] INFO     BIST:Header (ok)
[2022-12-19 13:18:57] INFO     BIST:Header (ok)
[2022-12-19 13:19:09] INFO     BIST:Header (ok)
[2022-12-19 13:19:20] INFO     BIST:Header (ok)
[2022-12-19 13:19:32] INFO     BIST:Header (ok)
[2022-12-19 13:19:44] INFO     BIST:Header (ok)
[2022-12-19 13:19:55] INFO     BIST:Header (ok)
[2022-12-19 13:20:07] INFO     BIST:Header (ok)
[2022-12-19 13:20:18] INFO     BIST:Header (ok)
[2022-12-19 13:20:30] INFO     BIST:Header (ok)
[2022-12-19 13:20:42] INFO     BIST:Header (ok)
[2022-12-19 13:20:53] INFO     BIST:Header (ok)
[2022-12-19 13:21:05] INFO     BIST:Header (ok)
[2022-12-19 13:21:16] INFO     BIST:Header (ok)
[2022-12-19 13:21:28] INFO     BIST:Header (ok)
[2022-12-19 13:21:40] INFO     BIST:Header (ok)
[2022-12-19 13:21:51] INFO     BIST:Header (ok)
[2022-12-19 13:22:03] INFO     BIST:Header (ok)
[2022-12-19 13:22:15] INFO     BIST:Header (ok)
[2022-12-19 13:22:26] INFO     BIST:Header (ok)
[2022-12-19 13:22:38] INFO     BIST:Header (ok)
[2022-12-19 13:22:49] INFO     BIST:Header (ok)
[2022-12-19 13:23:01] INFO     BIST:Header (ok)
[2022-12-19 13:23:13] INFO     BIST:Header (ok)
[2022-12-19 13:23:24] INFO     BIST:Header (ok)
[2022-12-19 13:23:36] INFO     BIST:Header (ok)
[2022-12-19 13:23:47] INFO     BIST:Header (ok)
[2022-12-19 13:23:59] INFO     BIST:Header (ok)
[2022-12-19 13:24:11] INFO     BIST:Header (ok)
[2022-12-19 13:24:22] INFO     BIST:Header (ok)
[2022-12-19 13:24:34] INFO     BIST:Header (ok)
[2022-12-19 13:24:45] INFO     BIST:Header (ok)
[2022-12-19 13:24:57] INFO     BIST:Header (ok)
[2022-12-19 13:25:09] INFO     BIST:Header (ok)
[2022-12-19 13:25:20] INFO     BIST:Header (ok)
[2022-12-19 13:25:32] INFO     BIST:Header (ok)
[2022-12-19 13:25:44] INFO     BIST:Header (ok)
[2022-12-19 13:25:55] INFO     BIST:Header (ok)
[2022-12-19 13:26:07] INFO     BIST:Header (ok)
[2022-12-19 13:26:18] INFO     BIST:Header (ok)
[2022-12-19 13:26:30] INFO     BIST:Header (ok)
[2022-12-19 13:26:42] INFO     BIST:Header (ok)
[2022-12-19 13:26:53] INFO     BIST:Header (ok)
[2022-12-19 13:27:05] INFO     BIST:Header (ok)
[2022-12-19 13:27:16] INFO     BIST:Header (ok)
[2022-12-19 13:27:28] INFO     BIST:Header (ok)
[2022-12-19 13:27:40] INFO     BIST:Header (ok)
[2022-12-19 13:27:51] INFO     BIST:Header (ok)
[2022-12-19 13:28:03] INFO     BIST:Header (ok)
[2022-12-19 13:28:14] INFO     BIST:Header (ok)
[2022-12-19 13:28:26] INFO     BIST:Header (ok)
[2022-12-19 13:28:38] INFO     BIST:Header (ok)
[2022-12-19 13:28:49] INFO     BIST:Header (ok)
[2022-12-19 13:29:01] INFO     BIST:Header (ok)
[2022-12-19 13:29:13] INFO     BIST:Header (ok)
[2022-12-19 13:29:24] INFO     BIST:Header (ok)
[2022-12-19 13:29:36] INFO     BIST:Header (ok)
[2022-12-19 13:29:47] INFO     BIST:Header (ok)
[2022-12-19 13:29:59] INFO     BIST:Header (ok)
[2022-12-19 13:30:11] INFO     BIST:Header (ok)
[2022-12-19 13:30:22] INFO     BIST:Header (ok)
[2022-12-19 13:30:34] INFO     BIST:Header (ok)
[2022-12-19 13:30:45] INFO     BIST:Header (ok)
[2022-12-19 13:30:57] INFO     BIST:Header (ok)
[2022-12-19 13:31:09] INFO     BIST:Header (ok)
[2022-12-19 13:31:20] INFO     BIST:Header (ok)
[2022-12-19 13:31:32] INFO     BIST:Header (ok)
[2022-12-19 13:31:43] INFO     BIST:Header (ok)
[2022-12-19 13:31:55] INFO     BIST:Header (ok)
[2022-12-19 13:32:07] INFO     BIST:Header (ok)
[2022-12-19 13:32:18] INFO     BIST:Header (ok)
[2022-12-19 13:32:30] INFO     BIST:Header (ok)
[2022-12-19 13:32:42] INFO     BIST:Header (ok)
[2022-12-19 13:32:53] INFO     BIST:Header (ok)
[2022-12-19 13:33:05] INFO     BIST:Header (ok)
[2022-12-19 13:33:16] INFO     BIST:Header (ok)
[2022-12-19 13:33:28] INFO     BIST:Header (ok)
[2022-12-19 13:33:40] INFO     BIST:Header (ok)
[2022-12-19 13:33:51] INFO     BIST:Header (ok)
[2022-12-19 13:34:03] INFO     BIST:Header (ok)
[2022-12-19 13:34:14] INFO     BIST:Header (ok)
[2022-12-19 13:34:26] INFO     BIST:Header (ok)
[2022-12-19 13:34:38] INFO     BIST:Header (ok)
[2022-12-19 13:34:49] INFO     BIST:Header (ok)
[2022-12-19 13:35:01] INFO     BIST:Header (ok)
[2022-12-19 13:35:13] INFO     BIST:Header (ok)
[2022-12-19 13:35:24] INFO     BIST:Header (ok)
[2022-12-19 13:35:36] INFO     BIST:Header (ok)
[2022-12-19 13:35:47] INFO     BIST:Header (ok)
[2022-12-19 13:35:59] INFO     BIST:Header (ok)
[2022-12-19 13:36:11] INFO     BIST:Header (ok)
[2022-12-19 13:36:22] INFO     BIST:Header (ok)
[2022-12-19 13:36:34] INFO     BIST:Header (ok)
[2022-12-19 13:36:45] INFO     BIST:Header (ok)
[2022-12-19 13:36:57] INFO     BIST:Header (ok)
[2022-12-19 13:37:09] INFO     BIST:Header (ok)
[2022-12-19 13:37:20] INFO     BIST:Header (ok)
[2022-12-19 13:37:32] INFO     BIST:Header (ok)
[2022-12-19 13:37:43] INFO     BIST:Header (ok)
[2022-12-19 13:37:55] INFO     BIST:Header (ok)
[2022-12-19 13:38:07] INFO     BIST:Header (ok)
[2022-12-19 13:38:18] INFO     BIST:Header (ok)
[2022-12-19 13:38:30] INFO     BIST:Header (ok)
[2022-12-19 13:38:42] INFO     BIST:Header (ok)
[2022-12-19 13:38:53] INFO     BIST:Header (ok)
[2022-12-19 13:39:05] INFO     BIST:Header (ok)
[2022-12-19 13:39:16] INFO     BIST:Header (ok)
[2022-12-19 13:39:28] INFO     BIST:Header (ok)
[2022-12-19 13:39:40] INFO     BIST:Header (ok)
[2022-12-19 13:39:51] INFO     BIST:Header (ok)
[2022-12-19 13:40:03] INFO     BIST:Header (ok)
[2022-12-19 13:40:14] INFO     BIST:Header (ok)
[2022-12-19 13:40:26] INFO     BIST:Header (ok)
[2022-12-19 13:40:38] INFO     BIST:Header (ok)
[2022-12-19 13:40:49] INFO     BIST:Header (ok)
[2022-12-19 13:41:01] INFO     BIST:Header (ok)
[2022-12-19 13:41:12] INFO     BIST:Header (ok)
[2022-12-19 13:41:24] INFO     BIST:Header (ok)
[2022-12-19 13:41:36] INFO     BIST:Header (ok)
[2022-12-19 13:41:47] INFO     BIST:Header (ok)
[2022-12-19 13:41:59] INFO     BIST:Header (ok)
[2022-12-19 13:42:11] INFO     BIST:Header (ok)
[2022-12-19 13:42:22] INFO     BIST:Header (ok)
[2022-12-19 13:42:34] INFO     BIST:Header (ok)
[2022-12-19 13:42:45] INFO     BIST:Header (ok)
[2022-12-19 13:42:57] INFO     BIST:Header (ok)
[2022-12-19 13:43:09] INFO     BIST:Header (ok)
[2022-12-19 13:43:20] INFO     BIST:Header (ok)
[2022-12-19 13:43:32] INFO     BIST:Header (ok)
[2022-12-19 13:43:43] INFO     BIST:Header (ok)
[2022-12-19 13:43:55] INFO     BIST:Header (ok)
[2022-12-19 13:44:07] INFO     BIST:Header (ok)
[2022-12-19 13:44:18] INFO     BIST:Header (ok)
[2022-12-19 13:44:30] INFO     BIST:Header (ok)
[2022-12-19 13:44:41] INFO     BIST:Header (ok)
[2022-12-19 13:44:53] INFO     BIST:Header (ok)
[2022-12-19 13:45:05] INFO     BIST:Header (ok)
[2022-12-19 13:45:16] INFO     BIST:Header (ok)
[2022-12-19 13:45:28] INFO     BIST:Header (ok)
[2022-12-19 13:45:40] INFO     BIST:Header (ok)
[2022-12-19 13:45:51] INFO     BIST:Header (ok)
[2022-12-19 13:46:03] INFO     BIST:Header (ok)
[2022-12-19 13:46:14] INFO     BIST:Header (ok)
[2022-12-19 13:46:26] INFO     BIST:Header (ok)
[2022-12-19 13:46:38] INFO     BIST:Header (ok)
[2022-12-19 13:46:49] INFO     BIST:Header (ok)
[2022-12-19 13:47:01] INFO     BIST:Header (ok)
[2022-12-19 13:47:12] INFO     BIST:Header (ok)
[2022-12-19 13:47:24] INFO     BIST:Header (ok)
[2022-12-19 13:47:36] INFO     BIST:Header (ok)
[2022-12-19 13:47:47] INFO     BIST:Header (ok)
[2022-12-19 13:47:59] INFO     BIST:Header (ok)
[2022-12-19 13:48:10] INFO     BIST:Header (ok)
[2022-12-19 13:48:22] INFO     BIST:Header (ok)
[2022-12-19 13:48:34] INFO     BIST:Header (ok)
[2022-12-19 13:48:45] INFO     BIST:Header (ok)
[2022-12-19 13:48:57] INFO     BIST:Header (ok)
[2022-12-19 13:49:09] INFO     BIST:Header (ok)
[2022-12-19 13:49:20] INFO     BIST:Header (ok)
[2022-12-19 13:49:32] INFO     BIST:Header (ok)
[2022-12-19 13:49:43] INFO     BIST:Header (ok)
[2022-12-19 13:49:55] INFO     BIST:Header (ok)
[2022-12-19 13:50:07] INFO     BIST:Header (ok)
[2022-12-19 13:50:18] INFO     BIST:Header (ok)
[2022-12-19 13:50:30] INFO     BIST:Header (ok)
[2022-12-19 13:50:41] INFO     BIST:Header (ok)
[2022-12-19 13:50:53] INFO     BIST:Header (ok)
[2022-12-19 13:51:05] INFO     BIST:Header (ok)
[2022-12-19 13:51:16] INFO     BIST:Header (ok)
[2022-12-19 13:51:28] INFO     BIST:Header (ok)
[2022-12-19 13:51:39] INFO     BIST:Header (ok)
[2022-12-19 13:51:47] ERROR    UART:expect unicode error
[2022-12-19 13:51:47] INFO     BIST:First Unicode Error
[2022-12-19 13:51:47] ERROR    UART:expect unicode error
[2022-12-19 13:51:47] INFO     BIST:Bad data line (1)
[2022-12-19 13:51:47] ERROR    UART:expect unicode error
[2022-12-19 13:51:47] INFO     BIST:Bad data line (2)
[2022-12-19 13:51:47] ERROR    UART:expect unicode error
[2022-12-19 13:51:47] INFO     BIST:Bad data line (3)
[2022-12-19 13:51:48] ERROR    UART:expect unicode error
[2022-12-19 13:51:48] INFO     BIST:Bad data line (4)
[2022-12-19 13:51:48] ERROR    UART:expect unicode error
[2022-12-19 13:51:48] INFO     BIST:Bad data line (5)
[2022-12-19 13:51:48] ERROR    UART:expect unicode error
[2022-12-19 13:51:48] INFO     BIST:Bad data line (6)
[2022-12-19 13:51:48] ERROR    UART:expect unicode error
[2022-12-19 13:51:48] INFO     BIST:Bad data line (7)
[2022-12-19 13:51:48] ERROR    UART:expect unicode error
[2022-12-19 13:51:48] INFO     BIST:Bad data line (8)
[2022-12-19 13:51:48] ERROR    UART:expect unicode error
[2022-12-19 13:51:48] INFO     BIST:Bad data line (9)
[2022-12-19 13:51:49] ERROR    UART:expect unicode error
[2022-12-19 13:51:49] INFO     BIST:Bad data line (10)
[2022-12-19 13:51:49] ERROR    BIST:Max consecutive bad data lines
[2022-12-19 13:51:49] INFO     STATE:BIST Recovery State
[2022-12-19 13:51:50] ERROR    UART:expect unicode error
[2022-12-19 13:51:50] INFO     STATE:Terminal Recovery State
[2022-12-19 13:51:50] INFO     UART:Serial port /dev/ttyUSB2 closed
[2022-12-19 13:51:53] INFO     UART:Searching for ttyUSB device (Attempt 1)
[2022-12-19 13:51:53] INFO     UART:Found tty device:/dev/ttyUSB2
[2022-12-19 13:51:53] INFO     UART:Serial port /dev/ttyUSB2 open
[2022-12-19 13:51:54] ERROR    UART:expect unicode error
[2022-12-19 13:51:54] INFO     STATE:Reset Recovery State
[2022-12-19 13:51:54] INFO     UARTBONE I ADDR=00001358
[2022-12-19 13:51:54] INFO     Issuing UART bone reset
[2022-12-19 13:51:55] INFO     UARTBONE I ADDR=00020028
[2022-12-19 13:51:55] INFO     STATE:LiteX Login State
[2022-12-19 13:51:55] ERROR    UART:expect unicode error
[2022-12-19 13:51:55] INFO     STATE:Power Nexys State
[2022-12-19 13:51:55] INFO     NETBOOTER:Attempt 1 to set port 2 with cycle=False
[2022-12-19 13:51:57] INFO     NETBOOTER:Setting port 2 to Off
[2022-12-19 13:51:58] INFO     NETBOOTER:Attempt 1 to set port 2 with cycle=False
[2022-12-19 13:52:00] INFO     NETBOOTER:Setting port 2 to On
[2022-12-19 13:52:01] INFO     STATE:Connect UART State
[2022-12-19 13:52:03] INFO     UART:Searching for ttyUSB device (Attempt 1)
[2022-12-19 13:52:03] INFO     UART:Found tty device:/dev/ttyUSB7
[2022-12-19 13:52:03] INFO     UART:Serial port /dev/ttyUSB7 open
[2022-12-19 13:52:03] INFO     STATE:Configure Nexys State
[2022-12-19 13:52:03] INFO     JCM:Attempting JCM device DNA read
[2022-12-19 13:52:03] INFO     JCM:Executing commmand on JCM
	~/jcm_apps/jcm_jtag_reg.elf -r 50 --swap -w 64
[2022-12-19 13:52:03] INFO     Device DNA:0:0x812c023b 1:0x2a0f6504
[2022-12-19 13:52:03] INFO     JCM:Attempting JCM configuration
[2022-12-19 13:52:03] INFO     JCM:Executing commmand on JCM
	~/jcm_apps/jcm_config.elf --part xc7a200t -c 30000000 --jtag --config_file /root/ddr_11_28.bit
[2022-12-19 13:52:09] INFO     JCM:Configuration Success
[2022-12-19 13:52:09] INFO     STATE:Setup UARTBone State
[2022-12-19 13:52:09] INFO     UARTBONE:Searching for ttyUSB device (Attempt 1) for port '1-4.4.1' IF '0'
[2022-12-19 13:52:09] INFO     UARTBONE:Found tty device:/dev/ttyUSB1
[2022-12-19 13:52:09] INFO     UARTBONE:Attempting to open:/dev/ttyUSB1 at baud 115200 with timeout=5
[2022-12-19 13:52:09] INFO     UARTBONE:Serial port /dev/ttyUSB1 open
[2022-12-19 13:52:10] INFO     UARTBONE ID Str=LiteX SoC on Nexys Video 2022-11-28 18:17:18
[2022-12-19 13:52:10] INFO     UARTBONE I ADDR=000012E8
[2022-12-19 13:52:10] INFO     STATE:Enable Scrubbing State
[2022-12-19 13:52:10] INFO     JCM:Starting JCM scrubber
[2022-12-19 13:52:10] INFO     JCM:Executing commmand on JCM
	~/jcm_apps/jcm_scrubbing.elf --part xc7a200t -c 30000000 --jtag --iterations 100000000 --frad_file xc7a200t_frad.txt
[2022-12-19 13:52:10] INFO     STATE:LiteX Login State
[2022-12-19 13:52:10] INFO     STATE:Start BIST State
[2022-12-19 13:52:10] INFO     STATE:BIST Execution State
[2022-12-19 13:52:10] INFO     BIST:Bad title line (1):8192 1 0 2
[2022-12-19 13:52:10] INFO     BIST:Header (first)
[2022-12-19 13:52:22] INFO     BIST:Header (ok)
[2022-12-19 13:52:33] INFO     BIST:Header (ok)
[2022-12-19 13:52:45] INFO     BIST:Header (ok)
[2022-12-19 13:52:56] INFO     BIST:Header (ok)
[2022-12-19 13:53:08] INFO     BIST:Header (ok)
[2022-12-19 13:53:20] INFO     BIST:Header (ok)
[2022-12-19 13:53:31] INFO     BIST:Header (ok)
[2022-12-19 13:53:43] INFO     BIST:Header (ok)
[2022-12-19 13:53:54] INFO     BIST:Header (ok)
[2022-12-19 13:54:06] INFO     BIST:Header (ok)
[2022-12-19 13:54:18] INFO     BIST:Header (ok)
[2022-12-19 13:54:29] INFO     BIST:Header (ok)
[2022-12-19 13:54:41] INFO     BIST:Header (ok)
[2022-12-19 13:54:52] INFO     BIST:Header (ok)
[2022-12-19 13:55:04] INFO     BIST:Header (ok)
[2022-12-19 13:55:16] INFO     BIST:Header (ok)
[2022-12-19 13:55:27] INFO     BIST:Header (ok)
[2022-12-19 13:55:39] INFO     BIST:Header (ok)
[2022-12-19 13:55:51] INFO     BIST:Header (ok)
[2022-12-19 13:56:02] INFO     BIST:Header (ok)
[2022-12-19 13:56:14] INFO     BIST:Header (ok)
[2022-12-19 13:56:25] INFO     BIST:Header (ok)
[2022-12-19 13:56:37] INFO     BIST:Header (ok)
[2022-12-19 13:56:49] INFO     BIST:Header (ok)
[2022-12-19 13:57:00] INFO     BIST:Header (ok)
[2022-12-19 13:57:12] INFO     BIST:Header (ok)
[2022-12-19 13:57:23] INFO     BIST:Header (ok)
[2022-12-19 13:57:35] INFO     BIST:Header (ok)
[2022-12-19 13:57:47] INFO     BIST:Header (ok)
[2022-12-19 13:57:58] INFO     BIST:Header (ok)
[2022-12-19 13:58:10] INFO     BIST:Header (ok)
[2022-12-19 13:58:22] INFO     BIST:Header (ok)
[2022-12-19 13:58:33] INFO     BIST:Header (ok)
[2022-12-19 13:58:45] INFO     BIST:Header (ok)
[2022-12-19 13:58:56] INFO     BIST:Header (ok)
[2022-12-19 13:59:08] INFO     BIST:Header (ok)
[2022-12-19 13:59:20] INFO     BIST:Header (ok)
[2022-12-19 13:59:31] INFO     BIST:Header (ok)
[2022-12-19 13:59:43] INFO     BIST:Header (ok)
[2022-12-19 13:59:54] INFO     BIST:Header (ok)
[2022-12-19 14:00:06] INFO     BIST:Header (ok)
[2022-12-19 14:00:18] INFO     BIST:Header (ok)
[2022-12-19 14:00:29] INFO     BIST:Header (ok)
[2022-12-19 14:00:41] INFO     BIST:Header (ok)
[2022-12-19 14:00:52] INFO     BIST:Header (ok)
[2022-12-19 14:01:04] INFO     BIST:Header (ok)
[2022-12-19 14:01:16] INFO     BIST:Header (ok)
[2022-12-19 14:01:27] INFO     BIST:Header (ok)
[2022-12-19 14:01:39] INFO     BIST:Header (ok)
[2022-12-19 14:01:51] INFO     BIST:Header (ok)
[2022-12-19 14:02:02] INFO     BIST:Header (ok)
[2022-12-19 14:02:14] INFO     BIST:Header (ok)
[2022-12-19 14:02:25] INFO     BIST:Header (ok)
[2022-12-19 14:02:37] INFO     BIST:Header (ok)
[2022-12-19 14:02:49] INFO     BIST:Header (ok)
[2022-12-19 14:03:00] INFO     BIST:Header (ok)
[2022-12-19 14:03:12] INFO     BIST:Header (ok)
[2022-12-19 14:03:23] INFO     BIST:Header (ok)
[2022-12-19 14:03:35] INFO     BIST:Header (ok)
[2022-12-19 14:03:47] INFO     BIST:Header (ok)
[2022-12-19 14:03:58] INFO     BIST:Header (ok)
[2022-12-19 14:04:10] INFO     BIST:Header (ok)
[2022-12-19 14:04:21] INFO     BIST:Header (ok)
[2022-12-19 14:04:33] INFO     BIST:Header (ok)
[2022-12-19 14:04:45] INFO     BIST:Header (ok)
[2022-12-19 14:04:56] INFO     BIST:Header (ok)
[2022-12-19 14:05:08] INFO     BIST:Header (ok)
[2022-12-19 14:05:20] INFO     BIST:Header (ok)
[2022-12-19 14:05:31] INFO     BIST:Header (ok)
[2022-12-19 14:05:43] INFO     BIST:Header (ok)
[2022-12-19 14:05:54] INFO     BIST:Header (ok)
[2022-12-19 14:06:06] INFO     BIST:Header (ok)
[2022-12-19 14:06:18] INFO     BIST:Header (ok)
[2022-12-19 14:06:29] INFO     BIST:Header (ok)
[2022-12-19 14:06:41] INFO     BIST:Header (ok)
[2022-12-19 14:06:52] INFO     BIST:Header (ok)
[2022-12-19 14:07:04] INFO     BIST:Header (ok)
[2022-12-19 14:07:16] INFO     BIST:Header (ok)
[2022-12-19 14:07:27] INFO     BIST:Header (ok)
[2022-12-19 14:07:39] INFO     BIST:Header (ok)
[2022-12-19 14:07:50] INFO     BIST:Header (ok)
[2022-12-19 14:08:02] INFO     BIST:Header (ok)
[2022-12-19 14:08:14] INFO     BIST:Header (ok)
[2022-12-19 14:08:25] INFO     BIST:Header (ok)
[2022-12-19 14:08:37] INFO     BIST:Header (ok)
[2022-12-19 14:08:49] INFO     BIST:Header (ok)
[2022-12-19 14:09:00] INFO     BIST:Header (ok)
[2022-12-19 14:09:12] INFO     BIST:Header (ok)
[2022-12-19 14:09:23] INFO     BIST:Header (ok)
[2022-12-19 14:09:35] INFO     BIST:Header (ok)
[2022-12-19 14:09:47] INFO     BIST:Header (ok)
[2022-12-19 14:09:58] INFO     BIST:Header (ok)
[2022-12-19 14:10:10] INFO     BIST:Header (ok)
[2022-12-19 14:10:21] INFO     BIST:Header (ok)
[2022-12-19 14:10:33] INFO     BIST:Header (ok)
[2022-12-19 14:10:45] INFO     BIST:Header (ok)
[2022-12-19 14:10:56] INFO     BIST:Header (ok)
[2022-12-19 14:11:08] INFO     BIST:Header (ok)
[2022-12-19 14:11:19] INFO     BIST:Header (ok)
[2022-12-19 14:11:31] INFO     BIST:Header (ok)
[2022-12-19 14:11:43] INFO     BIST:Header (ok)
[2022-12-19 14:11:54] INFO     BIST:Header (ok)
[2022-12-19 14:12:06] INFO     BIST:Header (ok)
[2022-12-19 14:12:18] INFO     BIST:Header (ok)
[2022-12-19 14:12:29] INFO     BIST:Header (ok)
[2022-12-19 14:12:41] INFO     BIST:Header (ok)
[2022-12-19 14:12:52] INFO     BIST:Header (ok)
[2022-12-19 14:13:04] INFO     BIST:Header (ok)
[2022-12-19 14:13:16] INFO     BIST:Header (ok)
[2022-12-19 14:13:27] INFO     BIST:Header (ok)
[2022-12-19 14:13:39] INFO     BIST:Header (ok)
[2022-12-19 14:13:50] INFO     BIST:Header (ok)
[2022-12-19 14:14:02] INFO     BIST:Header (ok)
[2022-12-19 14:14:14] INFO     BIST:Header (ok)
[2022-12-19 14:14:25] INFO     BIST:Header (ok)
[2022-12-19 14:14:37] INFO     BIST:Header (ok)
[2022-12-19 14:14:48] INFO     BIST:Header (ok)
[2022-12-19 14:15:00] INFO     BIST:Header (ok)
[2022-12-19 14:15:12] INFO     BIST:Header (ok)
[2022-12-19 14:15:23] INFO     BIST:Header (ok)
[2022-12-19 14:15:35] INFO     BIST:Header (ok)
[2022-12-19 14:15:47] INFO     BIST:Header (ok)
[2022-12-19 14:15:58] INFO     BIST:Header (ok)
[2022-12-19 14:16:10] INFO     BIST:Header (ok)
[2022-12-19 14:16:21] INFO     BIST:Header (ok)
[2022-12-19 14:16:33] INFO     BIST:Header (ok)
[2022-12-19 14:16:45] INFO     BIST:Header (ok)
[2022-12-19 14:16:56] INFO     BIST:Header (ok)
[2022-12-19 14:17:08] INFO     BIST:Header (ok)
[2022-12-19 14:17:19] INFO     BIST:Header (ok)
[2022-12-19 14:17:31] INFO     BIST:Header (ok)
[2022-12-19 14:17:43] INFO     BIST:Header (ok)
[2022-12-19 14:17:54] INFO     BIST:Header (ok)
[2022-12-19 14:18:06] INFO     BIST:Header (ok)
[2022-12-19 14:18:18] INFO     BIST:Header (ok)
[2022-12-19 14:18:29] INFO     BIST:Header (ok)
[2022-12-19 14:18:41] INFO     BIST:Header (ok)
[2022-12-19 14:18:52] INFO     BIST:Header (ok)
[2022-12-19 14:19:04] INFO     BIST:Header (ok)
[2022-12-19 14:19:16] INFO     BIST:Header (ok)
[2022-12-19 14:19:27] INFO     BIST:Header (ok)
[2022-12-19 14:19:39] INFO     BIST:Header (ok)
[2022-12-19 14:19:50] INFO     BIST:Header (ok)
[2022-12-19 14:20:02] INFO     BIST:Header (ok)
[2022-12-19 14:20:14] INFO     BIST:Header (ok)
[2022-12-19 14:20:25] INFO     BIST:Header (ok)
[2022-12-19 14:20:37] INFO     BIST:Header (ok)
[2022-12-19 14:20:48] INFO     BIST:Header (ok)
[2022-12-19 14:21:00] INFO     BIST:Header (ok)
[2022-12-19 14:21:12] INFO     BIST:Header (ok)
[2022-12-19 14:21:23] INFO     BIST:Header (ok)
[2022-12-19 14:21:35] INFO     BIST:Header (ok)
[2022-12-19 14:21:47] INFO     BIST:Header (ok)
[2022-12-19 14:21:58] INFO     BIST:Header (ok)
[2022-12-19 14:22:10] INFO     BIST:Header (ok)
[2022-12-19 14:22:21] INFO     BIST:Header (ok)
[2022-12-19 14:22:33] INFO     BIST:Header (ok)
[2022-12-19 14:22:45] INFO     BIST:Header (ok)
[2022-12-19 14:22:56] INFO     BIST:Header (ok)
[2022-12-19 14:23:08] INFO     BIST:Header (ok)
[2022-12-19 14:23:19] INFO     BIST:Header (ok)
[2022-12-19 14:23:31] INFO     BIST:Header (ok)
[2022-12-19 14:23:47] ERROR    UART:expect timeout (delay 15s)
[2022-12-19 14:23:47] INFO     STATE:Terminal Recovery State
[2022-12-19 14:23:47] INFO     UART:Serial port /dev/ttyUSB7 closed
[2022-12-19 14:23:50] INFO     UART:Searching for ttyUSB device (Attempt 1)
[2022-12-19 14:23:51] INFO     UART:Found tty device:/dev/ttyUSB7
[2022-12-19 14:23:51] INFO     UART:Serial port /dev/ttyUSB7 open
[2022-12-19 14:24:01] ERROR    UART:expect timeout (delay 10s)
[2022-12-19 14:24:01] INFO     STATE:Reset Recovery State
[2022-12-19 14:24:01] INFO     UARTBONE I ADDR=00001358
[2022-12-19 14:24:01] INFO     Issuing UART bone reset
[2022-12-19 14:24:02] INFO     UARTBONE I ADDR=000001F8
[2022-12-19 14:24:02] INFO     STATE:LiteX Login State
[2022-12-19 14:24:02] INFO     STATE:Start BIST State
[2022-12-19 14:24:02] INFO     STATE:BIST Execution State
[2022-12-19 14:24:02] INFO     BIST:Bad title line (1):8192 1 0 2
[2022-12-19 14:24:02] INFO     BIST:Header (first)
[2022-12-19 14:24:13] INFO     BIST:Header (ok)
[2022-12-19 14:24:25] INFO     BIST:Header (ok)
[2022-12-19 14:24:37] INFO     BIST:Header (ok)
[2022-12-19 14:24:48] INFO     BIST:Header (ok)
[2022-12-19 14:25:00] INFO     BIST:Header (ok)
[2022-12-19 14:25:11] INFO     BIST:Header (ok)
[2022-12-19 14:25:23] INFO     BIST:Header (ok)
[2022-12-19 14:25:35] INFO     BIST:Header (ok)
[2022-12-19 14:25:46] INFO     BIST:Header (ok)
[2022-12-19 14:25:58] INFO     BIST:Header (ok)
[2022-12-19 14:26:09] INFO     BIST:Header (ok)
[2022-12-19 14:26:21] INFO     BIST:Header (ok)
[2022-12-19 14:26:33] INFO     BIST:Header (ok)
[2022-12-19 14:26:44] INFO     BIST:Header (ok)
[2022-12-19 14:26:56] INFO     BIST:Header (ok)
[2022-12-19 14:27:07] INFO     BIST:Header (ok)
[2022-12-19 14:27:19] INFO     BIST:Header (ok)
[2022-12-19 14:27:31] INFO     BIST:Header (ok)
[2022-12-19 14:27:42] INFO     BIST:Header (ok)
[2022-12-19 14:27:54] INFO     BIST:Header (ok)
[2022-12-19 14:28:06] INFO     BIST:Header (ok)
[2022-12-19 14:28:17] INFO     BIST:Header (ok)
[2022-12-19 14:28:29] INFO     BIST:Header (ok)
[2022-12-19 14:28:40] INFO     BIST:Header (ok)
[2022-12-19 14:28:52] INFO     BIST:Header (ok)
[2022-12-19 14:29:04] INFO     BIST:Header (ok)
[2022-12-19 14:29:15] INFO     BIST:Header (ok)
[2022-12-19 14:29:27] INFO     BIST:Header (ok)
[2022-12-19 14:29:38] INFO     BIST:Header (ok)
[2022-12-19 14:29:50] INFO     BIST:Header (ok)
[2022-12-19 14:30:02] INFO     BIST:Header (ok)
[2022-12-19 14:30:13] INFO     BIST:Header (ok)
[2022-12-19 14:30:25] INFO     BIST:Header (ok)
[2022-12-19 14:30:37] INFO     BIST:Header (ok)
[2022-12-19 14:30:48] INFO     BIST:Header (ok)
[2022-12-19 14:31:00] INFO     BIST:Header (ok)
[2022-12-19 14:31:11] INFO     BIST:Header (ok)
[2022-12-19 14:31:23] INFO     BIST:Header (ok)
[2022-12-19 14:31:35] INFO     BIST:Header (ok)
[2022-12-19 14:31:46] INFO     BIST:Header (ok)
[2022-12-19 14:31:58] INFO     BIST:Header (ok)
[2022-12-19 14:32:09] INFO     BIST:Header (ok)
[2022-12-19 14:32:21] INFO     BIST:Header (ok)
[2022-12-19 14:32:33] INFO     BIST:Header (ok)
[2022-12-19 14:32:44] INFO     BIST:Header (ok)
[2022-12-19 14:32:56] INFO     BIST:Header (ok)
[2022-12-19 14:33:07] INFO     BIST:Header (ok)
[2022-12-19 14:33:19] INFO     BIST:Header (ok)
[2022-12-19 14:33:31] INFO     BIST:Header (ok)
[2022-12-19 14:33:42] INFO     BIST:Header (ok)
[2022-12-19 14:33:54] INFO     BIST:Header (ok)
[2022-12-19 14:34:06] INFO     BIST:Header (ok)
[2022-12-19 14:34:17] INFO     BIST:Header (ok)
[2022-12-19 14:34:29] INFO     BIST:Header (ok)
[2022-12-19 14:34:40] INFO     BIST:Header (ok)
[2022-12-19 14:34:52] INFO     BIST:Header (ok)
[2022-12-19 14:35:04] INFO     BIST:Header (ok)
[2022-12-19 14:35:15] INFO     BIST:Header (ok)
[2022-12-19 14:35:27] INFO     BIST:Header (ok)
[2022-12-19 14:35:38] INFO     BIST:Header (ok)
[2022-12-19 14:35:50] INFO     BIST:Header (ok)
[2022-12-19 14:36:02] INFO     BIST:Header (ok)
[2022-12-19 14:36:13] INFO     BIST:Header (ok)
[2022-12-19 14:36:25] INFO     BIST:Header (ok)
[2022-12-19 14:36:36] INFO     BIST:Header (ok)
[2022-12-19 14:36:48] INFO     BIST:Header (ok)
[2022-12-19 14:37:00] INFO     BIST:Header (ok)
[2022-12-19 14:37:11] INFO     BIST:Header (ok)
[2022-12-19 14:37:23] INFO     BIST:Header (ok)
[2022-12-19 14:37:35] INFO     BIST:Header (ok)
[2022-12-19 14:37:46] INFO     BIST:Header (ok)
[2022-12-19 14:37:58] INFO     BIST:Header (ok)
[2022-12-19 14:38:09] INFO     BIST:Header (ok)
[2022-12-19 14:38:21] INFO     BIST:Header (ok)
[2022-12-19 14:38:33] INFO     BIST:Header (ok)
[2022-12-19 14:38:44] INFO     BIST:Header (ok)
[2022-12-19 14:38:56] INFO     BIST:Header (ok)
[2022-12-19 14:39:07] INFO     BIST:Header (ok)
[2022-12-19 14:39:19] INFO     BIST:Header (ok)
[2022-12-19 14:39:31] INFO     BIST:Header (ok)
[2022-12-19 14:39:42] INFO     BIST:Header (ok)
[2022-12-19 14:39:54] INFO     BIST:Header (ok)
[2022-12-19 14:40:05] INFO     BIST:Header (ok)
[2022-12-19 14:40:17] INFO     BIST:Header (ok)
[2022-12-19 14:40:29] INFO     BIST:Header (ok)
[2022-12-19 14:40:40] INFO     BIST:Header (ok)
[2022-12-19 14:40:52] INFO     BIST:Header (ok)
[2022-12-19 14:41:04] INFO     BIST:Header (ok)
[2022-12-19 14:41:15] INFO     BIST:Header (ok)
[2022-12-19 14:41:27] INFO     BIST:Header (ok)
[2022-12-19 14:41:38] INFO     BIST:Header (ok)
[2022-12-19 14:41:50] INFO     BIST:Header (ok)
[2022-12-19 14:42:02] INFO     BIST:Header (ok)
[2022-12-19 14:42:13] INFO     BIST:Header (ok)
[2022-12-19 14:42:25] INFO     BIST:Header (ok)
[2022-12-19 14:42:36] INFO     BIST:Header (ok)
[2022-12-19 14:42:48] INFO     BIST:Header (ok)
[2022-12-19 14:43:00] INFO     BIST:Header (ok)
[2022-12-19 14:43:11] INFO     BIST:Header (ok)
[2022-12-19 14:43:23] INFO     BIST:Header (ok)
[2022-12-19 14:43:34] INFO     BIST:Header (ok)
[2022-12-19 14:43:46] INFO     BIST:Header (ok)
[2022-12-19 14:43:58] INFO     BIST:Header (ok)
[2022-12-19 14:44:09] INFO     BIST:Header (ok)
[2022-12-19 14:44:21] INFO     BIST:Header (ok)
[2022-12-19 14:44:33] INFO     BIST:Header (ok)
[2022-12-19 14:44:44] INFO     BIST:Header (ok)
[2022-12-19 14:44:56] INFO     BIST:Header (ok)
[2022-12-19 14:45:07] INFO     BIST:Header (ok)
[2022-12-19 14:45:19] INFO     BIST:Header (ok)
[2022-12-19 14:45:31] INFO     BIST:Header (ok)
[2022-12-19 14:45:42] INFO     BIST:Header (ok)
[2022-12-19 14:45:54] INFO     BIST:Header (ok)
[2022-12-19 14:46:05] INFO     BIST:Header (ok)
[2022-12-19 14:46:17] INFO     BIST:Header (ok)
[2022-12-19 14:46:29] INFO     BIST:Header (ok)
[2022-12-19 14:46:40] INFO     BIST:Header (ok)
[2022-12-19 14:46:52] INFO     BIST:Header (ok)
[2022-12-19 14:47:03] INFO     BIST:Header (ok)
[2022-12-19 14:47:15] INFO     BIST:Header (ok)
[2022-12-19 14:47:27] INFO     BIST:Header (ok)
[2022-12-19 14:47:38] INFO     BIST:Header (ok)
[2022-12-19 14:47:50] INFO     BIST:Header (ok)
[2022-12-19 14:48:02] INFO     BIST:Header (ok)
[2022-12-19 14:48:13] INFO     BIST:Header (ok)
[2022-12-19 14:48:25] INFO     BIST:Header (ok)
[2022-12-19 14:48:36] INFO     BIST:Header (ok)
[2022-12-19 14:48:48] INFO     BIST:Header (ok)
[2022-12-19 14:49:00] INFO     BIST:Header (ok)
[2022-12-19 14:49:11] INFO     BIST:Header (ok)
[2022-12-19 14:49:23] INFO     BIST:Header (ok)
[2022-12-19 14:49:34] INFO     BIST:Header (ok)
[2022-12-19 14:49:46] INFO     BIST:Header (ok)
[2022-12-19 14:49:58] INFO     BIST:Header (ok)
[2022-12-19 14:50:09] INFO     BIST:Header (ok)
[2022-12-19 14:50:21] INFO     BIST:Header (ok)
[2022-12-19 14:50:33] INFO     BIST:Header (ok)
[2022-12-19 14:50:44] INFO     BIST:Header (ok)
[2022-12-19 14:50:56] INFO     BIST:Header (ok)
[2022-12-19 14:51:07] INFO     BIST:Header (ok)
[2022-12-19 14:51:19] INFO     BIST:Header (ok)
[2022-12-19 14:51:31] INFO     BIST:Header (ok)
[2022-12-19 14:51:42] INFO     BIST:Header (ok)
[2022-12-19 14:51:54] INFO     BIST:Header (ok)
[2022-12-19 14:52:05] INFO     BIST:Header (ok)
[2022-12-19 14:52:17] INFO     BIST:Header (ok)
[2022-12-19 14:52:29] INFO     BIST:Header (ok)
[2022-12-19 14:52:40] INFO     BIST:Header (ok)
[2022-12-19 14:52:52] INFO     BIST:Header (ok)
[2022-12-19 14:53:03] INFO     BIST:Header (ok)
[2022-12-19 14:53:15] INFO     BIST:Header (ok)
[2022-12-19 14:53:27] INFO     BIST:Header (ok)
[2022-12-19 14:53:38] INFO     BIST:Header (ok)
[2022-12-19 14:53:50] INFO     BIST:Header (ok)
[2022-12-19 14:54:02] INFO     BIST:Header (ok)
[2022-12-19 14:54:13] INFO     BIST:Header (ok)
[2022-12-19 14:54:25] INFO     BIST:Header (ok)
[2022-12-19 14:54:36] INFO     BIST:Header (ok)
[2022-12-19 14:54:48] INFO     BIST:Header (ok)
[2022-12-19 14:55:00] INFO     BIST:Header (ok)
[2022-12-19 14:55:11] INFO     BIST:Header (ok)
[2022-12-19 14:55:23] INFO     BIST:Header (ok)
[2022-12-19 14:55:34] INFO     BIST:Header (ok)
[2022-12-19 14:55:46] INFO     BIST:Header (ok)
[2022-12-19 14:55:58] INFO     BIST:Header (ok)
[2022-12-19 14:56:09] INFO     BIST:Header (ok)
[2022-12-19 14:56:21] INFO     BIST:Header (ok)
[2022-12-19 14:56:32] INFO     BIST:Header (ok)
[2022-12-19 14:56:44] INFO     BIST:Header (ok)
[2022-12-19 14:56:56] INFO     BIST:Header (ok)
[2022-12-19 14:57:07] INFO     BIST:Header (ok)
[2022-12-19 14:57:19] INFO     BIST:Header (ok)
[2022-12-19 14:57:31] INFO     BIST:Header (ok)
[2022-12-19 14:57:42] INFO     BIST:Header (ok)
[2022-12-19 14:57:54] INFO     BIST:Header (ok)
[2022-12-19 14:58:05] INFO     BIST:Header (ok)
[2022-12-19 14:58:17] INFO     BIST:Header (ok)
[2022-12-19 14:58:29] INFO     BIST:Header (ok)
[2022-12-19 14:58:40] INFO     BIST:Header (ok)
[2022-12-19 14:58:52] INFO     BIST:Header (ok)
[2022-12-19 14:59:03] INFO     BIST:Header (ok)
[2022-12-19 14:59:15] INFO     BIST:Header (ok)
[2022-12-19 14:59:27] INFO     BIST:Header (ok)
[2022-12-19 14:59:38] INFO     BIST:Header (ok)
[2022-12-19 14:59:50] INFO     BIST:Header (ok)
[2022-12-19 15:00:01] INFO     BIST:Header (ok)
[2022-12-19 15:00:13] INFO     BIST:Header (ok)
[2022-12-19 15:00:25] INFO     BIST:Header (ok)
[2022-12-19 15:00:36] INFO     BIST:Header (ok)
[2022-12-19 15:00:48] INFO     BIST:Header (ok)
[2022-12-19 15:01:00] INFO     BIST:Header (ok)
[2022-12-19 15:01:11] INFO     BIST:Header (ok)
[2022-12-19 15:01:23] INFO     BIST:Header (ok)
[2022-12-19 15:01:34] INFO     BIST:Header (ok)
[2022-12-19 15:01:46] INFO     BIST:Header (ok)
[2022-12-19 15:02:01] ERROR    UART:expect timeout (delay 15s)
[2022-12-19 15:02:01] INFO     STATE:Terminal Recovery State
[2022-12-19 15:02:01] INFO     UART:Serial port /dev/ttyUSB7 closed
[2022-12-19 15:02:04] INFO     UART:Searching for ttyUSB device (Attempt 1)
[2022-12-19 15:02:04] INFO     UART:Found tty device:/dev/ttyUSB7
[2022-12-19 15:02:04] INFO     UART:Serial port /dev/ttyUSB7 open
[2022-12-19 15:02:14] ERROR    UART:expect timeout (delay 10s)
[2022-12-19 15:02:14] INFO     STATE:Reset Recovery State
[2022-12-19 15:02:14] INFO     UARTBONE I ADDR=00001350
[2022-12-19 15:02:14] INFO     Issuing UART bone reset
[2022-12-19 15:02:15] INFO     UARTBONE I ADDR=000001F8
[2022-12-19 15:02:15] INFO     STATE:LiteX Login State
[2022-12-19 15:02:15] INFO     STATE:Start BIST State
[2022-12-19 15:02:15] INFO     STATE:BIST Execution State
[2022-12-19 15:02:15] INFO     BIST:Bad title line (1):8192 1 0 2
[2022-12-19 15:02:15] INFO     BIST:Header (first)
[2022-12-19 15:02:27] INFO     BIST:Header (ok)
[2022-12-19 15:02:38] INFO     BIST:Header (ok)
[2022-12-19 15:02:50] INFO     BIST:Header (ok)
[2022-12-19 15:03:02] INFO     BIST:Header (ok)
[2022-12-19 15:03:13] INFO     BIST:Header (ok)
[2022-12-19 15:03:25] INFO     BIST:Header (ok)
[2022-12-19 15:03:36] INFO     BIST:Header (ok)
[2022-12-19 15:03:48] INFO     BIST:Header (ok)
[2022-12-19 15:04:00] INFO     BIST:Header (ok)
[2022-12-19 15:04:11] INFO     BIST:Header (ok)
[2022-12-19 15:04:23] INFO     BIST:Header (ok)
[2022-12-19 15:04:35] INFO     BIST:Header (ok)
[2022-12-19 15:04:46] INFO     BIST:Header (ok)
[2022-12-19 15:04:58] INFO     BIST:Header (ok)
[2022-12-19 15:05:09] INFO     BIST:Header (ok)
[2022-12-19 15:05:21] INFO     BIST:Header (ok)
[2022-12-19 15:05:33] INFO     BIST:Header (ok)
[2022-12-19 15:05:44] INFO     BIST:Header (ok)
[2022-12-19 15:05:56] INFO     BIST:Header (ok)
[2022-12-19 15:06:07] INFO     BIST:Header (ok)
[2022-12-19 15:06:19] INFO     BIST:Header (ok)
[2022-12-19 15:06:31] INFO     BIST:Header (ok)
[2022-12-19 15:06:42] INFO     BIST:Header (ok)
[2022-12-19 15:06:54] INFO     BIST:Header (ok)
[2022-12-19 15:07:05] INFO     BIST:Header (ok)
[2022-12-19 15:07:17] INFO     BIST:Header (ok)
[2022-12-19 15:07:29] INFO     BIST:Header (ok)
[2022-12-19 15:07:40] INFO     BIST:Header (ok)
[2022-12-19 15:07:52] INFO     BIST:Header (ok)
[2022-12-19 15:08:04] INFO     BIST:Header (ok)
[2022-12-19 15:08:15] INFO     BIST:Header (ok)
[2022-12-19 15:08:27] INFO     BIST:Header (ok)
[2022-12-19 15:08:38] INFO     BIST:Header (ok)
[2022-12-19 15:08:50] INFO     BIST:Header (ok)
[2022-12-19 15:09:02] INFO     BIST:Header (ok)
[2022-12-19 15:09:13] INFO     BIST:Header (ok)
[2022-12-19 15:09:25] INFO     BIST:Header (ok)
[2022-12-19 15:09:36] INFO     BIST:Header (ok)
[2022-12-19 15:09:48] INFO     BIST:Header (ok)
[2022-12-19 15:10:00] INFO     BIST:Header (ok)
[2022-12-19 15:10:11] INFO     BIST:Header (ok)
[2022-12-19 15:10:23] INFO     BIST:Header (ok)
[2022-12-19 15:10:35] INFO     BIST:Header (ok)
[2022-12-19 15:10:46] INFO     BIST:Header (ok)
[2022-12-19 15:10:58] INFO     BIST:Header (ok)
[2022-12-19 15:11:09] INFO     BIST:Header (ok)
[2022-12-19 15:11:21] INFO     BIST:Header (ok)
[2022-12-19 15:11:33] INFO     BIST:Header (ok)
[2022-12-19 15:11:44] INFO     BIST:Header (ok)
[2022-12-19 15:11:56] INFO     BIST:Header (ok)
[2022-12-19 15:12:07] INFO     BIST:Header (ok)
[2022-12-19 15:12:19] INFO     BIST:Header (ok)
[2022-12-19 15:12:31] INFO     BIST:Header (ok)
[2022-12-19 15:12:42] INFO     BIST:Header (ok)
[2022-12-19 15:12:54] INFO     BIST:Header (ok)
[2022-12-19 15:13:05] INFO     BIST:Header (ok)
[2022-12-19 15:13:17] INFO     BIST:Header (ok)
[2022-12-19 15:13:29] INFO     BIST:Header (ok)
[2022-12-19 15:13:40] INFO     BIST:Header (ok)
[2022-12-19 15:13:52] INFO     BIST:Header (ok)
[2022-12-19 15:14:04] INFO     BIST:Header (ok)
[2022-12-19 15:14:15] INFO     BIST:Header (ok)
[2022-12-19 15:14:27] INFO     BIST:Header (ok)
[2022-12-19 15:14:38] INFO     BIST:Header (ok)
[2022-12-19 15:14:50] INFO     BIST:Header (ok)
[2022-12-19 15:15:02] INFO     BIST:Header (ok)
[2022-12-19 15:15:13] INFO     BIST:Header (ok)
[2022-12-19 15:15:25] INFO     BIST:Header (ok)
[2022-12-19 15:15:36] INFO     BIST:Header (ok)
[2022-12-19 15:15:48] INFO     BIST:Header (ok)
[2022-12-19 15:16:00] INFO     BIST:Header (ok)
[2022-12-19 15:16:11] INFO     BIST:Header (ok)
[2022-12-19 15:16:23] INFO     BIST:Header (ok)
[2022-12-19 15:16:34] INFO     BIST:Header (ok)
[2022-12-19 15:16:46] INFO     BIST:Header (ok)
[2022-12-19 15:16:58] INFO     BIST:Header (ok)
[2022-12-19 15:17:09] INFO     BIST:Header (ok)
[2022-12-19 15:17:21] INFO     BIST:Header (ok)
[2022-12-19 15:17:33] INFO     BIST:Header (ok)
[2022-12-19 15:17:44] INFO     BIST:Header (ok)
[2022-12-19 15:17:56] INFO     BIST:Header (ok)
[2022-12-19 15:18:07] INFO     BIST:Header (ok)
[2022-12-19 15:18:19] INFO     BIST:Header (ok)
[2022-12-19 15:18:31] INFO     BIST:Header (ok)
[2022-12-19 15:18:42] INFO     BIST:Header (ok)
[2022-12-19 15:18:54] INFO     BIST:Header (ok)
[2022-12-19 15:19:05] INFO     BIST:Header (ok)
[2022-12-19 15:19:17] INFO     BIST:Header (ok)
[2022-12-19 15:19:29] INFO     BIST:Header (ok)
[2022-12-19 15:19:40] INFO     BIST:Header (ok)
[2022-12-19 15:19:52] INFO     BIST:Header (ok)
[2022-12-19 15:20:03] INFO     BIST:Header (ok)
[2022-12-19 15:20:15] INFO     BIST:Header (ok)
[2022-12-19 15:20:27] INFO     BIST:Header (ok)
[2022-12-19 15:20:38] INFO     BIST:Header (ok)
[2022-12-19 15:20:50] INFO     BIST:Header (ok)
[2022-12-19 15:21:02] INFO     BIST:Header (ok)
[2022-12-19 15:21:13] INFO     BIST:Header (ok)
[2022-12-19 15:21:25] INFO     BIST:Header (ok)
[2022-12-19 15:21:36] INFO     BIST:Header (ok)
[2022-12-19 15:21:48] INFO     BIST:Header (ok)
[2022-12-19 15:22:00] INFO     BIST:Header (ok)
[2022-12-19 15:22:11] INFO     BIST:Header (ok)
[2022-12-19 15:22:23] INFO     BIST:Header (ok)
[2022-12-19 15:22:34] INFO     BIST:Header (ok)
[2022-12-19 15:22:46] INFO     BIST:Header (ok)
[2022-12-19 15:22:58] INFO     BIST:Header (ok)
[2022-12-19 15:23:09] INFO     BIST:Header (ok)
[2022-12-19 15:23:21] INFO     BIST:Header (ok)
[2022-12-19 15:23:32] INFO     BIST:Header (ok)
[2022-12-19 15:23:44] INFO     BIST:Header (ok)
[2022-12-19 15:23:56] INFO     BIST:Header (ok)
[2022-12-19 15:24:07] INFO     BIST:Header (ok)
[2022-12-19 15:24:19] INFO     BIST:Header (ok)
[2022-12-19 15:24:31] INFO     BIST:Header (ok)
[2022-12-19 15:24:42] INFO     BIST:Header (ok)
[2022-12-19 15:24:54] INFO     BIST:Header (ok)
[2022-12-19 15:25:05] INFO     BIST:Header (ok)
[2022-12-19 15:25:17] INFO     BIST:Header (ok)
[2022-12-19 15:25:29] INFO     BIST:Header (ok)
[2022-12-19 15:25:40] INFO     BIST:Header (ok)
[2022-12-19 15:25:52] INFO     BIST:Header (ok)
[2022-12-19 15:26:03] INFO     BIST:Header (ok)
[2022-12-19 15:26:15] INFO     BIST:Header (ok)
[2022-12-19 15:26:27] INFO     BIST:Header (ok)
[2022-12-19 15:26:38] INFO     BIST:Header (ok)
[2022-12-19 15:26:50] INFO     BIST:Header (ok)
[2022-12-19 15:27:01] INFO     BIST:Header (ok)
[2022-12-19 15:27:13] INFO     BIST:Header (ok)
[2022-12-19 15:27:25] INFO     BIST:Header (ok)
[2022-12-19 15:27:36] INFO     BIST:Header (ok)
[2022-12-19 15:27:48] INFO     BIST:Header (ok)
[2022-12-19 15:28:00] INFO     BIST:Header (ok)
[2022-12-19 15:28:11] INFO     BIST:Header (ok)
[2022-12-19 15:28:23] INFO     BIST:Header (ok)
[2022-12-19 15:28:34] INFO     BIST:Header (ok)
[2022-12-19 15:28:46] INFO     BIST:Header (ok)
[2022-12-19 15:28:58] INFO     BIST:Header (ok)
[2022-12-19 15:29:09] INFO     BIST:Header (ok)
[2022-12-19 15:29:21] INFO     BIST:Header (ok)
[2022-12-19 15:29:32] INFO     BIST:Header (ok)
[2022-12-19 15:29:44] INFO     BIST:Header (ok)
[2022-12-19 15:29:56] INFO     BIST:Header (ok)
[2022-12-19 15:30:07] INFO     BIST:Header (ok)
[2022-12-19 15:30:19] INFO     BIST:Header (ok)
[2022-12-19 15:30:31] INFO     BIST:Header (ok)
[2022-12-19 15:30:42] INFO     BIST:Header (ok)
[2022-12-19 15:30:54] INFO     BIST:Header (ok)
[2022-12-19 15:31:05] INFO     BIST:Header (ok)
[2022-12-19 15:31:17] INFO     BIST:Header (ok)
[2022-12-19 15:31:29] INFO     BIST:Header (ok)
[2022-12-19 15:31:40] INFO     BIST:Header (ok)
[2022-12-19 15:31:52] INFO     BIST:Header (ok)
[2022-12-19 15:32:03] INFO     BIST:Header (ok)
[2022-12-19 15:32:15] INFO     BIST:Header (ok)
[2022-12-19 15:32:27] INFO     BIST:Header (ok)
[2022-12-19 15:32:38] INFO     BIST:Header (ok)
[2022-12-19 15:32:50] INFO     BIST:Header (ok)
[2022-12-19 15:33:01] INFO     BIST:Header (ok)
[2022-12-19 15:33:13] INFO     BIST:Header (ok)
[2022-12-19 15:33:25] INFO     BIST:Header (ok)
[2022-12-19 15:33:36] INFO     BIST:Header (ok)
[2022-12-19 15:33:48] INFO     BIST:Header (ok)
[2022-12-19 15:34:00] INFO     BIST:Header (ok)
[2022-12-19 15:34:11] INFO     BIST:Header (ok)
[2022-12-19 15:34:23] INFO     BIST:Header (ok)
[2022-12-19 15:34:34] INFO     BIST:Header (ok)
[2022-12-19 15:34:46] INFO     BIST:Header (ok)
[2022-12-19 15:34:58] INFO     BIST:Header (ok)
[2022-12-19 15:35:09] INFO     BIST:Header (ok)
[2022-12-19 15:35:21] INFO     BIST:Header (ok)
[2022-12-19 15:35:32] INFO     BIST:Header (ok)
[2022-12-19 15:35:44] INFO     BIST:Header (ok)
[2022-12-19 15:35:56] INFO     BIST:Header (ok)
[2022-12-19 15:36:07] INFO     BIST:Header (ok)
[2022-12-19 15:36:19] INFO     BIST:Header (ok)
[2022-12-19 15:36:30] INFO     BIST:Header (ok)
[2022-12-19 15:36:42] INFO     BIST:Header (ok)
[2022-12-19 15:36:54] INFO     BIST:Header (ok)
[2022-12-19 15:37:05] INFO     BIST:Header (ok)
[2022-12-19 15:37:17] INFO     BIST:Header (ok)
[2022-12-19 15:37:29] INFO     BIST:Header (ok)
[2022-12-19 15:37:40] INFO     BIST:Header (ok)
[2022-12-19 15:37:52] INFO     BIST:Header (ok)
[2022-12-19 15:38:03] INFO     BIST:Header (ok)
[2022-12-19 15:38:15] INFO     BIST:Header (ok)
[2022-12-19 15:38:27] INFO     BIST:Header (ok)
[2022-12-19 15:38:38] INFO     BIST:Header (ok)
[2022-12-19 15:38:50] INFO     BIST:Header (ok)
[2022-12-19 15:39:01] INFO     BIST:Header (ok)
[2022-12-19 15:39:13] INFO     BIST:Header (ok)
[2022-12-19 15:39:25] INFO     BIST:Header (ok)
[2022-12-19 15:39:36] INFO     BIST:Header (ok)
[2022-12-19 15:39:48] INFO     BIST:Header (ok)
[2022-12-19 15:39:59] INFO     BIST:Header (ok)
[2022-12-19 15:40:11] INFO     BIST:Header (ok)
[2022-12-19 15:40:23] INFO     BIST:Header (ok)
[2022-12-19 15:40:34] INFO     BIST:Header (ok)
[2022-12-19 15:40:46] INFO     BIST:Header (ok)
[2022-12-19 15:40:58] INFO     BIST:Header (ok)
[2022-12-19 15:41:09] INFO     BIST:Header (ok)
[2022-12-19 15:41:21] INFO     BIST:Header (ok)
[2022-12-19 15:41:32] INFO     BIST:Header (ok)
[2022-12-19 15:41:44] INFO     BIST:Header (ok)
[2022-12-19 15:41:56] INFO     BIST:Header (ok)
[2022-12-19 15:42:07] INFO     BIST:Header (ok)
[2022-12-19 15:42:19] INFO     BIST:Header (ok)
[2022-12-19 15:42:30] INFO     BIST:Header (ok)
[2022-12-19 15:42:42] INFO     BIST:Header (ok)
[2022-12-19 15:42:54] INFO     BIST:Header (ok)
[2022-12-19 15:43:05] INFO     BIST:Header (ok)
[2022-12-19 15:43:17] INFO     BIST:Header (ok)
[2022-12-19 15:43:28] INFO     BIST:Header (ok)
[2022-12-19 15:43:40] INFO     BIST:Header (ok)
[2022-12-19 15:43:52] INFO     BIST:Header (ok)
[2022-12-19 15:44:03] INFO     BIST:Header (ok)
[2022-12-19 15:44:15] INFO     BIST:Header (ok)
[2022-12-19 15:44:27] INFO     BIST:Header (ok)
[2022-12-19 15:44:38] INFO     BIST:Header (ok)
[2022-12-19 15:44:50] INFO     BIST:Header (ok)
[2022-12-19 15:45:01] INFO     BIST:Header (ok)
[2022-12-19 15:45:13] INFO     BIST:Header (ok)
[2022-12-19 15:45:25] INFO     BIST:Header (ok)
[2022-12-19 15:45:36] INFO     BIST:Header (ok)
[2022-12-19 15:45:48] INFO     BIST:Header (ok)
[2022-12-19 15:45:59] INFO     BIST:Header (ok)
[2022-12-19 15:46:11] INFO     BIST:Header (ok)
[2022-12-19 15:46:23] INFO     BIST:Header (ok)
[2022-12-19 15:46:34] INFO     BIST:Header (ok)
[2022-12-19 15:46:46] INFO     BIST:Header (ok)
[2022-12-19 15:46:57] INFO     BIST:Header (ok)
[2022-12-19 15:47:09] INFO     BIST:Header (ok)
[2022-12-19 15:47:21] INFO     BIST:Header (ok)
[2022-12-19 15:47:32] INFO     BIST:Header (ok)
[2022-12-19 15:47:44] INFO     BIST:Header (ok)
[2022-12-19 15:47:56] INFO     BIST:Header (ok)
[2022-12-19 15:48:07] INFO     BIST:Header (ok)
[2022-12-19 15:48:19] INFO     BIST:Header (ok)
[2022-12-19 15:48:30] INFO     BIST:Header (ok)
[2022-12-19 15:48:42] INFO     BIST:Header (ok)
[2022-12-19 15:48:54] INFO     BIST:Header (ok)
[2022-12-19 15:49:05] INFO     BIST:Header (ok)
[2022-12-19 15:49:17] INFO     BIST:Header (ok)
[2022-12-19 15:49:28] INFO     BIST:Header (ok)
[2022-12-19 15:49:40] INFO     BIST:Header (ok)
[2022-12-19 15:49:52] INFO     BIST:Header (ok)
[2022-12-19 15:50:03] INFO     BIST:Header (ok)
[2022-12-19 15:50:15] INFO     BIST:Header (ok)
[2022-12-19 15:50:27] INFO     BIST:Header (ok)
[2022-12-19 15:50:38] INFO     BIST:Header (ok)
[2022-12-19 15:50:50] INFO     BIST:Header (ok)
[2022-12-19 15:51:01] INFO     BIST:Header (ok)
[2022-12-19 15:51:13] INFO     BIST:Header (ok)
[2022-12-19 15:51:25] INFO     BIST:Header (ok)
[2022-12-19 15:51:36] INFO     BIST:Header (ok)
[2022-12-19 15:51:48] INFO     BIST:Header (ok)
[2022-12-19 15:51:59] INFO     BIST:Header (ok)
[2022-12-19 15:52:11] INFO     BIST:Header (ok)
[2022-12-19 15:52:23] INFO     BIST:Header (ok)
[2022-12-19 15:52:34] INFO     BIST:Header (ok)
[2022-12-19 15:52:46] INFO     BIST:Header (ok)
[2022-12-19 15:52:57] INFO     BIST:Header (ok)
[2022-12-19 15:53:09] INFO     BIST:Header (ok)
[2022-12-19 15:53:21] INFO     BIST:Header (ok)
[2022-12-19 15:53:32] INFO     BIST:Header (ok)
[2022-12-19 15:53:44] INFO     BIST:Header (ok)
[2022-12-19 15:53:56] INFO     BIST:Header (ok)
[2022-12-19 15:54:07] INFO     BIST:Header (ok)
[2022-12-19 15:54:19] INFO     BIST:Header (ok)
[2022-12-19 15:54:30] INFO     BIST:Header (ok)
[2022-12-19 15:54:42] INFO     BIST:Header (ok)
[2022-12-19 15:54:54] INFO     BIST:Header (ok)
[2022-12-19 15:55:05] INFO     BIST:Header (ok)
[2022-12-19 15:55:17] INFO     BIST:Header (ok)
[2022-12-19 15:55:28] INFO     BIST:Header (ok)
[2022-12-19 15:55:40] INFO     BIST:Header (ok)
[2022-12-19 15:55:52] INFO     BIST:Header (ok)
[2022-12-19 15:56:03] INFO     BIST:Header (ok)
[2022-12-19 15:56:15] INFO     BIST:Header (ok)
[2022-12-19 15:56:26] INFO     BIST:Header (ok)
[2022-12-19 15:56:38] INFO     BIST:Header (ok)
[2022-12-19 15:56:50] INFO     BIST:Header (ok)
[2022-12-19 15:57:01] INFO     BIST:Header (ok)
[2022-12-19 15:57:13] INFO     BIST:Header (ok)
[2022-12-19 15:57:25] INFO     BIST:Header (ok)
[2022-12-19 15:57:36] INFO     BIST:Header (ok)
[2022-12-19 15:57:48] INFO     BIST:Header (ok)
[2022-12-19 15:57:59] INFO     BIST:Header (ok)
[2022-12-19 15:58:11] INFO     BIST:Header (ok)
[2022-12-19 15:58:23] INFO     BIST:Header (ok)
[2022-12-19 15:58:34] INFO     BIST:Header (ok)
[2022-12-19 15:58:46] INFO     BIST:Header (ok)
[2022-12-19 15:58:57] INFO     BIST:Header (ok)
[2022-12-19 15:59:09] INFO     BIST:Header (ok)
[2022-12-19 15:59:21] INFO     BIST:Header (ok)
[2022-12-19 15:59:32] INFO     BIST:Header (ok)
[2022-12-19 15:59:42] ERROR    BIST:Data Errors (941,0,0:941/1-0) 940         1159          0
         941
[2022-12-19 15:59:48] INFO     BIST:Header (err 1)
[2022-12-19 16:00:00] INFO     BIST:Header (ok)
[2022-12-19 16:00:12] INFO     BIST:Header (ok)
[2022-12-19 16:00:23] INFO     BIST:Header (ok)
[2022-12-19 16:00:35] INFO     BIST:Header (ok)
[2022-12-19 16:00:46] INFO     BIST:Header (ok)
[2022-12-19 16:00:58] INFO     BIST:Header (ok)
[2022-12-19 16:01:10] INFO     BIST:Header (ok)
[2022-12-19 16:01:21] INFO     BIST:Header (ok)
[2022-12-19 16:01:33] INFO     BIST:Header (ok)
[2022-12-19 16:01:44] INFO     BIST:Header (ok)
[2022-12-19 16:01:56] INFO     BIST:Header (ok)
[2022-12-19 16:02:08] INFO     BIST:Header (ok)
[2022-12-19 16:02:19] INFO     BIST:Header (ok)
[2022-12-19 16:02:31] INFO     BIST:Header (ok)
[2022-12-19 16:02:42] INFO     BIST:Header (ok)
[2022-12-19 16:02:54] INFO     BIST:Header (ok)
[2022-12-19 16:03:06] INFO     BIST:Header (ok)
[2022-12-19 16:03:17] INFO     BIST:Header (ok)
[2022-12-19 16:03:29] INFO     BIST:Header (ok)
[2022-12-19 16:03:41] INFO     BIST:Header (ok)
[2022-12-19 16:03:52] INFO     BIST:Header (ok)
[2022-12-19 16:04:04] INFO     BIST:Header (ok)
[2022-12-19 16:04:15] INFO     BIST:Header (ok)
[2022-12-19 16:04:27] INFO     BIST:Header (ok)
[2022-12-19 16:04:39] INFO     BIST:Header (ok)
[2022-12-19 16:04:50] INFO     BIST:Header (ok)
[2022-12-19 16:05:02] INFO     BIST:Header (ok)
[2022-12-19 16:05:13] INFO     BIST:Header (ok)
[2022-12-19 16:05:25] INFO     BIST:Header (ok)
[2022-12-19 16:05:37] INFO     BIST:Header (ok)
[2022-12-19 16:05:48] INFO     BIST:Header (ok)
[2022-12-19 16:06:00] INFO     BIST:Header (ok)
[2022-12-19 16:06:11] INFO     BIST:Header (ok)
[2022-12-19 16:06:23] INFO     BIST:Header (ok)
[2022-12-19 16:06:35] INFO     BIST:Header (ok)
[2022-12-19 16:06:46] INFO     BIST:Header (ok)
[2022-12-19 16:06:58] INFO     BIST:Header (ok)
[2022-12-19 16:07:10] INFO     BIST:Header (ok)
[2022-12-19 16:07:21] INFO     BIST:Header (ok)
[2022-12-19 16:07:33] INFO     BIST:Header (ok)
[2022-12-19 16:07:44] INFO     BIST:Header (ok)
[2022-12-19 16:07:56] INFO     BIST:Header (ok)
[2022-12-19 16:08:08] INFO     BIST:Header (ok)
[2022-12-19 16:08:19] INFO     BIST:Header (ok)
[2022-12-19 16:08:31] INFO     BIST:Header (ok)
[2022-12-19 16:08:42] INFO     BIST:Header (ok)
[2022-12-19 16:08:54] INFO     BIST:Header (ok)
[2022-12-19 16:09:06] INFO     BIST:Header (ok)
[2022-12-19 16:09:17] INFO     BIST:Header (ok)
[2022-12-19 16:09:29] INFO     BIST:Header (ok)
[2022-12-19 16:09:40] INFO     BIST:Header (ok)
[2022-12-19 16:09:52] INFO     BIST:Header (ok)
[2022-12-19 16:10:04] INFO     BIST:Header (ok)
[2022-12-19 16:10:15] INFO     BIST:Header (ok)
[2022-12-19 16:10:27] INFO     BIST:Header (ok)
[2022-12-19 16:10:39] INFO     BIST:Header (ok)
[2022-12-19 16:10:50] INFO     BIST:Header (ok)
[2022-12-19 16:11:02] INFO     BIST:Header (ok)
[2022-12-19 16:11:13] INFO     BIST:Header (ok)
[2022-12-19 16:11:25] INFO     BIST:Header (ok)
[2022-12-19 16:11:37] INFO     BIST:Header (ok)
[2022-12-19 16:11:48] INFO     BIST:Header (ok)
[2022-12-19 16:12:00] INFO     BIST:Header (ok)
[2022-12-19 16:12:11] INFO     BIST:Header (ok)
[2022-12-19 16:12:23] INFO     BIST:Header (ok)
[2022-12-19 16:12:35] INFO     BIST:Header (ok)
[2022-12-19 16:12:46] INFO     BIST:Header (ok)
[2022-12-19 16:12:58] INFO     BIST:Header (ok)
[2022-12-19 16:13:09] INFO     BIST:Header (ok)
[2022-12-19 16:13:21] INFO     BIST:Header (ok)
[2022-12-19 16:13:33] INFO     BIST:Header (ok)
[2022-12-19 16:13:44] INFO     BIST:Header (ok)
[2022-12-19 16:13:56] INFO     BIST:Header (ok)
[2022-12-19 16:14:08] INFO     BIST:Header (ok)
[2022-12-19 16:14:19] INFO     BIST:Header (ok)
[2022-12-19 16:14:31] INFO     BIST:Header (ok)
[2022-12-19 16:14:42] INFO     BIST:Header (ok)
[2022-12-19 16:14:49] ERROR    BIST:Data Errors (144,0,0:144/1-1) 88
         940          940         144
[2022-12-19 16:14:51] ERROR    BIST:Data Errors (796,0,0:796/2-2) 6       3258
         941          940
[2022-12-19 16:14:58] INFO     BIST:Header (err 2)
[2022-12-19 16:14:59] ERROR    BIST:Data Errors (2318,0,0:2318/1-3) 941          940          667       3258
[2022-12-19 16:15:10] INFO     BIST:Header (err 1)
[2022-12-19 16:15:21] INFO     BIST:Header (ok)
[2022-12-19 16:15:33] INFO     BIST:Header (ok)
[2022-12-19 16:15:44] INFO     BIST:Header (ok)
[2022-12-19 16:15:56] INFO     BIST:Header (ok)
[2022-12-19 16:16:08] INFO     BIST:Header (ok)
[2022-12-19 16:16:19] INFO     BIST:Header (ok)
[2022-12-19 16:16:31] INFO     BIST:Header (ok)
[2022-12-19 16:16:43] INFO     BIST:Header (ok)
[2022-12-19 16:16:54] INFO     BIST:Header (ok)
[2022-12-19 16:17:06] INFO     BIST:Header (ok)
[2022-12-19 16:17:17] INFO     BIST:Header (ok)
[2022-12-19 16:17:25] ERROR    BIST:Data Errors (2991,0,0:2991/1-4) 258
         941          940         2994
[2022-12-19 16:17:26] ERROR    BIST:Data Errors (474,0,0:474/2-5) 3258
         941          940         3468
[2022-12-19 16:17:28] ERROR    BIST:Data Errors (474,0,0:474/3-6) 3258
         941          940         3942
[2022-12-19 16:17:29] INFO     BIST:Header (err 3)
[2022-12-19 16:17:30] ERROR    BIST:Data Errors (2938,0,0:2938/1-7) 941          940          794       3258
[2022-12-19 16:17:41] INFO     BIST:Header (err 1)
[2022-12-19 16:17:52] INFO     BIST:Header (ok)
[2022-12-19 16:18:04] INFO     BIST:Header (ok)
[2022-12-19 16:18:15] INFO     BIST:Header (ok)
[2022-12-19 16:18:27] INFO     BIST:Header (ok)
[2022-12-19 16:18:39] INFO     BIST:Header (ok)
[2022-12-19 16:18:50] INFO     BIST:Header (ok)
[2022-12-19 16:19:02] INFO     BIST:Header (ok)
[2022-12-19 16:19:13] INFO     BIST:Header (ok)
[2022-12-19 16:19:25] INFO     BIST:Header (ok)
[2022-12-19 16:19:37] INFO     BIST:Header (ok)
[2022-12-19 16:19:48] INFO     BIST:Header (ok)
[2022-12-19 16:20:00] INFO     BIST:Header (ok)
[2022-12-19 16:20:12] INFO     BIST:Header (ok)
[2022-12-19 16:20:23] INFO     BIST:Header (ok)
[2022-12-19 16:20:30] ERROR    BIST:Data Errors (2202,0,0:2202/1-8) 258
         941          940         2205
[2022-12-19 16:20:32] ERROR    BIST:Data Errors (474,0,0:474/2-9) 3258
         941          940         2679
[2022-12-19 16:20:33] ERROR    BIST:Data Errors (474,0,0:474/3-10) 3258
         941          940         3153
[2022-12-19 16:20:35] ERROR    BIST:Data Errors (474,0,0:474/4-11) 3258
         941          940         3627
[2022-12-19 16:20:35] INFO     BIST:Header (err 4)
[2022-12-19 16:20:46] INFO     BIST:Header (ok)
[2022-12-19 16:20:58] INFO     BIST:Header (ok)
[2022-12-19 16:21:10] INFO     BIST:Header (ok)
[2022-12-19 16:21:21] INFO     BIST:Header (ok)
[2022-12-19 16:21:33] INFO     BIST:Header (ok)
[2022-12-19 16:21:40] ERROR    BIST:Data Errors (48,0,0:48/1-12) 8
         941          940          373
[2022-12-19 16:21:42] ERROR    BIST:Data Errors (474,0,0:474/2-13) 3258
         941          940          847
[2022-12-19 16:21:43] ERROR    BIST:Data Errors (474,0,0:474/3-14) 3258
         941          940         1321
[2022-12-19 16:21:44] ERROR    BIST:Data Errors (474,0,0:474/4-15) 3258
         941          940         1795
[2022-12-19 16:21:44] INFO     BIST:Header (err 4)
[2022-12-19 16:21:46] ERROR    BIST:Data Errors (1463,0,0:1463/5-16) 941          940         2269       3258
[2022-12-19 16:21:56] INFO     BIST:Header (err 1)
[2022-12-19 16:22:08] INFO     BIST:Header (ok)
[2022-12-19 16:22:19] INFO     BIST:Header (ok)
[2022-12-19 16:22:31] INFO     BIST:Header (ok)
[2022-12-19 16:22:43] INFO     BIST:Header (ok)
[2022-12-19 16:22:54] INFO     BIST:Header (ok)
[2022-12-19 16:23:06] INFO     BIST:Header (ok)
[2022-12-19 16:23:17] INFO     BIST:Header (ok)
[2022-12-19 16:23:29] INFO     BIST:Header (ok)
[2022-12-19 16:23:41] INFO     BIST:Header (ok)
[2022-12-19 16:23:52] INFO     BIST:Header (ok)
[2022-12-19 16:23:59] ERROR    BIST:Data Errors (798,0,0:798/1-17) 258
         941          940          801
[2022-12-19 16:24:01] ERROR    BIST:Data Errors (474,0,0:474/2-18) 3258
         941          940         1275
[2022-12-19 16:24:02] ERROR    BIST:Data Errors (473,0,0:473/3-19) 3258
         941          940         1748
[2022-12-19 16:24:04] ERROR    BIST:Data Errors (474,0,0:474/4-20) 3258
         941          940         2222
[2022-12-19 16:24:04] INFO     BIST:Header (err 4)
[2022-12-19 16:24:05] ERROR    BIST:Data Errors (1036,0,0:1036/5-21) 941          940         2696       3258
[2022-12-19 16:24:15] INFO     BIST:Header (err 1)
[2022-12-19 16:24:27] INFO     BIST:Header (ok)
[2022-12-19 16:24:39] INFO     BIST:Header (ok)
[2022-12-19 16:24:50] INFO     BIST:Header (ok)
[2022-12-19 16:25:02] INFO     BIST:Header (ok)
[2022-12-19 16:25:13] INFO     BIST:Header (ok)
[2022-12-19 16:25:25] INFO     BIST:Header (ok)
[2022-12-19 16:25:37] INFO     BIST:Header (ok)
[2022-12-19 16:25:48] INFO     BIST:Header (ok)
[2022-12-19 16:26:00] INFO     BIST:Header (ok)
[2022-12-19 16:26:12] INFO     BIST:Header (ok)
[2022-12-19 16:26:23] INFO     BIST:Header (ok)
[2022-12-19 16:26:35] INFO     BIST:Header (ok)
[2022-12-19 16:26:46] INFO     BIST:Header (ok)
[2022-12-19 16:26:58] INFO     BIST:Header (ok)
[2022-12-19 16:27:10] INFO     BIST:Header (ok)
[2022-12-19 16:27:21] INFO     BIST:Header (ok)
[2022-12-19 16:27:33] INFO     BIST:Header (ok)
[2022-12-19 16:27:44] INFO     BIST:Header (ok)
[2022-12-19 16:27:56] INFO     BIST:Header (ok)
[2022-12-19 16:28:08] INFO     BIST:Header (ok)
[2022-12-19 16:28:19] INFO     BIST:Header (ok)
[2022-12-19 16:28:31] INFO     BIST:Header (ok)
[2022-12-19 16:28:42] INFO     BIST:Header (ok)
[2022-12-19 16:28:50] ERROR    BIST:Data Errors (1357,0,0:1357/1-22) 258
         941          940         1360
[2022-12-19 16:28:51] ERROR    BIST:Data Errors (474,0,0:474/2-23) 3258
         941          940         1834
[2022-12-19 16:28:53] ERROR    BIST:Data Errors (473,0,0:473/3-24) 3258
         941          940         2307
[2022-12-19 16:28:54] ERROR    BIST:Data Errors (474,0,0:474/4-25) 3258
         941          940         2781
[2022-12-19 16:28:54] INFO     BIST:Header (err 4)
[2022-12-19 16:28:56] ERROR    BIST:Data Errors (477,0,0:477/5-26) 941          940         3255       3258
[2022-12-19 16:29:06] INFO     BIST:Header (err 1)
[2022-12-19 16:29:17] INFO     BIST:Header (ok)
[2022-12-19 16:29:29] INFO     BIST:Header (ok)
[2022-12-19 16:29:30] ERROR    BIST:Data Errors (2933,0,0:2933/1-27) 941          940         2339       3258
[2022-12-19 16:29:41] INFO     BIST:Header (err 1)
[2022-12-19 16:29:52] INFO     BIST:Header (ok)
[2022-12-19 16:30:04] INFO     BIST:Header (ok)
[2022-12-19 16:30:15] INFO     BIST:Header (ok)
[2022-12-19 16:30:27] INFO     BIST:Header (ok)
[2022-12-19 16:30:39] INFO     BIST:Header (ok)
[2022-12-19 16:30:50] INFO     BIST:Header (ok)
[2022-12-19 16:31:02] INFO     BIST:Header (ok)
[2022-12-19 16:31:03] ERROR    BIST:Data Errors (2933,0,0:2933/1-28) 941          940         3993       3258
[2022-12-19 16:31:13] INFO     BIST:Header (err 1)
[2022-12-19 16:31:25] INFO     BIST:Header (ok)
[2022-12-19 16:31:37] INFO     BIST:Header (ok)
[2022-12-19 16:31:48] INFO     BIST:Header (ok)
[2022-12-19 16:32:00] INFO     BIST:Header (ok)
[2022-12-19 16:32:11] INFO     BIST:Header (ok)
[2022-12-19 16:32:23] INFO     BIST:Header (ok)
[2022-12-19 16:32:35] INFO     BIST:Header (ok)
[2022-12-19 16:32:46] INFO     BIST:Header (ok)
[2022-12-19 16:32:58] INFO     BIST:Header (ok)
[2022-12-19 16:33:10] INFO     BIST:Header (ok)
[2022-12-19 16:33:21] INFO     BIST:Header (ok)
[2022-12-19 16:33:33] INFO     BIST:Header (ok)
[2022-12-19 16:33:44] INFO     BIST:Header (ok)
[2022-12-19 16:33:56] INFO     BIST:Header (ok)
[2022-12-19 16:34:08] INFO     BIST:Header (ok)
[2022-12-19 16:34:19] INFO     BIST:Header (ok)
[2022-12-19 16:34:31] INFO     BIST:Header (ok)
[2022-12-19 16:34:42] INFO     BIST:Header (ok)
[2022-12-19 16:34:54] INFO     BIST:Header (ok)
[2022-12-19 16:35:06] INFO     BIST:Header (ok)
[2022-12-19 16:35:17] INFO     BIST:Header (ok)
[2022-12-19 16:35:29] INFO     BIST:Header (ok)
[2022-12-19 16:35:40] INFO     BIST:Header (ok)
[2022-12-19 16:35:52] INFO     BIST:Header (ok)
[2022-12-19 16:36:04] INFO     BIST:Header (ok)
[2022-12-19 16:36:15] INFO     BIST:Header (ok)
[2022-12-19 16:36:27] INFO     BIST:Header (ok)
[2022-12-19 16:36:39] INFO     BIST:Header (ok)
[2022-12-19 16:36:50] INFO     BIST:Header (ok)
[2022-12-19 16:37:02] INFO     BIST:Header (ok)
[2022-12-19 16:37:13] INFO     BIST:Header (ok)
[2022-12-19 16:37:25] INFO     BIST:Header (ok)
[2022-12-19 16:37:37] INFO     BIST:Header (ok)
[2022-12-19 16:37:48] INFO     BIST:Header (ok)
[2022-12-19 16:38:00] INFO     BIST:Header (ok)
[2022-12-19 16:38:11] INFO     BIST:Header (ok)
[2022-12-19 16:38:23] INFO     BIST:Header (ok)
[2022-12-19 16:38:35] INFO     BIST:Header (ok)
[2022-12-19 16:38:46] INFO     BIST:Header (ok)
[2022-12-19 16:38:58] INFO     BIST:Header (ok)
[2022-12-19 16:39:10] INFO     BIST:Header (ok)
[2022-12-19 16:39:21] INFO     BIST:Header (ok)
[2022-12-19 16:39:33] INFO     BIST:Header (ok)
[2022-12-19 16:39:44] INFO     BIST:Header (ok)
[2022-12-19 16:39:56] INFO     BIST:Header (ok)
[2022-12-19 16:40:08] INFO     BIST:Header (ok)
[2022-12-19 16:40:19] INFO     BIST:Header (ok)
[2022-12-19 16:40:31] INFO     BIST:Header (ok)
[2022-12-19 16:40:42] INFO     BIST:Header (ok)
[2022-12-19 16:40:54] INFO     BIST:Header (ok)
[2022-12-19 16:41:06] INFO     BIST:Header (ok)
[2022-12-19 16:41:17] INFO     BIST:Header (ok)
[2022-12-19 16:41:29] INFO     BIST:Header (ok)
[2022-12-19 16:41:40] INFO     BIST:Header (ok)
[2022-12-19 16:41:52] INFO     BIST:Header (ok)
[2022-12-19 16:42:04] INFO     BIST:Header (ok)
[2022-12-19 16:42:15] INFO     BIST:Header (ok)
[2022-12-19 16:42:27] INFO     BIST:Header (ok)
[2022-12-19 16:42:39] INFO     BIST:Header (ok)
[2022-12-19 16:42:50] INFO     BIST:Header (ok)
[2022-12-19 16:43:02] INFO     BIST:Header (ok)
[2022-12-19 16:43:13] INFO     BIST:Header (ok)
[2022-12-19 16:43:25] INFO     BIST:Header (ok)
[2022-12-19 16:43:37] INFO     BIST:Header (ok)
[2022-12-19 16:43:48] INFO     BIST:Header (ok)
[2022-12-19 16:44:00] INFO     BIST:Header (ok)
[2022-12-19 16:44:11] INFO     BIST:Header (ok)
[2022-12-19 16:44:23] INFO     BIST:Header (ok)
[2022-12-19 16:44:35] INFO     BIST:Header (ok)
[2022-12-19 16:44:46] INFO     BIST:Header (ok)
[2022-12-19 16:44:58] INFO     BIST:Header (ok)
[2022-12-19 16:45:09] INFO     BIST:Header (ok)
[2022-12-19 16:45:21] INFO     BIST:Header (ok)
[2022-12-19 16:45:33] INFO     BIST:Header (ok)
[2022-12-19 16:45:44] INFO     BIST:Header (ok)
[2022-12-19 16:45:46] ERROR    BIST:Data Errors (3255,0,0:3255/1-29) 941          940         1268       3258
[2022-12-19 16:45:56] INFO     BIST:Header (err 1)
[2022-12-19 16:46:08] INFO     BIST:Header (ok)
[2022-12-19 16:46:19] INFO     BIST:Header (ok)
[2022-12-19 16:46:26] ERROR    BIST:Data Errors (2245,0,0:2245/1-30) 258
         941          940         2248
[2022-12-19 16:46:28] ERROR    BIST:Data Errors (474,0,0:474/2-31) 3258
         941          940         2722
[2022-12-19 16:46:29] ERROR    BIST:Data Errors (473,0,0:473/3-32) 3258
         941          940         3195
[2022-12-19 16:46:31] ERROR    BIST:Data Errors (474,0,0:474/4-33) 3258
         941          940         3669
[2022-12-19 16:46:31] INFO     BIST:Header (err 4)
[2022-12-19 16:46:42] INFO     BIST:Header (ok)
[2022-12-19 16:46:54] INFO     BIST:Header (ok)
[2022-12-19 16:47:06] INFO     BIST:Header (ok)
[2022-12-19 16:47:17] INFO     BIST:Header (ok)
[2022-12-19 16:47:29] INFO     BIST:Header (ok)
[2022-12-19 16:47:40] INFO     BIST:Header (ok)
[2022-12-19 16:47:49] ERROR    BIST:Data Errors (473,0,0:473/1-34) 3258
         941          940          584
[2022-12-19 16:47:51] ERROR    BIST:Data Errors (474,0,0:474/2-35) 3258
         941          940         1058
[2022-12-19 16:47:52] ERROR    BIST:Data Errors (474,0,0:474/3-36) 3258
         941          940         1532
[2022-12-19 16:47:52] INFO     BIST:Header (err 3)
[2022-12-19 16:47:53] ERROR    BIST:Data Errors (1726,0,0:1726/4-37) 941          940         2006       3258
[2022-12-19 16:48:04] INFO     BIST:Header (err 1)
[2022-12-19 16:48:15] INFO     BIST:Header (ok)
[2022-12-19 16:48:27] INFO     BIST:Header (ok)
[2022-12-19 16:48:38] INFO     BIST:Header (ok)
[2022-12-19 16:48:50] INFO     BIST:Header (ok)
[2022-12-19 16:49:02] INFO     BIST:Header (ok)
[2022-12-19 16:49:13] INFO     BIST:Header (ok)
[2022-12-19 16:49:25] INFO     BIST:Header (ok)
[2022-12-19 16:49:37] INFO     BIST:Header (ok)
[2022-12-19 16:49:48] INFO     BIST:Header (ok)
[2022-12-19 16:50:00] INFO     BIST:Header (ok)
[2022-12-19 16:50:07] ERROR    BIST:Data Errors (540,0,0:540/1-38) 258
         941          940          543
[2022-12-19 16:50:08] ERROR    BIST:Data Errors (474,0,0:474/2-39) 3258
         941          940         1017
[2022-12-19 16:50:10] ERROR    BIST:Data Errors (473,0,0:473/3-40) 3258
         941          940         1490
[2022-12-19 16:50:11] ERROR    BIST:Data Errors (474,0,0:474/4-41) 3258
         941          940         1964
[2022-12-19 16:50:11] INFO     BIST:Header (err 4)
[2022-12-19 16:50:13] ERROR    BIST:Data Errors (1294,0,0:1294/5-42) 941          940         2438       3258
[2022-12-19 16:50:23] INFO     BIST:Header (err 1)
[2022-12-19 16:50:35] INFO     BIST:Header (ok)
[2022-12-19 16:50:46] INFO     BIST:Header (ok)
[2022-12-19 16:50:58] INFO     BIST:Header (ok)
[2022-12-19 16:51:09] INFO     BIST:Header (ok)
[2022-12-19 16:51:21] INFO     BIST:Header (ok)
[2022-12-19 16:51:33] INFO     BIST:Header (ok)
[2022-12-19 16:51:44] INFO     BIST:Header (ok)
[2022-12-19 16:51:56] INFO     BIST:Header (ok)
[2022-12-19 16:52:18] ERROR    UART:expect timeout (delay 15s)
[2022-12-19 16:52:18] INFO     STATE:Terminal Recovery State
[2022-12-19 16:52:18] INFO     UART:Serial port /dev/ttyUSB7 closed
[2022-12-19 16:52:21] INFO     UART:Searching for ttyUSB device (Attempt 1)
[2022-12-19 16:52:21] INFO     UART:Found tty device:/dev/ttyUSB7
[2022-12-19 16:52:21] INFO     UART:Serial port /dev/ttyUSB7 open
[2022-12-19 16:52:31] ERROR    UART:expect timeout (delay 10s)
[2022-12-19 16:52:31] INFO     STATE:Reset Recovery State
[2022-12-19 16:52:31] INFO     UARTBONE I ADDR=00001358
[2022-12-19 16:52:31] INFO     Issuing UART bone reset
[2022-12-19 16:52:32] INFO     UARTBONE I ADDR=000001F8
[2022-12-19 16:52:32] INFO     STATE:LiteX Login State
[2022-12-19 16:52:32] INFO     STATE:Start BIST State
[2022-12-19 16:52:32] INFO     STATE:BIST Execution State
[2022-12-19 16:52:32] INFO     BIST:Bad title line (1):8192 1 0 2
[2022-12-19 16:52:32] INFO     BIST:Header (first)
[2022-12-19 16:52:44] INFO     BIST:Header (ok)
[2022-12-19 16:52:56] INFO     BIST:Header (ok)
[2022-12-19 16:53:07] INFO     BIST:Header (ok)
[2022-12-19 16:53:19] INFO     BIST:Header (ok)
[2022-12-19 16:53:30] INFO     BIST:Header (ok)
[2022-12-19 16:53:42] INFO     BIST:Header (ok)
[2022-12-19 16:53:54] INFO     BIST:Header (ok)
[2022-12-19 16:54:05] INFO     BIST:Header (ok)
[2022-12-19 16:54:17] INFO     BIST:Header (ok)
[2022-12-19 16:54:28] INFO     BIST:Header (ok)
[2022-12-19 16:54:40] INFO     BIST:Header (ok)
[2022-12-19 16:54:52] INFO     BIST:Header (ok)
[2022-12-19 16:55:03] INFO     BIST:Header (ok)
[2022-12-19 16:55:15] INFO     BIST:Header (ok)
[2022-12-19 16:55:27] INFO     BIST:Header (ok)
[2022-12-19 16:55:38] INFO     BIST:Header (ok)
[2022-12-19 16:55:50] INFO     BIST:Header (ok)
[2022-12-19 16:56:01] INFO     BIST:Header (ok)
[2022-12-19 16:56:13] INFO     BIST:Header (ok)
[2022-12-19 16:56:25] INFO     BIST:Header (ok)
[2022-12-19 16:56:36] INFO     BIST:Header (ok)
[2022-12-19 16:56:48] INFO     BIST:Header (ok)
[2022-12-19 16:56:59] INFO     BIST:Header (ok)
[2022-12-19 16:57:11] INFO     BIST:Header (ok)
[2022-12-19 16:57:23] INFO     BIST:Header (ok)
[2022-12-19 16:57:34] INFO     BIST:Header (ok)
[2022-12-19 16:57:46] INFO     BIST:Header (ok)
[2022-12-19 16:57:57] INFO     BIST:Header (ok)
[2022-12-19 16:58:09] INFO     BIST:Header (ok)
[2022-12-19 16:58:21] INFO     BIST:Header (ok)
[2022-12-19 16:58:32] INFO     BIST:Header (ok)
[2022-12-19 16:58:44] INFO     BIST:Header (ok)
[2022-12-19 16:58:56] INFO     BIST:Header (ok)
[2022-12-19 16:59:07] INFO     BIST:Header (ok)
[2022-12-19 16:59:19] INFO     BIST:Header (ok)
[2022-12-19 16:59:30] INFO     BIST:Header (ok)
[2022-12-19 16:59:42] INFO     BIST:Header (ok)
[2022-12-19 16:59:54] INFO     BIST:Header (ok)
[2022-12-19 17:00:05] INFO     BIST:Header (ok)
[2022-12-19 17:00:17] INFO     BIST:Header (ok)
[2022-12-19 17:00:28] INFO     BIST:Header (ok)
[2022-12-19 17:00:40] INFO     BIST:Header (ok)
[2022-12-19 17:00:52] INFO     BIST:Header (ok)
[2022-12-19 17:01:03] INFO     BIST:Header (ok)
[2022-12-19 17:01:15] INFO     BIST:Header (ok)
[2022-12-19 17:01:26] INFO     BIST:Header (ok)
[2022-12-19 17:01:38] INFO     BIST:Header (ok)
[2022-12-19 17:01:50] INFO     BIST:Header (ok)
[2022-12-19 17:02:01] INFO     BIST:Header (ok)
[2022-12-19 17:02:13] INFO     BIST:Header (ok)
[2022-12-19 17:02:25] INFO     BIST:Header (ok)
[2022-12-19 17:02:36] INFO     BIST:Header (ok)
[2022-12-19 17:02:48] INFO     BIST:Header (ok)
[2022-12-19 17:02:59] INFO     BIST:Header (ok)
[2022-12-19 17:03:11] INFO     BIST:Header (ok)
[2022-12-19 17:03:23] INFO     BIST:Header (ok)
[2022-12-19 17:03:34] INFO     BIST:Header (ok)
[2022-12-19 17:03:46] INFO     BIST:Header (ok)
[2022-12-19 17:03:57] INFO     BIST:Header (ok)
[2022-12-19 17:04:09] INFO     BIST:Header (ok)
[2022-12-19 17:04:21] INFO     BIST:Header (ok)
[2022-12-19 17:04:32] INFO     BIST:Header (ok)
[2022-12-19 17:04:44] INFO     BIST:Header (ok)
[2022-12-19 17:04:56] INFO     BIST:Header (ok)
[2022-12-19 17:05:07] INFO     BIST:Header (ok)
[2022-12-19 17:05:19] INFO     BIST:Header (ok)
[2022-12-19 17:05:30] INFO     BIST:Header (ok)
[2022-12-19 17:05:42] INFO     BIST:Header (ok)
[2022-12-19 17:05:54] INFO     BIST:Header (ok)
[2022-12-19 17:06:05] INFO     BIST:Header (ok)
[2022-12-19 17:06:17] INFO     BIST:Header (ok)
[2022-12-19 17:06:28] INFO     BIST:Header (ok)
[2022-12-19 17:06:40] INFO     BIST:Header (ok)
[2022-12-19 17:06:52] INFO     BIST:Header (ok)
[2022-12-19 17:07:03] INFO     BIST:Header (ok)
[2022-12-19 17:07:15] INFO     BIST:Header (ok)
[2022-12-19 17:07:26] INFO     BIST:Header (ok)
[2022-12-19 17:07:38] INFO     BIST:Header (ok)
[2022-12-19 17:07:50] INFO     BIST:Header (ok)
[2022-12-19 17:08:01] INFO     BIST:Header (ok)
[2022-12-19 17:08:13] INFO     BIST:Header (ok)
[2022-12-19 17:08:25] INFO     BIST:Header (ok)
[2022-12-19 17:08:36] INFO     BIST:Header (ok)
[2022-12-19 17:08:48] INFO     BIST:Header (ok)
[2022-12-19 17:08:59] INFO     BIST:Header (ok)
[2022-12-19 17:09:11] INFO     BIST:Header (ok)
[2022-12-19 17:09:23] INFO     BIST:Header (ok)
[2022-12-19 17:09:34] INFO     BIST:Header (ok)
[2022-12-19 17:09:46] INFO     BIST:Header (ok)
[2022-12-19 17:09:57] INFO     BIST:Header (ok)
[2022-12-19 17:10:09] INFO     BIST:Header (ok)
[2022-12-19 17:10:21] INFO     BIST:Header (ok)
[2022-12-19 17:10:32] INFO     BIST:Header (ok)
[2022-12-19 17:10:44] INFO     BIST:Header (ok)
[2022-12-19 17:10:55] INFO     BIST:Header (ok)
[2022-12-19 17:11:07] INFO     BIST:Header (ok)
[2022-12-19 17:11:19] INFO     BIST:Header (ok)
[2022-12-19 17:11:30] INFO     BIST:Header (ok)
[2022-12-19 17:11:42] INFO     BIST:Header (ok)
[2022-12-19 17:11:54] INFO     BIST:Header (ok)
[2022-12-19 17:12:05] INFO     BIST:Header (ok)
[2022-12-19 17:12:17] INFO     BIST:Header (ok)
[2022-12-19 17:12:28] INFO     BIST:Header (ok)
[2022-12-19 17:12:40] INFO     BIST:Header (ok)
[2022-12-19 17:12:52] INFO     BIST:Header (ok)
[2022-12-19 17:13:03] INFO     BIST:Header (ok)
[2022-12-19 17:13:15] INFO     BIST:Header (ok)
[2022-12-19 17:13:26] INFO     BIST:Header (ok)
[2022-12-19 17:13:38] INFO     BIST:Header (ok)
[2022-12-19 17:13:50] INFO     BIST:Header (ok)
[2022-12-19 17:14:01] INFO     BIST:Header (ok)
[2022-12-19 17:14:13] INFO     BIST:Header (ok)
[2022-12-19 17:14:24] INFO     BIST:Header (ok)
[2022-12-19 17:14:36] INFO     BIST:Header (ok)
[2022-12-19 17:14:48] INFO     BIST:Header (ok)
[2022-12-19 17:14:59] INFO     BIST:Header (ok)
[2022-12-19 17:15:11] INFO     BIST:Header (ok)
[2022-12-19 17:15:23] INFO     BIST:Header (ok)
[2022-12-19 17:15:34] INFO     BIST:Header (ok)
[2022-12-19 17:15:46] INFO     BIST:Header (ok)
[2022-12-19 17:15:57] INFO     BIST:Header (ok)
[2022-12-19 17:16:09] INFO     BIST:Header (ok)
[2022-12-19 17:16:21] INFO     BIST:Header (ok)
[2022-12-19 17:16:32] INFO     BIST:Header (ok)
[2022-12-19 17:16:44] INFO     BIST:Header (ok)
[2022-12-19 17:16:55] INFO     BIST:Header (ok)
[2022-12-19 17:17:07] INFO     BIST:Header (ok)
[2022-12-19 17:17:19] INFO     BIST:Header (ok)
[2022-12-19 17:17:30] INFO     BIST:Header (ok)
[2022-12-19 17:17:42] INFO     BIST:Header (ok)
[2022-12-19 17:17:53] INFO     BIST:Header (ok)
[2022-12-19 17:18:05] INFO     BIST:Header (ok)
[2022-12-19 17:18:17] INFO     BIST:Header (ok)
[2022-12-19 17:18:28] INFO     BIST:Header (ok)
[2022-12-19 17:18:40] INFO     BIST:Header (ok)
[2022-12-19 17:18:52] INFO     BIST:Header (ok)
[2022-12-19 17:19:03] INFO     BIST:Header (ok)
[2022-12-19 17:19:15] INFO     BIST:Header (ok)
[2022-12-19 17:19:26] INFO     BIST:Header (ok)
[2022-12-19 17:19:38] INFO     BIST:Header (ok)
[2022-12-19 17:19:50] INFO     BIST:Header (ok)
[2022-12-19 17:20:01] INFO     BIST:Header (ok)
[2022-12-19 17:20:13] INFO     BIST:Header (ok)
[2022-12-19 17:20:24] INFO     BIST:Header (ok)
[2022-12-19 17:20:36] INFO     BIST:Header (ok)
[2022-12-19 17:20:48] INFO     BIST:Header (ok)
[2022-12-19 17:20:59] INFO     BIST:Header (ok)
[2022-12-19 17:21:11] INFO     BIST:Header (ok)
[2022-12-19 17:21:23] INFO     BIST:Header (ok)
[2022-12-19 17:21:34] INFO     BIST:Header (ok)
[2022-12-19 17:21:46] INFO     BIST:Header (ok)
[2022-12-19 17:21:57] INFO     BIST:Header (ok)
[2022-12-19 17:22:09] INFO     BIST:Header (ok)
[2022-12-19 17:22:21] INFO     BIST:Header (ok)
[2022-12-19 17:22:32] INFO     BIST:Header (ok)
[2022-12-19 17:22:44] INFO     BIST:Header (ok)
[2022-12-19 17:22:55] INFO     BIST:Header (ok)
[2022-12-19 17:23:07] INFO     BIST:Header (ok)
[2022-12-19 17:23:19] INFO     BIST:Header (ok)
[2022-12-19 17:23:30] INFO     BIST:Header (ok)
[2022-12-19 17:23:42] INFO     BIST:Header (ok)
[2022-12-19 17:23:53] INFO     BIST:Header (ok)
[2022-12-19 17:24:05] INFO     BIST:Header (ok)
[2022-12-19 17:24:17] INFO     BIST:Header (ok)
[2022-12-19 17:24:28] INFO     BIST:Header (ok)
[2022-12-19 17:24:40] INFO     BIST:Header (ok)
[2022-12-19 17:24:52] INFO     BIST:Header (ok)
[2022-12-19 17:25:03] INFO     BIST:Header (ok)
[2022-12-19 17:25:15] INFO     BIST:Header (ok)
[2022-12-19 17:25:26] INFO     BIST:Header (ok)
[2022-12-19 17:25:38] INFO     BIST:Header (ok)
[2022-12-19 17:25:50] INFO     BIST:Header (ok)
[2022-12-19 17:26:01] INFO     BIST:Header (ok)
[2022-12-19 17:26:13] INFO     BIST:Header (ok)
[2022-12-19 17:26:24] INFO     BIST:Header (ok)
[2022-12-19 17:26:36] INFO     BIST:Header (ok)
[2022-12-19 17:26:48] INFO     BIST:Header (ok)
[2022-12-19 17:26:59] INFO     BIST:Header (ok)
[2022-12-19 17:27:11] INFO     BIST:Header (ok)
[2022-12-19 17:27:22] INFO     BIST:Header (ok)
[2022-12-19 17:27:34] INFO     BIST:Header (ok)
[2022-12-19 17:27:46] INFO     BIST:Header (ok)
[2022-12-19 17:27:57] INFO     BIST:Header (ok)
[2022-12-19 17:28:09] INFO     BIST:Header (ok)
[2022-12-19 17:28:21] INFO     BIST:Header (ok)
[2022-12-19 17:28:32] INFO     BIST:Header (ok)
[2022-12-19 17:28:44] INFO     BIST:Header (ok)
[2022-12-19 17:28:55] INFO     BIST:Header (ok)
[2022-12-19 17:29:07] INFO     BIST:Header (ok)
[2022-12-19 17:29:19] INFO     BIST:Header (ok)
[2022-12-19 17:29:30] INFO     BIST:Header (ok)
[2022-12-19 17:29:42] INFO     BIST:Header (ok)
[2022-12-19 17:29:53] INFO     BIST:Header (ok)
[2022-12-19 17:30:05] INFO     BIST:Header (ok)
[2022-12-19 17:30:17] INFO     BIST:Header (ok)
[2022-12-19 17:30:28] INFO     BIST:Header (ok)
[2022-12-19 17:30:40] INFO     BIST:Header (ok)
[2022-12-19 17:30:51] INFO     BIST:Header (ok)
[2022-12-19 17:31:03] INFO     BIST:Header (ok)
[2022-12-19 17:31:15] INFO     BIST:Header (ok)
[2022-12-19 17:31:26] INFO     BIST:Header (ok)
[2022-12-19 17:31:38] INFO     BIST:Header (ok)
[2022-12-19 17:31:50] INFO     BIST:Header (ok)
[2022-12-19 17:32:01] INFO     BIST:Header (ok)
[2022-12-19 17:32:13] INFO     BIST:Header (ok)
[2022-12-19 17:32:24] INFO     BIST:Header (ok)
[2022-12-19 17:32:36] INFO     BIST:Header (ok)
[2022-12-19 17:32:48] INFO     BIST:Header (ok)
[2022-12-19 17:32:59] INFO     BIST:Header (ok)
[2022-12-19 17:33:11] INFO     BIST:Header (ok)
[2022-12-19 17:33:22] INFO     BIST:Header (ok)
[2022-12-19 17:33:34] INFO     BIST:Header (ok)
[2022-12-19 17:33:46] INFO     BIST:Header (ok)
[2022-12-19 17:33:57] INFO     BIST:Header (ok)
[2022-12-19 17:34:09] INFO     BIST:Header (ok)
[2022-12-19 17:34:20] INFO     BIST:Header (ok)
[2022-12-19 17:34:32] INFO     BIST:Header (ok)
[2022-12-19 17:34:44] INFO     BIST:Header (ok)
[2022-12-19 17:34:55] INFO     BIST:Header (ok)
[2022-12-19 17:35:07] INFO     BIST:Header (ok)
[2022-12-19 17:35:19] INFO     BIST:Header (ok)
[2022-12-19 17:35:30] INFO     BIST:Header (ok)
[2022-12-19 17:35:42] INFO     BIST:Header (ok)
[2022-12-19 17:35:53] INFO     BIST:Header (ok)
[2022-12-19 17:36:05] INFO     BIST:Header (ok)
[2022-12-19 17:36:17] INFO     BIST:Header (ok)
[2022-12-19 17:36:28] INFO     BIST:Header (ok)
[2022-12-19 17:36:40] INFO     BIST:Header (ok)
[2022-12-19 17:36:51] INFO     BIST:Header (ok)
[2022-12-19 17:37:03] INFO     BIST:Header (ok)
[2022-12-19 17:37:15] INFO     BIST:Header (ok)
[2022-12-19 17:37:26] INFO     BIST:Header (ok)
[2022-12-19 17:37:38] INFO     BIST:Header (ok)
[2022-12-19 17:37:50] INFO     BIST:Header (ok)
[2022-12-19 17:38:01] INFO     BIST:Header (ok)
[2022-12-19 17:38:13] INFO     BIST:Header (ok)
[2022-12-19 17:38:24] INFO     BIST:Header (ok)
[2022-12-19 17:38:36] INFO     BIST:Header (ok)
[2022-12-19 17:38:48] INFO     BIST:Header (ok)
[2022-12-19 17:38:59] INFO     BIST:Header (ok)
[2022-12-19 17:39:11] INFO     BIST:Header (ok)
[2022-12-19 17:39:22] INFO     BIST:Header (ok)
[2022-12-19 17:39:34] INFO     BIST:Header (ok)
[2022-12-19 17:39:46] INFO     BIST:Header (ok)
[2022-12-19 17:39:57] INFO     BIST:Header (ok)
[2022-12-19 17:40:09] INFO     BIST:Header (ok)
[2022-12-19 17:40:20] INFO     BIST:Header (ok)
[2022-12-19 17:40:32] INFO     BIST:Header (ok)
[2022-12-19 17:40:44] INFO     BIST:Header (ok)
[2022-12-19 17:40:55] INFO     BIST:Header (ok)
[2022-12-19 17:41:07] INFO     BIST:Header (ok)
[2022-12-19 17:41:19] INFO     BIST:Header (ok)
[2022-12-19 17:41:30] INFO     BIST:Header (ok)
[2022-12-19 17:41:42] INFO     BIST:Header (ok)
[2022-12-19 17:41:53] INFO     BIST:Header (ok)
[2022-12-19 17:42:05] INFO     BIST:Header (ok)
[2022-12-19 17:42:17] INFO     BIST:Header (ok)
[2022-12-19 17:42:28] INFO     BIST:Header (ok)
[2022-12-19 17:42:40] INFO     BIST:Header (ok)
[2022-12-19 17:42:51] INFO     BIST:Header (ok)
[2022-12-19 17:43:03] INFO     BIST:Header (ok)
[2022-12-19 17:43:15] INFO     BIST:Header (ok)
[2022-12-19 17:43:26] INFO     BIST:Header (ok)
[2022-12-19 17:43:38] INFO     BIST:Header (ok)
[2022-12-19 17:43:49] INFO     BIST:Header (ok)
[2022-12-19 17:44:01] INFO     BIST:Header (ok)
[2022-12-19 17:44:13] INFO     BIST:Header (ok)
[2022-12-19 17:44:24] INFO     BIST:Header (ok)
[2022-12-19 17:44:36] INFO     BIST:Header (ok)
[2022-12-19 17:44:48] INFO     BIST:Header (ok)
[2022-12-19 17:44:59] INFO     BIST:Header (ok)
[2022-12-19 17:45:11] INFO     BIST:Header (ok)
[2022-12-19 17:45:22] INFO     BIST:Header (ok)
[2022-12-19 17:45:34] INFO     BIST:Header (ok)
[2022-12-19 17:45:46] INFO     BIST:Header (ok)
[2022-12-19 17:45:57] INFO     BIST:Header (ok)
[2022-12-19 17:46:09] INFO     BIST:Header (ok)
[2022-12-19 17:46:20] INFO     BIST:Header (ok)
[2022-12-19 17:46:32] INFO     BIST:Header (ok)
[2022-12-19 17:46:44] INFO     BIST:Header (ok)
[2022-12-19 17:46:55] INFO     BIST:Header (ok)
[2022-12-19 17:47:07] INFO     BIST:Header (ok)
[2022-12-19 17:47:18] INFO     BIST:Header (ok)
[2022-12-19 17:47:30] INFO     BIST:Header (ok)
[2022-12-19 17:47:42] INFO     BIST:Header (ok)
[2022-12-19 17:47:53] INFO     BIST:Header (ok)
[2022-12-19 17:48:05] INFO     BIST:Header (ok)
[2022-12-19 17:48:17] INFO     BIST:Header (ok)
[2022-12-19 17:48:28] INFO     BIST:Header (ok)
[2022-12-19 17:48:40] INFO     BIST:Header (ok)
[2022-12-19 17:48:51] INFO     BIST:Header (ok)
[2022-12-19 17:49:03] INFO     BIST:Header (ok)
[2022-12-19 17:49:15] INFO     BIST:Header (ok)
[2022-12-19 17:49:26] INFO     BIST:Header (ok)
[2022-12-19 17:49:38] INFO     BIST:Header (ok)
[2022-12-19 17:49:49] INFO     BIST:Header (ok)
[2022-12-19 17:50:01] INFO     BIST:Header (ok)
[2022-12-19 17:50:13] INFO     BIST:Header (ok)
[2022-12-19 17:50:24] INFO     BIST:Header (ok)
[2022-12-19 17:50:36] INFO     BIST:Header (ok)
[2022-12-19 17:50:47] INFO     BIST:Header (ok)
[2022-12-19 17:50:59] INFO     BIST:Header (ok)
[2022-12-19 17:51:11] INFO     BIST:Header (ok)
[2022-12-19 17:51:22] INFO     BIST:Header (ok)
[2022-12-19 17:51:34] INFO     BIST:Header (ok)
[2022-12-19 17:51:46] INFO     BIST:Header (ok)
[2022-12-19 17:51:57] INFO     BIST:Header (ok)
[2022-12-19 17:52:09] INFO     BIST:Header (ok)
[2022-12-19 17:52:20] INFO     BIST:Header (ok)
[2022-12-19 17:52:32] INFO     BIST:Header (ok)
[2022-12-19 17:52:44] INFO     BIST:Header (ok)
[2022-12-19 17:52:55] INFO     BIST:Header (ok)
[2022-12-19 17:53:07] INFO     BIST:Header (ok)
[2022-12-19 17:53:18] INFO     BIST:Header (ok)
[2022-12-19 17:53:30] INFO     BIST:Header (ok)
[2022-12-19 17:53:42] INFO     BIST:Header (ok)
[2022-12-19 17:53:53] INFO     BIST:Header (ok)
[2022-12-19 17:54:05] INFO     BIST:Header (ok)
[2022-12-19 17:54:16] INFO     BIST:Header (ok)
[2022-12-19 17:54:28] INFO     BIST:Header (ok)
[2022-12-19 17:54:40] INFO     BIST:Header (ok)
[2022-12-19 17:54:51] INFO     BIST:Header (ok)
[2022-12-19 17:55:03] INFO     BIST:Header (ok)
[2022-12-19 17:55:15] INFO     BIST:Header (ok)
[2022-12-19 17:55:26] INFO     BIST:Header (ok)
[2022-12-19 17:55:38] INFO     BIST:Header (ok)
[2022-12-19 17:55:49] INFO     BIST:Header (ok)
[2022-12-19 17:56:01] INFO     BIST:Header (ok)
[2022-12-19 17:56:13] INFO     BIST:Header (ok)
[2022-12-19 17:56:24] INFO     BIST:Header (ok)
[2022-12-19 17:56:36] INFO     BIST:Header (ok)
[2022-12-19 17:56:47] INFO     BIST:Header (ok)
[2022-12-19 17:56:59] INFO     BIST:Header (ok)
[2022-12-19 17:57:11] INFO     BIST:Header (ok)
[2022-12-19 17:57:22] INFO     BIST:Header (ok)
[2022-12-19 17:57:34] INFO     BIST:Header (ok)
[2022-12-19 17:57:46] INFO     BIST:Header (ok)
[2022-12-19 17:57:57] INFO     BIST:Header (ok)
[2022-12-19 17:58:09] INFO     BIST:Header (ok)
[2022-12-19 17:58:20] INFO     BIST:Header (ok)
[2022-12-19 17:58:43] ERROR    UART:expect timeout (delay 15s)
[2022-12-19 17:58:43] INFO     STATE:Terminal Recovery State
[2022-12-19 17:58:43] INFO     UART:Serial port /dev/ttyUSB7 closed
[2022-12-19 17:58:46] INFO     UART:Searching for ttyUSB device (Attempt 1)
[2022-12-19 17:58:46] INFO     UART:Found tty device:/dev/ttyUSB7
[2022-12-19 17:58:46] INFO     UART:Serial port /dev/ttyUSB7 open
[2022-12-19 17:58:56] ERROR    UART:expect timeout (delay 10s)
[2022-12-19 17:58:56] INFO     STATE:Reset Recovery State
[2022-12-19 17:58:56] INFO     UARTBONE I ADDR=00000F50
[2022-12-19 17:58:56] INFO     Issuing UART bone reset
[2022-12-19 17:58:57] INFO     UARTBONE I ADDR=00000020
[2022-12-19 17:58:57] INFO     STATE:LiteX Login State
[2022-12-19 17:59:07] ERROR    UART:expect timeout (delay 10s)
[2022-12-19 17:59:07] INFO     STATE:Power Nexys State
[2022-12-19 17:59:07] INFO     NETBOOTER:Attempt 1 to set port 2 with cycle=False
[2022-12-19 17:59:09] INFO     NETBOOTER:Setting port 2 to Off
[2022-12-19 17:59:10] INFO     NETBOOTER:Attempt 1 to set port 2 with cycle=False
[2022-12-19 17:59:12] INFO     NETBOOTER:Setting port 2 to On
[2022-12-19 17:59:13] INFO     STATE:Connect UART State
[2022-12-19 17:59:15] INFO     UART:Searching for ttyUSB device (Attempt 1)
[2022-12-19 17:59:15] INFO     UART:Found tty device:/dev/ttyUSB6
[2022-12-19 17:59:15] INFO     UART:Serial port /dev/ttyUSB6 open
[2022-12-19 17:59:15] INFO     STATE:Configure Nexys State
[2022-12-19 17:59:15] INFO     JCM:Stopping JCM scrubber
[2022-12-19 17:59:17] INFO     JCM:Attempting JCM device DNA read
[2022-12-19 17:59:17] INFO     JCM:Executing commmand on JCM
	~/jcm_apps/jcm_jtag_reg.elf -r 50 --swap -w 64
[2022-12-19 17:59:17] INFO     Device DNA:0:0x812c023b 1:0x2a0f6504
[2022-12-19 17:59:17] INFO     JCM:Attempting JCM configuration
[2022-12-19 17:59:17] INFO     JCM:Executing commmand on JCM
	~/jcm_apps/jcm_config.elf --part xc7a200t -c 30000000 --jtag --config_file /root/ddr_11_28.bit
[2022-12-19 17:59:22] INFO     JCM:Configuration Success
[2022-12-19 17:59:22] INFO     STATE:Setup UARTBone State
[2022-12-19 17:59:22] INFO     UARTBONE:Searching for ttyUSB device (Attempt 1) for port '1-4.4.1' IF '0'
[2022-12-19 17:59:22] INFO     UARTBONE:Found tty device:/dev/ttyUSB0
[2022-12-19 17:59:22] INFO     UARTBONE:Attempting to open:/dev/ttyUSB0 at baud 115200 with timeout=5
[2022-12-19 17:59:22] INFO     UARTBONE:Serial port /dev/ttyUSB0 open
[2022-12-19 17:59:23] INFO     UARTBONE ID Str=LiteX SoC on Nexys Video 2022-11-28 18:17:18
[2022-12-19 17:59:23] INFO     UARTBONE I ADDR=000012E8
[2022-12-19 17:59:23] INFO     STATE:Enable Scrubbing State
[2022-12-19 17:59:23] INFO     JCM:Starting JCM scrubber
[2022-12-19 17:59:23] INFO     JCM:Executing commmand on JCM
	~/jcm_apps/jcm_scrubbing.elf --part xc7a200t -c 30000000 --jtag --iterations 100000000 --frad_file xc7a200t_frad.txt
[2022-12-19 17:59:23] INFO     STATE:LiteX Login State
[2022-12-19 17:59:24] INFO     STATE:Start BIST State
[2022-12-19 17:59:24] INFO     STATE:BIST Execution State
[2022-12-19 17:59:24] INFO     BIST:Bad title line (1):8192 1 0 2
[2022-12-19 17:59:24] INFO     BIST:Header (first)
[2022-12-19 17:59:35] INFO     BIST:Header (ok)
[2022-12-19 17:59:47] INFO     BIST:Header (ok)
[2022-12-19 17:59:58] INFO     BIST:Header (ok)
[2022-12-19 18:00:10] INFO     BIST:Header (ok)
[2022-12-19 18:00:22] INFO     BIST:Header (ok)
[2022-12-19 18:00:33] INFO     BIST:Header (ok)
[2022-12-19 18:00:45] INFO     BIST:Header (ok)
[2022-12-19 18:00:56] INFO     BIST:Header (ok)
[2022-12-19 18:01:08] INFO     BIST:Header (ok)
[2022-12-19 18:01:20] INFO     BIST:Header (ok)
[2022-12-19 18:01:31] INFO     BIST:Header (ok)
[2022-12-19 18:01:43] INFO     BIST:Header (ok)
[2022-12-19 18:01:55] INFO     BIST:Header (ok)
[2022-12-19 18:02:06] INFO     BIST:Header (ok)
[2022-12-19 18:02:18] INFO     BIST:Header (ok)
[2022-12-19 18:02:29] INFO     BIST:Header (ok)
[2022-12-19 18:02:41] INFO     BIST:Header (ok)
[2022-12-19 18:02:53] INFO     BIST:Header (ok)
[2022-12-19 18:03:04] INFO     BIST:Header (ok)
[2022-12-19 18:03:16] INFO     BIST:Header (ok)
[2022-12-19 18:03:27] INFO     BIST:Header (ok)
[2022-12-19 18:03:39] INFO     BIST:Header (ok)
[2022-12-19 18:03:51] INFO     BIST:Header (ok)
[2022-12-19 18:04:02] INFO     BIST:Header (ok)
[2022-12-19 18:04:14] INFO     BIST:Header (ok)
[2022-12-19 18:04:25] INFO     BIST:Header (ok)
[2022-12-19 18:04:43] INFO     BIST:Header (ok)
[2022-12-19 18:04:55] INFO     BIST:Header (ok)
[2022-12-19 18:05:06] INFO     BIST:Header (ok)
[2022-12-19 18:05:18] INFO     BIST:Header (ok)
[2022-12-19 18:05:45] ERROR    UART:expect timeout (delay 15s)
[2022-12-19 18:05:45] INFO     STATE:Terminal Recovery State
[2022-12-19 18:05:45] INFO     UART:Serial port /dev/ttyUSB6 closed
[2022-12-19 18:05:48] INFO     UART:Searching for ttyUSB device (Attempt 1)
[2022-12-19 18:05:48] INFO     UART:Found tty device:/dev/ttyUSB6
[2022-12-19 18:05:48] INFO     UART:Serial port /dev/ttyUSB6 open
[2022-12-19 18:05:58] ERROR    UART:expect timeout (delay 10s)
[2022-12-19 18:05:58] INFO     STATE:Reset Recovery State
[2022-12-19 18:05:58] INFO     UARTBONE I ADDR=00001350
[2022-12-19 18:05:58] INFO     Issuing UART bone reset
[2022-12-19 18:05:59] INFO     UARTBONE I ADDR=00001350
[2022-12-19 18:05:59] INFO     STATE:LiteX Login State
[2022-12-19 18:06:09] ERROR    UART:expect timeout (delay 10s)
[2022-12-19 18:06:09] INFO     STATE:Power Nexys State
[2022-12-19 18:06:09] INFO     NETBOOTER:Attempt 1 to set port 2 with cycle=False
[2022-12-19 18:06:11] INFO     NETBOOTER:Setting port 2 to Off
[2022-12-19 18:06:12] INFO     NETBOOTER:Attempt 1 to set port 2 with cycle=False
[2022-12-19 18:06:14] INFO     NETBOOTER:Setting port 2 to On
[2022-12-19 18:06:15] INFO     STATE:Connect UART State
[2022-12-19 18:06:17] INFO     UART:Searching for ttyUSB device (Attempt 1)
[2022-12-19 18:06:17] INFO     UART:Found tty device:/dev/ttyUSB7
[2022-12-19 18:06:17] INFO     UART:Serial port /dev/ttyUSB7 open
[2022-12-19 18:06:17] INFO     STATE:Configure Nexys State
[2022-12-19 18:06:17] INFO     JCM:Attempting JCM device DNA read
[2022-12-19 18:06:17] INFO     JCM:Executing commmand on JCM
	~/jcm_apps/jcm_jtag_reg.elf -r 50 --swap -w 64
[2022-12-19 18:06:17] INFO     Device DNA:0:0x812c023b 1:0x2a0f6504
[2022-12-19 18:06:17] INFO     JCM:Attempting JCM configuration
[2022-12-19 18:06:17] INFO     JCM:Executing commmand on JCM
	~/jcm_apps/jcm_config.elf --part xc7a200t -c 30000000 --jtag --config_file /root/ddr_11_28.bit
[2022-12-19 18:06:23] INFO     JCM:Configuration Success
[2022-12-19 18:06:23] INFO     STATE:Setup UARTBone State
[2022-12-19 18:06:23] INFO     UARTBONE:Searching for ttyUSB device (Attempt 1) for port '1-4.4.1' IF '0'
[2022-12-19 18:06:23] INFO     UARTBONE:Found tty device:/dev/ttyUSB1
[2022-12-19 18:06:23] INFO     UARTBONE:Attempting to open:/dev/ttyUSB1 at baud 115200 with timeout=5
[2022-12-19 18:06:23] INFO     UARTBONE:Serial port /dev/ttyUSB1 open
[2022-12-19 18:06:23] INFO     UARTBONE ID Str=LiteX SoC on Nexys Video 2022-11-28 18:17:18
[2022-12-19 18:06:23] INFO     UARTBONE I ADDR=000012E8
[2022-12-19 18:06:23] INFO     STATE:Enable Scrubbing State
[2022-12-19 18:06:23] INFO     JCM:Starting JCM scrubber
[2022-12-19 18:06:23] INFO     JCM:Executing commmand on JCM
	~/jcm_apps/jcm_scrubbing.elf --part xc7a200t -c 30000000 --jtag --iterations 100000000 --frad_file xc7a200t_frad.txt
[2022-12-19 18:06:23] INFO     STATE:LiteX Login State
[2022-12-19 18:06:24] INFO     STATE:Start BIST State
[2022-12-19 18:06:24] INFO     STATE:BIST Execution State
[2022-12-19 18:06:24] INFO     BIST:Bad title line (1):8192 1 0 2
[2022-12-19 18:06:24] INFO     BIST:Header (first)
[2022-12-19 18:06:35] INFO     BIST:Header (ok)
[2022-12-19 18:06:47] INFO     BIST:Header (ok)
[2022-12-19 18:06:59] INFO     BIST:Header (ok)
[2022-12-19 18:07:10] INFO     BIST:Header (ok)
[2022-12-19 18:07:22] INFO     BIST:Header (ok)
[2022-12-19 18:07:33] INFO     BIST:Header (ok)
[2022-12-19 18:07:45] INFO     BIST:Header (ok)
[2022-12-19 18:07:57] INFO     BIST:Header (ok)
[2022-12-19 18:08:08] INFO     BIST:Header (ok)
[2022-12-19 18:08:20] INFO     BIST:Header (ok)
[2022-12-19 18:08:32] INFO     BIST:Header (ok)
[2022-12-19 18:08:43] INFO     BIST:Header (ok)
[2022-12-19 18:08:55] INFO     BIST:Header (ok)
[2022-12-19 18:09:06] INFO     BIST:Header (ok)
[2022-12-19 18:09:18] INFO     BIST:Header (ok)
[2022-12-19 18:09:30] INFO     BIST:Header (ok)
[2022-12-19 18:09:41] INFO     BIST:Header (ok)
[2022-12-19 18:09:53] INFO     BIST:Header (ok)
[2022-12-19 18:10:04] INFO     BIST:Header (ok)
[2022-12-19 18:10:16] INFO     BIST:Header (ok)
[2022-12-19 18:10:28] INFO     BIST:Header (ok)
[2022-12-19 18:10:39] INFO     BIST:Header (ok)
[2022-12-19 18:10:51] INFO     BIST:Header (ok)
[2022-12-19 18:11:02] INFO     BIST:Header (ok)
[2022-12-19 18:11:14] INFO     BIST:Header (ok)
[2022-12-19 18:11:26] INFO     BIST:Header (ok)
[2022-12-19 18:11:37] INFO     BIST:Header (ok)
[2022-12-19 18:11:49] INFO     BIST:Header (ok)
[2022-12-19 18:12:01] INFO     BIST:Header (ok)
[2022-12-19 18:12:12] INFO     BIST:Header (ok)
[2022-12-19 18:12:24] INFO     BIST:Header (ok)
[2022-12-19 18:12:35] INFO     BIST:Header (ok)
[2022-12-19 18:12:47] INFO     BIST:Header (ok)
[2022-12-19 18:12:59] INFO     BIST:Header (ok)
[2022-12-19 18:13:10] INFO     BIST:Header (ok)
[2022-12-19 18:13:22] INFO     BIST:Header (ok)
[2022-12-19 18:13:33] INFO     BIST:Header (ok)
[2022-12-19 18:13:45] INFO     BIST:Header (ok)
[2022-12-19 18:13:57] INFO     BIST:Header (ok)
[2022-12-19 18:14:08] INFO     BIST:Header (ok)
[2022-12-19 18:14:20] INFO     BIST:Header (ok)
[2022-12-19 18:14:31] INFO     BIST:Header (ok)
[2022-12-19 18:14:43] INFO     BIST:Header (ok)
[2022-12-19 18:14:55] INFO     BIST:Header (ok)
[2022-12-19 18:15:06] INFO     BIST:Header (ok)
[2022-12-19 18:15:18] INFO     BIST:Header (ok)
[2022-12-19 18:15:30] INFO     BIST:Header (ok)
[2022-12-19 18:15:41] INFO     BIST:Header (ok)
[2022-12-19 18:15:53] INFO     BIST:Header (ok)
[2022-12-19 18:16:04] INFO     BIST:Header (ok)
[2022-12-19 18:16:16] INFO     BIST:Header (ok)
[2022-12-19 18:16:28] INFO     BIST:Header (ok)
[2022-12-19 18:16:39] INFO     BIST:Header (ok)
[2022-12-19 18:16:51] INFO     BIST:Header (ok)
[2022-12-19 18:17:02] INFO     BIST:Header (ok)
[2022-12-19 18:17:14] INFO     BIST:Header (ok)
[2022-12-19 18:17:26] INFO     BIST:Header (ok)
[2022-12-19 18:17:37] INFO     BIST:Header (ok)
[2022-12-19 18:17:49] INFO     BIST:Header (ok)
[2022-12-19 18:18:01] INFO     BIST:Header (ok)
[2022-12-19 18:18:12] INFO     BIST:Header (ok)
[2022-12-19 18:18:24] INFO     BIST:Header (ok)
[2022-12-19 18:18:35] INFO     BIST:Header (ok)
[2022-12-19 18:18:47] INFO     BIST:Header (ok)
[2022-12-19 18:18:59] INFO     BIST:Header (ok)
[2022-12-19 18:19:10] INFO     BIST:Header (ok)
[2022-12-19 18:19:22] INFO     BIST:Header (ok)
[2022-12-19 18:19:33] INFO     BIST:Header (ok)
[2022-12-19 18:19:45] INFO     BIST:Header (ok)
[2022-12-19 18:19:57] INFO     BIST:Header (ok)
[2022-12-19 18:20:08] INFO     BIST:Header (ok)
[2022-12-19 18:20:20] INFO     BIST:Header (ok)
[2022-12-19 18:20:31] INFO     BIST:Header (ok)
[2022-12-19 18:20:43] INFO     BIST:Header (ok)
[2022-12-19 18:20:55] INFO     BIST:Header (ok)
[2022-12-19 18:21:06] INFO     BIST:Header (ok)
[2022-12-19 18:21:18] INFO     BIST:Header (ok)
[2022-12-19 18:21:30] INFO     BIST:Header (ok)
[2022-12-19 18:21:41] INFO     BIST:Header (ok)
[2022-12-19 18:21:53] INFO     BIST:Header (ok)
[2022-12-19 18:22:04] INFO     BIST:Header (ok)
[2022-12-19 18:22:16] INFO     BIST:Header (ok)
[2022-12-19 18:22:28] INFO     BIST:Header (ok)
[2022-12-19 18:22:39] INFO     BIST:Header (ok)
[2022-12-19 18:22:51] INFO     BIST:Header (ok)
[2022-12-19 18:23:02] INFO     BIST:Header (ok)
[2022-12-19 18:23:14] INFO     BIST:Header (ok)
[2022-12-19 18:23:26] INFO     BIST:Header (ok)
[2022-12-19 18:23:37] INFO     BIST:Header (ok)
[2022-12-19 18:23:49] INFO     BIST:Header (ok)
[2022-12-19 18:24:00] INFO     BIST:Header (ok)
[2022-12-19 18:24:12] INFO     BIST:Header (ok)
[2022-12-19 18:24:24] INFO     BIST:Header (ok)
[2022-12-19 18:24:35] INFO     BIST:Header (ok)
[2022-12-19 18:24:47] INFO     BIST:Header (ok)
[2022-12-19 18:24:59] INFO     BIST:Header (ok)
[2022-12-19 18:25:10] INFO     BIST:Header (ok)
[2022-12-19 18:25:22] INFO     BIST:Header (ok)
[2022-12-19 18:25:33] INFO     BIST:Header (ok)
[2022-12-19 18:25:45] INFO     BIST:Header (ok)
[2022-12-19 18:25:57] INFO     BIST:Header (ok)
[2022-12-19 18:26:08] INFO     BIST:Header (ok)
[2022-12-19 18:26:20] INFO     BIST:Header (ok)
[2022-12-19 18:26:31] INFO     BIST:Header (ok)
[2022-12-19 18:26:43] INFO     BIST:Header (ok)
[2022-12-19 18:26:55] INFO     BIST:Header (ok)
[2022-12-19 18:27:06] INFO     BIST:Header (ok)
[2022-12-19 18:27:18] INFO     BIST:Header (ok)
[2022-12-19 18:27:29] INFO     BIST:Header (ok)
[2022-12-19 18:27:41] INFO     BIST:Header (ok)
[2022-12-19 18:27:53] INFO     BIST:Header (ok)
[2022-12-19 18:28:04] INFO     BIST:Header (ok)
[2022-12-19 18:28:16] INFO     BIST:Header (ok)
[2022-12-19 18:28:28] INFO     BIST:Header (ok)
[2022-12-19 18:28:39] INFO     BIST:Header (ok)
[2022-12-19 18:28:51] INFO     BIST:Header (ok)
[2022-12-19 18:29:02] INFO     BIST:Header (ok)
[2022-12-19 18:29:14] INFO     BIST:Header (ok)
[2022-12-19 18:29:26] INFO     BIST:Header (ok)
[2022-12-19 18:29:37] INFO     BIST:Header (ok)
[2022-12-19 18:29:49] INFO     BIST:Header (ok)
[2022-12-19 18:30:00] INFO     BIST:Header (ok)
[2022-12-19 18:30:12] INFO     BIST:Header (ok)
[2022-12-19 18:30:24] INFO     BIST:Header (ok)
[2022-12-19 18:30:35] INFO     BIST:Header (ok)
[2022-12-19 18:30:47] INFO     BIST:Header (ok)
[2022-12-19 18:30:58] INFO     BIST:Header (ok)
[2022-12-19 18:31:10] INFO     BIST:Header (ok)
[2022-12-19 18:31:22] INFO     BIST:Header (ok)
[2022-12-19 18:31:33] INFO     BIST:Header (ok)
[2022-12-19 18:31:45] INFO     BIST:Header (ok)
[2022-12-19 18:31:57] INFO     BIST:Header (ok)
[2022-12-19 18:32:08] INFO     BIST:Header (ok)
[2022-12-19 18:32:20] INFO     BIST:Header (ok)
[2022-12-19 18:32:31] INFO     BIST:Header (ok)
[2022-12-19 18:32:43] INFO     BIST:Header (ok)
[2022-12-19 18:32:55] INFO     BIST:Header (ok)
[2022-12-19 18:33:06] INFO     BIST:Header (ok)
[2022-12-19 18:33:18] INFO     BIST:Header (ok)
[2022-12-19 18:33:29] INFO     BIST:Header (ok)
[2022-12-19 18:33:41] INFO     BIST:Header (ok)
[2022-12-19 18:33:53] INFO     BIST:Header (ok)
[2022-12-19 18:34:04] INFO     BIST:Header (ok)
