[2022-12-18 20:01:12] Creating JCM Hardware on port 0 with 0 shifts
[2022-12-18 20:01:12] Using Default Chain String: [ 6 ]
[2022-12-18 20:01:12] Changing JCM Clock. Old Rate=29411765 Request Rate=1000000 Actual rate=1000000
[2022-12-18 20:01:12] Register 0x32=
[2022-12-18 20:01:12]  0:0x812c023b
[2022-12-18 20:01:12]  1:0x2a0f6504
[2022-12-18 20:01:12] Changing JCM Clock. Old Rate=1000000 Request Rate=30000000 Actual rate=29411765
[2022-12-18 20:01:12] Creating JCM Hardware on port 0 with 0 shifts
[2022-12-18 20:01:12] Using Default Chain String: [ 6 ]
[2022-12-18 20:01:12] **** Warning ****
[2022-12-18 20:01:12]   Filename /root/ddr_11_28_tmr.bit does not have a '.bin' extension. Only '.bin' files can be used for this configuration command
[2022-12-18 20:01:12] Configuring with file: /root/ddr_11_28_tmr.bit
[2022-12-18 20:01:18] Configured Successfully
[2022-12-18 20:01:18] JCM Scrubbing. Build Date Thu Jul 28 15:32:32 MDT 2022
[2022-12-18 20:01:18] Execution time: Sun Jul 31 03:17:21 2022
[2022-12-18 20:01:18] 
[2022-12-18 20:01:18] Changing JCM Clock. Old Rate=29411765 Request Rate=30000000 Actual rate=29411765
[2022-12-18 20:01:18] Creating JCM Hardware on port 0 with 0 shifts
[2022-12-18 20:01:18] Using Default Chain String: [ 6 ]
[2022-12-18 20:01:23] FPGA: xc7a200t (7_Series family) IDCode=0x13636093
[2022-12-18 20:01:23] Read IDCODE Matched=0x13636093
[2022-12-18 20:01:23] No readback file specified
[2022-12-18 20:01:23] Number of OffSet words 101
[2022-12-18 20:01:23] No readback file specified. Reading 18310 frames
[2022-12-18 20:01:23] Number of OffSet words 101
[2022-12-18 20:01:23] Number of OffSet words 101
[2022-12-18 20:01:23] Part xc7a200t has 24802 frames. Family 7_Series has 101 words per frame
[2022-12-18 20:01:23] Cycle 0: 2022-07-31 03:17:25
[2022-12-18 20:01:27] Cycle 1: 2022-07-31 03:17:29
[2022-12-18 20:01:31] Word 226363 (Frame index=2241 frame address=0x00002089 word=22 mask=0x00020000)
[2022-12-18 20:01:31] Word 294342 (Frame index=2914 frame address=0x00002a0e word=28 mask=0x00001000)
[2022-12-18 20:01:31] Word 294443 (Frame index=2915 frame address=0x00002a0f word=28 mask=0x00000800)
[2022-12-18 20:01:31] 3 bit errors
[2022-12-18 20:01:31] Cycle 2: 2022-07-31 03:17:33
[2022-12-18 20:01:35] Word 1173068 (Frame index=11614 frame address=0x0042090c word=54 mask=0x00200000)
[2022-12-18 20:01:35] 1 bit errors
[2022-12-18 20:01:35] Cycle 3: 2022-07-31 03:17:37
[2022-12-18 20:01:39] Word 1007019 (Frame index=9970 frame address=0x00402622 word=49 mask=0x00002000)
[2022-12-18 20:01:39] 1 bit errors
[2022-12-18 20:01:39] Cycle 4: 2022-07-31 03:17:41
[2022-12-18 20:01:43] Word 1481113 (Frame index=14664 frame address=0x00440010 word=49 mask=0x00080000)
[2022-12-18 20:01:43] Word 1481214 (Frame index=14665 frame address=0x00440011 word=49 mask=0x00040000)
[2022-12-18 20:01:43] 2 bit errors
[2022-12-18 20:01:43] Cycle 5: 2022-07-31 03:17:46
[2022-12-18 20:01:48] Cycle 6: 2022-07-31 03:17:50
[2022-12-18 20:01:52] Word 37931 (Frame index=375 frame address=0x0000051f word=56 mask=0x00000002)
[2022-12-18 20:01:52] 1 bit errors
[2022-12-18 20:01:52] Cycle 7: 2022-07-31 03:17:54
[2022-12-18 20:01:56] Word 292729 (Frame index=2898 frame address=0x000029a2 word=31 mask=0x00400000)
[2022-12-18 20:01:56] Word 1830786 (Frame index=18126 frame address=0x00443222 word=60 mask=0x00070000)
[2022-12-18 20:01:56] Word 1830887 (Frame index=18127 frame address=0x00443223 word=60 mask=0x00010000)
[2022-12-18 20:01:56] 5 bit errors
[2022-12-18 20:01:56] Cycle 8: 2022-07-31 03:17:58
[2022-12-18 20:02:00] Cycle 9: 2022-07-31 03:18:02
[2022-12-18 20:02:04] Cycle 10: 2022-07-31 03:18:06
[2022-12-18 20:02:08] Cycle 11: 2022-07-31 03:18:11
[2022-12-18 20:02:13] Cycle 12: 2022-07-31 03:18:15
[2022-12-18 20:02:17] Cycle 13: 2022-07-31 03:18:19
[2022-12-18 20:02:21] Cycle 14: 2022-07-31 03:18:23
[2022-12-18 20:02:25] Cycle 15: 2022-07-31 03:18:27
[2022-12-18 20:02:29] Cycle 16: 2022-07-31 03:18:31
[2022-12-18 20:02:33] Cycle 17: 2022-07-31 03:18:36
[2022-12-18 20:02:38] Cycle 18: 2022-07-31 03:18:40
[2022-12-18 20:02:42] Cycle 19: 2022-07-31 03:18:44
[2022-12-18 20:02:46] Cycle 20: 2022-07-31 03:18:48
[2022-12-18 20:02:50] Cycle 21: 2022-07-31 03:18:52
[2022-12-18 20:02:54] Cycle 22: 2022-07-31 03:18:56
[2022-12-18 20:02:58] Cycle 23: 2022-07-31 03:19:01
[2022-12-18 20:03:03] Cycle 24: 2022-07-31 03:19:05
[2022-12-18 20:03:07] Cycle 25: 2022-07-31 03:19:09
[2022-12-18 20:03:11] Cycle 26: 2022-07-31 03:19:13
[2022-12-18 20:03:15] Cycle 27: 2022-07-31 03:19:17
[2022-12-18 20:03:19] Cycle 28: 2022-07-31 03:19:21
[2022-12-18 20:03:23] Cycle 29: 2022-07-31 03:19:26
[2022-12-18 20:03:27] Cycle 30: 2022-07-31 03:19:30
[2022-12-18 20:03:32] Cycle 31: 2022-07-31 03:19:34
[2022-12-18 20:03:36] Cycle 32: 2022-07-31 03:19:38
[2022-12-18 20:03:40] Cycle 33: 2022-07-31 03:19:42
[2022-12-18 20:03:44] Cycle 34: 2022-07-31 03:19:46
[2022-12-18 20:03:48] Cycle 35: 2022-07-31 03:19:50
[2022-12-18 20:03:52] Cycle 36: 2022-07-31 03:19:55
[2022-12-18 20:03:57] Cycle 37: 2022-07-31 03:19:59
[2022-12-18 20:04:01] Cycle 38: 2022-07-31 03:20:03
[2022-12-18 20:04:05] Cycle 39: 2022-07-31 03:20:07
[2022-12-18 20:04:09] Cycle 40: 2022-07-31 03:20:11
[2022-12-18 20:04:13] Cycle 41: 2022-07-31 03:20:15
[2022-12-18 20:04:17] Cycle 42: 2022-07-31 03:20:20
[2022-12-18 20:04:22] Cycle 43: 2022-07-31 03:20:24
[2022-12-18 20:04:26] Cycle 44: 2022-07-31 03:20:28
[2022-12-18 20:04:30] Cycle 45: 2022-07-31 03:20:32
[2022-12-18 20:04:34] Cycle 46: 2022-07-31 03:20:36
[2022-12-18 20:04:38] Cycle 47: 2022-07-31 03:20:40
[2022-12-18 20:04:42] Cycle 48: 2022-07-31 03:20:45
[2022-12-18 20:04:47] Cycle 49: 2022-07-31 03:20:49
[2022-12-18 20:04:51] Cycle 50: 2022-07-31 03:20:53
[2022-12-18 20:04:55] Cycle 51: 2022-07-31 03:20:57
[2022-12-18 20:04:59] Cycle 52: 2022-07-31 03:21:01
[2022-12-18 20:05:03] Cycle 53: 2022-07-31 03:21:05
[2022-12-18 20:05:07] Cycle 54: 2022-07-31 03:21:10
[2022-12-18 20:05:12] Cycle 55: 2022-07-31 03:21:14
[2022-12-18 20:05:16] Cycle 56: 2022-07-31 03:21:18
[2022-12-18 20:05:20] Cycle 57: 2022-07-31 03:21:22
[2022-12-18 20:05:24] Cycle 58: 2022-07-31 03:21:26
[2022-12-18 20:05:28] Cycle 59: 2022-07-31 03:21:30
[2022-12-18 20:05:32] Cycle 60: 2022-07-31 03:21:35
[2022-12-18 20:05:37] Cycle 61: 2022-07-31 03:21:39
[2022-12-18 20:05:41] Cycle 62: 2022-07-31 03:21:43
[2022-12-18 20:05:45] Cycle 63: 2022-07-31 03:21:47
[2022-12-18 20:05:49] Cycle 64: 2022-07-31 03:21:51
[2022-12-18 20:05:53] Cycle 65: 2022-07-31 03:21:55
[2022-12-18 20:05:57] Cycle 66: 2022-07-31 03:22:00
[2022-12-18 20:06:01] Cycle 67: 2022-07-31 03:22:04
[2022-12-18 20:06:06] Cycle 68: 2022-07-31 03:22:08
[2022-12-18 20:06:10] Cycle 69: 2022-07-31 03:22:12
[2022-12-18 20:06:14] Cycle 70: 2022-07-31 03:22:16
[2022-12-18 20:06:18] Cycle 71: 2022-07-31 03:22:20
[2022-12-18 20:06:22] Cycle 72: 2022-07-31 03:22:24
[2022-12-18 20:06:26] Cycle 73: 2022-07-31 03:22:29
[2022-12-18 20:06:31] Cycle 74: 2022-07-31 03:22:33
[2022-12-18 20:06:35] Cycle 75: 2022-07-31 03:22:37
[2022-12-18 20:06:39] Cycle 76: 2022-07-31 03:22:41
[2022-12-18 20:06:43] Cycle 77: 2022-07-31 03:22:45
[2022-12-18 20:06:47] Cycle 78: 2022-07-31 03:22:49
[2022-12-18 20:06:51] Cycle 79: 2022-07-31 03:22:54
[2022-12-18 20:06:56] Cycle 80: 2022-07-31 03:22:58
[2022-12-18 20:07:00] Cycle 81: 2022-07-31 03:23:02
[2022-12-18 20:07:04] Cycle 82: 2022-07-31 03:23:06
[2022-12-18 20:07:08] Cycle 83: 2022-07-31 03:23:10
[2022-12-18 20:07:12] Cycle 84: 2022-07-31 03:23:14
[2022-12-18 20:07:16] Cycle 85: 2022-07-31 03:23:19
[2022-12-18 20:07:21] Cycle 86: 2022-07-31 03:23:23
[2022-12-18 20:07:25] Cycle 87: 2022-07-31 03:23:27
[2022-12-18 20:07:29] Cycle 88: 2022-07-31 03:23:31
[2022-12-18 20:07:33] Cycle 89: 2022-07-31 03:23:35
[2022-12-18 20:07:37] Cycle 90: 2022-07-31 03:23:39
[2022-12-18 20:07:41] Cycle 91: 2022-07-31 03:23:44
[2022-12-18 20:07:46] Cycle 92: 2022-07-31 03:23:48
[2022-12-18 20:07:50] Cycle 93: 2022-07-31 03:23:52
[2022-12-18 20:07:54] Cycle 94: 2022-07-31 03:23:56
[2022-12-18 20:07:58] Cycle 95: 2022-07-31 03:24:00
[2022-12-18 20:08:02] Cycle 96: 2022-07-31 03:24:04
[2022-12-18 20:08:06] Cycle 97: 2022-07-31 03:24:09
[2022-12-18 20:08:11] Cycle 98: 2022-07-31 03:24:13
[2022-12-18 20:08:15] Cycle 99: 2022-07-31 03:24:17
[2022-12-18 20:08:19] Cycle 100: 2022-07-31 03:24:21
[2022-12-18 20:08:23] Cycle 101: 2022-07-31 03:24:25
[2022-12-18 20:08:27] Cycle 102: 2022-07-31 03:24:29
[2022-12-18 20:08:31] Cycle 103: 2022-07-31 03:24:34
[2022-12-18 20:08:35] Cycle 104: 2022-07-31 03:24:38
[2022-12-18 20:08:40] Cycle 105: 2022-07-31 03:24:42
[2022-12-18 20:08:44] Cycle 106: 2022-07-31 03:24:46
[2022-12-18 20:08:48] Cycle 107: 2022-07-31 03:24:50
[2022-12-18 20:08:52] Cycle 108: 2022-07-31 03:24:54
[2022-12-18 20:08:56] Cycle 109: 2022-07-31 03:24:58
[2022-12-18 20:09:00] Cycle 110: 2022-07-31 03:25:03
[2022-12-18 20:09:05] Cycle 111: 2022-07-31 03:25:07
[2022-12-18 20:09:09] Cycle 112: 2022-07-31 03:25:11
[2022-12-18 20:09:13] Cycle 113: 2022-07-31 03:25:15
[2022-12-18 20:09:17] Cycle 114: 2022-07-31 03:25:19
[2022-12-18 20:09:21] Word 1053949 (Frame index=10435 frame address=0x00402d03 word=14 mask=0x00004000)
[2022-12-18 20:09:21] 1 bit errors
[2022-12-18 20:09:21] Cycle 115: 2022-07-31 03:25:23
[2022-12-18 20:09:25] Word 1019928 (Frame index=10098 frame address=0x00402812 word=30 mask=0x00040000)
[2022-12-18 20:09:25] 1 bit errors
[2022-12-18 20:09:25] Cycle 116: 2022-07-31 03:25:28
[2022-12-18 20:09:30] Word 468737 (Frame index=4640 frame address=0x00020e08 word=97 mask=0x00400000)
[2022-12-18 20:09:30] 1 bit errors
[2022-12-18 20:09:30] Cycle 117: 2022-07-31 03:25:32
[2022-12-18 20:09:34] Word 1050519 (Frame index=10401 frame address=0x00402c85 word=18 mask=0x00000200)
[2022-12-18 20:09:34] 1 bit errors
[2022-12-18 20:09:34] Cycle 118: 2022-07-31 03:25:36
[2022-12-18 20:09:38] Cycle 119: 2022-07-31 03:25:40
[2022-12-18 20:09:42] Cycle 120: 2022-07-31 03:25:44
[2022-12-18 20:09:46] Cycle 121: 2022-07-31 03:25:48
[2022-12-18 20:09:50] Word 423656 (Frame index=4194 frame address=0x00020790 word=62 mask=0x00000040)
[2022-12-18 20:09:50] Word 1486501 (Frame index=14717 frame address=0x0044009b word=84 mask=0x00000100)
[2022-12-18 20:09:50] 2 bit errors
[2022-12-18 20:09:50] Cycle 122: 2022-07-31 03:25:53
[2022-12-18 20:09:55] Cycle 123: 2022-07-31 03:25:57
[2022-12-18 20:09:59] Cycle 124: 2022-07-31 03:26:01
[2022-12-18 20:10:03] Word 858986 (Frame index=8504 frame address=0x0040110a word=82 mask=0x00008000)
[2022-12-18 20:10:03] Word 1338488 (Frame index=13252 frame address=0x004220a2 word=36 mask=0x40000000)
[2022-12-18 20:10:03] 2 bit errors
[2022-12-18 20:10:03] Cycle 125: 2022-07-31 03:26:05
[2022-12-18 20:10:07] Word 173045 (Frame index=1713 frame address=0x0000189b word=32 mask=0x00080000)
[2022-12-18 20:10:07] Word 294601 (Frame index=2916 frame address=0x00002a10 word=85 mask=0x00200000)
[2022-12-18 20:10:07] Word 294702 (Frame index=2917 frame address=0x00002a11 word=85 mask=0x00100000)
[2022-12-18 20:10:07] Word 1501027 (Frame index=14861 frame address=0x004402a1 word=66 mask=0x01000000)
[2022-12-18 20:10:07] 4 bit errors
[2022-12-18 20:10:07] Cycle 126: 2022-07-31 03:26:09
[2022-12-18 20:10:11] Cycle 127: 2022-07-31 03:26:13
[2022-12-18 20:10:15] Word 1507735 (Frame index=14928 frame address=0x00440400 word=7 mask=0x40000000)
[2022-12-18 20:10:15] 1 bit errors
[2022-12-18 20:10:15] Cycle 128: 2022-07-31 03:26:18
[2022-12-18 20:10:20] Cycle 129: 2022-07-31 03:26:22
[2022-12-18 20:10:24] Word 4439 (Frame index=43 frame address=0x00000081 word=96 mask=0x00000040)
[2022-12-18 20:10:24] Word 285486 (Frame index=2826 frame address=0x000028a2 word=60 mask=0x00000200)
[2022-12-18 20:10:24] 2 bit errors
[2022-12-18 20:10:24] Cycle 130: 2022-07-31 03:26:26
[2022-12-18 20:10:28] Word 791695 (Frame index=7838 frame address=0x0040071a word=57 mask=0x00000020)
[2022-12-18 20:10:28] Word 1314743 (Frame index=13017 frame address=0x00421d87 word=26 mask=0x01000000)
[2022-12-18 20:10:28] 2 bit errors
[2022-12-18 20:10:28] Cycle 131: 2022-07-31 03:26:30
[2022-12-18 20:10:32] Cycle 132: 2022-07-31 03:26:34
[2022-12-18 20:10:36] Cycle 133: 2022-07-31 03:26:38
[2022-12-18 20:10:40] Cycle 134: 2022-07-31 03:26:43
[2022-12-18 20:10:45] Cycle 135: 2022-07-31 03:26:47
[2022-12-18 20:10:49] Word 289052 (Frame index=2861 frame address=0x00002921 word=91 mask=0x00000001)
[2022-12-18 20:10:49] Word 292971 (Frame index=2900 frame address=0x00002a00 word=71 mask=0x80000000)
[2022-12-18 20:10:49] Word 293072 (Frame index=2901 frame address=0x00002a01 word=71 mask=0x40000000)
[2022-12-18 20:10:49] 3 bit errors
[2022-12-18 20:10:49] Cycle 136: 2022-07-31 03:26:51
[2022-12-18 20:10:53] Word 10782 (Frame index=106 frame address=0x00000122 word=76 mask=0x01000000)
[2022-12-18 20:10:53] Word 10883 (Frame index=107 frame address=0x00000123 word=76 mask=0x00800000)
[2022-12-18 20:10:53] 2 bit errors
[2022-12-18 20:10:53] Cycle 137: 2022-07-31 03:26:55
[2022-12-18 20:10:57] Cycle 138: 2022-07-31 03:26:59
[2022-12-18 20:11:01] Word 670377 (Frame index=6637 frame address=0x00022b03 word=40 mask=0x00040000)
[2022-12-18 20:11:01] 1 bit errors
[2022-12-18 20:11:01] Cycle 139: 2022-07-31 03:27:03
[2022-12-18 20:11:05] Word 1454152 (Frame index=14397 frame address=0x0042311f word=55 mask=0x10000000)
[2022-12-18 20:11:05] Word 1456039 (Frame index=14416 frame address=0x0042318e word=23 mask=0x00002000)
[2022-12-18 20:11:05] 2 bit errors
[2022-12-18 20:11:05] Cycle 140: 2022-07-31 03:27:08
[2022-12-18 20:11:10] Word 830155 (Frame index=8219 frame address=0x00400ca1 word=36 mask=0x00004000)
[2022-12-18 20:11:10] 1 bit errors
[2022-12-18 20:11:10] Cycle 141: 2022-07-31 03:27:12
[2022-12-18 20:11:14] Word 673622 (Frame index=6669 frame address=0x00022b23 word=53 mask=0x00000001)
[2022-12-18 20:11:14] Word 1216882 (Frame index=12048 frame address=0x00420f1c word=34 mask=0x00002000)
[2022-12-18 20:11:14] Word 1216983 (Frame index=12049 frame address=0x00420f1d word=34 mask=0x00001000)
[2022-12-18 20:11:14] 3 bit errors
[2022-12-18 20:11:14] Cycle 142: 2022-07-31 03:27:16
[2022-12-18 20:11:18] Word 983927 (Frame index=9741 frame address=0x00402315 word=86 mask=0x00080000)
[2022-12-18 20:11:18] 1 bit errors
[2022-12-18 20:11:18] Cycle 143: 2022-07-31 03:27:20
[2022-12-18 20:11:22] Word 1226297 (Frame index=12141 frame address=0x00421095 word=56 mask=0x00000040)
[2022-12-18 20:11:22] 1 bit errors
[2022-12-18 20:11:22] Cycle 144: 2022-07-31 03:27:24
[2022-12-18 20:11:26] Cycle 145: 2022-07-31 03:27:28
[2022-12-18 20:11:30] Word 474103 (Frame index=4694 frame address=0x00020ea2 word=9 mask=0x03000000)
[2022-12-18 20:11:30] Word 474204 (Frame index=4695 frame address=0x00020ea3 word=9 mask=0x02000000)
[2022-12-18 20:11:30] Word 481011 (Frame index=4762 frame address=0x00021002 word=49 mask=0x00400000)
[2022-12-18 20:11:30] 4 bit errors
[2022-12-18 20:11:30] Cycle 146: 2022-07-31 03:27:33
[2022-12-18 20:11:35] Word 197179 (Frame index=1952 frame address=0x00001c1c word=27 mask=0x00000040)
[2022-12-18 20:11:35] 1 bit errors
[2022-12-18 20:11:35] Cycle 147: 2022-07-31 03:27:37
[2022-12-18 20:11:39] Cycle 148: 2022-07-31 03:27:41
[2022-12-18 20:11:43] Cycle 149: 2022-07-31 03:27:45
[2022-12-18 20:11:47] Cycle 150: 2022-07-31 03:27:49
[2022-12-18 20:11:51] Cycle 151: 2022-07-31 03:27:53
[2022-12-18 20:11:55] Word 1276613 (Frame index=12639 frame address=0x0042179f word=74 mask=0x00000004)
[2022-12-18 20:11:55] 1 bit errors
[2022-12-18 20:11:55] Cycle 152: 2022-07-31 03:27:58
[2022-12-18 20:11:59] Word 1470380 (Frame index=14558 frame address=0x00423394 word=22 mask=0x80000000)
[2022-12-18 20:11:59] 1 bit errors
[2022-12-18 20:11:59] Cycle 153: 2022-07-31 03:28:02
[2022-12-18 20:12:04] Word 1813979 (Frame index=17960 frame address=0x00442fa0 word=19 mask=0x00000010)
[2022-12-18 20:12:04] Word 1814080 (Frame index=17961 frame address=0x00442fa1 word=19 mask=0x00000020)
[2022-12-18 20:12:04] 2 bit errors
[2022-12-18 20:12:04] Cycle 154: 2022-07-31 03:28:06
[2022-12-18 20:12:08] Word 622827 (Frame index=6166 frame address=0x00022480 word=61 mask=0x0000000c)
[2022-12-18 20:12:08] Word 622928 (Frame index=6167 frame address=0x00022481 word=61 mask=0x00000006)
[2022-12-18 20:12:08] 4 bit errors
[2022-12-18 20:12:08] Cycle 155: 2022-07-31 03:28:10
[2022-12-18 20:12:12] Word 255898 (Frame index=2533 frame address=0x0000249d word=65 mask=0x10000000)
[2022-12-18 20:12:12] 1 bit errors
[2022-12-18 20:12:12] Cycle 156: 2022-07-31 03:28:14
[2022-12-18 20:12:16] Word 630252 (Frame index=6240 frame address=0x00022582 word=12 mask=0x40000000)
[2022-12-18 20:12:16] Word 630353 (Frame index=6241 frame address=0x00022583 word=12 mask=0x20000000)
[2022-12-18 20:12:16] Word 1098040 (Frame index=10871 frame address=0x0040331f word=69 mask=0x00000040)
[2022-12-18 20:12:16] 3 bit errors
[2022-12-18 20:12:16] Cycle 157: 2022-07-31 03:28:18
[2022-12-18 20:12:20] Cycle 158: 2022-07-31 03:28:22
[2022-12-18 20:12:24] Word 622915 (Frame index=6167 frame address=0x00022481 word=48 mask=0x00000001)
[2022-12-18 20:12:24] 1 bit errors
[2022-12-18 20:12:24] Cycle 159: 2022-07-31 03:28:27
[2022-12-18 20:12:29] Cycle 160: 2022-07-31 03:28:31
[2022-12-18 20:12:33] Word 1444090 (Frame index=14297 frame address=0x00422f9f word=93 mask=0x00000010)
[2022-12-18 20:12:33] 1 bit errors
[2022-12-18 20:12:33] Cycle 161: 2022-07-31 03:28:35
[2022-12-18 20:12:37] Word 1115975 (Frame index=11049 frame address=0x00420095 word=26 mask=0x00000020)
[2022-12-18 20:12:37] 1 bit errors
[2022-12-18 20:12:37] Cycle 162: 2022-07-31 03:28:39
[2022-12-18 20:12:41] Cycle 163: 2022-07-31 03:28:43
[2022-12-18 20:12:45] Cycle 164: 2022-07-31 03:28:47
[2022-12-18 20:12:49] Cycle 165: 2022-07-31 03:28:52
[2022-12-18 20:12:54] Word 130117 (Frame index=1288 frame address=0x0000128a word=29 mask=0x00000400)
[2022-12-18 20:12:54] Word 130218 (Frame index=1289 frame address=0x0000128b word=29 mask=0x00000200)
[2022-12-18 20:12:54] Word 1130247 (Frame index=11190 frame address=0x00420298 word=57 mask=0x00002000)
[2022-12-18 20:12:54] 3 bit errors
[2022-12-18 20:12:54] Cycle 166: 2022-07-31 03:28:56
[2022-12-18 20:12:58] Cycle 167: 2022-07-31 03:29:00
[2022-12-18 20:13:02] Cycle 168: 2022-07-31 03:29:04
[2022-12-18 20:13:06] Cycle 169: 2022-07-31 03:29:08
[2022-12-18 20:13:10] Cycle 170: 2022-07-31 03:29:12
[2022-12-18 20:13:14] Word 89321 (Frame index=884 frame address=0x00000c96 word=37 mask=0x02000000)
[2022-12-18 20:13:14] 1 bit errors
[2022-12-18 20:13:14] Cycle 171: 2022-07-31 03:29:17
[2022-12-18 20:13:19] Cycle 172: 2022-07-31 03:29:21
[2022-12-18 20:13:23] Word 90873 (Frame index=899 frame address=0x00000d01 word=74 mask=0x00008000)
[2022-12-18 20:13:23] Word 248561 (Frame index=2461 frame address=0x0000239d word=0 mask=0x00000010)
[2022-12-18 20:13:23] Word 1376788 (Frame index=13631 frame address=0x00422621 word=57 mask=0x01000000)
[2022-12-18 20:13:23] 3 bit errors
[2022-12-18 20:13:23] Cycle 173: 2022-07-31 03:29:25
[2022-12-18 20:13:27] Word 1558988 (Frame index=15435 frame address=0x00440b1b word=53 mask=0x00000008)
[2022-12-18 20:13:27] 1 bit errors
[2022-12-18 20:13:27] Cycle 174: 2022-07-31 03:29:29
[2022-12-18 20:13:31] Cycle 175: 2022-07-31 03:29:33
[2022-12-18 20:13:35] Word 1348665 (Frame index=13353 frame address=0x00422223 word=12 mask=0x02000000)
[2022-12-18 20:13:35] 1 bit errors
[2022-12-18 20:13:35] Cycle 176: 2022-07-31 03:29:37
[2022-12-18 20:13:39] Word 114395 (Frame index=1132 frame address=0x00001022 word=63 mask=0x00000004)
[2022-12-18 20:13:39] Word 1259630 (Frame index=12471 frame address=0x00421523 word=59 mask=0x00004000)
[2022-12-18 20:13:39] 2 bit errors
[2022-12-18 20:13:39] Cycle 177: 2022-07-31 03:29:42
[2022-12-18 20:13:44] Word 1579264 (Frame index=15636 frame address=0x00440e12 word=28 mask=0x00000010)
[2022-12-18 20:13:44] Word 1579365 (Frame index=15637 frame address=0x00440e13 word=28 mask=0x00000008)
[2022-12-18 20:13:44] 2 bit errors
[2022-12-18 20:13:44] Cycle 178: 2022-07-31 03:29:46
[2022-12-18 20:13:48] Cycle 179: 2022-07-31 03:29:50
[2022-12-18 20:13:52] Cycle 180: 2022-07-31 03:29:54
[2022-12-18 20:13:56] Word 1147103 (Frame index=11357 frame address=0x0042051b word=46 mask=0x00000008)
[2022-12-18 20:13:56] 1 bit errors
[2022-12-18 20:13:56] Cycle 181: 2022-07-31 03:29:58
[2022-12-18 20:14:00] Cycle 182: 2022-07-31 03:30:02
[2022-12-18 20:14:04] Cycle 183: 2022-07-31 03:30:07
[2022-12-18 20:14:09] Cycle 184: 2022-07-31 03:30:11
[2022-12-18 20:14:13] Word 561392 (Frame index=5558 frame address=0x00021b82 word=34 mask=0x08000000)
[2022-12-18 20:14:13] Word 561493 (Frame index=5559 frame address=0x00021b83 word=34 mask=0x04000000)
[2022-12-18 20:14:13] 2 bit errors
[2022-12-18 20:14:13] Cycle 185: 2022-07-31 03:30:15
[2022-12-18 20:14:17] Cycle 186: 2022-07-31 03:30:19
[2022-12-18 20:14:21] Word 930713 (Frame index=9214 frame address=0x00401b20 word=99 mask=0x00000001)
[2022-12-18 20:14:21] Word 1078197 (Frame index=10675 frame address=0x00403087 word=22 mask=0x00004000)
[2022-12-18 20:14:21] Word 1227639 (Frame index=12154 frame address=0x004210a2 word=85 mask=0x00000010)
[2022-12-18 20:14:21] Word 1227740 (Frame index=12155 frame address=0x004210a3 word=85 mask=0x00000020)
[2022-12-18 20:14:21] Word 1524453 (Frame index=15093 frame address=0x0044061d word=60 mask=0x00100000)
[2022-12-18 20:14:21] Word 1563165 (Frame index=15476 frame address=0x00440ba0 word=89 mask=0x00000400)
[2022-12-18 20:14:21] 6 bit errors
[2022-12-18 20:14:21] Cycle 187: 2022-07-31 03:30:23
[2022-12-18 20:14:25] Cycle 188: 2022-07-31 03:30:27
[2022-12-18 20:14:29] Word 113751 (Frame index=1126 frame address=0x0000101c word=25 mask=0x00004000)
[2022-12-18 20:14:29] Word 113852 (Frame index=1127 frame address=0x0000101d word=25 mask=0x00002000)
[2022-12-18 20:14:29] 2 bit errors
[2022-12-18 20:14:29] Cycle 189: 2022-07-31 03:30:32
[2022-12-18 20:14:34] Cycle 190: 2022-07-31 03:30:36
[2022-12-18 20:14:38] Word 1437591 (Frame index=14233 frame address=0x00422f03 word=58 mask=0x00000002)
[2022-12-18 20:14:38] 1 bit errors
[2022-12-18 20:14:38] Cycle 191: 2022-07-31 03:30:40
[2022-12-18 20:14:42] Word 1077148 (Frame index=10664 frame address=0x00403018 word=84 mask=0x00000004)
[2022-12-18 20:14:42] Word 1077249 (Frame index=10665 frame address=0x00403019 word=84 mask=0x00000004)
[2022-12-18 20:14:42] 2 bit errors
[2022-12-18 20:14:42] Cycle 192: 2022-07-31 03:30:44
[2022-12-18 20:14:46] Cycle 193: 2022-07-31 03:30:48
[2022-12-18 20:14:50] Word 1278321 (Frame index=12656 frame address=0x0042180c word=65 mask=0x00002000)
[2022-12-18 20:14:50] 1 bit errors
[2022-12-18 20:14:50] Cycle 194: 2022-07-31 03:30:52
[2022-12-18 20:14:54] Word 896036 (Frame index=8871 frame address=0x00401621 word=65 mask=0x00002000)
[2022-12-18 20:14:54] 1 bit errors
[2022-12-18 20:14:54] Cycle 195: 2022-07-31 03:30:57
[2022-12-18 20:14:59] Word 248484 (Frame index=2460 frame address=0x0000239c word=24 mask=0x00000020)
[2022-12-18 20:14:59] Word 248585 (Frame index=2461 frame address=0x0000239d word=24 mask=0x00000020)
[2022-12-18 20:14:59] Word 1569704 (Frame index=15541 frame address=0x00440c9f word=63 mask=0x20000000)
[2022-12-18 20:14:59] 3 bit errors
[2022-12-18 20:14:59] Cycle 196: 2022-07-31 03:31:01
[2022-12-18 20:15:03] Word 1293282 (Frame index=12804 frame address=0x00421a20 word=78 mask=0x00001000)
[2022-12-18 20:15:03] Word 1293383 (Frame index=12805 frame address=0x00421a21 word=78 mask=0x00002000)
[2022-12-18 20:15:03] 2 bit errors
[2022-12-18 20:15:03] Cycle 197: 2022-07-31 03:31:05
[2022-12-18 20:15:07] Cycle 198: 2022-07-31 03:31:09
[2022-12-18 20:15:11] Word 1741209 (Frame index=17239 frame address=0x0044258f word=70 mask=0x00002000)
[2022-12-18 20:15:11] 1 bit errors
[2022-12-18 20:15:11] Cycle 199: 2022-07-31 03:31:13
[2022-12-18 20:15:15] Cycle 200: 2022-07-31 03:31:17
[2022-12-18 20:15:19] Word 944016 (Frame index=9346 frame address=0x00401d1a word=70 mask=0x00000038)
[2022-12-18 20:15:19] Word 1066729 (Frame index=10561 frame address=0x00402e9d word=68 mask=0x00000008)
[2022-12-18 20:15:19] 4 bit errors
[2022-12-18 20:15:19] Cycle 201: 2022-07-31 03:31:22
[2022-12-18 20:15:23] Cycle 202: 2022-07-31 03:31:26
[2022-12-18 20:15:28] Cycle 203: 2022-07-31 03:31:30
[2022-12-18 20:15:32] Cycle 204: 2022-07-31 03:31:34
[2022-12-18 20:15:36] Cycle 205: 2022-07-31 03:31:38
[2022-12-18 20:15:40] Cycle 206: 2022-07-31 03:31:42
[2022-12-18 20:15:44] Cycle 207: 2022-07-31 03:31:46
[2022-12-18 20:15:48] Cycle 208: 2022-07-31 03:31:51
[2022-12-18 20:15:53] Cycle 209: 2022-07-31 03:31:55
[2022-12-18 20:15:57] Word 1039332 (Frame index=10290 frame address=0x00402a9e word=42 mask=0x00010000)
[2022-12-18 20:15:57] 1 bit errors
[2022-12-18 20:15:57] Cycle 210: 2022-07-31 03:31:59
[2022-12-18 20:16:01] Cycle 211: 2022-07-31 03:32:03
[2022-12-18 20:16:05] Word 1826414 (Frame index=18083 frame address=0x00443193 word=31 mask=0x00000020)
[2022-12-18 20:16:05] 1 bit errors
[2022-12-18 20:16:05] Cycle 212: 2022-07-31 03:32:07
[2022-12-18 20:16:09] Cycle 213: 2022-07-31 03:32:11
[2022-12-18 20:16:13] Cycle 214: 2022-07-31 03:32:16
[2022-12-18 20:16:18] Word 350763 (Frame index=3472 frame address=0x0000321c word=91 mask=0x00300000)
[2022-12-18 20:16:18] Word 350864 (Frame index=3473 frame address=0x0000321d word=91 mask=0x00180000)
[2022-12-18 20:16:18] 4 bit errors
[2022-12-18 20:16:18] Cycle 215: 2022-07-31 03:32:20
[2022-12-18 20:16:22] Word 696314 (Frame index=6894 frame address=0x00022e98 word=20 mask=0x00040000)
[2022-12-18 20:16:22] 1 bit errors
[2022-12-18 20:16:22] Cycle 216: 2022-07-31 03:32:24
[2022-12-18 20:16:26] Cycle 217: 2022-07-31 03:32:28
[2022-12-18 20:16:30] Cycle 218: 2022-07-31 03:32:32
[2022-12-18 20:16:34] Cycle 219: 2022-07-31 03:32:36
[2022-12-18 20:16:38] Cycle 220: 2022-07-31 03:32:41
[2022-12-18 20:16:43] Cycle 221: 2022-07-31 03:32:45
[2022-12-18 20:16:47] Cycle 222: 2022-07-31 03:32:49
[2022-12-18 20:16:51] Cycle 223: 2022-07-31 03:32:53
[2022-12-18 20:16:55] Word 1147601 (Frame index=11362 frame address=0x00420520 word=39 mask=0x00000400)
[2022-12-18 20:16:55] 1 bit errors
[2022-12-18 20:16:55] Cycle 224: 2022-07-31 03:32:57
[2022-12-18 20:16:59] Cycle 225: 2022-07-31 03:33:01
[2022-12-18 20:17:03] Cycle 226: 2022-07-31 03:33:06
[2022-12-18 20:17:08] Cycle 227: 2022-07-31 03:33:10
[2022-12-18 20:17:12] Cycle 228: 2022-07-31 03:33:14
[2022-12-18 20:17:16] Word 380314 (Frame index=3765 frame address=0x0002011f word=49 mask=0x04000000)
[2022-12-18 20:17:16] Word 1803313 (Frame index=17854 frame address=0x00442e22 word=59 mask=0x00080000)
[2022-12-18 20:17:16] 2 bit errors
[2022-12-18 20:17:16] Cycle 229: 2022-07-31 03:33:18
[2022-12-18 20:17:20] Cycle 230: 2022-07-31 03:33:22
[2022-12-18 20:17:24] Cycle 231: 2022-07-31 03:33:26
[2022-12-18 20:17:28] Cycle 232: 2022-07-31 03:33:31
[2022-12-18 20:17:33] Word 1026655 (Frame index=10164 frame address=0x0040290c word=91 mask=0x04000000)
[2022-12-18 20:17:33] Word 1026756 (Frame index=10165 frame address=0x0040290d word=91 mask=0x04000000)
[2022-12-18 20:17:33] 2 bit errors
[2022-12-18 20:17:33] Cycle 233: 2022-07-31 03:33:35
[2022-12-18 20:17:37] Cycle 234: 2022-07-31 03:33:39
[2022-12-18 20:17:41] Word 1579260 (Frame index=15636 frame address=0x00440e12 word=24 mask=0x80000000)
[2022-12-18 20:17:41] Word 1579361 (Frame index=15637 frame address=0x00440e13 word=24 mask=0x40000000)
[2022-12-18 20:17:41] 2 bit errors
[2022-12-18 20:17:41] Cycle 235: 2022-07-31 03:33:43
[2022-12-18 20:17:45] Cycle 236: 2022-07-31 03:33:47
[2022-12-18 20:17:49] Word 1275 (Frame index=12 frame address=0x0000000c word=63 mask=0x00020000)
[2022-12-18 20:17:49] Word 1594904 (Frame index=15791 frame address=0x00441089 word=13 mask=0x00008000)
[2022-12-18 20:17:49] 2 bit errors
[2022-12-18 20:17:49] Cycle 237: 2022-07-31 03:33:51
[2022-12-18 20:17:53] Cycle 238: 2022-07-31 03:33:56
[2022-12-18 20:17:58] Word 647492 (Frame index=6410 frame address=0x0002279c word=82 mask=0x00100000)
[2022-12-18 20:17:58] Word 1152921 (Frame index=11415 frame address=0x0042060d word=6 mask=0x00000008)
[2022-12-18 20:17:58] Word 1668742 (Frame index=16522 frame address=0x00441b10 word=20 mask=0x00002000)
[2022-12-18 20:17:58] Word 1668843 (Frame index=16523 frame address=0x00441b11 word=20 mask=0x00001000)
[2022-12-18 20:17:58] 4 bit errors
[2022-12-18 20:17:58] Cycle 239: 2022-07-31 03:34:00
[2022-12-18 20:18:02] Cycle 240: 2022-07-31 03:34:04
[2022-12-18 20:18:06] Word 1230431 (Frame index=12182 frame address=0x0042111a word=49 mask=0x40000000)
[2022-12-18 20:18:06] Word 1500919 (Frame index=14860 frame address=0x004402a0 word=59 mask=0x00100000)
[2022-12-18 20:18:06] Word 1501020 (Frame index=14861 frame address=0x004402a1 word=59 mask=0x00200000)
[2022-12-18 20:18:06] 3 bit errors
[2022-12-18 20:18:06] Cycle 241: 2022-07-31 03:34:08
[2022-12-18 20:18:10] Cycle 242: 2022-07-31 03:34:12
[2022-12-18 20:18:14] Word 1298100 (Frame index=12852 frame address=0x00421b08 word=48 mask=0x02000000)
[2022-12-18 20:18:14] Word 1376413 (Frame index=13627 frame address=0x0042261d word=86 mask=0x00000100)
[2022-12-18 20:18:14] Word 1746624 (Frame index=17293 frame address=0x00442621 word=31 mask=0x40000000)
[2022-12-18 20:18:14] 3 bit errors
[2022-12-18 20:18:14] Cycle 243: 2022-07-31 03:34:16
[2022-12-18 20:18:18] Word 21372 (Frame index=211 frame address=0x0000029f word=61 mask=0x00800000)
[2022-12-18 20:18:18] Word 373513 (Frame index=3698 frame address=0x00020024 word=15 mask=0x00001000)
[2022-12-18 20:18:18] 2 bit errors
[2022-12-18 20:18:18] Cycle 244: 2022-07-31 03:34:21
[2022-12-18 20:18:23] Cycle 245: 2022-07-31 03:34:25
[2022-12-18 20:18:27] Word 1814138 (Frame index=17961 frame address=0x00442fa1 word=77 mask=0x00040000)
[2022-12-18 20:18:27] 1 bit errors
[2022-12-18 20:18:27] Cycle 246: 2022-07-31 03:34:29
[2022-12-18 20:18:31] Word 651642 (Frame index=6451 frame address=0x00022821 word=91 mask=0x80000000)
[2022-12-18 20:18:31] Word 1246867 (Frame index=12345 frame address=0x00421389 word=22 mask=0x00080000)
[2022-12-18 20:18:31] 2 bit errors
[2022-12-18 20:18:31] Cycle 247: 2022-07-31 03:34:33
[2022-12-18 20:18:35] Word 560758 (Frame index=5552 frame address=0x00021b20 word=6 mask=0x00020000)
[2022-12-18 20:18:35] Word 560859 (Frame index=5553 frame address=0x00021b21 word=6 mask=0x00040000)
[2022-12-18 20:18:35] 2 bit errors
[2022-12-18 20:18:35] Cycle 248: 2022-07-31 03:34:37
[2022-12-18 20:18:39] Word 335137 (Frame index=3318 frame address=0x00003002 word=19 mask=0x00040000)
[2022-12-18 20:18:39] Word 1542476 (Frame index=15272 frame address=0x00440908 word=4 mask=0x00000010)
[2022-12-18 20:18:39] 2 bit errors
[2022-12-18 20:18:39] Cycle 249: 2022-07-31 03:34:41
[2022-12-18 20:18:43] Cycle 250: 2022-07-31 03:34:46
[2022-12-18 20:18:48] Word 1544690 (Frame index=15293 frame address=0x0044091d word=97 mask=0x08000000)
[2022-12-18 20:18:48] 1 bit errors
[2022-12-18 20:18:48] Cycle 251: 2022-07-31 03:34:50
[2022-12-18 20:18:52] Cycle 252: 2022-07-31 03:34:54
[2022-12-18 20:18:56] Word 294778 (Frame index=2918 frame address=0x00002a12 word=60 mask=0x00000020)
[2022-12-18 20:18:56] Word 1056961 (Frame index=10464 frame address=0x00402d20 word=97 mask=0x20000000)
[2022-12-18 20:18:56] 2 bit errors
[2022-12-18 20:18:56] Cycle 253: 2022-07-31 03:34:58
[2022-12-18 20:19:00] Word 1231256 (Frame index=12190 frame address=0x00421122 word=66 mask=0x80000000)
[2022-12-18 20:19:00] Word 1231357 (Frame index=12191 frame address=0x00421123 word=66 mask=0x40000000)
[2022-12-18 20:19:00] Word 1408632 (Frame index=13946 frame address=0x00422a98 word=86 mask=0x40000000)
[2022-12-18 20:19:00] 3 bit errors
[2022-12-18 20:19:00] Cycle 254: 2022-07-31 03:35:02
[2022-12-18 20:19:04] Word 700528 (Frame index=6935 frame address=0x00022f1d word=93 mask=0x40000000)
[2022-12-18 20:19:04] 1 bit errors
[2022-12-18 20:19:04] Cycle 255: 2022-07-31 03:35:06
[2022-12-18 20:19:08] Word 445433 (Frame index=4410 frame address=0x00020a98 word=23 mask=0x80000000)
[2022-12-18 20:19:08] Word 1389791 (Frame index=13760 frame address=0x00422812 word=31 mask=0x00001000)
[2022-12-18 20:19:08] 2 bit errors
[2022-12-18 20:19:08] Cycle 256: 2022-07-31 03:35:11
[2022-12-18 20:19:13] Word 163690 (Frame index=1620 frame address=0x00001722 word=70 mask=0x28000000)
[2022-12-18 20:19:13] Word 163791 (Frame index=1621 frame address=0x00001723 word=70 mask=0x50000000)
[2022-12-18 20:19:13] Word 1369489 (Frame index=13559 frame address=0x00422521 word=30 mask=0x00004000)
[2022-12-18 20:19:13] 5 bit errors
[2022-12-18 20:19:13] Cycle 257: 2022-07-31 03:35:15
[2022-12-18 20:19:17] Word 870256 (Frame index=8616 frame address=0x0040128e word=40 mask=0x08000000)
[2022-12-18 20:19:17] 1 bit errors
[2022-12-18 20:19:17] Cycle 258: 2022-07-31 03:35:19
[2022-12-18 20:19:21] Word 1203769 (Frame index=11918 frame address=0x00420d22 word=51 mask=0x10000000)
[2022-12-18 20:19:21] 1 bit errors
[2022-12-18 20:19:21] Cycle 259: 2022-07-31 03:35:23
[2022-12-18 20:19:25] Cycle 260: 2022-07-31 03:35:27
[2022-12-18 20:19:29] Word 1564544 (Frame index=15490 frame address=0x00440c0a word=54 mask=0x00010000)
[2022-12-18 20:19:29] Word 1564645 (Frame index=15491 frame address=0x00440c0b word=54 mask=0x00008000)
[2022-12-18 20:19:29] 2 bit errors
[2022-12-18 20:19:29] Cycle 261: 2022-07-31 03:35:31
[2022-12-18 20:19:33] Word 139739 (Frame index=1383 frame address=0x000013a1 word=56 mask=0x08000000)
[2022-12-18 20:19:33] 1 bit errors
[2022-12-18 20:19:33] Cycle 262: 2022-07-31 03:35:36
[2022-12-18 20:19:37] Cycle 263: 2022-07-31 03:35:40
[2022-12-18 20:19:42] Cycle 264: 2022-07-31 03:35:44
[2022-12-18 20:19:46] Cycle 265: 2022-07-31 03:35:48
[2022-12-18 20:19:50] Word 732466 (Frame index=7252 frame address=0x00023402 word=14 mask=0x00000004)
[2022-12-18 20:19:50] Word 732567 (Frame index=7253 frame address=0x00023403 word=14 mask=0x00000002)
[2022-12-18 20:19:50] Word 889145 (Frame index=8803 frame address=0x0040151d word=42 mask=0x00080000)
[2022-12-18 20:19:50] 3 bit errors
[2022-12-18 20:19:50] Cycle 266: 2022-07-31 03:35:52
[2022-12-18 20:19:54] Cycle 267: 2022-07-31 03:35:56
[2022-12-18 20:19:58] Word 15705 (Frame index=155 frame address=0x0000020b word=50 mask=0x00002000)
[2022-12-18 20:19:58] Word 1460869 (Frame index=14464 frame address=0x00423222 word=5 mask=0x00080000)
[2022-12-18 20:19:58] Word 1460970 (Frame index=14465 frame address=0x00423223 word=5 mask=0x000c0000)
[2022-12-18 20:19:58] 4 bit errors
[2022-12-18 20:19:58] Cycle 268: 2022-07-31 03:36:00
[2022-12-18 20:20:02] Word 1005556 (Frame index=9956 frame address=0x00402614 word=0 mask=0x00010000)
[2022-12-18 20:20:02] 1 bit errors
[2022-12-18 20:20:02] Cycle 269: 2022-07-31 03:36:05
[2022-12-18 20:20:07] Word 325880 (Frame index=3226 frame address=0x00002e92 word=54 mask=0x20000000)
[2022-12-18 20:20:07] Word 325981 (Frame index=3227 frame address=0x00002e93 word=54 mask=0x10000000)
[2022-12-18 20:20:07] 2 bit errors
[2022-12-18 20:20:07] Cycle 270: 2022-07-31 03:36:09
[2022-12-18 20:20:11] Word 1045519 (Frame index=10351 frame address=0x00402b93 word=68 mask=0x00001000)
[2022-12-18 20:20:11] 1 bit errors
[2022-12-18 20:20:11] Cycle 271: 2022-07-31 03:36:13
[2022-12-18 20:20:15] Cycle 272: 2022-07-31 03:36:17
[2022-12-18 20:20:19] Word 288983 (Frame index=2861 frame address=0x00002921 word=22 mask=0x00000020)
[2022-12-18 20:20:19] Word 1074179 (Frame index=10635 frame address=0x00402f9f word=44 mask=0x20000000)
[2022-12-18 20:20:19] 2 bit errors
[2022-12-18 20:20:19] Cycle 273: 2022-07-31 03:36:21
[2022-12-18 20:20:23] Word 1380577 (Frame index=13669 frame address=0x004226a3 word=8 mask=0x02000000)
[2022-12-18 20:20:23] 1 bit errors
[2022-12-18 20:20:23] Cycle 274: 2022-07-31 03:36:25
[2022-12-18 20:20:27] Word 362816 (Frame index=3592 frame address=0x00003404 word=24 mask=0x00000040)
[2022-12-18 20:20:27] 1 bit errors
[2022-12-18 20:20:27] Cycle 275: 2022-07-31 03:36:30
[2022-12-18 20:20:32] Word 1763577 (Frame index=17461 frame address=0x00442895 word=16 mask=0x00200000)
[2022-12-18 20:20:32] 1 bit errors
[2022-12-18 20:20:32] Cycle 276: 2022-07-31 03:36:34
[2022-12-18 20:20:36] Word 912846 (Frame index=9038 frame address=0x0040189c word=8 mask=0x00000c00)
[2022-12-18 20:20:36] Word 912947 (Frame index=9039 frame address=0x0040189d word=8 mask=0x00000600)
[2022-12-18 20:20:36] 4 bit errors
[2022-12-18 20:20:36] Cycle 277: 2022-07-31 03:36:38
[2022-12-18 20:20:40] Word 1577101 (Frame index=15614 frame address=0x00440da0 word=87 mask=0x10000000)
[2022-12-18 20:20:40] Word 1577202 (Frame index=15615 frame address=0x00440da1 word=87 mask=0x20000000)
[2022-12-18 20:20:40] 2 bit errors
[2022-12-18 20:20:40] Cycle 278: 2022-07-31 03:36:42
[2022-12-18 20:20:44] Word 313878 (Frame index=3107 frame address=0x00002ca3 word=71 mask=0x00100000)
[2022-12-18 20:20:44] Word 1743946 (Frame index=17266 frame address=0x00442606 word=80 mask=0x00008000)
[2022-12-18 20:20:44] 2 bit errors
[2022-12-18 20:20:44] Cycle 279: 2022-07-31 03:36:46
[2022-12-18 20:20:48] Cycle 280: 2022-07-31 03:36:50
[2022-12-18 20:20:52] Cycle 281: 2022-07-31 03:36:55
[2022-12-18 20:20:57] Word 1248246 (Frame index=12358 frame address=0x00421396 word=88 mask=0x00001000)
[2022-12-18 20:20:57] Word 1248549 (Frame index=12361 frame address=0x00421399 word=88 mask=0x00001000)
[2022-12-18 20:20:57] 2 bit errors
[2022-12-18 20:20:57] Cycle 282: 2022-07-31 03:36:59
[2022-12-18 20:21:01] Word 885988 (Frame index=8772 frame address=0x004014a2 word=16 mask=0x00000400)
[2022-12-18 20:21:01] 1 bit errors
[2022-12-18 20:21:01] Cycle 283: 2022-07-31 03:37:03
[2022-12-18 20:21:05] Word 239043 (Frame index=2366 frame address=0x00002222 word=77 mask=0x00000040)
[2022-12-18 20:21:05] 1 bit errors
[2022-12-18 20:21:05] Cycle 284: 2022-07-31 03:37:07
[2022-12-18 20:21:09] Word 1498688 (Frame index=14838 frame address=0x0044028a word=50 mask=0x00000002)
[2022-12-18 20:21:09] 1 bit errors
[2022-12-18 20:21:09] Cycle 285: 2022-07-31 03:37:11
[2022-12-18 20:21:13] Word 1098541 (Frame index=10876 frame address=0x00403380 word=65 mask=0x00000002)
[2022-12-18 20:21:13] Word 1158278 (Frame index=11468 frame address=0x0042069e word=10 mask=0x00200000)
[2022-12-18 20:21:13] 2 bit errors
[2022-12-18 20:21:13] Cycle 286: 2022-07-31 03:37:15
[2022-12-18 20:21:17] Cycle 287: 2022-07-31 03:37:20
[2022-12-18 20:21:22] Cycle 288: 2022-07-31 03:37:24
[2022-12-18 20:21:26] Word 1525002 (Frame index=15099 frame address=0x00440623 word=3 mask=0x00010000)
[2022-12-18 20:21:26] 1 bit errors
[2022-12-18 20:21:26] Cycle 289: 2022-07-31 03:37:28
[2022-12-18 20:21:30] Word 941093 (Frame index=9317 frame address=0x00401ca1 word=76 mask=0x08000000)
[2022-12-18 20:21:30] 1 bit errors
[2022-12-18 20:21:30] Cycle 290: 2022-07-31 03:37:32
[2022-12-18 20:21:34] Word 1282760 (Frame index=12700 frame address=0x0042189c word=60 mask=0x20000000)
[2022-12-18 20:21:34] 1 bit errors
[2022-12-18 20:21:34] Cycle 291: 2022-07-31 03:37:36
[2022-12-18 20:21:38] Cycle 292: 2022-07-31 03:37:40
[2022-12-18 20:21:42] Cycle 293: 2022-07-31 03:37:45
[2022-12-18 20:21:47] Word 1094770 (Frame index=10839 frame address=0x004032a3 word=31 mask=0x00000001)
[2022-12-18 20:21:47] 1 bit errors
[2022-12-18 20:21:47] Cycle 294: 2022-07-31 03:37:49
[2022-12-18 20:21:51] Cycle 295: 2022-07-31 03:37:53
[2022-12-18 20:21:55] Word 142621 (Frame index=1412 frame address=0x0000141a word=9 mask=0x00600000)
[2022-12-18 20:21:55] 2 bit errors
[2022-12-18 20:21:55] Cycle 296: 2022-07-31 03:37:57
[2022-12-18 20:21:59] Cycle 297: 2022-07-31 03:38:01
[2022-12-18 20:22:03] Word 1529090 (Frame index=15139 frame address=0x00440703 word=51 mask=0x00040000)
[2022-12-18 20:22:03] 1 bit errors
[2022-12-18 20:22:03] Cycle 298: 2022-07-31 03:38:05
[2022-12-18 20:22:07] Word 190570 (Frame index=1886 frame address=0x00001b1c word=84 mask=0x00004000)
[2022-12-18 20:22:07] Word 190671 (Frame index=1887 frame address=0x00001b1d word=84 mask=0x00006000)
[2022-12-18 20:22:07] Word 379446 (Frame index=3756 frame address=0x00020116 word=90 mask=0x00000100)
[2022-12-18 20:22:07] 4 bit errors
[2022-12-18 20:22:07] Cycle 299: 2022-07-31 03:38:10
[2022-12-18 20:22:12] Cycle 300: 2022-07-31 03:38:14
[2022-12-18 20:22:16] Word 1513007 (Frame index=14980 frame address=0x00440490 word=27 mask=0x00000200)
[2022-12-18 20:22:16] Word 1513108 (Frame index=14981 frame address=0x00440491 word=27 mask=0x00000100)
[2022-12-18 20:22:16] 2 bit errors
[2022-12-18 20:22:16] Cycle 301: 2022-07-31 03:38:18
[2022-12-18 20:22:20] Word 1254306 (Frame index=12418 frame address=0x00421492 word=88 mask=0x00000100)
[2022-12-18 20:22:20] 1 bit errors
[2022-12-18 20:22:20] Cycle 302: 2022-07-31 03:38:22
[2022-12-18 20:22:24] Cycle 303: 2022-07-31 03:38:26
[2022-12-18 20:22:28] Cycle 304: 2022-07-31 03:38:30
[2022-12-18 20:22:32] Word 139788 (Frame index=1384 frame address=0x000013a2 word=4 mask=0x00020000)
[2022-12-18 20:22:32] Word 742718 (Frame index=7353 frame address=0x0040001d word=65 mask=0x80000000)
[2022-12-18 20:22:32] 2 bit errors
[2022-12-18 20:22:32] Cycle 305: 2022-07-31 03:38:35
[2022-12-18 20:22:37] Cycle 306: 2022-07-31 03:38:39
[2022-12-18 20:22:41] Word 319498 (Frame index=3163 frame address=0x00002d93 word=35 mask=0x00100000)
[2022-12-18 20:22:41] 1 bit errors
[2022-12-18 20:22:41] Cycle 307: 2022-07-31 03:38:43
[2022-12-18 20:22:45] Cycle 308: 2022-07-31 03:38:47
[2022-12-18 20:22:49] Cycle 309: 2022-07-31 03:38:51
[2022-12-18 20:22:53] Word 434006 (Frame index=4297 frame address=0x00020913 word=9 mask=0x00000008)
[2022-12-18 20:22:53] Word 1467955 (Frame index=14534 frame address=0x00423320 word=21 mask=0x20000000)
[2022-12-18 20:22:53] Word 1468056 (Frame index=14535 frame address=0x00423321 word=21 mask=0x40000000)
[2022-12-18 20:22:53] 3 bit errors
[2022-12-18 20:22:53] Cycle 310: 2022-07-31 03:38:55
[2022-12-18 20:22:57] Cycle 311: 2022-07-31 03:39:00
[2022-12-18 20:23:01] Cycle 312: 2022-07-31 03:39:04
[2022-12-18 20:23:06] Word 689599 (Frame index=6827 frame address=0x00022d95 word=72 mask=0x00000020)
[2022-12-18 20:23:06] Word 946232 (Frame index=9368 frame address=0x00401d94 word=64 mask=0x00040000)
[2022-12-18 20:23:06] 2 bit errors
[2022-12-18 20:23:06] Cycle 313: 2022-07-31 03:39:08
[2022-12-18 20:23:10] Word 1022132 (Frame index=10120 frame address=0x00402884 word=12 mask=0x01000000)
[2022-12-18 20:23:10] Word 1022233 (Frame index=10121 frame address=0x00402885 word=12 mask=0x00800000)
[2022-12-18 20:23:10] Word 1521143 (Frame index=15060 frame address=0x004405a0 word=83 mask=0x80000000)
[2022-12-18 20:23:10] 3 bit errors
[2022-12-18 20:23:10] Cycle 314: 2022-07-31 03:39:12
[2022-12-18 20:23:14] Word 215146 (Frame index=2130 frame address=0x00001f06 word=16 mask=0x00000200)
[2022-12-18 20:23:14] Word 215247 (Frame index=2131 frame address=0x00001f07 word=16 mask=0x00000100)
[2022-12-18 20:23:14] 2 bit errors
[2022-12-18 20:23:14] Cycle 315: 2022-07-31 03:39:16
[2022-12-18 20:23:18] Word 107672 (Frame index=1066 frame address=0x00000f20 word=6 mask=0x00800000)
[2022-12-18 20:23:18] Word 1003161 (Frame index=9932 frame address=0x004025a0 word=29 mask=0x00001000)
[2022-12-18 20:23:18] Word 1003262 (Frame index=9933 frame address=0x004025a1 word=29 mask=0x00002000)
[2022-12-18 20:23:18] Word 1483065 (Frame index=14683 frame address=0x00440023 word=82 mask=0x00000400)
[2022-12-18 20:23:18] 4 bit errors
[2022-12-18 20:23:18] Cycle 316: 2022-07-31 03:39:20
[2022-12-18 20:23:22] Cycle 317: 2022-07-31 03:39:25
[2022-12-18 20:23:26] Word 865612 (Frame index=8570 frame address=0x00401204 word=42 mask=0x20000000)
[2022-12-18 20:23:26] 1 bit errors
[2022-12-18 20:23:26] Cycle 318: 2022-07-31 03:39:29
[2022-12-18 20:23:31] Cycle 319: 2022-07-31 03:39:33
[2022-12-18 20:23:35] Word 1588549 (Frame index=15728 frame address=0x00440f8a word=21 mask=0x00002000)
[2022-12-18 20:23:35] Word 1588650 (Frame index=15729 frame address=0x00440f8b word=21 mask=0x00001000)
[2022-12-18 20:23:35] 2 bit errors
[2022-12-18 20:23:35] Cycle 320: 2022-07-31 03:39:37
[2022-12-18 20:23:39] Word 1175499 (Frame index=11638 frame address=0x00420980 word=61 mask=0x00010000)
[2022-12-18 20:23:39] 1 bit errors
[2022-12-18 20:23:39] Cycle 321: 2022-07-31 03:39:41
[2022-12-18 20:23:43] Word 1296582 (Frame index=12837 frame address=0x00421a9d word=45 mask=0x00000200)
[2022-12-18 20:23:43] 1 bit errors
[2022-12-18 20:23:43] Cycle 322: 2022-07-31 03:39:45
[2022-12-18 20:23:47] Word 1423333 (Frame index=14092 frame address=0x00422ca2 word=41 mask=0x00800000)
[2022-12-18 20:23:47] 1 bit errors
[2022-12-18 20:23:47] Cycle 323: 2022-07-31 03:39:49
[2022-12-18 20:23:51] Word 1429185 (Frame index=14150 frame address=0x00422d94 word=35 mask=0x00000400)
[2022-12-18 20:23:51] 1 bit errors
[2022-12-18 20:23:51] Cycle 324: 2022-07-31 03:39:54
[2022-12-18 20:23:56] Cycle 325: 2022-07-31 03:39:58
[2022-12-18 20:24:00] Word 1807374 (Frame index=17894 frame address=0x00442f02 word=80 mask=0x00400000)
[2022-12-18 20:24:00] Word 1807475 (Frame index=17895 frame address=0x00442f03 word=80 mask=0x00200000)
[2022-12-18 20:24:00] 2 bit errors
[2022-12-18 20:24:00] Cycle 326: 2022-07-31 03:40:02
[2022-12-18 20:24:04] Word 679689 (Frame index=6729 frame address=0x00022c17 word=60 mask=0x00000040)
[2022-12-18 20:24:04] 1 bit errors
[2022-12-18 20:24:04] Cycle 327: 2022-07-31 03:40:06
[2022-12-18 20:24:08] Cycle 328: 2022-07-31 03:40:10
[2022-12-18 20:24:12] Word 459383 (Frame index=4548 frame address=0x00020c98 word=35 mask=0x00080000)
[2022-12-18 20:24:12] 1 bit errors
[2022-12-18 20:24:12] Cycle 329: 2022-07-31 03:40:14
[2022-12-18 20:24:16] Cycle 330: 2022-07-31 03:40:19
[2022-12-18 20:24:21] Word 334641 (Frame index=3313 frame address=0x00002fa1 word=28 mask=0x00400000)
[2022-12-18 20:24:21] Word 1211675 (Frame index=11996 frame address=0x00420e8c word=79 mask=0x80000000)
[2022-12-18 20:24:21] 2 bit errors
[2022-12-18 20:24:21] Cycle 331: 2022-07-31 03:40:23
[2022-12-18 20:24:25] Word 1217956 (Frame index=12058 frame address=0x00420f82 word=98 mask=0x00000200)
[2022-12-18 20:24:25] 1 bit errors
[2022-12-18 20:24:25] Cycle 332: 2022-07-31 03:40:27
[2022-12-18 20:24:29] Word 1561340 (Frame index=15458 frame address=0x00440b8e word=82 mask=0x00400000)
[2022-12-18 20:24:29] 1 bit errors
[2022-12-18 20:24:29] Cycle 333: 2022-07-31 03:40:31
[2022-12-18 20:24:33] Word 197211 (Frame index=1952 frame address=0x00001c1c word=59 mask=0x00000020)
[2022-12-18 20:24:33] Word 197312 (Frame index=1953 frame address=0x00001c1d word=59 mask=0x00000020)
[2022-12-18 20:24:33] 2 bit errors
[2022-12-18 20:24:33] Cycle 334: 2022-07-31 03:40:35
[2022-12-18 20:24:37] Word 56823 (Frame index=562 frame address=0x0000080a word=61 mask=0x10000000)
[2022-12-18 20:24:37] Word 56924 (Frame index=563 frame address=0x0000080b word=61 mask=0x08000000)
[2022-12-18 20:24:37] 2 bit errors
[2022-12-18 20:24:37] Cycle 335: 2022-07-31 03:40:39
[2022-12-18 20:24:41] Word 697262 (Frame index=6903 frame address=0x00022ea1 word=59 mask=0x00000400)
[2022-12-18 20:24:41] 1 bit errors
[2022-12-18 20:24:41] Cycle 336: 2022-07-31 03:40:44
[2022-12-18 20:24:46] Cycle 337: 2022-07-31 03:40:48
[2022-12-18 20:24:50] Cycle 338: 2022-07-31 03:40:52
[2022-12-18 20:24:54] Word 852717 (Frame index=8442 frame address=0x00401014 word=75 mask=0x00000100)
[2022-12-18 20:24:54] Word 1830822 (Frame index=18126 frame address=0x00443222 word=96 mask=0x00078000)
[2022-12-18 20:24:54] Word 1830923 (Frame index=18127 frame address=0x00443223 word=96 mask=0x0003c000)
[2022-12-18 20:24:54] 9 bit errors
[2022-12-18 20:24:54] Cycle 339: 2022-07-31 03:40:56
[2022-12-18 20:24:58] Cycle 340: 2022-07-31 03:41:00
[2022-12-18 20:25:02] Word 479019 (Frame index=4742 frame address=0x00020f8a word=77 mask=0x00000002)
[2022-12-18 20:25:02] Word 479120 (Frame index=4743 frame address=0x00020f8b word=77 mask=0x00000001)
[2022-12-18 20:25:02] 2 bit errors
[2022-12-18 20:25:02] Cycle 341: 2022-07-31 03:41:04
[2022-12-18 20:25:06] Cycle 342: 2022-07-31 03:41:09
[2022-12-18 20:25:11] Cycle 343: 2022-07-31 03:41:13
[2022-12-18 20:25:15] Cycle 344: 2022-07-31 03:41:17
[2022-12-18 20:25:19] Cycle 345: 2022-07-31 03:41:21
[2022-12-18 20:25:23] Cycle 346: 2022-07-31 03:41:25
[2022-12-18 20:25:27] Word 474001 (Frame index=4693 frame address=0x00020ea1 word=8 mask=0x00100000)
[2022-12-18 20:25:27] 1 bit errors
[2022-12-18 20:25:27] Cycle 347: 2022-07-31 03:41:29
[2022-12-18 20:25:31] Cycle 348: 2022-07-31 03:41:34
[2022-12-18 20:25:36] Word 1080830 (Frame index=10701 frame address=0x004030a1 word=29 mask=0x00010000)
[2022-12-18 20:25:36] 1 bit errors
[2022-12-18 20:25:36] Cycle 349: 2022-07-31 03:41:38
[2022-12-18 20:25:40] Word 1568168 (Frame index=15526 frame address=0x00440c90 word=42 mask=0x00000010)
[2022-12-18 20:25:40] Word 1568370 (Frame index=15528 frame address=0x00440c92 word=42 mask=0x00000008)
[2022-12-18 20:25:40] Word 1568572 (Frame index=15530 frame address=0x00440c94 word=42 mask=0x00000008)
[2022-12-18 20:25:40] 3 bit errors
[2022-12-18 20:25:40] Cycle 350: 2022-07-31 03:41:42
[2022-12-18 20:25:44] Cycle 351: 2022-07-31 03:41:46
[2022-12-18 20:25:48] Word 842658 (Frame index=8343 frame address=0x00400e95 word=15 mask=0x00000080)
[2022-12-18 20:25:48] 1 bit errors
[2022-12-18 20:25:48] Cycle 352: 2022-07-31 03:41:50
[2022-12-18 20:25:52] Cycle 353: 2022-07-31 03:41:54
[2022-12-18 20:25:56] Word 45637 (Frame index=451 frame address=0x00000623 word=86 mask=0x00000001)
[2022-12-18 20:25:56] Word 865409 (Frame index=8568 frame address=0x00401202 word=41 mask=0x80000000)
[2022-12-18 20:25:56] Word 1742990 (Frame index=17257 frame address=0x004425a1 word=33 mask=0x00000200)
[2022-12-18 20:25:56] 3 bit errors
[2022-12-18 20:25:56] Cycle 354: 2022-07-31 03:41:59
[2022-12-18 20:26:01] Cycle 355: 2022-07-31 03:42:03
[2022-12-18 20:26:05] Word 1544606 (Frame index=15293 frame address=0x0044091d word=13 mask=0x02000000)
[2022-12-18 20:26:05] 1 bit errors
[2022-12-18 20:26:05] Cycle 356: 2022-07-31 03:42:07
[2022-12-18 20:26:09] Word 729052 (Frame index=7218 frame address=0x00023384 word=34 mask=0x00000002)
[2022-12-18 20:26:09] Word 729153 (Frame index=7219 frame address=0x00023385 word=34 mask=0x00000001)
[2022-12-18 20:26:09] 2 bit errors
[2022-12-18 20:26:09] Cycle 357: 2022-07-31 03:42:11
[2022-12-18 20:26:13] Word 737195 (Frame index=7298 frame address=0x00023492 word=97 mask=0x00001000)
[2022-12-18 20:26:13] Word 737296 (Frame index=7299 frame address=0x00023493 word=97 mask=0x00000800)
[2022-12-18 20:26:13] 2 bit errors
[2022-12-18 20:26:13] Cycle 358: 2022-07-31 03:42:15
[2022-12-18 20:26:17] Word 1116164 (Frame index=11051 frame address=0x00420097 word=13 mask=0x00000040)
[2022-12-18 20:26:17] 1 bit errors
[2022-12-18 20:26:17] Cycle 359: 2022-07-31 03:42:19
[2022-12-18 20:26:21] Word 1817390 (Frame index=17993 frame address=0x00443081 word=97 mask=0x00800000)
[2022-12-18 20:26:21] 1 bit errors
[2022-12-18 20:26:21] Cycle 360: 2022-07-31 03:42:24
[2022-12-18 20:26:26] Cycle 361: 2022-07-31 03:42:28
[2022-12-18 20:26:30] Cycle 362: 2022-07-31 03:42:32
[2022-12-18 20:26:34] Cycle 363: 2022-07-31 03:42:36
[2022-12-18 20:26:38] Cycle 364: 2022-07-31 03:42:40
[2022-12-18 20:26:42] Cycle 365: 2022-07-31 03:42:44
[2022-12-18 20:26:46] Word 1582382 (Frame index=15667 frame address=0x00440e95 word=15 mask=0x00000080)
[2022-12-18 20:26:46] 1 bit errors
[2022-12-18 20:26:46] Cycle 366: 2022-07-31 03:42:49
[2022-12-18 20:26:50] Word 1769749 (Frame index=17522 frame address=0x0044298a word=27 mask=0x00000008)
[2022-12-18 20:26:50] 1 bit errors
[2022-12-18 20:26:50] Cycle 367: 2022-07-31 03:42:53
[2022-12-18 20:26:55] Word 1405206 (Frame index=13912 frame address=0x00422a1a word=94 mask=0x00040000)
[2022-12-18 20:26:55] Word 1405307 (Frame index=13913 frame address=0x00422a1b word=94 mask=0x00080000)
[2022-12-18 20:26:55] 2 bit errors
[2022-12-18 20:26:55] Cycle 368: 2022-07-31 03:42:57
[2022-12-18 20:26:59] Word 325913 (Frame index=3226 frame address=0x00002e92 word=87 mask=0x00001000)
[2022-12-18 20:26:59] Word 329553 (Frame index=3262 frame address=0x00002f12 word=91 mask=0x02000000)
[2022-12-18 20:26:59] Word 767682 (Frame index=7600 frame address=0x004003a0 word=82 mask=0x40000000)
[2022-12-18 20:26:59] 3 bit errors
[2022-12-18 20:26:59] Cycle 369: 2022-07-31 03:43:01
[2022-12-18 20:27:03] Word 1527588 (Frame index=15124 frame address=0x00440698 word=64 mask=0x04000000)
[2022-12-18 20:27:03] Word 1527689 (Frame index=15125 frame address=0x00440699 word=64 mask=0x02000000)
[2022-12-18 20:27:03] 2 bit errors
[2022-12-18 20:27:03] Cycle 370: 2022-07-31 03:43:05
[2022-12-18 20:27:07] Word 1260779 (Frame index=12482 frame address=0x0042158a word=97 mask=0x00004000)
[2022-12-18 20:27:07] Word 1260880 (Frame index=12483 frame address=0x0042158b word=97 mask=0x00002000)
[2022-12-18 20:27:07] 2 bit errors
[2022-12-18 20:27:07] Cycle 371: 2022-07-31 03:43:09
[2022-12-18 20:27:11] Cycle 372: 2022-07-31 03:43:14
[2022-12-18 20:27:15] Word 1146191 (Frame index=11348 frame address=0x00420512 word=43 mask=0x04000000)
[2022-12-18 20:27:15] 1 bit errors
[2022-12-18 20:27:15] Cycle 373: 2022-07-31 03:43:18
[2022-12-18 20:27:20] Cycle 374: 2022-07-31 03:43:22
[2022-12-18 20:27:24] Cycle 375: 2022-07-31 03:43:26
[2022-12-18 20:27:28] Cycle 376: 2022-07-31 03:43:30
[2022-12-18 20:27:32] Cycle 377: 2022-07-31 03:43:34
[2022-12-18 20:27:36] Word 154949 (Frame index=1534 frame address=0x00001614 word=15 mask=0x00000800)
[2022-12-18 20:27:36] 1 bit errors
[2022-12-18 20:27:36] Cycle 378: 2022-07-31 03:43:38
[2022-12-18 20:27:40] Word 294406 (Frame index=2914 frame address=0x00002a0e word=92 mask=0x00004000)
[2022-12-18 20:27:40] Word 704615 (Frame index=6976 frame address=0x00022fa2 word=39 mask=0x10000000)
[2022-12-18 20:27:40] Word 704716 (Frame index=6977 frame address=0x00022fa3 word=39 mask=0x20000000)
[2022-12-18 20:27:40] 3 bit errors
[2022-12-18 20:27:40] Cycle 379: 2022-07-31 03:43:43
[2022-12-18 20:27:45] Word 236309 (Frame index=2339 frame address=0x00002207 word=70 mask=0x00000100)
[2022-12-18 20:27:45] Word 899731 (Frame index=8908 frame address=0x004016a2 word=23 mask=0x00000008)
[2022-12-18 20:27:45] Word 899832 (Frame index=8909 frame address=0x004016a3 word=23 mask=0x00000010)
[2022-12-18 20:27:45] Word 1328071 (Frame index=13149 frame address=0x00421f83 word=22 mask=0x00000002)
[2022-12-18 20:27:45] Word 1587333 (Frame index=15716 frame address=0x00440f22 word=17 mask=0x80000000)
[2022-12-18 20:27:45] Word 1587435 (Frame index=15717 frame address=0x00440f23 word=18 mask=0x00000001)
[2022-12-18 20:27:45] 6 bit errors
[2022-12-18 20:27:45] Cycle 380: 2022-07-31 03:43:47
[2022-12-18 20:27:49] Word 746595 (Frame index=7392 frame address=0x0040009a word=3 mask=0x00001800)
[2022-12-18 20:27:49] Word 746696 (Frame index=7393 frame address=0x0040009b word=3 mask=0x00000c00)
[2022-12-18 20:27:49] 4 bit errors
[2022-12-18 20:27:49] Cycle 381: 2022-07-31 03:43:51
[2022-12-18 20:27:53] Word 283020 (Frame index=2802 frame address=0x0000288a word=18 mask=0x10000000)
[2022-12-18 20:27:53] 1 bit errors
[2022-12-18 20:27:53] Cycle 382: 2022-07-31 03:43:55
[2022-12-18 20:27:57] Word 291033 (Frame index=2881 frame address=0x00002991 word=52 mask=0x00000800)
[2022-12-18 20:27:57] 1 bit errors
[2022-12-18 20:27:57] Cycle 383: 2022-07-31 03:43:59
[2022-12-18 20:28:01] Cycle 384: 2022-07-31 03:44:03
[2022-12-18 20:28:05] Cycle 385: 2022-07-31 03:44:08
[2022-12-18 20:28:10] Word 1500435 (Frame index=14855 frame address=0x0044029b word=80 mask=0x00080000)
[2022-12-18 20:28:10] 1 bit errors
[2022-12-18 20:28:10] Cycle 386: 2022-07-31 03:44:12
[2022-12-18 20:28:14] Word 936896 (Frame index=9276 frame address=0x00401c1c word=20 mask=0x00000100)
[2022-12-18 20:28:14] Word 936997 (Frame index=9277 frame address=0x00401c1d word=20 mask=0x00000080)
[2022-12-18 20:28:14] 2 bit errors
[2022-12-18 20:28:14] Cycle 387: 2022-07-31 03:44:16
[2022-12-18 20:28:18] Cycle 388: 2022-07-31 03:44:20
[2022-12-18 20:28:22] Cycle 389: 2022-07-31 03:44:24
[2022-12-18 20:28:26] Word 1446098 (Frame index=14317 frame address=0x0042300f word=81 mask=0x04000000)
[2022-12-18 20:28:26] 1 bit errors
[2022-12-18 20:28:26] Cycle 390: 2022-07-31 03:44:28
[2022-12-18 20:28:30] Word 19999 (Frame index=198 frame address=0x00000292 word=1 mask=0x00000002)
[2022-12-18 20:28:30] Word 998778 (Frame index=9888 frame address=0x00402518 word=90 mask=0x00000001)
[2022-12-18 20:28:30] 2 bit errors
[2022-12-18 20:28:30] Cycle 391: 2022-07-31 03:44:33
[2022-12-18 20:28:35] Word 1287076 (Frame index=12743 frame address=0x00421923 word=33 mask=0x00040000)
[2022-12-18 20:28:35] 1 bit errors
[2022-12-18 20:28:35] Cycle 392: 2022-07-31 03:44:37
[2022-12-18 20:28:39] Cycle 393: 2022-07-31 03:44:41
[2022-12-18 20:28:43] Cycle 394: 2022-07-31 03:44:45
[2022-12-18 20:28:47] Cycle 395: 2022-07-31 03:44:49
[2022-12-18 20:28:51] Word 157744 (Frame index=1561 frame address=0x0000168b word=83 mask=0x00000080)
[2022-12-18 20:28:51] 1 bit errors
[2022-12-18 20:28:51] Cycle 396: 2022-07-31 03:44:53
[2022-12-18 20:28:55] Word 331204 (Frame index=3279 frame address=0x00002f23 word=25 mask=0x80000000)
[2022-12-18 20:28:55] Word 1182337 (Frame index=11706 frame address=0x00420a20 word=31 mask=0x00020000)
[2022-12-18 20:28:55] Word 1182438 (Frame index=11707 frame address=0x00420a21 word=31 mask=0x00040000)
[2022-12-18 20:28:55] 3 bit errors
[2022-12-18 20:28:55] Cycle 397: 2022-07-31 03:44:58
[2022-12-18 20:29:00] Word 1510616 (Frame index=14956 frame address=0x0044041c word=60 mask=0x04000000)
[2022-12-18 20:29:00] 1 bit errors
[2022-12-18 20:29:00] Cycle 398: 2022-07-31 03:45:02
[2022-12-18 20:29:04] Cycle 399: 2022-07-31 03:45:06
[2022-12-18 20:29:08] Word 341137 (Frame index=3377 frame address=0x000030a1 word=60 mask=0x01000000)
[2022-12-18 20:29:08] 1 bit errors
[2022-12-18 20:29:08] Cycle 400: 2022-07-31 03:45:10
[2022-12-18 20:29:12] Word 418816 (Frame index=4146 frame address=0x000206a0 word=70 mask=0x08000000)
[2022-12-18 20:29:12] Word 672909 (Frame index=6662 frame address=0x00022b1c word=47 mask=0x08000000)
[2022-12-18 20:29:12] Word 673010 (Frame index=6663 frame address=0x00022b1d word=47 mask=0x04000000)
[2022-12-18 20:29:12] 3 bit errors
[2022-12-18 20:29:12] Cycle 401: 2022-07-31 03:45:14
[2022-12-18 20:29:16] Word 483599 (Frame index=4788 frame address=0x0002101c word=11 mask=0x00000001)
[2022-12-18 20:29:16] 1 bit errors
[2022-12-18 20:29:16] Cycle 402: 2022-07-31 03:45:18
[2022-12-18 20:29:20] Cycle 403: 2022-07-31 03:45:23
[2022-12-18 20:29:25] Word 672196 (Frame index=6655 frame address=0x00022b15 word=41 mask=0x00002000)
[2022-12-18 20:29:25] 1 bit errors
[2022-12-18 20:29:25] Cycle 404: 2022-07-31 03:45:27
[2022-12-18 20:29:29] Word 837498 (Frame index=8292 frame address=0x00400da2 word=6 mask=0x00000800)
[2022-12-18 20:29:29] Word 1507286 (Frame index=14923 frame address=0x0044039f word=63 mask=0x10000000)
[2022-12-18 20:29:29] Word 1520488 (Frame index=15054 frame address=0x0044059a word=34 mask=0x00008000)
[2022-12-18 20:29:29] 3 bit errors
[2022-12-18 20:29:29] Cycle 405: 2022-07-31 03:45:31
[2022-12-18 20:29:33] Cycle 406: 2022-07-31 03:45:35
[2022-12-18 20:29:37] Cycle 407: 2022-07-31 03:45:39
[2022-12-18 20:29:41] Word 885373 (Frame index=8766 frame address=0x0040149c word=7 mask=0x00000010)
[2022-12-18 20:29:41] Word 885474 (Frame index=8767 frame address=0x0040149d word=7 mask=0x00000008)
[2022-12-18 20:29:41] 2 bit errors
[2022-12-18 20:29:41] Cycle 408: 2022-07-31 03:45:43
[2022-12-18 20:29:45] Cycle 409: 2022-07-31 03:45:48
[2022-12-18 20:29:50] Word 1113097 (Frame index=11020 frame address=0x00420022 word=77 mask=0x00800000)
[2022-12-18 20:29:50] Word 1113198 (Frame index=11021 frame address=0x00420023 word=77 mask=0x00800000)
[2022-12-18 20:29:50] 2 bit errors
[2022-12-18 20:29:50] Cycle 410: 2022-07-31 03:45:52
[2022-12-18 20:29:54] Word 302861 (Frame index=2998 frame address=0x00002b1a word=63 mask=0x00000200)
[2022-12-18 20:29:54] Word 302962 (Frame index=2999 frame address=0x00002b1b word=63 mask=0x00000400)
[2022-12-18 20:29:54] Word 1296916 (Frame index=12840 frame address=0x00421aa0 word=76 mask=0x00000200)
[2022-12-18 20:29:54] Word 1446724 (Frame index=14324 frame address=0x00423016 word=0 mask=0x00800000)
[2022-12-18 20:29:54] Word 1446825 (Frame index=14325 frame address=0x00423017 word=0 mask=0x00400000)
[2022-12-18 20:29:54] 5 bit errors
[2022-12-18 20:29:54] Cycle 411: 2022-07-31 03:45:56
[2022-12-18 20:29:58] Cycle 412: 2022-07-31 03:46:00
[2022-12-18 20:30:02] Word 717076 (Frame index=7099 frame address=0x00023195 word=77 mask=0x04000000)
[2022-12-18 20:30:02] Word 1483087 (Frame index=14684 frame address=0x00440024 word=3 mask=0x00004000)
[2022-12-18 20:30:02] 2 bit errors
[2022-12-18 20:30:02] Cycle 413: 2022-07-31 03:46:04
[2022-12-18 20:30:06] Word 697129 (Frame index=6902 frame address=0x00022ea0 word=27 mask=0x00000040)
[2022-12-18 20:30:06] 1 bit errors
[2022-12-18 20:30:06] Cycle 414: 2022-07-31 03:46:08
[2022-12-18 20:30:10] Word 1841935 (Frame index=18236 frame address=0x00443400 word=99 mask=0x00000400)
[2022-12-18 20:30:10] 1 bit errors
[2022-12-18 20:30:10] Cycle 415: 2022-07-31 03:46:13
[2022-12-18 20:30:15] Cycle 416: 2022-07-31 03:46:17
[2022-12-18 20:30:19] Word 869232 (Frame index=8606 frame address=0x00401284 word=26 mask=0x00004000)
[2022-12-18 20:30:19] Word 1219019 (Frame index=12069 frame address=0x00420f8d word=50 mask=0x00000020)
[2022-12-18 20:30:19] 2 bit errors
[2022-12-18 20:30:19] Cycle 417: 2022-07-31 03:46:21
[2022-12-18 20:30:23] Word 912696 (Frame index=9036 frame address=0x0040189a word=60 mask=0x00000010)
[2022-12-18 20:30:23] Word 912797 (Frame index=9037 frame address=0x0040189b word=60 mask=0x00000020)
[2022-12-18 20:30:23] 2 bit errors
[2022-12-18 20:30:23] Cycle 418: 2022-07-31 03:46:25
[2022-12-18 20:30:27] Cycle 419: 2022-07-31 03:46:29
[2022-12-18 20:30:31] Cycle 420: 2022-07-31 03:46:33
[2022-12-18 20:30:35] Cycle 421: 2022-07-31 03:46:38
[2022-12-18 20:30:39] Word 1466612 (Frame index=14520 frame address=0x00423312 word=92 mask=0x00020000)
[2022-12-18 20:30:39] 1 bit errors
[2022-12-18 20:30:39] Cycle 422: 2022-07-31 03:46:42
[2022-12-18 20:30:44] Word 1268461 (Frame index=12559 frame address=0x00421697 word=2 mask=0x00000010)
[2022-12-18 20:30:44] 1 bit errors
[2022-12-18 20:30:44] Cycle 423: 2022-07-31 03:46:46
[2022-12-18 20:30:48] Cycle 424: 2022-07-31 03:46:50
[2022-12-18 20:30:52] Word 1825913 (Frame index=18078 frame address=0x0044318e word=35 mask=0x00000008)
[2022-12-18 20:30:52] 1 bit errors
[2022-12-18 20:30:52] Cycle 425: 2022-07-31 03:46:54
[2022-12-18 20:30:56] Cycle 426: 2022-07-31 03:46:58
[2022-12-18 20:31:00] Word 919166 (Frame index=9100 frame address=0x00401992 word=66 mask=0x00000004)
[2022-12-18 20:31:00] 1 bit errors
[2022-12-18 20:31:00] Cycle 427: 2022-07-31 03:47:03
[2022-12-18 20:31:04] Word 1006928 (Frame index=9969 frame address=0x00402621 word=59 mask=0x00001000)
[2022-12-18 20:31:04] 1 bit errors
[2022-12-18 20:31:04] Cycle 428: 2022-07-31 03:47:07
[2022-12-18 20:31:09] Word 642967 (Frame index=6366 frame address=0x00022714 word=1 mask=0x20000000)
[2022-12-18 20:31:09] 1 bit errors
[2022-12-18 20:31:09] Cycle 429: 2022-07-31 03:47:11
[2022-12-18 20:31:13] Cycle 430: 2022-07-31 03:47:15
[2022-12-18 20:31:17] Cycle 431: 2022-07-31 03:47:19
[2022-12-18 20:31:21] Cycle 432: 2022-07-31 03:47:23
[2022-12-18 20:31:25] Cycle 433: 2022-07-31 03:47:27
[2022-12-18 20:31:29] Word 686690 (Frame index=6798 frame address=0x00022d1c word=92 mask=0x40000000)
[2022-12-18 20:31:29] 1 bit errors
[2022-12-18 20:31:29] Cycle 434: 2022-07-31 03:47:32
[2022-12-18 20:31:34] Cycle 435: 2022-07-31 03:47:36
[2022-12-18 20:31:38] Word 273918 (Frame index=2712 frame address=0x0000271c word=6 mask=0x00400000)
[2022-12-18 20:31:38] Word 740695 (Frame index=7333 frame address=0x00400009 word=62 mask=0x00000001)
[2022-12-18 20:31:38] 2 bit errors
[2022-12-18 20:31:38] Cycle 436: 2022-07-31 03:47:40
[2022-12-18 20:31:42] Cycle 437: 2022-07-31 03:47:44
[2022-12-18 20:31:46] Cycle 438: 2022-07-31 03:47:48
[2022-12-18 20:31:50] Word 1089299 (Frame index=10785 frame address=0x00403211 word=14 mask=0x00000020)
[2022-12-18 20:31:50] 1 bit errors
[2022-12-18 20:31:50] Cycle 439: 2022-07-31 03:47:52
[2022-12-18 20:31:54] Word 700360 (Frame index=6934 frame address=0x00022f1c word=26 mask=0x10000000)
[2022-12-18 20:31:54] Word 700461 (Frame index=6935 frame address=0x00022f1d word=26 mask=0x08000000)
[2022-12-18 20:31:54] 2 bit errors
[2022-12-18 20:31:54] Cycle 440: 2022-07-31 03:47:57
[2022-12-18 20:31:59] Cycle 441: 2022-07-31 03:48:01
[2022-12-18 20:32:03] Cycle 442: 2022-07-31 03:48:05
[2022-12-18 20:32:07] Cycle 443: 2022-07-31 03:48:09
[2022-12-18 20:32:11] Cycle 444: 2022-07-31 03:48:13
[2022-12-18 20:32:15] Word 650473 (Frame index=6440 frame address=0x00022816 word=33 mask=0x00000010)
[2022-12-18 20:32:15] Word 652727 (Frame index=6462 frame address=0x00022888 word=65 mask=0x20000000)
[2022-12-18 20:32:15] Word 652828 (Frame index=6463 frame address=0x00022889 word=65 mask=0x10000000)
[2022-12-18 20:32:15] Word 768366 (Frame index=7607 frame address=0x00400403 word=59 mask=0x00000010)
[2022-12-18 20:32:15] 4 bit errors
[2022-12-18 20:32:15] Cycle 445: 2022-07-31 03:48:17
[2022-12-18 20:32:19] Cycle 446: 2022-07-31 03:48:22
[2022-12-18 20:32:24] Cycle 447: 2022-07-31 03:48:26
[2022-12-18 20:32:28] Word 390936 (Frame index=3870 frame address=0x0002029c word=66 mask=0x00000004)
[2022-12-18 20:32:28] 1 bit errors
[2022-12-18 20:32:28] Cycle 448: 2022-07-31 03:48:30
[2022-12-18 20:32:32] Cycle 449: 2022-07-31 03:48:34
[2022-12-18 20:32:36] Word 375227 (Frame index=3715 frame address=0x0002008b word=12 mask=0x00000004)
[2022-12-18 20:32:36] Word 1052994 (Frame index=10425 frame address=0x00402c9d word=69 mask=0x10000000)
[2022-12-18 20:32:36] 2 bit errors
[2022-12-18 20:32:36] Cycle 450: 2022-07-31 03:48:38
[2022-12-18 20:32:40] Word 1003338 (Frame index=9934 frame address=0x004025a2 word=4 mask=0x00c00000)
[2022-12-18 20:32:40] Word 1003439 (Frame index=9935 frame address=0x004025a3 word=4 mask=0x00600000)
[2022-12-18 20:32:40] 4 bit errors
[2022-12-18 20:32:40] Cycle 451: 2022-07-31 03:48:42
[2022-12-18 20:32:44] Word 1015674 (Frame index=10056 frame address=0x0040278c word=18 mask=0x01000000)
[2022-12-18 20:32:44] 1 bit errors
[2022-12-18 20:32:44] Cycle 452: 2022-07-31 03:48:47
[2022-12-18 20:32:49] Word 445934 (Frame index=4415 frame address=0x00020a9d word=19 mask=0x08000000)
[2022-12-18 20:32:49] Word 559256 (Frame index=5537 frame address=0x00021b11 word=19 mask=0x00000010)
[2022-12-18 20:32:49] Word 1766966 (Frame index=17494 frame address=0x00442912 word=72 mask=0x00000400)
[2022-12-18 20:32:49] Word 1767067 (Frame index=17495 frame address=0x00442913 word=72 mask=0x00000200)
[2022-12-18 20:32:49] Word 1805944 (Frame index=17880 frame address=0x00442e98 word=64 mask=0x00000001)
[2022-12-18 20:32:49] 5 bit errors
[2022-12-18 20:32:49] Cycle 453: 2022-07-31 03:48:51
[2022-12-18 20:32:53] Cycle 454: 2022-07-31 03:48:55
[2022-12-18 20:32:57] Cycle 455: 2022-07-31 03:48:59
[2022-12-18 20:33:01] Word 319167 (Frame index=3160 frame address=0x00002d90 word=7 mask=0x40000000)
[2022-12-18 20:33:01] Word 1757960 (Frame index=17405 frame address=0x00442801 word=55 mask=0x00100000)
[2022-12-18 20:33:01] 2 bit errors
[2022-12-18 20:33:01] Cycle 456: 2022-07-31 03:49:03
[2022-12-18 20:33:05] Word 1013998 (Frame index=10039 frame address=0x0040271f word=59 mask=0x20000000)
[2022-12-18 20:33:05] Word 1560137 (Frame index=15446 frame address=0x00440b82 word=91 mask=0x00000200)
[2022-12-18 20:33:05] Word 1560238 (Frame index=15447 frame address=0x00440b83 word=91 mask=0x00000100)
[2022-12-18 20:33:05] 3 bit errors
[2022-12-18 20:33:05] Cycle 457: 2022-07-31 03:49:07
[2022-12-18 20:33:09] Cycle 458: 2022-07-31 03:49:12
[2022-12-18 20:33:14] Cycle 459: 2022-07-31 03:49:16
[2022-12-18 20:33:18] Word 1216883 (Frame index=12048 frame address=0x00420f1c word=35 mask=0x00000008)
[2022-12-18 20:33:18] Word 1216984 (Frame index=12049 frame address=0x00420f1d word=35 mask=0x00000004)
[2022-12-18 20:33:18] 2 bit errors
[2022-12-18 20:33:18] Cycle 460: 2022-07-31 03:49:20
[2022-12-18 20:33:22] Word 1576500 (Frame index=15608 frame address=0x00440d9a word=92 mask=0x00001000)
[2022-12-18 20:33:22] Word 1576601 (Frame index=15609 frame address=0x00440d9b word=92 mask=0x00002000)
[2022-12-18 20:33:22] 2 bit errors
[2022-12-18 20:33:22] Cycle 461: 2022-07-31 03:49:24
[2022-12-18 20:33:26] Word 235220 (Frame index=2328 frame address=0x000021a0 word=92 mask=0x40000000)
[2022-12-18 20:33:26] 1 bit errors
[2022-12-18 20:33:26] Cycle 462: 2022-07-31 03:49:28
[2022-12-18 20:33:30] Cycle 463: 2022-07-31 03:49:32
[2022-12-18 20:33:34] Cycle 464: 2022-07-31 03:49:37
[2022-12-18 20:33:39] Cycle 465: 2022-07-31 03:49:41
[2022-12-18 20:33:43] Word 913265 (Frame index=9042 frame address=0x004018a0 word=23 mask=0x00002000)
[2022-12-18 20:33:43] 1 bit errors
[2022-12-18 20:33:43] Cycle 466: 2022-07-31 03:49:45
[2022-12-18 20:33:47] Cycle 467: 2022-07-31 03:49:49
[2022-12-18 20:33:51] Word 233107 (Frame index=2307 frame address=0x0000218b word=100 mask=0x00000010)
[2022-12-18 20:33:51] 1 bit errors
[2022-12-18 20:33:51] Cycle 468: 2022-07-31 03:49:53
[2022-12-18 20:33:55] Word 1830157 (Frame index=18120 frame address=0x0044321c word=37 mask=0x00040000)
[2022-12-18 20:33:55] 1 bit errors
[2022-12-18 20:33:55] Cycle 469: 2022-07-31 03:49:57
[2022-12-18 20:33:59] Word 830482 (Frame index=8222 frame address=0x00400d00 word=60 mask=0x00040000)
[2022-12-18 20:33:59] Word 1123169 (Frame index=11120 frame address=0x0042019a word=49 mask=0x01000000)
[2022-12-18 20:33:59] 2 bit errors
[2022-12-18 20:33:59] Cycle 470: 2022-07-31 03:50:02
[2022-12-18 20:34:03] Word 1597417 (Frame index=15816 frame address=0x004410a2 word=1 mask=0x02000000)
[2022-12-18 20:34:03] 1 bit errors
[2022-12-18 20:34:03] Cycle 471: 2022-07-31 03:50:06
[2022-12-18 20:34:08] Word 417304 (Frame index=4131 frame address=0x00020691 word=73 mask=0x04000000)
[2022-12-18 20:34:08] 1 bit errors
[2022-12-18 20:34:08] Cycle 472: 2022-07-31 03:50:10
[2022-12-18 20:34:12] Word 149906 (Frame index=1484 frame address=0x00001522 word=22 mask=0x00400000)
[2022-12-18 20:34:12] Word 150007 (Frame index=1485 frame address=0x00001523 word=22 mask=0x00800000)
[2022-12-18 20:34:12] Word 872177 (Frame index=8635 frame address=0x004012a1 word=42 mask=0x00040000)
[2022-12-18 20:34:12] 3 bit errors
[2022-12-18 20:34:12] Cycle 473: 2022-07-31 03:50:14
[2022-12-18 20:34:16] Cycle 474: 2022-07-31 03:50:18
[2022-12-18 20:34:20] Word 303549 (Frame index=3005 frame address=0x00002b21 word=44 mask=0x00000100)
[2022-12-18 20:34:20] Word 562895 (Frame index=5573 frame address=0x00021b91 word=22 mask=0x00000040)
[2022-12-18 20:34:20] 2 bit errors
[2022-12-18 20:34:20] Cycle 475: 2022-07-31 03:50:22
[2022-12-18 20:34:24] Cycle 476: 2022-07-31 03:50:27
[2022-12-18 20:34:28] Word 434948 (Frame index=4306 frame address=0x0002091c word=42 mask=0x00020000)
[2022-12-18 20:34:28] Word 1384164 (Frame index=13704 frame address=0x00422722 word=60 mask=0x01000000)
[2022-12-18 20:34:28] Word 1384265 (Frame index=13705 frame address=0x00422723 word=60 mask=0x02000000)
[2022-12-18 20:34:28] 3 bit errors
[2022-12-18 20:34:28] Cycle 477: 2022-07-31 03:50:31
[2022-12-18 20:34:33] Word 380459 (Frame index=3766 frame address=0x00020120 word=93 mask=0x00000030)
[2022-12-18 20:34:33] Word 380560 (Frame index=3767 frame address=0x00020121 word=93 mask=0x00000060)
[2022-12-18 20:34:33] Word 974937 (Frame index=9652 frame address=0x004021a0 word=85 mask=0x00000008)
[2022-12-18 20:34:33] Word 1151113 (Frame index=11397 frame address=0x0042059f word=16 mask=0x00000020)
[2022-12-18 20:34:33] 6 bit errors
[2022-12-18 20:34:33] Cycle 478: 2022-07-31 03:50:35
[2022-12-18 20:34:37] Cycle 479: 2022-07-31 03:50:39
[2022-12-18 20:34:41] Word 1311868 (Frame index=12988 frame address=0x00421d06 word=80 mask=0x00100000)
[2022-12-18 20:34:41] 1 bit errors
[2022-12-18 20:34:41] Cycle 480: 2022-07-31 03:50:43
[2022-12-18 20:34:45] Cycle 481: 2022-07-31 03:50:47
[2022-12-18 20:34:49] Cycle 482: 2022-07-31 03:50:52
[2022-12-18 20:34:53] Cycle 483: 2022-07-31 03:50:56
[2022-12-18 20:34:58] Cycle 484: 2022-07-31 03:51:00
[2022-12-18 20:35:02] Cycle 485: 2022-07-31 03:51:04
[2022-12-18 20:35:06] Cycle 486: 2022-07-31 03:51:08
[2022-12-18 20:35:10] Cycle 487: 2022-07-31 03:51:12
[2022-12-18 20:35:14] Cycle 488: 2022-07-31 03:51:16
[2022-12-18 20:35:18] Word 1405846 (Frame index=13919 frame address=0x00422a21 word=27 mask=0x01000000)
[2022-12-18 20:35:18] 1 bit errors
[2022-12-18 20:35:18] Cycle 489: 2022-07-31 03:51:21
[2022-12-18 20:35:23] Cycle 490: 2022-07-31 03:51:25
[2022-12-18 20:35:27] Cycle 491: 2022-07-31 03:51:29
[2022-12-18 20:35:31] Cycle 492: 2022-07-31 03:51:33
[2022-12-18 20:35:35] Cycle 493: 2022-07-31 03:51:37
[2022-12-18 20:35:39] Word 1394655 (Frame index=13808 frame address=0x0042289e word=47 mask=0x00020000)
[2022-12-18 20:35:39] 1 bit errors
[2022-12-18 20:35:39] Cycle 494: 2022-07-31 03:51:41
[2022-12-18 20:35:43] Cycle 495: 2022-07-31 03:51:46
[2022-12-18 20:35:48] Word 90485 (Frame index=895 frame address=0x00000ca1 word=90 mask=0x80000000)
[2022-12-18 20:35:48] Word 177185 (Frame index=1754 frame address=0x00001920 word=31 mask=0x00800000)
[2022-12-18 20:35:48] 2 bit errors
[2022-12-18 20:35:48] Cycle 496: 2022-07-31 03:51:50
[2022-12-18 20:35:52] Cycle 497: 2022-07-31 03:51:54
[2022-12-18 20:35:56] Word 284467 (Frame index=2816 frame address=0x00002898 word=51 mask=0x10000000)
[2022-12-18 20:35:56] Word 1001042 (Frame index=9911 frame address=0x0040258b word=31 mask=0x02000000)
[2022-12-18 20:35:56] 2 bit errors
[2022-12-18 20:35:56] Cycle 498: 2022-07-31 03:51:58
[2022-12-18 20:36:00] Word 1537435 (Frame index=15222 frame address=0x00440816 word=13 mask=0x00000010)
[2022-12-18 20:36:00] 1 bit errors
[2022-12-18 20:36:00] Cycle 499: 2022-07-31 03:52:02
[2022-12-18 20:36:04] Word 835712 (Frame index=8274 frame address=0x00400d90 word=38 mask=0x00001000)
[2022-12-18 20:36:04] 1 bit errors
[2022-12-18 20:36:04] Cycle 500: 2022-07-31 03:52:06
[2022-12-18 20:36:08] Word 655431 (Frame index=6489 frame address=0x000228a3 word=42 mask=0x20000000)
[2022-12-18 20:36:08] 1 bit errors
[2022-12-18 20:36:08] Cycle 501: 2022-07-31 03:52:11
[2022-12-18 20:36:13] Cycle 502: 2022-07-31 03:52:15
[2022-12-18 20:36:17] Word 162998 (Frame index=1613 frame address=0x0000171b word=85 mask=0x00100000)
[2022-12-18 20:36:17] 1 bit errors
[2022-12-18 20:36:17] Cycle 503: 2022-07-31 03:52:19
[2022-12-18 20:36:21] Word 902805 (Frame index=8938 frame address=0x0040171c word=67 mask=0x00400000)
[2022-12-18 20:36:21] Word 902906 (Frame index=8939 frame address=0x0040171d word=67 mask=0x00200000)
[2022-12-18 20:36:21] Word 1833544 (Frame index=18153 frame address=0x00443299 word=91 mask=0x00000800)
[2022-12-18 20:36:21] 3 bit errors
[2022-12-18 20:36:21] Cycle 504: 2022-07-31 03:52:23
[2022-12-18 20:36:25] Word 61239 (Frame index=606 frame address=0x00000892 word=33 mask=0x00200000)
[2022-12-18 20:36:25] 1 bit errors
[2022-12-18 20:36:25] Cycle 505: 2022-07-31 03:52:27
[2022-12-18 20:36:29] Word 1643 (Frame index=16 frame address=0x00000010 word=27 mask=0x00002000)
[2022-12-18 20:36:29] Word 1744 (Frame index=17 frame address=0x00000011 word=27 mask=0x00001000)
[2022-12-18 20:36:29] 2 bit errors
[2022-12-18 20:36:29] Cycle 506: 2022-07-31 03:52:31
[2022-12-18 20:36:33] Cycle 507: 2022-07-31 03:52:36
[2022-12-18 20:36:38] Cycle 508: 2022-07-31 03:52:40
[2022-12-18 20:36:42] Word 179855 (Frame index=1780 frame address=0x00001996 word=75 mask=0x04000000)
[2022-12-18 20:36:42] Word 751290 (Frame index=7438 frame address=0x00400186 word=52 mask=0x00200000)
[2022-12-18 20:36:42] Word 1215240 (Frame index=12032 frame address=0x00420f0c word=8 mask=0x01000000)
[2022-12-18 20:36:42] 3 bit errors
[2022-12-18 20:36:42] Cycle 509: 2022-07-31 03:52:44
[2022-12-18 20:36:46] Cycle 510: 2022-07-31 03:52:48
[2022-12-18 20:36:50] Cycle 511: 2022-07-31 03:52:52
[2022-12-18 20:36:54] Word 448224 (Frame index=4437 frame address=0x00020b0f word=87 mask=0x00000100)
[2022-12-18 20:36:54] 1 bit errors
[2022-12-18 20:36:54] Cycle 512: 2022-07-31 03:52:56
[2022-12-18 20:36:58] Cycle 513: 2022-07-31 03:53:01
[2022-12-18 20:37:03] Cycle 514: 2022-07-31 03:53:05
[2022-12-18 20:37:07] Cycle 515: 2022-07-31 03:53:09
[2022-12-18 20:37:11] Cycle 516: 2022-07-31 03:53:13
[2022-12-18 20:37:15] Cycle 517: 2022-07-31 03:53:17
[2022-12-18 20:37:19] Word 113482 (Frame index=1123 frame address=0x00001019 word=59 mask=0x00008000)
[2022-12-18 20:37:19] 1 bit errors
[2022-12-18 20:37:19] Cycle 518: 2022-07-31 03:53:21
[2022-12-18 20:37:23] Cycle 519: 2022-07-31 03:53:26
[2022-12-18 20:37:28] Word 1047477 (Frame index=10371 frame address=0x00402c03 word=6 mask=0x00000001)
[2022-12-18 20:37:28] Word 1564500 (Frame index=15490 frame address=0x00440c0a word=10 mask=0x20000000)
[2022-12-18 20:37:28] Word 1564601 (Frame index=15491 frame address=0x00440c0b word=10 mask=0x10000000)
[2022-12-18 20:37:28] 3 bit errors
[2022-12-18 20:37:28] Cycle 520: 2022-07-31 03:53:30
[2022-12-18 20:37:32] Word 767713 (Frame index=7601 frame address=0x004003a1 word=12 mask=0x01000000)
[2022-12-18 20:37:32] Word 1053323 (Frame index=10428 frame address=0x00402ca0 word=95 mask=0x02000000)
[2022-12-18 20:37:32] 2 bit errors
[2022-12-18 20:37:32] Cycle 521: 2022-07-31 03:53:34
[2022-12-18 20:37:36] Cycle 522: 2022-07-31 03:53:38
[2022-12-18 20:37:40] Cycle 523: 2022-07-31 03:53:42
[2022-12-18 20:37:44] Cycle 524: 2022-07-31 03:53:46
[2022-12-18 20:37:48] Word 285427 (Frame index=2826 frame address=0x000028a2 word=1 mask=0x00040000)
[2022-12-18 20:37:48] Word 413509 (Frame index=4094 frame address=0x00020610 word=15 mask=0x00000200)
[2022-12-18 20:37:48] 2 bit errors
[2022-12-18 20:37:48] Cycle 525: 2022-07-31 03:53:51
[2022-12-18 20:37:52] Word 372912 (Frame index=3692 frame address=0x0002001e word=20 mask=0x10000000)
[2022-12-18 20:37:52] 1 bit errors
[2022-12-18 20:37:52] Cycle 526: 2022-07-31 03:53:55
[2022-12-18 20:37:57] Word 1535919 (Frame index=15207 frame address=0x00440807 word=12 mask=0x00000400)
[2022-12-18 20:37:57] 1 bit errors
[2022-12-18 20:37:57] Cycle 527: 2022-07-31 03:53:59
[2022-12-18 20:38:01] Word 365271 (Frame index=3616 frame address=0x0000341c word=55 mask=0x00400000)
[2022-12-18 20:38:01] 1 bit errors
[2022-12-18 20:38:01] Cycle 528: 2022-07-31 03:54:03
[2022-12-18 20:38:05] Cycle 529: 2022-07-31 03:54:07
[2022-12-18 20:38:09] Word 368584 (Frame index=3649 frame address=0x0000349f word=35 mask=0x00000040)
[2022-12-18 20:38:09] Word 696027 (Frame index=6891 frame address=0x00022e95 word=36 mask=0x00080000)
[2022-12-18 20:38:09] 2 bit errors
[2022-12-18 20:38:09] Cycle 530: 2022-07-31 03:54:11
[2022-12-18 20:38:13] Word 1510567 (Frame index=14956 frame address=0x0044041c word=11 mask=0x00000400)
[2022-12-18 20:38:13] 1 bit errors
[2022-12-18 20:38:13] Cycle 531: 2022-07-31 03:54:16
[2022-12-18 20:38:17] Cycle 532: 2022-07-31 03:54:20
[2022-12-18 20:38:22] Cycle 533: 2022-07-31 03:54:24
[2022-12-18 20:38:26] Word 649774 (Frame index=6433 frame address=0x0002280f word=41 mask=0x00000080)
[2022-12-18 20:38:26] Word 1809949 (Frame index=17920 frame address=0x00442f1c word=29 mask=0x00010000)
[2022-12-18 20:38:26] 2 bit errors
[2022-12-18 20:38:26] Cycle 534: 2022-07-31 03:54:28
[2022-12-18 20:38:30] Word 11540 (Frame index=114 frame address=0x00000186 word=26 mask=0x00040000)
[2022-12-18 20:38:30] 1 bit errors
[2022-12-18 20:38:30] Cycle 535: 2022-07-31 03:54:32
[2022-12-18 20:38:34] Cycle 536: 2022-07-31 03:54:36
[2022-12-18 20:38:38] Word 307108 (Frame index=3040 frame address=0x00002ba0 word=68 mask=0x00004000)
[2022-12-18 20:38:38] Word 307209 (Frame index=3041 frame address=0x00002ba1 word=68 mask=0x00008000)
[2022-12-18 20:38:38] 2 bit errors
[2022-12-18 20:38:38] Cycle 537: 2022-07-31 03:54:41
[2022-12-18 20:38:42] Word 1187356 (Frame index=11756 frame address=0x00420b0a word=0 mask=0x00800000)
[2022-12-18 20:38:42] 1 bit errors
[2022-12-18 20:38:42] Cycle 538: 2022-07-31 03:54:45
[2022-12-18 20:38:47] Cycle 539: 2022-07-31 03:54:49
[2022-12-18 20:38:51] Word 1179424 (Frame index=11677 frame address=0x00420a03 word=47 mask=0x00001000)
[2022-12-18 20:38:51] 1 bit errors
[2022-12-18 20:38:51] Cycle 540: 2022-07-31 03:54:53
[2022-12-18 20:38:55] Cycle 541: 2022-07-31 03:54:57
[2022-12-18 20:38:59] Cycle 542: 2022-07-31 03:55:01
[2022-12-18 20:39:03] Cycle 543: 2022-07-31 03:55:05
[2022-12-18 20:39:07] Cycle 544: 2022-07-31 03:55:10
[2022-12-18 20:39:12] Word 1289642 (Frame index=12768 frame address=0x00421998 word=74 mask=0x08000000)
[2022-12-18 20:39:12] Word 1289743 (Frame index=12769 frame address=0x00421999 word=74 mask=0x08000000)
[2022-12-18 20:39:12] 2 bit errors
[2022-12-18 20:39:12] Cycle 545: 2022-07-31 03:55:14
[2022-12-18 20:39:16] Word 1063569 (Frame index=10530 frame address=0x00402e22 word=39 mask=0x00001000)
[2022-12-18 20:39:16] 1 bit errors
[2022-12-18 20:39:16] Cycle 546: 2022-07-31 03:55:18
[2022-12-18 20:39:20] Cycle 547: 2022-07-31 03:55:22
[2022-12-18 20:39:24] Word 1217362 (Frame index=12053 frame address=0x00420f21 word=9 mask=0x20000000)
[2022-12-18 20:39:24] 1 bit errors
[2022-12-18 20:39:24] Cycle 548: 2022-07-31 03:55:26
[2022-12-18 20:39:28] Word 197902 (Frame index=1959 frame address=0x00001c23 word=43 mask=0x00000001)
[2022-12-18 20:39:28] 1 bit errors
[2022-12-18 20:39:28] Cycle 549: 2022-07-31 03:55:30
[2022-12-18 20:39:32] Word 197231 (Frame index=1952 frame address=0x00001c1c word=79 mask=0x00000c00)
[2022-12-18 20:39:32] Word 197332 (Frame index=1953 frame address=0x00001c1d word=79 mask=0x00000600)
[2022-12-18 20:39:32] 4 bit errors
[2022-12-18 20:39:32] Cycle 550: 2022-07-31 03:55:35
[2022-12-18 20:39:37] Cycle 551: 2022-07-31 03:55:39
[2022-12-18 20:39:41] Word 1394184 (Frame index=13803 frame address=0x00422899 word=81 mask=0x00000004)
[2022-12-18 20:39:41] 1 bit errors
[2022-12-18 20:39:41] Cycle 552: 2022-07-31 03:55:43
[2022-12-18 20:39:45] Word 1492350 (Frame index=14775 frame address=0x00440193 word=75 mask=0x00020000)
[2022-12-18 20:39:45] 1 bit errors
[2022-12-18 20:39:45] Cycle 553: 2022-07-31 03:55:47
[2022-12-18 20:39:49] Word 1826497 (Frame index=18084 frame address=0x00443194 word=13 mask=0x00000100)
[2022-12-18 20:39:49] 1 bit errors
[2022-12-18 20:39:49] Cycle 554: 2022-07-31 03:55:51
[2022-12-18 20:39:53] Cycle 555: 2022-07-31 03:55:55
[2022-12-18 20:39:57] Word 715537 (Frame index=7084 frame address=0x00023186 word=53 mask=0x00000080)
[2022-12-18 20:39:57] Word 715638 (Frame index=7085 frame address=0x00023187 word=53 mask=0x00000040)
[2022-12-18 20:39:57] 2 bit errors
[2022-12-18 20:39:57] Cycle 556: 2022-07-31 03:56:00
[2022-12-18 20:40:02] Cycle 557: 2022-07-31 03:56:04
[2022-12-18 20:40:06] Word 213344 (Frame index=2112 frame address=0x00001e90 word=32 mask=0x00000004)
[2022-12-18 20:40:06] 1 bit errors
[2022-12-18 20:40:06] Cycle 558: 2022-07-31 03:56:08
[2022-12-18 20:40:10] Word 1599709 (Frame index=15838 frame address=0x00441114 word=71 mask=0x00008000)
[2022-12-18 20:40:10] 1 bit errors
[2022-12-18 20:40:10] Cycle 559: 2022-07-31 03:56:12
[2022-12-18 20:40:14] Word 95391 (Frame index=944 frame address=0x00000d8a word=47 mask=0x00000001)
[2022-12-18 20:40:14] Word 744415 (Frame index=7370 frame address=0x00400084 word=45 mask=0x04000000)
[2022-12-18 20:40:14] 2 bit errors
[2022-12-18 20:40:14] Cycle 560: 2022-07-31 03:56:16
[2022-12-18 20:40:18] Cycle 561: 2022-07-31 03:56:20
[2022-12-18 20:40:22] Cycle 562: 2022-07-31 03:56:25
[2022-12-18 20:40:27] Cycle 563: 2022-07-31 03:56:29
[2022-12-18 20:40:31] Word 316527 (Frame index=3133 frame address=0x00002d19 word=94 mask=0x00000800)
[2022-12-18 20:40:31] Word 1251977 (Frame index=12395 frame address=0x00421417 word=82 mask=0x00040000)
[2022-12-18 20:40:31] 2 bit errors
[2022-12-18 20:40:31] Cycle 564: 2022-07-31 03:56:33
[2022-12-18 20:40:35] Word 988732 (Frame index=9789 frame address=0x004023a1 word=43 mask=0x80000000)
[2022-12-18 20:40:35] 1 bit errors
[2022-12-18 20:40:35] Cycle 565: 2022-07-31 03:56:37
[2022-12-18 20:40:39] Word 1096202 (Frame index=10853 frame address=0x0040330d word=49 mask=0x00040000)
[2022-12-18 20:40:39] 1 bit errors
[2022-12-18 20:40:39] Cycle 566: 2022-07-31 03:56:41
[2022-12-18 20:40:43] Cycle 567: 2022-07-31 03:56:45
[2022-12-18 20:40:47] Word 147710 (Frame index=1462 frame address=0x0000150c word=48 mask=0x00004000)
[2022-12-18 20:40:47] Word 147811 (Frame index=1463 frame address=0x0000150d word=48 mask=0x00004000)
[2022-12-18 20:40:47] 2 bit errors
[2022-12-18 20:40:47] Cycle 568: 2022-07-31 03:56:50
[2022-12-18 20:40:52] Word 704998 (Frame index=6980 frame address=0x00023002 word=18 mask=0x00040000)
[2022-12-18 20:40:52] Word 1568605 (Frame index=15530 frame address=0x00440c94 word=75 mask=0x00010000)
[2022-12-18 20:40:52] Word 1568706 (Frame index=15531 frame address=0x00440c95 word=75 mask=0x00008000)
[2022-12-18 20:40:52] 3 bit errors
[2022-12-18 20:40:52] Cycle 569: 2022-07-31 03:56:54
[2022-12-18 20:40:56] Cycle 570: 2022-07-31 03:56:58
[2022-12-18 20:41:00] Cycle 571: 2022-07-31 03:57:02
[2022-12-18 20:41:04] Cycle 572: 2022-07-31 03:57:06
[2022-12-18 20:41:08] Word 212770 (Frame index=2106 frame address=0x00001e8a word=64 mask=0x00200000)
[2022-12-18 20:41:08] Word 887621 (Frame index=8788 frame address=0x0040150e word=33 mask=0x00000100)
[2022-12-18 20:41:08] 2 bit errors
[2022-12-18 20:41:08] Cycle 573: 2022-07-31 03:57:10
[2022-12-18 20:41:12] Word 1068486 (Frame index=10579 frame address=0x00402f0b word=7 mask=0x02000000)
[2022-12-18 20:41:12] 1 bit errors
[2022-12-18 20:41:12] Cycle 574: 2022-07-31 03:57:15
[2022-12-18 20:41:16] Cycle 575: 2022-07-31 03:57:19
[2022-12-18 20:41:21] Word 753289 (Frame index=7458 frame address=0x0040019a word=31 mask=0x10000000)
[2022-12-18 20:41:21] Word 1075108 (Frame index=10644 frame address=0x00403004 word=64 mask=0x08000000)
[2022-12-18 20:41:21] Word 1075209 (Frame index=10645 frame address=0x00403005 word=64 mask=0x04000000)
[2022-12-18 20:41:21] 3 bit errors
[2022-12-18 20:41:21] Cycle 576: 2022-07-31 03:57:23
[2022-12-18 20:41:25] Word 288944 (Frame index=2860 frame address=0x00002920 word=84 mask=0x40000000)
[2022-12-18 20:41:25] Word 289045 (Frame index=2861 frame address=0x00002921 word=84 mask=0x80000000)
[2022-12-18 20:41:25] 2 bit errors
[2022-12-18 20:41:25] Cycle 577: 2022-07-31 03:57:27
[2022-12-18 20:41:29] Word 274140 (Frame index=2714 frame address=0x0000271e word=26 mask=0x00200000)
[2022-12-18 20:41:29] Word 274241 (Frame index=2715 frame address=0x0000271f word=26 mask=0x00100000)
[2022-12-18 20:41:29] 2 bit errors
[2022-12-18 20:41:29] Cycle 578: 2022-07-31 03:57:31
[2022-12-18 20:41:33] Cycle 579: 2022-07-31 03:57:35
[2022-12-18 20:41:37] Word 687274 (Frame index=6804 frame address=0x00022d22 word=70 mask=0xc0000000)
[2022-12-18 20:41:37] Word 687275 (Frame index=6804 frame address=0x00022d22 word=71 mask=0x00000003)
[2022-12-18 20:41:37] Word 1401321 (Frame index=13874 frame address=0x00422998 word=47 mask=0x08000000)
[2022-12-18 20:41:37] 5 bit errors
[2022-12-18 20:41:37] Cycle 580: 2022-07-31 03:57:40
[2022-12-18 20:41:41] Word 691997 (Frame index=6851 frame address=0x00022e11 word=46 mask=0x00040000)
[2022-12-18 20:41:41] 1 bit errors
[2022-12-18 20:41:41] Cycle 581: 2022-07-31 03:57:44
[2022-12-18 20:41:46] Word 41779 (Frame index=413 frame address=0x000005a1 word=66 mask=0x08000000)
[2022-12-18 20:41:46] Word 380160 (Frame index=3763 frame address=0x0002011d word=97 mask=0x00000008)
[2022-12-18 20:41:46] 2 bit errors
[2022-12-18 20:41:46] Cycle 582: 2022-07-31 03:57:48
[2022-12-18 20:41:50] Cycle 583: 2022-07-31 03:57:52
[2022-12-18 20:41:54] Cycle 584: 2022-07-31 03:57:56
[2022-12-18 20:41:58] Cycle 585: 2022-07-31 03:58:00
[2022-12-18 20:42:02] Word 643828 (Frame index=6374 frame address=0x0002271c word=54 mask=0x00008000)
[2022-12-18 20:42:02] Word 643929 (Frame index=6375 frame address=0x0002271d word=54 mask=0x00004000)
[2022-12-18 20:42:02] Word 1820607 (Frame index=18025 frame address=0x004430a1 word=82 mask=0x00000008)
[2022-12-18 20:42:02] 3 bit errors
[2022-12-18 20:42:02] Cycle 586: 2022-07-31 03:58:05
[2022-12-18 20:42:06] Word 1365488 (Frame index=13519 frame address=0x0042249d word=69 mask=0x00020000)
[2022-12-18 20:42:06] 1 bit errors
[2022-12-18 20:42:06] Cycle 587: 2022-07-31 03:58:09
[2022-12-18 20:42:11] Cycle 588: 2022-07-31 03:58:13
[2022-12-18 20:42:15] Cycle 589: 2022-07-31 03:58:17
[2022-12-18 20:42:19] Word 798194 (Frame index=7902 frame address=0x0040081a word=92 mask=0x00008000)
[2022-12-18 20:42:19] 1 bit errors
[2022-12-18 20:42:19] Cycle 590: 2022-07-31 03:58:21
[2022-12-18 20:42:23] Word 974833 (Frame index=9651 frame address=0x0040219f word=82 mask=0x04000000)
[2022-12-18 20:42:23] Word 1147808 (Frame index=11364 frame address=0x00420522 word=44 mask=0x00004000)
[2022-12-18 20:42:23] 2 bit errors
[2022-12-18 20:42:23] Cycle 591: 2022-07-31 03:58:25
[2022-12-18 20:42:27] Word 218127 (Frame index=2159 frame address=0x00001f23 word=68 mask=0x02000000)
[2022-12-18 20:42:27] 1 bit errors
[2022-12-18 20:42:27] Cycle 592: 2022-07-31 03:58:30
[2022-12-18 20:42:31] Cycle 593: 2022-07-31 03:58:34
[2022-12-18 20:42:36] Word 764186 (Frame index=7566 frame address=0x0040031a word=20 mask=0x0001e000)
[2022-12-18 20:42:36] Word 1403623 (Frame index=13897 frame address=0x00422a0b word=26 mask=0x00400000)
[2022-12-18 20:42:36] 5 bit errors
[2022-12-18 20:42:36] Cycle 594: 2022-07-31 03:58:38
[2022-12-18 20:42:40] Cycle 595: 2022-07-31 03:58:42
[2022-12-18 20:42:44] Word 239225 (Frame index=2368 frame address=0x00002280 word=57 mask=0x00000002)
[2022-12-18 20:42:44] 1 bit errors
[2022-12-18 20:42:44] Cycle 596: 2022-07-31 03:58:46
[2022-12-18 20:42:48] Word 338958 (Frame index=3356 frame address=0x0000308c word=2 mask=0x00000100)
[2022-12-18 20:42:48] 1 bit errors
[2022-12-18 20:42:48] Cycle 597: 2022-07-31 03:58:50
[2022-12-18 20:42:52] Word 1174155 (Frame index=11625 frame address=0x00420917 word=30 mask=0x01000000)
[2022-12-18 20:42:52] 1 bit errors
[2022-12-18 20:42:52] Cycle 598: 2022-07-31 03:58:54
[2022-12-18 20:42:56] Cycle 599: 2022-07-31 03:58:59
[2022-12-18 20:43:01] Word 248877 (Frame index=2464 frame address=0x000023a0 word=13 mask=0x00000180)
[2022-12-18 20:43:01] Word 248978 (Frame index=2465 frame address=0x000023a1 word=13 mask=0x00000180)
[2022-12-18 20:43:01] 4 bit errors
[2022-12-18 20:43:01] Cycle 600: 2022-07-31 03:59:03
[2022-12-18 20:43:05] Word 1389064 (Frame index=13753 frame address=0x0042280b word=11 mask=0x00000100)
[2022-12-18 20:43:05] 1 bit errors
[2022-12-18 20:43:05] Cycle 601: 2022-07-31 03:59:07
[2022-12-18 20:43:09] Word 651835 (Frame index=6453 frame address=0x00022823 word=82 mask=0x00000800)
[2022-12-18 20:43:09] 1 bit errors
[2022-12-18 20:43:09] Cycle 602: 2022-07-31 03:59:11
[2022-12-18 20:43:13] Word 329689 (Frame index=3264 frame address=0x00002f14 word=25 mask=0x02000000)
[2022-12-18 20:43:13] 1 bit errors
[2022-12-18 20:43:13] Cycle 603: 2022-07-31 03:59:15
[2022-12-18 20:43:17] Word 1168626 (Frame index=11570 frame address=0x00420820 word=56 mask=0x00200000)
[2022-12-18 20:43:17] Word 1227617 (Frame index=12154 frame address=0x004210a2 word=63 mask=0x00000004)
[2022-12-18 20:43:17] 2 bit errors
[2022-12-18 20:43:17] Cycle 604: 2022-07-31 03:59:19
[2022-12-18 20:43:21] Word 1246002 (Frame index=12336 frame address=0x00421380 word=66 mask=0x00000004)
[2022-12-18 20:43:21] 1 bit errors
[2022-12-18 20:43:21] Cycle 605: 2022-07-31 03:59:24
[2022-12-18 20:43:26] Word 270345 (Frame index=2676 frame address=0x0000269c word=69 mask=0x00000800)
[2022-12-18 20:43:26] Word 270446 (Frame index=2677 frame address=0x0000269d word=69 mask=0x00000400)
[2022-12-18 20:43:26] Word 387975 (Frame index=3841 frame address=0x00020223 word=34 mask=0x00000100)
[2022-12-18 20:43:26] Word 478629 (Frame index=4738 frame address=0x00020f86 word=91 mask=0x00000080)
[2022-12-18 20:43:26] Word 1415075 (Frame index=14010 frame address=0x00422b90 word=65 mask=0x80000000)
[2022-12-18 20:43:26] Word 1415278 (Frame index=14012 frame address=0x00422b92 word=66 mask=0x00000001)
[2022-12-18 20:43:26] Word 1415581 (Frame index=14015 frame address=0x00422b95 word=66 mask=0x00000001)
[2022-12-18 20:43:26] 7 bit errors
[2022-12-18 20:43:26] Cycle 606: 2022-07-31 03:59:28
[2022-12-18 20:43:30] Cycle 607: 2022-07-31 03:59:32
[2022-12-18 20:43:34] Word 303681 (Frame index=3006 frame address=0x00002b22 word=75 mask=0x02000000)
[2022-12-18 20:43:34] 1 bit errors
[2022-12-18 20:43:34] Cycle 608: 2022-07-31 03:59:36
[2022-12-18 20:43:38] Word 1150841 (Frame index=11394 frame address=0x0042059c word=47 mask=0x80000000)
[2022-12-18 20:43:38] 1 bit errors
[2022-12-18 20:43:38] Cycle 609: 2022-07-31 03:59:40
[2022-12-18 20:43:42] Word 861024 (Frame index=8524 frame address=0x0040111e word=100 mask=0x20000000)
[2022-12-18 20:43:42] 1 bit errors
[2022-12-18 20:43:42] Cycle 610: 2022-07-31 03:59:44
[2022-12-18 20:43:46] Word 1142178 (Frame index=11308 frame address=0x00420486 word=70 mask=0x00000004)
[2022-12-18 20:43:46] 1 bit errors
[2022-12-18 20:43:46] Cycle 611: 2022-07-31 03:59:49
[2022-12-18 20:43:51] Word 128331 (Frame index=1270 frame address=0x0000121c word=61 mask=0x00000008)
[2022-12-18 20:43:51] Word 128432 (Frame index=1271 frame address=0x0000121d word=61 mask=0x00000004)
[2022-12-18 20:43:51] Word 1149202 (Frame index=11378 frame address=0x0042058c word=24 mask=0x08000000)
[2022-12-18 20:43:51] Word 1149303 (Frame index=11379 frame address=0x0042058d word=24 mask=0x08000000)
[2022-12-18 20:43:51] 4 bit errors
[2022-12-18 20:43:51] Cycle 612: 2022-07-31 03:59:53
[2022-12-18 20:43:55] Word 183641 (Frame index=1818 frame address=0x00001a20 word=23 mask=0x00003000)
[2022-12-18 20:43:55] Word 183742 (Frame index=1819 frame address=0x00001a21 word=23 mask=0x00006000)
[2022-12-18 20:43:55] 4 bit errors
[2022-12-18 20:43:55] Cycle 613: 2022-07-31 03:59:57
[2022-12-18 20:43:59] Cycle 614: 2022-07-31 04:00:01
[2022-12-18 20:44:03] Cycle 615: 2022-07-31 04:00:05
[2022-12-18 20:44:07] Word 242330 (Frame index=2399 frame address=0x00002303 word=31 mask=0x40000000)
[2022-12-18 20:44:07] 1 bit errors
[2022-12-18 20:44:07] Cycle 616: 2022-07-31 04:00:09
[2022-12-18 20:44:11] Word 485808 (Frame index=4809 frame address=0x0002108d word=99 mask=0x00800000)
[2022-12-18 20:44:11] Word 1508344 (Frame index=14934 frame address=0x00440406 word=10 mask=0x00200000)
[2022-12-18 20:44:11] Word 1508445 (Frame index=14935 frame address=0x00440407 word=10 mask=0x00100000)
[2022-12-18 20:44:11] 3 bit errors
[2022-12-18 20:44:11] Cycle 617: 2022-07-31 04:00:14
[2022-12-18 20:44:16] Word 453023 (Frame index=4485 frame address=0x00020b9b word=38 mask=0x00100000)
[2022-12-18 20:44:16] 1 bit errors
[2022-12-18 20:44:16] Cycle 618: 2022-07-31 04:00:18
[2022-12-18 20:44:20] Cycle 619: 2022-07-31 04:00:22
[2022-12-18 20:44:24] Cycle 620: 2022-07-31 04:00:26
[2022-12-18 20:44:28] Cycle 621: 2022-07-31 04:00:30
[2022-12-18 20:44:32] Word 1357021 (Frame index=13435 frame address=0x00422391 word=86 mask=0x02000000)
[2022-12-18 20:44:32] 1 bit errors
[2022-12-18 20:44:32] Cycle 622: 2022-07-31 04:00:34
[2022-12-18 20:44:36] Word 132349 (Frame index=1310 frame address=0x000012a0 word=39 mask=0x10000000)
[2022-12-18 20:44:36] Word 916796 (Frame index=9077 frame address=0x0040191f word=19 mask=0x00000002)
[2022-12-18 20:44:36] Word 959308 (Frame index=9498 frame address=0x00401f8e word=10 mask=0x00000100)
[2022-12-18 20:44:36] Word 1212874 (Frame index=12008 frame address=0x00420e98 word=66 mask=0x00010000)
[2022-12-18 20:44:36] 4 bit errors
[2022-12-18 20:44:36] Cycle 623: 2022-07-31 04:00:39
[2022-12-18 20:44:41] Cycle 624: 2022-07-31 04:00:43
[2022-12-18 20:44:45] Cycle 625: 2022-07-31 04:00:47
[2022-12-18 20:44:49] Word 206198 (Frame index=2041 frame address=0x00001d91 word=57 mask=0x80000000)
[2022-12-18 20:44:49] 1 bit errors
[2022-12-18 20:44:49] Cycle 626: 2022-07-31 04:00:51
[2022-12-18 20:44:53] Cycle 627: 2022-07-31 04:00:55
[2022-12-18 20:44:57] Cycle 628: 2022-07-31 04:00:59
[2022-12-18 20:45:01] Word 860156 (Frame index=8516 frame address=0x00401116 word=40 mask=0x00000200)
[2022-12-18 20:45:01] 1 bit errors
[2022-12-18 20:45:01] Cycle 629: 2022-07-31 04:01:04
[2022-12-18 20:45:05] Word 801799 (Frame index=7938 frame address=0x0040089a word=61 mask=0x00000018)
[2022-12-18 20:45:05] 2 bit errors
[2022-12-18 20:45:05] Cycle 630: 2022-07-31 04:01:08
[2022-12-18 20:45:10] Cycle 631: 2022-07-31 04:01:12
[2022-12-18 20:45:14] Cycle 632: 2022-07-31 04:01:16
[2022-12-18 20:45:18] Word 1458322 (Frame index=14438 frame address=0x00423208 word=84 mask=0x00000200)
[2022-12-18 20:45:18] 1 bit errors
[2022-12-18 20:45:18] Cycle 633: 2022-07-31 04:01:20
[2022-12-18 20:45:22] Cycle 634: 2022-07-31 04:01:24
[2022-12-18 20:45:26] Cycle 635: 2022-07-31 04:01:29
[2022-12-18 20:45:30] Word 975644 (Frame index=9659 frame address=0x00402203 word=85 mask=0x00400000)
[2022-12-18 20:45:30] 1 bit errors
[2022-12-18 20:45:30] Cycle 636: 2022-07-31 04:01:33
[2022-12-18 20:45:35] Word 865006 (Frame index=8564 frame address=0x004011a2 word=42 mask=0x00004000)
[2022-12-18 20:45:35] Word 879590 (Frame index=8708 frame address=0x004013a2 word=82 mask=0x04000000)
[2022-12-18 20:45:35] Word 1559424 (Frame index=15439 frame address=0x00440b1f word=85 mask=0x00000010)
[2022-12-18 20:45:35] 3 bit errors
[2022-12-18 20:45:35] Cycle 637: 2022-07-31 04:01:37
[2022-12-18 20:45:39] Cycle 638: 2022-07-31 04:01:41
[2022-12-18 20:45:43] Word 694464 (Frame index=6875 frame address=0x00022e85 word=89 mask=0x80000000)
[2022-12-18 20:45:43] 1 bit errors
[2022-12-18 20:45:43] Cycle 639: 2022-07-31 04:01:45
[2022-12-18 20:45:47] Cycle 640: 2022-07-31 04:01:49
[2022-12-18 20:45:51] Word 1575863 (Frame index=15602 frame address=0x00440d94 word=61 mask=0x00400000)
[2022-12-18 20:45:51] 1 bit errors
[2022-12-18 20:45:51] Cycle 641: 2022-07-31 04:01:54
[2022-12-18 20:45:55] Cycle 642: 2022-07-31 04:01:58
[2022-12-18 20:46:00] Cycle 643: 2022-07-31 04:02:02
[2022-12-18 20:46:04] Word 409692 (Frame index=4056 frame address=0x0002058e word=36 mask=0x00000001)
[2022-12-18 20:46:04] 1 bit errors
[2022-12-18 20:46:04] Cycle 644: 2022-07-31 04:02:06
[2022-12-18 20:46:08] Cycle 645: 2022-07-31 04:02:10
[2022-12-18 20:46:12] Word 1821163 (Frame index=18031 frame address=0x00443103 word=32 mask=0x00000200)
[2022-12-18 20:46:12] 1 bit errors
[2022-12-18 20:46:12] Cycle 646: 2022-07-31 04:02:14
[2022-12-18 20:46:16] Cycle 647: 2022-07-31 04:02:19
[2022-12-18 20:46:20] Word 767672 (Frame index=7600 frame address=0x004003a0 word=72 mask=0x00040000)
[2022-12-18 20:46:20] Word 1271684 (Frame index=12590 frame address=0x00421712 word=94 mask=0x00000010)
[2022-12-18 20:46:20] 2 bit errors
[2022-12-18 20:46:20] Cycle 648: 2022-07-31 04:02:23
[2022-12-18 20:46:25] Word 1794480 (Frame index=17767 frame address=0x00442d0b word=13 mask=0x01000000)
[2022-12-18 20:46:25] 1 bit errors
[2022-12-18 20:46:25] Cycle 649: 2022-07-31 04:02:27
[2022-12-18 20:46:29] Word 872557 (Frame index=8639 frame address=0x00401301 word=18 mask=0x00000800)
[2022-12-18 20:46:29] 1 bit errors
[2022-12-18 20:46:29] Cycle 650: 2022-07-31 04:02:31
[2022-12-18 20:46:33] Word 1124150 (Frame index=11130 frame address=0x00420200 word=20 mask=0x00000400)
[2022-12-18 20:46:33] Word 1124251 (Frame index=11131 frame address=0x00420201 word=20 mask=0x00000400)
[2022-12-18 20:46:33] 2 bit errors
[2022-12-18 20:46:33] Cycle 651: 2022-07-31 04:02:35
[2022-12-18 20:46:37] Word 317691 (Frame index=3145 frame address=0x00002d81 word=46 mask=0x00200000)
[2022-12-18 20:46:37] 1 bit errors
[2022-12-18 20:46:37] Cycle 652: 2022-07-31 04:02:39
[2022-12-18 20:46:41] Cycle 653: 2022-07-31 04:02:43
[2022-12-18 20:46:45] Word 1021080 (Frame index=10109 frame address=0x0040281d word=71 mask=0x00800000)
[2022-12-18 20:46:45] Word 1231299 (Frame index=12191 frame address=0x00421123 word=8 mask=0x00080000)
[2022-12-18 20:46:45] 2 bit errors
[2022-12-18 20:46:45] Cycle 654: 2022-07-31 04:02:48
[2022-12-18 20:46:50] Cycle 655: 2022-07-31 04:02:52
[2022-12-18 20:46:54] Cycle 656: 2022-07-31 04:02:56
[2022-12-18 20:46:58] Cycle 657: 2022-07-31 04:03:00
[2022-12-18 20:47:02] Word 306008 (Frame index=3029 frame address=0x00002b95 word=79 mask=0x00200000)
[2022-12-18 20:47:02] Word 622968 (Frame index=6168 frame address=0x00022482 word=0 mask=0x00100000)
[2022-12-18 20:47:02] 2 bit errors
[2022-12-18 20:47:02] Cycle 658: 2022-07-31 04:03:04
[2022-12-18 20:47:06] Cycle 659: 2022-07-31 04:03:08
[2022-12-18 20:47:10] Word 1242294 (Frame index=12299 frame address=0x004212a3 word=95 mask=0x00000200)
[2022-12-18 20:47:10] 1 bit errors
[2022-12-18 20:47:10] Cycle 660: 2022-07-31 04:03:13
[2022-12-18 20:47:15] Word 98482 (Frame index=975 frame address=0x00000e05 word=7 mask=0x08000000)
[2022-12-18 20:47:15] Word 1101805 (Frame index=10908 frame address=0x004033a0 word=97 mask=0x00000040)
[2022-12-18 20:47:15] 2 bit errors
[2022-12-18 20:47:15] Cycle 661: 2022-07-31 04:03:17
[2022-12-18 20:47:19] Word 1514808 (Frame index=14998 frame address=0x00440506 word=10 mask=0x00001000)
[2022-12-18 20:47:19] Word 1514909 (Frame index=14999 frame address=0x00440507 word=10 mask=0x00000800)
[2022-12-18 20:47:19] 2 bit errors
[2022-12-18 20:47:19] Cycle 662: 2022-07-31 04:03:21
[2022-12-18 20:47:23] Word 154858 (Frame index=1533 frame address=0x00001613 word=25 mask=0x00000004)
[2022-12-18 20:47:23] Word 917109 (Frame index=9080 frame address=0x00401922 word=29 mask=0x00800000)
[2022-12-18 20:47:23] Word 917210 (Frame index=9081 frame address=0x00401923 word=29 mask=0x01000000)
[2022-12-18 20:47:23] 3 bit errors
[2022-12-18 20:47:23] Cycle 663: 2022-07-31 04:03:25
[2022-12-18 20:47:27] Cycle 664: 2022-07-31 04:03:29
[2022-12-18 20:47:31] Cycle 665: 2022-07-31 04:03:33
[2022-12-18 20:47:35] Cycle 666: 2022-07-31 04:03:38
[2022-12-18 20:47:40] Word 729612 (Frame index=7223 frame address=0x00023389 word=89 mask=0x00080000)
[2022-12-18 20:47:40] 1 bit errors
[2022-12-18 20:47:40] Cycle 667: 2022-07-31 04:03:42
[2022-12-18 20:47:44] Word 1521340 (Frame index=15062 frame address=0x004405a2 word=78 mask=0x80000000)
[2022-12-18 20:47:44] Word 1521442 (Frame index=15063 frame address=0x004405a3 word=79 mask=0x00000001)
[2022-12-18 20:47:44] 2 bit errors
[2022-12-18 20:47:44] Cycle 668: 2022-07-31 04:03:46
[2022-12-18 20:47:48] Cycle 669: 2022-07-31 04:03:50
[2022-12-18 20:47:52] Word 886185 (Frame index=8774 frame address=0x00401500 word=11 mask=0x00000100)
[2022-12-18 20:47:52] Word 1040741 (Frame index=10304 frame address=0x00402b08 word=37 mask=0x40000000)
[2022-12-18 20:47:52] Word 1417276 (Frame index=14032 frame address=0x00422c02 word=44 mask=0x00040000)
[2022-12-18 20:47:52] 3 bit errors
[2022-12-18 20:47:52] Cycle 670: 2022-07-31 04:03:54
[2022-12-18 20:47:56] Cycle 671: 2022-07-31 04:03:58
[2022-12-18 20:48:00] Cycle 672: 2022-07-31 04:04:03
[2022-12-18 20:48:05] Cycle 673: 2022-07-31 04:04:07
[2022-12-18 20:48:09] Cycle 674: 2022-07-31 04:04:11
[2022-12-18 20:48:13] Word 411852 (Frame index=4077 frame address=0x000205a3 word=75 mask=0x00000001)
[2022-12-18 20:48:13] 1 bit errors
[2022-12-18 20:48:13] Cycle 675: 2022-07-31 04:04:15
[2022-12-18 20:48:17] Word 238608 (Frame index=2362 frame address=0x0000221e word=46 mask=0x80000000)
[2022-12-18 20:48:17] Word 929634 (Frame index=9204 frame address=0x00401b16 word=30 mask=0x10000000)
[2022-12-18 20:48:17] Word 929735 (Frame index=9205 frame address=0x00401b17 word=30 mask=0x08000000)
[2022-12-18 20:48:17] Word 929937 (Frame index=9207 frame address=0x00401b19 word=30 mask=0x10000000)
[2022-12-18 20:48:17] Word 1474411 (Frame index=14598 frame address=0x00423418 word=13 mask=0x00400000)
[2022-12-18 20:48:17] 5 bit errors
[2022-12-18 20:48:17] Cycle 676: 2022-07-31 04:04:19
[2022-12-18 20:48:21] Word 254794 (Frame index=2522 frame address=0x00002492 word=72 mask=0x00000800)
[2022-12-18 20:48:21] Word 254895 (Frame index=2523 frame address=0x00002493 word=72 mask=0x00000400)
[2022-12-18 20:48:21] Word 1190112 (Frame index=11783 frame address=0x00420b81 word=29 mask=0x00000080)
[2022-12-18 20:48:21] 3 bit errors
[2022-12-18 20:48:21] Cycle 677: 2022-07-31 04:04:23
[2022-12-18 20:48:25] Word 302211 (Frame index=2992 frame address=0x00002b14 word=19 mask=0xc0000000)
[2022-12-18 20:48:25] Word 302312 (Frame index=2993 frame address=0x00002b15 word=19 mask=0x60000000)
[2022-12-18 20:48:25] 4 bit errors
[2022-12-18 20:48:25] Cycle 678: 2022-07-31 04:04:28
[2022-12-18 20:48:30] Word 801373 (Frame index=7934 frame address=0x00400896 word=39 mask=0x00010000)
[2022-12-18 20:48:30] 1 bit errors
[2022-12-18 20:48:30] Cycle 679: 2022-07-31 04:04:32
[2022-12-18 20:48:34] Cycle 680: 2022-07-31 04:04:36
[2022-12-18 20:48:38] Cycle 681: 2022-07-31 04:04:40
[2022-12-18 20:48:42] Cycle 682: 2022-07-31 04:04:44
[2022-12-18 20:48:46] Cycle 683: 2022-07-31 04:04:48
[2022-12-18 20:48:50] Cycle 684: 2022-07-31 04:04:53
[2022-12-18 20:48:54] Cycle 685: 2022-07-31 04:04:57
[2022-12-18 20:48:59] Cycle 686: 2022-07-31 04:05:01
[2022-12-18 20:49:03] Word 1791589 (Frame index=17738 frame address=0x00442c92 word=51 mask=0x00400000)
[2022-12-18 20:49:03] Word 1791690 (Frame index=17739 frame address=0x00442c93 word=51 mask=0x00200000)
[2022-12-18 20:49:03] 2 bit errors
[2022-12-18 20:49:03] Cycle 687: 2022-07-31 04:05:05
[2022-12-18 20:49:07] Cycle 688: 2022-07-31 04:05:09
[2022-12-18 20:49:11] Word 1241387 (Frame index=12290 frame address=0x0042129a word=97 mask=0x40000000)
[2022-12-18 20:49:11] Word 1241488 (Frame index=12291 frame address=0x0042129b word=97 mask=0x40000000)
[2022-12-18 20:49:11] 2 bit errors
[2022-12-18 20:49:11] Cycle 689: 2022-07-31 04:05:13
[2022-12-18 20:49:15] Cycle 690: 2022-07-31 04:05:18
[2022-12-18 20:49:19] Cycle 691: 2022-07-31 04:05:22
[2022-12-18 20:49:24] Cycle 692: 2022-07-31 04:05:26
[2022-12-18 20:49:28] Cycle 693: 2022-07-31 04:05:30
[2022-12-18 20:49:32] Cycle 694: 2022-07-31 04:05:34
[2022-12-18 20:49:36] Cycle 695: 2022-07-31 04:05:38
[2022-12-18 20:49:40] Cycle 696: 2022-07-31 04:05:43
[2022-12-18 20:49:44] Cycle 697: 2022-07-31 04:05:47
[2022-12-18 20:49:49] Word 260019 (Frame index=2574 frame address=0x00002522 word=45 mask=0x00001000)
[2022-12-18 20:49:49] Word 1089303 (Frame index=10785 frame address=0x00403211 word=18 mask=0x00000800)
[2022-12-18 20:49:49] 2 bit errors
[2022-12-18 20:49:49] Cycle 698: 2022-07-31 04:05:51
[2022-12-18 20:49:53] Cycle 699: 2022-07-31 04:05:55
[2022-12-18 20:49:57] Cycle 700: 2022-07-31 04:05:59
[2022-12-18 20:50:01] Cycle 701: 2022-07-31 04:06:03
[2022-12-18 20:50:05] Cycle 702: 2022-07-31 04:06:07
[2022-12-18 20:50:09] Cycle 703: 2022-07-31 04:06:12
[2022-12-18 20:50:14] Word 1032238 (Frame index=10220 frame address=0x004029a0 word=18 mask=0x01000000)
[2022-12-18 20:50:14] Word 1032339 (Frame index=10221 frame address=0x004029a1 word=18 mask=0x01000000)
[2022-12-18 20:50:14] 2 bit errors
[2022-12-18 20:50:14] Cycle 704: 2022-07-31 04:06:16
[2022-12-18 20:50:18] Word 889707 (Frame index=8808 frame address=0x00401522 word=99 mask=0x00000008)
[2022-12-18 20:50:18] 1 bit errors
[2022-12-18 20:50:18] Cycle 705: 2022-07-31 04:06:20
[2022-12-18 20:50:22] Word 442197 (Frame index=4378 frame address=0x00020a1c word=19 mask=0x00000400)
[2022-12-18 20:50:22] Word 557615 (Frame index=5520 frame address=0x00021b00 word=95 mask=0x04000000)
[2022-12-18 20:50:22] Word 557716 (Frame index=5521 frame address=0x00021b01 word=95 mask=0x02000000)
[2022-12-18 20:50:22] Word 774478 (Frame index=7668 frame address=0x00400500 word=10 mask=0x00000800)
[2022-12-18 20:50:22] 4 bit errors
[2022-12-18 20:50:22] Cycle 706: 2022-07-31 04:06:24
[2022-12-18 20:50:26] Cycle 707: 2022-07-31 04:06:28
[2022-12-18 20:50:30] Word 1043531 (Frame index=10331 frame address=0x00402b23 word=100 mask=0x40000000)
[2022-12-18 20:50:30] Word 1381323 (Frame index=13676 frame address=0x00422706 word=47 mask=0x04000000)
[2022-12-18 20:50:30] 2 bit errors
[2022-12-18 20:50:30] Cycle 708: 2022-07-31 04:06:32
[2022-12-18 20:50:34] Word 1207447 (Frame index=11954 frame address=0x00420da2 word=93 mask=0x08000000)
[2022-12-18 20:50:34] Word 1207548 (Frame index=11955 frame address=0x00420da3 word=93 mask=0x10000000)
[2022-12-18 20:50:34] 2 bit errors
[2022-12-18 20:50:34] Cycle 709: 2022-07-31 04:06:37
[2022-12-18 20:50:39] Word 662727 (Frame index=6561 frame address=0x000229a3 word=66 mask=0x10000000)
[2022-12-18 20:50:39] 1 bit errors
[2022-12-18 20:50:39] Cycle 710: 2022-07-31 04:06:41
[2022-12-18 20:50:43] Word 850362 (Frame index=8419 frame address=0x00400f99 word=43 mask=0x00004000)
[2022-12-18 20:50:43] Word 1520701 (Frame index=15056 frame address=0x0044059c word=45 mask=0x00040000)
[2022-12-18 20:50:43] Word 1520802 (Frame index=15057 frame address=0x0044059d word=45 mask=0x00020000)
[2022-12-18 20:50:43] 3 bit errors
[2022-12-18 20:50:43] Cycle 711: 2022-07-31 04:06:45
[2022-12-18 20:50:47] Cycle 712: 2022-07-31 04:06:49
[2022-12-18 20:50:51] Cycle 713: 2022-07-31 04:06:53
[2022-12-18 20:50:55] Word 1413373 (Frame index=13993 frame address=0x00422b23 word=80 mask=0x40000000)
[2022-12-18 20:50:55] 1 bit errors
[2022-12-18 20:50:55] Cycle 714: 2022-07-31 04:06:57
[2022-12-18 20:50:59] Word 1548140 (Frame index=15328 frame address=0x0044099c word=12 mask=0x40000000)
[2022-12-18 20:50:59] Word 1548241 (Frame index=15329 frame address=0x0044099d word=12 mask=0x60000000)
[2022-12-18 20:50:59] 3 bit errors
[2022-12-18 20:50:59] Cycle 715: 2022-07-31 04:07:02
[2022-12-18 20:51:04] Word 160098 (Frame index=1585 frame address=0x000016a3 word=13 mask=0x00000010)
[2022-12-18 20:51:04] Word 669246 (Frame index=6626 frame address=0x00022a9c word=20 mask=0x01000000)
[2022-12-18 20:51:04] Word 669347 (Frame index=6627 frame address=0x00022a9d word=20 mask=0x00800000)
[2022-12-18 20:51:04] 3 bit errors
[2022-12-18 20:51:04] Cycle 716: 2022-07-31 04:07:06
[2022-12-18 20:51:08] Cycle 717: 2022-07-31 04:07:10
[2022-12-18 20:51:12] Word 892073 (Frame index=8832 frame address=0x00401596 word=41 mask=0x02000000)
[2022-12-18 20:51:12] Word 892174 (Frame index=8833 frame address=0x00401597 word=41 mask=0x01000000)
[2022-12-18 20:51:12] 2 bit errors
[2022-12-18 20:51:12] Cycle 718: 2022-07-31 04:07:14
[2022-12-18 20:51:16] Word 862377 (Frame index=8538 frame address=0x00401188 word=39 mask=0x00000800)
[2022-12-18 20:51:16] 1 bit errors
[2022-12-18 20:51:16] Cycle 719: 2022-07-31 04:07:18
[2022-12-18 20:51:20] Cycle 720: 2022-07-31 04:07:22
[2022-12-18 20:51:24] Word 296450 (Frame index=2935 frame address=0x00002a23 word=15 mask=0x00000200)
[2022-12-18 20:51:24] 1 bit errors
[2022-12-18 20:51:24] Cycle 721: 2022-07-31 04:07:27
[2022-12-18 20:51:29] Word 837333 (Frame index=8290 frame address=0x00400da0 word=43 mask=0x00040000)
[2022-12-18 20:51:29] Word 837434 (Frame index=8291 frame address=0x00400da1 word=43 mask=0x00080000)
[2022-12-18 20:51:29] Word 1398098 (Frame index=13842 frame address=0x0042291c word=56 mask=0x00000010)
[2022-12-18 20:51:29] Word 1398199 (Frame index=13843 frame address=0x0042291d word=56 mask=0x00000008)
[2022-12-18 20:51:29] 4 bit errors
[2022-12-18 20:51:29] Cycle 722: 2022-07-31 04:07:31
[2022-12-18 20:51:33] Cycle 723: 2022-07-31 04:07:35
[2022-12-18 20:51:37] Word 1762272 (Frame index=17448 frame address=0x00442888 word=24 mask=0x80000000)
[2022-12-18 20:51:37] 1 bit errors
[2022-12-18 20:51:37] Cycle 724: 2022-07-31 04:07:39
[2022-12-18 20:51:41] Word 8113 (Frame index=80 frame address=0x00000108 word=33 mask=0x00000008)
[2022-12-18 20:51:41] 1 bit errors
[2022-12-18 20:51:41] Cycle 725: 2022-07-31 04:07:43
[2022-12-18 20:51:45] Word 937343 (Frame index=9280 frame address=0x00401c20 word=63 mask=0x02000000)
[2022-12-18 20:51:45] 1 bit errors
[2022-12-18 20:51:45] Cycle 726: 2022-07-31 04:07:47
[2022-12-18 20:51:49] Cycle 727: 2022-07-31 04:07:52
[2022-12-18 20:51:54] Word 278377 (Frame index=2756 frame address=0x00002800 word=21 mask=0x00100000)
[2022-12-18 20:51:54] 1 bit errors
[2022-12-18 20:51:54] Cycle 728: 2022-07-31 04:07:56
[2022-12-18 20:51:58] Cycle 729: 2022-07-31 04:08:00
[2022-12-18 20:52:02] Cycle 730: 2022-07-31 04:08:04
[2022-12-18 20:52:06] Word 186556 (Frame index=1847 frame address=0x00001a99 word=9 mask=0x00000004)
[2022-12-18 20:52:06] Word 1007114 (Frame index=9971 frame address=0x00402623 word=43 mask=0x00100000)
[2022-12-18 20:52:06] Word 1231343 (Frame index=12191 frame address=0x00421123 word=52 mask=0x00002000)
[2022-12-18 20:52:06] 3 bit errors
[2022-12-18 20:52:06] Cycle 731: 2022-07-31 04:08:08
[2022-12-18 20:52:10] Word 1090900 (Frame index=10800 frame address=0x00403220 word=100 mask=0x04000000)
[2022-12-18 20:52:10] 1 bit errors
[2022-12-18 20:52:10] Cycle 732: 2022-07-31 04:08:12
[2022-12-18 20:52:14] Word 1022000 (Frame index=10118 frame address=0x00402882 word=82 mask=0x02000000)
[2022-12-18 20:52:14] 1 bit errors
[2022-12-18 20:52:14] Cycle 733: 2022-07-31 04:08:17
[2022-12-18 20:52:18] Cycle 734: 2022-07-31 04:08:21
[2022-12-18 20:52:23] Cycle 735: 2022-07-31 04:08:25
[2022-12-18 20:52:27] Cycle 736: 2022-07-31 04:08:29
[2022-12-18 20:52:31] Word 786667 (Frame index=7788 frame address=0x0040068c word=79 mask=0x20000000)
[2022-12-18 20:52:31] Word 786768 (Frame index=7789 frame address=0x0040068d word=79 mask=0x20000000)
[2022-12-18 20:52:31] 2 bit errors
[2022-12-18 20:52:31] Cycle 737: 2022-07-31 04:08:33
[2022-12-18 20:52:35] Cycle 738: 2022-07-31 04:08:37
[2022-12-18 20:52:39] Word 97882 (Frame index=969 frame address=0x00000da3 word=13 mask=0x20000000)
[2022-12-18 20:52:39] Word 380581 (Frame index=3768 frame address=0x00020122 word=13 mask=0x00002000)
[2022-12-18 20:52:39] Word 380682 (Frame index=3769 frame address=0x00020123 word=13 mask=0x00001000)
[2022-12-18 20:52:39] 3 bit errors
[2022-12-18 20:52:39] Cycle 739: 2022-07-31 04:08:42
[2022-12-18 20:52:43] Cycle 740: 2022-07-31 04:08:46
[2022-12-18 20:52:48] Cycle 741: 2022-07-31 04:08:50
[2022-12-18 20:52:52] Cycle 742: 2022-07-31 04:08:54
[2022-12-18 20:52:56] Word 1495012 (Frame index=14802 frame address=0x0044020a word=10 mask=0x00080000)
[2022-12-18 20:52:56] Word 1495113 (Frame index=14803 frame address=0x0044020b word=10 mask=0x00040000)
[2022-12-18 20:52:56] 2 bit errors
[2022-12-18 20:52:56] Cycle 743: 2022-07-31 04:08:58
[2022-12-18 20:53:00] Cycle 744: 2022-07-31 04:09:02
[2022-12-18 20:53:04] Cycle 745: 2022-07-31 04:09:07
[2022-12-18 20:53:08] Word 201251 (Frame index=1992 frame address=0x00001ca0 word=59 mask=0x00000002)
[2022-12-18 20:53:08] Word 1382152 (Frame index=13684 frame address=0x0042270e word=68 mask=0x00000400)
[2022-12-18 20:53:08] 2 bit errors
[2022-12-18 20:53:08] Cycle 746: 2022-07-31 04:09:11
[2022-12-18 20:53:13] Cycle 747: 2022-07-31 04:09:15
[2022-12-18 20:53:17] Cycle 748: 2022-07-31 04:09:19
[2022-12-18 20:53:21] Cycle 749: 2022-07-31 04:09:23
[2022-12-18 20:53:25] Word 630063 (Frame index=6238 frame address=0x00022580 word=25 mask=0x00000020)
[2022-12-18 20:53:25] Word 630164 (Frame index=6239 frame address=0x00022581 word=25 mask=0x00000010)
[2022-12-18 20:53:25] Word 767241 (Frame index=7596 frame address=0x0040039c word=45 mask=0x00800000)
[2022-12-18 20:53:25] Word 767342 (Frame index=7597 frame address=0x0040039d word=45 mask=0x00400000)
[2022-12-18 20:53:25] 4 bit errors
[2022-12-18 20:53:25] Cycle 750: 2022-07-31 04:09:27
[2022-12-18 20:53:29] Word 1416638 (Frame index=14026 frame address=0x00422ba0 word=12 mask=0x00008000)
[2022-12-18 20:53:29] Word 1416739 (Frame index=14027 frame address=0x00422ba1 word=12 mask=0x00008000)
[2022-12-18 20:53:29] 2 bit errors
[2022-12-18 20:53:29] Cycle 751: 2022-07-31 04:09:32
[2022-12-18 20:53:33] Word 37961 (Frame index=375 frame address=0x0000051f word=86 mask=0x01000000)
[2022-12-18 20:53:33] 1 bit errors
[2022-12-18 20:53:33] Cycle 752: 2022-07-31 04:09:36
[2022-12-18 20:53:38] Cycle 753: 2022-07-31 04:09:40
[2022-12-18 20:53:42] Word 488060 (Frame index=4832 frame address=0x00021100 word=28 mask=0x00200000)
[2022-12-18 20:53:42] 1 bit errors
[2022-12-18 20:53:42] Cycle 754: 2022-07-31 04:09:44
[2022-12-18 20:53:46] Word 857423 (Frame index=8489 frame address=0x0040109f word=34 mask=0x00800000)
[2022-12-18 20:53:46] Word 1032721 (Frame index=10224 frame address=0x00402a00 word=97 mask=0x00000100)
[2022-12-18 20:53:46] Word 1292994 (Frame index=12801 frame address=0x00421a1d word=93 mask=0x40000000)
[2022-12-18 20:53:46] 3 bit errors
[2022-12-18 20:53:46] Cycle 755: 2022-07-31 04:09:48
[2022-12-18 20:53:50] Cycle 756: 2022-07-31 04:09:52
[2022-12-18 20:53:54] Word 1155332 (Frame index=11438 frame address=0x00420680 word=94 mask=0x00100000)
[2022-12-18 20:53:54] Word 1155433 (Frame index=11439 frame address=0x00420681 word=94 mask=0x00080000)
[2022-12-18 20:53:54] 2 bit errors
[2022-12-18 20:53:54] Cycle 757: 2022-07-31 04:09:57
[2022-12-18 20:53:58] Word 1524924 (Frame index=15098 frame address=0x00440622 word=26 mask=0x00000001)
[2022-12-18 20:53:58] 1 bit errors
[2022-12-18 20:53:58] Cycle 758: 2022-07-31 04:10:01
[2022-12-18 20:54:03] Cycle 759: 2022-07-31 04:10:05
[2022-12-18 20:54:07] Word 1180458 (Frame index=11687 frame address=0x00420a0d word=71 mask=0x00000040)
[2022-12-18 20:54:07] 1 bit errors
[2022-12-18 20:54:07] Cycle 760: 2022-07-31 04:10:09
[2022-12-18 20:54:11] Word 884503 (Frame index=8757 frame address=0x00401493 word=46 mask=0x00000100)
[2022-12-18 20:54:11] 1 bit errors
[2022-12-18 20:54:11] Cycle 761: 2022-07-31 04:10:13
[2022-12-18 20:54:15] Word 459687 (Frame index=4551 frame address=0x00020c9b word=36 mask=0x00000080)
[2022-12-18 20:54:15] Word 970207 (Frame index=9606 frame address=0x0040210e word=1 mask=0x00000100)
[2022-12-18 20:54:15] Word 970308 (Frame index=9607 frame address=0x0040210f word=1 mask=0x00000080)
[2022-12-18 20:54:15] Word 1596693 (Frame index=15808 frame address=0x0044109a word=85 mask=0x00000400)
[2022-12-18 20:54:15] Word 1596794 (Frame index=15809 frame address=0x0044109b word=85 mask=0x00000800)
[2022-12-18 20:54:15] 5 bit errors
[2022-12-18 20:54:15] Cycle 762: 2022-07-31 04:10:17
[2022-12-18 20:54:19] Word 838663 (Frame index=8303 frame address=0x00400e09 word=60 mask=0x08000000)
[2022-12-18 20:54:19] 1 bit errors
[2022-12-18 20:54:19] Cycle 763: 2022-07-31 04:10:21
[2022-12-18 20:54:23] Word 1552264 (Frame index=15368 frame address=0x00440a20 word=96 mask=0x00004000)
[2022-12-18 20:54:23] Word 1580736 (Frame index=15650 frame address=0x00440e84 word=86 mask=0x00000008)
[2022-12-18 20:54:23] Word 1580837 (Frame index=15651 frame address=0x00440e85 word=86 mask=0x00000004)
[2022-12-18 20:54:23] 3 bit errors
[2022-12-18 20:54:23] Cycle 764: 2022-07-31 04:10:26
[2022-12-18 20:54:28] Cycle 765: 2022-07-31 04:10:30
[2022-12-18 20:54:32] Cycle 766: 2022-07-31 04:10:34
[2022-12-18 20:54:36] Cycle 767: 2022-07-31 04:10:38
[2022-12-18 20:54:40] Cycle 768: 2022-07-31 04:10:42
[2022-12-18 20:54:44] Cycle 769: 2022-07-31 04:10:46
[2022-12-18 20:54:48] Cycle 770: 2022-07-31 04:10:51
[2022-12-18 20:54:53] Word 717533 (Frame index=7104 frame address=0x0002319a word=29 mask=0x00000018)
[2022-12-18 20:54:53] 2 bit errors
[2022-12-18 20:54:53] Cycle 771: 2022-07-31 04:10:55
[2022-12-18 20:54:57] Word 355997 (Frame index=3524 frame address=0x00003308 word=73 mask=0x00008000)
[2022-12-18 20:54:57] 1 bit errors
[2022-12-18 20:54:57] Cycle 772: 2022-07-31 04:10:59
[2022-12-18 20:55:01] Cycle 773: 2022-07-31 04:11:03
[2022-12-18 20:55:05] Cycle 774: 2022-07-31 04:11:07
[2022-12-18 20:55:09] Cycle 775: 2022-07-31 04:11:11
[2022-12-18 20:55:13] Cycle 776: 2022-07-31 04:11:16
[2022-12-18 20:55:18] Cycle 777: 2022-07-31 04:11:20
[2022-12-18 20:55:22] Cycle 778: 2022-07-31 04:11:24
[2022-12-18 20:55:26] Word 986617 (Frame index=9768 frame address=0x0040238c word=49 mask=0x00000800)
[2022-12-18 20:55:26] 1 bit errors
[2022-12-18 20:55:26] Cycle 779: 2022-07-31 04:11:28
[2022-12-18 20:55:30] Word 54395 (Frame index=538 frame address=0x00000796 word=57 mask=0x80000000)
[2022-12-18 20:55:30] Word 211703 (Frame index=2096 frame address=0x00001e80 word=7 mask=0x00000008)
[2022-12-18 20:55:30] 2 bit errors
[2022-12-18 20:55:30] Cycle 780: 2022-07-31 04:11:32
[2022-12-18 20:55:34] Cycle 781: 2022-07-31 04:11:36
[2022-12-18 20:55:38] Word 1768607 (Frame index=17510 frame address=0x00442922 word=97 mask=0x00000020)
[2022-12-18 20:55:38] Word 1768708 (Frame index=17511 frame address=0x00442923 word=97 mask=0x00000040)
[2022-12-18 20:55:38] 2 bit errors
[2022-12-18 20:55:38] Cycle 782: 2022-07-31 04:11:41
[2022-12-18 20:55:42] Word 954116 (Frame index=9446 frame address=0x00401e9a word=70 mask=0x08000000)
[2022-12-18 20:55:42] Word 969679 (Frame index=9600 frame address=0x00402108 word=79 mask=0x00080000)
[2022-12-18 20:55:42] 2 bit errors
[2022-12-18 20:55:42] Cycle 783: 2022-07-31 04:11:45
[2022-12-18 20:55:47] Word 202758 (Frame index=2007 frame address=0x00001d0b word=51 mask=0x00080000)
[2022-12-18 20:55:47] 1 bit errors
[2022-12-18 20:55:47] Cycle 784: 2022-07-31 04:11:49
[2022-12-18 20:55:51] Cycle 785: 2022-07-31 04:11:53
[2022-12-18 20:55:55] Word 1479030 (Frame index=14643 frame address=0x004234a7 word=87 mask=0x00000010)
[2022-12-18 20:55:55] 1 bit errors
[2022-12-18 20:55:55] Cycle 786: 2022-07-31 04:11:57
[2022-12-18 20:55:59] Word 309646 (Frame index=3065 frame address=0x00002c15 word=81 mask=0x00400000)
[2022-12-18 20:55:59] Word 1326825 (Frame index=13136 frame address=0x00421f1a word=89 mask=0x00000001)
[2022-12-18 20:55:59] 2 bit errors
[2022-12-18 20:55:59] Cycle 787: 2022-07-31 04:12:01
[2022-12-18 20:56:03] Cycle 788: 2022-07-31 04:12:06
[2022-12-18 20:56:07] Word 1464518 (Frame index=14500 frame address=0x004232a2 word=18 mask=0x00000002)
[2022-12-18 20:56:07] 1 bit errors
[2022-12-18 20:56:07] Cycle 789: 2022-07-31 04:12:10
[2022-12-18 20:56:12] Cycle 790: 2022-07-31 04:12:14
[2022-12-18 20:56:16] Word 9514 (Frame index=94 frame address=0x00000116 word=20 mask=0x40000000)
[2022-12-18 20:56:16] Word 9615 (Frame index=95 frame address=0x00000117 word=20 mask=0x20000000)
[2022-12-18 20:56:16] 2 bit errors
[2022-12-18 20:56:16] Cycle 791: 2022-07-31 04:12:18
[2022-12-18 20:56:20] Word 1515245 (Frame index=15002 frame address=0x0044050a word=43 mask=0x00080000)
[2022-12-18 20:56:20] 1 bit errors
[2022-12-18 20:56:20] Cycle 792: 2022-07-31 04:12:22
[2022-12-18 20:56:24] Word 1436991 (Frame index=14227 frame address=0x00422ea1 word=64 mask=0x08000000)
[2022-12-18 20:56:24] 1 bit errors
[2022-12-18 20:56:24] Cycle 793: 2022-07-31 04:12:26
[2022-12-18 20:56:28] Word 903805 (Frame index=8948 frame address=0x00401782 word=57 mask=0x08000000)
[2022-12-18 20:56:28] Word 1046694 (Frame index=10363 frame address=0x00402b9f word=31 mask=0x00000002)
[2022-12-18 20:56:28] 2 bit errors
[2022-12-18 20:56:28] Cycle 794: 2022-07-31 04:12:31
[2022-12-18 20:56:32] Cycle 795: 2022-07-31 04:12:35
[2022-12-18 20:56:37] Word 1218065 (Frame index=12060 frame address=0x00420f84 word=5 mask=0x00020000)
[2022-12-18 20:56:37] 1 bit errors
[2022-12-18 20:56:37] Cycle 796: 2022-07-31 04:12:39
[2022-12-18 20:56:41] Word 1216924 (Frame index=12048 frame address=0x00420f1c word=76 mask=0x80000000)
[2022-12-18 20:56:41] Word 1216925 (Frame index=12048 frame address=0x00420f1c word=77 mask=0x00000001)
[2022-12-18 20:56:41] Word 1217025 (Frame index=12049 frame address=0x00420f1d word=76 mask=0xc0000000)
[2022-12-18 20:56:41] 4 bit errors
[2022-12-18 20:56:41] Cycle 797: 2022-07-31 04:12:43
[2022-12-18 20:56:45] Word 218566 (Frame index=2164 frame address=0x00001f84 word=2 mask=0x00008000)
[2022-12-18 20:56:45] 1 bit errors
[2022-12-18 20:56:45] Cycle 798: 2022-07-31 04:12:47
[2022-12-18 20:56:49] Word 462446 (Frame index=4578 frame address=0x00020d12 word=68 mask=0x00000080)
[2022-12-18 20:56:49] Word 922379 (Frame index=9132 frame address=0x00401a16 word=47 mask=0x00010000)
[2022-12-18 20:56:49] Word 1307295 (Frame index=12943 frame address=0x00421c21 word=52 mask=0x00000001)
[2022-12-18 20:56:49] 3 bit errors
[2022-12-18 20:56:49] Cycle 799: 2022-07-31 04:12:51
[2022-12-18 20:56:53] Word 1757294 (Frame index=17398 frame address=0x0044279e word=96 mask=0x00008000)
[2022-12-18 20:56:53] 1 bit errors
[2022-12-18 20:56:53] Cycle 800: 2022-07-31 04:12:56
[2022-12-18 20:56:57] Word 144880 (Frame index=1434 frame address=0x00001494 word=46 mask=0x00002000)
[2022-12-18 20:56:57] Word 144981 (Frame index=1435 frame address=0x00001495 word=46 mask=0x00001000)
[2022-12-18 20:56:57] Word 1116709 (Frame index=11056 frame address=0x0042009c word=53 mask=0x00200000)
[2022-12-18 20:56:57] 3 bit errors
[2022-12-18 20:56:57] Cycle 801: 2022-07-31 04:13:00
[2022-12-18 20:57:02] Cycle 802: 2022-07-31 04:13:04
[2022-12-18 20:57:06] Cycle 803: 2022-07-31 04:13:08
[2022-12-18 20:57:10] Cycle 804: 2022-07-31 04:13:12
[2022-12-18 20:57:14] Cycle 805: 2022-07-31 04:13:16
[2022-12-18 20:57:18] Cycle 806: 2022-07-31 04:13:21
[2022-12-18 20:57:22] Word 757178 (Frame index=7496 frame address=0x0040021c word=82 mask=0x00002000)
[2022-12-18 20:57:22] 1 bit errors
[2022-12-18 20:57:22] Cycle 807: 2022-07-31 04:13:25
[2022-12-18 20:57:27] Cycle 808: 2022-07-31 04:13:29
[2022-12-18 20:57:31] Cycle 809: 2022-07-31 04:13:33
[2022-12-18 20:57:35] Cycle 810: 2022-07-31 04:13:37
[2022-12-18 20:57:39] Word 1404282 (Frame index=13903 frame address=0x00422a11 word=79 mask=0x40000000)
[2022-12-18 20:57:39] 1 bit errors
[2022-12-18 20:57:39] Cycle 811: 2022-07-31 04:13:41
[2022-12-18 20:57:43] Cycle 812: 2022-07-31 04:13:46
[2022-12-18 20:57:47] Cycle 813: 2022-07-31 04:13:50
[2022-12-18 20:57:52] Cycle 814: 2022-07-31 04:13:54
[2022-12-18 20:57:56] Word 795104 (Frame index=7872 frame address=0x004007a0 word=32 mask=0x08000000)
[2022-12-18 20:57:56] 1 bit errors
[2022-12-18 20:57:56] Cycle 815: 2022-07-31 04:13:58
[2022-12-18 20:58:00] Cycle 816: 2022-07-31 04:14:02
[2022-12-18 20:58:04] Cycle 817: 2022-07-31 04:14:06
[2022-12-18 20:58:08] Word 167217 (Frame index=1655 frame address=0x000017a1 word=62 mask=0x00100000)
[2022-12-18 20:58:08] Word 699358 (Frame index=6924 frame address=0x00022f12 word=34 mask=0x01000000)
[2022-12-18 20:58:08] Word 1120045 (Frame index=11089 frame address=0x0042011f word=56 mask=0x00800000)
[2022-12-18 20:58:08] Word 1245757 (Frame index=12334 frame address=0x00421322 word=23 mask=0x00000400)
[2022-12-18 20:58:08] Word 1245858 (Frame index=12335 frame address=0x00421323 word=23 mask=0x00000200)
[2022-12-18 20:58:08] 5 bit errors
[2022-12-18 20:58:08] Cycle 818: 2022-07-31 04:14:11
[2022-12-18 20:58:12] Cycle 819: 2022-07-31 04:14:15
[2022-12-18 20:58:17] Word 1168092 (Frame index=11565 frame address=0x0042081b word=27 mask=0x00000001)
[2022-12-18 20:58:17] Word 1242725 (Frame index=12304 frame address=0x00421304 word=21 mask=0x01000000)
[2022-12-18 20:58:17] Word 1242826 (Frame index=12305 frame address=0x00421305 word=21 mask=0x00800000)
[2022-12-18 20:58:17] 3 bit errors
[2022-12-18 20:58:17] Cycle 820: 2022-07-31 04:14:19
[2022-12-18 20:58:21] Cycle 821: 2022-07-31 04:14:23
[2022-12-18 20:58:25] Cycle 822: 2022-07-31 04:14:27
[2022-12-18 20:58:29] Word 325368 (Frame index=3221 frame address=0x00002e8d word=47 mask=0x00000040)
[2022-12-18 20:58:29] Word 470310 (Frame index=4656 frame address=0x00020e18 word=54 mask=0x00040000)
[2022-12-18 20:58:29] Word 905984 (Frame index=8970 frame address=0x00401798 word=14 mask=0x04000000)
[2022-12-18 20:58:29] Word 1814292 (Frame index=17963 frame address=0x00442fa3 word=29 mask=0x00020000)
[2022-12-18 20:58:29] 4 bit errors
[2022-12-18 20:58:29] Cycle 823: 2022-07-31 04:14:31
[2022-12-18 20:58:33] Cycle 824: 2022-07-31 04:14:35
[2022-12-18 20:58:37] Cycle 825: 2022-07-31 04:14:40
[2022-12-18 20:58:42] Cycle 826: 2022-07-31 04:14:44
[2022-12-18 20:58:46] Cycle 827: 2022-07-31 04:14:48
[2022-12-18 20:58:50] Word 1006253 (Frame index=9962 frame address=0x0040261a word=91 mask=0x00001000)
[2022-12-18 20:58:50] 1 bit errors
[2022-12-18 20:58:50] Cycle 828: 2022-07-31 04:14:52
[2022-12-18 20:58:54] Cycle 829: 2022-07-31 04:14:56
[2022-12-18 20:58:58] Word 1174668 (Frame index=11630 frame address=0x0042091c word=38 mask=0x00000180)
[2022-12-18 20:58:58] Word 1174769 (Frame index=11631 frame address=0x0042091d word=38 mask=0x000000c0)
[2022-12-18 20:58:58] 4 bit errors
[2022-12-18 20:58:58] Cycle 830: 2022-07-31 04:15:00
[2022-12-18 20:59:02] Word 351464 (Frame index=3479 frame address=0x00003223 word=85 mask=0x00004000)
[2022-12-18 20:59:02] 1 bit errors
[2022-12-18 20:59:02] Cycle 831: 2022-07-31 04:15:05
[2022-12-18 20:59:07] Cycle 832: 2022-07-31 04:15:09
[2022-12-18 20:59:11] Cycle 833: 2022-07-31 04:15:13
[2022-12-18 20:59:15] Cycle 834: 2022-07-31 04:15:17
[2022-12-18 20:59:19] Cycle 835: 2022-07-31 04:15:21
[2022-12-18 20:59:23] Word 1065702 (Frame index=10551 frame address=0x00402e93 word=51 mask=0x00100000)
[2022-12-18 20:59:23] 1 bit errors
[2022-12-18 20:59:23] Cycle 836: 2022-07-31 04:15:25
[2022-12-18 20:59:27] Cycle 837: 2022-07-31 04:15:30
[2022-12-18 20:59:31] Word 1598130 (Frame index=15823 frame address=0x00441105 word=7 mask=0x00000020)
[2022-12-18 20:59:31] 1 bit errors
[2022-12-18 20:59:31] Cycle 838: 2022-07-31 04:15:34
[2022-12-18 20:59:36] Word 1525906 (Frame index=15107 frame address=0x00440687 word=99 mask=0x00000800)
[2022-12-18 20:59:36] 1 bit errors
[2022-12-18 20:59:36] Cycle 839: 2022-07-31 04:15:38
[2022-12-18 20:59:40] Cycle 840: 2022-07-31 04:15:42
[2022-12-18 20:59:44] Word 166292 (Frame index=1646 frame address=0x00001798 word=46 mask=0x00020000)
[2022-12-18 20:59:44] Word 166393 (Frame index=1647 frame address=0x00001799 word=46 mask=0x00010000)
[2022-12-18 20:59:44] Word 933093 (Frame index=9238 frame address=0x00401b94 word=55 mask=0x04000000)
[2022-12-18 20:59:44] Word 933194 (Frame index=9239 frame address=0x00401b95 word=55 mask=0x02000000)
[2022-12-18 20:59:44] Word 1537552 (Frame index=15223 frame address=0x00440817 word=29 mask=0x80000000)
[2022-12-18 20:59:44] 5 bit errors
[2022-12-18 20:59:44] Cycle 841: 2022-07-31 04:15:46
[2022-12-18 20:59:48] Word 460145 (Frame index=4555 frame address=0x00020c9f word=90 mask=0x00000004)
[2022-12-18 20:59:48] 1 bit errors
[2022-12-18 20:59:48] Cycle 842: 2022-07-31 04:15:50
[2022-12-18 20:59:52] Cycle 843: 2022-07-31 04:15:55
[2022-12-18 20:59:56] Word 1179057 (Frame index=11673 frame address=0x004209a3 word=84 mask=0x00000400)
[2022-12-18 20:59:56] 1 bit errors
[2022-12-18 20:59:56] Cycle 844: 2022-07-31 04:15:59
[2022-12-18 21:00:01] Word 1323728 (Frame index=13106 frame address=0x00421e98 word=22 mask=0x00001000)
[2022-12-18 21:00:01] 1 bit errors
[2022-12-18 21:00:01] Cycle 845: 2022-07-31 04:16:03
[2022-12-18 21:00:05] Word 1211358 (Frame index=11993 frame address=0x00420e89 word=65 mask=0x00000002)
[2022-12-18 21:00:05] 1 bit errors
[2022-12-18 21:00:05] Cycle 846: 2022-07-31 04:16:07
[2022-12-18 21:00:09] Word 34404 (Frame index=340 frame address=0x00000498 word=64 mask=0x00000400)
[2022-12-18 21:00:09] Word 1155312 (Frame index=11438 frame address=0x00420680 word=74 mask=0x00000400)
[2022-12-18 21:00:09] 2 bit errors
[2022-12-18 21:00:09] Cycle 847: 2022-07-31 04:16:11
[2022-12-18 21:00:13] Cycle 848: 2022-07-31 04:16:15
[2022-12-18 21:00:17] Cycle 849: 2022-07-31 04:16:20
[2022-12-18 21:00:21] Cycle 850: 2022-07-31 04:16:24
[2022-12-18 21:00:26] Word 368079 (Frame index=3644 frame address=0x0000349a word=35 mask=0x00000010)
[2022-12-18 21:00:26] 1 bit errors
[2022-12-18 21:00:26] Cycle 851: 2022-07-31 04:16:28
[2022-12-18 21:00:30] Word 273325 (Frame index=2706 frame address=0x00002716 word=19 mask=0x08000000)
[2022-12-18 21:00:30] 1 bit errors
[2022-12-18 21:00:30] Cycle 852: 2022-07-31 04:16:32
[2022-12-18 21:00:34] Word 1803723 (Frame index=17858 frame address=0x00442e82 word=65 mask=0x20000000)
[2022-12-18 21:00:34] 1 bit errors
[2022-12-18 21:00:34] Cycle 853: 2022-07-31 04:16:36
[2022-12-18 21:00:38] Cycle 854: 2022-07-31 04:16:40
[2022-12-18 21:00:42] Word 830038 (Frame index=8218 frame address=0x00400ca0 word=20 mask=0x00000080)
[2022-12-18 21:00:42] Word 830139 (Frame index=8219 frame address=0x00400ca1 word=20 mask=0x00000100)
[2022-12-18 21:00:42] 2 bit errors
[2022-12-18 21:00:42] Cycle 855: 2022-07-31 04:16:45
[2022-12-18 21:00:46] Cycle 856: 2022-07-31 04:16:49
[2022-12-18 21:00:51] Cycle 857: 2022-07-31 04:16:53
[2022-12-18 21:00:55] Cycle 858: 2022-07-31 04:16:57
[2022-12-18 21:00:59] Cycle 859: 2022-07-31 04:17:01
[2022-12-18 21:01:03] Word 1158389 (Frame index=11469 frame address=0x0042069f word=20 mask=0x00000008)
[2022-12-18 21:01:03] Word 1573296 (Frame index=15577 frame address=0x00440d1f word=19 mask=0x80000000)
[2022-12-18 21:01:03] 2 bit errors
[2022-12-18 21:01:03] Cycle 860: 2022-07-31 04:17:05
[2022-12-18 21:01:07] Cycle 861: 2022-07-31 04:17:10
[2022-12-18 21:01:11] Word 263741 (Frame index=2611 frame address=0x000025a3 word=30 mask=0x01000000)
[2022-12-18 21:01:11] 1 bit errors
[2022-12-18 21:01:11] Cycle 862: 2022-07-31 04:17:14
[2022-12-18 21:01:16] Cycle 863: 2022-07-31 04:17:18
[2022-12-18 21:01:20] Cycle 864: 2022-07-31 04:17:22
[2022-12-18 21:01:24] Cycle 865: 2022-07-31 04:17:26
[2022-12-18 21:01:28] Cycle 866: 2022-07-31 04:17:30
[2022-12-18 21:01:32] Cycle 867: 2022-07-31 04:17:34
[2022-12-18 21:01:36] Cycle 868: 2022-07-31 04:17:39
[2022-12-18 21:01:41] Word 1572591 (Frame index=15570 frame address=0x00440d18 word=21 mask=0x00000020)
[2022-12-18 21:01:41] Word 1572692 (Frame index=15571 frame address=0x00440d19 word=21 mask=0x00000010)
[2022-12-18 21:01:41] 2 bit errors
[2022-12-18 21:01:41] Cycle 869: 2022-07-31 04:17:43
[2022-12-18 21:01:45] Cycle 870: 2022-07-31 04:17:47
[2022-12-18 21:01:49] Cycle 871: 2022-07-31 04:17:51
[2022-12-18 21:01:53] Cycle 872: 2022-07-31 04:17:55
[2022-12-18 21:01:57] Cycle 873: 2022-07-31 04:17:59
[2022-12-18 21:02:01] Cycle 874: 2022-07-31 04:18:04
[2022-12-18 21:02:06] Cycle 875: 2022-07-31 04:18:08
[2022-12-18 21:02:10] Cycle 876: 2022-07-31 04:18:12
[2022-12-18 21:02:14] Cycle 877: 2022-07-31 04:18:16
[2022-12-18 21:02:18] Word 1338565 (Frame index=13253 frame address=0x004220a3 word=12 mask=0x00002000)
[2022-12-18 21:02:18] 1 bit errors
[2022-12-18 21:02:18] Cycle 878: 2022-07-31 04:18:20
[2022-12-18 21:02:22] Cycle 879: 2022-07-31 04:18:24
[2022-12-18 21:02:26] Word 473935 (Frame index=4692 frame address=0x00020ea0 word=43 mask=0x00040000)
[2022-12-18 21:02:26] Word 474036 (Frame index=4693 frame address=0x00020ea1 word=43 mask=0x00080000)
[2022-12-18 21:02:26] Word 1217888 (Frame index=12058 frame address=0x00420f82 word=30 mask=0x00000080)
[2022-12-18 21:02:26] 3 bit errors
[2022-12-18 21:02:26] Cycle 880: 2022-07-31 04:18:29
[2022-12-18 21:02:31] Cycle 881: 2022-07-31 04:18:33
[2022-12-18 21:02:35] Cycle 882: 2022-07-31 04:18:37
