[2022-12-16 19:52:54] Creating JCM Hardware on port 0 with 0 shifts
[2022-12-16 19:52:54] Using Default Chain String: [ 6 ]
[2022-12-16 19:52:54] Changing JCM Clock. Old Rate=29411765 Request Rate=1000000 Actual rate=1000000
[2022-12-16 19:52:54] Register 0x32=
[2022-12-16 19:52:54]  0:0x812c023b
[2022-12-16 19:52:54]  1:0x2a0f6504
[2022-12-16 19:52:54] Changing JCM Clock. Old Rate=1000000 Request Rate=30000000 Actual rate=29411765
[2022-12-16 19:52:54] Creating JCM Hardware on port 0 with 0 shifts
[2022-12-16 19:52:54] Using Default Chain String: [ 6 ]
[2022-12-16 19:52:54] **** Warning ****
[2022-12-16 19:52:54]   Filename /root/ddr_11_28.bit does not have a '.bin' extension. Only '.bin' files can be used for this configuration command
[2022-12-16 19:52:54] Configuring with file: /root/ddr_11_28.bit
[2022-12-16 19:53:00] Configured Successfully
[2022-12-16 19:53:01] JCM Scrubbing. Build Date Thu Jul 28 15:32:32 MDT 2022
[2022-12-16 19:53:01] Execution time: Fri Jul 29 03:08:58 2022
[2022-12-16 19:53:01] 
[2022-12-16 19:53:01] Changing JCM Clock. Old Rate=29411765 Request Rate=30000000 Actual rate=29411765
[2022-12-16 19:53:01] Creating JCM Hardware on port 0 with 0 shifts
[2022-12-16 19:53:01] Using Default Chain String: [ 6 ]
[2022-12-16 19:53:05] FPGA: xc7a200t (7_Series family) IDCode=0x13636093
[2022-12-16 19:53:05] Read IDCODE Matched=0x13636093
[2022-12-16 19:53:05] No readback file specified
[2022-12-16 19:53:05] Number of OffSet words 101
[2022-12-16 19:53:05] No readback file specified. Reading 18310 frames
[2022-12-16 19:53:05] Number of OffSet words 101
[2022-12-16 19:53:05] Number of OffSet words 101
[2022-12-16 19:53:05] Part xc7a200t has 24802 frames. Family 7_Series has 101 words per frame
[2022-12-16 19:53:05] Cycle 0: 2022-07-29 03:09:03
[2022-12-16 19:53:09] Cycle 1: 2022-07-29 03:09:07
[2022-12-16 19:53:13] Cycle 2: 2022-07-29 03:09:11
[2022-12-16 19:53:18] Cycle 3: 2022-07-29 03:09:15
[2022-12-16 19:53:22] Cycle 4: 2022-07-29 03:09:19
[2022-12-16 19:53:26] Cycle 5: 2022-07-29 03:09:24
[2022-12-16 19:53:30] Cycle 6: 2022-07-29 03:09:28
[2022-12-16 19:53:34] Cycle 7: 2022-07-29 03:09:32
[2022-12-16 19:53:38] Cycle 8: 2022-07-29 03:09:36
[2022-12-16 19:53:42] Cycle 9: 2022-07-29 03:09:40
[2022-12-16 19:53:47] Cycle 10: 2022-07-29 03:09:44
[2022-12-16 19:53:51] Cycle 11: 2022-07-29 03:09:48
[2022-12-16 19:53:55] Cycle 12: 2022-07-29 03:09:53
[2022-12-16 19:53:59] Cycle 13: 2022-07-29 03:09:57
[2022-12-16 19:54:03] Cycle 14: 2022-07-29 03:10:01
[2022-12-16 19:54:07] Cycle 15: 2022-07-29 03:10:05
[2022-12-16 19:54:12] Cycle 16: 2022-07-29 03:10:09
[2022-12-16 19:54:16] Cycle 17: 2022-07-29 03:10:13
[2022-12-16 19:54:20] Cycle 18: 2022-07-29 03:10:18
[2022-12-16 19:54:24] Word 475252 (Frame index=4705 frame address=0x00020f09 word=47 mask=0x00000800)
[2022-12-16 19:54:24] 1 bit errors
[2022-12-16 19:54:24] Cycle 19: 2022-07-29 03:10:22
[2022-12-16 19:54:28] Cycle 20: 2022-07-29 03:10:26
[2022-12-16 19:54:32] Cycle 21: 2022-07-29 03:10:30
[2022-12-16 19:54:37] Word 1213279 (Frame index=12012 frame address=0x00420e9c word=67 mask=0x02000000)
[2022-12-16 19:54:37] Word 1213380 (Frame index=12013 frame address=0x00420e9d word=67 mask=0x01000000)
[2022-12-16 19:54:37] 2 bit errors
[2022-12-16 19:54:37] Cycle 22: 2022-07-29 03:10:34
[2022-12-16 19:54:41] Word 1322483 (Frame index=13093 frame address=0x00421e8b word=90 mask=0x00000020)
[2022-12-16 19:54:41] 1 bit errors
[2022-12-16 19:54:41] Cycle 23: 2022-07-29 03:10:38
[2022-12-16 19:54:45] Cycle 24: 2022-07-29 03:10:43
[2022-12-16 19:54:49] Word 1454530 (Frame index=14401 frame address=0x00423123 word=29 mask=0x01000000)
[2022-12-16 19:54:49] Word 1574602 (Frame index=15590 frame address=0x00440d88 word=12 mask=0x01000000)
[2022-12-16 19:54:49] 2 bit errors
[2022-12-16 19:54:49] Cycle 25: 2022-07-29 03:10:47
[2022-12-16 19:54:53] Cycle 26: 2022-07-29 03:10:51
[2022-12-16 19:54:57] Cycle 27: 2022-07-29 03:10:55
[2022-12-16 19:55:02] Word 280103 (Frame index=2773 frame address=0x00002811 word=30 mask=0x00000001)
[2022-12-16 19:55:02] 1 bit errors
[2022-12-16 19:55:02] Cycle 28: 2022-07-29 03:10:59
[2022-12-16 19:55:06] Cycle 29: 2022-07-29 03:11:03
[2022-12-16 19:55:10] Cycle 30: 2022-07-29 03:11:08
[2022-12-16 19:55:14] Word 107931 (Frame index=1068 frame address=0x00000f22 word=63 mask=0x00000010)
[2022-12-16 19:55:14] 1 bit errors
[2022-12-16 19:55:14] Cycle 31: 2022-07-29 03:11:12
[2022-12-16 19:55:18] Cycle 32: 2022-07-29 03:11:16
[2022-12-16 19:55:22] Word 339555 (Frame index=3361 frame address=0x00003091 word=94 mask=0x04000000)
[2022-12-16 19:55:22] Word 928118 (Frame index=9189 frame address=0x00401b07 word=29 mask=0x40000000)
[2022-12-16 19:55:22] 2 bit errors
[2022-12-16 19:55:22] Cycle 33: 2022-07-29 03:11:20
[2022-12-16 19:55:27] Word 1494809 (Frame index=14800 frame address=0x00440208 word=9 mask=0x02000000)
[2022-12-16 19:55:27] Word 1494910 (Frame index=14801 frame address=0x00440209 word=9 mask=0x01000000)
[2022-12-16 19:55:27] 2 bit errors
[2022-12-16 19:55:27] Cycle 34: 2022-07-29 03:11:24
[2022-12-16 19:55:31] Cycle 35: 2022-07-29 03:11:28
[2022-12-16 19:55:35] Word 241999 (Frame index=2396 frame address=0x00002300 word=3 mask=0x00000001)
[2022-12-16 19:55:35] 1 bit errors
[2022-12-16 19:55:35] Cycle 36: 2022-07-29 03:11:33
[2022-12-16 19:55:39] Word 1552837 (Frame index=15374 frame address=0x00440a82 word=63 mask=0x00000400)
[2022-12-16 19:55:39] 1 bit errors
[2022-12-16 19:55:39] Cycle 37: 2022-07-29 03:11:37
[2022-12-16 19:55:43] Cycle 38: 2022-07-29 03:11:41
[2022-12-16 19:55:47] Word 634066 (Frame index=6277 frame address=0x00022603 word=89 mask=0x02000000)
[2022-12-16 19:55:47] 1 bit errors
[2022-12-16 19:55:47] Cycle 39: 2022-07-29 03:11:45
[2022-12-16 19:55:52] Cycle 40: 2022-07-29 03:11:49
[2022-12-16 19:55:56] Word 303009 (Frame index=3000 frame address=0x00002b1c word=9 mask=0x0003f000)
[2022-12-16 19:55:56] Word 303110 (Frame index=3001 frame address=0x00002b1d word=9 mask=0x0001f800)
[2022-12-16 19:55:56] 12 bit errors
[2022-12-16 19:55:56] Cycle 41: 2022-07-29 03:11:53
[2022-12-16 19:56:00] Cycle 42: 2022-07-29 03:11:58
[2022-12-16 19:56:04] Word 658131 (Frame index=6516 frame address=0x0002291a word=15 mask=0x00020000)
[2022-12-16 19:56:04] Word 658232 (Frame index=6517 frame address=0x0002291b word=15 mask=0x00040000)
[2022-12-16 19:56:04] 2 bit errors
[2022-12-16 19:56:04] Cycle 43: 2022-07-29 03:12:02
[2022-12-16 19:56:08] Cycle 44: 2022-07-29 03:12:06
[2022-12-16 19:56:12] Cycle 45: 2022-07-29 03:12:10
[2022-12-16 19:56:16] Cycle 46: 2022-07-29 03:12:14
[2022-12-16 19:56:21] Cycle 47: 2022-07-29 03:12:18
[2022-12-16 19:56:25] Word 1384751 (Frame index=13710 frame address=0x00422784 word=41 mask=0x00000200)
[2022-12-16 19:56:25] Word 1384852 (Frame index=13711 frame address=0x00422785 word=41 mask=0x00000100)
[2022-12-16 19:56:25] 2 bit errors
[2022-12-16 19:56:25] Cycle 48: 2022-07-29 03:12:22
[2022-12-16 19:56:29] Cycle 49: 2022-07-29 03:12:27
[2022-12-16 19:56:33] Cycle 50: 2022-07-29 03:12:31
[2022-12-16 19:56:37] Cycle 51: 2022-07-29 03:12:35
[2022-12-16 19:56:41] Word 915146 (Frame index=9060 frame address=0x0040190e word=86 mask=0x80000000)
[2022-12-16 19:56:41] Word 1245862 (Frame index=12335 frame address=0x00421323 word=27 mask=0x01000000)
[2022-12-16 19:56:41] 2 bit errors
[2022-12-16 19:56:41] Cycle 52: 2022-07-29 03:12:39
[2022-12-16 19:56:46] Cycle 53: 2022-07-29 03:12:43
[2022-12-16 19:56:50] Word 435256 (Frame index=4309 frame address=0x0002091f word=47 mask=0x00000004)
[2022-12-16 19:56:50] 1 bit errors
[2022-12-16 19:56:50] Cycle 54: 2022-07-29 03:12:47
[2022-12-16 19:56:54] Cycle 55: 2022-07-29 03:12:52
[2022-12-16 19:56:58] Word 892866 (Frame index=8840 frame address=0x00401602 word=26 mask=0x00000001)
[2022-12-16 19:56:58] Word 892966 (Frame index=8841 frame address=0x00401603 word=25 mask=0x80000000)
[2022-12-16 19:56:58] 2 bit errors
[2022-12-16 19:56:58] Cycle 56: 2022-07-29 03:12:56
[2022-12-16 19:57:02] Cycle 57: 2022-07-29 03:13:00
[2022-12-16 19:57:06] Cycle 58: 2022-07-29 03:13:04
[2022-12-16 19:57:11] Word 1394211 (Frame index=13804 frame address=0x0042289a word=7 mask=0x00000040)
[2022-12-16 19:57:11] 1 bit errors
[2022-12-16 19:57:11] Cycle 59: 2022-07-29 03:13:08
[2022-12-16 19:57:15] Cycle 60: 2022-07-29 03:13:12
[2022-12-16 19:57:19] Word 643265 (Frame index=6368 frame address=0x00022716 word=97 mask=0x80000000)
[2022-12-16 19:57:19] Word 643366 (Frame index=6369 frame address=0x00022717 word=97 mask=0x80000000)
[2022-12-16 19:57:19] Word 1399129 (Frame index=13852 frame address=0x00422982 word=77 mask=0x08000000)
[2022-12-16 19:57:19] 3 bit errors
[2022-12-16 19:57:19] Cycle 61: 2022-07-29 03:13:17
[2022-12-16 19:57:23] Word 1272668 (Frame index=12600 frame address=0x0042171c word=68 mask=0x00000040)
[2022-12-16 19:57:23] Word 1272769 (Frame index=12601 frame address=0x0042171d word=68 mask=0x00000030)
[2022-12-16 19:57:23] 3 bit errors
[2022-12-16 19:57:23] Cycle 62: 2022-07-29 03:13:21
[2022-12-16 19:57:27] Cycle 63: 2022-07-29 03:13:25
[2022-12-16 19:57:31] Cycle 64: 2022-07-29 03:13:29
[2022-12-16 19:57:36] Word 374572 (Frame index=3708 frame address=0x00020084 word=64 mask=0x08000000)
[2022-12-16 19:57:36] 1 bit errors
[2022-12-16 19:57:36] Cycle 65: 2022-07-29 03:13:33
[2022-12-16 19:57:40] Word 218087 (Frame index=2159 frame address=0x00001f23 word=28 mask=0x00000400)
[2022-12-16 19:57:40] 1 bit errors
[2022-12-16 19:57:40] Cycle 66: 2022-07-29 03:13:37
[2022-12-16 19:57:44] Cycle 67: 2022-07-29 03:13:42
[2022-12-16 19:57:48] Word 161383 (Frame index=1597 frame address=0x0000170b word=86 mask=0x04000000)
[2022-12-16 19:57:48] 1 bit errors
[2022-12-16 19:57:48] Cycle 68: 2022-07-29 03:13:46
[2022-12-16 19:57:52] Word 985124 (Frame index=9753 frame address=0x00402321 word=71 mask=0x00000100)
[2022-12-16 19:57:52] 1 bit errors
[2022-12-16 19:57:52] Cycle 69: 2022-07-29 03:13:50
[2022-12-16 19:57:56] Cycle 70: 2022-07-29 03:13:54
[2022-12-16 19:58:01] Cycle 71: 2022-07-29 03:13:58
[2022-12-16 19:58:05] Cycle 72: 2022-07-29 03:14:02
[2022-12-16 19:58:09] Word 1010044 (Frame index=10000 frame address=0x0040269c word=44 mask=0x60000000)
[2022-12-16 19:58:09] Word 1010145 (Frame index=10001 frame address=0x0040269d word=44 mask=0x30000000)
[2022-12-16 19:58:09] Word 1761237 (Frame index=17437 frame address=0x00442821 word=100 mask=0x00040000)
[2022-12-16 19:58:09] 5 bit errors
[2022-12-16 19:58:09] Cycle 73: 2022-07-29 03:14:07
[2022-12-16 19:58:13] Word 1006020 (Frame index=9960 frame address=0x00402618 word=60 mask=0x00002000)
[2022-12-16 19:58:13] Word 1006121 (Frame index=9961 frame address=0x00402619 word=60 mask=0x00001000)
[2022-12-16 19:58:13] 2 bit errors
[2022-12-16 19:58:13] Cycle 74: 2022-07-29 03:14:11
[2022-12-16 19:58:17] Word 1353588 (Frame index=13401 frame address=0x00422313 word=87 mask=0x00000008)
[2022-12-16 19:58:17] 1 bit errors
[2022-12-16 19:58:17] Cycle 75: 2022-07-29 03:14:15
[2022-12-16 19:58:21] Word 1367950 (Frame index=13544 frame address=0x00422512 word=6 mask=0x00000800)
[2022-12-16 19:58:21] Word 1368051 (Frame index=13545 frame address=0x00422513 word=6 mask=0x00000400)
[2022-12-16 19:58:21] 2 bit errors
[2022-12-16 19:58:21] Cycle 76: 2022-07-29 03:14:19
[2022-12-16 19:58:26] Word 1048534 (Frame index=10381 frame address=0x00402c0d word=53 mask=0x00000400)
[2022-12-16 19:58:26] Word 1482129 (Frame index=14674 frame address=0x0044001a word=55 mask=0x00000400)
[2022-12-16 19:58:26] 2 bit errors
[2022-12-16 19:58:26] Cycle 77: 2022-07-29 03:14:23
[2022-12-16 19:58:30] Cycle 78: 2022-07-29 03:14:27
[2022-12-16 19:58:34] Word 14225 (Frame index=140 frame address=0x000001a0 word=85 mask=0x00000100)
[2022-12-16 19:58:34] Word 162086 (Frame index=1604 frame address=0x00001712 word=82 mask=0x00000800)
[2022-12-16 19:58:34] Word 162187 (Frame index=1605 frame address=0x00001713 word=82 mask=0x00000400)
[2022-12-16 19:58:34] Word 221655 (Frame index=2194 frame address=0x00001fa2 word=61 mask=0x00001000)
[2022-12-16 19:58:34] 4 bit errors
[2022-12-16 19:58:34] Cycle 79: 2022-07-29 03:14:32
[2022-12-16 19:58:38] Word 995855 (Frame index=9859 frame address=0x0040249f word=96 mask=0x00000004)
[2022-12-16 19:58:38] 1 bit errors
[2022-12-16 19:58:38] Cycle 80: 2022-07-29 03:14:36
[2022-12-16 19:58:42] Cycle 81: 2022-07-29 03:14:40
[2022-12-16 19:58:46] Cycle 82: 2022-07-29 03:14:44
[2022-12-16 19:58:51] Word 1772219 (Frame index=17546 frame address=0x004429a2 word=73 mask=0x00000001)
[2022-12-16 19:58:51] Word 1772319 (Frame index=17547 frame address=0x004429a3 word=72 mask=0x80000000)
[2022-12-16 19:58:51] 2 bit errors
[2022-12-16 19:58:51] Cycle 83: 2022-07-29 03:14:48
[2022-12-16 19:58:55] Word 940282 (Frame index=9309 frame address=0x00401c99 word=73 mask=0x00080000)
[2022-12-16 19:58:55] Word 1435857 (Frame index=14216 frame address=0x00422e96 word=41 mask=0x00000002)
[2022-12-16 19:58:55] Word 1435958 (Frame index=14217 frame address=0x00422e97 word=41 mask=0x00000001)
[2022-12-16 19:58:55] 3 bit errors
[2022-12-16 19:58:55] Cycle 84: 2022-07-29 03:14:52
[2022-12-16 19:58:59] Word 280396 (Frame index=2776 frame address=0x00002814 word=20 mask=0x40000000)
[2022-12-16 19:58:59] Word 280497 (Frame index=2777 frame address=0x00002815 word=20 mask=0x20000000)
[2022-12-16 19:58:59] 2 bit errors
[2022-12-16 19:58:59] Cycle 85: 2022-07-29 03:14:57
[2022-12-16 19:59:03] Cycle 86: 2022-07-29 03:15:01
[2022-12-16 19:59:07] Cycle 87: 2022-07-29 03:15:05
[2022-12-16 19:59:11] Cycle 88: 2022-07-29 03:15:09
[2022-12-16 19:59:16] Word 838686 (Frame index=8303 frame address=0x00400e09 word=83 mask=0x00000400)
[2022-12-16 19:59:16] Word 1386233 (Frame index=13725 frame address=0x00422793 word=8 mask=0x00000001)
[2022-12-16 19:59:16] 2 bit errors
[2022-12-16 19:59:16] Cycle 89: 2022-07-29 03:15:13
[2022-12-16 19:59:20] Word 1363609 (Frame index=13501 frame address=0x0042248b word=8 mask=0x00000008)
[2022-12-16 19:59:20] 1 bit errors
[2022-12-16 19:59:20] Cycle 90: 2022-07-29 03:15:17
[2022-12-16 19:59:24] Word 177837 (Frame index=1760 frame address=0x00001982 word=77 mask=0x00000008)
[2022-12-16 19:59:24] Word 373762 (Frame index=3700 frame address=0x00020026 word=62 mask=0x20000000)
[2022-12-16 19:59:24] Word 1068284 (Frame index=10577 frame address=0x00402f09 word=7 mask=0x00000800)
[2022-12-16 19:59:24] Word 1379922 (Frame index=13662 frame address=0x0042269c word=60 mask=0x00000800)
[2022-12-16 19:59:24] Word 1380023 (Frame index=13663 frame address=0x0042269d word=60 mask=0x00000400)
[2022-12-16 19:59:24] 5 bit errors
[2022-12-16 19:59:24] Cycle 91: 2022-07-29 03:15:22
[2022-12-16 19:59:28] Word 971468 (Frame index=9618 frame address=0x0040211a word=50 mask=0x00000002)
[2022-12-16 19:59:28] 1 bit errors
[2022-12-16 19:59:28] Cycle 92: 2022-07-29 03:15:26
[2022-12-16 19:59:32] Word 784987 (Frame index=7772 frame address=0x00400620 word=15 mask=0x20000000)
[2022-12-16 19:59:32] Word 1387302 (Frame index=13735 frame address=0x0042279d word=67 mask=0x00000008)
[2022-12-16 19:59:32] 2 bit errors
[2022-12-16 19:59:32] Cycle 93: 2022-07-29 03:15:30
[2022-12-16 19:59:36] Cycle 94: 2022-07-29 03:15:34
[2022-12-16 19:59:41] Cycle 95: 2022-07-29 03:15:38
[2022-12-16 19:59:45] Word 1186612 (Frame index=11748 frame address=0x00420b02 word=64 mask=0x00000004)
[2022-12-16 19:59:45] 1 bit errors
[2022-12-16 19:59:45] Cycle 96: 2022-07-29 03:15:42
[2022-12-16 19:59:49] Word 640494 (Frame index=6341 frame address=0x0002269f word=53 mask=0x00002000)
[2022-12-16 19:59:49] 1 bit errors
[2022-12-16 19:59:49] Cycle 97: 2022-07-29 03:15:47
[2022-12-16 19:59:53] Cycle 98: 2022-07-29 03:15:51
[2022-12-16 19:59:57] Word 183460 (Frame index=1816 frame address=0x00001a1e word=44 mask=0x00010000)
[2022-12-16 19:59:57] 1 bit errors
[2022-12-16 19:59:57] Cycle 99: 2022-07-29 03:15:55
[2022-12-16 20:00:01] Word 1499847 (Frame index=14849 frame address=0x00440295 word=98 mask=0x00000080)
[2022-12-16 20:00:01] 1 bit errors
[2022-12-16 20:00:01] Cycle 100: 2022-07-29 03:15:59
[2022-12-16 20:00:06] Cycle 101: 2022-07-29 03:16:03
[2022-12-16 20:00:10] Word 1039455 (Frame index=10291 frame address=0x00402a9f word=64 mask=0x04000000)
[2022-12-16 20:00:10] 1 bit errors
[2022-12-16 20:00:10] Cycle 102: 2022-07-29 03:16:07
[2022-12-16 20:00:14] Word 284438 (Frame index=2816 frame address=0x00002898 word=22 mask=0x40000000)
[2022-12-16 20:00:14] 1 bit errors
[2022-12-16 20:00:14] Cycle 103: 2022-07-29 03:16:12
[2022-12-16 20:00:18] Cycle 104: 2022-07-29 03:16:16
[2022-12-16 20:00:22] Word 1085083 (Frame index=10743 frame address=0x00403183 word=40 mask=0x00000010)
[2022-12-16 20:00:22] 1 bit errors
[2022-12-16 20:00:22] Cycle 105: 2022-07-29 03:16:20
[2022-12-16 20:00:26] Word 965016 (Frame index=9554 frame address=0x00402022 word=62 mask=0x00080000)
[2022-12-16 20:00:26] Word 1268858 (Frame index=12562 frame address=0x0042169a word=96 mask=0x00080000)
[2022-12-16 20:00:26] Word 1451863 (Frame index=14374 frame address=0x00423108 word=89 mask=0x00000010)
[2022-12-16 20:00:26] Word 1451964 (Frame index=14375 frame address=0x00423109 word=89 mask=0x00000008)
[2022-12-16 20:00:26] 4 bit errors
[2022-12-16 20:00:26] Cycle 106: 2022-07-29 03:16:24
[2022-12-16 20:00:30] Word 1094448 (Frame index=10836 frame address=0x004032a0 word=12 mask=0x00000008)
[2022-12-16 20:00:30] Word 1094549 (Frame index=10837 frame address=0x004032a1 word=12 mask=0x00000010)
[2022-12-16 20:00:30] 2 bit errors
[2022-12-16 20:00:30] Cycle 107: 2022-07-29 03:16:28
[2022-12-16 20:00:35] Cycle 108: 2022-07-29 03:16:32
[2022-12-16 20:00:39] Word 947383 (Frame index=9380 frame address=0x00401da0 word=3 mask=0x80000000)
[2022-12-16 20:00:39] Word 947485 (Frame index=9381 frame address=0x00401da1 word=4 mask=0x00000001)
[2022-12-16 20:00:39] Word 1014046 (Frame index=10040 frame address=0x00402720 word=6 mask=0x00000020)
[2022-12-16 20:00:39] 3 bit errors
[2022-12-16 20:00:39] Cycle 109: 2022-07-29 03:16:37
[2022-12-16 20:00:43] Word 1453248 (Frame index=14388 frame address=0x00423116 word=60 mask=0x00001000)
[2022-12-16 20:00:43] 1 bit errors
[2022-12-16 20:00:43] Cycle 110: 2022-07-29 03:16:41
[2022-12-16 20:00:47] Word 1469561 (Frame index=14550 frame address=0x0042338c word=11 mask=0x00010000)
[2022-12-16 20:00:47] 1 bit errors
[2022-12-16 20:00:47] Cycle 111: 2022-07-29 03:16:45
[2022-12-16 20:00:51] Cycle 112: 2022-07-29 03:16:49
[2022-12-16 20:00:55] Cycle 113: 2022-07-29 03:16:53
[2022-12-16 20:01:00] Cycle 114: 2022-07-29 03:16:57
[2022-12-16 20:01:04] Word 836590 (Frame index=8283 frame address=0x00400d99 word=7 mask=0x01000000)
[2022-12-16 20:01:04] Word 869336 (Frame index=8607 frame address=0x00401285 word=29 mask=0x01000000)
[2022-12-16 20:01:04] 2 bit errors
[2022-12-16 20:01:04] Cycle 115: 2022-07-29 03:17:01
[2022-12-16 20:01:08] Cycle 116: 2022-07-29 03:17:06
[2022-12-16 20:01:12] Cycle 117: 2022-07-29 03:17:10
[2022-12-16 20:01:16] Cycle 118: 2022-07-29 03:17:14
[2022-12-16 20:01:20] Word 912520 (Frame index=9034 frame address=0x00401898 word=86 mask=0x00008000)
[2022-12-16 20:01:20] Word 912621 (Frame index=9035 frame address=0x00401899 word=86 mask=0x00004000)
[2022-12-16 20:01:20] 2 bit errors
[2022-12-16 20:01:20] Cycle 119: 2022-07-29 03:17:18
[2022-12-16 20:01:25] Word 1198983 (Frame index=11871 frame address=0x00420c97 word=12 mask=0x01000000)
[2022-12-16 20:01:25] 1 bit errors
[2022-12-16 20:01:25] Cycle 120: 2022-07-29 03:17:22
[2022-12-16 20:01:29] Cycle 121: 2022-07-29 03:17:26
[2022-12-16 20:01:33] Cycle 122: 2022-07-29 03:17:31
[2022-12-16 20:01:37] Word 266440 (Frame index=2638 frame address=0x0000261a word=2 mask=0x00000001)
[2022-12-16 20:01:37] Word 1805030 (Frame index=17871 frame address=0x00442e8f word=59 mask=0x00000008)
[2022-12-16 20:01:37] 2 bit errors
[2022-12-16 20:01:37] Cycle 123: 2022-07-29 03:17:35
[2022-12-16 20:01:41] Cycle 124: 2022-07-29 03:17:39
[2022-12-16 20:01:45] Word 1257355 (Frame index=12449 frame address=0x0042150d word=6 mask=0x00000200)
[2022-12-16 20:01:45] 1 bit errors
[2022-12-16 20:01:45] Cycle 125: 2022-07-29 03:17:43
[2022-12-16 20:01:50] Cycle 126: 2022-07-29 03:17:47
[2022-12-16 20:01:54] Cycle 127: 2022-07-29 03:17:51
[2022-12-16 20:01:58] Cycle 128: 2022-07-29 03:17:56
[2022-12-16 20:02:02] Cycle 129: 2022-07-29 03:18:00
[2022-12-16 20:02:06] Word 1071127 (Frame index=10605 frame address=0x00402f81 word=22 mask=0x00000004)
[2022-12-16 20:02:06] 1 bit errors
[2022-12-16 20:02:06] Cycle 130: 2022-07-29 03:18:04
[2022-12-16 20:02:10] Cycle 131: 2022-07-29 03:18:08
[2022-12-16 20:02:15] Cycle 132: 2022-07-29 03:18:12
[2022-12-16 20:02:19] Word 1493644 (Frame index=14788 frame address=0x004401a0 word=56 mask=0x00000008)
[2022-12-16 20:02:19] Word 1493745 (Frame index=14789 frame address=0x004401a1 word=56 mask=0x00000010)
[2022-12-16 20:02:19] 2 bit errors
[2022-12-16 20:02:19] Cycle 133: 2022-07-29 03:18:16
[2022-12-16 20:02:23] Cycle 134: 2022-07-29 03:18:21
[2022-12-16 20:02:27] Word 998823 (Frame index=9889 frame address=0x00402519 word=34 mask=0x00000008)
[2022-12-16 20:02:27] Word 1189478 (Frame index=11777 frame address=0x00420b1f word=1 mask=0x00000100)
[2022-12-16 20:02:27] 2 bit errors
[2022-12-16 20:02:27] Cycle 135: 2022-07-29 03:18:25
[2022-12-16 20:02:31] Cycle 136: 2022-07-29 03:18:29
[2022-12-16 20:02:35] Word 149332 (Frame index=1478 frame address=0x0000151c word=54 mask=0x00020000)
[2022-12-16 20:02:35] Word 149433 (Frame index=1479 frame address=0x0000151d word=54 mask=0x00010000)
[2022-12-16 20:02:35] 2 bit errors
[2022-12-16 20:02:35] Cycle 137: 2022-07-29 03:18:33
[2022-12-16 20:02:40] Cycle 138: 2022-07-29 03:18:37
[2022-12-16 20:02:44] Cycle 139: 2022-07-29 03:18:41
[2022-12-16 20:02:48] Cycle 140: 2022-07-29 03:18:46
[2022-12-16 20:02:52] Word 996135 (Frame index=9862 frame address=0x004024a2 word=73 mask=0x00040000)
[2022-12-16 20:02:52] Word 996236 (Frame index=9863 frame address=0x004024a3 word=73 mask=0x00040000)
[2022-12-16 20:02:52] 2 bit errors
[2022-12-16 20:02:52] Cycle 141: 2022-07-29 03:18:50
[2022-12-16 20:02:56] Cycle 142: 2022-07-29 03:18:54
[2022-12-16 20:03:00] Word 1255951 (Frame index=12435 frame address=0x004214a3 word=16 mask=0x00200000)
[2022-12-16 20:03:00] 1 bit errors
[2022-12-16 20:03:00] Cycle 143: 2022-07-29 03:18:58
[2022-12-16 20:03:05] Word 561116 (Frame index=5555 frame address=0x00021b23 word=61 mask=0x40000000)
[2022-12-16 20:03:05] 1 bit errors
[2022-12-16 20:03:05] Cycle 144: 2022-07-29 03:19:02
[2022-12-16 20:03:09] Word 1245618 (Frame index=12332 frame address=0x00421320 word=86 mask=0x00000800)
[2022-12-16 20:03:09] Word 1245719 (Frame index=12333 frame address=0x00421321 word=86 mask=0x00001000)
[2022-12-16 20:03:09] 2 bit errors
[2022-12-16 20:03:09] Cycle 145: 2022-07-29 03:19:06
[2022-12-16 20:03:13] Word 1102658 (Frame index=10917 frame address=0x00403405 word=41 mask=0x10000000)
[2022-12-16 20:03:13] 1 bit errors
[2022-12-16 20:03:13] Cycle 146: 2022-07-29 03:19:11
[2022-12-16 20:03:17] Cycle 147: 2022-07-29 03:19:15
[2022-12-16 20:03:21] Cycle 148: 2022-07-29 03:19:19
[2022-12-16 20:03:25] Word 248186 (Frame index=2457 frame address=0x00002399 word=29 mask=0x00000020)
[2022-12-16 20:03:25] Word 1818183 (Frame index=18001 frame address=0x00443089 word=82 mask=0x00000008)
[2022-12-16 20:03:25] 2 bit errors
[2022-12-16 20:03:25] Cycle 149: 2022-07-29 03:19:23
[2022-12-16 20:03:30] Word 1432172 (Frame index=14179 frame address=0x00422e15 word=93 mask=0x00000010)
[2022-12-16 20:03:30] 1 bit errors
[2022-12-16 20:03:30] Cycle 150: 2022-07-29 03:19:27
[2022-12-16 20:03:34] Cycle 151: 2022-07-29 03:19:31
[2022-12-16 20:03:38] Word 1288507 (Frame index=12757 frame address=0x0042198d word=50 mask=0x00000008)
[2022-12-16 20:03:38] 1 bit errors
[2022-12-16 20:03:38] Cycle 152: 2022-07-29 03:19:36
[2022-12-16 20:03:42] Word 10591 (Frame index=104 frame address=0x00000120 word=87 mask=0x04000000)
[2022-12-16 20:03:42] Word 10692 (Frame index=105 frame address=0x00000121 word=87 mask=0x08000000)
[2022-12-16 20:03:42] Word 239025 (Frame index=2366 frame address=0x00002222 word=59 mask=0x00000400)
[2022-12-16 20:03:42] Word 239126 (Frame index=2367 frame address=0x00002223 word=59 mask=0x00000800)
[2022-12-16 20:03:42] 4 bit errors
[2022-12-16 20:03:42] Cycle 153: 2022-07-29 03:19:40
[2022-12-16 20:03:46] Cycle 154: 2022-07-29 03:19:44
[2022-12-16 20:03:50] Word 1403751 (Frame index=13898 frame address=0x00422a0c word=53 mask=0x00002000)
[2022-12-16 20:03:50] Word 1403852 (Frame index=13899 frame address=0x00422a0d word=53 mask=0x00002000)
[2022-12-16 20:03:50] 2 bit errors
[2022-12-16 20:03:50] Cycle 155: 2022-07-29 03:19:48
[2022-12-16 20:03:54] Cycle 156: 2022-07-29 03:19:52
[2022-12-16 20:03:59] Cycle 157: 2022-07-29 03:19:56
[2022-12-16 20:04:03] Cycle 158: 2022-07-29 03:20:00
[2022-12-16 20:04:07] Cycle 159: 2022-07-29 03:20:05
[2022-12-16 20:04:11] Word 951257 (Frame index=9418 frame address=0x00401e22 word=39 mask=0x00000030)
[2022-12-16 20:04:11] Word 951358 (Frame index=9419 frame address=0x00401e23 word=39 mask=0x00000060)
[2022-12-16 20:04:11] 4 bit errors
[2022-12-16 20:04:11] Cycle 160: 2022-07-29 03:20:09
[2022-12-16 20:04:15] Cycle 161: 2022-07-29 03:20:13
[2022-12-16 20:04:19] Cycle 162: 2022-07-29 03:20:17
[2022-12-16 20:04:24] Word 716375 (Frame index=7092 frame address=0x0002318e word=83 mask=0x10000000)
[2022-12-16 20:04:24] Word 716476 (Frame index=7093 frame address=0x0002318f word=83 mask=0x08000000)
[2022-12-16 20:04:24] 2 bit errors
[2022-12-16 20:04:24] Cycle 163: 2022-07-29 03:20:21
[2022-12-16 20:04:28] Word 349837 (Frame index=3463 frame address=0x00003213 word=74 mask=0x00000800)
[2022-12-16 20:04:28] 1 bit errors
[2022-12-16 20:04:28] Cycle 164: 2022-07-29 03:20:25
[2022-12-16 20:04:32] Cycle 165: 2022-07-29 03:20:30
[2022-12-16 20:04:36] Cycle 166: 2022-07-29 03:20:34
[2022-12-16 20:04:40] Word 474258 (Frame index=4695 frame address=0x00020ea3 word=63 mask=0x01000000)
[2022-12-16 20:04:40] Word 1572242 (Frame index=15566 frame address=0x00440d14 word=76 mask=0x40000000)
[2022-12-16 20:04:40] Word 1572343 (Frame index=15567 frame address=0x00440d15 word=76 mask=0x20000000)
[2022-12-16 20:04:40] 3 bit errors
[2022-12-16 20:04:40] Cycle 167: 2022-07-29 03:20:38
[2022-12-16 20:04:44] Word 23503 (Frame index=232 frame address=0x00000310 word=71 mask=0x01000000)
[2022-12-16 20:04:44] 1 bit errors
[2022-12-16 20:04:44] Cycle 168: 2022-07-29 03:20:42
[2022-12-16 20:04:49] Word 474189 (Frame index=4694 frame address=0x00020ea2 word=95 mask=0x00000200)
[2022-12-16 20:04:49] 1 bit errors
[2022-12-16 20:04:49] Cycle 169: 2022-07-29 03:20:46
[2022-12-16 20:04:53] Cycle 170: 2022-07-29 03:20:50
[2022-12-16 20:04:57] Cycle 171: 2022-07-29 03:20:55
[2022-12-16 20:05:01] Cycle 172: 2022-07-29 03:20:59
[2022-12-16 20:05:05] Cycle 173: 2022-07-29 03:21:03
[2022-12-16 20:05:09] Word 641663 (Frame index=6353 frame address=0x00022707 word=10 mask=0x04000000)
[2022-12-16 20:05:09] Word 1269473 (Frame index=12569 frame address=0x004216a1 word=4 mask=0x00000100)
[2022-12-16 20:05:09] 2 bit errors
[2022-12-16 20:05:09] Cycle 174: 2022-07-29 03:21:07
[2022-12-16 20:05:14] Cycle 175: 2022-07-29 03:21:11
[2022-12-16 20:05:18] Word 943671 (Frame index=9343 frame address=0x00401d17 word=28 mask=0x08000000)
[2022-12-16 20:05:18] 1 bit errors
[2022-12-16 20:05:18] Cycle 176: 2022-07-29 03:21:15
[2022-12-16 20:05:22] Cycle 177: 2022-07-29 03:21:20
[2022-12-16 20:05:26] Cycle 178: 2022-07-29 03:21:24
[2022-12-16 20:05:30] Cycle 179: 2022-07-29 03:21:28
[2022-12-16 20:05:34] Word 1503021 (Frame index=14881 frame address=0x00440311 word=40 mask=0x00000020)
[2022-12-16 20:05:34] 1 bit errors
[2022-12-16 20:05:34] Cycle 180: 2022-07-29 03:21:32
[2022-12-16 20:05:39] Word 347951 (Frame index=3445 frame address=0x00003201 word=6 mask=0x00001000)
[2022-12-16 20:05:39] 1 bit errors
[2022-12-16 20:05:39] Cycle 181: 2022-07-29 03:21:36
[2022-12-16 20:05:43] Cycle 182: 2022-07-29 03:21:40
[2022-12-16 20:05:47] Cycle 183: 2022-07-29 03:21:45
[2022-12-16 20:05:51] Cycle 184: 2022-07-29 03:21:49
[2022-12-16 20:05:55] Word 831687 (Frame index=8234 frame address=0x00400d0c word=53 mask=0x00000001)
[2022-12-16 20:05:55] Word 937326 (Frame index=9280 frame address=0x00401c20 word=46 mask=0x00000010)
[2022-12-16 20:05:55] Word 1433214 (Frame index=14190 frame address=0x00422e20 word=24 mask=0x02000000)
[2022-12-16 20:05:55] 3 bit errors
[2022-12-16 20:05:55] Cycle 185: 2022-07-29 03:21:53
[2022-12-16 20:05:59] Cycle 186: 2022-07-29 03:21:57
[2022-12-16 20:06:04] Cycle 187: 2022-07-29 03:22:01
[2022-12-16 20:06:08] Cycle 188: 2022-07-29 03:22:05
[2022-12-16 20:06:12] Word 1793794 (Frame index=17760 frame address=0x00442d04 word=34 mask=0x00080000)
[2022-12-16 20:06:12] 1 bit errors
[2022-12-16 20:06:12] Cycle 189: 2022-07-29 03:22:10
[2022-12-16 20:06:16] Word 1773770 (Frame index=17562 frame address=0x00442a0e word=8 mask=0x00000002)
[2022-12-16 20:06:16] Word 1773871 (Frame index=17563 frame address=0x00442a0f word=8 mask=0x00000001)
[2022-12-16 20:06:16] 2 bit errors
[2022-12-16 20:06:16] Cycle 190: 2022-07-29 03:22:14
[2022-12-16 20:06:20] Cycle 191: 2022-07-29 03:22:18
[2022-12-16 20:06:24] Word 1157473 (Frame index=11460 frame address=0x00420696 word=13 mask=0x01000000)
[2022-12-16 20:06:24] Word 1157574 (Frame index=11461 frame address=0x00420697 word=13 mask=0x00800000)
[2022-12-16 20:06:24] 2 bit errors
[2022-12-16 20:06:24] Cycle 192: 2022-07-29 03:22:22
[2022-12-16 20:06:29] Cycle 193: 2022-07-29 03:22:26
[2022-12-16 20:06:33] Word 1198769 (Frame index=11869 frame address=0x00420c95 word=0 mask=0x00000004)
[2022-12-16 20:06:33] 1 bit errors
[2022-12-16 20:06:33] Cycle 194: 2022-07-29 03:22:30
[2022-12-16 20:06:37] Word 640545 (Frame index=6342 frame address=0x000226a0 word=3 mask=0x00080000)
[2022-12-16 20:06:37] Word 640646 (Frame index=6343 frame address=0x000226a1 word=3 mask=0x00100000)
[2022-12-16 20:06:37] Word 965614 (Frame index=9560 frame address=0x00402084 word=54 mask=0x00100000)
[2022-12-16 20:06:37] Word 965715 (Frame index=9561 frame address=0x00402085 word=54 mask=0x00080000)
[2022-12-16 20:06:37] 4 bit errors
[2022-12-16 20:06:37] Cycle 195: 2022-07-29 03:22:35
[2022-12-16 20:06:41] Word 1589400 (Frame index=15736 frame address=0x00440f92 word=64 mask=0x00000001)
[2022-12-16 20:06:41] 1 bit errors
[2022-12-16 20:06:41] Cycle 196: 2022-07-29 03:22:39
[2022-12-16 20:06:45] Cycle 197: 2022-07-29 03:22:43
[2022-12-16 20:06:49] Cycle 198: 2022-07-29 03:22:47
[2022-12-16 20:06:53] Cycle 199: 2022-07-29 03:22:51
[2022-12-16 20:06:58] Word 656016 (Frame index=6495 frame address=0x00022905 word=21 mask=0x00002000)
[2022-12-16 20:06:58] Word 1131254 (Frame index=11200 frame address=0x004202a2 word=54 mask=0x00400000)
[2022-12-16 20:06:58] 2 bit errors
[2022-12-16 20:06:58] Cycle 200: 2022-07-29 03:22:55
[2022-12-16 20:07:02] Word 978514 (Frame index=9688 frame address=0x00402220 word=26 mask=0x00000400)
[2022-12-16 20:07:02] Word 978615 (Frame index=9689 frame address=0x00402221 word=26 mask=0x00000800)
[2022-12-16 20:07:02] 2 bit errors
[2022-12-16 20:07:02] Cycle 201: 2022-07-29 03:23:00
[2022-12-16 20:07:06] Cycle 202: 2022-07-29 03:23:04
[2022-12-16 20:07:10] Cycle 203: 2022-07-29 03:23:08
[2022-12-16 20:07:14] Cycle 204: 2022-07-29 03:23:12
[2022-12-16 20:07:18] Word 1173276 (Frame index=11616 frame address=0x0042090e word=60 mask=0x00000080)
[2022-12-16 20:07:18] Word 1173377 (Frame index=11617 frame address=0x0042090f word=60 mask=0x00000040)
[2022-12-16 20:07:18] 2 bit errors
[2022-12-16 20:07:18] Cycle 205: 2022-07-29 03:23:16
[2022-12-16 20:07:23] Cycle 206: 2022-07-29 03:23:20
[2022-12-16 20:07:27] Cycle 207: 2022-07-29 03:23:24
[2022-12-16 20:07:31] Cycle 208: 2022-07-29 03:23:29
[2022-12-16 20:07:35] Word 559045 (Frame index=5535 frame address=0x00021b0f word=10 mask=0x08000000)
[2022-12-16 20:07:35] 1 bit errors
[2022-12-16 20:07:35] Cycle 209: 2022-07-29 03:23:33
[2022-12-16 20:07:39] Cycle 210: 2022-07-29 03:23:37
[2022-12-16 20:07:43] Word 1439697 (Frame index=14254 frame address=0x00422f18 word=43 mask=0x01000000)
[2022-12-16 20:07:43] 1 bit errors
[2022-12-16 20:07:43] Cycle 211: 2022-07-29 03:23:41
[2022-12-16 20:07:48] Word 873671 (Frame index=8650 frame address=0x0040130c word=21 mask=0x00000008)
[2022-12-16 20:07:48] 1 bit errors
[2022-12-16 20:07:48] Cycle 212: 2022-07-29 03:23:45
[2022-12-16 20:07:52] Word 1672820 (Frame index=16562 frame address=0x00441b94 word=58 mask=0x00004000)
[2022-12-16 20:07:52] Word 1672921 (Frame index=16563 frame address=0x00441b95 word=58 mask=0x00002000)
[2022-12-16 20:07:52] 2 bit errors
[2022-12-16 20:07:52] Cycle 213: 2022-07-29 03:23:49
[2022-12-16 20:07:56] Word 961353 (Frame index=9518 frame address=0x00401fa2 word=35 mask=0x04000000)
[2022-12-16 20:07:56] Word 1593268 (Frame index=15774 frame address=0x0044101c word=94 mask=0x00040000)
[2022-12-16 20:07:56] Word 1593369 (Frame index=15775 frame address=0x0044101d word=94 mask=0x00020000)
[2022-12-16 20:07:56] 3 bit errors
[2022-12-16 20:07:56] Cycle 214: 2022-07-29 03:23:54
[2022-12-16 20:08:00] Word 1742548 (Frame index=17252 frame address=0x0044259c word=96 mask=0x00003000)
[2022-12-16 20:08:00] Word 1742649 (Frame index=17253 frame address=0x0044259d word=96 mask=0x00001800)
[2022-12-16 20:08:00] 4 bit errors
[2022-12-16 20:08:00] Cycle 215: 2022-07-29 03:23:58
[2022-12-16 20:08:04] Word 100696 (Frame index=996 frame address=0x00000e1a word=100 mask=0x00060000)
[2022-12-16 20:08:04] 2 bit errors
[2022-12-16 20:08:04] Cycle 216: 2022-07-29 03:24:02
[2022-12-16 20:08:08] Cycle 217: 2022-07-29 03:24:06
[2022-12-16 20:08:13] Word 1437089 (Frame index=14228 frame address=0x00422ea2 word=61 mask=0x10000000)
[2022-12-16 20:08:13] 1 bit errors
[2022-12-16 20:08:13] Cycle 218: 2022-07-29 03:24:10
[2022-12-16 20:08:17] Cycle 219: 2022-07-29 03:24:14
[2022-12-16 20:08:21] Word 223159 (Frame index=2209 frame address=0x0000200d word=50 mask=0x00000002)
[2022-12-16 20:08:21] Word 1116060 (Frame index=11050 frame address=0x00420096 word=10 mask=0x02000000)
[2022-12-16 20:08:21] 2 bit errors
[2022-12-16 20:08:21] Cycle 220: 2022-07-29 03:24:19
[2022-12-16 20:08:25] Cycle 221: 2022-07-29 03:24:23
[2022-12-16 20:08:29] Cycle 222: 2022-07-29 03:24:27
[2022-12-16 20:08:33] Cycle 223: 2022-07-29 03:24:31
[2022-12-16 20:08:38] Word 481443 (Frame index=4766 frame address=0x00021006 word=77 mask=0x00040000)
[2022-12-16 20:08:38] Word 481544 (Frame index=4767 frame address=0x00021007 word=77 mask=0x00020000)
[2022-12-16 20:08:38] 2 bit errors
[2022-12-16 20:08:38] Cycle 224: 2022-07-29 03:24:35
[2022-12-16 20:08:42] Word 964852 (Frame index=9552 frame address=0x00402020 word=100 mask=0x02000000)
[2022-12-16 20:08:42] 1 bit errors
[2022-12-16 20:08:42] Cycle 225: 2022-07-29 03:24:39
[2022-12-16 20:08:46] Cycle 226: 2022-07-29 03:24:44
[2022-12-16 20:08:50] Cycle 227: 2022-07-29 03:24:48
[2022-12-16 20:08:54] Word 1814422 (Frame index=17964 frame address=0x00443000 word=58 mask=0x00000400)
[2022-12-16 20:08:54] Word 1814523 (Frame index=17965 frame address=0x00443001 word=58 mask=0x00000200)
[2022-12-16 20:08:54] 2 bit errors
[2022-12-16 20:08:54] Cycle 228: 2022-07-29 03:24:52
[2022-12-16 20:08:58] Cycle 229: 2022-07-29 03:24:56
[2022-12-16 20:09:03] Word 360203 (Frame index=3566 frame address=0x0000338e word=37 mask=0x00000020)
[2022-12-16 20:09:03] Word 360304 (Frame index=3567 frame address=0x0000338f word=37 mask=0x00000010)
[2022-12-16 20:09:03] 2 bit errors
[2022-12-16 20:09:03] Cycle 230: 2022-07-29 03:25:00
[2022-12-16 20:09:07] Word 977909 (Frame index=9682 frame address=0x0040221a word=27 mask=0x00000001)
[2022-12-16 20:09:07] Word 978010 (Frame index=9683 frame address=0x0040221b word=27 mask=0x00000002)
[2022-12-16 20:09:07] 2 bit errors
[2022-12-16 20:09:07] Cycle 231: 2022-07-29 03:25:04
[2022-12-16 20:09:11] Word 313649 (Frame index=3105 frame address=0x00002ca1 word=44 mask=0x00000010)
[2022-12-16 20:09:11] Word 1749034 (Frame index=17317 frame address=0x00442695 word=17 mask=0x00200000)
[2022-12-16 20:09:11] 2 bit errors
[2022-12-16 20:09:11] Cycle 232: 2022-07-29 03:25:09
[2022-12-16 20:09:15] Word 983825 (Frame index=9740 frame address=0x00402314 word=85 mask=0x00000020)
[2022-12-16 20:09:15] Word 1345661 (Frame index=13323 frame address=0x00422205 word=38 mask=0x00001000)
[2022-12-16 20:09:15] 2 bit errors
[2022-12-16 20:09:15] Cycle 233: 2022-07-29 03:25:13
[2022-12-16 20:09:19] Cycle 234: 2022-07-29 03:25:17
[2022-12-16 20:09:23] Word 177710 (Frame index=1759 frame address=0x00001981 word=51 mask=0x00000040)
[2022-12-16 20:09:23] Word 177811 (Frame index=1760 frame address=0x00001982 word=51 mask=0x00000080)
[2022-12-16 20:09:23] Word 177912 (Frame index=1761 frame address=0x00001983 word=51 mask=0x00000040)
[2022-12-16 20:09:23] Word 992221 (Frame index=9823 frame address=0x0040241f word=98 mask=0x00040000)
[2022-12-16 20:09:23] 4 bit errors
[2022-12-16 20:09:23] Cycle 235: 2022-07-29 03:25:21
[2022-12-16 20:09:28] Cycle 236: 2022-07-29 03:25:25
[2022-12-16 20:09:32] Word 915494 (Frame index=9064 frame address=0x00401912 word=30 mask=0x00400000)
[2022-12-16 20:09:32] 1 bit errors
[2022-12-16 20:09:32] Cycle 237: 2022-07-29 03:25:29
[2022-12-16 20:09:36] Cycle 238: 2022-07-29 03:25:34
[2022-12-16 20:09:40] Cycle 239: 2022-07-29 03:25:38
[2022-12-16 20:09:44] Word 304123 (Frame index=3011 frame address=0x00002b83 word=12 mask=0x00040000)
[2022-12-16 20:09:44] 1 bit errors
[2022-12-16 20:09:44] Cycle 240: 2022-07-29 03:25:42
[2022-12-16 20:09:48] Cycle 241: 2022-07-29 03:25:46
[2022-12-16 20:09:53] Cycle 242: 2022-07-29 03:25:50
[2022-12-16 20:09:57] Cycle 243: 2022-07-29 03:25:54
[2022-12-16 20:10:01] Word 1271037 (Frame index=12584 frame address=0x0042170c word=53 mask=0x02000000)
[2022-12-16 20:10:01] Word 1271138 (Frame index=12585 frame address=0x0042170d word=53 mask=0x02000000)
[2022-12-16 20:10:01] 2 bit errors
[2022-12-16 20:10:01] Cycle 244: 2022-07-29 03:25:59
[2022-12-16 20:10:05] Cycle 245: 2022-07-29 03:26:03
[2022-12-16 20:10:09] Cycle 246: 2022-07-29 03:26:07
[2022-12-16 20:10:13] Word 1391277 (Frame index=13775 frame address=0x00422821 word=2 mask=0x00800000)
[2022-12-16 20:10:13] Word 1816783 (Frame index=17987 frame address=0x00443017 word=96 mask=0x00000020)
[2022-12-16 20:10:13] 2 bit errors
[2022-12-16 20:10:13] Cycle 247: 2022-07-29 03:26:11
[2022-12-16 20:10:18] Cycle 248: 2022-07-29 03:26:15
[2022-12-16 20:10:22] Cycle 249: 2022-07-29 03:26:19
[2022-12-16 20:10:26] Word 989326 (Frame index=9795 frame address=0x00402403 word=31 mask=0x00000800)
[2022-12-16 20:10:26] 1 bit errors
[2022-12-16 20:10:26] Cycle 250: 2022-07-29 03:26:24
[2022-12-16 20:10:30] Word 320151 (Frame index=3169 frame address=0x00002d99 word=82 mask=0x02000000)
[2022-12-16 20:10:30] 1 bit errors
[2022-12-16 20:10:30] Cycle 251: 2022-07-29 03:26:28
[2022-12-16 20:10:34] Word 489473 (Frame index=4846 frame address=0x0002110e word=27 mask=0x00000040)
[2022-12-16 20:10:34] Word 1381740 (Frame index=13680 frame address=0x0042270a word=60 mask=0x00000800)
[2022-12-16 20:10:34] Word 1381841 (Frame index=13681 frame address=0x0042270b word=60 mask=0x00000400)
[2022-12-16 20:10:34] Word 1548525 (Frame index=15331 frame address=0x0044099f word=94 mask=0x08000000)
[2022-12-16 20:10:34] 4 bit errors
[2022-12-16 20:10:34] Cycle 252: 2022-07-29 03:26:32
[2022-12-16 20:10:38] Cycle 253: 2022-07-29 03:26:36
[2022-12-16 20:10:42] Cycle 254: 2022-07-29 03:26:40
[2022-12-16 20:10:47] Word 659492 (Frame index=6529 frame address=0x00022983 word=63 mask=0x10000000)
[2022-12-16 20:10:47] Word 741710 (Frame index=7343 frame address=0x00400013 word=67 mask=0x00200000)
[2022-12-16 20:10:47] 2 bit errors
[2022-12-16 20:10:47] Cycle 255: 2022-07-29 03:26:44
[2022-12-16 20:10:51] Word 1053851 (Frame index=10434 frame address=0x00402d02 word=17 mask=0x20000000)
[2022-12-16 20:10:51] Word 1053952 (Frame index=10435 frame address=0x00402d03 word=17 mask=0x10000000)
[2022-12-16 20:10:51] 2 bit errors
[2022-12-16 20:10:51] Cycle 256: 2022-07-29 03:26:48
[2022-12-16 20:10:55] Word 197568 (Frame index=1956 frame address=0x00001c20 word=12 mask=0x00800000)
[2022-12-16 20:10:55] 1 bit errors
[2022-12-16 20:10:55] Cycle 257: 2022-07-29 03:26:53
[2022-12-16 20:10:59] Word 1169365 (Frame index=11577 frame address=0x00420883 word=88 mask=0x00200000)
[2022-12-16 20:10:59] 1 bit errors
[2022-12-16 20:10:59] Cycle 258: 2022-07-29 03:26:57
[2022-12-16 20:11:03] Word 454965 (Frame index=4504 frame address=0x00020c0a word=61 mask=0x02000000)
[2022-12-16 20:11:03] Word 455066 (Frame index=4505 frame address=0x00020c0b word=61 mask=0x01000000)
[2022-12-16 20:11:03] 2 bit errors
[2022-12-16 20:11:03] Cycle 259: 2022-07-29 03:27:01
[2022-12-16 20:11:07] Word 418892 (Frame index=4147 frame address=0x000206a1 word=45 mask=0x01000000)
[2022-12-16 20:11:07] 1 bit errors
[2022-12-16 20:11:07] Cycle 260: 2022-07-29 03:27:05
[2022-12-16 20:11:12] Cycle 261: 2022-07-29 03:27:09
[2022-12-16 20:11:16] Word 1135446 (Frame index=11242 frame address=0x0042038c word=4 mask=0x00000020)
[2022-12-16 20:11:16] Word 1135547 (Frame index=11243 frame address=0x0042038d word=4 mask=0x00000020)
[2022-12-16 20:11:16] Word 1334970 (Frame index=13217 frame address=0x00422023 word=53 mask=0x00002000)
[2022-12-16 20:11:16] Word 1456790 (Frame index=14423 frame address=0x00423195 word=67 mask=0x00000004)
[2022-12-16 20:11:16] 4 bit errors
[2022-12-16 20:11:16] Cycle 262: 2022-07-29 03:27:13
[2022-12-16 20:11:20] Word 875987 (Frame index=8673 frame address=0x00401323 word=14 mask=0x00001000)
[2022-12-16 20:11:20] 1 bit errors
[2022-12-16 20:11:20] Cycle 263: 2022-07-29 03:27:18
[2022-12-16 20:11:24] Word 956427 (Frame index=9469 frame address=0x00401f15 word=58 mask=0x10000000)
[2022-12-16 20:11:24] 1 bit errors
[2022-12-16 20:11:24] Cycle 264: 2022-07-29 03:27:22
[2022-12-16 20:11:28] Cycle 265: 2022-07-29 03:27:26
[2022-12-16 20:11:32] Cycle 266: 2022-07-29 03:27:30
[2022-12-16 20:11:37] Word 1375454 (Frame index=13618 frame address=0x00422614 word=36 mask=0x00200000)
[2022-12-16 20:11:37] 1 bit errors
[2022-12-16 20:11:37] Cycle 267: 2022-07-29 03:27:34
[2022-12-16 20:11:41] Word 1526078 (Frame index=15109 frame address=0x00440689 word=69 mask=0x00001000)
[2022-12-16 20:11:41] 1 bit errors
[2022-12-16 20:11:41] Cycle 268: 2022-07-29 03:27:38
[2022-12-16 20:11:45] Word 125253 (Frame index=1240 frame address=0x000011a2 word=13 mask=0x00001000)
[2022-12-16 20:11:45] Word 833255 (Frame index=8250 frame address=0x00400d1c word=5 mask=0x00000080)
[2022-12-16 20:11:45] Word 833356 (Frame index=8251 frame address=0x00400d1d word=5 mask=0x00000040)
[2022-12-16 20:11:45] Word 1273328 (Frame index=12607 frame address=0x00421723 word=21 mask=0x00000100)
[2022-12-16 20:11:45] 4 bit errors
[2022-12-16 20:11:45] Cycle 269: 2022-07-29 03:27:43
[2022-12-16 20:11:49] Cycle 270: 2022-07-29 03:27:47
[2022-12-16 20:11:53] Cycle 271: 2022-07-29 03:27:51
[2022-12-16 20:11:57] Cycle 272: 2022-07-29 03:27:55
[2022-12-16 20:12:02] Word 665574 (Frame index=6589 frame address=0x00022a1b word=85 mask=0x00040000)
[2022-12-16 20:12:02] Word 989900 (Frame index=9800 frame address=0x00402408 word=100 mask=0x00040000)
[2022-12-16 20:12:02] 2 bit errors
[2022-12-16 20:12:02] Cycle 273: 2022-07-29 03:27:59
[2022-12-16 20:12:06] Word 843283 (Frame index=8349 frame address=0x00400e9b word=34 mask=0x00004000)
[2022-12-16 20:12:06] 1 bit errors
[2022-12-16 20:12:06] Cycle 274: 2022-07-29 03:28:03
[2022-12-16 20:12:10] Word 20597 (Frame index=203 frame address=0x00000297 word=94 mask=0x00000200)
[2022-12-16 20:12:10] 1 bit errors
[2022-12-16 20:12:10] Cycle 275: 2022-07-29 03:28:08
[2022-12-16 20:12:14] Cycle 276: 2022-07-29 03:28:12
[2022-12-16 20:12:18] Word 247447 (Frame index=2449 frame address=0x00002391 word=98 mask=0x00100000)
[2022-12-16 20:12:18] Word 1217535 (Frame index=12054 frame address=0x00420f22 word=81 mask=0x02000000)
[2022-12-16 20:12:18] 2 bit errors
[2022-12-16 20:12:18] Cycle 277: 2022-07-29 03:28:16
[2022-12-16 20:12:22] Cycle 278: 2022-07-29 03:28:20
[2022-12-16 20:12:27] Cycle 279: 2022-07-29 03:28:24
[2022-12-16 20:12:31] Cycle 280: 2022-07-29 03:28:28
[2022-12-16 20:12:35] Cycle 281: 2022-07-29 03:28:33
[2022-12-16 20:12:39] Cycle 282: 2022-07-29 03:28:37
[2022-12-16 20:12:43] Cycle 283: 2022-07-29 03:28:41
[2022-12-16 20:12:47] Cycle 284: 2022-07-29 03:28:45
[2022-12-16 20:12:52] Word 1764884 (Frame index=17474 frame address=0x004428a2 word=10 mask=0x00002000)
[2022-12-16 20:12:52] Word 1764985 (Frame index=17475 frame address=0x004428a3 word=10 mask=0x00001000)
[2022-12-16 20:12:52] 2 bit errors
[2022-12-16 20:12:52] Cycle 285: 2022-07-29 03:28:49
[2022-12-16 20:12:56] Cycle 286: 2022-07-29 03:28:53
[2022-12-16 20:13:00] Word 51789 (Frame index=512 frame address=0x00000718 word=77 mask=0x00000008)
[2022-12-16 20:13:00] 1 bit errors
[2022-12-16 20:13:00] Cycle 287: 2022-07-29 03:28:58
[2022-12-16 20:13:04] Cycle 288: 2022-07-29 03:29:02
[2022-12-16 20:13:08] Cycle 289: 2022-07-29 03:29:06
[2022-12-16 20:13:12] Cycle 290: 2022-07-29 03:29:10
[2022-12-16 20:13:17] Cycle 291: 2022-07-29 03:29:14
[2022-12-16 20:13:21] Word 1184540 (Frame index=11728 frame address=0x00420a92 word=12 mask=0x20000000)
[2022-12-16 20:13:21] Word 1184641 (Frame index=11729 frame address=0x00420a93 word=12 mask=0x10000000)
[2022-12-16 20:13:21] Word 1444376 (Frame index=14300 frame address=0x00422fa2 word=76 mask=0x00000008)
[2022-12-16 20:13:21] 3 bit errors
[2022-12-16 20:13:21] Cycle 292: 2022-07-29 03:29:18
[2022-12-16 20:13:25] Cycle 293: 2022-07-29 03:29:23
[2022-12-16 20:13:29] Cycle 294: 2022-07-29 03:29:27
[2022-12-16 20:13:33] Cycle 295: 2022-07-29 03:29:31
[2022-12-16 20:13:37] Cycle 296: 2022-07-29 03:29:35
[2022-12-16 20:13:42] Word 156159 (Frame index=1546 frame address=0x00001620 word=13 mask=0x00040000)
[2022-12-16 20:13:42] Word 1345347 (Frame index=13320 frame address=0x00422202 word=27 mask=0x04000000)
[2022-12-16 20:13:42] Word 1345448 (Frame index=13321 frame address=0x00422203 word=27 mask=0x02000000)
[2022-12-16 20:13:42] 3 bit errors
[2022-12-16 20:13:42] Cycle 297: 2022-07-29 03:29:39
[2022-12-16 20:13:46] Cycle 298: 2022-07-29 03:29:43
[2022-12-16 20:13:50] Word 962610 (Frame index=9530 frame address=0x0040200a word=80 mask=0x00000002)
[2022-12-16 20:13:50] 1 bit errors
[2022-12-16 20:13:50] Cycle 299: 2022-07-29 03:29:48
[2022-12-16 20:13:54] Cycle 300: 2022-07-29 03:29:52
[2022-12-16 20:13:58] Word 372512 (Frame index=3688 frame address=0x0002001a word=24 mask=0x00000200)
[2022-12-16 20:13:58] 1 bit errors
[2022-12-16 20:13:58] Cycle 301: 2022-07-29 03:29:56
[2022-12-16 20:14:02] Word 691296 (Frame index=6844 frame address=0x00022e0a word=52 mask=0x00010000)
[2022-12-16 20:14:02] Word 691397 (Frame index=6845 frame address=0x00022e0b word=52 mask=0x00008000)
[2022-12-16 20:14:02] Word 1756426 (Frame index=17390 frame address=0x00442796 word=36 mask=0x00020000)
[2022-12-16 20:14:02] 3 bit errors
[2022-12-16 20:14:02] Cycle 302: 2022-07-29 03:30:00
[2022-12-16 20:14:06] Cycle 303: 2022-07-29 03:30:04
[2022-12-16 20:14:11] Cycle 304: 2022-07-29 03:30:08
[2022-12-16 20:14:15] Cycle 305: 2022-07-29 03:30:12
[2022-12-16 20:14:19] Cycle 306: 2022-07-29 03:30:17
[2022-12-16 20:14:23] Word 1057122 (Frame index=10466 frame address=0x00402d22 word=56 mask=0x00000001)
[2022-12-16 20:14:23] Word 1084469 (Frame index=10737 frame address=0x00403121 word=32 mask=0x00000001)
[2022-12-16 20:14:23] 2 bit errors
[2022-12-16 20:14:23] Cycle 307: 2022-07-29 03:30:21
[2022-12-16 20:14:27] Cycle 308: 2022-07-29 03:30:25
[2022-12-16 20:14:31] Cycle 309: 2022-07-29 03:30:29
[2022-12-16 20:14:36] Cycle 310: 2022-07-29 03:30:33
[2022-12-16 20:14:40] Cycle 311: 2022-07-29 03:30:37
[2022-12-16 20:14:44] Cycle 312: 2022-07-29 03:30:42
[2022-12-16 20:14:48] Word 749549 (Frame index=7421 frame address=0x00400119 word=28 mask=0x00200000)
[2022-12-16 20:14:48] 1 bit errors
[2022-12-16 20:14:48] Cycle 313: 2022-07-29 03:30:46
[2022-12-16 20:14:52] Word 1570110 (Frame index=15545 frame address=0x00440ca3 word=65 mask=0x00000040)
[2022-12-16 20:14:52] 1 bit errors
[2022-12-16 20:14:52] Cycle 314: 2022-07-29 03:30:50
[2022-12-16 20:14:56] Cycle 315: 2022-07-29 03:30:54
[2022-12-16 20:15:01] Cycle 316: 2022-07-29 03:30:58
[2022-12-16 20:15:05] Cycle 317: 2022-07-29 03:31:02
[2022-12-16 20:15:09] Word 1088627 (Frame index=10778 frame address=0x0040320a word=49 mask=0x00020000)
[2022-12-16 20:15:09] Word 1088728 (Frame index=10779 frame address=0x0040320b word=49 mask=0x00010000)
[2022-12-16 20:15:09] 2 bit errors
[2022-12-16 20:15:09] Cycle 318: 2022-07-29 03:31:07
[2022-12-16 20:15:13] Cycle 319: 2022-07-29 03:31:11
[2022-12-16 20:15:17] Cycle 320: 2022-07-29 03:31:15
[2022-12-16 20:15:21] Word 413444 (Frame index=4093 frame address=0x0002060f word=51 mask=0x00000001)
[2022-12-16 20:15:21] Word 1291661 (Frame index=12788 frame address=0x00421a10 word=73 mask=0x00001000)
[2022-12-16 20:15:21] 2 bit errors
[2022-12-16 20:15:21] Cycle 321: 2022-07-29 03:31:19
[2022-12-16 20:15:26] Cycle 322: 2022-07-29 03:31:23
[2022-12-16 20:15:30] Word 246479 (Frame index=2440 frame address=0x00002388 word=39 mask=0x00000002)
[2022-12-16 20:15:30] Word 246580 (Frame index=2441 frame address=0x00002389 word=39 mask=0x00000001)
[2022-12-16 20:15:30] 2 bit errors
[2022-12-16 20:15:30] Cycle 323: 2022-07-29 03:31:27
[2022-12-16 20:15:34] Cycle 324: 2022-07-29 03:31:32
[2022-12-16 20:15:38] Cycle 325: 2022-07-29 03:31:36
[2022-12-16 20:15:42] Cycle 326: 2022-07-29 03:31:40
[2022-12-16 20:15:46] Word 150019 (Frame index=1485 frame address=0x00001523 word=34 mask=0x02000000)
[2022-12-16 20:15:46] 1 bit errors
[2022-12-16 20:15:46] Cycle 327: 2022-07-29 03:31:44
[2022-12-16 20:15:51] Cycle 328: 2022-07-29 03:31:48
[2022-12-16 20:15:55] Cycle 329: 2022-07-29 03:31:52
[2022-12-16 20:15:59] Cycle 330: 2022-07-29 03:31:57
[2022-12-16 20:16:03] Word 159446 (Frame index=1578 frame address=0x0000169c word=68 mask=0x00200000)
[2022-12-16 20:16:03] Word 159547 (Frame index=1579 frame address=0x0000169d word=68 mask=0x00100000)
[2022-12-16 20:16:03] Word 705733 (Frame index=6987 frame address=0x00023009 word=46 mask=0x00000008)
[2022-12-16 20:16:03] 3 bit errors
[2022-12-16 20:16:03] Cycle 331: 2022-07-29 03:32:01
[2022-12-16 20:16:07] Word 1228370 (Frame index=12162 frame address=0x00421106 word=8 mask=0x02000000)
[2022-12-16 20:16:07] Word 1258289 (Frame index=12458 frame address=0x00421516 word=31 mask=0x40000000)
[2022-12-16 20:16:07] 2 bit errors
[2022-12-16 20:16:07] Cycle 332: 2022-07-29 03:32:05
[2022-12-16 20:16:11] Cycle 333: 2022-07-29 03:32:09
[2022-12-16 20:16:16] Word 218064 (Frame index=2159 frame address=0x00001f23 word=5 mask=0x10000000)
[2022-12-16 20:16:16] 1 bit errors
[2022-12-16 20:16:16] Cycle 334: 2022-07-29 03:32:13
[2022-12-16 20:16:20] Cycle 335: 2022-07-29 03:32:17
[2022-12-16 20:16:24] Cycle 336: 2022-07-29 03:32:22
[2022-12-16 20:16:28] Cycle 337: 2022-07-29 03:32:26
[2022-12-16 20:16:32] Word 301017 (Frame index=2980 frame address=0x00002b08 word=37 mask=0x00000010)
[2022-12-16 20:16:32] 1 bit errors
[2022-12-16 20:16:32] Cycle 338: 2022-07-29 03:32:30
[2022-12-16 20:16:36] Cycle 339: 2022-07-29 03:32:34
[2022-12-16 20:16:41] Cycle 340: 2022-07-29 03:32:38
[2022-12-16 20:16:45] Cycle 341: 2022-07-29 03:32:42
[2022-12-16 20:16:49] Cycle 342: 2022-07-29 03:32:47
[2022-12-16 20:16:53] Cycle 343: 2022-07-29 03:32:51
[2022-12-16 20:16:57] Cycle 344: 2022-07-29 03:32:55
[2022-12-16 20:17:01] Cycle 345: 2022-07-29 03:32:59
[2022-12-16 20:17:05] Cycle 346: 2022-07-29 03:33:03
[2022-12-16 20:17:10] Cycle 347: 2022-07-29 03:33:07
[2022-12-16 20:17:14] Cycle 348: 2022-07-29 03:33:11
[2022-12-16 20:17:18] Cycle 349: 2022-07-29 03:33:16
[2022-12-16 20:17:22] Cycle 350: 2022-07-29 03:33:20
[2022-12-16 20:17:26] Cycle 351: 2022-07-29 03:33:24
[2022-12-16 20:17:30] Cycle 352: 2022-07-29 03:33:28
[2022-12-16 20:17:35] Word 1063457 (Frame index=10529 frame address=0x00402e21 word=28 mask=0x00040000)
[2022-12-16 20:17:35] 1 bit errors
[2022-12-16 20:17:35] Cycle 353: 2022-07-29 03:33:32
[2022-12-16 20:17:39] Word 906467 (Frame index=8974 frame address=0x0040179c word=93 mask=0x00002000)
[2022-12-16 20:17:39] 1 bit errors
[2022-12-16 20:17:39] Cycle 354: 2022-07-29 03:33:36
[2022-12-16 20:17:43] Cycle 355: 2022-07-29 03:33:41
[2022-12-16 20:17:47] Cycle 356: 2022-07-29 03:33:45
[2022-12-16 20:17:51] Cycle 357: 2022-07-29 03:33:49
[2022-12-16 20:17:55] Cycle 358: 2022-07-29 03:33:53
[2022-12-16 20:18:00] Word 1760055 (Frame index=17426 frame address=0x00442816 word=29 mask=0x00000080)
[2022-12-16 20:18:00] Word 1760156 (Frame index=17427 frame address=0x00442817 word=29 mask=0x00000040)
[2022-12-16 20:18:00] 2 bit errors
[2022-12-16 20:18:00] Cycle 359: 2022-07-29 03:33:57
[2022-12-16 20:18:04] Cycle 360: 2022-07-29 03:34:01
[2022-12-16 20:18:08] Cycle 361: 2022-07-29 03:34:06
[2022-12-16 20:18:12] Cycle 362: 2022-07-29 03:34:10
[2022-12-16 20:18:16] Word 655049 (Frame index=6485 frame address=0x0002289f word=64 mask=0x04000000)
[2022-12-16 20:18:16] 1 bit errors
[2022-12-16 20:18:16] Cycle 363: 2022-07-29 03:34:14
[2022-12-16 20:18:20] Cycle 364: 2022-07-29 03:34:18
[2022-12-16 20:18:25] Cycle 365: 2022-07-29 03:34:22
[2022-12-16 20:18:29] Cycle 366: 2022-07-29 03:34:26
[2022-12-16 20:18:33] Word 288315 (Frame index=2854 frame address=0x0000291a word=61 mask=0x00001000)
[2022-12-16 20:18:33] 1 bit errors
[2022-12-16 20:18:33] Cycle 367: 2022-07-29 03:34:31
[2022-12-16 20:18:37] Word 181375 (Frame index=1795 frame address=0x00001a09 word=80 mask=0x00000008)
[2022-12-16 20:18:37] Word 1433195 (Frame index=14190 frame address=0x00422e20 word=5 mask=0x00400000)
[2022-12-16 20:18:37] 2 bit errors
[2022-12-16 20:18:37] Cycle 368: 2022-07-29 03:34:35
[2022-12-16 20:18:41] Word 1837149 (Frame index=18189 frame address=0x00443319 word=60 mask=0x40000000)
[2022-12-16 20:18:41] 1 bit errors
[2022-12-16 20:18:41] Cycle 369: 2022-07-29 03:34:39
[2022-12-16 20:18:45] Cycle 370: 2022-07-29 03:34:43
[2022-12-16 20:18:50] Cycle 371: 2022-07-29 03:34:47
[2022-12-16 20:18:54] Word 1036212 (Frame index=10259 frame address=0x00402a23 word=53 mask=0x00c00000)
[2022-12-16 20:18:54] Word 1124080 (Frame index=11129 frame address=0x004201a3 word=51 mask=0x10000000)
[2022-12-16 20:18:54] 3 bit errors
[2022-12-16 20:18:54] Cycle 372: 2022-07-29 03:34:51
[2022-12-16 20:18:58] Cycle 373: 2022-07-29 03:34:56
[2022-12-16 20:19:02] Cycle 374: 2022-07-29 03:35:00
[2022-12-16 20:19:06] Cycle 375: 2022-07-29 03:35:04
[2022-12-16 20:19:10] Word 861891 (Frame index=8533 frame address=0x00401183 word=58 mask=0x00000040)
[2022-12-16 20:19:10] 1 bit errors
[2022-12-16 20:19:10] Cycle 376: 2022-07-29 03:35:08
[2022-12-16 20:19:15] Cycle 377: 2022-07-29 03:35:12
[2022-12-16 20:19:19] Cycle 378: 2022-07-29 03:35:16
[2022-12-16 20:19:23] Cycle 379: 2022-07-29 03:35:21
[2022-12-16 20:19:27] Word 262900 (Frame index=2602 frame address=0x0000259a word=98 mask=0x80000000)
[2022-12-16 20:19:27] Word 263001 (Frame index=2603 frame address=0x0000259b word=98 mask=0x80000000)
[2022-12-16 20:19:27] 2 bit errors
[2022-12-16 20:19:27] Cycle 380: 2022-07-29 03:35:25
[2022-12-16 20:19:31] Word 124496 (Frame index=1232 frame address=0x0000119a word=64 mask=0x00040000)
[2022-12-16 20:19:31] Word 124597 (Frame index=1233 frame address=0x0000119b word=64 mask=0x00080000)
[2022-12-16 20:19:31] 2 bit errors
[2022-12-16 20:19:31] Cycle 381: 2022-07-29 03:35:29
[2022-12-16 20:19:35] Word 381966 (Frame index=3781 frame address=0x0002018b word=85 mask=0x00000400)
[2022-12-16 20:19:35] 1 bit errors
[2022-12-16 20:19:35] Cycle 382: 2022-07-29 03:35:33
[2022-12-16 20:19:40] Word 430099 (Frame index=4258 frame address=0x00020888 word=41 mask=0x00020000)
[2022-12-16 20:19:40] 1 bit errors
[2022-12-16 20:19:40] Cycle 383: 2022-07-29 03:35:37
[2022-12-16 20:19:44] Word 735032 (Frame index=7277 frame address=0x0002341b word=55 mask=0x00100000)
[2022-12-16 20:19:44] Word 853416 (Frame index=8449 frame address=0x0040101b word=67 mask=0x01000000)
[2022-12-16 20:19:44] 2 bit errors
[2022-12-16 20:19:44] Cycle 384: 2022-07-29 03:35:41
[2022-12-16 20:19:48] Word 958390 (Frame index=9489 frame address=0x00401f85 word=1 mask=0x08000000)
[2022-12-16 20:19:48] 1 bit errors
[2022-12-16 20:19:48] Cycle 385: 2022-07-29 03:35:46
[2022-12-16 20:19:52] Word 788909 (Frame index=7810 frame address=0x004006a2 word=99 mask=0x00000010)
[2022-12-16 20:19:52] Word 1137706 (Frame index=11264 frame address=0x004203a2 word=42 mask=0x000000c0)
[2022-12-16 20:19:52] Word 1137807 (Frame index=11265 frame address=0x004203a3 word=42 mask=0x00000180)
[2022-12-16 20:19:52] 5 bit errors
[2022-12-16 20:19:52] Cycle 386: 2022-07-29 03:35:50
[2022-12-16 20:19:56] Cycle 387: 2022-07-29 03:35:54
[2022-12-16 20:20:00] Cycle 388: 2022-07-29 03:35:58
[2022-12-16 20:20:05] Word 330091 (Frame index=3268 frame address=0x00002f18 word=23 mask=0x00000004)
[2022-12-16 20:20:05] 1 bit errors
[2022-12-16 20:20:05] Cycle 389: 2022-07-29 03:36:02
[2022-12-16 20:20:09] Cycle 390: 2022-07-29 03:36:06
[2022-12-16 20:20:13] Word 291610 (Frame index=2887 frame address=0x00002997 word=23 mask=0x00040000)
[2022-12-16 20:20:13] Word 1310416 (Frame index=12974 frame address=0x00421c9c word=42 mask=0x04000000)
[2022-12-16 20:20:13] 2 bit errors
[2022-12-16 20:20:13] Cycle 391: 2022-07-29 03:36:11
[2022-12-16 20:20:17] Word 881955 (Frame index=8732 frame address=0x00401416 word=23 mask=0x00000200)
[2022-12-16 20:20:17] 1 bit errors
[2022-12-16 20:20:17] Cycle 392: 2022-07-29 03:36:15
[2022-12-16 20:20:21] Word 55704 (Frame index=551 frame address=0x000007a3 word=53 mask=0x00000001)
[2022-12-16 20:20:21] 1 bit errors
[2022-12-16 20:20:21] Cycle 393: 2022-07-29 03:36:19
[2022-12-16 20:20:25] Word 173560 (Frame index=1718 frame address=0x000018a0 word=42 mask=0x00400000)
[2022-12-16 20:20:25] 1 bit errors
[2022-12-16 20:20:25] Cycle 394: 2022-07-29 03:36:23
[2022-12-16 20:20:30] Cycle 395: 2022-07-29 03:36:27
[2022-12-16 20:20:34] Word 207715 (Frame index=2056 frame address=0x00001da0 word=59 mask=0x00010000)
[2022-12-16 20:20:34] 1 bit errors
[2022-12-16 20:20:34] Cycle 396: 2022-07-29 03:36:31
[2022-12-16 20:20:38] Cycle 397: 2022-07-29 03:36:36
[2022-12-16 20:20:42] Cycle 398: 2022-07-29 03:36:40
[2022-12-16 20:20:46] Cycle 399: 2022-07-29 03:36:44
[2022-12-16 20:20:50] Cycle 400: 2022-07-29 03:36:48
[2022-12-16 20:20:54] Cycle 401: 2022-07-29 03:36:52
[2022-12-16 20:20:59] Word 59052 (Frame index=584 frame address=0x00000820 word=68 mask=0x00000020)
[2022-12-16 20:20:59] Word 59153 (Frame index=585 frame address=0x00000821 word=68 mask=0x00000040)
[2022-12-16 20:20:59] 2 bit errors
[2022-12-16 20:20:59] Cycle 402: 2022-07-29 03:36:56
[2022-12-16 20:21:03] Word 1160538 (Frame index=11490 frame address=0x00420710 word=48 mask=0x00002000)
[2022-12-16 20:21:03] Word 1160841 (Frame index=11493 frame address=0x00420713 word=48 mask=0x00000800)
[2022-12-16 20:21:03] 2 bit errors
[2022-12-16 20:21:03] Cycle 403: 2022-07-29 03:37:01
[2022-12-16 20:21:07] Word 1204800 (Frame index=11928 frame address=0x00420d88 word=72 mask=0x00400000)
[2022-12-16 20:21:07] Word 1204901 (Frame index=11929 frame address=0x00420d89 word=72 mask=0x00200000)
[2022-12-16 20:21:07] 2 bit errors
[2022-12-16 20:21:07] Cycle 404: 2022-07-29 03:37:05
[2022-12-16 20:21:11] Word 252548 (Frame index=2500 frame address=0x00002420 word=48 mask=0x00000400)
[2022-12-16 20:21:11] Word 1061153 (Frame index=10506 frame address=0x00402e0a word=47 mask=0x00000001)
[2022-12-16 20:21:11] 2 bit errors
[2022-12-16 20:21:11] Cycle 405: 2022-07-29 03:37:09
[2022-12-16 20:21:15] Word 901874 (Frame index=8929 frame address=0x00401713 word=45 mask=0x00000080)
[2022-12-16 20:21:15] Word 1294902 (Frame index=12820 frame address=0x00421a8c word=82 mask=0x10000000)
[2022-12-16 20:21:15] 2 bit errors
[2022-12-16 20:21:15] Cycle 406: 2022-07-29 03:37:13
[2022-12-16 20:21:20] Cycle 407: 2022-07-29 03:37:17
[2022-12-16 20:21:24] Word 313541 (Frame index=3104 frame address=0x00002ca0 word=37 mask=0x02000000)
[2022-12-16 20:21:24] 1 bit errors
[2022-12-16 20:21:24] Cycle 408: 2022-07-29 03:37:21
[2022-12-16 20:21:28] Cycle 409: 2022-07-29 03:37:26
[2022-12-16 20:21:32] Cycle 410: 2022-07-29 03:37:30
[2022-12-16 20:21:36] Cycle 411: 2022-07-29 03:37:34
[2022-12-16 20:21:40] Cycle 412: 2022-07-29 03:37:38
[2022-12-16 20:21:45] Cycle 413: 2022-07-29 03:37:42
[2022-12-16 20:21:49] Word 1538033 (Frame index=15228 frame address=0x0044081c word=5 mask=0x00000003)
[2022-12-16 20:21:49] Word 1538134 (Frame index=15229 frame address=0x0044081d word=5 mask=0x00000003)
[2022-12-16 20:21:49] 4 bit errors
[2022-12-16 20:21:49] Cycle 414: 2022-07-29 03:37:46
[2022-12-16 20:21:53] Word 747015 (Frame index=7396 frame address=0x00400100 word=19 mask=0x00000080)
[2022-12-16 20:21:53] Word 1102535 (Frame index=10916 frame address=0x00403404 word=19 mask=0x00000100)
[2022-12-16 20:21:53] Word 1102636 (Frame index=10917 frame address=0x00403405 word=19 mask=0x00000080)
[2022-12-16 20:21:53] 3 bit errors
[2022-12-16 20:21:53] Cycle 415: 2022-07-29 03:37:51
[2022-12-16 20:21:57] Word 211510 (Frame index=2094 frame address=0x00001e22 word=16 mask=0x00600000)
[2022-12-16 20:21:57] Word 211611 (Frame index=2095 frame address=0x00001e23 word=16 mask=0x00400000)
[2022-12-16 20:21:57] 3 bit errors
[2022-12-16 20:21:57] Cycle 416: 2022-07-29 03:37:55
[2022-12-16 20:22:01] Word 1255976 (Frame index=12435 frame address=0x004214a3 word=41 mask=0x01000000)
[2022-12-16 20:22:01] 1 bit errors
[2022-12-16 20:22:01] Cycle 417: 2022-07-29 03:37:59
[2022-12-16 20:22:05] Cycle 418: 2022-07-29 03:38:03
[2022-12-16 20:22:10] Word 2766 (Frame index=27 frame address=0x0000001b word=39 mask=0x00000200)
[2022-12-16 20:22:10] Word 1548348 (Frame index=15330 frame address=0x0044099e word=18 mask=0x00000004)
[2022-12-16 20:22:10] 2 bit errors
[2022-12-16 20:22:10] Cycle 419: 2022-07-29 03:38:07
[2022-12-16 20:22:14] Word 729534 (Frame index=7223 frame address=0x00023389 word=11 mask=0x00100000)
[2022-12-16 20:22:14] Word 1456861 (Frame index=14424 frame address=0x00423196 word=37 mask=0x00000200)
[2022-12-16 20:22:14] 2 bit errors
[2022-12-16 20:22:14] Cycle 420: 2022-07-29 03:38:11
[2022-12-16 20:22:18] Word 825965 (Frame index=8177 frame address=0x00400c15 word=88 mask=0x00000002)
[2022-12-16 20:22:18] Word 1371097 (Frame index=13575 frame address=0x0042258d word=22 mask=0x01000000)
[2022-12-16 20:22:18] 2 bit errors
[2022-12-16 20:22:18] Cycle 421: 2022-07-29 03:38:16
[2022-12-16 20:22:22] Word 1759620 (Frame index=17421 frame address=0x00442811 word=99 mask=0x00100000)
[2022-12-16 20:22:22] 1 bit errors
[2022-12-16 20:22:22] Cycle 422: 2022-07-29 03:38:20
[2022-12-16 20:22:26] Word 658786 (Frame index=6522 frame address=0x00022920 word=64 mask=0x00020000)
[2022-12-16 20:22:26] Word 658887 (Frame index=6523 frame address=0x00022921 word=64 mask=0x00040000)
[2022-12-16 20:22:26] 2 bit errors
[2022-12-16 20:22:26] Cycle 423: 2022-07-29 03:38:24
[2022-12-16 20:22:30] Word 419029 (Frame index=4148 frame address=0x000206a2 word=81 mask=0x00020000)
[2022-12-16 20:22:30] Word 1281052 (Frame index=12683 frame address=0x0042188b word=69 mask=0x00400000)
[2022-12-16 20:22:30] 2 bit errors
[2022-12-16 20:22:30] Cycle 424: 2022-07-29 03:38:28
[2022-12-16 20:22:35] Cycle 425: 2022-07-29 03:38:32
[2022-12-16 20:22:39] Cycle 426: 2022-07-29 03:38:36
[2022-12-16 20:22:43] Word 334922 (Frame index=3316 frame address=0x00003000 word=6 mask=0x02000000)
[2022-12-16 20:22:43] 1 bit errors
[2022-12-16 20:22:43] Cycle 427: 2022-07-29 03:38:41
[2022-12-16 20:22:47] Cycle 428: 2022-07-29 03:38:45
[2022-12-16 20:22:51] Cycle 429: 2022-07-29 03:38:49
[2022-12-16 20:22:55] Word 1232990 (Frame index=12207 frame address=0x0042118f word=83 mask=0x00000100)
[2022-12-16 20:22:55] 1 bit errors
[2022-12-16 20:22:55] Cycle 430: 2022-07-29 03:38:53
[2022-12-16 20:22:59] Word 1290297 (Frame index=12775 frame address=0x00421a03 word=22 mask=0x00004000)
[2022-12-16 20:22:59] 1 bit errors
[2022-12-16 20:22:59] Cycle 431: 2022-07-29 03:38:57
[2022-12-16 20:23:04] Cycle 432: 2022-07-29 03:39:01
[2022-12-16 20:23:08] Cycle 433: 2022-07-29 03:39:05
[2022-12-16 20:23:12] Word 690998 (Frame index=6841 frame address=0x00022e07 word=57 mask=0x00800000)
[2022-12-16 20:23:12] 1 bit errors
[2022-12-16 20:23:12] Cycle 434: 2022-07-29 03:39:10
[2022-12-16 20:23:16] Cycle 435: 2022-07-29 03:39:14
[2022-12-16 20:23:20] Word 287127 (Frame index=2842 frame address=0x0000290e word=85 mask=0x00800000)
[2022-12-16 20:23:20] 1 bit errors
[2022-12-16 20:23:20] Cycle 436: 2022-07-29 03:39:18
[2022-12-16 20:23:24] Cycle 437: 2022-07-29 03:39:22
[2022-12-16 20:23:29] Word 1323634 (Frame index=13105 frame address=0x00421e97 word=29 mask=0x00000002)
[2022-12-16 20:23:29] 1 bit errors
[2022-12-16 20:23:29] Cycle 438: 2022-07-29 03:39:26
[2022-12-16 20:23:33] Word 1310513 (Frame index=12975 frame address=0x00421c9d word=38 mask=0x00400000)
[2022-12-16 20:23:33] 1 bit errors
[2022-12-16 20:23:33] Cycle 439: 2022-07-29 03:39:30
[2022-12-16 20:23:37] Cycle 440: 2022-07-29 03:39:35
[2022-12-16 20:23:41] Word 1200164 (Frame index=11882 frame address=0x00420ca2 word=82 mask=0x00000100)
[2022-12-16 20:23:41] 1 bit errors
[2022-12-16 20:23:41] Cycle 441: 2022-07-29 03:39:39
[2022-12-16 20:23:45] Word 831515 (Frame index=8232 frame address=0x00400d0a word=83 mask=0x00000004)
[2022-12-16 20:23:45] Word 1468554 (Frame index=14540 frame address=0x00423382 word=14 mask=0x08000000)
[2022-12-16 20:23:45] 2 bit errors
[2022-12-16 20:23:45] Cycle 442: 2022-07-29 03:39:43
[2022-12-16 20:23:49] Cycle 443: 2022-07-29 03:39:47
[2022-12-16 20:23:54] Word 850284 (Frame index=8418 frame address=0x00400f98 word=66 mask=0x00000200)
[2022-12-16 20:23:54] Word 850385 (Frame index=8419 frame address=0x00400f99 word=66 mask=0x00000100)
[2022-12-16 20:23:54] Word 1433355 (Frame index=14191 frame address=0x00422e21 word=64 mask=0x00000020)
[2022-12-16 20:23:54] Word 1597879 (Frame index=15820 frame address=0x00441102 word=59 mask=0x00020000)
[2022-12-16 20:23:54] Word 1597980 (Frame index=15821 frame address=0x00441103 word=59 mask=0x00010000)
[2022-12-16 20:23:54] 5 bit errors
[2022-12-16 20:23:54] Cycle 444: 2022-07-29 03:39:51
[2022-12-16 20:23:58] Cycle 445: 2022-07-29 03:39:55
[2022-12-16 20:24:02] Word 323958 (Frame index=3207 frame address=0x00002e23 word=51 mask=0x00800000)
[2022-12-16 20:24:02] Word 1577122 (Frame index=15615 frame address=0x00440da1 word=7 mask=0x00000100)
[2022-12-16 20:24:02] 2 bit errors
[2022-12-16 20:24:02] Cycle 446: 2022-07-29 03:40:00
[2022-12-16 20:24:06] Word 1436498 (Frame index=14222 frame address=0x00422e9c word=76 mask=0x00000020)
[2022-12-16 20:24:06] Word 1436599 (Frame index=14223 frame address=0x00422e9d word=76 mask=0x00000010)
[2022-12-16 20:24:06] 2 bit errors
[2022-12-16 20:24:06] Cycle 447: 2022-07-29 03:40:04
[2022-12-16 20:24:10] Word 3413 (Frame index=33 frame address=0x00000021 word=80 mask=0x00000002)
[2022-12-16 20:24:10] 1 bit errors
[2022-12-16 20:24:10] Cycle 448: 2022-07-29 03:40:08
[2022-12-16 20:24:14] Cycle 449: 2022-07-29 03:40:12
[2022-12-16 20:24:19] Word 678388 (Frame index=6716 frame address=0x00022c0a word=72 mask=0x00080000)
[2022-12-16 20:24:19] 1 bit errors
[2022-12-16 20:24:19] Cycle 450: 2022-07-29 03:40:16
[2022-12-16 20:24:23] Word 780024 (Frame index=7723 frame address=0x00400593 word=1 mask=0x02000000)
[2022-12-16 20:24:23] 1 bit errors
[2022-12-16 20:24:23] Cycle 451: 2022-07-29 03:40:20
[2022-12-16 20:24:27] Word 1028236 (Frame index=10180 frame address=0x0040291c word=56 mask=0x00018000)
[2022-12-16 20:24:27] Word 1028337 (Frame index=10181 frame address=0x0040291d word=56 mask=0x0000c000)
[2022-12-16 20:24:27] Word 1198492 (Frame index=11866 frame address=0x00420c92 word=26 mask=0x00010000)
[2022-12-16 20:24:27] 5 bit errors
[2022-12-16 20:24:27] Cycle 452: 2022-07-29 03:40:25
[2022-12-16 20:24:31] Cycle 453: 2022-07-29 03:40:29
[2022-12-16 20:24:35] Word 1550795 (Frame index=15354 frame address=0x00440a12 word=41 mask=0x00000400)
[2022-12-16 20:24:35] Word 1550896 (Frame index=15355 frame address=0x00440a13 word=41 mask=0x00000200)
[2022-12-16 20:24:35] 2 bit errors
[2022-12-16 20:24:35] Cycle 454: 2022-07-29 03:40:33
[2022-12-16 20:24:39] Cycle 455: 2022-07-29 03:40:37
[2022-12-16 20:24:44] Word 21536 (Frame index=213 frame address=0x000002a1 word=23 mask=0x00200000)
[2022-12-16 20:24:44] Word 1366382 (Frame index=13528 frame address=0x00422502 word=54 mask=0x00000200)
[2022-12-16 20:24:44] Word 1366483 (Frame index=13529 frame address=0x00422503 word=54 mask=0x00000100)
[2022-12-16 20:24:44] 3 bit errors
[2022-12-16 20:24:44] Cycle 456: 2022-07-29 03:40:41
[2022-12-16 20:24:48] Cycle 457: 2022-07-29 03:40:45
[2022-12-16 20:24:52] Cycle 458: 2022-07-29 03:40:50
[2022-12-16 20:24:56] Word 159422 (Frame index=1578 frame address=0x0000169c word=44 mask=0x00400000)
[2022-12-16 20:24:56] Word 159523 (Frame index=1579 frame address=0x0000169d word=44 mask=0x00200000)
[2022-12-16 20:24:56] 2 bit errors
[2022-12-16 20:24:56] Cycle 459: 2022-07-29 03:40:54
[2022-12-16 20:25:00] Cycle 460: 2022-07-29 03:40:58
[2022-12-16 20:25:04] Word 111175 (Frame index=1100 frame address=0x00001002 word=75 mask=0x00004000)
[2022-12-16 20:25:04] Word 111276 (Frame index=1101 frame address=0x00001003 word=75 mask=0x00002000)
[2022-12-16 20:25:04] Word 641941 (Frame index=6355 frame address=0x00022709 word=86 mask=0x80000000)
[2022-12-16 20:25:04] Word 1003401 (Frame index=9934 frame address=0x004025a2 word=67 mask=0x00040000)
[2022-12-16 20:25:04] Word 1003502 (Frame index=9935 frame address=0x004025a3 word=67 mask=0x00020000)
[2022-12-16 20:25:04] 5 bit errors
[2022-12-16 20:25:04] Cycle 461: 2022-07-29 03:41:02
[2022-12-16 20:25:09] Word 784978 (Frame index=7772 frame address=0x00400620 word=6 mask=0x00001000)
[2022-12-16 20:25:09] 1 bit errors
[2022-12-16 20:25:09] Cycle 462: 2022-07-29 03:41:06
[2022-12-16 20:25:13] Word 258856 (Frame index=2562 frame address=0x00002516 word=94 mask=0x40000000)
[2022-12-16 20:25:13] Word 258957 (Frame index=2563 frame address=0x00002517 word=94 mask=0x20000000)
[2022-12-16 20:25:13] 2 bit errors
[2022-12-16 20:25:13] Cycle 463: 2022-07-29 03:41:10
[2022-12-16 20:25:17] Cycle 464: 2022-07-29 03:41:15
[2022-12-16 20:25:21] Cycle 465: 2022-07-29 03:41:19
[2022-12-16 20:25:25] Word 93605 (Frame index=926 frame address=0x00000d1c word=79 mask=0x00200000)
[2022-12-16 20:25:25] Word 93706 (Frame index=927 frame address=0x00000d1d word=79 mask=0x00100000)
[2022-12-16 20:25:25] Word 1517683 (Frame index=15026 frame address=0x00440522 word=57 mask=0x00010000)
[2022-12-16 20:25:25] 3 bit errors
[2022-12-16 20:25:25] Cycle 466: 2022-07-29 03:41:23
[2022-12-16 20:25:29] Cycle 467: 2022-07-29 03:41:27
[2022-12-16 20:25:34] Cycle 468: 2022-07-29 03:41:31
[2022-12-16 20:25:38] Cycle 469: 2022-07-29 03:41:35
[2022-12-16 20:25:42] Cycle 470: 2022-07-29 03:41:40
[2022-12-16 20:25:46] Cycle 471: 2022-07-29 03:41:44
[2022-12-16 20:25:50] Cycle 472: 2022-07-29 03:41:48
[2022-12-16 20:25:54] Word 1003074 (Frame index=9931 frame address=0x0040259f word=43 mask=0x08000000)
[2022-12-16 20:25:54] Word 1379111 (Frame index=13654 frame address=0x00422694 word=57 mask=0x00080000)
[2022-12-16 20:25:54] Word 1379212 (Frame index=13655 frame address=0x00422695 word=57 mask=0x00040000)
[2022-12-16 20:25:54] 3 bit errors
[2022-12-16 20:25:54] Cycle 473: 2022-07-29 03:41:52
[2022-12-16 20:25:59] Cycle 474: 2022-07-29 03:41:56
[2022-12-16 20:26:03] Word 428998 (Frame index=4247 frame address=0x00020821 word=51 mask=0x10000000)
[2022-12-16 20:26:03] 1 bit errors
[2022-12-16 20:26:03] Cycle 475: 2022-07-29 03:42:00
[2022-12-16 20:26:07] Cycle 476: 2022-07-29 03:42:05
[2022-12-16 20:26:11] Word 1830036 (Frame index=18119 frame address=0x0044321b word=17 mask=0x04000000)
[2022-12-16 20:26:11] 1 bit errors
[2022-12-16 20:26:11] Cycle 477: 2022-07-29 03:42:09
[2022-12-16 20:26:15] Word 36095 (Frame index=357 frame address=0x0000050d word=38 mask=0x10000000)
[2022-12-16 20:26:15] Word 1098141 (Frame index=10872 frame address=0x00403320 word=69 mask=0x00004000)
[2022-12-16 20:26:15] Word 1098242 (Frame index=10873 frame address=0x00403321 word=69 mask=0x00008000)
[2022-12-16 20:26:15] Word 1207527 (Frame index=11955 frame address=0x00420da3 word=72 mask=0x00010000)
[2022-12-16 20:26:15] 4 bit errors
[2022-12-16 20:26:15] Cycle 478: 2022-07-29 03:42:13
[2022-12-16 20:26:19] Word 843425 (Frame index=8350 frame address=0x00400e9c word=75 mask=0x38000000)
[2022-12-16 20:26:19] Word 843526 (Frame index=8351 frame address=0x00400e9d word=75 mask=0x1c000000)
[2022-12-16 20:26:19] 6 bit errors
[2022-12-16 20:26:19] Cycle 479: 2022-07-29 03:42:17
[2022-12-16 20:26:23] Cycle 480: 2022-07-29 03:42:21
[2022-12-16 20:26:28] Word 235117 (Frame index=2327 frame address=0x0000219f word=90 mask=0x00000200)
[2022-12-16 20:26:28] 1 bit errors
[2022-12-16 20:26:28] Cycle 481: 2022-07-29 03:42:25
[2022-12-16 20:26:32] Word 209083 (Frame index=2070 frame address=0x00001e0a word=13 mask=0x00000008)
[2022-12-16 20:26:32] Word 209184 (Frame index=2071 frame address=0x00001e0b word=13 mask=0x00000004)
[2022-12-16 20:26:32] Word 1168220 (Frame index=11566 frame address=0x0042081c word=54 mask=0x00000008)
[2022-12-16 20:26:32] Word 1168321 (Frame index=11567 frame address=0x0042081d word=54 mask=0x00000004)
[2022-12-16 20:26:32] 4 bit errors
[2022-12-16 20:26:32] Cycle 482: 2022-07-29 03:42:30
[2022-12-16 20:26:36] Cycle 483: 2022-07-29 03:42:34
[2022-12-16 20:26:40] Cycle 484: 2022-07-29 03:42:38
[2022-12-16 20:26:44] Word 1192665 (Frame index=11808 frame address=0x00420b9a word=57 mask=0x01000000)
[2022-12-16 20:26:44] 1 bit errors
[2022-12-16 20:26:44] Cycle 485: 2022-07-29 03:42:42
[2022-12-16 20:26:48] Cycle 486: 2022-07-29 03:42:46
[2022-12-16 20:26:53] Cycle 487: 2022-07-29 03:42:50
[2022-12-16 20:26:57] Cycle 488: 2022-07-29 03:42:54
[2022-12-16 20:27:01] Word 1489973 (Frame index=14752 frame address=0x00440120 word=21 mask=0x00000200)
[2022-12-16 20:27:01] Word 1490074 (Frame index=14753 frame address=0x00440121 word=21 mask=0x00000400)
[2022-12-16 20:27:01] 2 bit errors
[2022-12-16 20:27:01] Cycle 489: 2022-07-29 03:42:59
[2022-12-16 20:27:05] Word 333302 (Frame index=3300 frame address=0x00002f94 word=2 mask=0x00000040)
[2022-12-16 20:27:05] 1 bit errors
[2022-12-16 20:27:05] Cycle 490: 2022-07-29 03:43:03
[2022-12-16 20:27:09] Cycle 491: 2022-07-29 03:43:07
[2022-12-16 20:27:13] Cycle 492: 2022-07-29 03:43:11
[2022-12-16 20:27:18] Word 781962 (Frame index=7742 frame address=0x00400602 word=20 mask=0x08000000)
[2022-12-16 20:27:18] 1 bit errors
[2022-12-16 20:27:18] Cycle 493: 2022-07-29 03:43:15
[2022-12-16 20:27:22] Cycle 494: 2022-07-29 03:43:19
[2022-12-16 20:27:26] Cycle 495: 2022-07-29 03:43:24
[2022-12-16 20:27:30] Cycle 496: 2022-07-29 03:43:28
[2022-12-16 20:27:34] Word 870961 (Frame index=8623 frame address=0x00401295 word=38 mask=0x10000000)
[2022-12-16 20:27:34] 1 bit errors
[2022-12-16 20:27:34] Cycle 497: 2022-07-29 03:43:32
[2022-12-16 20:27:38] Word 742236 (Frame index=7348 frame address=0x00400018 word=88 mask=0x00100000)
[2022-12-16 20:27:38] Word 769618 (Frame index=7619 frame address=0x0040040f word=99 mask=0x00000040)
[2022-12-16 20:27:38] 2 bit errors
[2022-12-16 20:27:38] Cycle 498: 2022-07-29 03:43:36
[2022-12-16 20:27:43] Cycle 499: 2022-07-29 03:43:40
[2022-12-16 20:27:47] Cycle 500: 2022-07-29 03:43:44
[2022-12-16 20:27:51] Cycle 501: 2022-07-29 03:43:49
[2022-12-16 20:27:55] Cycle 502: 2022-07-29 03:43:53
[2022-12-16 20:27:59] Cycle 503: 2022-07-29 03:43:57
[2022-12-16 20:28:03] Cycle 504: 2022-07-29 03:44:01
[2022-12-16 20:28:08] Cycle 505: 2022-07-29 03:44:05
[2022-12-16 20:28:12] Word 1338279 (Frame index=13250 frame address=0x004220a0 word=29 mask=0x00080000)
[2022-12-16 20:28:12] 1 bit errors
[2022-12-16 20:28:12] Cycle 506: 2022-07-29 03:44:09
[2022-12-16 20:28:16] Word 1534274 (Frame index=15190 frame address=0x0044079a word=84 mask=0x00000008)
[2022-12-16 20:28:16] 1 bit errors
[2022-12-16 20:28:16] Cycle 507: 2022-07-29 03:44:14
[2022-12-16 20:28:20] Word 1056481 (Frame index=10460 frame address=0x00402d1c word=21 mask=0x80000000)
[2022-12-16 20:28:20] Word 1056582 (Frame index=10461 frame address=0x00402d1d word=21 mask=0xc0000000)
[2022-12-16 20:28:20] 3 bit errors
[2022-12-16 20:28:20] Cycle 508: 2022-07-29 03:44:18
[2022-12-16 20:28:24] Word 296296 (Frame index=2933 frame address=0x00002a21 word=63 mask=0x00000400)
[2022-12-16 20:28:24] Word 1482337 (Frame index=14676 frame address=0x0044001c word=61 mask=0x00020000)
[2022-12-16 20:28:24] Word 1482438 (Frame index=14677 frame address=0x0044001d word=61 mask=0x00010000)
[2022-12-16 20:28:24] 3 bit errors
[2022-12-16 20:28:24] Cycle 509: 2022-07-29 03:44:22
[2022-12-16 20:28:28] Word 1078353 (Frame index=10676 frame address=0x00403088 word=77 mask=0x02000000)
[2022-12-16 20:28:28] Word 1078454 (Frame index=10677 frame address=0x00403089 word=77 mask=0x01000000)
[2022-12-16 20:28:28] Word 1372621 (Frame index=13590 frame address=0x0042259c word=31 mask=0x00000040)
[2022-12-16 20:28:28] Word 1372722 (Frame index=13591 frame address=0x0042259d word=31 mask=0x00000020)
[2022-12-16 20:28:28] 4 bit errors
[2022-12-16 20:28:28] Cycle 510: 2022-07-29 03:44:26
[2022-12-16 20:28:33] Word 636562 (Frame index=6302 frame address=0x0002261c word=60 mask=0x00002000)
[2022-12-16 20:28:33] Word 828594 (Frame index=8203 frame address=0x00400c91 word=91 mask=0x00800000)
[2022-12-16 20:28:33] 2 bit errors
[2022-12-16 20:28:33] Cycle 511: 2022-07-29 03:44:30
[2022-12-16 20:28:37] Word 673557 (Frame index=6668 frame address=0x00022b22 word=89 mask=0x00440000)
[2022-12-16 20:28:37] Word 673658 (Frame index=6669 frame address=0x00022b23 word=89 mask=0x00800000)
[2022-12-16 20:28:37] 3 bit errors
[2022-12-16 20:28:37] Cycle 512: 2022-07-29 03:44:34
[2022-12-16 20:28:41] Word 651898 (Frame index=6454 frame address=0x00022880 word=44 mask=0x00000080)
[2022-12-16 20:28:41] Word 670355 (Frame index=6637 frame address=0x00022b03 word=18 mask=0x00040000)
[2022-12-16 20:28:41] Word 1429019 (Frame index=14148 frame address=0x00422d92 word=71 mask=0x000c0000)
[2022-12-16 20:28:41] Word 1429120 (Frame index=14149 frame address=0x00422d93 word=71 mask=0x00040000)
[2022-12-16 20:28:41] Word 1555952 (Frame index=15405 frame address=0x00440aa1 word=47 mask=0x40000000)
[2022-12-16 20:28:41] 6 bit errors
[2022-12-16 20:28:41] Cycle 513: 2022-07-29 03:44:39
[2022-12-16 20:28:45] Cycle 514: 2022-07-29 03:44:43
[2022-12-16 20:28:49] Word 1432864 (Frame index=14186 frame address=0x00422e1c word=78 mask=0x18000000)
[2022-12-16 20:28:49] Word 1432965 (Frame index=14187 frame address=0x00422e1d word=78 mask=0x08000000)
[2022-12-16 20:28:49] 3 bit errors
[2022-12-16 20:28:49] Cycle 515: 2022-07-29 03:44:47
[2022-12-16 20:28:53] Cycle 516: 2022-07-29 03:44:51
[2022-12-16 20:28:58] Word 292181 (Frame index=2892 frame address=0x0000299c word=89 mask=0x10000000)
[2022-12-16 20:28:58] Word 438795 (Frame index=4344 frame address=0x0002099e word=51 mask=0x01000000)
[2022-12-16 20:28:58] 2 bit errors
[2022-12-16 20:28:58] Cycle 517: 2022-07-29 03:44:55
[2022-12-16 20:29:02] Word 250018 (Frame index=2475 frame address=0x00002407 word=43 mask=0x00008000)
[2022-12-16 20:29:02] 1 bit errors
[2022-12-16 20:29:02] Cycle 518: 2022-07-29 03:44:59
[2022-12-16 20:29:06] Cycle 519: 2022-07-29 03:45:04
[2022-12-16 20:29:10] Cycle 520: 2022-07-29 03:45:08
[2022-12-16 20:29:14] Word 830091 (Frame index=8218 frame address=0x00400ca0 word=73 mask=0x01000000)
[2022-12-16 20:29:14] 1 bit errors
[2022-12-16 20:29:14] Cycle 521: 2022-07-29 03:45:12
[2022-12-16 20:29:18] Word 726236 (Frame index=7190 frame address=0x0002330c word=46 mask=0x00400000)
[2022-12-16 20:29:18] Word 726337 (Frame index=7191 frame address=0x0002330d word=46 mask=0x00400000)
[2022-12-16 20:29:18] Word 1088571 (Frame index=10777 frame address=0x00403209 word=94 mask=0x00000080)
[2022-12-16 20:29:18] 3 bit errors
[2022-12-16 20:29:18] Cycle 522: 2022-07-29 03:45:16
[2022-12-16 20:29:23] Word 1569790 (Frame index=15542 frame address=0x00440ca0 word=48 mask=0x01000000)
[2022-12-16 20:29:23] 1 bit errors
[2022-12-16 20:29:23] Cycle 523: 2022-07-29 03:45:20
[2022-12-16 20:29:27] Cycle 524: 2022-07-29 03:45:24
[2022-12-16 20:29:31] Word 412496 (Frame index=4084 frame address=0x00020606 word=12 mask=0x10000000)
[2022-12-16 20:29:31] 1 bit errors
[2022-12-16 20:29:31] Cycle 525: 2022-07-29 03:45:29
[2022-12-16 20:29:35] Cycle 526: 2022-07-29 03:45:33
[2022-12-16 20:29:39] Word 1493676 (Frame index=14788 frame address=0x004401a0 word=88 mask=0x00000001)
[2022-12-16 20:29:39] 1 bit errors
[2022-12-16 20:29:39] Cycle 527: 2022-07-29 03:45:37
[2022-12-16 20:29:43] Word 874384 (Frame index=8657 frame address=0x00401313 word=27 mask=0x40000000)
[2022-12-16 20:29:43] 1 bit errors
[2022-12-16 20:29:43] Cycle 528: 2022-07-29 03:45:41
[2022-12-16 20:29:48] Word 256348 (Frame index=2538 frame address=0x000024a2 word=10 mask=0x00001000)
[2022-12-16 20:29:48] 1 bit errors
[2022-12-16 20:29:48] Cycle 529: 2022-07-29 03:45:45
[2022-12-16 20:29:52] Word 1517120 (Frame index=15020 frame address=0x0044051c word=100 mask=0x00000700)
[2022-12-16 20:29:52] Word 1517221 (Frame index=15021 frame address=0x0044051d word=100 mask=0x00000380)
[2022-12-16 20:29:52] 6 bit errors
[2022-12-16 20:29:52] Cycle 530: 2022-07-29 03:45:49
[2022-12-16 20:29:56] Word 712478 (Frame index=7054 frame address=0x0002310c word=24 mask=0x00000200)
[2022-12-16 20:29:56] Word 712579 (Frame index=7055 frame address=0x0002310d word=24 mask=0x00000200)
[2022-12-16 20:29:56] Word 1547137 (Frame index=15318 frame address=0x00440992 word=19 mask=0x00020000)
[2022-12-16 20:29:56] Word 1547238 (Frame index=15319 frame address=0x00440993 word=19 mask=0x00010000)
[2022-12-16 20:29:56] 4 bit errors
[2022-12-16 20:29:56] Cycle 531: 2022-07-29 03:45:54
[2022-12-16 20:30:00] Word 1092486 (Frame index=10816 frame address=0x0040328c word=70 mask=0x00008000)
[2022-12-16 20:30:00] Word 1092587 (Frame index=10817 frame address=0x0040328d word=70 mask=0x00008000)
[2022-12-16 20:30:00] Word 1212405 (Frame index=12004 frame address=0x00420e94 word=1 mask=0x08000000)
[2022-12-16 20:30:00] Word 1212506 (Frame index=12005 frame address=0x00420e95 word=1 mask=0x04000000)
[2022-12-16 20:30:00] Word 1437049 (Frame index=14228 frame address=0x00422ea2 word=21 mask=0x00002000)
[2022-12-16 20:30:00] Word 1437150 (Frame index=14229 frame address=0x00422ea3 word=21 mask=0x00004000)
[2022-12-16 20:30:00] 6 bit errors
[2022-12-16 20:30:00] Cycle 532: 2022-07-29 03:45:58
[2022-12-16 20:30:04] Cycle 533: 2022-07-29 03:46:02
[2022-12-16 20:30:08] Word 1371540 (Frame index=13579 frame address=0x00422591 word=61 mask=0x00000008)
[2022-12-16 20:30:08] 1 bit errors
[2022-12-16 20:30:08] Cycle 534: 2022-07-29 03:46:06
[2022-12-16 20:30:13] Cycle 535: 2022-07-29 03:46:10
[2022-12-16 20:30:17] Cycle 536: 2022-07-29 03:46:14
[2022-12-16 20:30:21] Cycle 537: 2022-07-29 03:46:19
[2022-12-16 20:30:25] Word 415379 (Frame index=4112 frame address=0x00020622 word=67 mask=0x00000200)
[2022-12-16 20:30:25] 1 bit errors
[2022-12-16 20:30:25] Cycle 538: 2022-07-29 03:46:23
[2022-12-16 20:30:29] Cycle 539: 2022-07-29 03:46:27
[2022-12-16 20:30:33] Cycle 540: 2022-07-29 03:46:31
[2022-12-16 20:30:37] Word 1073759 (Frame index=10631 frame address=0x00402f9b word=28 mask=0x04000000)
[2022-12-16 20:30:37] 1 bit errors
[2022-12-16 20:30:37] Cycle 541: 2022-07-29 03:46:35
[2022-12-16 20:30:42] Cycle 542: 2022-07-29 03:46:39
[2022-12-16 20:30:46] Cycle 543: 2022-07-29 03:46:43
[2022-12-16 20:30:50] Cycle 544: 2022-07-29 03:46:48
[2022-12-16 20:30:54] Cycle 545: 2022-07-29 03:46:52
[2022-12-16 20:30:58] Cycle 546: 2022-07-29 03:46:56
[2022-12-16 20:31:02] Cycle 547: 2022-07-29 03:47:00
[2022-12-16 20:31:07] Cycle 548: 2022-07-29 03:47:04
[2022-12-16 20:31:11] Cycle 549: 2022-07-29 03:47:08
[2022-12-16 20:31:15] Cycle 550: 2022-07-29 03:47:13
[2022-12-16 20:31:19] Word 163069 (Frame index=1614 frame address=0x0000171c word=55 mask=0x00000780)
[2022-12-16 20:31:19] Word 163170 (Frame index=1615 frame address=0x0000171d word=55 mask=0x00000780)
[2022-12-16 20:31:19] 8 bit errors
[2022-12-16 20:31:19] Cycle 551: 2022-07-29 03:47:17
[2022-12-16 20:31:23] Cycle 552: 2022-07-29 03:47:21
[2022-12-16 20:31:27] Cycle 553: 2022-07-29 03:47:25
[2022-12-16 20:31:32] Word 106453 (Frame index=1053 frame address=0x00000f13 word=100 mask=0x40000000)
[2022-12-16 20:31:32] 1 bit errors
[2022-12-16 20:31:32] Cycle 554: 2022-07-29 03:47:29
[2022-12-16 20:31:36] Cycle 555: 2022-07-29 03:47:33
[2022-12-16 20:31:40] Cycle 556: 2022-07-29 03:47:38
[2022-12-16 20:31:44] Word 1826939 (Frame index=18088 frame address=0x00443198 word=51 mask=0x00000020)
[2022-12-16 20:31:44] Word 1827040 (Frame index=18089 frame address=0x00443199 word=51 mask=0x00000010)
[2022-12-16 20:31:44] 2 bit errors
[2022-12-16 20:31:44] Cycle 557: 2022-07-29 03:47:42
[2022-12-16 20:31:48] Cycle 558: 2022-07-29 03:47:46
[2022-12-16 20:31:52] Cycle 559: 2022-07-29 03:47:50
[2022-12-16 20:31:57] Word 1280446 (Frame index=12677 frame address=0x00421885 word=69 mask=0x00000008)
[2022-12-16 20:31:57] 1 bit errors
[2022-12-16 20:31:57] Cycle 560: 2022-07-29 03:47:54
[2022-12-16 20:32:01] Word 373840 (Frame index=3701 frame address=0x00020027 word=39 mask=0x00000010)
[2022-12-16 20:32:01] Word 447877 (Frame index=4434 frame address=0x00020b0c word=43 mask=0x00000100)
[2022-12-16 20:32:01] Word 447978 (Frame index=4435 frame address=0x00020b0d word=43 mask=0x00000080)
[2022-12-16 20:32:01] 3 bit errors
[2022-12-16 20:32:01] Cycle 561: 2022-07-29 03:47:58
[2022-12-16 20:32:05] Cycle 562: 2022-07-29 03:48:03
[2022-12-16 20:32:09] Cycle 563: 2022-07-29 03:48:07
[2022-12-16 20:32:13] Cycle 564: 2022-07-29 03:48:11
[2022-12-16 20:32:17] Cycle 565: 2022-07-29 03:48:15
[2022-12-16 20:32:22] Cycle 566: 2022-07-29 03:48:19
[2022-12-16 20:32:26] Word 728989 (Frame index=7217 frame address=0x00023383 word=72 mask=0x02000000)
[2022-12-16 20:32:26] 1 bit errors
[2022-12-16 20:32:26] Cycle 567: 2022-07-29 03:48:23
[2022-12-16 20:32:30] Cycle 568: 2022-07-29 03:48:28
[2022-12-16 20:32:34] Word 232996 (Frame index=2306 frame address=0x0000218a word=90 mask=0x00000200)
[2022-12-16 20:32:34] Word 1203999 (Frame index=11920 frame address=0x00420d80 word=79 mask=0x00200000)
[2022-12-16 20:32:34] Word 1830606 (Frame index=18124 frame address=0x00443220 word=82 mask=0x00000008)
[2022-12-16 20:32:34] Word 1830707 (Frame index=18125 frame address=0x00443221 word=82 mask=0x00000010)
[2022-12-16 20:32:34] 4 bit errors
[2022-12-16 20:32:34] Cycle 569: 2022-07-29 03:48:32
[2022-12-16 20:32:38] Word 390954 (Frame index=3870 frame address=0x0002029c word=84 mask=0x00000400)
[2022-12-16 20:32:38] 1 bit errors
[2022-12-16 20:32:38] Cycle 570: 2022-07-29 03:48:36
[2022-12-16 20:32:42] Word 437091 (Frame index=4327 frame address=0x0002098d word=64 mask=0x00000008)
[2022-12-16 20:32:42] 1 bit errors
[2022-12-16 20:32:42] Cycle 571: 2022-07-29 03:48:40
[2022-12-16 20:32:47] Word 435391 (Frame index=4310 frame address=0x00020920 word=81 mask=0x00004000)
[2022-12-16 20:32:47] Word 435492 (Frame index=4311 frame address=0x00020921 word=81 mask=0x00004000)
[2022-12-16 20:32:47] Word 1404412 (Frame index=13905 frame address=0x00422a13 word=7 mask=0x00080000)
[2022-12-16 20:32:47] Word 1404513 (Frame index=13906 frame address=0x00422a14 word=7 mask=0x00100000)
[2022-12-16 20:32:47] Word 1404614 (Frame index=13907 frame address=0x00422a15 word=7 mask=0x00080000)
[2022-12-16 20:32:47] 5 bit errors
[2022-12-16 20:32:47] Cycle 572: 2022-07-29 03:48:44
[2022-12-16 20:32:51] Word 622976 (Frame index=6168 frame address=0x00022482 word=8 mask=0x00000002)
[2022-12-16 20:32:51] 1 bit errors
[2022-12-16 20:32:51] Cycle 573: 2022-07-29 03:48:48
[2022-12-16 20:32:55] Cycle 574: 2022-07-29 03:48:53
[2022-12-16 20:32:59] Word 825562 (Frame index=8173 frame address=0x00400c11 word=89 mask=0x08000000)
[2022-12-16 20:32:59] 1 bit errors
[2022-12-16 20:32:59] Cycle 575: 2022-07-29 03:48:57
[2022-12-16 20:33:03] Word 1595057 (Frame index=15792 frame address=0x0044108a word=65 mask=0x00008000)
[2022-12-16 20:33:03] Word 1765471 (Frame index=17479 frame address=0x00442903 word=92 mask=0x02000000)
[2022-12-16 20:33:03] 2 bit errors
[2022-12-16 20:33:03] Cycle 576: 2022-07-29 03:49:01
[2022-12-16 20:33:07] Cycle 577: 2022-07-29 03:49:05
[2022-12-16 20:33:12] Word 48511 (Frame index=480 frame address=0x0000069c word=31 mask=0x00001800)
[2022-12-16 20:33:12] Word 48612 (Frame index=481 frame address=0x0000069d word=31 mask=0x00000c00)
[2022-12-16 20:33:12] 4 bit errors
[2022-12-16 20:33:12] Cycle 578: 2022-07-29 03:49:09
[2022-12-16 20:33:16] Cycle 579: 2022-07-29 03:49:13
[2022-12-16 20:33:20] Cycle 580: 2022-07-29 03:49:18
[2022-12-16 20:33:24] Cycle 581: 2022-07-29 03:49:22
[2022-12-16 20:33:28] Word 1147635 (Frame index=11362 frame address=0x00420520 word=73 mask=0x00c00000)
[2022-12-16 20:33:28] Word 1147736 (Frame index=11363 frame address=0x00420521 word=73 mask=0x01800000)
[2022-12-16 20:33:28] 4 bit errors
[2022-12-16 20:33:28] Cycle 582: 2022-07-29 03:49:26
[2022-12-16 20:33:32] Word 1807506 (Frame index=17896 frame address=0x00442f04 word=10 mask=0x00000008)
[2022-12-16 20:33:32] Word 1807607 (Frame index=17897 frame address=0x00442f05 word=10 mask=0x00000004)
[2022-12-16 20:33:32] 2 bit errors
[2022-12-16 20:33:32] Cycle 583: 2022-07-29 03:49:30
[2022-12-16 20:33:36] Word 283639 (Frame index=2808 frame address=0x00002890 word=31 mask=0x00040000)
[2022-12-16 20:33:36] 1 bit errors
[2022-12-16 20:33:36] Cycle 584: 2022-07-29 03:49:34
[2022-12-16 20:33:41] Word 1147516 (Frame index=11361 frame address=0x0042051f word=55 mask=0x20000000)
[2022-12-16 20:33:41] 1 bit errors
[2022-12-16 20:33:41] Cycle 585: 2022-07-29 03:49:38
[2022-12-16 20:33:45] Word 1234872 (Frame index=12226 frame address=0x004211a2 word=46 mask=0x00000080)
[2022-12-16 20:33:45] Word 1752354 (Frame index=17350 frame address=0x00442712 word=4 mask=0x40000000)
[2022-12-16 20:33:45] Word 1752455 (Frame index=17351 frame address=0x00442713 word=4 mask=0x20000000)
[2022-12-16 20:33:45] 3 bit errors
[2022-12-16 20:33:45] Cycle 586: 2022-07-29 03:49:42
[2022-12-16 20:33:49] Cycle 587: 2022-07-29 03:49:47
[2022-12-16 20:33:53] Cycle 588: 2022-07-29 03:49:51
[2022-12-16 20:33:57] Word 1815865 (Frame index=17978 frame address=0x0044300e word=87 mask=0x00004000)
[2022-12-16 20:33:57] Word 1815966 (Frame index=17979 frame address=0x0044300f word=87 mask=0x00002000)
[2022-12-16 20:33:57] 2 bit errors
[2022-12-16 20:33:57] Cycle 589: 2022-07-29 03:49:55
[2022-12-16 20:34:01] Word 1092408 (Frame index=10815 frame address=0x0040328b word=93 mask=0x00000001)
[2022-12-16 20:34:01] 1 bit errors
[2022-12-16 20:34:01] Cycle 590: 2022-07-29 03:49:59
[2022-12-16 20:34:06] Cycle 591: 2022-07-29 03:50:03
[2022-12-16 20:34:10] Cycle 592: 2022-07-29 03:50:07
[2022-12-16 20:34:14] Cycle 593: 2022-07-29 03:50:12
[2022-12-16 20:34:18] Word 27501 (Frame index=272 frame address=0x0000039c word=29 mask=0x00000010)
[2022-12-16 20:34:18] Word 27602 (Frame index=273 frame address=0x0000039d word=29 mask=0x00000008)
[2022-12-16 20:34:18] Word 1520304 (Frame index=15052 frame address=0x00440598 word=52 mask=0x00000002)
[2022-12-16 20:34:18] 3 bit errors
[2022-12-16 20:34:18] Cycle 594: 2022-07-29 03:50:16
[2022-12-16 20:34:22] Cycle 595: 2022-07-29 03:50:20
[2022-12-16 20:34:26] Cycle 596: 2022-07-29 03:50:24
[2022-12-16 20:34:31] Word 108901 (Frame index=1078 frame address=0x00000f88 word=23 mask=0x00020000)
[2022-12-16 20:34:31] Word 109002 (Frame index=1079 frame address=0x00000f89 word=23 mask=0x00010000)
[2022-12-16 20:34:31] Word 331697 (Frame index=3284 frame address=0x00002f84 word=13 mask=0x00000400)
[2022-12-16 20:34:31] Word 331798 (Frame index=3285 frame address=0x00002f85 word=13 mask=0x00000200)
[2022-12-16 20:34:31] 4 bit errors
[2022-12-16 20:34:31] Cycle 597: 2022-07-29 03:50:28
[2022-12-16 20:34:35] Cycle 598: 2022-07-29 03:50:32
[2022-12-16 20:34:39] Word 1154442 (Frame index=11430 frame address=0x0042061c word=12 mask=0x00002000)
[2022-12-16 20:34:39] Word 1154543 (Frame index=11431 frame address=0x0042061d word=12 mask=0x00001000)
[2022-12-16 20:34:39] Word 1746855 (Frame index=17295 frame address=0x00442623 word=60 mask=0x04000000)
[2022-12-16 20:34:39] 3 bit errors
[2022-12-16 20:34:39] Cycle 599: 2022-07-29 03:50:37
[2022-12-16 20:34:43] Word 1003735 (Frame index=9937 frame address=0x00402601 word=98 mask=0x00000800)
[2022-12-16 20:34:43] 1 bit errors
[2022-12-16 20:34:43] Cycle 600: 2022-07-29 03:50:41
[2022-12-16 20:34:47] Word 1269499 (Frame index=12569 frame address=0x004216a1 word=30 mask=0x80000000)
[2022-12-16 20:34:47] 1 bit errors
[2022-12-16 20:34:47] Cycle 601: 2022-07-29 03:50:45
[2022-12-16 20:34:51] Cycle 602: 2022-07-29 03:50:49
[2022-12-16 20:34:56] Word 825481 (Frame index=8173 frame address=0x00400c11 word=8 mask=0x00000001)
[2022-12-16 20:34:56] 1 bit errors
[2022-12-16 20:34:56] Cycle 603: 2022-07-29 03:50:53
[2022-12-16 20:35:00] Word 1787126 (Frame index=17694 frame address=0x00442c02 word=32 mask=0x00400000)
[2022-12-16 20:35:00] 1 bit errors
[2022-12-16 20:35:00] Cycle 604: 2022-07-29 03:50:57
[2022-12-16 20:35:04] Word 488971 (Frame index=4841 frame address=0x00021109 word=30 mask=0x00000002)
[2022-12-16 20:35:04] Word 676093 (Frame index=6693 frame address=0x00022b97 word=100 mask=0x10000000)
[2022-12-16 20:35:04] 2 bit errors
[2022-12-16 20:35:04] Cycle 605: 2022-07-29 03:51:02
[2022-12-16 20:35:08] Word 261248 (Frame index=2586 frame address=0x0000258a word=62 mask=0x00200000)
[2022-12-16 20:35:08] Word 261349 (Frame index=2587 frame address=0x0000258b word=62 mask=0x00100000)
[2022-12-16 20:35:08] 2 bit errors
[2022-12-16 20:35:08] Cycle 606: 2022-07-29 03:51:06
[2022-12-16 20:35:12] Word 1369285 (Frame index=13557 frame address=0x0042251f word=28 mask=0x00000100)
[2022-12-16 20:35:12] 1 bit errors
[2022-12-16 20:35:12] Cycle 607: 2022-07-29 03:51:10
[2022-12-16 20:35:16] Cycle 608: 2022-07-29 03:51:14
[2022-12-16 20:35:21] Cycle 609: 2022-07-29 03:51:18
[2022-12-16 20:35:25] Word 1189192 (Frame index=11774 frame address=0x00420b1c word=18 mask=0x80000000)
[2022-12-16 20:35:25] Word 1189293 (Frame index=11775 frame address=0x00420b1d word=18 mask=0x40000000)
[2022-12-16 20:35:25] 2 bit errors
[2022-12-16 20:35:25] Cycle 610: 2022-07-29 03:51:22
[2022-12-16 20:35:29] Cycle 611: 2022-07-29 03:51:27
[2022-12-16 20:35:33] Word 212375 (Frame index=2102 frame address=0x00001e86 word=73 mask=0x00100000)
[2022-12-16 20:35:33] Word 212476 (Frame index=2103 frame address=0x00001e87 word=73 mask=0x00080000)
[2022-12-16 20:35:33] Word 389849 (Frame index=3859 frame address=0x00020291 word=90 mask=0x40000000)
[2022-12-16 20:35:33] 3 bit errors
[2022-12-16 20:35:33] Cycle 612: 2022-07-29 03:51:31
[2022-12-16 20:35:37] Word 418883 (Frame index=4147 frame address=0x000206a1 word=36 mask=0x00000010)
[2022-12-16 20:35:37] Word 1056364 (Frame index=10459 frame address=0x00402d1b word=5 mask=0x00000001)
[2022-12-16 20:35:37] 2 bit errors
[2022-12-16 20:35:37] Cycle 613: 2022-07-29 03:51:35
[2022-12-16 20:35:41] Word 1276609 (Frame index=12639 frame address=0x0042179f word=70 mask=0x00000080)
[2022-12-16 20:35:41] 1 bit errors
[2022-12-16 20:35:41] Cycle 614: 2022-07-29 03:51:39
[2022-12-16 20:35:46] Word 3145 (Frame index=31 frame address=0x0000001f word=14 mask=0x00008000)
[2022-12-16 20:35:46] 1 bit errors
[2022-12-16 20:35:46] Cycle 615: 2022-07-29 03:51:43
[2022-12-16 20:35:50] Word 41396 (Frame index=409 frame address=0x0000059d word=87 mask=0x80000000)
[2022-12-16 20:35:50] Word 1548153 (Frame index=15328 frame address=0x0044099c word=25 mask=0x00001000)
[2022-12-16 20:35:50] Word 1548254 (Frame index=15329 frame address=0x0044099d word=25 mask=0x00000800)
[2022-12-16 20:35:50] 3 bit errors
[2022-12-16 20:35:50] Cycle 616: 2022-07-29 03:51:47
[2022-12-16 20:35:54] Word 1068184 (Frame index=10576 frame address=0x00402f08 word=8 mask=0x00010000)
[2022-12-16 20:35:54] Word 1068285 (Frame index=10577 frame address=0x00402f09 word=8 mask=0x00008000)
[2022-12-16 20:35:54] 2 bit errors
[2022-12-16 20:35:54] Cycle 617: 2022-07-29 03:51:52
[2022-12-16 20:35:58] Cycle 618: 2022-07-29 03:51:56
[2022-12-16 20:36:02] Word 1419534 (Frame index=14054 frame address=0x00422c18 word=80 mask=0x00000200)
[2022-12-16 20:36:02] 1 bit errors
[2022-12-16 20:36:02] Cycle 619: 2022-07-29 03:52:00
[2022-12-16 20:36:06] Cycle 620: 2022-07-29 03:52:04
[2022-12-16 20:36:11] Cycle 621: 2022-07-29 03:52:08
[2022-12-16 20:36:15] Word 1207529 (Frame index=11955 frame address=0x00420da3 word=74 mask=0x00000004)
[2022-12-16 20:36:15] Word 1593911 (Frame index=15781 frame address=0x00441023 word=30 mask=0x00020000)
[2022-12-16 20:36:15] 2 bit errors
[2022-12-16 20:36:15] Cycle 622: 2022-07-29 03:52:12
[2022-12-16 20:36:19] Cycle 623: 2022-07-29 03:52:17
[2022-12-16 20:36:23] Cycle 624: 2022-07-29 03:52:21
[2022-12-16 20:36:27] Cycle 625: 2022-07-29 03:52:25
[2022-12-16 20:36:31] Word 1299644 (Frame index=12867 frame address=0x00421b17 word=77 mask=0x00080000)
[2022-12-16 20:36:31] 1 bit errors
[2022-12-16 20:36:31] Cycle 626: 2022-07-29 03:52:29
[2022-12-16 20:36:36] Word 308954 (Frame index=3058 frame address=0x00002c0e word=96 mask=0x00000008)
[2022-12-16 20:36:36] 1 bit errors
[2022-12-16 20:36:36] Cycle 627: 2022-07-29 03:52:33
[2022-12-16 20:36:40] Cycle 628: 2022-07-29 03:52:37
[2022-12-16 20:36:44] Cycle 629: 2022-07-29 03:52:41
[2022-12-16 20:36:48] Word 995644 (Frame index=9857 frame address=0x0040249d word=87 mask=0x10000000)
[2022-12-16 20:36:48] 1 bit errors
[2022-12-16 20:36:48] Cycle 630: 2022-07-29 03:52:46
[2022-12-16 20:36:52] Cycle 631: 2022-07-29 03:52:50
[2022-12-16 20:36:56] Word 1083996 (Frame index=10732 frame address=0x0040311c word=64 mask=0x00100000)
[2022-12-16 20:36:56] Word 1084097 (Frame index=10733 frame address=0x0040311d word=64 mask=0x00080000)
[2022-12-16 20:36:56] 2 bit errors
[2022-12-16 20:36:56] Cycle 632: 2022-07-29 03:52:54
[2022-12-16 20:37:00] Cycle 633: 2022-07-29 03:52:58
[2022-12-16 20:37:05] Cycle 634: 2022-07-29 03:53:02
[2022-12-16 20:37:09] Word 215306 (Frame index=2131 frame address=0x00001f07 word=75 mask=0x40000000)
[2022-12-16 20:37:09] 1 bit errors
[2022-12-16 20:37:09] Cycle 635: 2022-07-29 03:53:06
[2022-12-16 20:37:13] Cycle 636: 2022-07-29 03:53:11
[2022-12-16 20:37:17] Word 273746 (Frame index=2710 frame address=0x0000271a word=36 mask=0x40000000)
[2022-12-16 20:37:17] 1 bit errors
[2022-12-16 20:37:17] Cycle 637: 2022-07-29 03:53:15
[2022-12-16 20:37:21] Cycle 638: 2022-07-29 03:53:19
[2022-12-16 20:37:25] Cycle 639: 2022-07-29 03:53:23
[2022-12-16 20:37:30] Word 672948 (Frame index=6662 frame address=0x00022b1c word=86 mask=0x0000c000)
[2022-12-16 20:37:30] Word 673049 (Frame index=6663 frame address=0x00022b1d word=86 mask=0x00006000)
[2022-12-16 20:37:30] 4 bit errors
[2022-12-16 20:37:30] Cycle 640: 2022-07-29 03:53:27
[2022-12-16 20:37:34] Cycle 641: 2022-07-29 03:53:31
[2022-12-16 20:37:38] Cycle 642: 2022-07-29 03:53:36
[2022-12-16 20:37:42] Cycle 643: 2022-07-29 03:53:40
[2022-12-16 20:37:46] Cycle 644: 2022-07-29 03:53:44
[2022-12-16 20:37:50] Cycle 645: 2022-07-29 03:53:48
[2022-12-16 20:37:55] Word 1559311 (Frame index=15438 frame address=0x00440b1e word=73 mask=0x20000000)
[2022-12-16 20:37:55] Word 1559412 (Frame index=15439 frame address=0x00440b1f word=73 mask=0x20000000)
[2022-12-16 20:37:55] 2 bit errors
[2022-12-16 20:37:55] Cycle 646: 2022-07-29 03:53:52
[2022-12-16 20:37:59] Cycle 647: 2022-07-29 03:53:56
[2022-12-16 20:38:03] Cycle 648: 2022-07-29 03:54:01
[2022-12-16 20:38:07] Word 743638 (Frame index=7362 frame address=0x00400026 word=76 mask=0x00000002)
[2022-12-16 20:38:07] 1 bit errors
[2022-12-16 20:38:07] Cycle 649: 2022-07-29 03:54:05
[2022-12-16 20:38:11] Word 1195738 (Frame index=11838 frame address=0x00420c14 word=100 mask=0x00010000)
[2022-12-16 20:38:11] Word 1195839 (Frame index=11839 frame address=0x00420c15 word=100 mask=0x00008000)
[2022-12-16 20:38:11] 2 bit errors
[2022-12-16 20:38:11] Cycle 650: 2022-07-29 03:54:09
[2022-12-16 20:38:15] Word 1803201 (Frame index=17853 frame address=0x00442e21 word=48 mask=0x00000002)
[2022-12-16 20:38:15] 1 bit errors
[2022-12-16 20:38:15] Cycle 651: 2022-07-29 03:54:13
[2022-12-16 20:38:20] Word 795284 (Frame index=7874 frame address=0x004007a2 word=10 mask=0x00008000)
[2022-12-16 20:38:20] 1 bit errors
[2022-12-16 20:38:20] Cycle 652: 2022-07-29 03:54:17
[2022-12-16 20:38:24] Word 1320994 (Frame index=13079 frame address=0x00421e21 word=15 mask=0x00400000)
[2022-12-16 20:38:24] 1 bit errors
[2022-12-16 20:38:24] Cycle 653: 2022-07-29 03:54:21
[2022-12-16 20:38:28] Word 905873 (Frame index=8969 frame address=0x00401797 word=4 mask=0x00010000)
[2022-12-16 20:38:28] 1 bit errors
[2022-12-16 20:38:28] Cycle 654: 2022-07-29 03:54:26
[2022-12-16 20:38:32] Cycle 655: 2022-07-29 03:54:30
[2022-12-16 20:38:36] Cycle 656: 2022-07-29 03:54:34
[2022-12-16 20:38:40] Word 139032 (Frame index=1376 frame address=0x0000139a word=56 mask=0x00000020)
[2022-12-16 20:38:40] Word 989893 (Frame index=9800 frame address=0x00402408 word=93 mask=0x01000000)
[2022-12-16 20:38:40] 2 bit errors
[2022-12-16 20:38:40] Cycle 657: 2022-07-29 03:54:38
[2022-12-16 20:38:45] Cycle 658: 2022-07-29 03:54:42
[2022-12-16 20:38:49] Word 1293474 (Frame index=12806 frame address=0x00421a22 word=68 mask=0x1c000000)
[2022-12-16 20:38:49] Word 1293575 (Frame index=12807 frame address=0x00421a23 word=68 mask=0x0e000000)
[2022-12-16 20:38:49] 6 bit errors
[2022-12-16 20:38:49] Cycle 659: 2022-07-29 03:54:46
[2022-12-16 20:38:53] Cycle 660: 2022-07-29 03:54:51
[2022-12-16 20:38:57] Word 327461 (Frame index=3242 frame address=0x00002ea2 word=19 mask=0x00400000)
[2022-12-16 20:38:57] Word 327562 (Frame index=3243 frame address=0x00002ea3 word=19 mask=0x00800000)
[2022-12-16 20:38:57] Word 714555 (Frame index=7074 frame address=0x00023120 word=81 mask=0x00000004)
[2022-12-16 20:38:57] 3 bit errors
[2022-12-16 20:38:57] Cycle 661: 2022-07-29 03:54:55
[2022-12-16 20:39:01] Cycle 662: 2022-07-29 03:54:59
[2022-12-16 20:39:05] Word 1013701 (Frame index=10036 frame address=0x0040271c word=65 mask=0x00100000)
[2022-12-16 20:39:05] Word 1013802 (Frame index=10037 frame address=0x0040271d word=65 mask=0x00080000)
[2022-12-16 20:39:05] 2 bit errors
[2022-12-16 20:39:05] Cycle 663: 2022-07-29 03:55:03
[2022-12-16 20:39:10] Cycle 664: 2022-07-29 03:55:07
[2022-12-16 20:39:14] Word 266038 (Frame index=2634 frame address=0x00002616 word=4 mask=0x01000000)
[2022-12-16 20:39:14] 1 bit errors
[2022-12-16 20:39:14] Cycle 665: 2022-07-29 03:55:11
[2022-12-16 20:39:18] Word 324982 (Frame index=3217 frame address=0x00002e89 word=65 mask=0x00000200)
[2022-12-16 20:39:18] Word 1084650 (Frame index=10739 frame address=0x00403123 word=11 mask=0x00000008)
[2022-12-16 20:39:18] 2 bit errors
[2022-12-16 20:39:18] Cycle 666: 2022-07-29 03:55:16
[2022-12-16 20:39:22] Word 166841 (Frame index=1651 frame address=0x0000179d word=90 mask=0x20000000)
[2022-12-16 20:39:22] Word 397374 (Frame index=3934 frame address=0x0002039c word=40 mask=0x02000000)
[2022-12-16 20:39:22] Word 397475 (Frame index=3935 frame address=0x0002039d word=40 mask=0x01000000)
[2022-12-16 20:39:22] Word 1056955 (Frame index=10464 frame address=0x00402d20 word=91 mask=0x20000000)
[2022-12-16 20:39:22] 4 bit errors
[2022-12-16 20:39:22] Cycle 667: 2022-07-29 03:55:20
[2022-12-16 20:39:26] Word 1083958 (Frame index=10732 frame address=0x0040311c word=26 mask=0x00080000)
[2022-12-16 20:39:26] 1 bit errors
[2022-12-16 20:39:26] Cycle 668: 2022-07-29 03:55:24
[2022-12-16 20:39:30] Cycle 669: 2022-07-29 03:55:28
[2022-12-16 20:39:35] Cycle 670: 2022-07-29 03:55:32
[2022-12-16 20:39:39] Word 277545 (Frame index=2747 frame address=0x0000279b word=98 mask=0x00002000)
[2022-12-16 20:39:39] 1 bit errors
[2022-12-16 20:39:39] Cycle 671: 2022-07-29 03:55:36
[2022-12-16 20:39:43] Word 773677 (Frame index=7660 frame address=0x00400494 word=17 mask=0x00000080)
[2022-12-16 20:39:43] Word 1452070 (Frame index=14376 frame address=0x0042310a word=94 mask=0x02000000)
[2022-12-16 20:39:43] Word 1452171 (Frame index=14377 frame address=0x0042310b word=94 mask=0x01000000)
[2022-12-16 20:39:43] 3 bit errors
[2022-12-16 20:39:43] Cycle 672: 2022-07-29 03:55:41
[2022-12-16 20:39:47] Word 149973 (Frame index=1484 frame address=0x00001522 word=89 mask=0x00000200)
[2022-12-16 20:39:47] Word 1587115 (Frame index=15714 frame address=0x00440f20 word=1 mask=0x01000000)
[2022-12-16 20:39:47] 2 bit errors
[2022-12-16 20:39:47] Cycle 673: 2022-07-29 03:55:45
[2022-12-16 20:39:51] Cycle 674: 2022-07-29 03:55:49
[2022-12-16 20:39:55] Cycle 675: 2022-07-29 03:55:53
[2022-12-16 20:40:00] Word 984800 (Frame index=9750 frame address=0x0040231e word=50 mask=0x00000002)
[2022-12-16 20:40:00] Word 984901 (Frame index=9751 frame address=0x0040231f word=50 mask=0x00000001)
[2022-12-16 20:40:00] 2 bit errors
[2022-12-16 20:40:00] Cycle 676: 2022-07-29 03:55:57
[2022-12-16 20:40:04] Word 1474923 (Frame index=14603 frame address=0x0042341d word=20 mask=0x00040000)
[2022-12-16 20:40:04] Word 1584132 (Frame index=15684 frame address=0x00440f02 word=48 mask=0x04000000)
[2022-12-16 20:40:04] Word 1584233 (Frame index=15685 frame address=0x00440f03 word=48 mask=0x02000000)
[2022-12-16 20:40:04] 3 bit errors
[2022-12-16 20:40:04] Cycle 677: 2022-07-29 03:56:01
[2022-12-16 20:40:08] Word 1402088 (Frame index=13882 frame address=0x004229a0 word=6 mask=0x00000080)
[2022-12-16 20:40:08] Word 1402189 (Frame index=13883 frame address=0x004229a1 word=6 mask=0x00000100)
[2022-12-16 20:40:08] 2 bit errors
[2022-12-16 20:40:08] Cycle 678: 2022-07-29 03:56:06
[2022-12-16 20:40:12] Word 667138 (Frame index=6605 frame address=0x00022a87 word=33 mask=0x00020000)
[2022-12-16 20:40:12] 1 bit errors
[2022-12-16 20:40:12] Cycle 679: 2022-07-29 03:56:10
[2022-12-16 20:40:16] Cycle 680: 2022-07-29 03:56:14
[2022-12-16 20:40:20] Cycle 681: 2022-07-29 03:56:18
[2022-12-16 20:40:25] Cycle 682: 2022-07-29 03:56:22
[2022-12-16 20:40:29] Word 484437 (Frame index=4796 frame address=0x00021080 word=41 mask=0x00000002)
[2022-12-16 20:40:29] Word 484538 (Frame index=4797 frame address=0x00021081 word=41 mask=0x00000001)
[2022-12-16 20:40:29] 2 bit errors
[2022-12-16 20:40:29] Cycle 683: 2022-07-29 03:56:26
[2022-12-16 20:40:33] Word 740917 (Frame index=7335 frame address=0x0040000b word=82 mask=0x00000004)
[2022-12-16 20:40:33] 1 bit errors
[2022-12-16 20:40:33] Cycle 684: 2022-07-29 03:56:30
[2022-12-16 20:40:37] Word 125465 (Frame index=1242 frame address=0x00001200 word=23 mask=0x00000020)
[2022-12-16 20:40:37] Word 125566 (Frame index=1243 frame address=0x00001201 word=23 mask=0x00000010)
[2022-12-16 20:40:37] Word 125667 (Frame index=1244 frame address=0x00001202 word=23 mask=0x00000010)
[2022-12-16 20:40:37] Word 125768 (Frame index=1245 frame address=0x00001203 word=23 mask=0x00000008)
[2022-12-16 20:40:37] Word 738395 (Frame index=7310 frame address=0x0002349e word=85 mask=0x07000000)
[2022-12-16 20:40:37] Word 738496 (Frame index=7311 frame address=0x0002349f word=85 mask=0x03800000)
[2022-12-16 20:40:37] 10 bit errors
[2022-12-16 20:40:37] Cycle 685: 2022-07-29 03:56:35
[2022-12-16 20:40:41] Word 662669 (Frame index=6561 frame address=0x000229a3 word=8 mask=0x00200000)
[2022-12-16 20:40:41] Word 1535125 (Frame index=15199 frame address=0x004407a3 word=26 mask=0x10000000)
[2022-12-16 20:40:41] 2 bit errors
[2022-12-16 20:40:41] Cycle 686: 2022-07-29 03:56:39
[2022-12-16 20:40:45] Word 1557347 (Frame index=15419 frame address=0x00440b0b word=28 mask=0x00000001)
[2022-12-16 20:40:45] 1 bit errors
[2022-12-16 20:40:45] Cycle 687: 2022-07-29 03:56:43
[2022-12-16 20:40:49] Cycle 688: 2022-07-29 03:56:47
[2022-12-16 20:40:54] Word 663090 (Frame index=6565 frame address=0x00022a03 word=25 mask=0x00400000)
[2022-12-16 20:40:54] 1 bit errors
[2022-12-16 20:40:54] Cycle 689: 2022-07-29 03:56:51
[2022-12-16 20:40:58] Cycle 690: 2022-07-29 03:56:55
[2022-12-16 20:41:02] Cycle 691: 2022-07-29 03:57:00
[2022-12-16 20:41:06] Cycle 692: 2022-07-29 03:57:04
[2022-12-16 20:41:10] Cycle 693: 2022-07-29 03:57:08
[2022-12-16 20:41:14] Word 1257402 (Frame index=12449 frame address=0x0042150d word=53 mask=0x00000200)
[2022-12-16 20:41:14] 1 bit errors
[2022-12-16 20:41:14] Cycle 694: 2022-07-29 03:57:12
[2022-12-16 20:41:19] Word 1142267 (Frame index=11309 frame address=0x00420487 word=58 mask=0x00010000)
[2022-12-16 20:41:19] 1 bit errors
[2022-12-16 20:41:19] Cycle 695: 2022-07-29 03:57:16
[2022-12-16 20:41:23] Cycle 696: 2022-07-29 03:57:20
[2022-12-16 20:41:27] Cycle 697: 2022-07-29 03:57:25
[2022-12-16 20:41:31] Cycle 698: 2022-07-29 03:57:29
[2022-12-16 20:41:35] Word 124620 (Frame index=1233 frame address=0x0000119b word=87 mask=0x00000008)
[2022-12-16 20:41:35] Word 1041349 (Frame index=10310 frame address=0x00402b0e word=39 mask=0x00400000)
[2022-12-16 20:41:35] 2 bit errors
[2022-12-16 20:41:35] Cycle 699: 2022-07-29 03:57:33
[2022-12-16 20:41:39] Cycle 700: 2022-07-29 03:57:37
[2022-12-16 20:41:44] Cycle 701: 2022-07-29 03:57:41
[2022-12-16 20:41:48] Word 149763 (Frame index=1482 frame address=0x00001520 word=81 mask=0x00000004)
[2022-12-16 20:41:48] Word 1053529 (Frame index=10430 frame address=0x00402ca2 word=99 mask=0x00000200)
[2022-12-16 20:41:48] Word 1800708 (Frame index=17828 frame address=0x00442e08 word=80 mask=0x00000040)
[2022-12-16 20:41:48] Word 1800809 (Frame index=17829 frame address=0x00442e09 word=80 mask=0x00000020)
[2022-12-16 20:41:48] 4 bit errors
[2022-12-16 20:41:48] Cycle 702: 2022-07-29 03:57:45
[2022-12-16 20:41:52] Word 377178 (Frame index=3734 frame address=0x00020100 word=44 mask=0x40000000)
[2022-12-16 20:41:52] Word 681156 (Frame index=6744 frame address=0x00022c8a word=12 mask=0x00010000)
[2022-12-16 20:41:52] 2 bit errors
[2022-12-16 20:41:52] Cycle 703: 2022-07-29 03:57:50
[2022-12-16 20:41:56] Word 231631 (Frame index=2293 frame address=0x00002119 word=38 mask=0x00020000)
[2022-12-16 20:41:56] 1 bit errors
[2022-12-16 20:41:56] Cycle 704: 2022-07-29 03:57:54
[2022-12-16 20:42:00] Word 1000178 (Frame index=9902 frame address=0x00402582 word=76 mask=0x00000400)
[2022-12-16 20:42:00] Word 1000279 (Frame index=9903 frame address=0x00402583 word=76 mask=0x00000200)
[2022-12-16 20:42:00] Word 1768685 (Frame index=17511 frame address=0x00442923 word=74 mask=0x00008000)
[2022-12-16 20:42:00] 3 bit errors
[2022-12-16 20:42:00] Cycle 705: 2022-07-29 03:57:58
[2022-12-16 20:42:04] Cycle 706: 2022-07-29 03:58:02
[2022-12-16 20:42:09] Word 637010 (Frame index=6307 frame address=0x00022621 word=3 mask=0x00080000)
[2022-12-16 20:42:09] Word 1123122 (Frame index=11120 frame address=0x0042019a word=2 mask=0x00000040)
[2022-12-16 20:42:09] 2 bit errors
[2022-12-16 20:42:09] Cycle 707: 2022-07-29 03:58:06
[2022-12-16 20:42:13] Word 1213628 (Frame index=12016 frame address=0x00420ea0 word=12 mask=0x00000002)
[2022-12-16 20:42:13] 1 bit errors
[2022-12-16 20:42:13] Cycle 708: 2022-07-29 03:58:10
[2022-12-16 20:42:17] Word 58024 (Frame index=574 frame address=0x00000816 word=50 mask=0x00000002)
[2022-12-16 20:42:17] Word 58125 (Frame index=575 frame address=0x00000817 word=50 mask=0x00000001)
[2022-12-16 20:42:17] 2 bit errors
[2022-12-16 20:42:17] Cycle 709: 2022-07-29 03:58:15
[2022-12-16 20:42:21] Cycle 710: 2022-07-29 03:58:19
[2022-12-16 20:42:25] Cycle 711: 2022-07-29 03:58:23
[2022-12-16 20:42:29] Word 686292 (Frame index=6794 frame address=0x00022d18 word=98 mask=0x20000000)
[2022-12-16 20:42:29] Word 1513043 (Frame index=14980 frame address=0x00440490 word=63 mask=0x00000400)
[2022-12-16 20:42:29] 2 bit errors
[2022-12-16 20:42:29] Cycle 712: 2022-07-29 03:58:27
[2022-12-16 20:42:34] Word 317393 (Frame index=3142 frame address=0x00002d22 word=51 mask=0x00000040)
[2022-12-16 20:42:34] 1 bit errors
[2022-12-16 20:42:34] Cycle 713: 2022-07-29 03:58:31
[2022-12-16 20:42:38] Word 1753243 (Frame index=17358 frame address=0x0044271a word=85 mask=0x00040000)
[2022-12-16 20:42:38] 1 bit errors
[2022-12-16 20:42:38] Cycle 714: 2022-07-29 03:58:35
[2022-12-16 20:42:42] Cycle 715: 2022-07-29 03:58:40
[2022-12-16 20:42:46] Word 908498 (Frame index=8995 frame address=0x0040180d word=3 mask=0x00080000)
[2022-12-16 20:42:46] Word 948654 (Frame index=9392 frame address=0x00401e08 word=62 mask=0x00020000)
[2022-12-16 20:42:46] 2 bit errors
[2022-12-16 20:42:46] Cycle 716: 2022-07-29 03:58:44
[2022-12-16 20:42:50] Cycle 717: 2022-07-29 03:58:48
[2022-12-16 20:42:54] Cycle 718: 2022-07-29 03:58:52
[2022-12-16 20:42:59] Word 320386 (Frame index=3172 frame address=0x00002e00 word=14 mask=0x80000000)
[2022-12-16 20:42:59] 1 bit errors
[2022-12-16 20:42:59] Cycle 719: 2022-07-29 03:58:56
[2022-12-16 20:43:03] Word 323059 (Frame index=3198 frame address=0x00002e1a word=61 mask=0x00100000)
[2022-12-16 20:43:03] Word 1338283 (Frame index=13250 frame address=0x004220a0 word=33 mask=0x40000000)
[2022-12-16 20:43:03] Word 1338384 (Frame index=13251 frame address=0x004220a1 word=33 mask=0x80000000)
[2022-12-16 20:43:03] 3 bit errors
[2022-12-16 20:43:03] Cycle 720: 2022-07-29 03:59:00
[2022-12-16 20:43:07] Word 18709 (Frame index=185 frame address=0x00000285 word=24 mask=0x00001000)
[2022-12-16 20:43:07] Word 745434 (Frame index=7380 frame address=0x0040008e word=54 mask=0x80000000)
[2022-12-16 20:43:07] Word 1796883 (Frame index=17790 frame address=0x00442d22 word=93 mask=0x00000800)
[2022-12-16 20:43:07] 3 bit errors
[2022-12-16 20:43:07] Cycle 721: 2022-07-29 03:59:05
[2022-12-16 20:43:11] Cycle 722: 2022-07-29 03:59:09
[2022-12-16 20:43:15] Cycle 723: 2022-07-29 03:59:13
[2022-12-16 20:43:19] Cycle 724: 2022-07-29 03:59:17
[2022-12-16 20:43:24] Word 1174002 (Frame index=11623 frame address=0x00420915 word=79 mask=0x80000000)
[2022-12-16 20:43:24] Word 1521328 (Frame index=15062 frame address=0x004405a2 word=66 mask=0x01000000)
[2022-12-16 20:43:24] Word 1521429 (Frame index=15063 frame address=0x004405a3 word=66 mask=0x02000000)
[2022-12-16 20:43:24] 3 bit errors
[2022-12-16 20:43:24] Cycle 725: 2022-07-29 03:59:21
[2022-12-16 20:43:28] Cycle 726: 2022-07-29 03:59:25
[2022-12-16 20:43:32] Cycle 727: 2022-07-29 03:59:30
[2022-12-16 20:43:36] Word 141164 (Frame index=1397 frame address=0x0000140b word=67 mask=0x02000000)
[2022-12-16 20:43:36] 1 bit errors
[2022-12-16 20:43:36] Cycle 728: 2022-07-29 03:59:34
[2022-12-16 20:43:40] Word 1824228 (Frame index=18061 frame address=0x00443121 word=67 mask=0x00400000)
[2022-12-16 20:43:40] 1 bit errors
[2022-12-16 20:43:40] Cycle 729: 2022-07-29 03:59:38
[2022-12-16 20:43:44] Word 1408273 (Frame index=13943 frame address=0x00422a95 word=30 mask=0x00010000)
[2022-12-16 20:43:44] 1 bit errors
[2022-12-16 20:43:44] Cycle 730: 2022-07-29 03:59:42
[2022-12-16 20:43:49] Word 96008 (Frame index=950 frame address=0x00000d90 word=58 mask=0x02000000)
[2022-12-16 20:43:49] Word 96109 (Frame index=951 frame address=0x00000d91 word=58 mask=0x01000000)
[2022-12-16 20:43:49] Word 1440309 (Frame index=14260 frame address=0x00422f1e word=49 mask=0x80000000)
[2022-12-16 20:43:49] Word 1471229 (Frame index=14566 frame address=0x0042339c word=63 mask=0x10000000)
[2022-12-16 20:43:49] Word 1471330 (Frame index=14567 frame address=0x0042339d word=63 mask=0x08000000)
[2022-12-16 20:43:49] 5 bit errors
[2022-12-16 20:43:49] Cycle 731: 2022-07-29 03:59:46
[2022-12-16 20:43:53] Cycle 732: 2022-07-29 03:59:50
[2022-12-16 20:43:57] Word 1503326 (Frame index=14884 frame address=0x00440314 word=42 mask=0x00000020)
[2022-12-16 20:43:57] Word 1503427 (Frame index=14885 frame address=0x00440315 word=42 mask=0x00000010)
[2022-12-16 20:43:57] 2 bit errors
[2022-12-16 20:43:57] Cycle 733: 2022-07-29 03:59:54
[2022-12-16 20:44:01] Cycle 734: 2022-07-29 03:59:59
[2022-12-16 20:44:05] Cycle 735: 2022-07-29 04:00:03
[2022-12-16 20:44:09] Word 632293 (Frame index=6260 frame address=0x00022596 word=33 mask=0x08000000)
[2022-12-16 20:44:09] 1 bit errors
[2022-12-16 20:44:09] Cycle 736: 2022-07-29 04:00:07
[2022-12-16 20:44:14] Cycle 737: 2022-07-29 04:00:11
[2022-12-16 20:44:18] Cycle 738: 2022-07-29 04:00:15
[2022-12-16 20:44:22] Cycle 739: 2022-07-29 04:00:19
[2022-12-16 20:44:26] Cycle 740: 2022-07-29 04:00:24
[2022-12-16 20:44:30] Word 354903 (Frame index=3513 frame address=0x000032a1 word=90 mask=0x00004000)
[2022-12-16 20:44:30] Word 1541898 (Frame index=15266 frame address=0x00440902 word=32 mask=0x00004000)
[2022-12-16 20:44:30] Word 1541999 (Frame index=15267 frame address=0x00440903 word=32 mask=0x00002000)
[2022-12-16 20:44:30] 3 bit errors
[2022-12-16 20:44:30] Cycle 741: 2022-07-29 04:00:28
[2022-12-16 20:44:34] Word 1848830 (Frame index=18305 frame address=0x004434a7 word=25 mask=0x40000000)
[2022-12-16 20:44:34] 1 bit errors
[2022-12-16 20:44:34] Cycle 742: 2022-07-29 04:00:32
[2022-12-16 20:44:39] Cycle 743: 2022-07-29 04:00:36
[2022-12-16 20:44:43] Word 1307233 (Frame index=12942 frame address=0x00421c20 word=91 mask=0x10000000)
[2022-12-16 20:44:43] Word 1307334 (Frame index=12943 frame address=0x00421c21 word=91 mask=0x20000000)
[2022-12-16 20:44:43] 2 bit errors
[2022-12-16 20:44:43] Cycle 744: 2022-07-29 04:00:40
[2022-12-16 20:44:47] Cycle 745: 2022-07-29 04:00:44
[2022-12-16 20:44:51] Cycle 746: 2022-07-29 04:00:49
[2022-12-16 20:44:55] Cycle 747: 2022-07-29 04:00:53
[2022-12-16 20:44:59] Word 690305 (Frame index=6834 frame address=0x00022e00 word=71 mask=0x00000010)
[2022-12-16 20:44:59] Word 1424677 (Frame index=14105 frame address=0x00422d0b word=72 mask=0x02000000)
[2022-12-16 20:44:59] 2 bit errors
[2022-12-16 20:44:59] Cycle 748: 2022-07-29 04:00:57
[2022-12-16 20:45:04] Word 1412708 (Frame index=13987 frame address=0x00422b1d word=21 mask=0x00000008)
[2022-12-16 20:45:04] 1 bit errors
[2022-12-16 20:45:04] Cycle 749: 2022-07-29 04:01:01
[2022-12-16 20:45:08] Word 1112817 (Frame index=11017 frame address=0x0042001f word=100 mask=0x00000020)
[2022-12-16 20:45:08] 1 bit errors
[2022-12-16 20:45:08] Cycle 750: 2022-07-29 04:01:05
[2022-12-16 20:45:12] Word 1362212 (Frame index=13487 frame address=0x00422421 word=25 mask=0x00000040)
[2022-12-16 20:45:12] 1 bit errors
[2022-12-16 20:45:12] Cycle 751: 2022-07-29 04:01:09
[2022-12-16 20:45:16] Cycle 752: 2022-07-29 04:01:14
[2022-12-16 20:45:20] Word 229190 (Frame index=2269 frame address=0x00002101 word=21 mask=0x00020000)
[2022-12-16 20:45:20] 1 bit errors
[2022-12-16 20:45:20] Cycle 753: 2022-07-29 04:01:18
[2022-12-16 20:45:24] Word 332852 (Frame index=3295 frame address=0x00002f8f word=57 mask=0x00001000)
[2022-12-16 20:45:24] 1 bit errors
[2022-12-16 20:45:24] Cycle 754: 2022-07-29 04:01:22
[2022-12-16 20:45:28] Word 669401 (Frame index=6627 frame address=0x00022a9d word=74 mask=0x00400000)
[2022-12-16 20:45:28] 1 bit errors
[2022-12-16 20:45:28] Cycle 755: 2022-07-29 04:01:26
[2022-12-16 20:45:33] Word 406917 (Frame index=4028 frame address=0x00020516 word=89 mask=0x00000008)
[2022-12-16 20:45:33] 1 bit errors
[2022-12-16 20:45:33] Cycle 756: 2022-07-29 04:01:30
[2022-12-16 20:45:37] Word 481264 (Frame index=4764 frame address=0x00021004 word=100 mask=0x00000200)
[2022-12-16 20:45:37] Word 481365 (Frame index=4765 frame address=0x00021005 word=100 mask=0x00000100)
[2022-12-16 20:45:37] 2 bit errors
[2022-12-16 20:45:37] Cycle 757: 2022-07-29 04:01:34
[2022-12-16 20:45:41] Cycle 758: 2022-07-29 04:01:39
[2022-12-16 20:45:45] Cycle 759: 2022-07-29 04:01:43
[2022-12-16 20:45:49] Cycle 760: 2022-07-29 04:01:47
[2022-12-16 20:45:53] Cycle 761: 2022-07-29 04:01:51
[2022-12-16 20:45:58] Cycle 762: 2022-07-29 04:01:55
[2022-12-16 20:46:02] Cycle 763: 2022-07-29 04:01:59
[2022-12-16 20:46:06] Word 51614 (Frame index=511 frame address=0x00000717 word=3 mask=0x00040000)
[2022-12-16 20:46:06] 1 bit errors
[2022-12-16 20:46:06] Cycle 764: 2022-07-29 04:02:04
[2022-12-16 20:46:10] Cycle 765: 2022-07-29 04:02:08
[2022-12-16 20:46:14] Word 1593857 (Frame index=15780 frame address=0x00441022 word=77 mask=0x00000040)
[2022-12-16 20:46:14] 1 bit errors
[2022-12-16 20:46:14] Cycle 766: 2022-07-29 04:02:12
[2022-12-16 20:46:18] Cycle 767: 2022-07-29 04:02:16
[2022-12-16 20:46:23] Word 643848 (Frame index=6374 frame address=0x0002271c word=74 mask=0x00000002)
[2022-12-16 20:46:23] Word 643949 (Frame index=6375 frame address=0x0002271d word=74 mask=0x00000001)
[2022-12-16 20:46:23] Word 1481556 (Frame index=14668 frame address=0x00440014 word=88 mask=0x00000040)
[2022-12-16 20:46:23] 3 bit errors
[2022-12-16 20:46:23] Cycle 768: 2022-07-29 04:02:20
[2022-12-16 20:46:27] Cycle 769: 2022-07-29 04:02:24
[2022-12-16 20:46:31] Word 167090 (Frame index=1654 frame address=0x000017a0 word=36 mask=0x40000000)
[2022-12-16 20:46:31] Word 721236 (Frame index=7140 frame address=0x00023222 word=96 mask=0x06000000)
[2022-12-16 20:46:31] Word 721337 (Frame index=7141 frame address=0x00023223 word=96 mask=0x03000000)
[2022-12-16 20:46:31] 5 bit errors
[2022-12-16 20:46:31] Cycle 770: 2022-07-29 04:02:29
[2022-12-16 20:46:35] Cycle 771: 2022-07-29 04:02:33
[2022-12-16 20:46:39] Cycle 772: 2022-07-29 04:02:37
[2022-12-16 20:46:43] Word 364047 (Frame index=3604 frame address=0x00003410 word=43 mask=0x04000000)
[2022-12-16 20:46:43] Word 1210236 (Frame index=11982 frame address=0x00420e1a word=54 mask=0x00040000)
[2022-12-16 20:46:43] Word 1793090 (Frame index=17753 frame address=0x00442ca1 word=37 mask=0x00004000)
[2022-12-16 20:46:43] 3 bit errors
[2022-12-16 20:46:43] Cycle 773: 2022-07-29 04:02:41
[2022-12-16 20:46:48] Cycle 774: 2022-07-29 04:02:45
[2022-12-16 20:46:52] Word 887318 (Frame index=8785 frame address=0x0040150b word=33 mask=0x00000040)
[2022-12-16 20:46:52] 1 bit errors
[2022-12-16 20:46:52] Cycle 775: 2022-07-29 04:02:49
[2022-12-16 20:46:56] Word 985241 (Frame index=9754 frame address=0x00402322 word=87 mask=0x10000000)
[2022-12-16 20:46:56] 1 bit errors
[2022-12-16 20:46:56] Cycle 776: 2022-07-29 04:02:53
[2022-12-16 20:47:00] Cycle 777: 2022-07-29 04:02:58
[2022-12-16 20:47:04] Word 251079 (Frame index=2485 frame address=0x00002411 word=94 mask=0x00002000)
[2022-12-16 20:47:04] Word 1112224 (Frame index=11012 frame address=0x0042001a word=12 mask=0x00000080)
[2022-12-16 20:47:04] Word 1112325 (Frame index=11013 frame address=0x0042001b word=12 mask=0x00000040)
[2022-12-16 20:47:04] 3 bit errors
[2022-12-16 20:47:04] Cycle 778: 2022-07-29 04:03:02
[2022-12-16 20:47:08] Cycle 779: 2022-07-29 04:03:06
[2022-12-16 20:47:13] Cycle 780: 2022-07-29 04:03:10
[2022-12-16 20:47:17] Cycle 781: 2022-07-29 04:03:14
[2022-12-16 20:47:21] Word 909274 (Frame index=9002 frame address=0x00401814 word=72 mask=0x01000000)
[2022-12-16 20:47:21] Word 1310886 (Frame index=12979 frame address=0x00421ca1 word=7 mask=0x02000000)
[2022-12-16 20:47:21] 2 bit errors
[2022-12-16 20:47:21] Cycle 782: 2022-07-29 04:03:18
[2022-12-16 20:47:25] Word 85447 (Frame index=846 frame address=0x00000c0e word=1 mask=0x40000000)
[2022-12-16 20:47:25] Word 85548 (Frame index=847 frame address=0x00000c0f word=1 mask=0x20000000)
[2022-12-16 20:47:25] 2 bit errors
[2022-12-16 20:47:25] Cycle 783: 2022-07-29 04:03:23
[2022-12-16 20:47:29] Word 1435531 (Frame index=14213 frame address=0x00422e93 word=18 mask=0x00000002)
[2022-12-16 20:47:29] 1 bit errors
[2022-12-16 20:47:29] Cycle 784: 2022-07-29 04:03:27
[2022-12-16 20:47:33] Word 24540 (Frame index=242 frame address=0x0000031a word=98 mask=0x00000008)
[2022-12-16 20:47:33] Word 332894 (Frame index=3295 frame address=0x00002f8f word=99 mask=0x80000000)
[2022-12-16 20:47:33] 2 bit errors
[2022-12-16 20:47:33] Cycle 785: 2022-07-29 04:03:31
[2022-12-16 20:47:38] Cycle 786: 2022-07-29 04:03:35
[2022-12-16 20:47:42] Cycle 787: 2022-07-29 04:03:39
[2022-12-16 20:47:46] Word 1835386 (Frame index=18172 frame address=0x00443308 word=14 mask=0x00080000)
[2022-12-16 20:47:46] 1 bit errors
[2022-12-16 20:47:46] Cycle 788: 2022-07-29 04:03:43
[2022-12-16 20:47:50] Cycle 789: 2022-07-29 04:03:48
[2022-12-16 20:47:54] Cycle 790: 2022-07-29 04:03:52
[2022-12-16 20:47:58] Word 869753 (Frame index=8611 frame address=0x00401289 word=42 mask=0x04000000)
[2022-12-16 20:47:58] 1 bit errors
[2022-12-16 20:47:58] Cycle 791: 2022-07-29 04:03:56
[2022-12-16 20:48:03] Cycle 792: 2022-07-29 04:04:00
[2022-12-16 20:48:07] Cycle 793: 2022-07-29 04:04:04
[2022-12-16 20:48:11] Cycle 794: 2022-07-29 04:04:08
[2022-12-16 20:48:15] Word 782679 (Frame index=7749 frame address=0x00400609 word=30 mask=0x00000100)
[2022-12-16 20:48:15] Word 1430398 (Frame index=14162 frame address=0x00422e04 word=36 mask=0x20000000)
[2022-12-16 20:48:15] Word 1430499 (Frame index=14163 frame address=0x00422e05 word=36 mask=0x10000000)
[2022-12-16 20:48:15] 3 bit errors
[2022-12-16 20:48:15] Cycle 795: 2022-07-29 04:04:13
[2022-12-16 20:48:19] Cycle 796: 2022-07-29 04:04:17
[2022-12-16 20:48:23] Cycle 797: 2022-07-29 04:04:21
[2022-12-16 20:48:28] Word 252600 (Frame index=2500 frame address=0x00002420 word=100 mask=0x00180000)
[2022-12-16 20:48:28] Word 1118693 (Frame index=11076 frame address=0x00420112 word=17 mask=0x00000001)
[2022-12-16 20:48:28] 3 bit errors
[2022-12-16 20:48:28] Cycle 798: 2022-07-29 04:04:25
[2022-12-16 20:48:32] Cycle 799: 2022-07-29 04:04:29
[2022-12-16 20:48:36] Word 37618 (Frame index=372 frame address=0x0000051c word=46 mask=0x00000080)
[2022-12-16 20:48:36] Word 37719 (Frame index=373 frame address=0x0000051d word=46 mask=0x00000040)
[2022-12-16 20:48:36] Word 1208570 (Frame index=11966 frame address=0x00420e0a word=4 mask=0x00000010)
[2022-12-16 20:48:36] Word 1208671 (Frame index=11967 frame address=0x00420e0b word=4 mask=0x00000008)
[2022-12-16 20:48:36] 4 bit errors
[2022-12-16 20:48:36] Cycle 800: 2022-07-29 04:04:33
[2022-12-16 20:48:40] Word 1511753 (Frame index=14967 frame address=0x00440483 word=86 mask=0x00001000)
[2022-12-16 20:48:40] 1 bit errors
[2022-12-16 20:48:40] Cycle 801: 2022-07-29 04:04:38
[2022-12-16 20:48:44] Cycle 802: 2022-07-29 04:04:42
[2022-12-16 20:48:48] Word 1397739 (Frame index=13839 frame address=0x00422919 word=0 mask=0x00080000)
[2022-12-16 20:48:48] 1 bit errors
[2022-12-16 20:48:48] Cycle 803: 2022-07-29 04:04:46
[2022-12-16 20:48:52] Cycle 804: 2022-07-29 04:04:50
[2022-12-16 20:48:57] Word 1039783 (Frame index=10294 frame address=0x00402aa2 word=89 mask=0x00000001)
[2022-12-16 20:48:57] Word 1591721 (Frame index=15759 frame address=0x0044100d word=62 mask=0x00000020)
[2022-12-16 20:48:57] 2 bit errors
[2022-12-16 20:48:57] Cycle 805: 2022-07-29 04:04:54
[2022-12-16 20:49:01] Word 781833 (Frame index=7740 frame address=0x00400600 word=93 mask=0x00000100)
[2022-12-16 20:49:01] 1 bit errors
[2022-12-16 20:49:01] Cycle 806: 2022-07-29 04:04:58
[2022-12-16 20:49:05] Word 255541 (Frame index=2530 frame address=0x0000249a word=11 mask=0x00100000)
[2022-12-16 20:49:05] Word 255642 (Frame index=2531 frame address=0x0000249b word=11 mask=0x00300000)
[2022-12-16 20:49:05] 3 bit errors
[2022-12-16 20:49:05] Cycle 807: 2022-07-29 04:05:03
[2022-12-16 20:49:09] Cycle 808: 2022-07-29 04:05:07
[2022-12-16 20:49:13] Cycle 809: 2022-07-29 04:05:11
[2022-12-16 20:49:17] Cycle 810: 2022-07-29 04:05:15
[2022-12-16 20:49:22] Cycle 811: 2022-07-29 04:05:19
[2022-12-16 20:49:26] Word 239873 (Frame index=2374 frame address=0x00002286 word=99 mask=0x00000040)
[2022-12-16 20:49:26] Word 710875 (Frame index=7038 frame address=0x000230a0 word=37 mask=0x00000001)
[2022-12-16 20:49:26] Word 710976 (Frame index=7039 frame address=0x000230a1 word=37 mask=0x00000002)
[2022-12-16 20:49:26] 3 bit errors
[2022-12-16 20:49:26] Cycle 812: 2022-07-29 04:05:23
[2022-12-16 20:49:30] Word 490303 (Frame index=4854 frame address=0x00021116 word=49 mask=0x00800000)
[2022-12-16 20:49:30] Word 490404 (Frame index=4855 frame address=0x00021117 word=49 mask=0x00400000)
[2022-12-16 20:49:30] Word 1435841 (Frame index=14216 frame address=0x00422e96 word=25 mask=0x01000000)
[2022-12-16 20:49:30] 3 bit errors
[2022-12-16 20:49:30] Cycle 813: 2022-07-29 04:05:28
[2022-12-16 20:49:34] Cycle 814: 2022-07-29 04:05:32
[2022-12-16 20:49:38] Cycle 815: 2022-07-29 04:05:36
[2022-12-16 20:49:42] Word 197578 (Frame index=1956 frame address=0x00001c20 word=22 mask=0x00000002)
[2022-12-16 20:49:42] Word 1200032 (Frame index=11881 frame address=0x00420ca1 word=51 mask=0x00002000)
[2022-12-16 20:49:42] 2 bit errors
[2022-12-16 20:49:42] Cycle 816: 2022-07-29 04:05:40
[2022-12-16 20:49:47] Cycle 817: 2022-07-29 04:05:44
[2022-12-16 20:49:51] Word 404054 (Frame index=4000 frame address=0x00020496 word=54 mask=0x40000000)
[2022-12-16 20:49:51] 1 bit errors
[2022-12-16 20:49:51] Cycle 818: 2022-07-29 04:05:48
[2022-12-16 20:49:55] Word 1753975 (Frame index=17366 frame address=0x00442722 word=9 mask=0x20000000)
[2022-12-16 20:49:55] Word 1754076 (Frame index=17367 frame address=0x00442723 word=9 mask=0x40000000)
[2022-12-16 20:49:55] 2 bit errors
[2022-12-16 20:49:55] Cycle 819: 2022-07-29 04:05:52
[2022-12-16 20:49:59] Word 327118 (Frame index=3238 frame address=0x00002e9e word=80 mask=0x00000400)
[2022-12-16 20:49:59] Word 896035 (Frame index=8871 frame address=0x00401621 word=64 mask=0x00001000)
[2022-12-16 20:49:59] 2 bit errors
[2022-12-16 20:49:59] Cycle 820: 2022-07-29 04:05:57
[2022-12-16 20:50:03] Cycle 821: 2022-07-29 04:06:01
[2022-12-16 20:50:07] Cycle 822: 2022-07-29 04:06:05
[2022-12-16 20:50:12] Cycle 823: 2022-07-29 04:06:09
[2022-12-16 20:50:16] Cycle 824: 2022-07-29 04:06:13
[2022-12-16 20:50:20] Cycle 825: 2022-07-29 04:06:17
[2022-12-16 20:50:24] Cycle 826: 2022-07-29 04:06:22
[2022-12-16 20:50:28] Word 133362 (Frame index=1320 frame address=0x00001306 word=42 mask=0x02000000)
[2022-12-16 20:50:28] Word 133463 (Frame index=1321 frame address=0x00001307 word=42 mask=0x01000000)
[2022-12-16 20:50:28] 2 bit errors
[2022-12-16 20:50:28] Cycle 827: 2022-07-29 04:06:26
[2022-12-16 20:50:32] Cycle 828: 2022-07-29 04:06:30
[2022-12-16 20:50:37] Cycle 829: 2022-07-29 04:06:34
[2022-12-16 20:50:41] Word 654733 (Frame index=6482 frame address=0x0002289c word=51 mask=0x40000000)
[2022-12-16 20:50:41] Word 654834 (Frame index=6483 frame address=0x0002289d word=51 mask=0x20000000)
[2022-12-16 20:50:41] Word 1277034 (Frame index=12643 frame address=0x004217a3 word=91 mask=0x02000000)
[2022-12-16 20:50:41] 3 bit errors
[2022-12-16 20:50:41] Cycle 830: 2022-07-29 04:06:38
[2022-12-16 20:50:45] Cycle 831: 2022-07-29 04:06:42
[2022-12-16 20:50:49] Word 1495679 (Frame index=14808 frame address=0x00440210 word=71 mask=0x02000000)
[2022-12-16 20:50:49] 1 bit errors
[2022-12-16 20:50:49] Cycle 832: 2022-07-29 04:06:47
[2022-12-16 20:50:53] Word 1555707 (Frame index=15403 frame address=0x00440a9f word=4 mask=0x01000000)
[2022-12-16 20:50:53] 1 bit errors
[2022-12-16 20:50:53] Cycle 833: 2022-07-29 04:06:51
[2022-12-16 20:50:57] Word 278755 (Frame index=2759 frame address=0x00002803 word=96 mask=0x00000040)
[2022-12-16 20:50:57] Word 1295872 (Frame index=12830 frame address=0x00421a96 word=42 mask=0x00000020)
[2022-12-16 20:50:57] Word 1295973 (Frame index=12831 frame address=0x00421a97 word=42 mask=0x00000010)
[2022-12-16 20:50:57] 3 bit errors
[2022-12-16 20:50:57] Cycle 834: 2022-07-29 04:06:55
[2022-12-16 20:51:02] Word 201646 (Frame index=1996 frame address=0x00001d00 word=50 mask=0x00080000)
[2022-12-16 20:51:02] 1 bit errors
[2022-12-16 20:51:02] Cycle 835: 2022-07-29 04:06:59
[2022-12-16 20:51:06] Word 1229401 (Frame index=12172 frame address=0x00421110 word=29 mask=0x00000100)
[2022-12-16 20:51:06] Word 1826679 (Frame index=18085 frame address=0x00443195 word=94 mask=0x08000000)
[2022-12-16 20:51:06] 2 bit errors
[2022-12-16 20:51:06] Cycle 836: 2022-07-29 04:07:03
[2022-12-16 20:51:10] Word 1841656 (Frame index=18234 frame address=0x004433a2 word=22 mask=0x08000000)
[2022-12-16 20:51:10] 1 bit errors
[2022-12-16 20:51:10] Cycle 837: 2022-07-29 04:07:07
[2022-12-16 20:51:14] Cycle 838: 2022-07-29 04:07:12
[2022-12-16 20:51:18] Word 1070939 (Frame index=10603 frame address=0x00402f23 word=36 mask=0x00002000)
[2022-12-16 20:51:18] Word 1541210 (Frame index=15259 frame address=0x00440897 word=51 mask=0x00000200)
[2022-12-16 20:51:18] Word 1784005 (Frame index=17663 frame address=0x00442b87 word=42 mask=0x00000020)
[2022-12-16 20:51:18] 3 bit errors
[2022-12-16 20:51:18] Cycle 839: 2022-07-29 04:07:16
[2022-12-16 20:51:22] Cycle 840: 2022-07-29 04:07:20
[2022-12-16 20:51:27] Cycle 841: 2022-07-29 04:07:24
[2022-12-16 20:51:31] Word 1293446 (Frame index=12806 frame address=0x00421a22 word=40 mask=0x00600000)
[2022-12-16 20:51:31] Word 1293547 (Frame index=12807 frame address=0x00421a23 word=40 mask=0x00300000)
[2022-12-16 20:51:31] 4 bit errors
[2022-12-16 20:51:31] Cycle 842: 2022-07-29 04:07:28
[2022-12-16 20:51:35] Cycle 843: 2022-07-29 04:07:32
[2022-12-16 20:51:39] Word 421739 (Frame index=4175 frame address=0x00020719 word=64 mask=0x00001000)
[2022-12-16 20:51:39] Word 916574 (Frame index=9074 frame address=0x0040191c word=100 mask=0x00004000)
[2022-12-16 20:51:39] Word 916675 (Frame index=9075 frame address=0x0040191d word=100 mask=0x00002000)
[2022-12-16 20:51:39] Word 1424929 (Frame index=14108 frame address=0x00422d0e word=21 mask=0x00000010)
[2022-12-16 20:51:39] Word 1425030 (Frame index=14109 frame address=0x00422d0f word=21 mask=0x00000008)
[2022-12-16 20:51:39] 5 bit errors
[2022-12-16 20:51:39] Cycle 844: 2022-07-29 04:07:37
[2022-12-16 20:51:43] Cycle 845: 2022-07-29 04:07:41
[2022-12-16 20:51:47] Word 999504 (Frame index=9896 frame address=0x00402520 word=8 mask=0x00000800)
[2022-12-16 20:51:47] Word 999605 (Frame index=9897 frame address=0x00402521 word=8 mask=0x00001800)
[2022-12-16 20:51:47] 3 bit errors
[2022-12-16 20:51:47] Cycle 846: 2022-07-29 04:07:45
[2022-12-16 20:51:52] Word 1056941 (Frame index=10464 frame address=0x00402d20 word=77 mask=0x80000000)
[2022-12-16 20:51:52] Word 1063912 (Frame index=10533 frame address=0x00402e81 word=79 mask=0x01000000)
[2022-12-16 20:51:52] 2 bit errors
[2022-12-16 20:51:52] Cycle 847: 2022-07-29 04:07:49
[2022-12-16 20:51:56] Cycle 848: 2022-07-29 04:07:53
[2022-12-16 20:52:00] Word 175778 (Frame index=1740 frame address=0x00001912 word=38 mask=0x02000000)
[2022-12-16 20:52:00] 1 bit errors
[2022-12-16 20:52:00] Cycle 849: 2022-07-29 04:07:57
[2022-12-16 20:52:04] Word 428871 (Frame index=4246 frame address=0x00020820 word=25 mask=0x04000000)
[2022-12-16 20:52:04] 1 bit errors
[2022-12-16 20:52:04] Cycle 850: 2022-07-29 04:08:02
[2022-12-16 20:52:08] Cycle 851: 2022-07-29 04:08:06
[2022-12-16 20:52:12] Cycle 852: 2022-07-29 04:08:10
[2022-12-16 20:52:17] Cycle 853: 2022-07-29 04:08:14
[2022-12-16 20:52:21] Cycle 854: 2022-07-29 04:08:18
[2022-12-16 20:52:25] Cycle 855: 2022-07-29 04:08:22
[2022-12-16 20:52:29] Word 1053178 (Frame index=10427 frame address=0x00402c9f word=51 mask=0x00000040)
[2022-12-16 20:52:29] Word 1449664 (Frame index=14353 frame address=0x00423097 word=11 mask=0x02000000)
[2022-12-16 20:52:29] 2 bit errors
[2022-12-16 20:52:29] Cycle 856: 2022-07-29 04:08:27
[2022-12-16 20:52:33] Word 1001778 (Frame index=9918 frame address=0x00402592 word=60 mask=0x00000200)
[2022-12-16 20:52:33] 1 bit errors
[2022-12-16 20:52:33] Cycle 857: 2022-07-29 04:08:31
[2022-12-16 20:52:37] Cycle 858: 2022-07-29 04:08:35
[2022-12-16 20:52:41] Word 1239401 (Frame index=12271 frame address=0x00421287 word=30 mask=0x00010000)
[2022-12-16 20:52:41] 1 bit errors
[2022-12-16 20:52:41] Cycle 859: 2022-07-29 04:08:39
[2022-12-16 20:52:46] Cycle 860: 2022-07-29 04:08:43
[2022-12-16 20:52:50] Cycle 861: 2022-07-29 04:08:47
[2022-12-16 20:52:54] Word 299333 (Frame index=2963 frame address=0x00002a9b word=70 mask=0x00000800)
[2022-12-16 20:52:54] 1 bit errors
[2022-12-16 20:52:54] Cycle 862: 2022-07-29 04:08:51
[2022-12-16 20:52:58] Cycle 863: 2022-07-29 04:08:56
[2022-12-16 20:53:02] Cycle 864: 2022-07-29 04:09:00
[2022-12-16 20:53:06] Cycle 865: 2022-07-29 04:09:04
[2022-12-16 20:53:11] Cycle 866: 2022-07-29 04:09:08
[2022-12-16 20:53:15] Word 1810645 (Frame index=17927 frame address=0x00442f23 word=18 mask=0x00000004)
[2022-12-16 20:53:15] 1 bit errors
[2022-12-16 20:53:15] Cycle 867: 2022-07-29 04:09:12
[2022-12-16 20:53:19] Word 298391 (Frame index=2954 frame address=0x00002a92 word=37 mask=0x00000200)
[2022-12-16 20:53:19] Word 298492 (Frame index=2955 frame address=0x00002a93 word=37 mask=0x00000100)
[2022-12-16 20:53:19] Word 1307265 (Frame index=12943 frame address=0x00421c21 word=22 mask=0x00400000)
[2022-12-16 20:53:19] 3 bit errors
[2022-12-16 20:53:19] Cycle 868: 2022-07-29 04:09:16
[2022-12-16 20:53:23] Cycle 869: 2022-07-29 04:09:21
[2022-12-16 20:53:27] Cycle 870: 2022-07-29 04:09:25
[2022-12-16 20:53:31] Cycle 871: 2022-07-29 04:09:29
[2022-12-16 20:53:36] Cycle 872: 2022-07-29 04:09:33
[2022-12-16 20:53:40] Cycle 873: 2022-07-29 04:09:37
[2022-12-16 20:53:44] Cycle 874: 2022-07-29 04:09:41
[2022-12-16 20:53:48] Cycle 875: 2022-07-29 04:09:46
[2022-12-16 20:53:52] Cycle 876: 2022-07-29 04:09:50
[2022-12-16 20:53:56] Word 1388834 (Frame index=13750 frame address=0x00422808 word=84 mask=0x00000800)
[2022-12-16 20:53:56] 1 bit errors
[2022-12-16 20:53:56] Cycle 877: 2022-07-29 04:09:54
[2022-12-16 20:54:01] Cycle 878: 2022-07-29 04:09:58
[2022-12-16 20:54:05] Cycle 879: 2022-07-29 04:10:02
[2022-12-16 20:54:09] Cycle 880: 2022-07-29 04:10:06
[2022-12-16 20:54:13] Word 132797 (Frame index=1314 frame address=0x00001300 word=83 mask=0x00020000)
[2022-12-16 20:54:13] Word 770834 (Frame index=7632 frame address=0x0040041c word=2 mask=0x00000001)
[2022-12-16 20:54:13] Word 770934 (Frame index=7633 frame address=0x0040041d word=1 mask=0x80000000)
[2022-12-16 20:54:13] Word 770935 (Frame index=7633 frame address=0x0040041d word=2 mask=0x00000001)
[2022-12-16 20:54:13] 4 bit errors
[2022-12-16 20:54:13] Cycle 881: 2022-07-29 04:10:11
[2022-12-16 20:54:17] Word 146240 (Frame index=1447 frame address=0x000014a1 word=93 mask=0x00100000)
[2022-12-16 20:54:17] Word 1564561 (Frame index=15490 frame address=0x00440c0a word=71 mask=0x00200000)
[2022-12-16 20:54:17] Word 1564662 (Frame index=15491 frame address=0x00440c0b word=71 mask=0x00100000)
[2022-12-16 20:54:17] 3 bit errors
[2022-12-16 20:54:17] Cycle 882: 2022-07-29 04:10:15
[2022-12-16 20:54:21] Word 408095 (Frame index=4040 frame address=0x00020522 word=55 mask=0x04000000)
[2022-12-16 20:54:21] Word 408196 (Frame index=4041 frame address=0x00020523 word=55 mask=0x08000000)
[2022-12-16 20:54:21] Word 447112 (Frame index=4426 frame address=0x00020b04 word=86 mask=0x00080000)
[2022-12-16 20:54:21] Word 938529 (Frame index=9292 frame address=0x00401c88 word=37 mask=0x00000008)
[2022-12-16 20:54:21] 4 bit errors
[2022-12-16 20:54:21] Cycle 883: 2022-07-29 04:10:19
[2022-12-16 20:54:26] Cycle 884: 2022-07-29 04:10:23
[2022-12-16 20:54:30] Cycle 885: 2022-07-29 04:10:27
[2022-12-16 20:54:34] Word 874798 (Frame index=8661 frame address=0x00401317 word=37 mask=0x00000008)
[2022-12-16 20:54:34] 1 bit errors
[2022-12-16 20:54:34] Cycle 886: 2022-07-29 04:10:31
[2022-12-16 20:54:38] Word 379172 (Frame index=3754 frame address=0x00020114 word=18 mask=0x00000008)
[2022-12-16 20:54:38] 1 bit errors
[2022-12-16 20:54:38] Cycle 887: 2022-07-29 04:10:36
[2022-12-16 20:54:42] Cycle 888: 2022-07-29 04:10:40
[2022-12-16 20:54:46] Cycle 889: 2022-07-29 04:10:44
[2022-12-16 20:54:51] Cycle 890: 2022-07-29 04:10:48
[2022-12-16 20:54:55] Cycle 891: 2022-07-29 04:10:52
[2022-12-16 20:54:59] Word 84054 (Frame index=832 frame address=0x00000c00 word=22 mask=0x80000000)
[2022-12-16 20:54:59] 1 bit errors
[2022-12-16 20:54:59] Cycle 892: 2022-07-29 04:10:56
[2022-12-16 20:55:03] Cycle 893: 2022-07-29 04:11:01
[2022-12-16 20:55:07] Word 248508 (Frame index=2460 frame address=0x0000239c word=48 mask=0x80000000)
[2022-12-16 20:55:07] 1 bit errors
[2022-12-16 20:55:07] Cycle 894: 2022-07-29 04:11:05
[2022-12-16 20:55:11] Word 1532933 (Frame index=15177 frame address=0x0044078d word=56 mask=0x08000000)
[2022-12-16 20:55:11] 1 bit errors
[2022-12-16 20:55:11] Cycle 895: 2022-07-29 04:11:09
[2022-12-16 20:55:16] Word 1035868 (Frame index=10256 frame address=0x00402a20 word=12 mask=0x08000000)
[2022-12-16 20:55:16] Word 1035969 (Frame index=10257 frame address=0x00402a21 word=12 mask=0x10000000)
[2022-12-16 20:55:16] 2 bit errors
[2022-12-16 20:55:16] Cycle 896: 2022-07-29 04:11:13
[2022-12-16 20:55:20] Cycle 897: 2022-07-29 04:11:17
[2022-12-16 20:55:24] Cycle 898: 2022-07-29 04:11:21
[2022-12-16 20:55:28] Cycle 899: 2022-07-29 04:11:26
[2022-12-16 20:55:32] Cycle 900: 2022-07-29 04:11:30
[2022-12-16 20:55:36] Cycle 901: 2022-07-29 04:11:34
[2022-12-16 20:55:41] Word 369341 (Frame index=3656 frame address=0x000034a6 word=85 mask=0x00000001)
[2022-12-16 20:55:41] Word 490955 (Frame index=4860 frame address=0x0002111c word=95 mask=0x00000800)
[2022-12-16 20:55:41] Word 491056 (Frame index=4861 frame address=0x0002111d word=95 mask=0x00000400)
[2022-12-16 20:55:41] 3 bit errors
[2022-12-16 20:55:41] Cycle 902: 2022-07-29 04:11:38
[2022-12-16 20:55:45] Word 1261903 (Frame index=12494 frame address=0x00421596 word=9 mask=0x00200000)
[2022-12-16 20:55:45] 1 bit errors
[2022-12-16 20:55:45] Cycle 903: 2022-07-29 04:11:42
[2022-12-16 20:55:49] Word 340397 (Frame index=3370 frame address=0x0000309a word=27 mask=0x00000800)
[2022-12-16 20:55:49] Word 340498 (Frame index=3371 frame address=0x0000309b word=27 mask=0x00001000)
[2022-12-16 20:55:49] 2 bit errors
[2022-12-16 20:55:49] Cycle 904: 2022-07-29 04:11:46
[2022-12-16 20:55:53] Cycle 905: 2022-07-29 04:11:51
[2022-12-16 20:55:57] Word 1150870 (Frame index=11394 frame address=0x0042059c word=76 mask=0x00000060)
[2022-12-16 20:55:57] Word 1150971 (Frame index=11395 frame address=0x0042059d word=76 mask=0x00000030)
[2022-12-16 20:55:57] 4 bit errors
[2022-12-16 20:55:57] Cycle 906: 2022-07-29 04:11:55
[2022-12-16 20:56:01] Cycle 907: 2022-07-29 04:11:59
[2022-12-16 20:56:05] Cycle 908: 2022-07-29 04:12:03
[2022-12-16 20:56:10] Word 649249 (Frame index=6428 frame address=0x0002280a word=21 mask=0x00008000)
[2022-12-16 20:56:10] Word 649350 (Frame index=6429 frame address=0x0002280b word=21 mask=0x00004000)
[2022-12-16 20:56:10] 2 bit errors
[2022-12-16 20:56:10] Cycle 909: 2022-07-29 04:12:07
[2022-12-16 20:56:14] Word 687071 (Frame index=6802 frame address=0x00022d20 word=69 mask=0x00800000)
[2022-12-16 20:56:14] 1 bit errors
[2022-12-16 20:56:14] Cycle 910: 2022-07-29 04:12:11
[2022-12-16 20:56:18] Word 1375413 (Frame index=13617 frame address=0x00422613 word=96 mask=0x00400000)
[2022-12-16 20:56:18] 1 bit errors
[2022-12-16 20:56:18] Cycle 911: 2022-07-29 04:12:15
[2022-12-16 20:56:22] Cycle 912: 2022-07-29 04:12:20
[2022-12-16 20:56:26] Cycle 913: 2022-07-29 04:12:24
[2022-12-16 20:56:30] Word 317051 (Frame index=3139 frame address=0x00002d1f word=12 mask=0x00000008)
[2022-12-16 20:56:30] 1 bit errors
[2022-12-16 20:56:30] Cycle 914: 2022-07-29 04:12:28
[2022-12-16 20:56:35] Word 1134665 (Frame index=11234 frame address=0x00420384 word=31 mask=0x00010000)
[2022-12-16 20:56:35] 1 bit errors
[2022-12-16 20:56:35] Cycle 915: 2022-07-29 04:12:32
[2022-12-16 20:56:39] Cycle 916: 2022-07-29 04:12:36
[2022-12-16 20:56:43] Word 1583736 (Frame index=15680 frame address=0x00440ea2 word=56 mask=0x00000200)
[2022-12-16 20:56:43] 1 bit errors
[2022-12-16 20:56:43] Cycle 917: 2022-07-29 04:12:40
[2022-12-16 20:56:47] Word 1848569 (Frame index=18302 frame address=0x004434a4 word=67 mask=0x20000000)
[2022-12-16 20:56:47] Word 1848670 (Frame index=18303 frame address=0x004434a5 word=67 mask=0x20000000)
[2022-12-16 20:56:47] 2 bit errors
[2022-12-16 20:56:47] Cycle 918: 2022-07-29 04:12:45
[2022-12-16 20:56:51] Cycle 919: 2022-07-29 04:12:49
[2022-12-16 20:56:55] Cycle 920: 2022-07-29 04:12:53
[2022-12-16 20:57:00] Cycle 921: 2022-07-29 04:12:57
[2022-12-16 20:57:04] Cycle 922: 2022-07-29 04:13:01
[2022-12-16 20:57:08] Word 140505 (Frame index=1391 frame address=0x00001405 word=14 mask=0x04000000)
[2022-12-16 20:57:08] Word 1207373 (Frame index=11954 frame address=0x00420da2 word=19 mask=0x00000800)
[2022-12-16 20:57:08] 2 bit errors
[2022-12-16 20:57:08] Cycle 923: 2022-07-29 04:13:05
[2022-12-16 20:57:12] Cycle 924: 2022-07-29 04:13:10
[2022-12-16 20:57:16] Word 406253 (Frame index=4022 frame address=0x00020510 word=31 mask=0x00200000)
[2022-12-16 20:57:16] 1 bit errors
[2022-12-16 20:57:16] Cycle 925: 2022-07-29 04:13:14
[2022-12-16 20:57:20] Word 285845 (Frame index=2830 frame address=0x00002902 word=15 mask=0x00000040)
[2022-12-16 20:57:20] Word 1823109 (Frame index=18050 frame address=0x00443116 word=59 mask=0x00000200)
[2022-12-16 20:57:20] Word 1823210 (Frame index=18051 frame address=0x00443117 word=59 mask=0x00000100)
[2022-12-16 20:57:20] 3 bit errors
[2022-12-16 20:57:20] Cycle 926: 2022-07-29 04:13:18
[2022-12-16 20:57:25] Cycle 927: 2022-07-29 04:13:22
[2022-12-16 20:57:29] Word 788531 (Frame index=7807 frame address=0x0040069f word=24 mask=0x10000000)
[2022-12-16 20:57:29] 1 bit errors
[2022-12-16 20:57:29] Cycle 928: 2022-07-29 04:13:26
[2022-12-16 20:57:33] Word 889781 (Frame index=8809 frame address=0x00401523 word=72 mask=0x00000010)
[2022-12-16 20:57:33] Word 1017677 (Frame index=10076 frame address=0x004027a0 word=1 mask=0x00000010)
[2022-12-16 20:57:33] Word 1017778 (Frame index=10077 frame address=0x004027a1 word=1 mask=0x00000020)
[2022-12-16 20:57:33] 3 bit errors
[2022-12-16 20:57:33] Cycle 929: 2022-07-29 04:13:30
[2022-12-16 20:57:37] Cycle 930: 2022-07-29 04:13:35
[2022-12-16 20:57:41] Cycle 931: 2022-07-29 04:13:39
[2022-12-16 20:57:45] Cycle 932: 2022-07-29 04:13:43
[2022-12-16 20:57:50] Word 453475 (Frame index=4489 frame address=0x00020b9f word=86 mask=0x04000000)
[2022-12-16 20:57:50] Word 1283222 (Frame index=12705 frame address=0x004218a1 word=17 mask=0x40000000)
[2022-12-16 20:57:50] 2 bit errors
[2022-12-16 20:57:50] Cycle 933: 2022-07-29 04:13:47
[2022-12-16 20:57:54] Cycle 934: 2022-07-29 04:13:51
[2022-12-16 20:57:58] Word 1005766 (Frame index=9958 frame address=0x00402616 word=8 mask=0x00080000)
[2022-12-16 20:57:58] Word 1143596 (Frame index=11322 frame address=0x00420494 word=74 mask=0x00000200)
[2022-12-16 20:57:58] Word 1143697 (Frame index=11323 frame address=0x00420495 word=74 mask=0x00000100)
[2022-12-16 20:57:58] 3 bit errors
[2022-12-16 20:57:58] Cycle 935: 2022-07-29 04:13:55
[2022-12-16 20:58:02] Word 1099989 (Frame index=10890 frame address=0x0040338e word=99 mask=0x00002000)
[2022-12-16 20:58:02] 1 bit errors
[2022-12-16 20:58:02] Cycle 936: 2022-07-29 04:14:00
[2022-12-16 20:58:06] Cycle 937: 2022-07-29 04:14:04
[2022-12-16 20:58:10] Word 672679 (Frame index=6660 frame address=0x00022b1a word=19 mask=0x00000040)
[2022-12-16 20:58:10] Word 672780 (Frame index=6661 frame address=0x00022b1b word=19 mask=0x00000040)
[2022-12-16 20:58:10] 2 bit errors
[2022-12-16 20:58:10] Cycle 938: 2022-07-29 04:14:08
[2022-12-16 20:58:15] Word 1151266 (Frame index=11398 frame address=0x004205a0 word=68 mask=0x00000010)
[2022-12-16 20:58:15] Word 1151367 (Frame index=11399 frame address=0x004205a1 word=68 mask=0x00000020)
[2022-12-16 20:58:15] 2 bit errors
[2022-12-16 20:58:15] Cycle 939: 2022-07-29 04:14:12
[2022-12-16 20:58:19] Word 1166311 (Frame index=11547 frame address=0x00420809 word=64 mask=0x00200000)
[2022-12-16 20:58:19] 1 bit errors
[2022-12-16 20:58:19] Cycle 940: 2022-07-29 04:14:16
[2022-12-16 20:58:23] Word 200812 (Frame index=1988 frame address=0x00001c9c word=24 mask=0x80000000)
[2022-12-16 20:58:23] 1 bit errors
[2022-12-16 20:58:23] Cycle 941: 2022-07-29 04:14:20
[2022-12-16 20:58:27] Word 433382 (Frame index=4290 frame address=0x0002090c word=92 mask=0x00080000)
[2022-12-16 20:58:27] Word 667460 (Frame index=6608 frame address=0x00022a8a word=52 mask=0x08000000)
[2022-12-16 20:58:27] 2 bit errors
[2022-12-16 20:58:27] Cycle 942: 2022-07-29 04:14:25
[2022-12-16 20:58:31] Cycle 943: 2022-07-29 04:14:29
[2022-12-16 20:58:35] Word 912864 (Frame index=9038 frame address=0x0040189c word=26 mask=0x00000080)
[2022-12-16 20:58:35] Word 912965 (Frame index=9039 frame address=0x0040189d word=26 mask=0x000000c0)
[2022-12-16 20:58:35] 3 bit errors
[2022-12-16 20:58:35] Cycle 944: 2022-07-29 04:14:33
[2022-12-16 20:58:40] Word 672125 (Frame index=6654 frame address=0x00022b14 word=71 mask=0x00400000)
[2022-12-16 20:58:40] 1 bit errors
[2022-12-16 20:58:40] Cycle 945: 2022-07-29 04:14:37
[2022-12-16 20:58:44] Word 371510 (Frame index=3678 frame address=0x00020010 word=32 mask=0x00040000)
[2022-12-16 20:58:44] Word 1346359 (Frame index=13330 frame address=0x0042220c word=29 mask=0x00040000)
[2022-12-16 20:58:44] 2 bit errors
[2022-12-16 20:58:44] Cycle 946: 2022-07-29 04:14:41
[2022-12-16 20:58:48] Word 922393 (Frame index=9132 frame address=0x00401a16 word=61 mask=0x00000001)
[2022-12-16 20:58:48] Word 922493 (Frame index=9133 frame address=0x00401a17 word=60 mask=0x80000000)
[2022-12-16 20:58:48] Word 942955 (Frame index=9336 frame address=0x00401d10 word=19 mask=0x00000002)
[2022-12-16 20:58:48] 3 bit errors
[2022-12-16 20:58:48] Cycle 947: 2022-07-29 04:14:45
[2022-12-16 20:58:52] Cycle 948: 2022-07-29 04:14:50
[2022-12-16 20:58:56] Word 1834378 (Frame index=18162 frame address=0x004432a2 word=16 mask=0x01000000)
[2022-12-16 20:58:56] 1 bit errors
[2022-12-16 20:58:56] Cycle 949: 2022-07-29 04:14:54
[2022-12-16 20:59:00] Word 880344 (Frame index=8716 frame address=0x00401406 word=28 mask=0x00008000)
[2022-12-16 20:59:00] Word 880445 (Frame index=8717 frame address=0x00401407 word=28 mask=0x00004000)
[2022-12-16 20:59:00] 2 bit errors
[2022-12-16 20:59:00] Cycle 950: 2022-07-29 04:14:58
[2022-12-16 20:59:05] Cycle 951: 2022-07-29 04:15:02
[2022-12-16 20:59:09] Cycle 952: 2022-07-29 04:15:06
[2022-12-16 20:59:13] Word 992485 (Frame index=9826 frame address=0x00402422 word=59 mask=0x0c000000)
[2022-12-16 20:59:13] Word 992586 (Frame index=9827 frame address=0x00402423 word=59 mask=0x18000000)
[2022-12-16 20:59:13] 4 bit errors
[2022-12-16 20:59:13] Cycle 953: 2022-07-29 04:15:10
[2022-12-16 20:59:17] Cycle 954: 2022-07-29 04:15:14
[2022-12-16 20:59:21] Word 22040 (Frame index=218 frame address=0x00000302 word=22 mask=0x00020000)
[2022-12-16 20:59:21] Word 1108498 (Frame index=10975 frame address=0x004034a1 word=23 mask=0x00004000)
[2022-12-16 20:59:21] 2 bit errors
[2022-12-16 20:59:21] Cycle 955: 2022-07-29 04:15:19
[2022-12-16 20:59:25] Word 985280 (Frame index=9755 frame address=0x00402323 word=25 mask=0x00000020)
[2022-12-16 20:59:25] Word 1254901 (Frame index=12424 frame address=0x00421498 word=77 mask=0x04000000)
[2022-12-16 20:59:25] 2 bit errors
[2022-12-16 20:59:25] Cycle 956: 2022-07-29 04:15:23
[2022-12-16 20:59:29] Cycle 957: 2022-07-29 04:15:27
[2022-12-16 20:59:34] Cycle 958: 2022-07-29 04:15:31
[2022-12-16 20:59:38] Word 110184 (Frame index=1090 frame address=0x00000f94 word=94 mask=0x00000002)
[2022-12-16 20:59:38] Word 311400 (Frame index=3083 frame address=0x00002c8b word=17 mask=0x00000004)
[2022-12-16 20:59:38] Word 645863 (Frame index=6394 frame address=0x0002278c word=69 mask=0x00100000)
[2022-12-16 20:59:38] Word 1213246 (Frame index=12012 frame address=0x00420e9c word=34 mask=0x00000008)
[2022-12-16 20:59:38] 4 bit errors
[2022-12-16 20:59:38] Cycle 959: 2022-07-29 04:15:35
[2022-12-16 20:59:42] Word 1017334 (Frame index=10072 frame address=0x0040279c word=62 mask=0x00018000)
[2022-12-16 20:59:42] Word 1017435 (Frame index=10073 frame address=0x0040279d word=62 mask=0x0000c000)
[2022-12-16 20:59:42] 4 bit errors
[2022-12-16 20:59:42] Cycle 960: 2022-07-29 04:15:39
[2022-12-16 20:59:46] Word 1313863 (Frame index=13008 frame address=0x00421d1a word=55 mask=0x00000001)
[2022-12-16 20:59:46] 1 bit errors
[2022-12-16 20:59:46] Cycle 961: 2022-07-29 04:15:44
[2022-12-16 20:59:50] Cycle 962: 2022-07-29 04:15:48
[2022-12-16 20:59:54] Cycle 963: 2022-07-29 04:15:52
[2022-12-16 20:59:59] Word 707466 (Frame index=7004 frame address=0x0002301a word=62 mask=0x00000001)
[2022-12-16 20:59:59] 1 bit errors
[2022-12-16 20:59:59] Cycle 964: 2022-07-29 04:15:56
[2022-12-16 21:00:03] Word 1266388 (Frame index=12538 frame address=0x00421682 word=50 mask=0x00010000)
[2022-12-16 21:00:03] 1 bit errors
[2022-12-16 21:00:03] Cycle 965: 2022-07-29 04:16:00
[2022-12-16 21:00:07] Cycle 966: 2022-07-29 04:16:04
[2022-12-16 21:00:11] Word 719535 (Frame index=7124 frame address=0x00023212 word=11 mask=0x04000000)
[2022-12-16 21:00:11] 1 bit errors
[2022-12-16 21:00:11] Cycle 967: 2022-07-29 04:16:09
[2022-12-16 21:00:15] Cycle 968: 2022-07-29 04:16:13
[2022-12-16 21:00:19] Cycle 969: 2022-07-29 04:16:17
[2022-12-16 21:00:24] Cycle 970: 2022-07-29 04:16:21
[2022-12-16 21:00:28] Word 1034279 (Frame index=10240 frame address=0x00402a10 word=39 mask=0x00000100)
[2022-12-16 21:00:28] Word 1034380 (Frame index=10241 frame address=0x00402a11 word=39 mask=0x00000080)
[2022-12-16 21:00:28] 2 bit errors
[2022-12-16 21:00:28] Cycle 971: 2022-07-29 04:16:25
[2022-12-16 21:00:32] Cycle 972: 2022-07-29 04:16:29
[2022-12-16 21:00:36] Cycle 973: 2022-07-29 04:16:34
[2022-12-16 21:00:40] Word 1818521 (Frame index=18005 frame address=0x0044308d word=16 mask=0x40000000)
[2022-12-16 21:00:40] 1 bit errors
[2022-12-16 21:00:40] Cycle 974: 2022-07-29 04:16:38
[2022-12-16 21:00:44] Cycle 975: 2022-07-29 04:16:42
[2022-12-16 21:00:49] Word 150043 (Frame index=1485 frame address=0x00001523 word=58 mask=0x02000000)
[2022-12-16 21:00:49] Word 399665 (Frame index=3957 frame address=0x0002040f word=8 mask=0x00000008)
[2022-12-16 21:00:49] Word 1213849 (Frame index=12018 frame address=0x00420ea2 word=31 mask=0x01000000)
[2022-12-16 21:00:49] 3 bit errors
[2022-12-16 21:00:49] Cycle 976: 2022-07-29 04:16:46
[2022-12-16 21:00:53] Word 1192890 (Frame index=11810 frame address=0x00420b9c word=80 mask=0x00040000)
[2022-12-16 21:00:53] 1 bit errors
[2022-12-16 21:00:53] Cycle 977: 2022-07-29 04:16:50
[2022-12-16 21:00:57] Word 643869 (Frame index=6374 frame address=0x0002271c word=95 mask=0x00000200)
[2022-12-16 21:00:57] Word 643970 (Frame index=6375 frame address=0x0002271d word=95 mask=0x00000100)
[2022-12-16 21:00:57] Word 867976 (Frame index=8593 frame address=0x0040121b word=83 mask=0x04000000)
[2022-12-16 21:00:57] 3 bit errors
[2022-12-16 21:00:57] Cycle 978: 2022-07-29 04:16:54
[2022-12-16 21:01:01] Word 225411 (Frame index=2231 frame address=0x00002023 word=80 mask=0x04000000)
[2022-12-16 21:01:01] Word 1082762 (Frame index=10720 frame address=0x00403110 word=42 mask=0x00000008)
[2022-12-16 21:01:01] Word 1082863 (Frame index=10721 frame address=0x00403111 word=42 mask=0x00000008)
[2022-12-16 21:01:01] 3 bit errors
[2022-12-16 21:01:01] Cycle 979: 2022-07-29 04:16:59
[2022-12-16 21:01:05] Word 204385 (Frame index=2023 frame address=0x00001d1b word=62 mask=0x04000000)
[2022-12-16 21:01:05] 1 bit errors
[2022-12-16 21:01:05] Cycle 980: 2022-07-29 04:17:03
[2022-12-16 21:01:09] Cycle 981: 2022-07-29 04:17:07
[2022-12-16 21:01:14] Cycle 982: 2022-07-29 04:17:11
[2022-12-16 21:01:18] Word 334925 (Frame index=3316 frame address=0x00003000 word=9 mask=0x00000040)
[2022-12-16 21:01:18] Word 335026 (Frame index=3317 frame address=0x00003001 word=9 mask=0x00000020)
[2022-12-16 21:01:18] 2 bit errors
[2022-12-16 21:01:18] Cycle 983: 2022-07-29 04:17:15
[2022-12-16 21:01:22] Cycle 984: 2022-07-29 04:17:19
[2022-12-16 21:01:26] Cycle 985: 2022-07-29 04:17:24
[2022-12-16 21:01:30] Cycle 986: 2022-07-29 04:17:28
[2022-12-16 21:01:34] Cycle 987: 2022-07-29 04:17:32
[2022-12-16 21:01:39] Word 1555467 (Frame index=15400 frame address=0x00440a9c word=67 mask=0x60000000)
[2022-12-16 21:01:39] Word 1555568 (Frame index=15401 frame address=0x00440a9d word=67 mask=0x30000000)
[2022-12-16 21:01:39] 4 bit errors
[2022-12-16 21:01:39] Cycle 988: 2022-07-29 04:17:36
[2022-12-16 21:01:43] Cycle 989: 2022-07-29 04:17:40
[2022-12-16 21:01:47] Cycle 990: 2022-07-29 04:17:44
[2022-12-16 21:01:51] Word 1063499 (Frame index=10529 frame address=0x00402e21 word=70 mask=0x00000100)
[2022-12-16 21:01:51] 1 bit errors
[2022-12-16 21:01:51] Cycle 991: 2022-07-29 04:17:49
[2022-12-16 21:01:55] Cycle 992: 2022-07-29 04:17:53
[2022-12-16 21:01:59] Word 1593869 (Frame index=15780 frame address=0x00441022 word=89 mask=0x04000000)
[2022-12-16 21:01:59] Word 1593970 (Frame index=15781 frame address=0x00441023 word=89 mask=0x08000000)
[2022-12-16 21:01:59] Word 1795030 (Frame index=17772 frame address=0x00442d10 word=58 mask=0x00000004)
[2022-12-16 21:01:59] Word 1795131 (Frame index=17773 frame address=0x00442d11 word=58 mask=0x00000002)
[2022-12-16 21:01:59] 4 bit errors
[2022-12-16 21:01:59] Cycle 993: 2022-07-29 04:17:57
[2022-12-16 21:02:04] Word 88951 (Frame index=880 frame address=0x00000c92 word=71 mask=0x00000400)
[2022-12-16 21:02:04] 1 bit errors
[2022-12-16 21:02:04] Cycle 994: 2022-07-29 04:18:01
[2022-12-16 21:02:08] Cycle 995: 2022-07-29 04:18:05
[2022-12-16 21:02:12] Cycle 996: 2022-07-29 04:18:09
[2022-12-16 21:02:16] Word 1051216 (Frame index=10408 frame address=0x00402c8c word=8 mask=0x00020000)
[2022-12-16 21:02:16] 1 bit errors
[2022-12-16 21:02:16] Cycle 997: 2022-07-29 04:18:13
[2022-12-16 21:02:20] Cycle 998: 2022-07-29 04:18:18
[2022-12-16 21:02:24] Cycle 999: 2022-07-29 04:18:22
[2022-12-16 21:02:29] Word 1047038 (Frame index=10366 frame address=0x00402ba2 word=72 mask=0x00001000)
[2022-12-16 21:02:29] Word 1047139 (Frame index=10367 frame address=0x00402ba3 word=72 mask=0x00000800)
[2022-12-16 21:02:29] 2 bit errors
[2022-12-16 21:02:29] Cycle 1000: 2022-07-29 04:18:26
[2022-12-16 21:02:33] Cycle 1001: 2022-07-29 04:18:30
[2022-12-16 21:02:37] Cycle 1002: 2022-07-29 04:18:34
[2022-12-16 21:02:41] Cycle 1003: 2022-07-29 04:18:38
[2022-12-16 21:02:45] Cycle 1004: 2022-07-29 04:18:43
[2022-12-16 21:02:49] Cycle 1005: 2022-07-29 04:18:47
[2022-12-16 21:02:53] Cycle 1006: 2022-07-29 04:18:51
[2022-12-16 21:02:58] Word 1083919 (Frame index=10731 frame address=0x0040311b word=88 mask=0x00000010)
[2022-12-16 21:02:58] 1 bit errors
[2022-12-16 21:02:58] Cycle 1007: 2022-07-29 04:18:55
[2022-12-16 21:03:02] Cycle 1008: 2022-07-29 04:18:59
[2022-12-16 21:03:06] Word 1538864 (Frame index=15236 frame address=0x00440880 word=28 mask=0x00000020)
[2022-12-16 21:03:06] 1 bit errors
[2022-12-16 21:03:06] Cycle 1009: 2022-07-29 04:19:03
[2022-12-16 21:03:10] Cycle 1010: 2022-07-29 04:19:08
[2022-12-16 21:03:14] Cycle 1011: 2022-07-29 04:19:12
[2022-12-16 21:03:18] Word 263693 (Frame index=2610 frame address=0x000025a2 word=83 mask=0x00100000)
[2022-12-16 21:03:18] 1 bit errors
[2022-12-16 21:03:18] Cycle 1012: 2022-07-29 04:19:16
[2022-12-16 21:03:23] Word 488864 (Frame index=4840 frame address=0x00021108 word=24 mask=0x00100000)
[2022-12-16 21:03:23] Word 1242498 (Frame index=12301 frame address=0x00421301 word=97 mask=0x00000100)
[2022-12-16 21:03:23] 2 bit errors
[2022-12-16 21:03:23] Cycle 1013: 2022-07-29 04:19:20
[2022-12-16 21:03:27] Word 478198 (Frame index=4734 frame address=0x00020f82 word=64 mask=0x00200000)
[2022-12-16 21:03:27] Word 946796 (Frame index=9374 frame address=0x00401d9a word=22 mask=0x00000200)
[2022-12-16 21:03:27] Word 1478850 (Frame index=14642 frame address=0x004234a6 word=8 mask=0x00000200)
[2022-12-16 21:03:27] Word 1478951 (Frame index=14643 frame address=0x004234a7 word=8 mask=0x00000100)
[2022-12-16 21:03:27] 4 bit errors
[2022-12-16 21:03:27] Cycle 1014: 2022-07-29 04:19:24
[2022-12-16 21:03:31] Word 790698 (Frame index=7828 frame address=0x00400710 word=70 mask=0x00200000)
[2022-12-16 21:03:31] 1 bit errors
[2022-12-16 21:03:31] Cycle 1015: 2022-07-29 04:19:28
[2022-12-16 21:03:35] Cycle 1016: 2022-07-29 04:19:33
[2022-12-16 21:03:39] Cycle 1017: 2022-07-29 04:19:37
[2022-12-16 21:03:43] Word 423869 (Frame index=4196 frame address=0x00020792 word=73 mask=0x00008000)
[2022-12-16 21:03:43] Word 857157 (Frame index=8486 frame address=0x0040109c word=71 mask=0x00000040)
[2022-12-16 21:03:43] Word 857258 (Frame index=8487 frame address=0x0040109d word=71 mask=0x00000020)
[2022-12-16 21:03:43] 3 bit errors
[2022-12-16 21:03:43] Cycle 1018: 2022-07-29 04:19:41
[2022-12-16 21:03:48] Word 6554 (Frame index=64 frame address=0x00000096 word=90 mask=0x08000000)
[2022-12-16 21:03:48] Word 99218 (Frame index=982 frame address=0x00000e0c word=36 mask=0x00000800)
[2022-12-16 21:03:48] Word 99319 (Frame index=983 frame address=0x00000e0d word=36 mask=0x00000800)
[2022-12-16 21:03:48] 3 bit errors
[2022-12-16 21:03:48] Cycle 1019: 2022-07-29 04:19:45
[2022-12-16 21:03:52] Cycle 1020: 2022-07-29 04:19:49
[2022-12-16 21:03:56] Word 281903 (Frame index=2791 frame address=0x00002823 word=12 mask=0x00000040)
[2022-12-16 21:03:56] 1 bit errors
[2022-12-16 21:03:56] Cycle 1021: 2022-07-29 04:19:53
[2022-12-16 21:04:00] Word 1051570 (Frame index=10411 frame address=0x00402c8f word=59 mask=0x00000002)
[2022-12-16 21:04:00] 1 bit errors
[2022-12-16 21:04:00] Cycle 1022: 2022-07-29 04:19:58
[2022-12-16 21:04:04] Word 898498 (Frame index=8896 frame address=0x00401696 word=2 mask=0x02000000)
[2022-12-16 21:04:04] 1 bit errors
[2022-12-16 21:04:04] Cycle 1023: 2022-07-29 04:20:02
[2022-12-16 21:04:08] Cycle 1024: 2022-07-29 04:20:06
[2022-12-16 21:04:13] Cycle 1025: 2022-07-29 04:20:10
[2022-12-16 21:04:17] Word 1098898 (Frame index=10880 frame address=0x00403384 word=18 mask=0x20000000)
[2022-12-16 21:04:17] 1 bit errors
[2022-12-16 21:04:17] Cycle 1026: 2022-07-29 04:20:14
[2022-12-16 21:04:21] Word 292564 (Frame index=2896 frame address=0x000029a0 word=68 mask=0x00060000)
[2022-12-16 21:04:21] Word 292665 (Frame index=2897 frame address=0x000029a1 word=68 mask=0x000c0000)
[2022-12-16 21:04:21] Word 875760 (Frame index=8670 frame address=0x00401320 word=90 mask=0x00300000)
[2022-12-16 21:04:21] Word 875861 (Frame index=8671 frame address=0x00401321 word=90 mask=0x00200000)
[2022-12-16 21:04:21] 7 bit errors
[2022-12-16 21:04:21] Cycle 1027: 2022-07-29 04:20:18
[2022-12-16 21:04:25] Cycle 1028: 2022-07-29 04:20:23
[2022-12-16 21:04:29] Cycle 1029: 2022-07-29 04:20:27
[2022-12-16 21:04:33] Cycle 1030: 2022-07-29 04:20:31
[2022-12-16 21:04:38] Word 1538564 (Frame index=15233 frame address=0x00440821 word=31 mask=0x40000000)
[2022-12-16 21:04:38] 1 bit errors
[2022-12-16 21:04:38] Cycle 1031: 2022-07-29 04:20:35
[2022-12-16 21:04:42] Word 1282365 (Frame index=12696 frame address=0x00421898 word=69 mask=0x00080000)
[2022-12-16 21:04:42] 1 bit errors
[2022-12-16 21:04:42] Cycle 1032: 2022-07-29 04:20:39
[2022-12-16 21:04:46] Word 256131 (Frame index=2535 frame address=0x0000249f word=96 mask=0x00000002)
[2022-12-16 21:04:46] Word 778444 (Frame index=7707 frame address=0x00400583 word=37 mask=0x00000200)
[2022-12-16 21:04:46] Word 1255850 (Frame index=12434 frame address=0x004214a2 word=16 mask=0x00040000)
[2022-12-16 21:04:46] 3 bit errors
[2022-12-16 21:04:46] Cycle 1033: 2022-07-29 04:20:43
[2022-12-16 21:04:50] Word 1441073 (Frame index=14268 frame address=0x00422f82 word=5 mask=0x00000040)
[2022-12-16 21:04:50] Word 1441174 (Frame index=14269 frame address=0x00422f83 word=5 mask=0x00000020)
[2022-12-16 21:04:50] Word 1576914 (Frame index=15613 frame address=0x00440d9f word=1 mask=0x00000004)
[2022-12-16 21:04:50] 3 bit errors
[2022-12-16 21:04:50] Cycle 1034: 2022-07-29 04:20:48
[2022-12-16 21:04:54] Word 183881 (Frame index=1820 frame address=0x00001a22 word=61 mask=0x01800000)
[2022-12-16 21:04:54] Word 183982 (Frame index=1821 frame address=0x00001a23 word=61 mask=0x00c00000)
[2022-12-16 21:04:54] Word 1768667 (Frame index=17511 frame address=0x00442923 word=56 mask=0x00400000)
[2022-12-16 21:04:54] 5 bit errors
[2022-12-16 21:04:54] Cycle 1035: 2022-07-29 04:20:52
[2022-12-16 21:04:58] Cycle 1036: 2022-07-29 04:20:56
[2022-12-16 21:05:03] Word 1538799 (Frame index=15235 frame address=0x00440823 word=64 mask=0x00800000)
[2022-12-16 21:05:03] 1 bit errors
[2022-12-16 21:05:03] Cycle 1037: 2022-07-29 04:21:00
[2022-12-16 21:05:07] Cycle 1038: 2022-07-29 04:21:04
[2022-12-16 21:05:11] Cycle 1039: 2022-07-29 04:21:08
[2022-12-16 21:05:15] Word 102317 (Frame index=1013 frame address=0x00000e8f word=4 mask=0x00000004)
[2022-12-16 21:05:15] 1 bit errors
[2022-12-16 21:05:15] Cycle 1040: 2022-07-29 04:21:13
[2022-12-16 21:05:19] Cycle 1041: 2022-07-29 04:21:17
[2022-12-16 21:05:23] Cycle 1042: 2022-07-29 04:21:21
[2022-12-16 21:05:28] Word 1137616 (Frame index=11263 frame address=0x004203a1 word=53 mask=0x02000000)
[2022-12-16 21:05:28] 1 bit errors
[2022-12-16 21:05:28] Cycle 1043: 2022-07-29 04:21:25
[2022-12-16 21:05:32] Cycle 1044: 2022-07-29 04:21:29
[2022-12-16 21:05:36] Cycle 1045: 2022-07-29 04:21:33
[2022-12-16 21:05:40] Word 377023 (Frame index=3732 frame address=0x0002009c word=91 mask=0x00000010)
[2022-12-16 21:05:40] Word 377124 (Frame index=3733 frame address=0x0002009d word=91 mask=0x00000008)
[2022-12-16 21:05:40] Word 702528 (Frame index=6955 frame address=0x00022f8d word=73 mask=0x00000001)
[2022-12-16 21:05:40] 3 bit errors
[2022-12-16 21:05:40] Cycle 1046: 2022-07-29 04:21:38
[2022-12-16 21:05:44] Cycle 1047: 2022-07-29 04:21:42
[2022-12-16 21:05:48] Cycle 1048: 2022-07-29 04:21:46
[2022-12-16 21:05:53] Cycle 1049: 2022-07-29 04:21:50
[2022-12-16 21:05:57] Word 361613 (Frame index=3580 frame address=0x0000339c word=33 mask=0x02000000)
[2022-12-16 21:05:57] Word 361714 (Frame index=3581 frame address=0x0000339d word=33 mask=0x01800000)
[2022-12-16 21:05:57] 3 bit errors
[2022-12-16 21:05:57] Cycle 1050: 2022-07-29 04:21:54
[2022-12-16 21:06:01] Word 738609 (Frame index=7312 frame address=0x000234a0 word=97 mask=0x00000020)
[2022-12-16 21:06:01] Word 738710 (Frame index=7313 frame address=0x000234a1 word=97 mask=0x00000010)
[2022-12-16 21:06:01] 2 bit errors
[2022-12-16 21:06:01] Cycle 1051: 2022-07-29 04:21:58
[2022-12-16 21:06:05] Word 15906 (Frame index=157 frame address=0x0000020d word=49 mask=0x00040000)
[2022-12-16 21:06:05] Word 859187 (Frame index=8506 frame address=0x0040110c word=81 mask=0x00400000)
[2022-12-16 21:06:05] Word 859288 (Frame index=8507 frame address=0x0040110d word=81 mask=0x00400000)
[2022-12-16 21:06:05] 3 bit errors
[2022-12-16 21:06:05] Cycle 1052: 2022-07-29 04:22:02
[2022-12-16 21:06:09] Word 380533 (Frame index=3767 frame address=0x00020121 word=66 mask=0x00200000)
[2022-12-16 21:06:09] Word 1807330 (Frame index=17894 frame address=0x00442f02 word=36 mask=0x00004000)
[2022-12-16 21:06:09] Word 1807431 (Frame index=17895 frame address=0x00442f03 word=36 mask=0x00002000)
[2022-12-16 21:06:09] 3 bit errors
[2022-12-16 21:06:09] Cycle 1053: 2022-07-29 04:22:07
[2022-12-16 21:06:13] Cycle 1054: 2022-07-29 04:22:11
[2022-12-16 21:06:18] Word 304086 (Frame index=3010 frame address=0x00002b82 word=76 mask=0x00000400)
[2022-12-16 21:06:18] 1 bit errors
[2022-12-16 21:06:18] Cycle 1055: 2022-07-29 04:22:15
[2022-12-16 21:06:22] Cycle 1056: 2022-07-29 04:22:19
[2022-12-16 21:06:26] Cycle 1057: 2022-07-29 04:22:23
[2022-12-16 21:06:30] Word 711880 (Frame index=7048 frame address=0x00023106 word=32 mask=0x40000000)
[2022-12-16 21:06:30] Word 711981 (Frame index=7049 frame address=0x00023107 word=32 mask=0x20000000)
[2022-12-16 21:06:30] 2 bit errors
[2022-12-16 21:06:30] Cycle 1058: 2022-07-29 04:22:27
[2022-12-16 21:06:34] Word 734297 (Frame index=7270 frame address=0x00023414 word=27 mask=0x00001000)
[2022-12-16 21:06:34] 1 bit errors
[2022-12-16 21:06:34] Cycle 1059: 2022-07-29 04:22:32
[2022-12-16 21:06:38] Word 151968 (Frame index=1504 frame address=0x00001592 word=64 mask=0x00000020)
[2022-12-16 21:06:38] Word 1355190 (Frame index=13417 frame address=0x00422323 word=73 mask=0x00400000)
[2022-12-16 21:06:38] 2 bit errors
[2022-12-16 21:06:38] Cycle 1060: 2022-07-29 04:22:36
[2022-12-16 21:06:43] Cycle 1061: 2022-07-29 04:22:40
[2022-12-16 21:06:47] Cycle 1062: 2022-07-29 04:22:44
[2022-12-16 21:06:51] Word 194014 (Frame index=1920 frame address=0x00001b9a word=94 mask=0x02000000)
[2022-12-16 21:06:51] Word 869640 (Frame index=8610 frame address=0x00401288 word=30 mask=0x04000000)
[2022-12-16 21:06:51] 2 bit errors
[2022-12-16 21:06:51] Cycle 1063: 2022-07-29 04:22:48
[2022-12-16 21:06:55] Cycle 1064: 2022-07-29 04:22:52
[2022-12-16 21:06:59] Word 316003 (Frame index=3128 frame address=0x00002d14 word=75 mask=0x02000000)
[2022-12-16 21:06:59] 1 bit errors
[2022-12-16 21:06:59] Cycle 1065: 2022-07-29 04:22:57
[2022-12-16 21:07:03] Word 798371 (Frame index=7904 frame address=0x0040081c word=67 mask=0x08000000)
[2022-12-16 21:07:03] Word 798472 (Frame index=7905 frame address=0x0040081d word=67 mask=0x04000000)
[2022-12-16 21:07:03] 2 bit errors
[2022-12-16 21:07:03] Cycle 1066: 2022-07-29 04:23:01
[2022-12-16 21:07:07] Word 1156030 (Frame index=11445 frame address=0x00420687 word=85 mask=0x00002000)
[2022-12-16 21:07:07] 1 bit errors
[2022-12-16 21:07:07] Cycle 1067: 2022-07-29 04:23:05
[2022-12-16 21:07:12] Word 968644 (Frame index=9590 frame address=0x004020a2 word=54 mask=0x02000000)
[2022-12-16 21:07:12] 1 bit errors
[2022-12-16 21:07:12] Cycle 1068: 2022-07-29 04:23:09
[2022-12-16 21:07:16] Cycle 1069: 2022-07-29 04:23:13
[2022-12-16 21:07:20] Word 683604 (Frame index=6768 frame address=0x00022ca2 word=36 mask=0x00008000)
[2022-12-16 21:07:20] Word 1276794 (Frame index=12641 frame address=0x004217a1 word=53 mask=0x00000010)
[2022-12-16 21:07:20] 2 bit errors
[2022-12-16 21:07:20] Cycle 1070: 2022-07-29 04:23:17
[2022-12-16 21:07:24] Cycle 1071: 2022-07-29 04:23:22
[2022-12-16 21:07:28] Word 398948 (Frame index=3949 frame address=0x00020407 word=99 mask=0x00000400)
[2022-12-16 21:07:28] 1 bit errors
[2022-12-16 21:07:28] Cycle 1072: 2022-07-29 04:23:26
[2022-12-16 21:07:32] Word 1222711 (Frame index=12106 frame address=0x00421016 word=5 mask=0x00000080)
[2022-12-16 21:07:32] 1 bit errors
[2022-12-16 21:07:32] Cycle 1073: 2022-07-29 04:23:30
[2022-12-16 21:07:37] Cycle 1074: 2022-07-29 04:23:34
[2022-12-16 21:07:41] Cycle 1075: 2022-07-29 04:23:38
[2022-12-16 21:07:45] Word 25590 (Frame index=253 frame address=0x00000389 word=37 mask=0x40000000)
[2022-12-16 21:07:45] Word 711858 (Frame index=7048 frame address=0x00023106 word=10 mask=0x00100000)
[2022-12-16 21:07:45] Word 711959 (Frame index=7049 frame address=0x00023107 word=10 mask=0x00080000)
[2022-12-16 21:07:45] 3 bit errors
[2022-12-16 21:07:45] Cycle 1076: 2022-07-29 04:23:42
[2022-12-16 21:07:49] Word 781357 (Frame index=7736 frame address=0x004005a0 word=21 mask=0x02000000)
[2022-12-16 21:07:49] Word 934214 (Frame index=9249 frame address=0x00401c01 word=65 mask=0x00000040)
[2022-12-16 21:07:49] 2 bit errors
[2022-12-16 21:07:49] Cycle 1077: 2022-07-29 04:23:47
[2022-12-16 21:07:53] Word 1386649 (Frame index=13729 frame address=0x00422797 word=20 mask=0x00004000)
[2022-12-16 21:07:53] 1 bit errors
[2022-12-16 21:07:53] Cycle 1078: 2022-07-29 04:23:51
[2022-12-16 21:07:57] Cycle 1079: 2022-07-29 04:23:55
[2022-12-16 21:08:02] Word 398049 (Frame index=3941 frame address=0x000203a3 word=8 mask=0x00001000)
[2022-12-16 21:08:02] Word 640568 (Frame index=6342 frame address=0x000226a0 word=26 mask=0x00000c00)
[2022-12-16 21:08:02] Word 640669 (Frame index=6343 frame address=0x000226a1 word=26 mask=0x00001800)
[2022-12-16 21:08:02] Word 1047575 (Frame index=10372 frame address=0x00402c04 word=3 mask=0x00001000)
[2022-12-16 21:08:02] Word 1047676 (Frame index=10373 frame address=0x00402c05 word=3 mask=0x00000800)
[2022-12-16 21:08:02] 7 bit errors
[2022-12-16 21:08:02] Cycle 1080: 2022-07-29 04:23:59
[2022-12-16 21:08:06] Cycle 1081: 2022-07-29 04:24:03
[2022-12-16 21:08:10] Word 1281066 (Frame index=12683 frame address=0x0042188b word=83 mask=0x00000200)
[2022-12-16 21:08:10] Word 1436309 (Frame index=14220 frame address=0x00422e9a word=89 mask=0x02000000)
[2022-12-16 21:08:10] 2 bit errors
[2022-12-16 21:08:10] Cycle 1082: 2022-07-29 04:24:07
[2022-12-16 21:08:14] Cycle 1083: 2022-07-29 04:24:12
[2022-12-16 21:08:18] Word 267444 (Frame index=2647 frame address=0x00002623 word=97 mask=0x04000000)
[2022-12-16 21:08:18] 1 bit errors
[2022-12-16 21:08:18] Cycle 1084: 2022-07-29 04:24:16
[2022-12-16 21:08:22] Word 22481 (Frame index=222 frame address=0x00000306 word=59 mask=0x00000200)
[2022-12-16 21:08:22] Word 22582 (Frame index=223 frame address=0x00000307 word=59 mask=0x00000100)
[2022-12-16 21:08:22] 2 bit errors
[2022-12-16 21:08:22] Cycle 1085: 2022-07-29 04:24:20
[2022-12-16 21:08:27] Cycle 1086: 2022-07-29 04:24:24
[2022-12-16 21:08:31] Word 438547 (Frame index=4342 frame address=0x0002099c word=5 mask=0x00003000)
[2022-12-16 21:08:31] Word 438648 (Frame index=4343 frame address=0x0002099d word=5 mask=0x00001800)
[2022-12-16 21:08:31] 4 bit errors
[2022-12-16 21:08:31] Cycle 1087: 2022-07-29 04:24:28
[2022-12-16 21:08:35] Word 1095810 (Frame index=10849 frame address=0x00403309 word=61 mask=0x00001000)
[2022-12-16 21:08:35] 1 bit errors
[2022-12-16 21:08:35] Cycle 1088: 2022-07-29 04:24:32
[2022-12-16 21:08:39] Word 710272 (Frame index=7032 frame address=0x0002309a word=40 mask=0x00000002)
[2022-12-16 21:08:39] 1 bit errors
[2022-12-16 21:08:39] Cycle 1089: 2022-07-29 04:24:37
[2022-12-16 21:08:43] Word 1039106 (Frame index=10288 frame address=0x00402a9c word=18 mask=0x00001000)
[2022-12-16 21:08:43] Word 1039207 (Frame index=10289 frame address=0x00402a9d word=18 mask=0x00001800)
[2022-12-16 21:08:43] 3 bit errors
[2022-12-16 21:08:43] Cycle 1090: 2022-07-29 04:24:41
[2022-12-16 21:08:47] Cycle 1091: 2022-07-29 04:24:45
[2022-12-16 21:08:52] Word 368472 (Frame index=3648 frame address=0x0000349e word=24 mask=0x00000001)
[2022-12-16 21:08:52] Word 407298 (Frame index=4032 frame address=0x0002051a word=66 mask=0x00008000)
[2022-12-16 21:08:52] 2 bit errors
[2022-12-16 21:08:52] Cycle 1092: 2022-07-29 04:24:49
[2022-12-16 21:08:56] Cycle 1093: 2022-07-29 04:24:53
[2022-12-16 21:09:00] Cycle 1094: 2022-07-29 04:24:57
[2022-12-16 21:09:04] Word 1007518 (Frame index=9975 frame address=0x00402683 word=43 mask=0x00000100)
[2022-12-16 21:09:04] Word 1199570 (Frame index=11876 frame address=0x00420c9c word=94 mask=0x0c000000)
[2022-12-16 21:09:04] Word 1199671 (Frame index=11877 frame address=0x00420c9d word=94 mask=0x06000000)
[2022-12-16 21:09:04] 5 bit errors
[2022-12-16 21:09:04] Cycle 1095: 2022-07-29 04:25:02
[2022-12-16 21:09:08] Cycle 1096: 2022-07-29 04:25:06
[2022-12-16 21:09:12] Cycle 1097: 2022-07-29 04:25:10
[2022-12-16 21:09:17] Word 396174 (Frame index=3922 frame address=0x00020390 word=52 mask=0x00000800)
[2022-12-16 21:09:17] Word 1073697 (Frame index=10630 frame address=0x00402f9a word=67 mask=0x00000200)
[2022-12-16 21:09:17] Word 1073798 (Frame index=10631 frame address=0x00402f9b word=67 mask=0x00000400)
[2022-12-16 21:09:17] 3 bit errors
[2022-12-16 21:09:17] Cycle 1098: 2022-07-29 04:25:14
[2022-12-16 21:09:21] Word 738235 (Frame index=7309 frame address=0x0002349d word=26 mask=0x00080000)
[2022-12-16 21:09:21] 1 bit errors
[2022-12-16 21:09:21] Cycle 1099: 2022-07-29 04:25:18
[2022-12-16 21:09:25] Word 669384 (Frame index=6627 frame address=0x00022a9d word=57 mask=0x00000020)
[2022-12-16 21:09:25] 1 bit errors
[2022-12-16 21:09:25] Cycle 1100: 2022-07-29 04:25:22
[2022-12-16 21:09:29] Cycle 1101: 2022-07-29 04:25:26
[2022-12-16 21:09:33] Word 717524 (Frame index=7104 frame address=0x0002319a word=20 mask=0x02000000)
[2022-12-16 21:09:33] Word 1067313 (Frame index=10567 frame address=0x00402ea3 word=46 mask=0x00000008)
[2022-12-16 21:09:33] 2 bit errors
[2022-12-16 21:09:33] Cycle 1102: 2022-07-29 04:25:31
[2022-12-16 21:09:37] Cycle 1103: 2022-07-29 04:25:35
[2022-12-16 21:09:42] Word 160331 (Frame index=1587 frame address=0x00001701 word=44 mask=0x00000800)
[2022-12-16 21:09:42] Word 923591 (Frame index=9144 frame address=0x00401a22 word=47 mask=0x02000000)
[2022-12-16 21:09:42] 2 bit errors
[2022-12-16 21:09:42] Cycle 1104: 2022-07-29 04:25:39
[2022-12-16 21:09:46] Cycle 1105: 2022-07-29 04:25:43
[2022-12-16 21:09:50] Cycle 1106: 2022-07-29 04:25:47
[2022-12-16 21:09:54] Word 1238260 (Frame index=12260 frame address=0x00421220 word=0 mask=0x00000400)
[2022-12-16 21:09:54] Word 1407442 (Frame index=13935 frame address=0x00422a8d word=7 mask=0x00000200)
[2022-12-16 21:09:54] 2 bit errors
[2022-12-16 21:09:54] Cycle 1107: 2022-07-29 04:25:51
[2022-12-16 21:09:58] Word 1521212 (Frame index=15061 frame address=0x004405a1 word=51 mask=0x00000100)
[2022-12-16 21:09:58] 1 bit errors
[2022-12-16 21:09:58] Cycle 1108: 2022-07-29 04:25:56
[2022-12-16 21:10:02] Word 294081 (Frame index=2911 frame address=0x00002a0b word=70 mask=0x00000100)
[2022-12-16 21:10:02] 1 bit errors
[2022-12-16 21:10:02] Cycle 1109: 2022-07-29 04:26:00
[2022-12-16 21:10:07] Cycle 1110: 2022-07-29 04:26:04
[2022-12-16 21:10:11] Word 1792693 (Frame index=17749 frame address=0x00442c9d word=44 mask=0x00080000)
[2022-12-16 21:10:11] 1 bit errors
[2022-12-16 21:10:11] Cycle 1111: 2022-07-29 04:26:08
[2022-12-16 21:10:15] Cycle 1112: 2022-07-29 04:26:12
[2022-12-16 21:10:19] Word 671458 (Frame index=6648 frame address=0x00022b0e word=10 mask=0x10000000)
[2022-12-16 21:10:19] Word 671559 (Frame index=6649 frame address=0x00022b0f word=10 mask=0x08000000)
[2022-12-16 21:10:19] 2 bit errors
[2022-12-16 21:10:19] Cycle 1113: 2022-07-29 04:26:16
[2022-12-16 21:10:23] Word 1198693 (Frame index=11868 frame address=0x00420c94 word=25 mask=0x00008000)
[2022-12-16 21:10:23] Word 1198794 (Frame index=11869 frame address=0x00420c95 word=25 mask=0x00004000)
[2022-12-16 21:10:23] 2 bit errors
[2022-12-16 21:10:23] Cycle 1114: 2022-07-29 04:26:21
[2022-12-16 21:10:27] Cycle 1115: 2022-07-29 04:26:25
[2022-12-16 21:10:31] Cycle 1116: 2022-07-29 04:26:29
[2022-12-16 21:10:36] Word 240857 (Frame index=2384 frame address=0x00002290 word=73 mask=0x10000000)
[2022-12-16 21:10:36] Word 240958 (Frame index=2385 frame address=0x00002291 word=73 mask=0x08000000)
[2022-12-16 21:10:36] 2 bit errors
[2022-12-16 21:10:36] Cycle 1117: 2022-07-29 04:26:33
[2022-12-16 21:10:40] Word 871642 (Frame index=8630 frame address=0x0040129c word=12 mask=0x00000001)
[2022-12-16 21:10:40] 1 bit errors
[2022-12-16 21:10:40] Cycle 1118: 2022-07-29 04:26:37
[2022-12-16 21:10:44] Cycle 1119: 2022-07-29 04:26:41
[2022-12-16 21:10:48] Word 1742871 (Frame index=17256 frame address=0x004425a0 word=15 mask=0xe0000000)
[2022-12-16 21:10:48] Word 1742972 (Frame index=17257 frame address=0x004425a1 word=15 mask=0xc0000000)
[2022-12-16 21:10:48] Word 1742973 (Frame index=17257 frame address=0x004425a1 word=16 mask=0x00000001)
[2022-12-16 21:10:48] 6 bit errors
[2022-12-16 21:10:48] Cycle 1120: 2022-07-29 04:26:46
[2022-12-16 21:10:52] Word 1518037 (Frame index=15030 frame address=0x00440582 word=7 mask=0x06000000)
[2022-12-16 21:10:52] Word 1518138 (Frame index=15031 frame address=0x00440583 word=7 mask=0x02000000)
[2022-12-16 21:10:52] 3 bit errors
[2022-12-16 21:10:52] Cycle 1121: 2022-07-29 04:26:50
[2022-12-16 21:10:56] Cycle 1122: 2022-07-29 04:26:54
[2022-12-16 21:11:01] Word 85380 (Frame index=845 frame address=0x00000c0d word=35 mask=0x08000000)
[2022-12-16 21:11:01] 1 bit errors
[2022-12-16 21:11:01] Cycle 1123: 2022-07-29 04:26:58
[2022-12-16 21:11:05] Word 1323587 (Frame index=13104 frame address=0x00421e96 word=83 mask=0x00001000)
[2022-12-16 21:11:05] Word 1323688 (Frame index=13105 frame address=0x00421e97 word=83 mask=0x00000800)
[2022-12-16 21:11:05] 2 bit errors
[2022-12-16 21:11:05] Cycle 1124: 2022-07-29 04:27:02
[2022-12-16 21:11:09] Word 682367 (Frame index=6756 frame address=0x00022c96 word=11 mask=0x00000200)
[2022-12-16 21:11:09] Word 777787 (Frame index=7700 frame address=0x00400520 word=87 mask=0x00000800)
[2022-12-16 21:11:09] 2 bit errors
[2022-12-16 21:11:09] Cycle 1125: 2022-07-29 04:27:06
[2022-12-16 21:11:13] Cycle 1126: 2022-07-29 04:27:11
[2022-12-16 21:11:17] Word 747194 (Frame index=7397 frame address=0x00400101 word=97 mask=0x00800000)
[2022-12-16 21:11:17] 1 bit errors
[2022-12-16 21:11:17] Cycle 1127: 2022-07-29 04:27:15
[2022-12-16 21:11:21] Cycle 1128: 2022-07-29 04:27:19
[2022-12-16 21:11:26] Cycle 1129: 2022-07-29 04:27:23
[2022-12-16 21:11:30] Cycle 1130: 2022-07-29 04:27:27
[2022-12-16 21:11:34] Cycle 1131: 2022-07-29 04:27:31
[2022-12-16 21:11:38] Cycle 1132: 2022-07-29 04:27:36
[2022-12-16 21:11:42] Cycle 1133: 2022-07-29 04:27:40
[2022-12-16 21:11:46] Cycle 1134: 2022-07-29 04:27:44
[2022-12-16 21:11:51] Cycle 1135: 2022-07-29 04:27:48
[2022-12-16 21:11:55] Cycle 1136: 2022-07-29 04:27:52
[2022-12-16 21:11:59] Cycle 1137: 2022-07-29 04:27:56
[2022-12-16 21:12:03] Word 1077025 (Frame index=10663 frame address=0x00403017 word=62 mask=0x40000000)
[2022-12-16 21:12:03] 1 bit errors
[2022-12-16 21:12:03] Cycle 1138: 2022-07-29 04:28:01
[2022-12-16 21:12:07] Cycle 1139: 2022-07-29 04:28:05
[2022-12-16 21:12:11] Cycle 1140: 2022-07-29 04:28:09
[2022-12-16 21:12:16] Word 837370 (Frame index=8290 frame address=0x00400da0 word=80 mask=0x00002000)
[2022-12-16 21:12:16] Word 837471 (Frame index=8291 frame address=0x00400da1 word=80 mask=0x00002000)
[2022-12-16 21:12:16] Word 1214070 (Frame index=12020 frame address=0x00420f00 word=50 mask=0x00010000)
[2022-12-16 21:12:16] Word 1214171 (Frame index=12021 frame address=0x00420f01 word=50 mask=0x00008000)
[2022-12-16 21:12:16] 4 bit errors
[2022-12-16 21:12:16] Cycle 1141: 2022-07-29 04:28:13
[2022-12-16 21:12:20] Word 1145422 (Frame index=11340 frame address=0x0042050a word=82 mask=0x80000000)
[2022-12-16 21:12:20] 1 bit errors
[2022-12-16 21:12:20] Cycle 1142: 2022-07-29 04:28:17
[2022-12-16 21:12:24] Cycle 1143: 2022-07-29 04:28:21
[2022-12-16 21:12:28] Cycle 1144: 2022-07-29 04:28:25
[2022-12-16 21:12:32] Cycle 1145: 2022-07-29 04:28:30
[2022-12-16 21:12:36] Word 1230163 (Frame index=12179 frame address=0x00421117 word=84 mask=0x00000008)
[2022-12-16 21:12:36] 1 bit errors
[2022-12-16 21:12:36] Cycle 1146: 2022-07-29 04:28:34
[2022-12-16 21:12:41] Word 1789564 (Frame index=17718 frame address=0x00442c1a word=46 mask=0x00200000)
[2022-12-16 21:12:41] 1 bit errors
[2022-12-16 21:12:41] Cycle 1147: 2022-07-29 04:28:38
[2022-12-16 21:12:45] Word 1759048 (Frame index=17416 frame address=0x0044280c word=32 mask=0x00000010)
[2022-12-16 21:12:45] 1 bit errors
[2022-12-16 21:12:45] Cycle 1148: 2022-07-29 04:28:42
[2022-12-16 21:12:49] Word 55251 (Frame index=547 frame address=0x0000079f word=4 mask=0x00000008)
[2022-12-16 21:12:49] 1 bit errors
[2022-12-16 21:12:49] Cycle 1149: 2022-07-29 04:28:46
[2022-12-16 21:12:53] Cycle 1150: 2022-07-29 04:28:50
[2022-12-16 21:12:57] Cycle 1151: 2022-07-29 04:28:55
[2022-12-16 21:13:01] Cycle 1152: 2022-07-29 04:28:59
[2022-12-16 21:13:06] Cycle 1153: 2022-07-29 04:29:03
[2022-12-16 21:13:10] Cycle 1154: 2022-07-29 04:29:07
[2022-12-16 21:13:14] Word 1747398 (Frame index=17300 frame address=0x00442684 word=98 mask=0x00000800)
[2022-12-16 21:13:14] 1 bit errors
[2022-12-16 21:13:14] Cycle 1155: 2022-07-29 04:29:11
[2022-12-16 21:13:18] Cycle 1156: 2022-07-29 04:29:15
[2022-12-16 21:13:22] Word 658978 (Frame index=6524 frame address=0x00022922 word=54 mask=0x00020000)
[2022-12-16 21:13:22] Word 1265804 (Frame index=12532 frame address=0x00421620 word=72 mask=0x00000008)
[2022-12-16 21:13:22] Word 1265905 (Frame index=12533 frame address=0x00421621 word=72 mask=0x00000010)
[2022-12-16 21:13:22] 3 bit errors
[2022-12-16 21:13:22] Cycle 1157: 2022-07-29 04:29:20
[2022-12-16 21:13:26] Cycle 1158: 2022-07-29 04:29:24
[2022-12-16 21:13:30] Word 894684 (Frame index=8858 frame address=0x00401614 word=26 mask=0x00000800)
[2022-12-16 21:13:30] Word 1423393 (Frame index=14093 frame address=0x00422ca3 word=0 mask=0x00400000)
[2022-12-16 21:13:30] 2 bit errors
[2022-12-16 21:13:30] Cycle 1159: 2022-07-29 04:29:28
[2022-12-16 21:13:35] Cycle 1160: 2022-07-29 04:29:32
[2022-12-16 21:13:39] Word 766807 (Frame index=7592 frame address=0x00400398 word=15 mask=0x00080000)
[2022-12-16 21:13:39] Word 1245620 (Frame index=12332 frame address=0x00421320 word=88 mask=0x00004000)
[2022-12-16 21:13:39] Word 1245721 (Frame index=12333 frame address=0x00421321 word=88 mask=0x00008000)
[2022-12-16 21:13:39] Word 1490621 (Frame index=14758 frame address=0x00440182 word=63 mask=0x00040000)
[2022-12-16 21:13:39] 4 bit errors
[2022-12-16 21:13:39] Cycle 1161: 2022-07-29 04:29:36
[2022-12-16 21:13:43] Cycle 1162: 2022-07-29 04:29:40
[2022-12-16 21:13:47] Cycle 1163: 2022-07-29 04:29:45
[2022-12-16 21:13:51] Word 642219 (Frame index=6358 frame address=0x0002270c word=61 mask=0x00000020)
[2022-12-16 21:13:51] 1 bit errors
[2022-12-16 21:13:51] Cycle 1164: 2022-07-29 04:29:49
[2022-12-16 21:13:55] Cycle 1165: 2022-07-29 04:29:53
[2022-12-16 21:14:00] Cycle 1166: 2022-07-29 04:29:57
[2022-12-16 21:14:04] Cycle 1167: 2022-07-29 04:30:01
[2022-12-16 21:14:08] Word 144937 (Frame index=1435 frame address=0x00001495 word=2 mask=0x00002000)
[2022-12-16 21:14:08] 1 bit errors
[2022-12-16 21:14:08] Cycle 1168: 2022-07-29 04:30:05
[2022-12-16 21:14:12] Cycle 1169: 2022-07-29 04:30:10
[2022-12-16 21:14:16] Cycle 1170: 2022-07-29 04:30:14
[2022-12-16 21:14:20] Word 637965 (Frame index=6316 frame address=0x00022686 word=49 mask=0x00004000)
[2022-12-16 21:14:20] 1 bit errors
[2022-12-16 21:14:20] Cycle 1171: 2022-07-29 04:30:18
[2022-12-16 21:14:25] Cycle 1172: 2022-07-29 04:30:22
[2022-12-16 21:14:29] Cycle 1173: 2022-07-29 04:30:26
[2022-12-16 21:14:33] Cycle 1174: 2022-07-29 04:30:30
[2022-12-16 21:14:37] Cycle 1175: 2022-07-29 04:30:35
[2022-12-16 21:14:41] Word 445891 (Frame index=4414 frame address=0x00020a9c word=77 mask=0x08000000)
[2022-12-16 21:14:41] 1 bit errors
[2022-12-16 21:14:41] Cycle 1176: 2022-07-29 04:30:39
[2022-12-16 21:14:45] Word 220766 (Frame index=2185 frame address=0x00001f99 word=81 mask=0x00200000)
[2022-12-16 21:14:45] 1 bit errors
[2022-12-16 21:14:45] Cycle 1177: 2022-07-29 04:30:43
[2022-12-16 21:14:50] Cycle 1178: 2022-07-29 04:30:47
[2022-12-16 21:14:54] Cycle 1179: 2022-07-29 04:30:51
[2022-12-16 21:14:58] Word 352958 (Frame index=3494 frame address=0x0000328e word=64 mask=0x00000080)
[2022-12-16 21:14:58] 1 bit errors
[2022-12-16 21:14:58] Cycle 1180: 2022-07-29 04:30:55
[2022-12-16 21:15:02] Cycle 1181: 2022-07-29 04:30:59
[2022-12-16 21:15:06] Word 777405 (Frame index=7697 frame address=0x0040051d word=8 mask=0x80000000)
[2022-12-16 21:15:06] 1 bit errors
[2022-12-16 21:15:06] Cycle 1182: 2022-07-29 04:31:04
[2022-12-16 21:15:10] Cycle 1183: 2022-07-29 04:31:08
[2022-12-16 21:15:15] Cycle 1184: 2022-07-29 04:31:12
[2022-12-16 21:15:19] Cycle 1185: 2022-07-29 04:31:16
[2022-12-16 21:15:23] Cycle 1186: 2022-07-29 04:31:20
[2022-12-16 21:15:27] Word 1369934 (Frame index=13563 frame address=0x00422581 word=71 mask=0x00000001)
[2022-12-16 21:15:27] 1 bit errors
[2022-12-16 21:15:27] Cycle 1187: 2022-07-29 04:31:24
[2022-12-16 21:15:31] Cycle 1188: 2022-07-29 04:31:29
[2022-12-16 21:15:35] Cycle 1189: 2022-07-29 04:31:33
[2022-12-16 21:15:40] Word 298708 (Frame index=2957 frame address=0x00002a95 word=51 mask=0x10000000)
[2022-12-16 21:15:40] 1 bit errors
[2022-12-16 21:15:40] Cycle 1190: 2022-07-29 04:31:37
[2022-12-16 21:15:44] Word 901930 (Frame index=8930 frame address=0x00401714 word=0 mask=0x00000002)
[2022-12-16 21:15:44] Word 1182907 (Frame index=11711 frame address=0x00420a81 word=96 mask=0x00000001)
[2022-12-16 21:15:44] 2 bit errors
[2022-12-16 21:15:44] Cycle 1191: 2022-07-29 04:31:41
[2022-12-16 21:15:48] Cycle 1192: 2022-07-29 04:31:45
[2022-12-16 21:15:52] Word 183002 (Frame index=1811 frame address=0x00001a19 word=91 mask=0x00400000)
[2022-12-16 21:15:52] 1 bit errors
[2022-12-16 21:15:52] Cycle 1193: 2022-07-29 04:31:49
[2022-12-16 21:15:56] Cycle 1194: 2022-07-29 04:31:54
[2022-12-16 21:16:00] Cycle 1195: 2022-07-29 04:31:58
[2022-12-16 21:16:05] Word 626607 (Frame index=6204 frame address=0x00022502 word=3 mask=0x00000008)
[2022-12-16 21:16:05] Word 626708 (Frame index=6205 frame address=0x00022503 word=3 mask=0x00000008)
[2022-12-16 21:16:05] Word 782024 (Frame index=7742 frame address=0x00400602 word=82 mask=0x00000100)
[2022-12-16 21:16:05] Word 782125 (Frame index=7743 frame address=0x00400603 word=82 mask=0x00000080)
[2022-12-16 21:16:05] 4 bit errors
[2022-12-16 21:16:05] Cycle 1196: 2022-07-29 04:32:02
[2022-12-16 21:16:09] Cycle 1197: 2022-07-29 04:32:06
[2022-12-16 21:16:13] Word 212911 (Frame index=2108 frame address=0x00001e8c word=3 mask=0x00000002)
[2022-12-16 21:16:13] Word 213012 (Frame index=2109 frame address=0x00001e8d word=3 mask=0x00000002)
[2022-12-16 21:16:13] 2 bit errors
[2022-12-16 21:16:13] Cycle 1198: 2022-07-29 04:32:10
[2022-12-16 21:16:17] Cycle 1199: 2022-07-29 04:32:14
[2022-12-16 21:16:21] Cycle 1200: 2022-07-29 04:32:19
[2022-12-16 21:16:25] Cycle 1201: 2022-07-29 04:32:23
[2022-12-16 21:16:29] Word 349935 (Frame index=3464 frame address=0x00003214 word=71 mask=0x00000040)
[2022-12-16 21:16:29] Word 1768604 (Frame index=17510 frame address=0x00442922 word=94 mask=0x00000004)
[2022-12-16 21:16:29] 2 bit errors
[2022-12-16 21:16:29] Cycle 1202: 2022-07-29 04:32:27
[2022-12-16 21:16:33] Cycle 1203: 2022-07-29 04:32:31
[2022-12-16 21:16:38] Word 1000456 (Frame index=9905 frame address=0x00402585 word=51 mask=0x00000800)
[2022-12-16 21:16:38] 1 bit errors
[2022-12-16 21:16:38] Cycle 1204: 2022-07-29 04:32:35
[2022-12-16 21:16:42] Cycle 1205: 2022-07-29 04:32:39
[2022-12-16 21:16:46] Word 724834 (Frame index=7176 frame address=0x000232a2 word=58 mask=0x00008000)
[2022-12-16 21:16:46] 1 bit errors
[2022-12-16 21:16:46] Cycle 1206: 2022-07-29 04:32:44
[2022-12-16 21:16:50] Word 1049824 (Frame index=10394 frame address=0x00402c1a word=30 mask=0x00800000)
[2022-12-16 21:16:50] 1 bit errors
[2022-12-16 21:16:50] Cycle 1207: 2022-07-29 04:32:48
[2022-12-16 21:16:54] Word 1242025 (Frame index=12297 frame address=0x004212a1 word=28 mask=0x01000000)
[2022-12-16 21:16:54] 1 bit errors
[2022-12-16 21:16:54] Cycle 1208: 2022-07-29 04:32:52
[2022-12-16 21:16:58] Cycle 1209: 2022-07-29 04:32:56
[2022-12-16 21:17:02] Cycle 1210: 2022-07-29 04:33:00
[2022-12-16 21:17:07] Word 132500 (Frame index=1311 frame address=0x000012a1 word=89 mask=0x00002000)
[2022-12-16 21:17:07] 1 bit errors
[2022-12-16 21:17:07] Cycle 1211: 2022-07-29 04:33:04
[2022-12-16 21:17:11] Cycle 1212: 2022-07-29 04:33:09
[2022-12-16 21:17:15] Cycle 1213: 2022-07-29 04:33:13
[2022-12-16 21:17:19] Word 14506 (Frame index=143 frame address=0x000001a3 word=63 mask=0x00000004)
[2022-12-16 21:17:19] 1 bit errors
[2022-12-16 21:17:19] Cycle 1214: 2022-07-29 04:33:17
[2022-12-16 21:17:23] Cycle 1215: 2022-07-29 04:33:21
[2022-12-16 21:17:27] Cycle 1216: 2022-07-29 04:33:25
[2022-12-16 21:17:32] Cycle 1217: 2022-07-29 04:33:29
[2022-12-16 21:17:36] Cycle 1218: 2022-07-29 04:33:33
[2022-12-16 21:17:40] Cycle 1219: 2022-07-29 04:33:38
[2022-12-16 21:17:44] Cycle 1220: 2022-07-29 04:33:42
[2022-12-16 21:17:48] Cycle 1221: 2022-07-29 04:33:46
[2022-12-16 21:17:52] Word 936514 (Frame index=9272 frame address=0x00401c18 word=42 mask=0x00400000)
[2022-12-16 21:17:52] Word 936615 (Frame index=9273 frame address=0x00401c19 word=42 mask=0x00400000)
[2022-12-16 21:17:52] 2 bit errors
[2022-12-16 21:17:52] Cycle 1222: 2022-07-29 04:33:50
[2022-12-16 21:17:57] Word 1480093 (Frame index=14654 frame address=0x00440006 word=39 mask=0x00000001)
[2022-12-16 21:17:57] 1 bit errors
[2022-12-16 21:17:57] Cycle 1223: 2022-07-29 04:33:54
[2022-12-16 21:18:01] Cycle 1224: 2022-07-29 04:33:58
[2022-12-16 21:18:05] Cycle 1225: 2022-07-29 04:34:03
[2022-12-16 21:18:09] Word 251045 (Frame index=2485 frame address=0x00002411 word=60 mask=0x04000000)
[2022-12-16 21:18:09] Word 909786 (Frame index=9007 frame address=0x00401819 word=79 mask=0x00010000)
[2022-12-16 21:18:09] 2 bit errors
[2022-12-16 21:18:09] Cycle 1226: 2022-07-29 04:34:07
[2022-12-16 21:18:13] Word 1441082 (Frame index=14268 frame address=0x00422f82 word=14 mask=0x00020000)
[2022-12-16 21:18:13] Word 1441183 (Frame index=14269 frame address=0x00422f83 word=14 mask=0x00010000)
[2022-12-16 21:18:13] 2 bit errors
[2022-12-16 21:18:13] Cycle 1227: 2022-07-29 04:34:11
[2022-12-16 21:18:17] Cycle 1228: 2022-07-29 04:34:15
[2022-12-16 21:18:22] Cycle 1229: 2022-07-29 04:34:19
[2022-12-16 21:18:26] Word 37444 (Frame index=370 frame address=0x0000051a word=74 mask=0x04000000)
[2022-12-16 21:18:26] 1 bit errors
[2022-12-16 21:18:26] Cycle 1230: 2022-07-29 04:34:23
[2022-12-16 21:18:30] Word 1389196 (Frame index=13754 frame address=0x0042280c word=42 mask=0x00010000)
[2022-12-16 21:18:30] Word 1389297 (Frame index=13755 frame address=0x0042280d word=42 mask=0x00010000)
[2022-12-16 21:18:30] Word 1577241 (Frame index=15616 frame address=0x00440da2 word=25 mask=0x08000000)
[2022-12-16 21:18:30] 3 bit errors
[2022-12-16 21:18:30] Cycle 1231: 2022-07-29 04:34:28
[2022-12-16 21:18:34] Cycle 1232: 2022-07-29 04:34:32
[2022-12-16 21:18:38] Word 367206 (Frame index=3635 frame address=0x00003491 word=71 mask=0x00400000)
[2022-12-16 21:18:38] Word 968707 (Frame index=9591 frame address=0x004020a3 word=16 mask=0x02000000)
[2022-12-16 21:18:38] 2 bit errors
[2022-12-16 21:18:38] Cycle 1233: 2022-07-29 04:34:36
[2022-12-16 21:18:42] Cycle 1234: 2022-07-29 04:34:40
[2022-12-16 21:18:47] Cycle 1235: 2022-07-29 04:34:44
[2022-12-16 21:18:51] Word 191535 (Frame index=1896 frame address=0x00001b82 word=39 mask=0x20000000)
[2022-12-16 21:18:51] Word 310449 (Frame index=3073 frame address=0x00002c81 word=76 mask=0x00400000)
[2022-12-16 21:18:51] 2 bit errors
[2022-12-16 21:18:51] Cycle 1236: 2022-07-29 04:34:48
[2022-12-16 21:18:55] Cycle 1237: 2022-07-29 04:34:53
[2022-12-16 21:18:59] Word 988873 (Frame index=9790 frame address=0x004023a2 word=83 mask=0x00000400)
[2022-12-16 21:18:59] Word 988974 (Frame index=9791 frame address=0x004023a3 word=83 mask=0x00000200)
[2022-12-16 21:18:59] 2 bit errors
[2022-12-16 21:18:59] Cycle 1238: 2022-07-29 04:34:57
[2022-12-16 21:19:03] Cycle 1239: 2022-07-29 04:35:01
[2022-12-16 21:19:07] Word 392643 (Frame index=3887 frame address=0x00020309 word=56 mask=0x00000010)
[2022-12-16 21:19:07] Word 1577212 (Frame index=15615 frame address=0x00440da1 word=97 mask=0x00000008)
[2022-12-16 21:19:07] 2 bit errors
[2022-12-16 21:19:07] Cycle 1240: 2022-07-29 04:35:05
[2022-12-16 21:19:12] Cycle 1241: 2022-07-29 04:35:09
[2022-12-16 21:19:16] Cycle 1242: 2022-07-29 04:35:13
[2022-12-16 21:19:20] Word 394374 (Frame index=3904 frame address=0x0002031a word=70 mask=0x0000f800)
[2022-12-16 21:19:20] Word 461557 (Frame index=4569 frame address=0x00020d09 word=88 mask=0x00400000)
[2022-12-16 21:19:20] Word 461658 (Frame index=4570 frame address=0x00020d0a word=88 mask=0x01000000)
[2022-12-16 21:19:20] Word 461759 (Frame index=4571 frame address=0x00020d0b word=88 mask=0x00800000)
[2022-12-16 21:19:20] Word 1011557 (Frame index=10015 frame address=0x00402707 word=42 mask=0x00000040)
[2022-12-16 21:19:20] 9 bit errors
[2022-12-16 21:19:20] Cycle 1243: 2022-07-29 04:35:18
[2022-12-16 21:19:24] Word 1503936 (Frame index=14890 frame address=0x0044031a word=46 mask=0x10000000)
[2022-12-16 21:19:24] 1 bit errors
[2022-12-16 21:19:24] Cycle 1244: 2022-07-29 04:35:22
[2022-12-16 21:19:28] Word 1031419 (Frame index=10212 frame address=0x00402998 word=7 mask=0x00000020)
[2022-12-16 21:19:28] 1 bit errors
[2022-12-16 21:19:28] Cycle 1245: 2022-07-29 04:35:26
[2022-12-16 21:19:33] Cycle 1246: 2022-07-29 04:35:30
[2022-12-16 21:19:37] Word 305622 (Frame index=3025 frame address=0x00002b91 word=97 mask=0x80000000)
[2022-12-16 21:19:37] Word 1537701 (Frame index=15224 frame address=0x00440818 word=77 mask=0x00000040)
[2022-12-16 21:19:37] Word 1537802 (Frame index=15225 frame address=0x00440819 word=77 mask=0x00000020)
[2022-12-16 21:19:37] 3 bit errors
[2022-12-16 21:19:37] Cycle 1247: 2022-07-29 04:35:34
[2022-12-16 21:19:41] Word 833498 (Frame index=8252 frame address=0x00400d1e word=46 mask=0x00010000)
[2022-12-16 21:19:41] 1 bit errors
[2022-12-16 21:19:41] Cycle 1248: 2022-07-29 04:35:38
[2022-12-16 21:19:45] Word 640637 (Frame index=6342 frame address=0x000226a0 word=95 mask=0x00000008)
[2022-12-16 21:19:45] Word 640738 (Frame index=6343 frame address=0x000226a1 word=95 mask=0x00000010)
[2022-12-16 21:19:45] Word 1444002 (Frame index=14297 frame address=0x00422f9f word=5 mask=0x08000000)
[2022-12-16 21:19:45] Word 1531415 (Frame index=15162 frame address=0x0044071a word=53 mask=0x00000020)
[2022-12-16 21:19:45] 4 bit errors
[2022-12-16 21:19:45] Cycle 1249: 2022-07-29 04:35:43
[2022-12-16 21:19:49] Word 1203135 (Frame index=11912 frame address=0x00420d1c word=23 mask=0x00000010)
[2022-12-16 21:19:49] Word 1203236 (Frame index=11913 frame address=0x00420d1d word=23 mask=0x00000008)
[2022-12-16 21:19:49] 2 bit errors
[2022-12-16 21:19:49] Cycle 1250: 2022-07-29 04:35:47
[2022-12-16 21:19:53] Word 650980 (Frame index=6445 frame address=0x0002281b word=35 mask=0x00000001)
[2022-12-16 21:19:53] Word 710498 (Frame index=7034 frame address=0x0002309c word=64 mask=0x00000200)
[2022-12-16 21:19:53] Word 794951 (Frame index=7870 frame address=0x0040079e word=81 mask=0x00000080)
[2022-12-16 21:19:53] Word 1265715 (Frame index=12531 frame address=0x0042161f word=84 mask=0x00000002)
[2022-12-16 21:19:53] 4 bit errors
[2022-12-16 21:19:53] Cycle 1251: 2022-07-29 04:35:51
[2022-12-16 21:19:58] Word 358563 (Frame index=3550 frame address=0x00003322 word=13 mask=0x00004000)
[2022-12-16 21:19:58] 1 bit errors
[2022-12-16 21:19:58] Cycle 1252: 2022-07-29 04:35:55
[2022-12-16 21:20:02] Cycle 1253: 2022-07-29 04:35:59
[2022-12-16 21:20:06] Word 397815 (Frame index=3938 frame address=0x000203a0 word=77 mask=0x00000200)
[2022-12-16 21:20:06] Word 1131238 (Frame index=11200 frame address=0x004202a2 word=38 mask=0x00000008)
[2022-12-16 21:20:06] Word 1604988 (Frame index=15890 frame address=0x00441200 word=98 mask=0x00040000)
[2022-12-16 21:20:06] Word 1605089 (Frame index=15891 frame address=0x00441201 word=98 mask=0x00020000)
[2022-12-16 21:20:06] 4 bit errors
[2022-12-16 21:20:06] Cycle 1254: 2022-07-29 04:36:03
[2022-12-16 21:20:10] Cycle 1255: 2022-07-29 04:36:08
[2022-12-16 21:20:14] Cycle 1256: 2022-07-29 04:36:12
[2022-12-16 21:20:18] Cycle 1257: 2022-07-29 04:36:16
[2022-12-16 21:20:23] Cycle 1258: 2022-07-29 04:36:20
[2022-12-16 21:20:27] Cycle 1259: 2022-07-29 04:36:24
[2022-12-16 21:20:31] Cycle 1260: 2022-07-29 04:36:28
[2022-12-16 21:20:35] Cycle 1261: 2022-07-29 04:36:33
[2022-12-16 21:20:39] Cycle 1262: 2022-07-29 04:36:37
[2022-12-16 21:20:43] Cycle 1263: 2022-07-29 04:36:41
[2022-12-16 21:20:48] Cycle 1264: 2022-07-29 04:36:45
[2022-12-16 21:20:52] Cycle 1265: 2022-07-29 04:36:49
[2022-12-16 21:20:56] Cycle 1266: 2022-07-29 04:36:53
[2022-12-16 21:21:00] Word 1039457 (Frame index=10291 frame address=0x00402a9f word=66 mask=0x04000000)
[2022-12-16 21:21:00] 1 bit errors
[2022-12-16 21:21:00] Cycle 1267: 2022-07-29 04:36:57
[2022-12-16 21:21:04] Cycle 1268: 2022-07-29 04:37:02
[2022-12-16 21:21:08] Word 656876 (Frame index=6503 frame address=0x0002290d word=73 mask=0x00080000)
[2022-12-16 21:21:08] 1 bit errors
[2022-12-16 21:21:08] Cycle 1269: 2022-07-29 04:37:06
[2022-12-16 21:21:13] Cycle 1270: 2022-07-29 04:37:10
[2022-12-16 21:21:17] Word 458299 (Frame index=4537 frame address=0x00020c8d word=62 mask=0x00008000)
[2022-12-16 21:21:17] 1 bit errors
[2022-12-16 21:21:17] Cycle 1271: 2022-07-29 04:37:14
[2022-12-16 21:21:21] Word 1189593 (Frame index=11778 frame address=0x00420b20 word=15 mask=0x00000c00)
[2022-12-16 21:21:21] Word 1189694 (Frame index=11779 frame address=0x00420b21 word=15 mask=0x00001800)
[2022-12-16 21:21:21] 4 bit errors
[2022-12-16 21:21:21] Cycle 1272: 2022-07-29 04:37:18
[2022-12-16 21:21:25] Cycle 1273: 2022-07-29 04:37:22
[2022-12-16 21:21:29] Cycle 1274: 2022-07-29 04:37:27
[2022-12-16 21:21:33] Cycle 1275: 2022-07-29 04:37:31
[2022-12-16 21:21:38] Cycle 1276: 2022-07-29 04:37:35
[2022-12-16 21:21:42] Word 354723 (Frame index=3512 frame address=0x000032a0 word=11 mask=0x00004000)
[2022-12-16 21:21:42] 1 bit errors
[2022-12-16 21:21:42] Cycle 1277: 2022-07-29 04:37:39
[2022-12-16 21:21:46] Word 1535041 (Frame index=15198 frame address=0x004407a2 word=43 mask=0x00001800)
[2022-12-16 21:21:46] Word 1535142 (Frame index=15199 frame address=0x004407a3 word=43 mask=0x00003000)
[2022-12-16 21:21:46] 4 bit errors
[2022-12-16 21:21:46] Cycle 1278: 2022-07-29 04:37:43
[2022-12-16 21:21:50] Word 315160 (Frame index=3120 frame address=0x00002d0c word=40 mask=0x00004000)
[2022-12-16 21:21:50] Word 315261 (Frame index=3121 frame address=0x00002d0d word=40 mask=0x00004000)
[2022-12-16 21:21:50] 2 bit errors
[2022-12-16 21:21:50] Cycle 1279: 2022-07-29 04:37:47
[2022-12-16 21:21:54] Word 779509 (Frame index=7717 frame address=0x0040058d word=92 mask=0x00080000)
[2022-12-16 21:21:54] Word 1025887 (Frame index=10157 frame address=0x00402905 word=30 mask=0x00010000)
[2022-12-16 21:21:54] Word 1254446 (Frame index=12420 frame address=0x00421494 word=26 mask=0x00000800)
[2022-12-16 21:21:54] Word 1254547 (Frame index=12421 frame address=0x00421495 word=26 mask=0x00000400)
[2022-12-16 21:21:54] 4 bit errors
[2022-12-16 21:21:54] Cycle 1280: 2022-07-29 04:37:52
[2022-12-16 21:21:58] Word 734827 (Frame index=7275 frame address=0x00023419 word=52 mask=0x00000040)
[2022-12-16 21:21:58] 1 bit errors
[2022-12-16 21:21:58] Cycle 1281: 2022-07-29 04:37:56
[2022-12-16 21:22:03] Cycle 1282: 2022-07-29 04:38:00
[2022-12-16 21:22:07] Word 765654 (Frame index=7580 frame address=0x0040038c word=74 mask=0x04000000)
[2022-12-16 21:22:07] Word 765755 (Frame index=7581 frame address=0x0040038d word=74 mask=0x04000000)
[2022-12-16 21:22:07] Word 1130694 (Frame index=11194 frame address=0x0042029c word=100 mask=0x00000400)
[2022-12-16 21:22:07] Word 1130795 (Frame index=11195 frame address=0x0042029d word=100 mask=0x00000200)
[2022-12-16 21:22:07] 4 bit errors
[2022-12-16 21:22:07] Cycle 1283: 2022-07-29 04:38:04
[2022-12-16 21:22:11] Word 861446 (Frame index=8529 frame address=0x00401123 word=17 mask=0x00100000)
[2022-12-16 21:22:11] Word 1459809 (Frame index=14453 frame address=0x00423217 word=56 mask=0x00000100)
[2022-12-16 21:22:11] 2 bit errors
[2022-12-16 21:22:11] Cycle 1284: 2022-07-29 04:38:08
[2022-12-16 21:22:15] Cycle 1285: 2022-07-29 04:38:12
[2022-12-16 21:22:19] Cycle 1286: 2022-07-29 04:38:17
[2022-12-16 21:22:23] Cycle 1287: 2022-07-29 04:38:21
[2022-12-16 21:22:27] Cycle 1288: 2022-07-29 04:38:25
[2022-12-16 21:22:32] Cycle 1289: 2022-07-29 04:38:29
[2022-12-16 21:22:36] Cycle 1290: 2022-07-29 04:38:33
[2022-12-16 21:22:40] Cycle 1291: 2022-07-29 04:38:37
[2022-12-16 21:22:44] Cycle 1292: 2022-07-29 04:38:42
[2022-12-16 21:22:48] Cycle 1293: 2022-07-29 04:38:46
[2022-12-16 21:22:52] Cycle 1294: 2022-07-29 04:38:50
[2022-12-16 21:22:57] Word 1824398 (Frame index=18063 frame address=0x00443123 word=35 mask=0x00000200)
[2022-12-16 21:22:57] 1 bit errors
[2022-12-16 21:22:57] Cycle 1295: 2022-07-29 04:38:54
[2022-12-16 21:23:01] Cycle 1296: 2022-07-29 04:38:58
[2022-12-16 21:23:05] Cycle 1297: 2022-07-29 04:39:02
[2022-12-16 21:23:09] Cycle 1298: 2022-07-29 04:39:07
[2022-12-16 21:23:13] Word 112343 (Frame index=1112 frame address=0x0000100e word=31 mask=0x00000008)
[2022-12-16 21:23:13] 1 bit errors
[2022-12-16 21:23:13] Cycle 1299: 2022-07-29 04:39:11
[2022-12-16 21:23:17] Cycle 1300: 2022-07-29 04:39:15
[2022-12-16 21:23:22] Cycle 1301: 2022-07-29 04:39:19
[2022-12-16 21:23:26] Word 26906 (Frame index=266 frame address=0x00000396 word=40 mask=0x01000000)
[2022-12-16 21:23:26] Word 27007 (Frame index=267 frame address=0x00000397 word=40 mask=0x00800000)
[2022-12-16 21:23:26] 2 bit errors
[2022-12-16 21:23:26] Cycle 1302: 2022-07-29 04:39:23
[2022-12-16 21:23:30] Word 53253 (Frame index=527 frame address=0x0000078b word=26 mask=0x01000000)
[2022-12-16 21:23:30] 1 bit errors
[2022-12-16 21:23:30] Cycle 1303: 2022-07-29 04:39:27
[2022-12-16 21:23:34] Word 292560 (Frame index=2896 frame address=0x000029a0 word=64 mask=0xe0000000)
[2022-12-16 21:23:34] Word 292661 (Frame index=2897 frame address=0x000029a1 word=64 mask=0xc0000000)
[2022-12-16 21:23:34] Word 1312021 (Frame index=12990 frame address=0x00421d08 word=31 mask=0x00000080)
[2022-12-16 21:23:34] 6 bit errors
[2022-12-16 21:23:34] Cycle 1304: 2022-07-29 04:39:32
[2022-12-16 21:23:38] Cycle 1305: 2022-07-29 04:39:36
[2022-12-16 21:23:42] Word 830257 (Frame index=8220 frame address=0x00400ca2 word=37 mask=0x00001800)
[2022-12-16 21:23:42] Word 830358 (Frame index=8221 frame address=0x00400ca3 word=37 mask=0x00003000)
[2022-12-16 21:23:42] 4 bit errors
[2022-12-16 21:23:42] Cycle 1306: 2022-07-29 04:39:40
[2022-12-16 21:23:46] Cycle 1307: 2022-07-29 04:39:44
[2022-12-16 21:23:50] Cycle 1308: 2022-07-29 04:39:48
[2022-12-16 21:23:55] Word 344177 (Frame index=3407 frame address=0x0000311b word=70 mask=0x00800000)
[2022-12-16 21:23:55] 1 bit errors
[2022-12-16 21:23:55] Cycle 1309: 2022-07-29 04:39:52
[2022-12-16 21:23:59] Cycle 1310: 2022-07-29 04:39:56
[2022-12-16 21:24:03] Cycle 1311: 2022-07-29 04:40:01
[2022-12-16 21:24:07] Cycle 1312: 2022-07-29 04:40:05
[2022-12-16 21:24:11] Cycle 1313: 2022-07-29 04:40:09
[2022-12-16 21:24:15] Word 321385 (Frame index=3182 frame address=0x00002e0a word=3 mask=0x00000008)
[2022-12-16 21:24:15] Word 321486 (Frame index=3183 frame address=0x00002e0b word=3 mask=0x00000004)
[2022-12-16 21:24:15] 2 bit errors
[2022-12-16 21:24:15] Cycle 1314: 2022-07-29 04:40:13
[2022-12-16 21:24:20] Cycle 1315: 2022-07-29 04:40:17
[2022-12-16 21:24:24] Word 39818 (Frame index=394 frame address=0x0000058e word=24 mask=0x00000001)
[2022-12-16 21:24:24] Word 123219 (Frame index=1219 frame address=0x0000118d word=100 mask=0x00000004)
[2022-12-16 21:24:24] Word 1053368 (Frame index=10429 frame address=0x00402ca1 word=39 mask=0x00080000)
[2022-12-16 21:24:24] 3 bit errors
[2022-12-16 21:24:24] Cycle 1316: 2022-07-29 04:40:21
[2022-12-16 21:24:28] Word 254619 (Frame index=2520 frame address=0x00002490 word=99 mask=0x00080000)
[2022-12-16 21:24:28] Word 275398 (Frame index=2726 frame address=0x00002786 word=72 mask=0x20000000)
[2022-12-16 21:24:28] Word 1511633 (Frame index=14966 frame address=0x00440482 word=67 mask=0x00000800)
[2022-12-16 21:24:28] 3 bit errors
[2022-12-16 21:24:28] Cycle 1317: 2022-07-29 04:40:26
[2022-12-16 21:24:32] Word 694605 (Frame index=6877 frame address=0x00022e87 word=28 mask=0x00000008)
[2022-12-16 21:24:32] 1 bit errors
[2022-12-16 21:24:32] Cycle 1318: 2022-07-29 04:40:30
[2022-12-16 21:24:36] Cycle 1319: 2022-07-29 04:40:34
[2022-12-16 21:24:40] Word 1347788 (Frame index=13344 frame address=0x0042221a word=44 mask=0x04000000)
[2022-12-16 21:24:40] Word 1347889 (Frame index=13345 frame address=0x0042221b word=44 mask=0x08000000)
[2022-12-16 21:24:40] 2 bit errors
[2022-12-16 21:24:40] Cycle 1320: 2022-07-29 04:40:38
[2022-12-16 21:24:45] Cycle 1321: 2022-07-29 04:40:42
[2022-12-16 21:24:49] Cycle 1322: 2022-07-29 04:40:46
[2022-12-16 21:24:53] Cycle 1323: 2022-07-29 04:40:51
[2022-12-16 21:24:57] Word 1252914 (Frame index=12405 frame address=0x00421485 word=9 mask=0x80000000)
[2022-12-16 21:24:57] 1 bit errors
[2022-12-16 21:24:57] Cycle 1324: 2022-07-29 04:40:55
[2022-12-16 21:25:01] Cycle 1325: 2022-07-29 04:40:59
[2022-12-16 21:25:05] Cycle 1326: 2022-07-29 04:41:03
[2022-12-16 21:25:10] Cycle 1327: 2022-07-29 04:41:07
[2022-12-16 21:25:14] Word 280389 (Frame index=2776 frame address=0x00002814 word=13 mask=0x20000000)
[2022-12-16 21:25:14] Word 280490 (Frame index=2777 frame address=0x00002815 word=13 mask=0x10000000)
[2022-12-16 21:25:14] Word 949067 (Frame index=9396 frame address=0x00401e0c word=71 mask=0x00000040)
[2022-12-16 21:25:14] Word 1333853 (Frame index=13206 frame address=0x00422018 word=47 mask=0x80000000)
[2022-12-16 21:25:14] 4 bit errors
[2022-12-16 21:25:14] Cycle 1328: 2022-07-29 04:41:11
[2022-12-16 21:25:18] Word 832145 (Frame index=8239 frame address=0x00400d11 word=6 mask=0x00400000)
[2022-12-16 21:25:18] Word 961139 (Frame index=9516 frame address=0x00401fa0 word=23 mask=0x00008000)
[2022-12-16 21:25:18] 2 bit errors
[2022-12-16 21:25:18] Cycle 1329: 2022-07-29 04:41:16
[2022-12-16 21:25:22] Cycle 1330: 2022-07-29 04:41:20
[2022-12-16 21:25:26] Cycle 1331: 2022-07-29 04:41:24
[2022-12-16 21:25:30] Word 208001 (Frame index=2059 frame address=0x00001da3 word=42 mask=0x00020000)
[2022-12-16 21:25:30] Word 995653 (Frame index=9857 frame address=0x0040249d word=96 mask=0x00400000)
[2022-12-16 21:25:30] Word 1563281 (Frame index=15478 frame address=0x00440ba2 word=3 mask=0x00001000)
[2022-12-16 21:25:30] Word 1563382 (Frame index=15479 frame address=0x00440ba3 word=3 mask=0x00000800)
[2022-12-16 21:25:30] 4 bit errors
[2022-12-16 21:25:30] Cycle 1332: 2022-07-29 04:41:28
[2022-12-16 21:25:34] Word 358665 (Frame index=3551 frame address=0x00003323 word=14 mask=0x00400000)
[2022-12-16 21:25:34] 1 bit errors
[2022-12-16 21:25:34] Cycle 1333: 2022-07-29 04:41:32
[2022-12-16 21:25:39] Cycle 1334: 2022-07-29 04:41:36
[2022-12-16 21:25:43] Cycle 1335: 2022-07-29 04:41:41
[2022-12-16 21:25:47] Cycle 1336: 2022-07-29 04:41:45
[2022-12-16 21:25:51] Word 58214 (Frame index=576 frame address=0x00000818 word=38 mask=0x00000040)
[2022-12-16 21:25:51] Word 58315 (Frame index=577 frame address=0x00000819 word=38 mask=0x00000020)
[2022-12-16 21:25:51] Word 265256 (Frame index=2626 frame address=0x0000260e word=30 mask=0x00040000)
[2022-12-16 21:25:51] Word 265357 (Frame index=2627 frame address=0x0000260f word=30 mask=0x00020000)
[2022-12-16 21:25:51] 4 bit errors
[2022-12-16 21:25:51] Cycle 1337: 2022-07-29 04:41:49
[2022-12-16 21:25:55] Cycle 1338: 2022-07-29 04:41:53
[2022-12-16 21:25:59] Word 1284582 (Frame index=12718 frame address=0x0042190a word=64 mask=0x00000004)
[2022-12-16 21:25:59] 1 bit errors
[2022-12-16 21:25:59] Cycle 1339: 2022-07-29 04:41:57
[2022-12-16 21:26:04] Cycle 1340: 2022-07-29 04:42:01
[2022-12-16 21:26:08] Word 1327329 (Frame index=13141 frame address=0x00421f1f word=88 mask=0x00000004)
[2022-12-16 21:26:08] Word 1332981 (Frame index=13197 frame address=0x0042200f word=84 mask=0x00000200)
[2022-12-16 21:26:08] Word 1423298 (Frame index=14092 frame address=0x00422ca2 word=6 mask=0x02000000)
[2022-12-16 21:26:08] Word 1423399 (Frame index=14093 frame address=0x00422ca3 word=6 mask=0x04000000)
[2022-12-16 21:26:08] 4 bit errors
[2022-12-16 21:26:08] Cycle 1341: 2022-07-29 04:42:06
[2022-12-16 21:26:12] Cycle 1342: 2022-07-29 04:42:10
[2022-12-16 21:26:16] Word 1667708 (Frame index=16511 frame address=0x00441b05 word=97 mask=0x00000200)
[2022-12-16 21:26:16] 1 bit errors
[2022-12-16 21:26:16] Cycle 1343: 2022-07-29 04:42:14
[2022-12-16 21:26:20] Word 1453555 (Frame index=14391 frame address=0x00423119 word=64 mask=0x00000008)
[2022-12-16 21:26:20] 1 bit errors
[2022-12-16 21:26:20] Cycle 1344: 2022-07-29 04:42:18
[2022-12-16 21:26:24] Word 244196 (Frame index=2417 frame address=0x00002315 word=79 mask=0x08000000)
[2022-12-16 21:26:24] Word 1090986 (Frame index=10801 frame address=0x00403221 word=85 mask=0x00020000)
[2022-12-16 21:26:24] 2 bit errors
[2022-12-16 21:26:24] Cycle 1345: 2022-07-29 04:42:22
[2022-12-16 21:26:29] Cycle 1346: 2022-07-29 04:42:26
[2022-12-16 21:26:33] Cycle 1347: 2022-07-29 04:42:30
[2022-12-16 21:26:37] Cycle 1348: 2022-07-29 04:42:35
[2022-12-16 21:26:41] Word 1080866 (Frame index=10701 frame address=0x004030a1 word=65 mask=0x04000000)
[2022-12-16 21:26:41] 1 bit errors
[2022-12-16 21:26:41] Cycle 1349: 2022-07-29 04:42:39
[2022-12-16 21:26:45] Word 1338130 (Frame index=13248 frame address=0x0042209e word=82 mask=0x40000000)
[2022-12-16 21:26:45] 1 bit errors
[2022-12-16 21:26:45] Cycle 1350: 2022-07-29 04:42:43
[2022-12-16 21:26:49] Cycle 1351: 2022-07-29 04:42:47
[2022-12-16 21:26:54] Cycle 1352: 2022-07-29 04:42:51
[2022-12-16 21:26:58] Cycle 1353: 2022-07-29 04:42:55
[2022-12-16 21:27:02] Word 1259320 (Frame index=12468 frame address=0x00421520 word=52 mask=0x00020000)
[2022-12-16 21:27:02] 1 bit errors
[2022-12-16 21:27:02] Cycle 1354: 2022-07-29 04:43:00
[2022-12-16 21:27:06] Word 966652 (Frame index=9570 frame address=0x0040208e word=82 mask=0x40000000)
[2022-12-16 21:27:06] 1 bit errors
[2022-12-16 21:27:06] Cycle 1355: 2022-07-29 04:43:04
[2022-12-16 21:27:10] Word 94685 (Frame index=937 frame address=0x00000d83 word=48 mask=0x00080000)
[2022-12-16 21:27:10] 1 bit errors
[2022-12-16 21:27:10] Cycle 1356: 2022-07-29 04:43:08
[2022-12-16 21:27:14] Cycle 1357: 2022-07-29 04:43:12
[2022-12-16 21:27:19] Cycle 1358: 2022-07-29 04:43:16
[2022-12-16 21:27:23] Cycle 1359: 2022-07-29 04:43:20
[2022-12-16 21:27:27] Word 1134524 (Frame index=11232 frame address=0x00420382 word=92 mask=0x00020000)
[2022-12-16 21:27:27] 1 bit errors
[2022-12-16 21:27:27] Cycle 1360: 2022-07-29 04:43:25
[2022-12-16 21:27:31] Word 1544766 (Frame index=15294 frame address=0x0044091e word=72 mask=0x00040000)
[2022-12-16 21:27:31] Word 1544867 (Frame index=15295 frame address=0x0044091f word=72 mask=0x00020000)
[2022-12-16 21:27:31] 2 bit errors
[2022-12-16 21:27:31] Cycle 1361: 2022-07-29 04:43:29
[2022-12-16 21:27:35] Word 1562712 (Frame index=15472 frame address=0x00440b9c word=40 mask=0x00080000)
[2022-12-16 21:27:35] Word 1562813 (Frame index=15473 frame address=0x00440b9d word=40 mask=0x00040000)
[2022-12-16 21:27:35] 2 bit errors
[2022-12-16 21:27:35] Cycle 1362: 2022-07-29 04:43:33
[2022-12-16 21:27:39] Word 1108183 (Frame index=10972 frame address=0x0040349e word=11 mask=0x00000030)
[2022-12-16 21:27:39] Word 1108284 (Frame index=10973 frame address=0x0040349f word=11 mask=0x00000018)
[2022-12-16 21:27:39] 4 bit errors
[2022-12-16 21:27:39] Cycle 1363: 2022-07-29 04:43:37
[2022-12-16 21:27:44] Cycle 1364: 2022-07-29 04:43:41
[2022-12-16 21:27:48] Word 974251 (Frame index=9646 frame address=0x0040219a word=5 mask=0x01000000)
[2022-12-16 21:27:48] 1 bit errors
[2022-12-16 21:27:48] Cycle 1365: 2022-07-29 04:43:45
[2022-12-16 21:27:52] Word 670276 (Frame index=6636 frame address=0x00022b02 word=40 mask=0x00100000)
[2022-12-16 21:27:52] Word 670377 (Frame index=6637 frame address=0x00022b03 word=40 mask=0x00080000)
[2022-12-16 21:27:52] Word 1584713 (Frame index=15690 frame address=0x00440f08 word=23 mask=0x00010000)
[2022-12-16 21:27:52] Word 1584814 (Frame index=15691 frame address=0x00440f09 word=23 mask=0x00008000)
[2022-12-16 21:27:52] 4 bit errors
[2022-12-16 21:27:52] Cycle 1366: 2022-07-29 04:43:50
[2022-12-16 21:27:56] Cycle 1367: 2022-07-29 04:43:54
[2022-12-16 21:28:00] Word 376618 (Frame index=3728 frame address=0x00020098 word=90 mask=0x00020000)
[2022-12-16 21:28:00] 1 bit errors
[2022-12-16 21:28:00] Cycle 1368: 2022-07-29 04:43:58
[2022-12-16 21:28:04] Cycle 1369: 2022-07-29 04:44:02
[2022-12-16 21:28:09] Cycle 1370: 2022-07-29 04:44:06
[2022-12-16 21:28:13] Word 98877 (Frame index=978 frame address=0x00000e08 word=99 mask=0x10000000)
[2022-12-16 21:28:13] 1 bit errors
[2022-12-16 21:28:13] Cycle 1371: 2022-07-29 04:44:10
[2022-12-16 21:28:17] Cycle 1372: 2022-07-29 04:44:15
[2022-12-16 21:28:21] Word 146205 (Frame index=1447 frame address=0x000014a1 word=58 mask=0x00000004)
[2022-12-16 21:28:21] Word 864314 (Frame index=8557 frame address=0x0040119b word=57 mask=0x00000001)
[2022-12-16 21:28:21] Word 1138568 (Frame index=11272 frame address=0x00420406 word=96 mask=0x00000080)
[2022-12-16 21:28:21] Word 1138669 (Frame index=11273 frame address=0x00420407 word=96 mask=0x00000040)
[2022-12-16 21:28:21] 4 bit errors
[2022-12-16 21:28:21] Cycle 1373: 2022-07-29 04:44:19
[2022-12-16 21:28:25] Cycle 1374: 2022-07-29 04:44:23
[2022-12-16 21:28:29] Cycle 1375: 2022-07-29 04:44:27
[2022-12-16 21:28:34] Cycle 1376: 2022-07-29 04:44:31
[2022-12-16 21:28:38] Cycle 1377: 2022-07-29 04:44:35
[2022-12-16 21:28:42] Cycle 1378: 2022-07-29 04:44:40
[2022-12-16 21:28:46] Word 408072 (Frame index=4040 frame address=0x00020522 word=32 mask=0x01000000)
[2022-12-16 21:28:46] Word 655938 (Frame index=6494 frame address=0x00022904 word=44 mask=0x20000000)
[2022-12-16 21:28:46] Word 656039 (Frame index=6495 frame address=0x00022905 word=44 mask=0x10000000)
[2022-12-16 21:28:46] 3 bit errors
[2022-12-16 21:28:46] Cycle 1379: 2022-07-29 04:44:44
[2022-12-16 21:28:50] Cycle 1380: 2022-07-29 04:44:48
[2022-12-16 21:28:54] Word 1213785 (Frame index=12017 frame address=0x00420ea1 word=68 mask=0x00000020)
[2022-12-16 21:28:54] 1 bit errors
[2022-12-16 21:28:54] Cycle 1381: 2022-07-29 04:44:52
[2022-12-16 21:28:59] Cycle 1382: 2022-07-29 04:44:56
[2022-12-16 21:29:03] Cycle 1383: 2022-07-29 04:45:00
[2022-12-16 21:29:07] Cycle 1384: 2022-07-29 04:45:05
[2022-12-16 21:29:11] Word 1159998 (Frame index=11485 frame address=0x0042070b word=13 mask=0x00000020)
[2022-12-16 21:29:11] 1 bit errors
[2022-12-16 21:29:11] Cycle 1385: 2022-07-29 04:45:09
[2022-12-16 21:29:15] Word 729381 (Frame index=7221 frame address=0x00023387 word=60 mask=0x00000800)
[2022-12-16 21:29:15] Word 1743504 (Frame index=17262 frame address=0x00442602 word=42 mask=0x00000001)
[2022-12-16 21:29:15] Word 1743604 (Frame index=17263 frame address=0x00442603 word=41 mask=0x80000000)
[2022-12-16 21:29:15] 3 bit errors
[2022-12-16 21:29:15] Cycle 1386: 2022-07-29 04:45:13
[2022-12-16 21:29:19] Word 1528434 (Frame index=15133 frame address=0x004406a1 word=1 mask=0x08000000)
[2022-12-16 21:29:19] Word 1668255 (Frame index=16517 frame address=0x00441b0b word=38 mask=0x00000004)
[2022-12-16 21:29:19] 2 bit errors
[2022-12-16 21:29:19] Cycle 1387: 2022-07-29 04:45:17
[2022-12-16 21:29:24] Word 665064 (Frame index=6584 frame address=0x00022a16 word=80 mask=0x00000002)
[2022-12-16 21:29:24] 1 bit errors
[2022-12-16 21:29:24] Cycle 1388: 2022-07-29 04:45:21
[2022-12-16 21:29:28] Cycle 1389: 2022-07-29 04:45:25
[2022-12-16 21:29:32] Cycle 1390: 2022-07-29 04:45:30
[2022-12-16 21:29:36] Cycle 1391: 2022-07-29 04:45:34
[2022-12-16 21:29:40] Word 117696 (Frame index=1165 frame address=0x0000109f word=31 mask=0x04000000)
[2022-12-16 21:29:40] Word 641812 (Frame index=6354 frame address=0x00022708 word=58 mask=0x00000100)
[2022-12-16 21:29:40] Word 642014 (Frame index=6356 frame address=0x0002270a word=58 mask=0x00000080)
[2022-12-16 21:29:40] Word 642441 (Frame index=6360 frame address=0x0002270e word=81 mask=0x00000040)
[2022-12-16 21:29:40] 4 bit errors
[2022-12-16 21:29:40] Cycle 1392: 2022-07-29 04:45:38
[2022-12-16 21:29:44] Cycle 1393: 2022-07-29 04:45:42
[2022-12-16 21:29:49] Word 1266015 (Frame index=12534 frame address=0x00421622 word=81 mask=0x00000040)
[2022-12-16 21:29:49] Word 1266116 (Frame index=12535 frame address=0x00421623 word=81 mask=0x00000080)
[2022-12-16 21:29:49] 2 bit errors
[2022-12-16 21:29:49] Cycle 1394: 2022-07-29 04:45:46
[2022-12-16 21:29:53] Cycle 1395: 2022-07-29 04:45:50
[2022-12-16 21:29:57] Cycle 1396: 2022-07-29 04:45:55
[2022-12-16 21:30:01] Word 648938 (Frame index=6425 frame address=0x00022807 word=13 mask=0x00000200)
[2022-12-16 21:30:01] 1 bit errors
[2022-12-16 21:30:01] Cycle 1397: 2022-07-29 04:45:59
[2022-12-16 21:30:05] Cycle 1398: 2022-07-29 04:46:03
[2022-12-16 21:30:09] Cycle 1399: 2022-07-29 04:46:07
[2022-12-16 21:30:13] Cycle 1400: 2022-07-29 04:46:11
[2022-12-16 21:30:18] Cycle 1401: 2022-07-29 04:46:15
[2022-12-16 21:30:22] Word 1455005 (Frame index=14405 frame address=0x00423183 word=100 mask=0x02000000)
[2022-12-16 21:30:22] 1 bit errors
[2022-12-16 21:30:22] Cycle 1402: 2022-07-29 04:46:19
[2022-12-16 21:30:26] Maximum # errors detected (> 8192 errors)
[2022-12-16 21:30:26] Cycle 1403: 2022-07-29 04:46:24
[2022-12-16 21:30:30] ERROR: DONE is low, exiting...
[2022-12-16 21:30:30] Maximum # errors detected (> 8192 errors)
[2022-12-16 21:30:30] Second back to back maximum errors detected. Something wrong and exiting
[2022-12-16 21:30:30] Scrubbing paused: (select number and press 'enter')
[2022-12-16 21:30:30] 0) Quit
[2022-12-16 21:30:30] Any other key) Resume
