[2022-12-19 18:34:25] INFO     STATE:Initial Starting State
[2022-12-19 18:34:25] INFO     git commit information
[2022-12-19 18:34:25] INFO     	git commit:b9476b1 Fixed bug about bios_test.py
[2022-12-19 18:34:25] INFO     	git commit date:Mon Dec 19 18:15:57 2022
[2022-12-19 18:34:25] INFO     	git status:Mon Dec 19 18:15:57 2022
[2022-12-19 18:34:25] INFO     		M beam-test/test_scripts/ddrctrl_experiment.py
[2022-12-19 18:34:25] INFO     Command line information
[2022-12-19 18:34:25] INFO     	Command line:['ddrctrl_experiment.py', '--jcm_part', 'xc7a200t', '--bitstream', '/root/ddr_11_28_tmr.bit', '--log_dir', './lansce2022', '--jcm_clock', '30_000_000', '--frads_file', 'xc7a200t_frad.txt', '--fault_injection', '0', '--uart_bone_ident', '0xf0002000', '--jcm_ip', '169.254.132.152', '--jcm_netbooter_port', '1', '--nexys_netbooter_port', '2', '--usb_uart_phys_port', '1-4.4.2', '--uartbone_phys_port', '1-4.4.1']
[2022-12-19 18:34:25] INFO     	arg:bitstream=/root/ddr_11_28_tmr.bit
[2022-12-19 18:34:25] INFO     	arg:netbooter_ip=169.254.131.160
[2022-12-19 18:34:25] INFO     	arg:jcm_ip=169.254.132.152
[2022-12-19 18:34:25] INFO     	arg:jcm_part=xc7a200t
[2022-12-19 18:34:25] INFO     	arg:jcm_clock=30000000
[2022-12-19 18:34:25] INFO     	arg:usb_uart_phys_port=1-4.4.2
[2022-12-19 18:34:25] INFO     	arg:uart_litex_baudrate=115200
[2022-12-19 18:34:25] INFO     	arg:uartbone_phys_port=1-4.4.1
[2022-12-19 18:34:25] INFO     	arg:uartbone_phys_if=0
[2022-12-19 18:34:25] INFO     	arg:uartbone_baudrate=115200
[2022-12-19 18:34:25] INFO     	arg:repower_jcm=False
[2022-12-19 18:34:25] INFO     	arg:disable_scrubbing=False
[2022-12-19 18:34:25] INFO     	arg:fault_injection=0
[2022-12-19 18:34:25] INFO     	arg:frads_file=xc7a200t_frad.txt
[2022-12-19 18:34:25] INFO     	arg:jcm_netbooter_port=1
[2022-12-19 18:34:25] INFO     	arg:nexys_netbooter_port=2
[2022-12-19 18:34:25] INFO     	arg:log_dir=./lansce2022
[2022-12-19 18:34:25] INFO     	arg:single_step=False
[2022-12-19 18:34:25] INFO     	arg:bist_mem_burst_length=8192
[2022-12-19 18:34:25] INFO     	arg:bist_addr_mode=1
[2022-12-19 18:34:25] INFO     	arg:bist_pattern=165
[2022-12-19 18:34:25] INFO     	arg:no_uart_bone=False
[2022-12-19 18:34:25] INFO     	arg:uart_bone_ident=0xf0002000
[2022-12-19 18:34:25] INFO     STATE:Netbooter Setup State
[2022-12-19 18:34:25] INFO     STATE:JCM Setup State
[2022-12-19 18:34:25] INFO     NETBOOTER:Attempt 1 to set port 1 with cycle=False
[2022-12-19 18:34:27] INFO     NETBOOTER:Setting port 1 to On
[2022-12-19 18:34:28] INFO     JCM ping attempt 1
[2022-12-19 18:34:28] INFO     JCM:Logging in to JCM
[2022-12-19 18:34:28] INFO     JCM:Connecting to JCM over SSH... (Attempt 1)
[2022-12-19 18:34:29] INFO     JCM:SSH successful
[2022-12-19 18:34:29] INFO     STATE:UART Setup State
[2022-12-19 18:34:29] INFO     STATE:Power Nexys State
[2022-12-19 18:34:29] INFO     NETBOOTER:Attempt 1 to set port 2 with cycle=False
[2022-12-19 18:34:31] INFO     NETBOOTER:Setting port 2 to Off
[2022-12-19 18:34:32] INFO     NETBOOTER:Attempt 1 to set port 2 with cycle=False
[2022-12-19 18:34:34] INFO     NETBOOTER:Setting port 2 to On
[2022-12-19 18:34:35] INFO     STATE:Connect UART State
[2022-12-19 18:34:37] INFO     UART:Searching for ttyUSB device (Attempt 1)
[2022-12-19 18:34:37] INFO     UART:Found tty device:/dev/ttyUSB2
[2022-12-19 18:34:37] INFO     UART:Serial port /dev/ttyUSB2 open
[2022-12-19 18:34:37] INFO     STATE:Configure Nexys State
[2022-12-19 18:34:37] INFO     JCM:Attempting JCM device DNA read
[2022-12-19 18:34:37] INFO     JCM:Executing commmand on JCM
	~/jcm_apps/jcm_jtag_reg.elf -r 50 --swap -w 64
[2022-12-19 18:34:37] INFO     Device DNA:0:0x812c023b 1:0x2a0f6504
[2022-12-19 18:34:37] INFO     JCM:Attempting JCM configuration
[2022-12-19 18:34:37] INFO     JCM:Executing commmand on JCM
	~/jcm_apps/jcm_config.elf --part xc7a200t -c 30000000 --jtag --config_file /root/ddr_11_28_tmr.bit
[2022-12-19 18:34:42] INFO     JCM:Configuration Success
[2022-12-19 18:34:42] INFO     STATE:Setup UARTBone State
[2022-12-19 18:34:42] INFO     UARTBONE:Searching for ttyUSB device (Attempt 1) for port '1-4.4.1' IF '0'
[2022-12-19 18:34:43] INFO     UARTBONE:Found tty device:/dev/ttyUSB0
[2022-12-19 18:34:43] INFO     UARTBONE:Attempting to open:/dev/ttyUSB0 at baud 115200 with timeout=5
[2022-12-19 18:34:43] INFO     UARTBONE:Serial port /dev/ttyUSB0 open
[2022-12-19 18:34:43] INFO     UARTBONE ID Str=LiteX SoC on Nexys Video 2022-11-28 18:17:18
[2022-12-19 18:34:43] INFO     UARTBONE I ADDR=000012E8
[2022-12-19 18:34:43] INFO     STATE:Enable Scrubbing State
[2022-12-19 18:34:43] INFO     JCM:Starting JCM scrubber
[2022-12-19 18:34:43] INFO     JCM:Executing commmand on JCM
	~/jcm_apps/jcm_scrubbing.elf --part xc7a200t -c 30000000 --jtag --iterations 100000000 --frad_file xc7a200t_frad.txt
[2022-12-19 18:34:43] INFO     STATE:LiteX Login State
[2022-12-19 18:34:44] INFO     STATE:Start BIST State
[2022-12-19 18:34:44] INFO     STATE:BIST Execution State
[2022-12-19 18:34:44] INFO     BIST:Bad title line (1):8192 1 0 2
[2022-12-19 18:34:44] INFO     BIST:Header (first)
[2022-12-19 18:34:55] INFO     BIST:Header (ok)
[2022-12-19 18:35:07] INFO     BIST:Header (ok)
[2022-12-19 18:35:18] INFO     BIST:Header (ok)
[2022-12-19 18:35:30] INFO     BIST:Header (ok)
[2022-12-19 18:35:42] INFO     BIST:Header (ok)
[2022-12-19 18:35:53] INFO     BIST:Header (ok)
[2022-12-19 18:36:05] INFO     BIST:Header (ok)
[2022-12-19 18:36:17] INFO     BIST:Header (ok)
[2022-12-19 18:36:28] INFO     BIST:Header (ok)
[2022-12-19 18:36:40] INFO     BIST:Header (ok)
[2022-12-19 18:36:51] INFO     BIST:Header (ok)
[2022-12-19 18:37:03] INFO     BIST:Header (ok)
[2022-12-19 18:37:15] INFO     BIST:Header (ok)
[2022-12-19 18:37:26] INFO     BIST:Header (ok)
[2022-12-19 18:37:38] INFO     BIST:Header (ok)
[2022-12-19 18:37:49] INFO     BIST:Header (ok)
[2022-12-19 18:38:01] INFO     BIST:Header (ok)
[2022-12-19 18:38:13] INFO     BIST:Header (ok)
[2022-12-19 18:38:24] INFO     BIST:Header (ok)
[2022-12-19 18:38:36] INFO     BIST:Header (ok)
[2022-12-19 18:38:47] INFO     BIST:Header (ok)
[2022-12-19 18:38:59] INFO     BIST:Header (ok)
[2022-12-19 18:39:11] INFO     BIST:Header (ok)
[2022-12-19 18:39:22] INFO     BIST:Header (ok)
[2022-12-19 18:39:34] INFO     BIST:Header (ok)
[2022-12-19 18:39:46] INFO     BIST:Header (ok)
[2022-12-19 18:39:57] INFO     BIST:Header (ok)
[2022-12-19 18:40:09] INFO     BIST:Header (ok)
[2022-12-19 18:40:20] INFO     BIST:Header (ok)
[2022-12-19 18:40:32] INFO     BIST:Header (ok)
[2022-12-19 18:40:44] INFO     BIST:Header (ok)
[2022-12-19 18:40:55] INFO     BIST:Header (ok)
[2022-12-19 18:41:07] INFO     BIST:Header (ok)
[2022-12-19 18:41:18] INFO     BIST:Header (ok)
[2022-12-19 18:41:30] INFO     BIST:Header (ok)
[2022-12-19 18:41:42] INFO     BIST:Header (ok)
[2022-12-19 18:41:53] INFO     BIST:Header (ok)
[2022-12-19 18:42:05] INFO     BIST:Header (ok)
[2022-12-19 18:42:16] INFO     BIST:Header (ok)
[2022-12-19 18:42:28] INFO     BIST:Header (ok)
[2022-12-19 18:42:40] INFO     BIST:Header (ok)
[2022-12-19 18:42:51] INFO     BIST:Header (ok)
[2022-12-19 18:43:03] INFO     BIST:Header (ok)
[2022-12-19 18:43:15] INFO     BIST:Header (ok)
[2022-12-19 18:43:26] INFO     BIST:Header (ok)
[2022-12-19 18:43:38] INFO     BIST:Header (ok)
[2022-12-19 18:43:49] INFO     BIST:Header (ok)
[2022-12-19 18:44:01] INFO     BIST:Header (ok)
[2022-12-19 18:44:13] INFO     BIST:Header (ok)
[2022-12-19 18:44:24] INFO     BIST:Header (ok)
[2022-12-19 18:44:36] INFO     BIST:Header (ok)
[2022-12-19 18:44:47] INFO     BIST:Header (ok)
[2022-12-19 18:44:59] INFO     BIST:Header (ok)
[2022-12-19 18:45:11] INFO     BIST:Header (ok)
[2022-12-19 18:45:22] INFO     BIST:Header (ok)
[2022-12-19 18:45:34] INFO     BIST:Header (ok)
[2022-12-19 18:45:45] INFO     BIST:Header (ok)
[2022-12-19 18:45:57] INFO     BIST:Header (ok)
[2022-12-19 18:46:09] INFO     BIST:Header (ok)
[2022-12-19 18:46:20] INFO     BIST:Header (ok)
[2022-12-19 18:46:32] INFO     BIST:Header (ok)
[2022-12-19 18:46:44] INFO     BIST:Header (ok)
[2022-12-19 18:46:55] INFO     BIST:Header (ok)
[2022-12-19 18:47:07] INFO     BIST:Header (ok)
[2022-12-19 18:47:18] INFO     BIST:Header (ok)
[2022-12-19 18:47:30] INFO     BIST:Header (ok)
[2022-12-19 18:47:42] INFO     BIST:Header (ok)
[2022-12-19 18:47:53] INFO     BIST:Header (ok)
[2022-12-19 18:48:05] INFO     BIST:Header (ok)
[2022-12-19 18:48:16] INFO     BIST:Header (ok)
[2022-12-19 18:48:28] INFO     BIST:Header (ok)
[2022-12-19 18:48:40] INFO     BIST:Header (ok)
[2022-12-19 18:48:51] INFO     BIST:Header (ok)
[2022-12-19 18:49:03] INFO     BIST:Header (ok)
[2022-12-19 18:49:14] INFO     BIST:Header (ok)
[2022-12-19 18:49:26] INFO     BIST:Header (ok)
[2022-12-19 18:49:38] INFO     BIST:Header (ok)
[2022-12-19 18:49:49] INFO     BIST:Header (ok)
[2022-12-19 18:50:01] INFO     BIST:Header (ok)
[2022-12-19 18:50:13] INFO     BIST:Header (ok)
[2022-12-19 18:50:24] INFO     BIST:Header (ok)
[2022-12-19 18:50:36] INFO     BIST:Header (ok)
[2022-12-19 18:50:47] INFO     BIST:Header (ok)
[2022-12-19 18:50:59] INFO     BIST:Header (ok)
[2022-12-19 18:51:11] INFO     BIST:Header (ok)
[2022-12-19 18:51:22] INFO     BIST:Header (ok)
[2022-12-19 18:51:34] INFO     BIST:Header (ok)
[2022-12-19 18:51:45] INFO     BIST:Header (ok)
[2022-12-19 18:51:57] INFO     BIST:Header (ok)
[2022-12-19 18:52:09] INFO     BIST:Header (ok)
[2022-12-19 18:52:20] INFO     BIST:Header (ok)
[2022-12-19 18:52:32] INFO     BIST:Header (ok)
[2022-12-19 18:52:43] INFO     BIST:Header (ok)
[2022-12-19 18:52:55] INFO     BIST:Header (ok)
[2022-12-19 18:53:07] INFO     BIST:Header (ok)
[2022-12-19 18:53:18] INFO     BIST:Header (ok)
[2022-12-19 18:53:30] INFO     BIST:Header (ok)
[2022-12-19 18:53:42] INFO     BIST:Header (ok)
[2022-12-19 18:53:53] INFO     BIST:Header (ok)
[2022-12-19 18:54:05] INFO     BIST:Header (ok)
[2022-12-19 18:54:16] INFO     BIST:Header (ok)
[2022-12-19 18:54:28] INFO     BIST:Header (ok)
[2022-12-19 18:54:40] INFO     BIST:Header (ok)
[2022-12-19 18:54:51] INFO     BIST:Header (ok)
[2022-12-19 18:55:03] INFO     BIST:Header (ok)
[2022-12-19 18:55:14] INFO     BIST:Header (ok)
[2022-12-19 18:55:26] INFO     BIST:Header (ok)
[2022-12-19 18:55:38] INFO     BIST:Header (ok)
[2022-12-19 18:55:49] INFO     BIST:Header (ok)
[2022-12-19 18:56:01] INFO     BIST:Header (ok)
[2022-12-19 18:56:13] INFO     BIST:Header (ok)
[2022-12-19 18:56:24] INFO     BIST:Header (ok)
[2022-12-19 18:56:36] INFO     BIST:Header (ok)
[2022-12-19 18:56:47] INFO     BIST:Header (ok)
[2022-12-19 18:56:59] INFO     BIST:Header (ok)
[2022-12-19 18:57:11] INFO     BIST:Header (ok)
[2022-12-19 18:57:22] INFO     BIST:Header (ok)
[2022-12-19 18:57:34] INFO     BIST:Header (ok)
[2022-12-19 18:57:45] INFO     BIST:Header (ok)
[2022-12-19 18:57:57] INFO     BIST:Header (ok)
[2022-12-19 18:58:09] INFO     BIST:Header (ok)
[2022-12-19 18:58:20] INFO     BIST:Header (ok)
[2022-12-19 18:58:32] INFO     BIST:Header (ok)
[2022-12-19 18:58:43] INFO     BIST:Header (ok)
[2022-12-19 18:58:55] INFO     BIST:Header (ok)
[2022-12-19 18:59:07] INFO     BIST:Header (ok)
[2022-12-19 18:59:18] INFO     BIST:Header (ok)
[2022-12-19 18:59:30] INFO     BIST:Header (ok)
[2022-12-19 18:59:42] INFO     BIST:Header (ok)
[2022-12-19 18:59:53] INFO     BIST:Header (ok)
[2022-12-19 19:00:05] INFO     BIST:Header (ok)
[2022-12-19 19:00:16] INFO     BIST:Header (ok)
[2022-12-19 19:00:28] INFO     BIST:Header (ok)
[2022-12-19 19:00:40] INFO     BIST:Header (ok)
[2022-12-19 19:00:51] INFO     BIST:Header (ok)
[2022-12-19 19:01:03] INFO     BIST:Header (ok)
[2022-12-19 19:01:14] INFO     BIST:Header (ok)
[2022-12-19 19:01:26] INFO     BIST:Header (ok)
[2022-12-19 19:01:38] INFO     BIST:Header (ok)
[2022-12-19 19:01:49] INFO     BIST:Header (ok)
[2022-12-19 19:02:01] INFO     BIST:Header (ok)
[2022-12-19 19:02:12] INFO     BIST:Header (ok)
[2022-12-19 19:02:24] INFO     BIST:Header (ok)
[2022-12-19 19:02:36] INFO     BIST:Header (ok)
[2022-12-19 19:02:47] INFO     BIST:Header (ok)
[2022-12-19 19:02:59] INFO     BIST:Header (ok)
[2022-12-19 19:03:11] INFO     BIST:Header (ok)
[2022-12-19 19:03:22] INFO     BIST:Header (ok)
[2022-12-19 19:03:34] INFO     BIST:Header (ok)
[2022-12-19 19:03:45] INFO     BIST:Header (ok)
[2022-12-19 19:03:57] INFO     BIST:Header (ok)
[2022-12-19 19:04:09] INFO     BIST:Header (ok)
[2022-12-19 19:04:20] INFO     BIST:Header (ok)
[2022-12-19 19:04:32] INFO     BIST:Header (ok)
[2022-12-19 19:04:43] INFO     BIST:Header (ok)
[2022-12-19 19:04:55] INFO     BIST:Header (ok)
[2022-12-19 19:05:07] INFO     BIST:Header (ok)
[2022-12-19 19:05:18] INFO     BIST:Header (ok)
[2022-12-19 19:05:30] INFO     BIST:Header (ok)
[2022-12-19 19:05:41] INFO     BIST:Header (ok)
[2022-12-19 19:05:53] INFO     BIST:Header (ok)
[2022-12-19 19:06:05] INFO     BIST:Header (ok)
[2022-12-19 19:06:16] INFO     BIST:Header (ok)
[2022-12-19 19:06:28] INFO     BIST:Header (ok)
[2022-12-19 19:06:40] INFO     BIST:Header (ok)
[2022-12-19 19:06:51] INFO     BIST:Header (ok)
[2022-12-19 19:07:03] INFO     BIST:Header (ok)
[2022-12-19 19:07:14] INFO     BIST:Header (ok)
[2022-12-19 19:07:26] INFO     BIST:Header (ok)
[2022-12-19 19:07:38] INFO     BIST:Header (ok)
[2022-12-19 19:07:49] INFO     BIST:Header (ok)
[2022-12-19 19:08:01] INFO     BIST:Header (ok)
[2022-12-19 19:08:12] INFO     BIST:Header (ok)
[2022-12-19 19:08:24] INFO     BIST:Header (ok)
[2022-12-19 19:08:36] INFO     BIST:Header (ok)
[2022-12-19 19:08:47] INFO     BIST:Header (ok)
[2022-12-19 19:08:59] INFO     BIST:Header (ok)
[2022-12-19 19:09:10] INFO     BIST:Header (ok)
[2022-12-19 19:09:22] INFO     BIST:Header (ok)
[2022-12-19 19:09:34] INFO     BIST:Header (ok)
[2022-12-19 19:09:45] INFO     BIST:Header (ok)
[2022-12-19 19:09:57] INFO     BIST:Header (ok)
[2022-12-19 19:10:09] INFO     BIST:Header (ok)
[2022-12-19 19:10:20] INFO     BIST:Header (ok)
[2022-12-19 19:10:32] INFO     BIST:Header (ok)
[2022-12-19 19:10:43] INFO     BIST:Header (ok)
[2022-12-19 19:10:55] INFO     BIST:Header (ok)
[2022-12-19 19:11:07] INFO     BIST:Header (ok)
[2022-12-19 19:11:18] INFO     BIST:Header (ok)
[2022-12-19 19:11:30] INFO     BIST:Header (ok)
[2022-12-19 19:11:41] INFO     BIST:Header (ok)
[2022-12-19 19:11:53] INFO     BIST:Header (ok)
[2022-12-19 19:12:05] INFO     BIST:Header (ok)
[2022-12-19 19:12:16] INFO     BIST:Header (ok)
[2022-12-19 19:12:28] INFO     BIST:Header (ok)
[2022-12-19 19:12:40] INFO     BIST:Header (ok)
[2022-12-19 19:12:51] INFO     BIST:Header (ok)
[2022-12-19 19:13:03] INFO     BIST:Header (ok)
[2022-12-19 19:13:14] INFO     BIST:Header (ok)
[2022-12-19 19:13:26] INFO     BIST:Header (ok)
[2022-12-19 19:13:38] INFO     BIST:Header (ok)
[2022-12-19 19:13:49] INFO     BIST:Header (ok)
[2022-12-19 19:14:01] INFO     BIST:Header (ok)
[2022-12-19 19:14:12] INFO     BIST:Header (ok)
[2022-12-19 19:14:24] INFO     BIST:Header (ok)
[2022-12-19 19:14:36] INFO     BIST:Header (ok)
[2022-12-19 19:14:47] INFO     BIST:Header (ok)
[2022-12-19 19:14:59] INFO     BIST:Header (ok)
[2022-12-19 19:15:10] INFO     BIST:Header (ok)
[2022-12-19 19:15:22] INFO     BIST:Header (ok)
[2022-12-19 19:15:34] INFO     BIST:Header (ok)
[2022-12-19 19:15:45] INFO     BIST:Header (ok)
[2022-12-19 19:15:57] INFO     BIST:Header (ok)
[2022-12-19 19:16:09] INFO     BIST:Header (ok)
[2022-12-19 19:16:20] INFO     BIST:Header (ok)
[2022-12-19 19:16:32] INFO     BIST:Header (ok)
[2022-12-19 19:16:43] INFO     BIST:Header (ok)
[2022-12-19 19:16:55] INFO     BIST:Header (ok)
[2022-12-19 19:17:07] INFO     BIST:Header (ok)
[2022-12-19 19:17:18] INFO     BIST:Header (ok)
[2022-12-19 19:17:30] INFO     BIST:Header (ok)
[2022-12-19 19:17:41] INFO     BIST:Header (ok)
[2022-12-19 19:17:53] INFO     BIST:Header (ok)
[2022-12-19 19:18:05] INFO     BIST:Header (ok)
[2022-12-19 19:18:16] INFO     BIST:Header (ok)
[2022-12-19 19:18:28] INFO     BIST:Header (ok)
[2022-12-19 19:18:39] INFO     BIST:Header (ok)
[2022-12-19 19:18:51] INFO     BIST:Header (ok)
[2022-12-19 19:19:03] INFO     BIST:Header (ok)
[2022-12-19 19:19:14] INFO     BIST:Header (ok)
[2022-12-19 19:19:26] INFO     BIST:Header (ok)
[2022-12-19 19:19:38] INFO     BIST:Header (ok)
[2022-12-19 19:19:49] INFO     BIST:Header (ok)
[2022-12-19 19:20:01] INFO     BIST:Header (ok)
[2022-12-19 19:20:12] INFO     BIST:Header (ok)
[2022-12-19 19:20:24] INFO     BIST:Header (ok)
[2022-12-19 19:20:36] INFO     BIST:Header (ok)
[2022-12-19 19:20:47] INFO     BIST:Header (ok)
[2022-12-19 19:20:59] INFO     BIST:Header (ok)
[2022-12-19 19:21:10] INFO     BIST:Header (ok)
[2022-12-19 19:21:22] INFO     BIST:Header (ok)
[2022-12-19 19:21:34] INFO     BIST:Header (ok)
[2022-12-19 19:21:45] INFO     BIST:Header (ok)
[2022-12-19 19:21:57] INFO     BIST:Header (ok)
[2022-12-19 19:22:08] INFO     BIST:Header (ok)
[2022-12-19 19:22:20] INFO     BIST:Header (ok)
[2022-12-19 19:22:32] INFO     BIST:Header (ok)
[2022-12-19 19:22:43] INFO     BIST:Header (ok)
[2022-12-19 19:22:55] INFO     BIST:Header (ok)
[2022-12-19 19:23:07] INFO     BIST:Header (ok)
[2022-12-19 19:23:18] INFO     BIST:Header (ok)
[2022-12-19 19:23:30] INFO     BIST:Header (ok)
[2022-12-19 19:23:41] INFO     BIST:Header (ok)
[2022-12-19 19:23:53] INFO     BIST:Header (ok)
[2022-12-19 19:24:05] INFO     BIST:Header (ok)
[2022-12-19 19:24:16] INFO     BIST:Header (ok)
[2022-12-19 19:24:28] INFO     BIST:Header (ok)
[2022-12-19 19:24:39] INFO     BIST:Header (ok)
[2022-12-19 19:24:51] INFO     BIST:Header (ok)
[2022-12-19 19:25:03] INFO     BIST:Header (ok)
[2022-12-19 19:25:14] INFO     BIST:Header (ok)
[2022-12-19 19:25:26] INFO     BIST:Header (ok)
[2022-12-19 19:25:37] INFO     BIST:Header (ok)
[2022-12-19 19:25:49] INFO     BIST:Header (ok)
[2022-12-19 19:26:01] INFO     BIST:Header (ok)
[2022-12-19 19:26:12] INFO     BIST:Header (ok)
[2022-12-19 19:26:24] INFO     BIST:Header (ok)
[2022-12-19 19:26:36] INFO     BIST:Header (ok)
[2022-12-19 19:26:47] INFO     BIST:Header (ok)
[2022-12-19 19:26:59] INFO     BIST:Header (ok)
[2022-12-19 19:27:10] INFO     BIST:Header (ok)
[2022-12-19 19:27:22] INFO     BIST:Header (ok)
[2022-12-19 19:27:34] INFO     BIST:Header (ok)
[2022-12-19 19:27:45] INFO     BIST:Header (ok)
[2022-12-19 19:27:57] INFO     BIST:Header (ok)
[2022-12-19 19:28:08] INFO     BIST:Header (ok)
[2022-12-19 19:28:20] INFO     BIST:Header (ok)
[2022-12-19 19:28:32] INFO     BIST:Header (ok)
[2022-12-19 19:28:43] INFO     BIST:Header (ok)
[2022-12-19 19:28:55] INFO     BIST:Header (ok)
[2022-12-19 19:29:06] INFO     BIST:Header (ok)
[2022-12-19 19:29:18] INFO     BIST:Header (ok)
[2022-12-19 19:29:30] INFO     BIST:Header (ok)
[2022-12-19 19:29:41] INFO     BIST:Header (ok)
[2022-12-19 19:29:53] INFO     BIST:Header (ok)
[2022-12-19 19:30:05] INFO     BIST:Header (ok)
[2022-12-19 19:30:16] INFO     BIST:Header (ok)
[2022-12-19 19:30:28] INFO     BIST:Header (ok)
[2022-12-19 19:30:39] INFO     BIST:Header (ok)
[2022-12-19 19:30:51] INFO     BIST:Header (ok)
[2022-12-19 19:31:03] INFO     BIST:Header (ok)
[2022-12-19 19:31:14] INFO     BIST:Header (ok)
[2022-12-19 19:31:26] INFO     BIST:Header (ok)
[2022-12-19 19:31:37] INFO     BIST:Header (ok)
[2022-12-19 19:31:49] INFO     BIST:Header (ok)
[2022-12-19 19:32:01] INFO     BIST:Header (ok)
[2022-12-19 19:32:12] INFO     BIST:Header (ok)
[2022-12-19 19:32:24] INFO     BIST:Header (ok)
[2022-12-19 19:32:36] INFO     BIST:Header (ok)
[2022-12-19 19:32:47] INFO     BIST:Header (ok)
[2022-12-19 19:32:59] INFO     BIST:Header (ok)
[2022-12-19 19:33:10] INFO     BIST:Header (ok)
[2022-12-19 19:33:22] INFO     BIST:Header (ok)
[2022-12-19 19:33:34] INFO     BIST:Header (ok)
[2022-12-19 19:33:45] INFO     BIST:Header (ok)
[2022-12-19 19:33:57] INFO     BIST:Header (ok)
[2022-12-19 19:34:08] INFO     BIST:Header (ok)
[2022-12-19 19:34:20] INFO     BIST:Header (ok)
[2022-12-19 19:34:32] INFO     BIST:Header (ok)
[2022-12-19 19:34:43] INFO     BIST:Header (ok)
[2022-12-19 19:34:55] INFO     BIST:Header (ok)
[2022-12-19 19:35:06] INFO     BIST:Header (ok)
[2022-12-19 19:35:18] INFO     BIST:Header (ok)
[2022-12-19 19:35:30] INFO     BIST:Header (ok)
[2022-12-19 19:35:41] INFO     BIST:Header (ok)
[2022-12-19 19:35:53] INFO     BIST:Header (ok)
[2022-12-19 19:36:05] INFO     BIST:Header (ok)
[2022-12-19 19:36:16] INFO     BIST:Header (ok)
[2022-12-19 19:36:28] INFO     BIST:Header (ok)
[2022-12-19 19:36:39] INFO     BIST:Header (ok)
[2022-12-19 19:36:51] INFO     BIST:Header (ok)
[2022-12-19 19:37:03] INFO     BIST:Header (ok)
[2022-12-19 19:37:14] INFO     BIST:Header (ok)
[2022-12-19 19:37:26] INFO     BIST:Header (ok)
[2022-12-19 19:37:37] INFO     BIST:Header (ok)
[2022-12-19 19:37:49] INFO     BIST:Header (ok)
[2022-12-19 19:38:01] INFO     BIST:Header (ok)
[2022-12-19 19:38:12] INFO     BIST:Header (ok)
[2022-12-19 19:38:24] INFO     BIST:Header (ok)
[2022-12-19 19:38:35] INFO     BIST:Header (ok)
[2022-12-19 19:38:47] INFO     BIST:Header (ok)
[2022-12-19 19:38:59] INFO     BIST:Header (ok)
[2022-12-19 19:39:10] INFO     BIST:Header (ok)
[2022-12-19 19:39:22] INFO     BIST:Header (ok)
[2022-12-19 19:39:34] INFO     BIST:Header (ok)
[2022-12-19 19:39:45] INFO     BIST:Header (ok)
[2022-12-19 19:39:57] INFO     BIST:Header (ok)
[2022-12-19 19:40:08] INFO     BIST:Header (ok)
[2022-12-19 19:40:20] INFO     BIST:Header (ok)
[2022-12-19 19:40:32] INFO     BIST:Header (ok)
[2022-12-19 19:40:43] INFO     BIST:Header (ok)
[2022-12-19 19:40:55] INFO     BIST:Header (ok)
[2022-12-19 19:41:06] INFO     BIST:Header (ok)
[2022-12-19 19:41:18] INFO     BIST:Header (ok)
[2022-12-19 19:41:30] INFO     BIST:Header (ok)
[2022-12-19 19:41:41] INFO     BIST:Header (ok)
[2022-12-19 19:41:53] INFO     BIST:Header (ok)
[2022-12-19 19:42:04] INFO     BIST:Header (ok)
[2022-12-19 19:42:16] INFO     BIST:Header (ok)
[2022-12-19 19:42:28] INFO     BIST:Header (ok)
[2022-12-19 19:42:39] INFO     BIST:Header (ok)
[2022-12-19 19:42:51] INFO     BIST:Header (ok)
[2022-12-19 19:43:03] INFO     BIST:Header (ok)
[2022-12-19 19:43:14] INFO     BIST:Header (ok)
[2022-12-19 19:43:26] INFO     BIST:Header (ok)
[2022-12-19 19:43:37] INFO     BIST:Header (ok)
[2022-12-19 19:43:49] INFO     BIST:Header (ok)
[2022-12-19 19:44:01] INFO     BIST:Header (ok)
[2022-12-19 19:44:12] INFO     BIST:Header (ok)
[2022-12-19 19:44:24] INFO     BIST:Header (ok)
[2022-12-19 19:44:35] INFO     BIST:Header (ok)
[2022-12-19 19:44:47] INFO     BIST:Header (ok)
[2022-12-19 19:44:59] INFO     BIST:Header (ok)
[2022-12-19 19:45:10] INFO     BIST:Header (ok)
[2022-12-19 19:45:22] INFO     BIST:Header (ok)
[2022-12-19 19:45:33] INFO     BIST:Header (ok)
[2022-12-19 19:45:45] INFO     BIST:Header (ok)
[2022-12-19 19:45:57] INFO     BIST:Header (ok)
[2022-12-19 19:46:08] INFO     BIST:Header (ok)
[2022-12-19 19:46:20] INFO     BIST:Header (ok)
[2022-12-19 19:46:32] INFO     BIST:Header (ok)
[2022-12-19 19:46:43] INFO     BIST:Header (ok)
[2022-12-19 19:46:55] INFO     BIST:Header (ok)
[2022-12-19 19:47:06] INFO     BIST:Header (ok)
[2022-12-19 19:47:18] INFO     BIST:Header (ok)
[2022-12-19 19:47:30] INFO     BIST:Header (ok)
[2022-12-19 19:47:41] INFO     BIST:Header (ok)
[2022-12-19 19:47:53] INFO     BIST:Header (ok)
[2022-12-19 19:48:04] INFO     BIST:Header (ok)
[2022-12-19 19:48:16] INFO     BIST:Header (ok)
[2022-12-19 19:48:28] INFO     BIST:Header (ok)
[2022-12-19 19:48:39] INFO     BIST:Header (ok)
[2022-12-19 19:48:51] INFO     BIST:Header (ok)
[2022-12-19 19:49:03] INFO     BIST:Header (ok)
[2022-12-19 19:49:14] INFO     BIST:Header (ok)
[2022-12-19 19:49:26] INFO     BIST:Header (ok)
[2022-12-19 19:49:37] INFO     BIST:Header (ok)
[2022-12-19 19:49:49] INFO     BIST:Header (ok)
[2022-12-19 19:50:01] INFO     BIST:Header (ok)
[2022-12-19 19:50:12] INFO     BIST:Header (ok)
[2022-12-19 19:50:24] INFO     BIST:Header (ok)
[2022-12-19 19:50:35] INFO     BIST:Header (ok)
[2022-12-19 19:50:47] INFO     BIST:Header (ok)
[2022-12-19 19:50:59] INFO     BIST:Header (ok)
[2022-12-19 19:51:10] INFO     BIST:Header (ok)
[2022-12-19 19:51:22] INFO     BIST:Header (ok)
[2022-12-19 19:51:33] INFO     BIST:Header (ok)
[2022-12-19 19:51:45] INFO     BIST:Header (ok)
[2022-12-19 19:51:57] INFO     BIST:Header (ok)
[2022-12-19 19:52:08] INFO     BIST:Header (ok)
[2022-12-19 19:52:20] INFO     BIST:Header (ok)
[2022-12-19 19:52:32] INFO     BIST:Header (ok)
[2022-12-19 19:52:43] INFO     BIST:Header (ok)
[2022-12-19 19:52:55] INFO     BIST:Header (ok)
[2022-12-19 19:53:06] INFO     BIST:Header (ok)
[2022-12-19 19:53:18] INFO     BIST:Header (ok)
[2022-12-19 19:53:30] INFO     BIST:Header (ok)
[2022-12-19 19:53:41] INFO     BIST:Header (ok)
[2022-12-19 19:53:53] INFO     BIST:Header (ok)
[2022-12-19 19:54:04] INFO     BIST:Header (ok)
[2022-12-19 19:54:16] INFO     BIST:Header (ok)
[2022-12-19 19:54:28] INFO     BIST:Header (ok)
[2022-12-19 19:54:39] INFO     BIST:Header (ok)
[2022-12-19 19:54:51] INFO     BIST:Header (ok)
[2022-12-19 19:55:02] INFO     BIST:Header (ok)
[2022-12-19 19:55:14] INFO     BIST:Header (ok)
[2022-12-19 19:55:26] INFO     BIST:Header (ok)
[2022-12-19 19:55:37] INFO     BIST:Header (ok)
[2022-12-19 19:55:49] INFO     BIST:Header (ok)
[2022-12-19 19:56:01] INFO     BIST:Header (ok)
[2022-12-19 19:56:12] INFO     BIST:Header (ok)
[2022-12-19 19:56:24] INFO     BIST:Header (ok)
[2022-12-19 19:56:35] INFO     BIST:Header (ok)
[2022-12-19 19:56:47] INFO     BIST:Header (ok)
[2022-12-19 19:56:59] INFO     BIST:Header (ok)
[2022-12-19 19:57:10] INFO     BIST:Header (ok)
[2022-12-19 19:57:22] INFO     BIST:Header (ok)
[2022-12-19 19:57:33] INFO     BIST:Header (ok)
[2022-12-19 19:57:45] INFO     BIST:Header (ok)
[2022-12-19 19:57:57] INFO     BIST:Header (ok)
[2022-12-19 19:58:08] INFO     BIST:Header (ok)
[2022-12-19 19:58:20] INFO     BIST:Header (ok)
[2022-12-19 19:58:31] INFO     BIST:Header (ok)
[2022-12-19 19:58:43] INFO     BIST:Header (ok)
[2022-12-19 19:58:55] INFO     BIST:Header (ok)
[2022-12-19 19:59:06] INFO     BIST:Header (ok)
[2022-12-19 19:59:18] INFO     BIST:Header (ok)
[2022-12-19 19:59:30] INFO     BIST:Header (ok)
[2022-12-19 19:59:41] INFO     BIST:Header (ok)
[2022-12-19 19:59:53] INFO     BIST:Header (ok)
[2022-12-19 20:00:04] INFO     BIST:Header (ok)
[2022-12-19 20:00:16] INFO     BIST:Header (ok)
[2022-12-19 20:00:28] INFO     BIST:Header (ok)
[2022-12-19 20:00:39] INFO     BIST:Header (ok)
[2022-12-19 20:00:51] INFO     BIST:Header (ok)
[2022-12-19 20:01:02] INFO     BIST:Header (ok)
[2022-12-19 20:01:14] INFO     BIST:Header (ok)
[2022-12-19 20:01:26] INFO     BIST:Header (ok)
[2022-12-19 20:01:37] INFO     BIST:Header (ok)
[2022-12-19 20:01:49] INFO     BIST:Header (ok)
[2022-12-19 20:02:00] INFO     BIST:Header (ok)
[2022-12-19 20:02:12] INFO     BIST:Header (ok)
[2022-12-19 20:02:24] INFO     BIST:Header (ok)
[2022-12-19 20:02:35] INFO     BIST:Header (ok)
[2022-12-19 20:02:47] INFO     BIST:Header (ok)
[2022-12-19 20:02:59] INFO     BIST:Header (ok)
[2022-12-19 20:03:10] INFO     BIST:Header (ok)
[2022-12-19 20:03:22] INFO     BIST:Header (ok)
[2022-12-19 20:03:33] INFO     BIST:Header (ok)
[2022-12-19 20:03:45] INFO     BIST:Header (ok)
[2022-12-19 20:03:57] INFO     BIST:Header (ok)
[2022-12-19 20:04:08] INFO     BIST:Header (ok)
[2022-12-19 20:04:20] INFO     BIST:Header (ok)
[2022-12-19 20:04:31] INFO     BIST:Header (ok)
[2022-12-19 20:04:43] INFO     BIST:Header (ok)
[2022-12-19 20:04:55] INFO     BIST:Header (ok)
[2022-12-19 20:05:06] INFO     BIST:Header (ok)
[2022-12-19 20:05:18] INFO     BIST:Header (ok)
[2022-12-19 20:05:29] INFO     BIST:Header (ok)
[2022-12-19 20:05:41] INFO     BIST:Header (ok)
[2022-12-19 20:05:53] INFO     BIST:Header (ok)
[2022-12-19 20:06:04] INFO     BIST:Header (ok)
[2022-12-19 20:06:16] INFO     BIST:Header (ok)
[2022-12-19 20:06:28] INFO     BIST:Header (ok)
[2022-12-19 20:06:39] INFO     BIST:Header (ok)
[2022-12-19 20:06:51] INFO     BIST:Header (ok)
[2022-12-19 20:07:02] INFO     BIST:Header (ok)
[2022-12-19 20:07:14] INFO     BIST:Header (ok)
[2022-12-19 20:07:26] INFO     BIST:Header (ok)
[2022-12-19 20:07:37] INFO     BIST:Header (ok)
[2022-12-19 20:07:49] INFO     BIST:Header (ok)
[2022-12-19 20:08:00] INFO     BIST:Header (ok)
[2022-12-19 20:08:12] INFO     BIST:Header (ok)
[2022-12-19 20:08:24] INFO     BIST:Header (ok)
[2022-12-19 20:08:35] INFO     BIST:Header (ok)
[2022-12-19 20:08:47] INFO     BIST:Header (ok)
[2022-12-19 20:08:59] INFO     BIST:Header (ok)
[2022-12-19 20:09:10] INFO     BIST:Header (ok)
[2022-12-19 20:09:22] INFO     BIST:Header (ok)
[2022-12-19 20:09:33] INFO     BIST:Header (ok)
[2022-12-19 20:09:45] INFO     BIST:Header (ok)
[2022-12-19 20:09:57] INFO     BIST:Header (ok)
[2022-12-19 20:10:08] INFO     BIST:Header (ok)
[2022-12-19 20:10:20] INFO     BIST:Header (ok)
[2022-12-19 20:10:31] INFO     BIST:Header (ok)
[2022-12-19 20:10:43] INFO     BIST:Header (ok)
[2022-12-19 20:10:55] INFO     BIST:Header (ok)
[2022-12-19 20:11:06] INFO     BIST:Header (ok)
[2022-12-19 20:11:18] INFO     BIST:Header (ok)
[2022-12-19 20:11:29] INFO     BIST:Header (ok)
[2022-12-19 20:11:41] INFO     BIST:Header (ok)
[2022-12-19 20:11:53] INFO     BIST:Header (ok)
[2022-12-19 20:12:04] INFO     BIST:Header (ok)
[2022-12-19 20:12:16] INFO     BIST:Header (ok)
[2022-12-19 20:12:28] INFO     BIST:Header (ok)
[2022-12-19 20:12:39] INFO     BIST:Header (ok)
[2022-12-19 20:12:51] INFO     BIST:Header (ok)
[2022-12-19 20:13:02] INFO     BIST:Header (ok)
[2022-12-19 20:13:14] INFO     BIST:Header (ok)
[2022-12-19 20:13:26] INFO     BIST:Header (ok)
[2022-12-19 20:13:37] INFO     BIST:Header (ok)
[2022-12-19 20:13:49] INFO     BIST:Header (ok)
[2022-12-19 20:14:00] INFO     BIST:Header (ok)
[2022-12-19 20:14:12] INFO     BIST:Header (ok)
[2022-12-19 20:14:24] INFO     BIST:Header (ok)
[2022-12-19 20:14:35] INFO     BIST:Header (ok)
[2022-12-19 20:14:47] INFO     BIST:Header (ok)
[2022-12-19 20:14:58] INFO     BIST:Header (ok)
[2022-12-19 20:15:10] INFO     BIST:Header (ok)
[2022-12-19 20:15:22] INFO     BIST:Header (ok)
[2022-12-19 20:15:33] INFO     BIST:Header (ok)
[2022-12-19 20:15:45] INFO     BIST:Header (ok)
[2022-12-19 20:15:57] INFO     BIST:Header (ok)
[2022-12-19 20:16:08] INFO     BIST:Header (ok)
[2022-12-19 20:16:28] INFO     BIST:Header (ok)
[2022-12-19 20:16:40] INFO     BIST:Header (ok)
[2022-12-19 20:16:51] INFO     BIST:Header (ok)
[2022-12-19 20:17:03] INFO     BIST:Header (ok)
[2022-12-19 20:17:14] INFO     BIST:Header (ok)
[2022-12-19 20:17:26] INFO     BIST:Header (ok)
[2022-12-19 20:17:38] INFO     BIST:Header (ok)
[2022-12-19 20:17:49] INFO     BIST:Header (ok)
[2022-12-19 20:18:01] INFO     BIST:Header (ok)
[2022-12-19 20:18:13] INFO     BIST:Header (ok)
[2022-12-19 20:18:24] INFO     BIST:Header (ok)
[2022-12-19 20:18:36] INFO     BIST:Header (ok)
[2022-12-19 20:18:48] INFO     BIST:Header (ok)
[2022-12-19 20:18:59] INFO     BIST:Header (ok)
[2022-12-19 20:19:11] INFO     BIST:Header (ok)
[2022-12-19 20:19:22] INFO     BIST:Header (ok)
[2022-12-19 20:19:34] INFO     BIST:Header (ok)
[2022-12-19 20:19:46] INFO     BIST:Header (ok)
[2022-12-19 20:19:57] INFO     BIST:Header (ok)
[2022-12-19 20:20:09] INFO     BIST:Header (ok)
[2022-12-19 20:20:20] INFO     BIST:Header (ok)
[2022-12-19 20:20:32] INFO     BIST:Header (ok)
[2022-12-19 20:20:44] INFO     BIST:Header (ok)
[2022-12-19 20:20:55] INFO     BIST:Header (ok)
[2022-12-19 20:21:07] INFO     BIST:Header (ok)
[2022-12-19 20:21:18] INFO     BIST:Header (ok)
[2022-12-19 20:21:30] INFO     BIST:Header (ok)
[2022-12-19 20:21:42] INFO     BIST:Header (ok)
[2022-12-19 20:21:53] INFO     BIST:Header (ok)
[2022-12-19 20:22:05] INFO     BIST:Header (ok)
[2022-12-19 20:22:16] INFO     BIST:Header (ok)
[2022-12-19 20:22:28] INFO     BIST:Header (ok)
[2022-12-19 20:22:40] INFO     BIST:Header (ok)
[2022-12-19 20:22:51] INFO     BIST:Header (ok)
[2022-12-19 20:23:03] INFO     BIST:Header (ok)
[2022-12-19 20:23:15] INFO     BIST:Header (ok)
[2022-12-19 20:23:26] INFO     BIST:Header (ok)
[2022-12-19 20:23:38] INFO     BIST:Header (ok)
[2022-12-19 20:23:49] INFO     BIST:Header (ok)
[2022-12-19 20:24:01] INFO     BIST:Header (ok)
[2022-12-19 20:24:13] INFO     BIST:Header (ok)
[2022-12-19 20:24:24] INFO     BIST:Header (ok)
[2022-12-19 20:24:36] INFO     BIST:Header (ok)
[2022-12-19 20:24:48] INFO     BIST:Header (ok)
[2022-12-19 20:24:59] INFO     BIST:Header (ok)
[2022-12-19 20:25:11] INFO     BIST:Header (ok)
[2022-12-19 20:25:22] INFO     BIST:Header (ok)
[2022-12-19 20:25:34] INFO     BIST:Header (ok)
[2022-12-19 20:25:45] INFO     BIST:Header (ok)
[2022-12-19 20:25:57] INFO     BIST:Header (ok)
[2022-12-19 20:26:09] INFO     BIST:Header (ok)
[2022-12-19 20:26:20] INFO     BIST:Header (ok)
[2022-12-19 20:26:32] INFO     BIST:Header (ok)
[2022-12-19 20:26:43] INFO     BIST:Header (ok)
[2022-12-19 20:26:55] INFO     BIST:Header (ok)
[2022-12-19 20:27:07] INFO     BIST:Header (ok)
[2022-12-19 20:27:18] INFO     BIST:Header (ok)
[2022-12-19 20:27:30] INFO     BIST:Header (ok)
[2022-12-19 20:27:41] INFO     BIST:Header (ok)
[2022-12-19 20:27:53] INFO     BIST:Header (ok)
[2022-12-19 20:28:05] INFO     BIST:Header (ok)
[2022-12-19 20:28:16] INFO     BIST:Header (ok)
[2022-12-19 20:28:28] INFO     BIST:Header (ok)
[2022-12-19 20:28:39] INFO     BIST:Header (ok)
[2022-12-19 20:28:51] INFO     BIST:Header (ok)
[2022-12-19 20:29:03] INFO     BIST:Header (ok)
[2022-12-19 20:29:14] INFO     BIST:Header (ok)
[2022-12-19 20:29:26] INFO     BIST:Header (ok)
[2022-12-19 20:29:38] INFO     BIST:Header (ok)
[2022-12-19 20:29:49] INFO     BIST:Header (ok)
[2022-12-19 20:30:01] INFO     BIST:Header (ok)
[2022-12-19 20:30:13] INFO     BIST:Header (ok)
[2022-12-19 20:30:24] INFO     BIST:Header (ok)
[2022-12-19 20:30:36] INFO     BIST:Header (ok)
[2022-12-19 20:30:47] INFO     BIST:Header (ok)
[2022-12-19 20:30:59] INFO     BIST:Header (ok)
[2022-12-19 20:31:11] INFO     BIST:Header (ok)
[2022-12-19 20:31:22] INFO     BIST:Header (ok)
[2022-12-19 20:31:34] INFO     BIST:Header (ok)
[2022-12-19 20:31:46] INFO     BIST:Header (ok)
[2022-12-19 20:31:57] INFO     BIST:Header (ok)
[2022-12-19 20:32:09] INFO     BIST:Header (ok)
[2022-12-19 20:32:20] INFO     BIST:Header (ok)
[2022-12-19 20:32:32] INFO     BIST:Header (ok)
[2022-12-19 20:32:44] INFO     BIST:Header (ok)
[2022-12-19 20:32:55] INFO     BIST:Header (ok)
[2022-12-19 20:33:07] INFO     BIST:Header (ok)
[2022-12-19 20:33:19] INFO     BIST:Header (ok)
[2022-12-19 20:33:30] INFO     BIST:Header (ok)
[2022-12-19 20:33:42] INFO     BIST:Header (ok)
[2022-12-19 20:33:53] INFO     BIST:Header (ok)
[2022-12-19 20:34:05] INFO     BIST:Header (ok)
[2022-12-19 20:34:16] INFO     BIST:Header (ok)
[2022-12-19 20:34:28] INFO     BIST:Header (ok)
[2022-12-19 20:34:39] INFO     BIST:Header (ok)
[2022-12-19 20:34:51] INFO     BIST:Header (ok)
[2022-12-19 20:35:03] INFO     BIST:Header (ok)
[2022-12-19 20:35:14] INFO     BIST:Header (ok)
[2022-12-19 20:35:26] INFO     BIST:Header (ok)
[2022-12-19 20:35:38] INFO     BIST:Header (ok)
[2022-12-19 20:35:49] INFO     BIST:Header (ok)
[2022-12-19 20:36:01] INFO     BIST:Header (ok)
[2022-12-19 20:36:12] INFO     BIST:Header (ok)
[2022-12-19 20:36:24] INFO     BIST:Header (ok)
[2022-12-19 20:36:36] INFO     BIST:Header (ok)
[2022-12-19 20:36:47] INFO     BIST:Header (ok)
[2022-12-19 20:36:59] INFO     BIST:Header (ok)
[2022-12-19 20:37:10] INFO     BIST:Header (ok)
[2022-12-19 20:37:22] INFO     BIST:Header (ok)
[2022-12-19 20:37:34] INFO     BIST:Header (ok)
[2022-12-19 20:37:45] INFO     BIST:Header (ok)
[2022-12-19 20:37:57] INFO     BIST:Header (ok)
[2022-12-19 20:38:08] INFO     BIST:Header (ok)
[2022-12-19 20:38:20] INFO     BIST:Header (ok)
[2022-12-19 20:38:32] INFO     BIST:Header (ok)
[2022-12-19 20:38:43] INFO     BIST:Header (ok)
[2022-12-19 20:38:55] INFO     BIST:Header (ok)
[2022-12-19 20:39:07] INFO     BIST:Header (ok)
[2022-12-19 20:39:18] INFO     BIST:Header (ok)
[2022-12-19 20:39:30] INFO     BIST:Header (ok)
[2022-12-19 20:39:41] INFO     BIST:Header (ok)
[2022-12-19 20:39:53] INFO     BIST:Header (ok)
[2022-12-19 20:40:05] INFO     BIST:Header (ok)
[2022-12-19 20:40:16] INFO     BIST:Header (ok)
[2022-12-19 20:40:28] INFO     BIST:Header (ok)
[2022-12-19 20:40:39] INFO     BIST:Header (ok)
[2022-12-19 20:40:51] INFO     BIST:Header (ok)
[2022-12-19 20:41:03] INFO     BIST:Header (ok)
[2022-12-19 20:41:14] INFO     BIST:Header (ok)
[2022-12-19 20:41:26] INFO     BIST:Header (ok)
[2022-12-19 20:41:38] INFO     BIST:Header (ok)
[2022-12-19 20:41:49] INFO     BIST:Header (ok)
[2022-12-19 20:42:01] INFO     BIST:Header (ok)
[2022-12-19 20:42:12] INFO     BIST:Header (ok)
[2022-12-19 20:42:24] INFO     BIST:Header (ok)
[2022-12-19 20:42:36] INFO     BIST:Header (ok)
[2022-12-19 20:42:47] INFO     BIST:Header (ok)
[2022-12-19 20:42:59] INFO     BIST:Header (ok)
[2022-12-19 20:43:10] INFO     BIST:Header (ok)
[2022-12-19 20:43:22] INFO     BIST:Header (ok)
[2022-12-19 20:43:34] INFO     BIST:Header (ok)
[2022-12-19 20:43:45] INFO     BIST:Header (ok)
[2022-12-19 20:43:57] INFO     BIST:Header (ok)
[2022-12-19 20:44:09] INFO     BIST:Header (ok)
[2022-12-19 20:44:20] INFO     BIST:Header (ok)
[2022-12-19 20:44:32] INFO     BIST:Header (ok)
[2022-12-19 20:44:44] INFO     BIST:Header (ok)
[2022-12-19 20:44:55] INFO     BIST:Header (ok)
[2022-12-19 20:45:07] INFO     BIST:Header (ok)
[2022-12-19 20:45:18] INFO     BIST:Header (ok)
[2022-12-19 20:45:30] INFO     BIST:Header (ok)
[2022-12-19 20:45:42] INFO     BIST:Header (ok)
[2022-12-19 20:45:53] INFO     BIST:Header (ok)
[2022-12-19 20:46:05] INFO     BIST:Header (ok)
[2022-12-19 20:46:16] INFO     BIST:Header (ok)
[2022-12-19 20:46:28] INFO     BIST:Header (ok)
[2022-12-19 20:46:40] INFO     BIST:Header (ok)
[2022-12-19 20:46:51] INFO     BIST:Header (ok)
[2022-12-19 20:47:03] INFO     BIST:Header (ok)
[2022-12-19 20:47:14] INFO     BIST:Header (ok)
[2022-12-19 20:47:26] INFO     BIST:Header (ok)
[2022-12-19 20:47:38] INFO     BIST:Header (ok)
[2022-12-19 20:47:49] INFO     BIST:Header (ok)
[2022-12-19 20:48:01] INFO     BIST:Header (ok)
[2022-12-19 20:48:12] INFO     BIST:Header (ok)
[2022-12-19 20:48:24] INFO     BIST:Header (ok)
[2022-12-19 20:48:36] INFO     BIST:Header (ok)
[2022-12-19 20:48:47] INFO     BIST:Header (ok)
[2022-12-19 20:48:59] INFO     BIST:Header (ok)
[2022-12-19 20:49:10] INFO     BIST:Header (ok)
[2022-12-19 20:49:22] INFO     BIST:Header (ok)
[2022-12-19 20:49:34] INFO     BIST:Header (ok)
[2022-12-19 20:49:45] INFO     BIST:Header (ok)
[2022-12-19 20:49:57] INFO     BIST:Header (ok)
[2022-12-19 20:50:08] INFO     BIST:Header (ok)
[2022-12-19 20:50:20] INFO     BIST:Header (ok)
[2022-12-19 20:50:32] INFO     BIST:Header (ok)
[2022-12-19 20:50:43] INFO     BIST:Header (ok)
[2022-12-19 20:50:55] INFO     BIST:Header (ok)
[2022-12-19 20:51:07] INFO     BIST:Header (ok)
[2022-12-19 20:51:18] INFO     BIST:Header (ok)
[2022-12-19 20:51:30] INFO     BIST:Header (ok)
[2022-12-19 20:51:42] INFO     BIST:Header (ok)
[2022-12-19 20:51:53] INFO     BIST:Header (ok)
[2022-12-19 20:52:05] INFO     BIST:Header (ok)
[2022-12-19 20:52:16] INFO     BIST:Header (ok)
[2022-12-19 20:52:28] INFO     BIST:Header (ok)
[2022-12-19 20:52:40] INFO     BIST:Header (ok)
[2022-12-19 20:52:51] INFO     BIST:Header (ok)
[2022-12-19 20:53:03] INFO     BIST:Header (ok)
[2022-12-19 20:53:15] INFO     BIST:Header (ok)
[2022-12-19 20:53:26] INFO     BIST:Header (ok)
[2022-12-19 20:53:38] INFO     BIST:Header (ok)
[2022-12-19 20:53:49] INFO     BIST:Header (ok)
[2022-12-19 20:54:01] INFO     BIST:Header (ok)
[2022-12-19 20:54:13] INFO     BIST:Header (ok)
[2022-12-19 20:54:24] INFO     BIST:Header (ok)
[2022-12-19 20:54:36] INFO     BIST:Header (ok)
[2022-12-19 20:54:47] INFO     BIST:Header (ok)
[2022-12-19 20:54:59] INFO     BIST:Header (ok)
[2022-12-19 20:55:11] INFO     BIST:Header (ok)
[2022-12-19 20:55:22] INFO     BIST:Header (ok)
[2022-12-19 20:55:34] INFO     BIST:Header (ok)
[2022-12-19 20:55:45] INFO     BIST:Header (ok)
[2022-12-19 20:55:57] INFO     BIST:Header (ok)
[2022-12-19 20:56:09] INFO     BIST:Header (ok)
[2022-12-19 20:56:20] INFO     BIST:Header (ok)
[2022-12-19 20:56:32] INFO     BIST:Header (ok)
[2022-12-19 20:56:44] INFO     BIST:Header (ok)
[2022-12-19 20:56:55] INFO     BIST:Header (ok)
[2022-12-19 20:57:07] INFO     BIST:Header (ok)
[2022-12-19 20:57:18] INFO     BIST:Header (ok)
[2022-12-19 20:57:30] INFO     BIST:Header (ok)
[2022-12-19 20:57:41] INFO     BIST:Header (ok)
[2022-12-19 20:57:53] INFO     BIST:Header (ok)
[2022-12-19 20:58:05] INFO     BIST:Header (ok)
[2022-12-19 20:58:16] INFO     BIST:Header (ok)
[2022-12-19 20:58:28] INFO     BIST:Header (ok)
[2022-12-19 20:58:39] INFO     BIST:Header (ok)
[2022-12-19 20:58:51] INFO     BIST:Header (ok)
[2022-12-19 20:59:03] INFO     BIST:Header (ok)
[2022-12-19 20:59:14] INFO     BIST:Header (ok)
[2022-12-19 20:59:26] INFO     BIST:Header (ok)
[2022-12-19 20:59:37] INFO     BIST:Header (ok)
[2022-12-19 20:59:49] INFO     BIST:Header (ok)
[2022-12-19 21:00:01] INFO     BIST:Header (ok)
[2022-12-19 21:00:12] INFO     BIST:Header (ok)
[2022-12-19 21:00:24] INFO     BIST:Header (ok)
[2022-12-19 21:00:36] INFO     BIST:Header (ok)
[2022-12-19 21:00:47] INFO     BIST:Header (ok)
[2022-12-19 21:00:59] INFO     BIST:Header (ok)
[2022-12-19 21:01:10] INFO     BIST:Header (ok)
[2022-12-19 21:01:22] INFO     BIST:Header (ok)
[2022-12-19 21:01:34] INFO     BIST:Header (ok)
[2022-12-19 21:01:45] INFO     BIST:Header (ok)
[2022-12-19 21:01:57] INFO     BIST:Header (ok)
[2022-12-19 21:02:08] INFO     BIST:Header (ok)
[2022-12-19 21:02:20] INFO     BIST:Header (ok)
[2022-12-19 21:02:32] INFO     BIST:Header (ok)
[2022-12-19 21:02:43] INFO     BIST:Header (ok)
[2022-12-19 21:02:55] INFO     BIST:Header (ok)
[2022-12-19 21:03:06] INFO     BIST:Header (ok)
[2022-12-19 21:03:18] INFO     BIST:Header (ok)
[2022-12-19 21:03:30] INFO     BIST:Header (ok)
[2022-12-19 21:03:41] INFO     BIST:Header (ok)
[2022-12-19 21:03:53] INFO     BIST:Header (ok)
[2022-12-19 21:04:05] INFO     BIST:Header (ok)
[2022-12-19 21:04:16] INFO     BIST:Header (ok)
[2022-12-19 21:04:28] INFO     BIST:Header (ok)
[2022-12-19 21:04:39] INFO     BIST:Header (ok)
[2022-12-19 21:04:51] INFO     BIST:Header (ok)
[2022-12-19 21:05:03] INFO     BIST:Header (ok)
[2022-12-19 21:05:14] INFO     BIST:Header (ok)
[2022-12-19 21:05:26] INFO     BIST:Header (ok)
[2022-12-19 21:05:37] INFO     BIST:Header (ok)
[2022-12-19 21:05:49] INFO     BIST:Header (ok)
[2022-12-19 21:06:01] INFO     BIST:Header (ok)
[2022-12-19 21:06:12] INFO     BIST:Header (ok)
[2022-12-19 21:06:24] INFO     BIST:Header (ok)
[2022-12-19 21:06:36] INFO     BIST:Header (ok)
[2022-12-19 21:06:47] INFO     BIST:Header (ok)
[2022-12-19 21:06:59] INFO     BIST:Header (ok)
[2022-12-19 21:07:10] INFO     BIST:Header (ok)
[2022-12-19 21:07:22] INFO     BIST:Header (ok)
[2022-12-19 21:07:34] INFO     BIST:Header (ok)
[2022-12-19 21:07:45] INFO     BIST:Header (ok)
[2022-12-19 21:07:57] INFO     BIST:Header (ok)
[2022-12-19 21:08:09] INFO     BIST:Header (ok)
[2022-12-19 21:08:20] INFO     BIST:Header (ok)
[2022-12-19 21:08:32] INFO     BIST:Header (ok)
[2022-12-19 21:08:43] INFO     BIST:Header (ok)
[2022-12-19 21:08:55] INFO     BIST:Header (ok)
[2022-12-19 21:09:07] INFO     BIST:Header (ok)
[2022-12-19 21:09:18] INFO     BIST:Header (ok)
[2022-12-19 21:09:30] INFO     BIST:Header (ok)
[2022-12-19 21:09:41] INFO     BIST:Header (ok)
[2022-12-19 21:09:53] INFO     BIST:Header (ok)
[2022-12-19 21:10:05] INFO     BIST:Header (ok)
[2022-12-19 21:10:16] INFO     BIST:Header (ok)
[2022-12-19 21:10:28] INFO     BIST:Header (ok)
[2022-12-19 21:10:40] INFO     BIST:Header (ok)
[2022-12-19 21:10:51] INFO     BIST:Header (ok)
[2022-12-19 21:11:03] INFO     BIST:Header (ok)
[2022-12-19 21:11:14] INFO     BIST:Header (ok)
[2022-12-19 21:11:26] INFO     BIST:Header (ok)
[2022-12-19 21:11:38] INFO     BIST:Header (ok)
[2022-12-19 21:11:49] INFO     BIST:Header (ok)
[2022-12-19 21:12:01] INFO     BIST:Header (ok)
[2022-12-19 21:12:12] INFO     BIST:Header (ok)
[2022-12-19 21:12:24] INFO     BIST:Header (ok)
[2022-12-19 21:12:36] INFO     BIST:Header (ok)
[2022-12-19 21:12:47] INFO     BIST:Header (ok)
[2022-12-19 21:12:59] INFO     BIST:Header (ok)
[2022-12-19 21:13:10] INFO     BIST:Header (ok)
[2022-12-19 21:13:22] INFO     BIST:Header (ok)
[2022-12-19 21:13:34] INFO     BIST:Header (ok)
[2022-12-19 21:13:45] INFO     BIST:Header (ok)
[2022-12-19 21:13:57] INFO     BIST:Header (ok)
[2022-12-19 21:14:08] INFO     BIST:Header (ok)
[2022-12-19 21:14:20] INFO     BIST:Header (ok)
[2022-12-19 21:14:32] INFO     BIST:Header (ok)
[2022-12-19 21:14:43] INFO     BIST:Header (ok)
[2022-12-19 21:14:55] INFO     BIST:Header (ok)
[2022-12-19 21:15:06] INFO     BIST:Header (ok)
[2022-12-19 21:15:18] INFO     BIST:Header (ok)
[2022-12-19 21:15:30] INFO     BIST:Header (ok)
[2022-12-19 21:15:41] INFO     BIST:Header (ok)
[2022-12-19 21:15:53] INFO     BIST:Header (ok)
[2022-12-19 21:16:04] INFO     BIST:Header (ok)
[2022-12-19 21:16:16] INFO     BIST:Header (ok)
[2022-12-19 21:16:28] INFO     BIST:Header (ok)
[2022-12-19 21:16:39] INFO     BIST:Header (ok)
[2022-12-19 21:16:51] INFO     BIST:Header (ok)
[2022-12-19 21:17:03] INFO     BIST:Header (ok)
[2022-12-19 21:17:14] INFO     BIST:Header (ok)
[2022-12-19 21:17:26] INFO     BIST:Header (ok)
[2022-12-19 21:17:37] INFO     BIST:Header (ok)
[2022-12-19 21:17:49] INFO     BIST:Header (ok)
[2022-12-19 21:18:01] INFO     BIST:Header (ok)
[2022-12-19 21:18:12] INFO     BIST:Header (ok)
[2022-12-19 21:18:24] INFO     BIST:Header (ok)
[2022-12-19 21:18:35] INFO     BIST:Header (ok)
[2022-12-19 21:18:47] INFO     BIST:Header (ok)
[2022-12-19 21:18:59] INFO     BIST:Header (ok)
[2022-12-19 21:19:10] INFO     BIST:Header (ok)
[2022-12-19 21:19:22] INFO     BIST:Header (ok)
[2022-12-19 21:19:33] INFO     BIST:Header (ok)
[2022-12-19 21:19:45] INFO     BIST:Header (ok)
[2022-12-19 21:19:57] INFO     BIST:Header (ok)
[2022-12-19 21:20:08] INFO     BIST:Header (ok)
[2022-12-19 21:20:20] INFO     BIST:Header (ok)
[2022-12-19 21:20:31] INFO     BIST:Header (ok)
[2022-12-19 21:20:43] INFO     BIST:Header (ok)
[2022-12-19 21:20:55] INFO     BIST:Header (ok)
[2022-12-19 21:21:06] INFO     BIST:Header (ok)
[2022-12-19 21:21:18] INFO     BIST:Header (ok)
[2022-12-19 21:21:30] INFO     BIST:Header (ok)
[2022-12-19 21:21:41] INFO     BIST:Header (ok)
[2022-12-19 21:21:53] INFO     BIST:Header (ok)
[2022-12-19 21:22:04] INFO     BIST:Header (ok)
[2022-12-19 21:22:16] INFO     BIST:Header (ok)
[2022-12-19 21:22:28] INFO     BIST:Header (ok)
[2022-12-19 21:22:39] INFO     BIST:Header (ok)
[2022-12-19 21:22:51] INFO     BIST:Header (ok)
[2022-12-19 21:23:02] INFO     BIST:Header (ok)
[2022-12-19 21:23:14] INFO     BIST:Header (ok)
[2022-12-19 21:23:26] INFO     BIST:Header (ok)
[2022-12-19 21:23:37] INFO     BIST:Header (ok)
[2022-12-19 21:23:49] INFO     BIST:Header (ok)
[2022-12-19 21:24:01] INFO     BIST:Header (ok)
[2022-12-19 21:24:12] INFO     BIST:Header (ok)
[2022-12-19 21:24:24] INFO     BIST:Header (ok)
[2022-12-19 21:24:35] INFO     BIST:Header (ok)
[2022-12-19 21:24:47] INFO     BIST:Header (ok)
[2022-12-19 21:24:59] INFO     BIST:Header (ok)
[2022-12-19 21:25:10] INFO     BIST:Header (ok)
[2022-12-19 21:25:22] INFO     BIST:Header (ok)
[2022-12-19 21:25:33] INFO     BIST:Header (ok)
[2022-12-19 21:25:45] INFO     BIST:Header (ok)
[2022-12-19 21:25:57] INFO     BIST:Header (ok)
[2022-12-19 21:26:08] INFO     BIST:Header (ok)
[2022-12-19 21:26:20] INFO     BIST:Header (ok)
[2022-12-19 21:26:32] INFO     BIST:Header (ok)
[2022-12-19 21:26:43] INFO     BIST:Header (ok)
[2022-12-19 21:26:55] INFO     BIST:Header (ok)
[2022-12-19 21:27:06] INFO     BIST:Header (ok)
[2022-12-19 21:27:18] INFO     BIST:Header (ok)
[2022-12-19 21:27:30] INFO     BIST:Header (ok)
[2022-12-19 21:27:41] INFO     BIST:Header (ok)
[2022-12-19 21:27:53] INFO     BIST:Header (ok)
[2022-12-19 21:28:04] INFO     BIST:Header (ok)
[2022-12-19 21:28:16] INFO     BIST:Header (ok)
[2022-12-19 21:28:28] INFO     BIST:Header (ok)
[2022-12-19 21:28:39] INFO     BIST:Header (ok)
[2022-12-19 21:28:51] INFO     BIST:Header (ok)
[2022-12-19 21:29:03] INFO     BIST:Header (ok)
[2022-12-19 21:29:14] INFO     BIST:Header (ok)
[2022-12-19 21:29:26] INFO     BIST:Header (ok)
[2022-12-19 21:29:37] INFO     BIST:Header (ok)
[2022-12-19 21:29:49] INFO     BIST:Header (ok)
[2022-12-19 21:30:01] INFO     BIST:Header (ok)
[2022-12-19 21:30:12] INFO     BIST:Header (ok)
[2022-12-19 21:30:24] INFO     BIST:Header (ok)
[2022-12-19 21:30:35] INFO     BIST:Header (ok)
[2022-12-19 21:30:47] INFO     BIST:Header (ok)
[2022-12-19 21:30:59] INFO     BIST:Header (ok)
[2022-12-19 21:31:10] INFO     BIST:Header (ok)
[2022-12-19 21:31:22] INFO     BIST:Header (ok)
[2022-12-19 21:31:33] INFO     BIST:Header (ok)
[2022-12-19 21:31:45] INFO     BIST:Header (ok)
[2022-12-19 21:31:57] INFO     BIST:Header (ok)
[2022-12-19 21:32:08] INFO     BIST:Header (ok)
[2022-12-19 21:32:20] INFO     BIST:Header (ok)
[2022-12-19 21:32:32] INFO     BIST:Header (ok)
[2022-12-19 21:32:43] INFO     BIST:Header (ok)
[2022-12-19 21:32:55] INFO     BIST:Header (ok)
[2022-12-19 21:33:06] INFO     BIST:Header (ok)
[2022-12-19 21:33:18] INFO     BIST:Header (ok)
[2022-12-19 21:33:30] INFO     BIST:Header (ok)
[2022-12-19 21:33:41] INFO     BIST:Header (ok)
[2022-12-19 21:33:53] INFO     BIST:Header (ok)
[2022-12-19 21:34:04] INFO     BIST:Header (ok)
[2022-12-19 21:34:16] INFO     BIST:Header (ok)
[2022-12-19 21:34:28] INFO     BIST:Header (ok)
[2022-12-19 21:34:39] INFO     BIST:Header (ok)
[2022-12-19 21:34:51] INFO     BIST:Header (ok)
[2022-12-19 21:35:03] INFO     BIST:Header (ok)
[2022-12-19 21:35:14] INFO     BIST:Header (ok)
[2022-12-19 21:35:26] INFO     BIST:Header (ok)
[2022-12-19 21:35:37] INFO     BIST:Header (ok)
[2022-12-19 21:35:49] INFO     BIST:Header (ok)
[2022-12-19 21:36:01] INFO     BIST:Header (ok)
[2022-12-19 21:36:12] INFO     BIST:Header (ok)
[2022-12-19 21:36:24] INFO     BIST:Header (ok)
[2022-12-19 21:36:35] INFO     BIST:Header (ok)
[2022-12-19 21:36:47] INFO     BIST:Header (ok)
[2022-12-19 21:36:59] INFO     BIST:Header (ok)
[2022-12-19 21:37:10] INFO     BIST:Header (ok)
[2022-12-19 21:37:22] INFO     BIST:Header (ok)
[2022-12-19 21:37:33] INFO     BIST:Header (ok)
[2022-12-19 21:37:45] INFO     BIST:Header (ok)
[2022-12-19 21:37:57] INFO     BIST:Header (ok)
[2022-12-19 21:38:08] INFO     BIST:Header (ok)
[2022-12-19 21:38:20] INFO     BIST:Header (ok)
[2022-12-19 21:38:32] INFO     BIST:Header (ok)
[2022-12-19 21:38:43] INFO     BIST:Header (ok)
[2022-12-19 21:38:55] INFO     BIST:Header (ok)
[2022-12-19 21:39:06] INFO     BIST:Header (ok)
[2022-12-19 21:39:18] INFO     BIST:Header (ok)
[2022-12-19 21:39:30] INFO     BIST:Header (ok)
[2022-12-19 21:39:41] INFO     BIST:Header (ok)
[2022-12-19 21:39:53] INFO     BIST:Header (ok)
[2022-12-19 21:40:04] INFO     BIST:Header (ok)
[2022-12-19 21:40:16] INFO     BIST:Header (ok)
[2022-12-19 21:40:28] INFO     BIST:Header (ok)
[2022-12-19 21:40:39] INFO     BIST:Header (ok)
[2022-12-19 21:40:51] INFO     BIST:Header (ok)
[2022-12-19 21:41:03] INFO     BIST:Header (ok)
[2022-12-19 21:41:14] INFO     BIST:Header (ok)
[2022-12-19 21:41:26] INFO     BIST:Header (ok)
[2022-12-19 21:41:37] INFO     BIST:Header (ok)
[2022-12-19 21:41:49] INFO     BIST:Header (ok)
[2022-12-19 21:42:01] INFO     BIST:Header (ok)
[2022-12-19 21:42:12] INFO     BIST:Header (ok)
[2022-12-19 21:42:24] INFO     BIST:Header (ok)
[2022-12-19 21:42:36] INFO     BIST:Header (ok)
[2022-12-19 21:42:47] INFO     BIST:Header (ok)
[2022-12-19 21:42:59] INFO     BIST:Header (ok)
[2022-12-19 21:43:10] INFO     BIST:Header (ok)
[2022-12-19 21:43:22] INFO     BIST:Header (ok)
[2022-12-19 21:43:34] INFO     BIST:Header (ok)
[2022-12-19 21:43:45] INFO     BIST:Header (ok)
[2022-12-19 21:43:57] INFO     BIST:Header (ok)
[2022-12-19 21:44:08] INFO     BIST:Header (ok)
[2022-12-19 21:44:20] INFO     BIST:Header (ok)
[2022-12-19 21:44:32] INFO     BIST:Header (ok)
[2022-12-19 21:44:43] INFO     BIST:Header (ok)
[2022-12-19 21:44:55] INFO     BIST:Header (ok)
[2022-12-19 21:45:06] INFO     BIST:Header (ok)
[2022-12-19 21:45:18] INFO     BIST:Header (ok)
[2022-12-19 21:45:30] INFO     BIST:Header (ok)
[2022-12-19 21:45:41] INFO     BIST:Header (ok)
[2022-12-19 21:45:53] INFO     BIST:Header (ok)
[2022-12-19 21:46:04] INFO     BIST:Header (ok)
[2022-12-19 21:46:16] INFO     BIST:Header (ok)
[2022-12-19 21:46:28] INFO     BIST:Header (ok)
[2022-12-19 21:46:39] INFO     BIST:Header (ok)
[2022-12-19 21:46:51] INFO     BIST:Header (ok)
[2022-12-19 21:47:02] INFO     BIST:Header (ok)
[2022-12-19 21:47:14] INFO     BIST:Header (ok)
[2022-12-19 21:47:26] INFO     BIST:Header (ok)
[2022-12-19 21:47:37] INFO     BIST:Header (ok)
[2022-12-19 21:47:49] INFO     BIST:Header (ok)
[2022-12-19 21:48:00] INFO     BIST:Header (ok)
[2022-12-19 21:48:12] INFO     BIST:Header (ok)
[2022-12-19 21:48:24] INFO     BIST:Header (ok)
[2022-12-19 21:48:35] INFO     BIST:Header (ok)
[2022-12-19 21:48:47] INFO     BIST:Header (ok)
[2022-12-19 21:48:59] INFO     BIST:Header (ok)
[2022-12-19 21:49:10] INFO     BIST:Header (ok)
[2022-12-19 21:49:22] INFO     BIST:Header (ok)
[2022-12-19 21:49:33] INFO     BIST:Header (ok)
[2022-12-19 21:49:45] INFO     BIST:Header (ok)
[2022-12-19 21:49:57] INFO     BIST:Header (ok)
[2022-12-19 21:50:08] INFO     BIST:Header (ok)
[2022-12-19 21:50:20] INFO     BIST:Header (ok)
[2022-12-19 21:50:31] INFO     BIST:Header (ok)
[2022-12-19 21:50:43] INFO     BIST:Header (ok)
[2022-12-19 21:50:55] INFO     BIST:Header (ok)
[2022-12-19 21:51:06] INFO     BIST:Header (ok)
[2022-12-19 21:51:18] INFO     BIST:Header (ok)
[2022-12-19 21:51:29] INFO     BIST:Header (ok)
[2022-12-19 21:51:41] INFO     BIST:Header (ok)
[2022-12-19 21:51:53] INFO     BIST:Header (ok)
[2022-12-19 21:52:04] INFO     BIST:Header (ok)
[2022-12-19 21:52:16] INFO     BIST:Header (ok)
[2022-12-19 21:52:28] INFO     BIST:Header (ok)
[2022-12-19 21:52:39] INFO     BIST:Header (ok)
[2022-12-19 21:52:51] INFO     BIST:Header (ok)
[2022-12-19 21:53:02] INFO     BIST:Header (ok)
[2022-12-19 21:53:14] INFO     BIST:Header (ok)
[2022-12-19 21:53:26] INFO     BIST:Header (ok)
[2022-12-19 21:53:37] INFO     BIST:Header (ok)
[2022-12-19 21:53:49] INFO     BIST:Header (ok)
[2022-12-19 21:54:00] INFO     BIST:Header (ok)
[2022-12-19 21:54:12] INFO     BIST:Header (ok)
[2022-12-19 21:54:24] INFO     BIST:Header (ok)
[2022-12-19 21:54:35] INFO     BIST:Header (ok)
[2022-12-19 21:54:47] INFO     BIST:Header (ok)
[2022-12-19 21:54:59] INFO     BIST:Header (ok)
[2022-12-19 21:55:10] INFO     BIST:Header (ok)
[2022-12-19 21:55:22] INFO     BIST:Header (ok)
[2022-12-19 21:55:33] INFO     BIST:Header (ok)
[2022-12-19 21:55:45] INFO     BIST:Header (ok)
[2022-12-19 21:55:57] INFO     BIST:Header (ok)
[2022-12-19 21:56:08] INFO     BIST:Header (ok)
[2022-12-19 21:56:20] INFO     BIST:Header (ok)
[2022-12-19 21:56:31] INFO     BIST:Header (ok)
[2022-12-19 21:56:43] INFO     BIST:Header (ok)
[2022-12-19 21:56:55] INFO     BIST:Header (ok)
[2022-12-19 21:57:06] INFO     BIST:Header (ok)
[2022-12-19 21:57:18] INFO     BIST:Header (ok)
[2022-12-19 21:57:30] INFO     BIST:Header (ok)
[2022-12-19 21:57:41] INFO     BIST:Header (ok)
[2022-12-19 21:57:53] INFO     BIST:Header (ok)
[2022-12-19 21:58:04] INFO     BIST:Header (ok)
[2022-12-19 21:58:16] INFO     BIST:Header (ok)
[2022-12-19 21:58:28] INFO     BIST:Header (ok)
[2022-12-19 21:58:39] INFO     BIST:Header (ok)
[2022-12-19 21:58:51] INFO     BIST:Header (ok)
[2022-12-19 21:59:02] INFO     BIST:Header (ok)
[2022-12-19 21:59:14] INFO     BIST:Header (ok)
[2022-12-19 21:59:26] INFO     BIST:Header (ok)
[2022-12-19 21:59:37] INFO     BIST:Header (ok)
[2022-12-19 21:59:49] INFO     BIST:Header (ok)
[2022-12-19 22:00:00] INFO     BIST:Header (ok)
[2022-12-19 22:00:12] INFO     BIST:Header (ok)
[2022-12-19 22:00:24] INFO     BIST:Header (ok)
[2022-12-19 22:00:35] INFO     BIST:Header (ok)
[2022-12-19 22:00:47] INFO     BIST:Header (ok)
[2022-12-19 22:00:59] INFO     BIST:Header (ok)
[2022-12-19 22:01:10] INFO     BIST:Header (ok)
[2022-12-19 22:01:22] INFO     BIST:Header (ok)
[2022-12-19 22:01:33] INFO     BIST:Header (ok)
[2022-12-19 22:01:45] INFO     BIST:Header (ok)
[2022-12-19 22:01:57] INFO     BIST:Header (ok)
[2022-12-19 22:02:08] INFO     BIST:Header (ok)
[2022-12-19 22:02:20] INFO     BIST:Header (ok)
[2022-12-19 22:02:31] INFO     BIST:Header (ok)
[2022-12-19 22:02:43] INFO     BIST:Header (ok)
[2022-12-19 22:02:55] INFO     BIST:Header (ok)
[2022-12-19 22:03:06] INFO     BIST:Header (ok)
[2022-12-19 22:03:18] INFO     BIST:Header (ok)
[2022-12-19 22:03:29] INFO     BIST:Header (ok)
[2022-12-19 22:03:41] INFO     BIST:Header (ok)
[2022-12-19 22:03:53] INFO     BIST:Header (ok)
[2022-12-19 22:04:04] INFO     BIST:Header (ok)
[2022-12-19 22:04:16] INFO     BIST:Header (ok)
[2022-12-19 22:04:28] INFO     BIST:Header (ok)
[2022-12-19 22:04:39] INFO     BIST:Header (ok)
[2022-12-19 22:04:51] INFO     BIST:Header (ok)
[2022-12-19 22:05:02] INFO     BIST:Header (ok)
[2022-12-19 22:05:14] INFO     BIST:Header (ok)
[2022-12-19 22:05:26] INFO     BIST:Header (ok)
[2022-12-19 22:05:37] INFO     BIST:Header (ok)
[2022-12-19 22:05:49] INFO     BIST:Header (ok)
[2022-12-19 22:06:00] INFO     BIST:Header (ok)
[2022-12-19 22:06:12] INFO     BIST:Header (ok)
[2022-12-19 22:06:24] INFO     BIST:Header (ok)
[2022-12-19 22:06:35] INFO     BIST:Header (ok)
[2022-12-19 22:06:47] INFO     BIST:Header (ok)
[2022-12-19 22:06:58] INFO     BIST:Header (ok)
[2022-12-19 22:07:10] INFO     BIST:Header (ok)
[2022-12-19 22:07:22] INFO     BIST:Header (ok)
[2022-12-19 22:07:33] INFO     BIST:Header (ok)
[2022-12-19 22:07:45] INFO     BIST:Header (ok)
[2022-12-19 22:07:57] INFO     BIST:Header (ok)
[2022-12-19 22:08:08] INFO     BIST:Header (ok)
[2022-12-19 22:08:20] INFO     BIST:Header (ok)
[2022-12-19 22:08:31] INFO     BIST:Header (ok)
[2022-12-19 22:08:43] INFO     BIST:Header (ok)
[2022-12-19 22:08:55] INFO     BIST:Header (ok)
[2022-12-19 22:09:06] INFO     BIST:Header (ok)
[2022-12-19 22:09:18] INFO     BIST:Header (ok)
[2022-12-19 22:09:29] INFO     BIST:Header (ok)
[2022-12-19 22:09:41] INFO     BIST:Header (ok)
[2022-12-19 22:09:53] INFO     BIST:Header (ok)
[2022-12-19 22:10:04] INFO     BIST:Header (ok)
[2022-12-19 22:10:16] INFO     BIST:Header (ok)
[2022-12-19 22:10:28] INFO     BIST:Header (ok)
[2022-12-19 22:10:39] INFO     BIST:Header (ok)
[2022-12-19 22:10:51] INFO     BIST:Header (ok)
[2022-12-19 22:11:02] INFO     BIST:Header (ok)
[2022-12-19 22:11:14] INFO     BIST:Header (ok)
[2022-12-19 22:11:26] INFO     BIST:Header (ok)
[2022-12-19 22:11:37] INFO     BIST:Header (ok)
[2022-12-19 22:11:49] INFO     BIST:Header (ok)
[2022-12-19 22:12:00] INFO     BIST:Header (ok)
[2022-12-19 22:12:12] INFO     BIST:Header (ok)
[2022-12-19 22:12:24] INFO     BIST:Header (ok)
[2022-12-19 22:12:35] INFO     BIST:Header (ok)
[2022-12-19 22:12:47] INFO     BIST:Header (ok)
[2022-12-19 22:12:58] INFO     BIST:Header (ok)
[2022-12-19 22:13:10] INFO     BIST:Header (ok)
[2022-12-19 22:13:22] INFO     BIST:Header (ok)
[2022-12-19 22:13:33] INFO     BIST:Header (ok)
[2022-12-19 22:13:45] INFO     BIST:Header (ok)
[2022-12-19 22:13:57] INFO     BIST:Header (ok)
[2022-12-19 22:14:08] INFO     BIST:Header (ok)
[2022-12-19 22:14:20] INFO     BIST:Header (ok)
[2022-12-19 22:14:31] INFO     BIST:Header (ok)
[2022-12-19 22:14:43] INFO     BIST:Header (ok)
[2022-12-19 22:14:55] INFO     BIST:Header (ok)
[2022-12-19 22:15:06] INFO     BIST:Header (ok)
[2022-12-19 22:15:18] INFO     BIST:Header (ok)
[2022-12-19 22:15:29] INFO     BIST:Header (ok)
[2022-12-19 22:15:41] INFO     BIST:Header (ok)
[2022-12-19 22:15:53] INFO     BIST:Header (ok)
[2022-12-19 22:16:04] INFO     BIST:Header (ok)
[2022-12-19 22:16:16] INFO     BIST:Header (ok)
[2022-12-19 22:16:28] INFO     BIST:Header (ok)
[2022-12-19 22:16:39] INFO     BIST:Header (ok)
[2022-12-19 22:16:51] INFO     BIST:Header (ok)
[2022-12-19 22:17:02] INFO     BIST:Header (ok)
[2022-12-19 22:17:14] INFO     BIST:Header (ok)
[2022-12-19 22:17:26] INFO     BIST:Header (ok)
[2022-12-19 22:17:37] INFO     BIST:Header (ok)
[2022-12-19 22:17:49] INFO     BIST:Header (ok)
[2022-12-19 22:18:00] INFO     BIST:Header (ok)
[2022-12-19 22:18:12] INFO     BIST:Header (ok)
[2022-12-19 22:18:24] INFO     BIST:Header (ok)
[2022-12-19 22:18:35] INFO     BIST:Header (ok)
[2022-12-19 22:18:47] INFO     BIST:Header (ok)
[2022-12-19 22:18:58] INFO     BIST:Header (ok)
[2022-12-19 22:19:10] INFO     BIST:Header (ok)
[2022-12-19 22:19:22] INFO     BIST:Header (ok)
[2022-12-19 22:19:33] INFO     BIST:Header (ok)
[2022-12-19 22:19:45] INFO     BIST:Header (ok)
[2022-12-19 22:19:57] INFO     BIST:Header (ok)
[2022-12-19 22:20:08] INFO     BIST:Header (ok)
[2022-12-19 22:20:20] INFO     BIST:Header (ok)
[2022-12-19 22:20:31] INFO     BIST:Header (ok)
[2022-12-19 22:20:43] INFO     BIST:Header (ok)
[2022-12-19 22:20:55] INFO     BIST:Header (ok)
[2022-12-19 22:21:06] INFO     BIST:Header (ok)
[2022-12-19 22:21:18] INFO     BIST:Header (ok)
[2022-12-19 22:21:29] INFO     BIST:Header (ok)
[2022-12-19 22:21:41] INFO     BIST:Header (ok)
[2022-12-19 22:21:53] INFO     BIST:Header (ok)
[2022-12-19 22:22:04] INFO     BIST:Header (ok)
[2022-12-19 22:22:16] INFO     BIST:Header (ok)
[2022-12-19 22:22:27] INFO     BIST:Header (ok)
[2022-12-19 22:22:39] INFO     BIST:Header (ok)
[2022-12-19 22:22:51] INFO     BIST:Header (ok)
[2022-12-19 22:23:02] INFO     BIST:Header (ok)
[2022-12-19 22:23:14] INFO     BIST:Header (ok)
[2022-12-19 22:23:26] INFO     BIST:Header (ok)
[2022-12-19 22:23:37] INFO     BIST:Header (ok)
[2022-12-19 22:23:49] INFO     BIST:Header (ok)
[2022-12-19 22:24:00] INFO     BIST:Header (ok)
[2022-12-19 22:24:12] INFO     BIST:Header (ok)
[2022-12-19 22:24:24] INFO     BIST:Header (ok)
[2022-12-19 22:24:35] INFO     BIST:Header (ok)
[2022-12-19 22:24:47] INFO     BIST:Header (ok)
[2022-12-19 22:24:58] INFO     BIST:Header (ok)
[2022-12-19 22:25:10] INFO     BIST:Header (ok)
[2022-12-19 22:25:22] INFO     BIST:Header (ok)
[2022-12-19 22:25:33] INFO     BIST:Header (ok)
[2022-12-19 22:25:45] INFO     BIST:Header (ok)
[2022-12-19 22:25:56] INFO     BIST:Header (ok)
[2022-12-19 22:26:08] INFO     BIST:Header (ok)
[2022-12-19 22:26:20] INFO     BIST:Header (ok)
[2022-12-19 22:26:31] INFO     BIST:Header (ok)
[2022-12-19 22:26:43] INFO     BIST:Header (ok)
[2022-12-19 22:26:55] INFO     BIST:Header (ok)
[2022-12-19 22:27:06] INFO     BIST:Header (ok)
[2022-12-19 22:27:18] INFO     BIST:Header (ok)
[2022-12-19 22:27:29] INFO     BIST:Header (ok)
[2022-12-19 22:27:41] INFO     BIST:Header (ok)
[2022-12-19 22:27:53] INFO     BIST:Header (ok)
[2022-12-19 22:28:04] INFO     BIST:Header (ok)
[2022-12-19 22:28:16] INFO     BIST:Header (ok)
[2022-12-19 22:28:27] INFO     BIST:Header (ok)
[2022-12-19 22:28:39] INFO     BIST:Header (ok)
[2022-12-19 22:28:51] INFO     BIST:Header (ok)
[2022-12-19 22:29:02] INFO     BIST:Header (ok)
[2022-12-19 22:29:14] INFO     BIST:Header (ok)
[2022-12-19 22:29:25] INFO     BIST:Header (ok)
[2022-12-19 22:29:37] INFO     BIST:Header (ok)
[2022-12-19 22:29:49] INFO     BIST:Header (ok)
[2022-12-19 22:30:00] INFO     BIST:Header (ok)
[2022-12-19 22:30:12] INFO     BIST:Header (ok)
[2022-12-19 22:30:24] INFO     BIST:Header (ok)
[2022-12-19 22:30:35] INFO     BIST:Header (ok)
[2022-12-19 22:30:47] INFO     BIST:Header (ok)
[2022-12-19 22:30:58] INFO     BIST:Header (ok)
[2022-12-19 22:31:10] INFO     BIST:Header (ok)
[2022-12-19 22:31:22] INFO     BIST:Header (ok)
[2022-12-19 22:31:33] INFO     BIST:Header (ok)
[2022-12-19 22:31:45] INFO     BIST:Header (ok)
[2022-12-19 22:31:56] INFO     BIST:Header (ok)
[2022-12-19 22:32:08] INFO     BIST:Header (ok)
[2022-12-19 22:32:20] INFO     BIST:Header (ok)
[2022-12-19 22:32:31] INFO     BIST:Header (ok)
[2022-12-19 22:32:43] INFO     BIST:Header (ok)
[2022-12-19 22:32:54] INFO     BIST:Header (ok)
[2022-12-19 22:33:06] INFO     BIST:Header (ok)
[2022-12-19 22:33:18] INFO     BIST:Header (ok)
[2022-12-19 22:33:29] INFO     BIST:Header (ok)
[2022-12-19 22:33:41] INFO     BIST:Header (ok)
[2022-12-19 22:33:53] INFO     BIST:Header (ok)
[2022-12-19 22:34:04] INFO     BIST:Header (ok)
[2022-12-19 22:34:16] INFO     BIST:Header (ok)
[2022-12-19 22:34:27] INFO     BIST:Header (ok)
[2022-12-19 22:34:39] INFO     BIST:Header (ok)
[2022-12-19 22:34:51] INFO     BIST:Header (ok)
[2022-12-19 22:35:02] INFO     BIST:Header (ok)
[2022-12-19 22:35:14] INFO     BIST:Header (ok)
[2022-12-19 22:35:25] INFO     BIST:Header (ok)
[2022-12-19 22:35:37] INFO     BIST:Header (ok)
[2022-12-19 22:35:49] INFO     BIST:Header (ok)
[2022-12-19 22:36:00] INFO     BIST:Header (ok)
[2022-12-19 22:36:12] INFO     BIST:Header (ok)
[2022-12-19 22:36:24] INFO     BIST:Header (ok)
[2022-12-19 22:36:35] INFO     BIST:Header (ok)
[2022-12-19 22:36:47] INFO     BIST:Header (ok)
[2022-12-19 22:36:58] INFO     BIST:Header (ok)
[2022-12-19 22:37:10] INFO     BIST:Header (ok)
[2022-12-19 22:37:22] INFO     BIST:Header (ok)
[2022-12-19 22:37:33] INFO     BIST:Header (ok)
[2022-12-19 22:37:45] INFO     BIST:Header (ok)
[2022-12-19 22:37:56] INFO     BIST:Header (ok)
[2022-12-19 22:38:08] INFO     BIST:Header (ok)
[2022-12-19 22:38:20] INFO     BIST:Header (ok)
[2022-12-19 22:38:31] INFO     BIST:Header (ok)
[2022-12-19 22:38:43] INFO     BIST:Header (ok)
[2022-12-19 22:38:54] INFO     BIST:Header (ok)
[2022-12-19 22:39:06] INFO     BIST:Header (ok)
[2022-12-19 22:39:18] INFO     BIST:Header (ok)
[2022-12-19 22:39:29] INFO     BIST:Header (ok)
[2022-12-19 22:39:41] INFO     BIST:Header (ok)
[2022-12-19 22:39:53] INFO     BIST:Header (ok)
[2022-12-19 22:40:04] INFO     BIST:Header (ok)
[2022-12-19 22:40:16] INFO     BIST:Header (ok)
[2022-12-19 22:40:27] INFO     BIST:Header (ok)
[2022-12-19 22:40:39] INFO     BIST:Header (ok)
[2022-12-19 22:40:51] INFO     BIST:Header (ok)
[2022-12-19 22:41:02] INFO     BIST:Header (ok)
[2022-12-19 22:41:14] INFO     BIST:Header (ok)
[2022-12-19 22:41:25] INFO     BIST:Header (ok)
[2022-12-19 22:41:37] INFO     BIST:Header (ok)
[2022-12-19 22:41:49] INFO     BIST:Header (ok)
[2022-12-19 22:42:00] INFO     BIST:Header (ok)
[2022-12-19 22:42:12] INFO     BIST:Header (ok)
[2022-12-19 22:42:23] INFO     BIST:Header (ok)
[2022-12-19 22:42:35] INFO     BIST:Header (ok)
[2022-12-19 22:42:47] INFO     BIST:Header (ok)
[2022-12-19 22:42:58] INFO     BIST:Header (ok)
[2022-12-19 22:43:10] INFO     BIST:Header (ok)
[2022-12-19 22:43:22] INFO     BIST:Header (ok)
[2022-12-19 22:43:33] INFO     BIST:Header (ok)
[2022-12-19 22:43:45] INFO     BIST:Header (ok)
[2022-12-19 22:43:56] INFO     BIST:Header (ok)
[2022-12-19 22:44:08] INFO     BIST:Header (ok)
[2022-12-19 22:44:20] INFO     BIST:Header (ok)
[2022-12-19 22:44:31] INFO     BIST:Header (ok)
[2022-12-19 22:44:43] INFO     BIST:Header (ok)
[2022-12-19 22:44:54] INFO     BIST:Header (ok)
[2022-12-19 22:45:06] INFO     BIST:Header (ok)
[2022-12-19 22:45:18] INFO     BIST:Header (ok)
[2022-12-19 22:45:29] INFO     BIST:Header (ok)
[2022-12-19 22:45:41] INFO     BIST:Header (ok)
[2022-12-19 22:45:52] INFO     BIST:Header (ok)
[2022-12-19 22:46:04] INFO     BIST:Header (ok)
[2022-12-19 22:46:16] INFO     BIST:Header (ok)
[2022-12-19 22:46:27] INFO     BIST:Header (ok)
[2022-12-19 22:46:39] INFO     BIST:Header (ok)
[2022-12-19 22:46:51] INFO     BIST:Header (ok)
[2022-12-19 22:47:02] INFO     BIST:Header (ok)
[2022-12-19 22:47:14] INFO     BIST:Header (ok)
[2022-12-19 22:47:25] INFO     BIST:Header (ok)
[2022-12-19 22:47:37] INFO     BIST:Header (ok)
[2022-12-19 22:47:49] INFO     BIST:Header (ok)
[2022-12-19 22:48:00] INFO     BIST:Header (ok)
[2022-12-19 22:48:12] INFO     BIST:Header (ok)
[2022-12-19 22:48:23] INFO     BIST:Header (ok)
[2022-12-19 22:48:35] INFO     BIST:Header (ok)
[2022-12-19 22:48:47] INFO     BIST:Header (ok)
[2022-12-19 22:48:58] INFO     BIST:Header (ok)
[2022-12-19 22:49:10] INFO     BIST:Header (ok)
[2022-12-19 22:49:22] INFO     BIST:Header (ok)
[2022-12-19 22:49:33] INFO     BIST:Header (ok)
[2022-12-19 22:49:45] INFO     BIST:Header (ok)
[2022-12-19 22:49:56] INFO     BIST:Header (ok)
[2022-12-19 22:50:08] INFO     BIST:Header (ok)
[2022-12-19 22:50:20] INFO     BIST:Header (ok)
[2022-12-19 22:50:31] INFO     BIST:Header (ok)
[2022-12-19 22:50:43] INFO     BIST:Header (ok)
[2022-12-19 22:50:54] INFO     BIST:Header (ok)
[2022-12-19 22:51:06] INFO     BIST:Header (ok)
[2022-12-19 22:51:18] INFO     BIST:Header (ok)
[2022-12-19 22:51:29] INFO     BIST:Header (ok)
[2022-12-19 22:51:41] INFO     BIST:Header (ok)
[2022-12-19 22:51:52] INFO     BIST:Header (ok)
[2022-12-19 22:52:04] INFO     BIST:Header (ok)
[2022-12-19 22:52:16] INFO     BIST:Header (ok)
[2022-12-19 22:52:27] INFO     BIST:Header (ok)
[2022-12-19 22:52:39] INFO     BIST:Header (ok)
[2022-12-19 22:52:51] INFO     BIST:Header (ok)
[2022-12-19 22:53:02] INFO     BIST:Header (ok)
[2022-12-19 22:53:14] INFO     BIST:Header (ok)
[2022-12-19 22:53:25] INFO     BIST:Header (ok)
[2022-12-19 22:53:37] INFO     BIST:Header (ok)
[2022-12-19 22:53:49] INFO     BIST:Header (ok)
[2022-12-19 22:54:00] INFO     BIST:Header (ok)
[2022-12-19 22:54:12] INFO     BIST:Header (ok)
[2022-12-19 22:54:23] INFO     BIST:Header (ok)
[2022-12-19 22:54:35] INFO     BIST:Header (ok)
[2022-12-19 22:54:47] INFO     BIST:Header (ok)
[2022-12-19 22:54:58] INFO     BIST:Header (ok)
[2022-12-19 22:55:10] INFO     BIST:Header (ok)
[2022-12-19 22:55:21] INFO     BIST:Header (ok)
[2022-12-19 22:55:33] INFO     BIST:Header (ok)
[2022-12-19 22:55:45] INFO     BIST:Header (ok)
[2022-12-19 22:55:56] INFO     BIST:Header (ok)
[2022-12-19 22:56:08] INFO     BIST:Header (ok)
[2022-12-19 22:56:20] INFO     BIST:Header (ok)
[2022-12-19 22:56:31] INFO     BIST:Header (ok)
[2022-12-19 22:56:43] INFO     BIST:Header (ok)
[2022-12-19 22:56:54] INFO     BIST:Header (ok)
[2022-12-19 22:57:06] INFO     BIST:Header (ok)
[2022-12-19 22:57:18] INFO     BIST:Header (ok)
[2022-12-19 22:57:29] INFO     BIST:Header (ok)
[2022-12-19 22:57:41] INFO     BIST:Header (ok)
[2022-12-19 22:57:52] INFO     BIST:Header (ok)
[2022-12-19 22:58:04] INFO     BIST:Header (ok)
[2022-12-19 22:58:16] INFO     BIST:Header (ok)
[2022-12-19 22:58:27] INFO     BIST:Header (ok)
[2022-12-19 22:58:39] INFO     BIST:Header (ok)
[2022-12-19 22:58:50] INFO     BIST:Header (ok)
[2022-12-19 22:59:02] INFO     BIST:Header (ok)
[2022-12-19 22:59:14] INFO     BIST:Header (ok)
[2022-12-19 22:59:25] INFO     BIST:Header (ok)
[2022-12-19 22:59:37] INFO     BIST:Header (ok)
[2022-12-19 22:59:49] INFO     BIST:Header (ok)
[2022-12-19 23:00:00] INFO     BIST:Header (ok)
[2022-12-19 23:00:12] INFO     BIST:Header (ok)
[2022-12-19 23:00:23] INFO     BIST:Header (ok)
[2022-12-19 23:00:35] INFO     BIST:Header (ok)
[2022-12-19 23:00:47] INFO     BIST:Header (ok)
[2022-12-19 23:00:58] INFO     BIST:Header (ok)
[2022-12-19 23:01:10] INFO     BIST:Header (ok)
[2022-12-19 23:01:21] INFO     BIST:Header (ok)
[2022-12-19 23:01:33] INFO     BIST:Header (ok)
[2022-12-19 23:01:45] INFO     BIST:Header (ok)
[2022-12-19 23:01:56] INFO     BIST:Header (ok)
[2022-12-19 23:02:08] INFO     BIST:Header (ok)
[2022-12-19 23:02:20] INFO     BIST:Header (ok)
[2022-12-19 23:02:31] INFO     BIST:Header (ok)
[2022-12-19 23:02:43] INFO     BIST:Header (ok)
[2022-12-19 23:02:54] INFO     BIST:Header (ok)
[2022-12-19 23:03:06] INFO     BIST:Header (ok)
[2022-12-19 23:03:18] INFO     BIST:Header (ok)
[2022-12-19 23:03:29] INFO     BIST:Header (ok)
[2022-12-19 23:03:41] INFO     BIST:Header (ok)
[2022-12-19 23:03:52] INFO     BIST:Header (ok)
[2022-12-19 23:04:04] INFO     BIST:Header (ok)
[2022-12-19 23:04:16] INFO     BIST:Header (ok)
[2022-12-19 23:04:27] INFO     BIST:Header (ok)
[2022-12-19 23:04:39] INFO     BIST:Header (ok)
[2022-12-19 23:04:50] INFO     BIST:Header (ok)
[2022-12-19 23:05:02] INFO     BIST:Header (ok)
[2022-12-19 23:05:14] INFO     BIST:Header (ok)
[2022-12-19 23:05:25] INFO     BIST:Header (ok)
[2022-12-19 23:05:37] INFO     BIST:Header (ok)
[2022-12-19 23:05:49] INFO     BIST:Header (ok)
[2022-12-19 23:06:00] INFO     BIST:Header (ok)
[2022-12-19 23:06:12] INFO     BIST:Header (ok)
[2022-12-19 23:06:23] INFO     BIST:Header (ok)
[2022-12-19 23:06:35] INFO     BIST:Header (ok)
[2022-12-19 23:06:47] INFO     BIST:Header (ok)
[2022-12-19 23:06:58] INFO     BIST:Header (ok)
[2022-12-19 23:07:10] INFO     BIST:Header (ok)
[2022-12-19 23:07:21] INFO     BIST:Header (ok)
[2022-12-19 23:07:33] INFO     BIST:Header (ok)
[2022-12-19 23:07:45] INFO     BIST:Header (ok)
[2022-12-19 23:07:56] INFO     BIST:Header (ok)
[2022-12-19 23:08:08] INFO     BIST:Header (ok)
[2022-12-19 23:08:19] INFO     BIST:Header (ok)
[2022-12-19 23:08:31] INFO     BIST:Header (ok)
[2022-12-19 23:08:43] INFO     BIST:Header (ok)
[2022-12-19 23:08:54] INFO     BIST:Header (ok)
[2022-12-19 23:09:06] INFO     BIST:Header (ok)
[2022-12-19 23:09:18] INFO     BIST:Header (ok)
[2022-12-19 23:09:29] INFO     BIST:Header (ok)
[2022-12-19 23:09:41] INFO     BIST:Header (ok)
[2022-12-19 23:09:52] INFO     BIST:Header (ok)
[2022-12-19 23:10:04] INFO     BIST:Header (ok)
[2022-12-19 23:10:16] INFO     BIST:Header (ok)
[2022-12-19 23:10:27] INFO     BIST:Header (ok)
[2022-12-19 23:10:39] INFO     BIST:Header (ok)
[2022-12-19 23:10:50] INFO     BIST:Header (ok)
[2022-12-19 23:11:02] INFO     BIST:Header (ok)
[2022-12-19 23:11:14] INFO     BIST:Header (ok)
[2022-12-19 23:11:25] INFO     BIST:Header (ok)
[2022-12-19 23:11:37] INFO     BIST:Header (ok)
[2022-12-19 23:11:49] INFO     BIST:Header (ok)
[2022-12-19 23:12:00] INFO     BIST:Header (ok)
[2022-12-19 23:12:12] INFO     BIST:Header (ok)
[2022-12-19 23:12:23] INFO     BIST:Header (ok)
[2022-12-19 23:12:35] INFO     BIST:Header (ok)
[2022-12-19 23:12:47] INFO     BIST:Header (ok)
[2022-12-19 23:12:58] INFO     BIST:Header (ok)
[2022-12-19 23:13:10] INFO     BIST:Header (ok)
[2022-12-19 23:13:21] INFO     BIST:Header (ok)
[2022-12-19 23:13:33] INFO     BIST:Header (ok)
[2022-12-19 23:13:45] INFO     BIST:Header (ok)
[2022-12-19 23:13:56] INFO     BIST:Header (ok)
[2022-12-19 23:14:08] INFO     BIST:Header (ok)
[2022-12-19 23:14:19] INFO     BIST:Header (ok)
[2022-12-19 23:14:31] INFO     BIST:Header (ok)
[2022-12-19 23:14:43] INFO     BIST:Header (ok)
[2022-12-19 23:14:54] INFO     BIST:Header (ok)
[2022-12-19 23:15:06] INFO     BIST:Header (ok)
[2022-12-19 23:15:18] INFO     BIST:Header (ok)
[2022-12-19 23:15:29] INFO     BIST:Header (ok)
[2022-12-19 23:15:41] INFO     BIST:Header (ok)
[2022-12-19 23:15:52] INFO     BIST:Header (ok)
[2022-12-19 23:16:04] INFO     BIST:Header (ok)
[2022-12-19 23:16:16] INFO     BIST:Header (ok)
[2022-12-19 23:16:27] INFO     BIST:Header (ok)
[2022-12-19 23:16:39] INFO     BIST:Header (ok)
[2022-12-19 23:16:50] INFO     BIST:Header (ok)
[2022-12-19 23:17:02] INFO     BIST:Header (ok)
[2022-12-19 23:17:14] INFO     BIST:Header (ok)
[2022-12-19 23:17:25] INFO     BIST:Header (ok)
[2022-12-19 23:17:37] INFO     BIST:Header (ok)
[2022-12-19 23:17:48] INFO     BIST:Header (ok)
[2022-12-19 23:18:00] INFO     BIST:Header (ok)
[2022-12-19 23:18:12] INFO     BIST:Header (ok)
[2022-12-19 23:18:23] INFO     BIST:Header (ok)
[2022-12-19 23:18:35] INFO     BIST:Header (ok)
[2022-12-19 23:18:47] INFO     BIST:Header (ok)
[2022-12-19 23:18:58] INFO     BIST:Header (ok)
[2022-12-19 23:19:10] INFO     BIST:Header (ok)
[2022-12-19 23:19:21] INFO     BIST:Header (ok)
[2022-12-19 23:19:33] INFO     BIST:Header (ok)
[2022-12-19 23:19:45] INFO     BIST:Header (ok)
[2022-12-19 23:19:56] INFO     BIST:Header (ok)
[2022-12-19 23:20:08] INFO     BIST:Header (ok)
[2022-12-19 23:20:19] INFO     BIST:Header (ok)
[2022-12-19 23:20:31] INFO     BIST:Header (ok)
[2022-12-19 23:20:43] INFO     BIST:Header (ok)
[2022-12-19 23:20:54] INFO     BIST:Header (ok)
[2022-12-19 23:21:06] INFO     BIST:Header (ok)
[2022-12-19 23:21:18] INFO     BIST:Header (ok)
[2022-12-19 23:21:29] INFO     BIST:Header (ok)
[2022-12-19 23:21:41] INFO     BIST:Header (ok)
[2022-12-19 23:21:52] INFO     BIST:Header (ok)
[2022-12-19 23:22:04] INFO     BIST:Header (ok)
[2022-12-19 23:22:16] INFO     BIST:Header (ok)
[2022-12-19 23:22:27] INFO     BIST:Header (ok)
[2022-12-19 23:22:39] INFO     BIST:Header (ok)
[2022-12-19 23:22:50] INFO     BIST:Header (ok)
[2022-12-19 23:23:02] INFO     BIST:Header (ok)
[2022-12-19 23:23:14] INFO     BIST:Header (ok)
[2022-12-19 23:23:25] INFO     BIST:Header (ok)
[2022-12-19 23:23:37] INFO     BIST:Header (ok)
[2022-12-19 23:23:48] INFO     BIST:Header (ok)
[2022-12-19 23:24:00] INFO     BIST:Header (ok)
[2022-12-19 23:24:12] INFO     BIST:Header (ok)
[2022-12-19 23:24:23] INFO     BIST:Header (ok)
[2022-12-19 23:24:35] INFO     BIST:Header (ok)
[2022-12-19 23:24:47] INFO     BIST:Header (ok)
[2022-12-19 23:24:58] INFO     BIST:Header (ok)
[2022-12-19 23:25:10] INFO     BIST:Header (ok)
[2022-12-19 23:25:21] INFO     BIST:Header (ok)
[2022-12-19 23:25:33] INFO     BIST:Header (ok)
[2022-12-19 23:25:45] INFO     BIST:Header (ok)
[2022-12-19 23:25:56] INFO     BIST:Header (ok)
[2022-12-19 23:26:08] INFO     BIST:Header (ok)
[2022-12-19 23:26:19] INFO     BIST:Header (ok)
[2022-12-19 23:26:31] INFO     BIST:Header (ok)
[2022-12-19 23:26:43] INFO     BIST:Header (ok)
[2022-12-19 23:26:54] INFO     BIST:Header (ok)
[2022-12-19 23:27:06] INFO     BIST:Header (ok)
[2022-12-19 23:27:18] INFO     BIST:Header (ok)
[2022-12-19 23:27:29] INFO     BIST:Header (ok)
[2022-12-19 23:27:41] INFO     BIST:Header (ok)
[2022-12-19 23:27:52] INFO     BIST:Header (ok)
[2022-12-19 23:28:04] INFO     BIST:Header (ok)
[2022-12-19 23:28:16] INFO     BIST:Header (ok)
[2022-12-19 23:28:27] INFO     BIST:Header (ok)
[2022-12-19 23:28:39] INFO     BIST:Header (ok)
[2022-12-19 23:28:50] INFO     BIST:Header (ok)
[2022-12-19 23:29:02] INFO     BIST:Header (ok)
[2022-12-19 23:29:14] INFO     BIST:Header (ok)
[2022-12-19 23:29:25] INFO     BIST:Header (ok)
[2022-12-19 23:29:37] INFO     BIST:Header (ok)
[2022-12-19 23:29:48] INFO     BIST:Header (ok)
[2022-12-19 23:30:00] INFO     BIST:Header (ok)
[2022-12-19 23:30:12] INFO     BIST:Header (ok)
[2022-12-19 23:30:23] INFO     BIST:Header (ok)
[2022-12-19 23:30:35] INFO     BIST:Header (ok)
[2022-12-19 23:30:47] INFO     BIST:Header (ok)
[2022-12-19 23:30:58] INFO     BIST:Header (ok)
[2022-12-19 23:31:10] INFO     BIST:Header (ok)
[2022-12-19 23:31:21] INFO     BIST:Header (ok)
[2022-12-19 23:31:33] INFO     BIST:Header (ok)
[2022-12-19 23:31:45] INFO     BIST:Header (ok)
[2022-12-19 23:31:56] INFO     BIST:Header (ok)
[2022-12-19 23:32:08] INFO     BIST:Header (ok)
[2022-12-19 23:32:19] INFO     BIST:Header (ok)
[2022-12-19 23:32:31] INFO     BIST:Header (ok)
[2022-12-19 23:32:43] INFO     BIST:Header (ok)
[2022-12-19 23:32:54] INFO     BIST:Header (ok)
[2022-12-19 23:33:06] INFO     BIST:Header (ok)
[2022-12-19 23:33:17] INFO     BIST:Header (ok)
[2022-12-19 23:33:29] INFO     BIST:Header (ok)
[2022-12-19 23:33:41] INFO     BIST:Header (ok)
[2022-12-19 23:33:52] INFO     BIST:Header (ok)
[2022-12-19 23:34:04] INFO     BIST:Header (ok)
[2022-12-19 23:34:16] INFO     BIST:Header (ok)
[2022-12-19 23:34:27] INFO     BIST:Header (ok)
[2022-12-19 23:34:39] INFO     BIST:Header (ok)
[2022-12-19 23:34:50] INFO     BIST:Header (ok)
[2022-12-19 23:35:02] INFO     BIST:Header (ok)
[2022-12-19 23:35:14] INFO     BIST:Header (ok)
[2022-12-19 23:35:25] INFO     BIST:Header (ok)
[2022-12-19 23:35:37] INFO     BIST:Header (ok)
[2022-12-19 23:35:48] INFO     BIST:Header (ok)
[2022-12-19 23:36:00] INFO     BIST:Header (ok)
[2022-12-19 23:36:12] INFO     BIST:Header (ok)
[2022-12-19 23:36:23] INFO     BIST:Header (ok)
[2022-12-19 23:36:35] INFO     BIST:Header (ok)
[2022-12-19 23:36:46] INFO     BIST:Header (ok)
[2022-12-19 23:36:58] INFO     BIST:Header (ok)
[2022-12-19 23:37:10] INFO     BIST:Header (ok)
[2022-12-19 23:37:21] INFO     BIST:Header (ok)
[2022-12-19 23:37:33] INFO     BIST:Header (ok)
[2022-12-19 23:37:45] INFO     BIST:Header (ok)
[2022-12-19 23:37:56] INFO     BIST:Header (ok)
[2022-12-19 23:38:08] INFO     BIST:Header (ok)
[2022-12-19 23:38:19] INFO     BIST:Header (ok)
[2022-12-19 23:38:31] INFO     BIST:Header (ok)
[2022-12-19 23:38:43] INFO     BIST:Header (ok)
[2022-12-19 23:38:54] INFO     BIST:Header (ok)
[2022-12-19 23:39:06] INFO     BIST:Header (ok)
[2022-12-19 23:39:17] INFO     BIST:Header (ok)
[2022-12-19 23:39:29] INFO     BIST:Header (ok)
[2022-12-19 23:39:41] INFO     BIST:Header (ok)
[2022-12-19 23:39:52] INFO     BIST:Header (ok)
[2022-12-19 23:40:04] INFO     BIST:Header (ok)
[2022-12-19 23:40:16] INFO     BIST:Header (ok)
[2022-12-19 23:40:27] INFO     BIST:Header (ok)
[2022-12-19 23:40:39] INFO     BIST:Header (ok)
[2022-12-19 23:40:50] INFO     BIST:Header (ok)
[2022-12-19 23:41:02] INFO     BIST:Header (ok)
[2022-12-19 23:41:14] INFO     BIST:Header (ok)
[2022-12-19 23:41:25] INFO     BIST:Header (ok)
[2022-12-19 23:41:37] INFO     BIST:Header (ok)
[2022-12-19 23:41:48] INFO     BIST:Header (ok)
[2022-12-19 23:42:00] INFO     BIST:Header (ok)
[2022-12-19 23:42:12] INFO     BIST:Header (ok)
[2022-12-19 23:42:23] INFO     BIST:Header (ok)
[2022-12-19 23:42:35] INFO     BIST:Header (ok)
[2022-12-19 23:42:46] INFO     BIST:Header (ok)
[2022-12-19 23:42:58] INFO     BIST:Header (ok)
[2022-12-19 23:43:10] INFO     BIST:Header (ok)
[2022-12-19 23:43:21] INFO     BIST:Header (ok)
[2022-12-19 23:43:33] INFO     BIST:Header (ok)
[2022-12-19 23:43:45] INFO     BIST:Header (ok)
[2022-12-19 23:43:56] INFO     BIST:Header (ok)
[2022-12-19 23:44:08] INFO     BIST:Header (ok)
[2022-12-19 23:44:19] INFO     BIST:Header (ok)
[2022-12-19 23:44:31] INFO     BIST:Header (ok)
[2022-12-19 23:44:43] INFO     BIST:Header (ok)
[2022-12-19 23:44:54] INFO     BIST:Header (ok)
[2022-12-19 23:45:06] INFO     BIST:Header (ok)
[2022-12-19 23:45:17] INFO     BIST:Header (ok)
[2022-12-19 23:45:29] INFO     BIST:Header (ok)
[2022-12-19 23:45:41] INFO     BIST:Header (ok)
[2022-12-19 23:45:52] INFO     BIST:Header (ok)
[2022-12-19 23:46:04] INFO     BIST:Header (ok)
[2022-12-19 23:46:16] INFO     BIST:Header (ok)
[2022-12-19 23:46:27] INFO     BIST:Header (ok)
[2022-12-19 23:46:39] INFO     BIST:Header (ok)
[2022-12-19 23:46:50] INFO     BIST:Header (ok)
[2022-12-19 23:47:02] INFO     BIST:Header (ok)
[2022-12-19 23:47:14] INFO     BIST:Header (ok)
[2022-12-19 23:47:25] INFO     BIST:Header (ok)
[2022-12-19 23:47:37] INFO     BIST:Header (ok)
[2022-12-19 23:47:48] INFO     BIST:Header (ok)
[2022-12-19 23:48:00] INFO     BIST:Header (ok)
[2022-12-19 23:48:12] INFO     BIST:Header (ok)
[2022-12-19 23:48:23] INFO     BIST:Header (ok)
[2022-12-19 23:48:35] INFO     BIST:Header (ok)
[2022-12-19 23:48:46] INFO     BIST:Header (ok)
[2022-12-19 23:48:58] INFO     BIST:Header (ok)
[2022-12-19 23:49:10] INFO     BIST:Header (ok)
[2022-12-19 23:49:21] INFO     BIST:Header (ok)
[2022-12-19 23:49:33] INFO     BIST:Header (ok)
[2022-12-19 23:49:45] INFO     BIST:Header (ok)
[2022-12-19 23:49:56] INFO     BIST:Header (ok)
[2022-12-19 23:50:08] INFO     BIST:Header (ok)
[2022-12-19 23:50:19] INFO     BIST:Header (ok)
[2022-12-19 23:50:31] INFO     BIST:Header (ok)
[2022-12-19 23:50:43] INFO     BIST:Header (ok)
[2022-12-19 23:50:54] INFO     BIST:Header (ok)
[2022-12-19 23:51:06] INFO     BIST:Header (ok)
[2022-12-19 23:51:17] INFO     BIST:Header (ok)
[2022-12-19 23:51:29] INFO     BIST:Header (ok)
[2022-12-19 23:51:41] INFO     BIST:Header (ok)
[2022-12-19 23:51:52] INFO     BIST:Header (ok)
[2022-12-19 23:52:04] INFO     BIST:Header (ok)
[2022-12-19 23:52:15] INFO     BIST:Header (ok)
[2022-12-19 23:52:27] INFO     BIST:Header (ok)
[2022-12-19 23:52:39] INFO     BIST:Header (ok)
[2022-12-19 23:52:50] INFO     BIST:Header (ok)
[2022-12-19 23:53:02] INFO     BIST:Header (ok)
[2022-12-19 23:53:14] INFO     BIST:Header (ok)
[2022-12-19 23:53:25] INFO     BIST:Header (ok)
[2022-12-19 23:53:37] INFO     BIST:Header (ok)
[2022-12-19 23:53:48] INFO     BIST:Header (ok)
[2022-12-19 23:54:00] INFO     BIST:Header (ok)
[2022-12-19 23:54:12] INFO     BIST:Header (ok)
[2022-12-19 23:54:23] INFO     BIST:Header (ok)
[2022-12-19 23:54:35] INFO     BIST:Header (ok)
[2022-12-19 23:54:46] INFO     BIST:Header (ok)
[2022-12-19 23:54:58] INFO     BIST:Header (ok)
[2022-12-19 23:55:10] INFO     BIST:Header (ok)
[2022-12-19 23:55:21] INFO     BIST:Header (ok)
[2022-12-19 23:55:33] INFO     BIST:Header (ok)
[2022-12-19 23:55:45] INFO     BIST:Header (ok)
[2022-12-19 23:55:56] INFO     BIST:Header (ok)
[2022-12-19 23:56:08] INFO     BIST:Header (ok)
[2022-12-19 23:56:19] INFO     BIST:Header (ok)
[2022-12-19 23:56:31] INFO     BIST:Header (ok)
[2022-12-19 23:56:43] INFO     BIST:Header (ok)
[2022-12-19 23:56:54] INFO     BIST:Header (ok)
[2022-12-19 23:57:06] INFO     BIST:Header (ok)
[2022-12-19 23:57:17] INFO     BIST:Header (ok)
[2022-12-19 23:57:29] INFO     BIST:Header (ok)
[2022-12-19 23:57:41] INFO     BIST:Header (ok)
[2022-12-19 23:57:52] INFO     BIST:Header (ok)
[2022-12-19 23:58:04] INFO     BIST:Header (ok)
[2022-12-19 23:58:15] INFO     BIST:Header (ok)
[2022-12-19 23:58:27] INFO     BIST:Header (ok)
[2022-12-19 23:58:39] INFO     BIST:Header (ok)
[2022-12-19 23:58:50] INFO     BIST:Header (ok)
[2022-12-19 23:59:02] INFO     BIST:Header (ok)
[2022-12-19 23:59:14] INFO     BIST:Header (ok)
[2022-12-19 23:59:25] INFO     BIST:Header (ok)
[2022-12-19 23:59:37] INFO     BIST:Header (ok)
[2022-12-19 23:59:48] INFO     BIST:Header (ok)
[2022-12-20 00:00:00] INFO     BIST:Header (ok)
[2022-12-20 00:00:12] INFO     BIST:Header (ok)
[2022-12-20 00:00:23] INFO     BIST:Header (ok)
[2022-12-20 00:00:35] INFO     BIST:Header (ok)
[2022-12-20 00:00:46] INFO     BIST:Header (ok)
[2022-12-20 00:00:58] INFO     BIST:Header (ok)
[2022-12-20 00:01:10] INFO     BIST:Header (ok)
[2022-12-20 00:01:21] INFO     BIST:Header (ok)
[2022-12-20 00:01:33] INFO     BIST:Header (ok)
[2022-12-20 00:01:45] INFO     BIST:Header (ok)
[2022-12-20 00:01:56] INFO     BIST:Header (ok)
[2022-12-20 00:02:08] INFO     BIST:Header (ok)
[2022-12-20 00:02:19] INFO     BIST:Header (ok)
[2022-12-20 00:02:31] INFO     BIST:Header (ok)
[2022-12-20 00:02:43] INFO     BIST:Header (ok)
[2022-12-20 00:02:54] INFO     BIST:Header (ok)
[2022-12-20 00:03:06] INFO     BIST:Header (ok)
[2022-12-20 00:03:17] INFO     BIST:Header (ok)
[2022-12-20 00:03:29] INFO     BIST:Header (ok)
[2022-12-20 00:03:41] INFO     BIST:Header (ok)
[2022-12-20 00:03:52] INFO     BIST:Header (ok)
[2022-12-20 00:04:04] INFO     BIST:Header (ok)
[2022-12-20 00:04:15] INFO     BIST:Header (ok)
[2022-12-20 00:04:27] INFO     BIST:Header (ok)
[2022-12-20 00:04:39] INFO     BIST:Header (ok)
[2022-12-20 00:04:50] INFO     BIST:Header (ok)
[2022-12-20 00:05:02] INFO     BIST:Header (ok)
[2022-12-20 00:05:14] INFO     BIST:Header (ok)
[2022-12-20 00:05:25] INFO     BIST:Header (ok)
[2022-12-20 00:05:37] INFO     BIST:Header (ok)
[2022-12-20 00:05:48] INFO     BIST:Header (ok)
[2022-12-20 00:06:00] INFO     BIST:Header (ok)
[2022-12-20 00:06:12] INFO     BIST:Header (ok)
[2022-12-20 00:06:23] INFO     BIST:Header (ok)
[2022-12-20 00:06:35] INFO     BIST:Header (ok)
[2022-12-20 00:06:46] INFO     BIST:Header (ok)
[2022-12-20 00:06:58] INFO     BIST:Header (ok)
[2022-12-20 00:07:10] INFO     BIST:Header (ok)
[2022-12-20 00:07:21] INFO     BIST:Header (ok)
[2022-12-20 00:07:33] INFO     BIST:Header (ok)
[2022-12-20 00:07:44] INFO     BIST:Header (ok)
[2022-12-20 00:07:56] INFO     BIST:Header (ok)
[2022-12-20 00:08:08] INFO     BIST:Header (ok)
[2022-12-20 00:08:19] INFO     BIST:Header (ok)
[2022-12-20 00:08:31] INFO     BIST:Header (ok)
[2022-12-20 00:08:43] INFO     BIST:Header (ok)
[2022-12-20 00:08:54] INFO     BIST:Header (ok)
[2022-12-20 00:09:06] INFO     BIST:Header (ok)
[2022-12-20 00:09:17] INFO     BIST:Header (ok)
[2022-12-20 00:09:29] INFO     BIST:Header (ok)
[2022-12-20 00:09:41] INFO     BIST:Header (ok)
[2022-12-20 00:09:52] INFO     BIST:Header (ok)
[2022-12-20 00:10:04] INFO     BIST:Header (ok)
[2022-12-20 00:10:15] INFO     BIST:Header (ok)
[2022-12-20 00:10:27] INFO     BIST:Header (ok)
[2022-12-20 00:10:39] INFO     BIST:Header (ok)
[2022-12-20 00:10:50] INFO     BIST:Header (ok)
[2022-12-20 00:11:02] INFO     BIST:Header (ok)
[2022-12-20 00:11:14] INFO     BIST:Header (ok)
[2022-12-20 00:11:25] INFO     BIST:Header (ok)
[2022-12-20 00:11:37] INFO     BIST:Header (ok)
[2022-12-20 00:11:48] INFO     BIST:Header (ok)
[2022-12-20 00:12:00] INFO     BIST:Header (ok)
[2022-12-20 00:12:12] INFO     BIST:Header (ok)
[2022-12-20 00:12:23] INFO     BIST:Header (ok)
[2022-12-20 00:12:35] INFO     BIST:Header (ok)
[2022-12-20 00:12:46] INFO     BIST:Header (ok)
[2022-12-20 00:12:58] INFO     BIST:Header (ok)
[2022-12-20 00:13:10] INFO     BIST:Header (ok)
[2022-12-20 00:13:21] INFO     BIST:Header (ok)
[2022-12-20 00:13:33] INFO     BIST:Header (ok)
[2022-12-20 00:13:44] INFO     BIST:Header (ok)
[2022-12-20 00:13:56] INFO     BIST:Header (ok)
[2022-12-20 00:14:08] INFO     BIST:Header (ok)
[2022-12-20 00:14:19] INFO     BIST:Header (ok)
[2022-12-20 00:14:31] INFO     BIST:Header (ok)
[2022-12-20 00:14:43] INFO     BIST:Header (ok)
[2022-12-20 00:14:54] INFO     BIST:Header (ok)
[2022-12-20 00:15:06] INFO     BIST:Header (ok)
[2022-12-20 00:15:17] INFO     BIST:Header (ok)
[2022-12-20 00:15:29] INFO     BIST:Header (ok)
[2022-12-20 00:15:41] INFO     BIST:Header (ok)
[2022-12-20 00:15:52] INFO     BIST:Header (ok)
[2022-12-20 00:16:04] INFO     BIST:Header (ok)
[2022-12-20 00:16:15] INFO     BIST:Header (ok)
[2022-12-20 00:16:27] INFO     BIST:Header (ok)
[2022-12-20 00:16:39] INFO     BIST:Header (ok)
[2022-12-20 00:16:50] INFO     BIST:Header (ok)
[2022-12-20 00:17:02] INFO     BIST:Header (ok)
[2022-12-20 00:17:13] INFO     BIST:Header (ok)
[2022-12-20 00:17:25] INFO     BIST:Header (ok)
[2022-12-20 00:17:37] INFO     BIST:Header (ok)
[2022-12-20 00:17:48] INFO     BIST:Header (ok)
[2022-12-20 00:18:00] INFO     BIST:Header (ok)
[2022-12-20 00:18:12] INFO     BIST:Header (ok)
[2022-12-20 00:18:23] INFO     BIST:Header (ok)
[2022-12-20 00:18:35] INFO     BIST:Header (ok)
[2022-12-20 00:18:46] INFO     BIST:Header (ok)
[2022-12-20 00:18:58] INFO     BIST:Header (ok)
[2022-12-20 00:19:10] INFO     BIST:Header (ok)
[2022-12-20 00:19:21] INFO     BIST:Header (ok)
[2022-12-20 00:19:33] INFO     BIST:Header (ok)
[2022-12-20 00:19:44] INFO     BIST:Header (ok)
[2022-12-20 00:19:56] INFO     BIST:Header (ok)
[2022-12-20 00:20:08] INFO     BIST:Header (ok)
[2022-12-20 00:20:19] INFO     BIST:Header (ok)
[2022-12-20 00:20:31] INFO     BIST:Header (ok)
[2022-12-20 00:20:43] INFO     BIST:Header (ok)
[2022-12-20 00:20:54] INFO     BIST:Header (ok)
[2022-12-20 00:21:06] INFO     BIST:Header (ok)
[2022-12-20 00:21:17] INFO     BIST:Header (ok)
[2022-12-20 00:21:29] INFO     BIST:Header (ok)
[2022-12-20 00:21:41] INFO     BIST:Header (ok)
[2022-12-20 00:21:52] INFO     BIST:Header (ok)
[2022-12-20 00:22:04] INFO     BIST:Header (ok)
[2022-12-20 00:22:15] INFO     BIST:Header (ok)
[2022-12-20 00:22:27] INFO     BIST:Header (ok)
[2022-12-20 00:22:39] INFO     BIST:Header (ok)
[2022-12-20 00:22:50] INFO     BIST:Header (ok)
[2022-12-20 00:23:02] INFO     BIST:Header (ok)
[2022-12-20 00:23:13] INFO     BIST:Header (ok)
[2022-12-20 00:23:25] INFO     BIST:Header (ok)
[2022-12-20 00:23:37] INFO     BIST:Header (ok)
[2022-12-20 00:23:48] INFO     BIST:Header (ok)
[2022-12-20 00:24:00] INFO     BIST:Header (ok)
[2022-12-20 00:24:12] INFO     BIST:Header (ok)
[2022-12-20 00:24:23] INFO     BIST:Header (ok)
[2022-12-20 00:24:35] INFO     BIST:Header (ok)
[2022-12-20 00:24:46] INFO     BIST:Header (ok)
[2022-12-20 00:24:58] INFO     BIST:Header (ok)
[2022-12-20 00:25:10] INFO     BIST:Header (ok)
[2022-12-20 00:25:21] INFO     BIST:Header (ok)
[2022-12-20 00:25:33] INFO     BIST:Header (ok)
[2022-12-20 00:25:44] INFO     BIST:Header (ok)
[2022-12-20 00:25:56] INFO     BIST:Header (ok)
[2022-12-20 00:26:08] INFO     BIST:Header (ok)
[2022-12-20 00:26:19] INFO     BIST:Header (ok)
[2022-12-20 00:26:31] INFO     BIST:Header (ok)
[2022-12-20 00:26:42] INFO     BIST:Header (ok)
[2022-12-20 00:26:54] INFO     BIST:Header (ok)
[2022-12-20 00:27:06] INFO     BIST:Header (ok)
[2022-12-20 00:27:17] INFO     BIST:Header (ok)
[2022-12-20 00:27:29] INFO     BIST:Header (ok)
[2022-12-20 00:27:41] INFO     BIST:Header (ok)
[2022-12-20 00:27:52] INFO     BIST:Header (ok)
[2022-12-20 00:28:04] INFO     BIST:Header (ok)
[2022-12-20 00:28:15] INFO     BIST:Header (ok)
[2022-12-20 00:28:27] INFO     BIST:Header (ok)
[2022-12-20 00:28:39] INFO     BIST:Header (ok)
[2022-12-20 00:28:50] INFO     BIST:Header (ok)
[2022-12-20 00:29:02] INFO     BIST:Header (ok)
[2022-12-20 00:29:13] INFO     BIST:Header (ok)
[2022-12-20 00:29:25] INFO     BIST:Header (ok)
[2022-12-20 00:29:37] INFO     BIST:Header (ok)
[2022-12-20 00:29:48] INFO     BIST:Header (ok)
[2022-12-20 00:30:00] INFO     BIST:Header (ok)
[2022-12-20 00:30:12] INFO     BIST:Header (ok)
[2022-12-20 00:30:23] INFO     BIST:Header (ok)
[2022-12-20 00:30:35] INFO     BIST:Header (ok)
[2022-12-20 00:30:46] INFO     BIST:Header (ok)
[2022-12-20 00:30:58] INFO     BIST:Header (ok)
[2022-12-20 00:31:10] INFO     BIST:Header (ok)
[2022-12-20 00:31:21] INFO     BIST:Header (ok)
[2022-12-20 00:31:33] INFO     BIST:Header (ok)
[2022-12-20 00:31:44] INFO     BIST:Header (ok)
[2022-12-20 00:31:56] INFO     BIST:Header (ok)
[2022-12-20 00:32:08] INFO     BIST:Header (ok)
[2022-12-20 00:32:19] INFO     BIST:Header (ok)
[2022-12-20 00:32:31] INFO     BIST:Header (ok)
[2022-12-20 00:32:42] INFO     BIST:Header (ok)
[2022-12-20 00:32:54] INFO     BIST:Header (ok)
[2022-12-20 00:33:06] INFO     BIST:Header (ok)
[2022-12-20 00:33:17] INFO     BIST:Header (ok)
[2022-12-20 00:33:29] INFO     BIST:Header (ok)
[2022-12-20 00:33:41] INFO     BIST:Header (ok)
[2022-12-20 00:33:52] INFO     BIST:Header (ok)
[2022-12-20 00:34:04] INFO     BIST:Header (ok)
[2022-12-20 00:34:15] INFO     BIST:Header (ok)
[2022-12-20 00:34:27] INFO     BIST:Header (ok)
[2022-12-20 00:34:39] INFO     BIST:Header (ok)
[2022-12-20 00:34:50] INFO     BIST:Header (ok)
[2022-12-20 00:35:02] INFO     BIST:Header (ok)
[2022-12-20 00:35:13] INFO     BIST:Header (ok)
[2022-12-20 00:35:25] INFO     BIST:Header (ok)
[2022-12-20 00:35:37] INFO     BIST:Header (ok)
[2022-12-20 00:35:48] INFO     BIST:Header (ok)
[2022-12-20 00:36:00] INFO     BIST:Header (ok)
[2022-12-20 00:36:11] INFO     BIST:Header (ok)
[2022-12-20 00:36:23] INFO     BIST:Header (ok)
[2022-12-20 00:36:35] INFO     BIST:Header (ok)
[2022-12-20 00:36:46] INFO     BIST:Header (ok)
[2022-12-20 00:36:58] INFO     BIST:Header (ok)
[2022-12-20 00:37:09] INFO     BIST:Header (ok)
[2022-12-20 00:37:21] INFO     BIST:Header (ok)
[2022-12-20 00:37:33] INFO     BIST:Header (ok)
[2022-12-20 00:37:44] INFO     BIST:Header (ok)
[2022-12-20 00:37:56] INFO     BIST:Header (ok)
[2022-12-20 00:38:08] INFO     BIST:Header (ok)
[2022-12-20 00:38:19] INFO     BIST:Header (ok)
[2022-12-20 00:38:31] INFO     BIST:Header (ok)
[2022-12-20 00:38:42] INFO     BIST:Header (ok)
[2022-12-20 00:38:54] INFO     BIST:Header (ok)
[2022-12-20 00:39:06] INFO     BIST:Header (ok)
[2022-12-20 00:39:17] INFO     BIST:Header (ok)
[2022-12-20 00:39:29] INFO     BIST:Header (ok)
[2022-12-20 00:39:40] INFO     BIST:Header (ok)
[2022-12-20 00:39:52] INFO     BIST:Header (ok)
[2022-12-20 00:40:04] INFO     BIST:Header (ok)
[2022-12-20 00:40:15] INFO     BIST:Header (ok)
[2022-12-20 00:40:27] INFO     BIST:Header (ok)
[2022-12-20 00:40:38] INFO     BIST:Header (ok)
[2022-12-20 00:40:50] INFO     BIST:Header (ok)
[2022-12-20 00:41:02] INFO     BIST:Header (ok)
[2022-12-20 00:41:13] INFO     BIST:Header (ok)
[2022-12-20 00:41:25] INFO     BIST:Header (ok)
[2022-12-20 00:41:37] INFO     BIST:Header (ok)
[2022-12-20 00:41:48] INFO     BIST:Header (ok)
[2022-12-20 00:42:00] INFO     BIST:Header (ok)
[2022-12-20 00:42:11] INFO     BIST:Header (ok)
[2022-12-20 00:42:23] INFO     BIST:Header (ok)
[2022-12-20 00:42:35] INFO     BIST:Header (ok)
[2022-12-20 00:42:46] INFO     BIST:Header (ok)
[2022-12-20 00:42:58] INFO     BIST:Header (ok)
[2022-12-20 00:43:09] INFO     BIST:Header (ok)
[2022-12-20 00:43:21] INFO     BIST:Header (ok)
[2022-12-20 00:43:33] INFO     BIST:Header (ok)
[2022-12-20 00:43:44] INFO     BIST:Header (ok)
[2022-12-20 00:43:56] INFO     BIST:Header (ok)
[2022-12-20 00:44:07] INFO     BIST:Header (ok)
[2022-12-20 00:44:19] INFO     BIST:Header (ok)
[2022-12-20 00:44:31] INFO     BIST:Header (ok)
[2022-12-20 00:44:42] INFO     BIST:Header (ok)
[2022-12-20 00:44:54] INFO     BIST:Header (ok)
[2022-12-20 00:45:06] INFO     BIST:Header (ok)
[2022-12-20 00:45:17] INFO     BIST:Header (ok)
[2022-12-20 00:45:29] INFO     BIST:Header (ok)
[2022-12-20 00:45:40] INFO     BIST:Header (ok)
[2022-12-20 00:45:52] INFO     BIST:Header (ok)
[2022-12-20 00:46:04] INFO     BIST:Header (ok)
[2022-12-20 00:46:15] INFO     BIST:Header (ok)
[2022-12-20 00:46:27] INFO     BIST:Header (ok)
[2022-12-20 00:46:38] INFO     BIST:Header (ok)
[2022-12-20 00:46:50] INFO     BIST:Header (ok)
[2022-12-20 00:47:02] INFO     BIST:Header (ok)
[2022-12-20 00:47:13] INFO     BIST:Header (ok)
[2022-12-20 00:47:25] INFO     BIST:Header (ok)
[2022-12-20 00:47:36] INFO     BIST:Header (ok)
[2022-12-20 00:47:48] INFO     BIST:Header (ok)
[2022-12-20 00:48:00] INFO     BIST:Header (ok)
[2022-12-20 00:48:11] INFO     BIST:Header (ok)
[2022-12-20 00:48:23] INFO     BIST:Header (ok)
[2022-12-20 00:48:35] INFO     BIST:Header (ok)
[2022-12-20 00:48:46] INFO     BIST:Header (ok)
[2022-12-20 00:48:58] INFO     BIST:Header (ok)
[2022-12-20 00:49:09] INFO     BIST:Header (ok)
[2022-12-20 00:49:21] INFO     BIST:Header (ok)
[2022-12-20 00:49:33] INFO     BIST:Header (ok)
[2022-12-20 00:49:44] INFO     BIST:Header (ok)
[2022-12-20 00:49:56] INFO     BIST:Header (ok)
[2022-12-20 00:50:07] INFO     BIST:Header (ok)
[2022-12-20 00:50:19] INFO     BIST:Header (ok)
[2022-12-20 00:50:31] INFO     BIST:Header (ok)
[2022-12-20 00:50:42] INFO     BIST:Header (ok)
[2022-12-20 00:50:54] INFO     BIST:Header (ok)
[2022-12-20 00:51:06] INFO     BIST:Header (ok)
[2022-12-20 00:51:17] INFO     BIST:Header (ok)
[2022-12-20 00:51:29] INFO     BIST:Header (ok)
[2022-12-20 00:51:40] INFO     BIST:Header (ok)
[2022-12-20 00:51:52] INFO     BIST:Header (ok)
[2022-12-20 00:52:04] INFO     BIST:Header (ok)
[2022-12-20 00:52:15] INFO     BIST:Header (ok)
[2022-12-20 00:52:27] INFO     BIST:Header (ok)
[2022-12-20 00:52:38] INFO     BIST:Header (ok)
[2022-12-20 00:52:50] INFO     BIST:Header (ok)
[2022-12-20 00:53:02] INFO     BIST:Header (ok)
[2022-12-20 00:53:13] INFO     BIST:Header (ok)
[2022-12-20 00:53:25] INFO     BIST:Header (ok)
[2022-12-20 00:53:36] INFO     BIST:Header (ok)
[2022-12-20 00:53:48] INFO     BIST:Header (ok)
[2022-12-20 00:54:00] INFO     BIST:Header (ok)
[2022-12-20 00:54:11] INFO     BIST:Header (ok)
[2022-12-20 00:54:23] INFO     BIST:Header (ok)
[2022-12-20 00:54:35] INFO     BIST:Header (ok)
[2022-12-20 00:54:46] INFO     BIST:Header (ok)
[2022-12-20 00:54:58] INFO     BIST:Header (ok)
[2022-12-20 00:55:09] INFO     BIST:Header (ok)
[2022-12-20 00:55:21] INFO     BIST:Header (ok)
[2022-12-20 00:55:33] INFO     BIST:Header (ok)
[2022-12-20 00:55:44] INFO     BIST:Header (ok)
[2022-12-20 00:55:56] INFO     BIST:Header (ok)
[2022-12-20 00:56:07] INFO     BIST:Header (ok)
[2022-12-20 00:56:19] INFO     BIST:Header (ok)
[2022-12-20 00:56:31] INFO     BIST:Header (ok)
[2022-12-20 00:56:42] INFO     BIST:Header (ok)
[2022-12-20 00:56:54] INFO     BIST:Header (ok)
[2022-12-20 00:57:06] INFO     BIST:Header (ok)
[2022-12-20 00:57:17] INFO     BIST:Header (ok)
[2022-12-20 00:57:29] INFO     BIST:Header (ok)
[2022-12-20 00:57:40] INFO     BIST:Header (ok)
[2022-12-20 00:57:52] INFO     BIST:Header (ok)
[2022-12-20 00:58:04] INFO     BIST:Header (ok)
[2022-12-20 00:58:15] INFO     BIST:Header (ok)
[2022-12-20 00:58:27] INFO     BIST:Header (ok)
[2022-12-20 00:58:38] INFO     BIST:Header (ok)
[2022-12-20 00:58:50] INFO     BIST:Header (ok)
[2022-12-20 00:59:02] INFO     BIST:Header (ok)
[2022-12-20 00:59:13] INFO     BIST:Header (ok)
[2022-12-20 00:59:25] INFO     BIST:Header (ok)
[2022-12-20 00:59:36] INFO     BIST:Header (ok)
[2022-12-20 00:59:48] INFO     BIST:Header (ok)
[2022-12-20 01:00:00] INFO     BIST:Header (ok)
[2022-12-20 01:00:11] INFO     BIST:Header (ok)
[2022-12-20 01:00:23] INFO     BIST:Header (ok)
[2022-12-20 01:00:35] INFO     BIST:Header (ok)
[2022-12-20 01:00:46] INFO     BIST:Header (ok)
[2022-12-20 01:00:58] INFO     BIST:Header (ok)
[2022-12-20 01:01:09] INFO     BIST:Header (ok)
[2022-12-20 01:01:21] INFO     BIST:Header (ok)
[2022-12-20 01:01:33] INFO     BIST:Header (ok)
[2022-12-20 01:01:44] INFO     BIST:Header (ok)
[2022-12-20 01:01:56] INFO     BIST:Header (ok)
[2022-12-20 01:02:07] INFO     BIST:Header (ok)
[2022-12-20 01:02:19] INFO     BIST:Header (ok)
[2022-12-20 01:02:31] INFO     BIST:Header (ok)
[2022-12-20 01:02:42] INFO     BIST:Header (ok)
[2022-12-20 01:02:54] INFO     BIST:Header (ok)
[2022-12-20 01:03:06] INFO     BIST:Header (ok)
[2022-12-20 01:03:17] INFO     BIST:Header (ok)
[2022-12-20 01:03:29] INFO     BIST:Header (ok)
[2022-12-20 01:03:40] INFO     BIST:Header (ok)
[2022-12-20 01:03:52] INFO     BIST:Header (ok)
[2022-12-20 01:04:04] INFO     BIST:Header (ok)
[2022-12-20 01:04:15] INFO     BIST:Header (ok)
[2022-12-20 01:04:27] INFO     BIST:Header (ok)
[2022-12-20 01:04:38] INFO     BIST:Header (ok)
[2022-12-20 01:04:50] INFO     BIST:Header (ok)
[2022-12-20 01:05:02] INFO     BIST:Header (ok)
[2022-12-20 01:05:13] INFO     BIST:Header (ok)
[2022-12-20 01:05:25] INFO     BIST:Header (ok)
[2022-12-20 01:05:36] INFO     BIST:Header (ok)
[2022-12-20 01:05:48] INFO     BIST:Header (ok)
[2022-12-20 01:06:00] INFO     BIST:Header (ok)
[2022-12-20 01:06:11] INFO     BIST:Header (ok)
[2022-12-20 01:06:23] INFO     BIST:Header (ok)
[2022-12-20 01:06:35] INFO     BIST:Header (ok)
[2022-12-20 01:06:46] INFO     BIST:Header (ok)
[2022-12-20 01:06:58] INFO     BIST:Header (ok)
[2022-12-20 01:07:09] INFO     BIST:Header (ok)
[2022-12-20 01:07:21] INFO     BIST:Header (ok)
[2022-12-20 01:07:33] INFO     BIST:Header (ok)
[2022-12-20 01:07:44] INFO     BIST:Header (ok)
[2022-12-20 01:07:56] INFO     BIST:Header (ok)
[2022-12-20 01:08:07] INFO     BIST:Header (ok)
[2022-12-20 01:08:19] INFO     BIST:Header (ok)
[2022-12-20 01:08:31] INFO     BIST:Header (ok)
[2022-12-20 01:08:42] INFO     BIST:Header (ok)
[2022-12-20 01:08:54] INFO     BIST:Header (ok)
[2022-12-20 01:09:05] INFO     BIST:Header (ok)
[2022-12-20 01:09:17] INFO     BIST:Header (ok)
[2022-12-20 01:09:29] INFO     BIST:Header (ok)
[2022-12-20 01:09:40] INFO     BIST:Header (ok)
[2022-12-20 01:09:52] INFO     BIST:Header (ok)
[2022-12-20 01:10:04] INFO     BIST:Header (ok)
[2022-12-20 01:10:15] INFO     BIST:Header (ok)
[2022-12-20 01:10:27] INFO     BIST:Header (ok)
[2022-12-20 01:10:38] INFO     BIST:Header (ok)
[2022-12-20 01:10:50] INFO     BIST:Header (ok)
[2022-12-20 01:11:02] INFO     BIST:Header (ok)
[2022-12-20 01:11:13] INFO     BIST:Header (ok)
[2022-12-20 01:11:25] INFO     BIST:Header (ok)
[2022-12-20 01:11:36] INFO     BIST:Header (ok)
[2022-12-20 01:11:48] INFO     BIST:Header (ok)
[2022-12-20 01:12:00] INFO     BIST:Header (ok)
[2022-12-20 01:12:11] INFO     BIST:Header (ok)
[2022-12-20 01:12:23] INFO     BIST:Header (ok)
[2022-12-20 01:12:35] INFO     BIST:Header (ok)
[2022-12-20 01:12:46] INFO     BIST:Header (ok)
[2022-12-20 01:12:58] INFO     BIST:Header (ok)
[2022-12-20 01:13:09] INFO     BIST:Header (ok)
[2022-12-20 01:13:21] INFO     BIST:Header (ok)
[2022-12-20 01:13:33] INFO     BIST:Header (ok)
[2022-12-20 01:13:44] INFO     BIST:Header (ok)
[2022-12-20 01:13:56] INFO     BIST:Header (ok)
[2022-12-20 01:14:07] INFO     BIST:Header (ok)
[2022-12-20 01:14:19] INFO     BIST:Header (ok)
[2022-12-20 01:14:31] INFO     BIST:Header (ok)
[2022-12-20 01:14:42] INFO     BIST:Header (ok)
[2022-12-20 01:14:54] INFO     BIST:Header (ok)
[2022-12-20 01:15:05] INFO     BIST:Header (ok)
[2022-12-20 01:15:17] INFO     BIST:Header (ok)
[2022-12-20 01:15:29] INFO     BIST:Header (ok)
[2022-12-20 01:15:40] INFO     BIST:Header (ok)
[2022-12-20 01:15:52] INFO     BIST:Header (ok)
[2022-12-20 01:16:04] INFO     BIST:Header (ok)
[2022-12-20 01:16:15] INFO     BIST:Header (ok)
[2022-12-20 01:16:27] INFO     BIST:Header (ok)
[2022-12-20 01:16:38] INFO     BIST:Header (ok)
[2022-12-20 01:16:50] INFO     BIST:Header (ok)
[2022-12-20 01:17:02] INFO     BIST:Header (ok)
[2022-12-20 01:17:13] INFO     BIST:Header (ok)
[2022-12-20 01:17:25] INFO     BIST:Header (ok)
[2022-12-20 01:17:36] INFO     BIST:Header (ok)
[2022-12-20 01:17:48] INFO     BIST:Header (ok)
[2022-12-20 01:18:00] INFO     BIST:Header (ok)
[2022-12-20 01:18:11] INFO     BIST:Header (ok)
[2022-12-20 01:18:23] INFO     BIST:Header (ok)
[2022-12-20 01:18:34] INFO     BIST:Header (ok)
[2022-12-20 01:18:46] INFO     BIST:Header (ok)
[2022-12-20 01:18:58] INFO     BIST:Header (ok)
[2022-12-20 01:19:09] INFO     BIST:Header (ok)
[2022-12-20 01:19:21] INFO     BIST:Header (ok)
[2022-12-20 01:19:33] INFO     BIST:Header (ok)
[2022-12-20 01:19:44] INFO     BIST:Header (ok)
[2022-12-20 01:19:56] INFO     BIST:Header (ok)
[2022-12-20 01:20:07] INFO     BIST:Header (ok)
[2022-12-20 01:20:19] INFO     BIST:Header (ok)
[2022-12-20 01:20:31] INFO     BIST:Header (ok)
[2022-12-20 01:20:42] INFO     BIST:Header (ok)
[2022-12-20 01:20:54] INFO     BIST:Header (ok)
[2022-12-20 01:21:05] INFO     BIST:Header (ok)
[2022-12-20 01:21:17] INFO     BIST:Header (ok)
[2022-12-20 01:21:29] INFO     BIST:Header (ok)
[2022-12-20 01:21:40] INFO     BIST:Header (ok)
[2022-12-20 01:21:52] INFO     BIST:Header (ok)
[2022-12-20 01:22:04] INFO     BIST:Header (ok)
[2022-12-20 01:22:15] INFO     BIST:Header (ok)
[2022-12-20 01:22:27] INFO     BIST:Header (ok)
[2022-12-20 01:22:38] INFO     BIST:Header (ok)
[2022-12-20 01:22:50] INFO     BIST:Header (ok)
[2022-12-20 01:23:02] INFO     BIST:Header (ok)
[2022-12-20 01:23:13] INFO     BIST:Header (ok)
[2022-12-20 01:23:25] INFO     BIST:Header (ok)
[2022-12-20 01:23:36] INFO     BIST:Header (ok)
[2022-12-20 01:23:48] INFO     BIST:Header (ok)
[2022-12-20 01:24:00] INFO     BIST:Header (ok)
[2022-12-20 01:24:11] INFO     BIST:Header (ok)
[2022-12-20 01:24:23] INFO     BIST:Header (ok)
[2022-12-20 01:24:34] INFO     BIST:Header (ok)
[2022-12-20 01:24:46] INFO     BIST:Header (ok)
[2022-12-20 01:24:58] INFO     BIST:Header (ok)
[2022-12-20 01:25:09] INFO     BIST:Header (ok)
[2022-12-20 01:25:21] INFO     BIST:Header (ok)
[2022-12-20 01:25:33] INFO     BIST:Header (ok)
[2022-12-20 01:25:44] INFO     BIST:Header (ok)
[2022-12-20 01:25:56] INFO     BIST:Header (ok)
[2022-12-20 01:26:07] INFO     BIST:Header (ok)
[2022-12-20 01:26:19] INFO     BIST:Header (ok)
[2022-12-20 01:26:31] INFO     BIST:Header (ok)
[2022-12-20 01:26:42] INFO     BIST:Header (ok)
[2022-12-20 01:26:54] INFO     BIST:Header (ok)
[2022-12-20 01:27:05] INFO     BIST:Header (ok)
[2022-12-20 01:27:17] INFO     BIST:Header (ok)
[2022-12-20 01:27:29] INFO     BIST:Header (ok)
[2022-12-20 01:27:40] INFO     BIST:Header (ok)
[2022-12-20 01:27:52] INFO     BIST:Header (ok)
[2022-12-20 01:28:03] INFO     BIST:Header (ok)
[2022-12-20 01:28:15] INFO     BIST:Header (ok)
[2022-12-20 01:28:27] INFO     BIST:Header (ok)
[2022-12-20 01:28:38] INFO     BIST:Header (ok)
[2022-12-20 01:28:50] INFO     BIST:Header (ok)
[2022-12-20 01:29:02] INFO     BIST:Header (ok)
[2022-12-20 01:29:13] INFO     BIST:Header (ok)
[2022-12-20 01:29:25] INFO     BIST:Header (ok)
[2022-12-20 01:29:36] INFO     BIST:Header (ok)
[2022-12-20 01:29:48] INFO     BIST:Header (ok)
[2022-12-20 01:30:00] INFO     BIST:Header (ok)
[2022-12-20 01:30:11] INFO     BIST:Header (ok)
[2022-12-20 01:30:23] INFO     BIST:Header (ok)
[2022-12-20 01:30:34] INFO     BIST:Header (ok)
[2022-12-20 01:30:46] INFO     BIST:Header (ok)
[2022-12-20 01:30:58] INFO     BIST:Header (ok)
[2022-12-20 01:31:09] INFO     BIST:Header (ok)
[2022-12-20 01:31:21] INFO     BIST:Header (ok)
[2022-12-20 01:31:32] INFO     BIST:Header (ok)
[2022-12-20 01:31:44] INFO     BIST:Header (ok)
[2022-12-20 01:31:56] INFO     BIST:Header (ok)
[2022-12-20 01:32:07] INFO     BIST:Header (ok)
[2022-12-20 01:32:19] INFO     BIST:Header (ok)
[2022-12-20 01:32:31] INFO     BIST:Header (ok)
[2022-12-20 01:32:42] INFO     BIST:Header (ok)
[2022-12-20 01:32:54] INFO     BIST:Header (ok)
[2022-12-20 01:33:05] INFO     BIST:Header (ok)
[2022-12-20 01:33:17] INFO     BIST:Header (ok)
[2022-12-20 01:33:29] INFO     BIST:Header (ok)
[2022-12-20 01:33:40] INFO     BIST:Header (ok)
[2022-12-20 01:33:52] INFO     BIST:Header (ok)
[2022-12-20 01:34:03] INFO     BIST:Header (ok)
[2022-12-20 01:34:15] INFO     BIST:Header (ok)
[2022-12-20 01:34:27] INFO     BIST:Header (ok)
[2022-12-20 01:34:38] INFO     BIST:Header (ok)
[2022-12-20 01:34:50] INFO     BIST:Header (ok)
[2022-12-20 01:35:02] INFO     BIST:Header (ok)
[2022-12-20 01:35:13] INFO     BIST:Header (ok)
[2022-12-20 01:35:25] INFO     BIST:Header (ok)
[2022-12-20 01:35:36] INFO     BIST:Header (ok)
[2022-12-20 01:35:48] INFO     BIST:Header (ok)
[2022-12-20 01:36:00] INFO     BIST:Header (ok)
[2022-12-20 01:36:11] INFO     BIST:Header (ok)
[2022-12-20 01:36:23] INFO     BIST:Header (ok)
[2022-12-20 01:36:34] INFO     BIST:Header (ok)
[2022-12-20 01:36:46] INFO     BIST:Header (ok)
[2022-12-20 01:36:58] INFO     BIST:Header (ok)
[2022-12-20 01:37:09] INFO     BIST:Header (ok)
[2022-12-20 01:37:21] INFO     BIST:Header (ok)
[2022-12-20 01:37:32] INFO     BIST:Header (ok)
[2022-12-20 01:37:44] INFO     BIST:Header (ok)
[2022-12-20 01:37:56] INFO     BIST:Header (ok)
[2022-12-20 01:38:07] INFO     BIST:Header (ok)
[2022-12-20 01:38:19] INFO     BIST:Header (ok)
[2022-12-20 01:38:31] INFO     BIST:Header (ok)
[2022-12-20 01:38:42] INFO     BIST:Header (ok)
[2022-12-20 01:38:54] INFO     BIST:Header (ok)
[2022-12-20 01:39:05] INFO     BIST:Header (ok)
[2022-12-20 01:39:17] INFO     BIST:Header (ok)
[2022-12-20 01:39:29] INFO     BIST:Header (ok)
[2022-12-20 01:39:40] INFO     BIST:Header (ok)
[2022-12-20 01:39:52] INFO     BIST:Header (ok)
[2022-12-20 01:40:03] INFO     BIST:Header (ok)
[2022-12-20 01:40:15] INFO     BIST:Header (ok)
[2022-12-20 01:40:27] INFO     BIST:Header (ok)
[2022-12-20 01:40:38] INFO     BIST:Header (ok)
[2022-12-20 01:40:50] INFO     BIST:Header (ok)
[2022-12-20 01:41:01] INFO     BIST:Header (ok)
[2022-12-20 01:41:13] INFO     BIST:Header (ok)
[2022-12-20 01:41:25] INFO     BIST:Header (ok)
[2022-12-20 01:41:36] INFO     BIST:Header (ok)
[2022-12-20 01:41:48] INFO     BIST:Header (ok)
[2022-12-20 01:42:00] INFO     BIST:Header (ok)
[2022-12-20 01:42:11] INFO     BIST:Header (ok)
[2022-12-20 01:42:23] INFO     BIST:Header (ok)
[2022-12-20 01:42:34] INFO     BIST:Header (ok)
[2022-12-20 01:42:46] INFO     BIST:Header (ok)
[2022-12-20 01:42:58] INFO     BIST:Header (ok)
[2022-12-20 01:43:09] INFO     BIST:Header (ok)
[2022-12-20 01:43:21] INFO     BIST:Header (ok)
[2022-12-20 01:43:32] INFO     BIST:Header (ok)
[2022-12-20 01:43:44] INFO     BIST:Header (ok)
[2022-12-20 01:43:56] INFO     BIST:Header (ok)
[2022-12-20 01:44:07] INFO     BIST:Header (ok)
[2022-12-20 01:44:19] INFO     BIST:Header (ok)
[2022-12-20 01:44:31] INFO     BIST:Header (ok)
[2022-12-20 01:44:42] INFO     BIST:Header (ok)
[2022-12-20 01:44:54] INFO     BIST:Header (ok)
[2022-12-20 01:45:05] INFO     BIST:Header (ok)
[2022-12-20 01:45:17] INFO     BIST:Header (ok)
[2022-12-20 01:45:29] INFO     BIST:Header (ok)
[2022-12-20 01:45:40] INFO     BIST:Header (ok)
[2022-12-20 01:45:52] INFO     BIST:Header (ok)
[2022-12-20 01:46:03] INFO     BIST:Header (ok)
[2022-12-20 01:46:15] INFO     BIST:Header (ok)
[2022-12-20 01:46:27] INFO     BIST:Header (ok)
[2022-12-20 01:46:38] INFO     BIST:Header (ok)
[2022-12-20 01:46:50] INFO     BIST:Header (ok)
[2022-12-20 01:47:01] INFO     BIST:Header (ok)
[2022-12-20 01:47:13] INFO     BIST:Header (ok)
[2022-12-20 01:47:25] INFO     BIST:Header (ok)
[2022-12-20 01:47:36] INFO     BIST:Header (ok)
[2022-12-20 01:47:48] INFO     BIST:Header (ok)
[2022-12-20 01:48:00] INFO     BIST:Header (ok)
[2022-12-20 01:48:11] INFO     BIST:Header (ok)
[2022-12-20 01:48:23] INFO     BIST:Header (ok)
[2022-12-20 01:48:34] INFO     BIST:Header (ok)
[2022-12-20 01:48:46] INFO     BIST:Header (ok)
[2022-12-20 01:48:58] INFO     BIST:Header (ok)
[2022-12-20 01:49:09] INFO     BIST:Header (ok)
[2022-12-20 01:49:21] INFO     BIST:Header (ok)
[2022-12-20 01:49:32] INFO     BIST:Header (ok)
[2022-12-20 01:49:44] INFO     BIST:Header (ok)
[2022-12-20 01:49:56] INFO     BIST:Header (ok)
[2022-12-20 01:50:07] INFO     BIST:Header (ok)
[2022-12-20 01:50:19] INFO     BIST:Header (ok)
[2022-12-20 01:50:30] INFO     BIST:Header (ok)
[2022-12-20 01:50:42] INFO     BIST:Header (ok)
[2022-12-20 01:50:54] INFO     BIST:Header (ok)
[2022-12-20 01:51:05] INFO     BIST:Header (ok)
[2022-12-20 01:51:17] INFO     BIST:Header (ok)
[2022-12-20 01:51:29] INFO     BIST:Header (ok)
[2022-12-20 01:51:40] INFO     BIST:Header (ok)
[2022-12-20 01:51:52] INFO     BIST:Header (ok)
[2022-12-20 01:52:03] INFO     BIST:Header (ok)
[2022-12-20 01:52:15] INFO     BIST:Header (ok)
[2022-12-20 01:52:27] INFO     BIST:Header (ok)
[2022-12-20 01:52:38] INFO     BIST:Header (ok)
[2022-12-20 01:52:50] INFO     BIST:Header (ok)
[2022-12-20 01:53:01] INFO     BIST:Header (ok)
[2022-12-20 01:53:13] INFO     BIST:Header (ok)
[2022-12-20 01:53:25] INFO     BIST:Header (ok)
[2022-12-20 01:53:36] INFO     BIST:Header (ok)
[2022-12-20 01:53:48] INFO     BIST:Header (ok)
[2022-12-20 01:53:59] INFO     BIST:Header (ok)
[2022-12-20 01:54:11] INFO     BIST:Header (ok)
[2022-12-20 01:54:23] INFO     BIST:Header (ok)
[2022-12-20 01:54:34] INFO     BIST:Header (ok)
[2022-12-20 01:54:46] INFO     BIST:Header (ok)
[2022-12-20 01:54:58] INFO     BIST:Header (ok)
[2022-12-20 01:55:09] INFO     BIST:Header (ok)
[2022-12-20 01:55:21] INFO     BIST:Header (ok)
[2022-12-20 01:55:32] INFO     BIST:Header (ok)
[2022-12-20 01:55:44] INFO     BIST:Header (ok)
[2022-12-20 01:55:56] INFO     BIST:Header (ok)
[2022-12-20 01:56:07] INFO     BIST:Header (ok)
[2022-12-20 01:56:19] INFO     BIST:Header (ok)
[2022-12-20 01:56:30] INFO     BIST:Header (ok)
[2022-12-20 01:56:42] INFO     BIST:Header (ok)
[2022-12-20 01:56:54] INFO     BIST:Header (ok)
[2022-12-20 01:57:05] INFO     BIST:Header (ok)
[2022-12-20 01:57:17] INFO     BIST:Header (ok)
[2022-12-20 01:57:28] INFO     BIST:Header (ok)
[2022-12-20 01:57:40] INFO     BIST:Header (ok)
[2022-12-20 01:57:52] INFO     BIST:Header (ok)
[2022-12-20 01:58:03] INFO     BIST:Header (ok)
[2022-12-20 01:58:15] INFO     BIST:Header (ok)
[2022-12-20 01:58:27] INFO     BIST:Header (ok)
[2022-12-20 01:58:38] INFO     BIST:Header (ok)
[2022-12-20 01:58:50] INFO     BIST:Header (ok)
[2022-12-20 01:59:01] INFO     BIST:Header (ok)
[2022-12-20 01:59:13] INFO     BIST:Header (ok)
[2022-12-20 01:59:25] INFO     BIST:Header (ok)
[2022-12-20 01:59:36] INFO     BIST:Header (ok)
[2022-12-20 01:59:48] INFO     BIST:Header (ok)
[2022-12-20 01:59:59] INFO     BIST:Header (ok)
[2022-12-20 02:00:11] INFO     BIST:Header (ok)
[2022-12-20 02:00:23] INFO     BIST:Header (ok)
[2022-12-20 02:00:34] INFO     BIST:Header (ok)
[2022-12-20 02:00:46] INFO     BIST:Header (ok)
[2022-12-20 02:00:58] INFO     BIST:Header (ok)
[2022-12-20 02:01:09] INFO     BIST:Header (ok)
[2022-12-20 02:01:21] INFO     BIST:Header (ok)
[2022-12-20 02:01:32] INFO     BIST:Header (ok)
[2022-12-20 02:01:44] INFO     BIST:Header (ok)
[2022-12-20 02:01:56] INFO     BIST:Header (ok)
[2022-12-20 02:02:07] INFO     BIST:Header (ok)
[2022-12-20 02:02:19] INFO     BIST:Header (ok)
[2022-12-20 02:02:30] INFO     BIST:Header (ok)
[2022-12-20 02:02:42] INFO     BIST:Header (ok)
[2022-12-20 02:02:54] INFO     BIST:Header (ok)
[2022-12-20 02:03:05] INFO     BIST:Header (ok)
[2022-12-20 02:03:17] INFO     BIST:Header (ok)
[2022-12-20 02:03:28] INFO     BIST:Header (ok)
[2022-12-20 02:03:40] INFO     BIST:Header (ok)
[2022-12-20 02:03:52] INFO     BIST:Header (ok)
[2022-12-20 02:04:03] INFO     BIST:Header (ok)
[2022-12-20 02:04:15] INFO     BIST:Header (ok)
[2022-12-20 02:04:27] INFO     BIST:Header (ok)
[2022-12-20 02:04:38] INFO     BIST:Header (ok)
[2022-12-20 02:04:50] INFO     BIST:Header (ok)
[2022-12-20 02:05:01] INFO     BIST:Header (ok)
[2022-12-20 02:05:13] INFO     BIST:Header (ok)
[2022-12-20 02:05:25] INFO     BIST:Header (ok)
[2022-12-20 02:05:36] INFO     BIST:Header (ok)
[2022-12-20 02:05:48] INFO     BIST:Header (ok)
[2022-12-20 02:05:59] INFO     BIST:Header (ok)
[2022-12-20 02:06:11] INFO     BIST:Header (ok)
[2022-12-20 02:06:23] INFO     BIST:Header (ok)
[2022-12-20 02:06:34] INFO     BIST:Header (ok)
[2022-12-20 02:06:46] INFO     BIST:Header (ok)
[2022-12-20 02:06:57] INFO     BIST:Header (ok)
[2022-12-20 02:07:09] INFO     BIST:Header (ok)
[2022-12-20 02:07:21] INFO     BIST:Header (ok)
[2022-12-20 02:07:32] INFO     BIST:Header (ok)
[2022-12-20 02:07:44] INFO     BIST:Header (ok)
[2022-12-20 02:07:56] INFO     BIST:Header (ok)
[2022-12-20 02:08:07] INFO     BIST:Header (ok)
[2022-12-20 02:08:19] INFO     BIST:Header (ok)
[2022-12-20 02:08:30] INFO     BIST:Header (ok)
[2022-12-20 02:08:42] INFO     BIST:Header (ok)
[2022-12-20 02:08:54] INFO     BIST:Header (ok)
[2022-12-20 02:09:05] INFO     BIST:Header (ok)
[2022-12-20 02:09:17] INFO     BIST:Header (ok)
[2022-12-20 02:09:28] INFO     BIST:Header (ok)
[2022-12-20 02:09:40] INFO     BIST:Header (ok)
[2022-12-20 02:09:52] INFO     BIST:Header (ok)
[2022-12-20 02:10:04] INFO     BIST:Header (ok)
[2022-12-20 02:10:15] INFO     BIST:Header (ok)
[2022-12-20 02:10:27] INFO     BIST:Header (ok)
[2022-12-20 02:10:39] INFO     BIST:Header (ok)
[2022-12-20 02:10:50] INFO     BIST:Header (ok)
[2022-12-20 02:11:02] INFO     BIST:Header (ok)
[2022-12-20 02:11:14] INFO     BIST:Header (ok)
[2022-12-20 02:11:25] INFO     BIST:Header (ok)
[2022-12-20 02:11:37] INFO     BIST:Header (ok)
[2022-12-20 02:11:48] INFO     BIST:Header (ok)
[2022-12-20 02:12:00] INFO     BIST:Header (ok)
[2022-12-20 02:12:12] INFO     BIST:Header (ok)
[2022-12-20 02:12:23] INFO     BIST:Header (ok)
[2022-12-20 02:12:35] INFO     BIST:Header (ok)
[2022-12-20 02:12:46] INFO     BIST:Header (ok)
[2022-12-20 02:12:58] INFO     BIST:Header (ok)
[2022-12-20 02:13:10] INFO     BIST:Header (ok)
[2022-12-20 02:13:21] INFO     BIST:Header (ok)
[2022-12-20 02:13:33] INFO     BIST:Header (ok)
[2022-12-20 02:13:45] INFO     BIST:Header (ok)
[2022-12-20 02:13:56] INFO     BIST:Header (ok)
[2022-12-20 02:14:08] INFO     BIST:Header (ok)
[2022-12-20 02:14:19] INFO     BIST:Header (ok)
[2022-12-20 02:14:31] INFO     BIST:Header (ok)
[2022-12-20 02:14:43] INFO     BIST:Header (ok)
[2022-12-20 02:14:54] INFO     BIST:Header (ok)
[2022-12-20 02:15:06] INFO     BIST:Header (ok)
[2022-12-20 02:15:17] INFO     BIST:Header (ok)
[2022-12-20 02:15:29] INFO     BIST:Header (ok)
[2022-12-20 02:15:41] INFO     BIST:Header (ok)
[2022-12-20 02:15:52] INFO     BIST:Header (ok)
[2022-12-20 02:16:04] INFO     BIST:Header (ok)
[2022-12-20 02:16:15] INFO     BIST:Header (ok)
[2022-12-20 02:16:27] INFO     BIST:Header (ok)
[2022-12-20 02:16:39] INFO     BIST:Header (ok)
[2022-12-20 02:16:50] INFO     BIST:Header (ok)
[2022-12-20 02:17:02] INFO     BIST:Header (ok)
[2022-12-20 02:17:14] INFO     BIST:Header (ok)
[2022-12-20 02:17:25] INFO     BIST:Header (ok)
[2022-12-20 02:17:37] INFO     BIST:Header (ok)
[2022-12-20 02:17:48] INFO     BIST:Header (ok)
[2022-12-20 02:18:00] INFO     BIST:Header (ok)
[2022-12-20 02:18:12] INFO     BIST:Header (ok)
[2022-12-20 02:18:23] INFO     BIST:Header (ok)
[2022-12-20 02:18:35] INFO     BIST:Header (ok)
[2022-12-20 02:18:47] INFO     BIST:Header (ok)
[2022-12-20 02:18:58] INFO     BIST:Header (ok)
[2022-12-20 02:19:10] INFO     BIST:Header (ok)
[2022-12-20 02:19:21] INFO     BIST:Header (ok)
[2022-12-20 02:19:33] INFO     BIST:Header (ok)
[2022-12-20 02:19:45] INFO     BIST:Header (ok)
[2022-12-20 02:19:56] INFO     BIST:Header (ok)
[2022-12-20 02:20:08] INFO     BIST:Header (ok)
[2022-12-20 02:20:19] INFO     BIST:Header (ok)
[2022-12-20 02:20:31] INFO     BIST:Header (ok)
[2022-12-20 02:20:43] INFO     BIST:Header (ok)
[2022-12-20 02:20:54] INFO     BIST:Header (ok)
[2022-12-20 02:21:06] INFO     BIST:Header (ok)
[2022-12-20 02:21:18] INFO     BIST:Header (ok)
[2022-12-20 02:21:29] INFO     BIST:Header (ok)
[2022-12-20 02:21:41] INFO     BIST:Header (ok)
[2022-12-20 02:21:52] INFO     BIST:Header (ok)
[2022-12-20 02:22:04] INFO     BIST:Header (ok)
[2022-12-20 02:22:16] INFO     BIST:Header (ok)
[2022-12-20 02:22:27] INFO     BIST:Header (ok)
[2022-12-20 02:22:39] INFO     BIST:Header (ok)
[2022-12-20 02:22:50] INFO     BIST:Header (ok)
[2022-12-20 02:23:02] INFO     BIST:Header (ok)
[2022-12-20 02:23:14] INFO     BIST:Header (ok)
[2022-12-20 02:23:25] INFO     BIST:Header (ok)
[2022-12-20 02:23:37] INFO     BIST:Header (ok)
[2022-12-20 02:23:49] INFO     BIST:Header (ok)
[2022-12-20 02:24:00] INFO     BIST:Header (ok)
[2022-12-20 02:24:12] INFO     BIST:Header (ok)
[2022-12-20 02:24:23] INFO     BIST:Header (ok)
[2022-12-20 02:24:35] INFO     BIST:Header (ok)
[2022-12-20 02:24:47] INFO     BIST:Header (ok)
[2022-12-20 02:24:58] INFO     BIST:Header (ok)
[2022-12-20 02:25:10] INFO     BIST:Header (ok)
[2022-12-20 02:25:21] INFO     BIST:Header (ok)
[2022-12-20 02:25:33] INFO     BIST:Header (ok)
[2022-12-20 02:25:45] INFO     BIST:Header (ok)
[2022-12-20 02:25:56] INFO     BIST:Header (ok)
[2022-12-20 02:26:08] INFO     BIST:Header (ok)
[2022-12-20 02:26:19] INFO     BIST:Header (ok)
[2022-12-20 02:26:31] INFO     BIST:Header (ok)
[2022-12-20 02:26:43] INFO     BIST:Header (ok)
[2022-12-20 02:26:54] INFO     BIST:Header (ok)
[2022-12-20 02:27:06] INFO     BIST:Header (ok)
[2022-12-20 02:27:18] INFO     BIST:Header (ok)
[2022-12-20 02:27:29] INFO     BIST:Header (ok)
[2022-12-20 02:27:41] INFO     BIST:Header (ok)
[2022-12-20 02:27:52] INFO     BIST:Header (ok)
[2022-12-20 02:28:04] INFO     BIST:Header (ok)
[2022-12-20 02:28:16] INFO     BIST:Header (ok)
[2022-12-20 02:28:27] INFO     BIST:Header (ok)
[2022-12-20 02:28:39] INFO     BIST:Header (ok)
[2022-12-20 02:28:50] INFO     BIST:Header (ok)
[2022-12-20 02:29:02] INFO     BIST:Header (ok)
[2022-12-20 02:29:14] INFO     BIST:Header (ok)
[2022-12-20 02:29:25] INFO     BIST:Header (ok)
[2022-12-20 02:29:37] INFO     BIST:Header (ok)
[2022-12-20 02:29:49] INFO     BIST:Header (ok)
[2022-12-20 02:30:00] INFO     BIST:Header (ok)
[2022-12-20 02:30:12] INFO     BIST:Header (ok)
[2022-12-20 02:30:23] INFO     BIST:Header (ok)
[2022-12-20 02:30:35] INFO     BIST:Header (ok)
[2022-12-20 02:30:47] INFO     BIST:Header (ok)
[2022-12-20 02:30:58] INFO     BIST:Header (ok)
[2022-12-20 02:31:10] INFO     BIST:Header (ok)
[2022-12-20 02:31:21] INFO     BIST:Header (ok)
[2022-12-20 02:31:33] INFO     BIST:Header (ok)
[2022-12-20 02:31:45] INFO     BIST:Header (ok)
[2022-12-20 02:31:56] INFO     BIST:Header (ok)
[2022-12-20 02:32:08] INFO     BIST:Header (ok)
[2022-12-20 02:32:19] INFO     BIST:Header (ok)
[2022-12-20 02:32:31] INFO     BIST:Header (ok)
[2022-12-20 02:32:43] INFO     BIST:Header (ok)
[2022-12-20 02:32:54] INFO     BIST:Header (ok)
[2022-12-20 02:33:06] INFO     BIST:Header (ok)
[2022-12-20 02:33:18] INFO     BIST:Header (ok)
[2022-12-20 02:33:29] INFO     BIST:Header (ok)
[2022-12-20 02:33:41] INFO     BIST:Header (ok)
[2022-12-20 02:33:52] INFO     BIST:Header (ok)
[2022-12-20 02:34:04] INFO     BIST:Header (ok)
[2022-12-20 02:34:16] INFO     BIST:Header (ok)
[2022-12-20 02:34:27] INFO     BIST:Header (ok)
[2022-12-20 02:34:39] INFO     BIST:Header (ok)
[2022-12-20 02:34:50] INFO     BIST:Header (ok)
[2022-12-20 02:35:02] INFO     BIST:Header (ok)
[2022-12-20 02:35:14] INFO     BIST:Header (ok)
[2022-12-20 02:35:25] INFO     BIST:Header (ok)
[2022-12-20 02:35:37] INFO     BIST:Header (ok)
[2022-12-20 02:35:49] INFO     BIST:Header (ok)
[2022-12-20 02:36:00] INFO     BIST:Header (ok)
[2022-12-20 02:36:12] INFO     BIST:Header (ok)
[2022-12-20 02:36:23] INFO     BIST:Header (ok)
[2022-12-20 02:36:35] INFO     BIST:Header (ok)
[2022-12-20 02:36:47] INFO     BIST:Header (ok)
[2022-12-20 02:36:58] INFO     BIST:Header (ok)
[2022-12-20 02:37:10] INFO     BIST:Header (ok)
[2022-12-20 02:37:21] INFO     BIST:Header (ok)
[2022-12-20 02:37:33] INFO     BIST:Header (ok)
[2022-12-20 02:37:45] INFO     BIST:Header (ok)
[2022-12-20 02:37:56] INFO     BIST:Header (ok)
[2022-12-20 02:38:08] INFO     BIST:Header (ok)
[2022-12-20 02:38:20] INFO     BIST:Header (ok)
[2022-12-20 02:38:31] INFO     BIST:Header (ok)
[2022-12-20 02:38:43] INFO     BIST:Header (ok)
[2022-12-20 02:38:54] INFO     BIST:Header (ok)
[2022-12-20 02:39:06] INFO     BIST:Header (ok)
[2022-12-20 02:39:18] INFO     BIST:Header (ok)
[2022-12-20 02:39:29] INFO     BIST:Header (ok)
[2022-12-20 02:39:41] INFO     BIST:Header (ok)
[2022-12-20 02:39:52] INFO     BIST:Header (ok)
[2022-12-20 02:40:04] INFO     BIST:Header (ok)
[2022-12-20 02:40:16] INFO     BIST:Header (ok)
[2022-12-20 02:40:27] INFO     BIST:Header (ok)
[2022-12-20 02:40:39] INFO     BIST:Header (ok)
[2022-12-20 02:40:50] INFO     BIST:Header (ok)
[2022-12-20 02:41:02] INFO     BIST:Header (ok)
[2022-12-20 02:41:14] INFO     BIST:Header (ok)
[2022-12-20 02:41:25] INFO     BIST:Header (ok)
[2022-12-20 02:41:37] INFO     BIST:Header (ok)
[2022-12-20 02:41:49] INFO     BIST:Header (ok)
[2022-12-20 02:42:00] INFO     BIST:Header (ok)
[2022-12-20 02:42:12] INFO     BIST:Header (ok)
[2022-12-20 02:42:23] INFO     BIST:Header (ok)
[2022-12-20 02:42:35] INFO     BIST:Header (ok)
[2022-12-20 02:42:47] INFO     BIST:Header (ok)
[2022-12-20 02:42:58] INFO     BIST:Header (ok)
[2022-12-20 02:43:10] INFO     BIST:Header (ok)
[2022-12-20 02:43:21] INFO     BIST:Header (ok)
[2022-12-20 02:43:33] INFO     BIST:Header (ok)
[2022-12-20 02:43:45] INFO     BIST:Header (ok)
[2022-12-20 02:43:56] INFO     BIST:Header (ok)
[2022-12-20 02:44:08] INFO     BIST:Header (ok)
[2022-12-20 02:44:20] INFO     BIST:Header (ok)
[2022-12-20 02:44:31] INFO     BIST:Header (ok)
[2022-12-20 02:44:43] INFO     BIST:Header (ok)
[2022-12-20 02:44:54] INFO     BIST:Header (ok)
[2022-12-20 02:45:06] INFO     BIST:Header (ok)
[2022-12-20 02:45:18] INFO     BIST:Header (ok)
[2022-12-20 02:45:29] INFO     BIST:Header (ok)
[2022-12-20 02:45:41] INFO     BIST:Header (ok)
[2022-12-20 02:45:52] INFO     BIST:Header (ok)
[2022-12-20 02:46:04] INFO     BIST:Header (ok)
[2022-12-20 02:46:16] INFO     BIST:Header (ok)
[2022-12-20 02:46:27] INFO     BIST:Header (ok)
[2022-12-20 02:46:39] INFO     BIST:Header (ok)
[2022-12-20 02:46:50] INFO     BIST:Header (ok)
[2022-12-20 02:47:02] INFO     BIST:Header (ok)
[2022-12-20 02:47:14] INFO     BIST:Header (ok)
[2022-12-20 02:47:25] INFO     BIST:Header (ok)
[2022-12-20 02:47:37] INFO     BIST:Header (ok)
[2022-12-20 02:47:49] INFO     BIST:Header (ok)
[2022-12-20 02:48:00] INFO     BIST:Header (ok)
[2022-12-20 02:48:12] INFO     BIST:Header (ok)
[2022-12-20 02:48:23] INFO     BIST:Header (ok)
[2022-12-20 02:48:35] INFO     BIST:Header (ok)
[2022-12-20 02:48:47] INFO     BIST:Header (ok)
[2022-12-20 02:48:58] INFO     BIST:Header (ok)
[2022-12-20 02:49:10] INFO     BIST:Header (ok)
[2022-12-20 02:49:21] INFO     BIST:Header (ok)
[2022-12-20 02:49:33] INFO     BIST:Header (ok)
[2022-12-20 02:49:45] INFO     BIST:Header (ok)
[2022-12-20 02:49:56] INFO     BIST:Header (ok)
[2022-12-20 02:50:08] INFO     BIST:Header (ok)
[2022-12-20 02:50:20] INFO     BIST:Header (ok)
[2022-12-20 02:50:31] INFO     BIST:Header (ok)
[2022-12-20 02:50:43] INFO     BIST:Header (ok)
[2022-12-20 02:50:54] INFO     BIST:Header (ok)
[2022-12-20 02:51:06] INFO     BIST:Header (ok)
[2022-12-20 02:51:17] INFO     BIST:Header (ok)
[2022-12-20 02:51:29] INFO     BIST:Header (ok)
[2022-12-20 02:51:41] INFO     BIST:Header (ok)
[2022-12-20 02:51:52] INFO     BIST:Header (ok)
[2022-12-20 02:52:04] INFO     BIST:Header (ok)
[2022-12-20 02:52:15] INFO     BIST:Header (ok)
[2022-12-20 02:52:27] INFO     BIST:Header (ok)
[2022-12-20 02:52:39] INFO     BIST:Header (ok)
[2022-12-20 02:52:50] INFO     BIST:Header (ok)
[2022-12-20 02:53:02] INFO     BIST:Header (ok)
[2022-12-20 02:53:13] INFO     BIST:Header (ok)
[2022-12-20 02:53:25] INFO     BIST:Header (ok)
[2022-12-20 02:53:37] INFO     BIST:Header (ok)
[2022-12-20 02:53:48] INFO     BIST:Header (ok)
[2022-12-20 02:54:00] INFO     BIST:Header (ok)
[2022-12-20 02:54:11] INFO     BIST:Header (ok)
[2022-12-20 02:54:23] INFO     BIST:Header (ok)
[2022-12-20 02:54:35] INFO     BIST:Header (ok)
[2022-12-20 02:54:46] INFO     BIST:Header (ok)
[2022-12-20 02:54:58] INFO     BIST:Header (ok)
[2022-12-20 02:55:10] INFO     BIST:Header (ok)
[2022-12-20 02:55:21] INFO     BIST:Header (ok)
[2022-12-20 02:55:33] INFO     BIST:Header (ok)
[2022-12-20 02:55:44] INFO     BIST:Header (ok)
[2022-12-20 02:55:56] INFO     BIST:Header (ok)
[2022-12-20 02:56:08] INFO     BIST:Header (ok)
[2022-12-20 02:56:19] INFO     BIST:Header (ok)
[2022-12-20 02:56:31] INFO     BIST:Header (ok)
[2022-12-20 02:56:42] INFO     BIST:Header (ok)
[2022-12-20 02:56:54] INFO     BIST:Header (ok)
[2022-12-20 02:57:06] INFO     BIST:Header (ok)
[2022-12-20 02:57:17] INFO     BIST:Header (ok)
[2022-12-20 02:57:29] INFO     BIST:Header (ok)
[2022-12-20 02:57:40] INFO     BIST:Header (ok)
[2022-12-20 02:57:52] INFO     BIST:Header (ok)
[2022-12-20 02:58:04] INFO     BIST:Header (ok)
[2022-12-20 02:58:15] INFO     BIST:Header (ok)
[2022-12-20 02:58:27] INFO     BIST:Header (ok)
[2022-12-20 02:58:39] INFO     BIST:Header (ok)
[2022-12-20 02:58:50] INFO     BIST:Header (ok)
[2022-12-20 02:59:02] INFO     BIST:Header (ok)
[2022-12-20 02:59:13] INFO     BIST:Header (ok)
[2022-12-20 02:59:25] INFO     BIST:Header (ok)
[2022-12-20 02:59:37] INFO     BIST:Header (ok)
[2022-12-20 02:59:48] INFO     BIST:Header (ok)
[2022-12-20 03:00:00] INFO     BIST:Header (ok)
[2022-12-20 03:00:11] INFO     BIST:Header (ok)
[2022-12-20 03:00:23] INFO     BIST:Header (ok)
[2022-12-20 03:00:35] INFO     BIST:Header (ok)
[2022-12-20 03:00:46] INFO     BIST:Header (ok)
[2022-12-20 03:00:58] INFO     BIST:Header (ok)
[2022-12-20 03:01:09] INFO     BIST:Header (ok)
[2022-12-20 03:01:21] INFO     BIST:Header (ok)
[2022-12-20 03:01:33] INFO     BIST:Header (ok)
[2022-12-20 03:01:44] INFO     BIST:Header (ok)
[2022-12-20 03:01:56] INFO     BIST:Header (ok)
[2022-12-20 03:02:08] INFO     BIST:Header (ok)
[2022-12-20 03:02:19] INFO     BIST:Header (ok)
[2022-12-20 03:02:31] INFO     BIST:Header (ok)
[2022-12-20 03:02:42] INFO     BIST:Header (ok)
[2022-12-20 03:02:54] INFO     BIST:Header (ok)
[2022-12-20 03:03:06] INFO     BIST:Header (ok)
[2022-12-20 03:03:17] INFO     BIST:Header (ok)
[2022-12-20 03:03:29] INFO     BIST:Header (ok)
[2022-12-20 03:03:41] INFO     BIST:Header (ok)
[2022-12-20 03:03:52] INFO     BIST:Header (ok)
[2022-12-20 03:04:04] INFO     BIST:Header (ok)
[2022-12-20 03:04:15] INFO     BIST:Header (ok)
[2022-12-20 03:04:27] INFO     BIST:Header (ok)
[2022-12-20 03:04:38] INFO     BIST:Header (ok)
[2022-12-20 03:04:50] INFO     BIST:Header (ok)
[2022-12-20 03:05:02] INFO     BIST:Header (ok)
[2022-12-20 03:05:13] INFO     BIST:Header (ok)
[2022-12-20 03:05:25] INFO     BIST:Header (ok)
[2022-12-20 03:05:36] ERROR    UART:expect unicode error
[2022-12-20 03:05:36] INFO     BIST:First Unicode Error
[2022-12-20 03:05:36] ERROR    UART:expect unicode error
[2022-12-20 03:05:36] INFO     BIST:Bad data line (1)
[2022-12-20 03:05:36] ERROR    UART:expect unicode error
[2022-12-20 03:05:36] INFO     BIST:Bad data line (2)
[2022-12-20 03:05:36] ERROR    UART:expect unicode error
[2022-12-20 03:05:36] INFO     BIST:Bad data line (3)
[2022-12-20 03:05:36] ERROR    UART:expect unicode error
[2022-12-20 03:05:36] INFO     BIST:Bad data line (4)
[2022-12-20 03:05:36] ERROR    UART:expect unicode error
[2022-12-20 03:05:36] INFO     BIST:Bad data line (5)
[2022-12-20 03:05:36] INFO     BIST:Bad title line (1):1111111111111111111111111111111111111111111111111111111111111111111111111111111111111111    825307441    825307441  825307441
[2022-12-20 03:05:51] ERROR    UART:expect timeout (delay 15s)
[2022-12-20 03:05:51] INFO     STATE:Terminal Recovery State
[2022-12-20 03:05:51] INFO     UART:Serial port /dev/ttyUSB2 closed
[2022-12-20 03:05:54] INFO     UART:Searching for ttyUSB device (Attempt 1)
[2022-12-20 03:05:54] INFO     UART:Found tty device:/dev/ttyUSB2
[2022-12-20 03:05:54] INFO     UART:Serial port /dev/ttyUSB2 open
[2022-12-20 03:06:04] ERROR    UART:expect timeout (delay 10s)
[2022-12-20 03:06:04] INFO     STATE:Reset Recovery State
[2022-12-20 03:06:04] INFO     UARTBONE I ADDR=00001350
[2022-12-20 03:06:04] INFO     Issuing UART bone reset
[2022-12-20 03:06:05] INFO     UARTBONE I ADDR=000001F8
[2022-12-20 03:06:05] INFO     STATE:LiteX Login State
[2022-12-20 03:06:05] INFO     STATE:Start BIST State
[2022-12-20 03:06:05] INFO     STATE:BIST Execution State
[2022-12-20 03:06:05] INFO     BIST:Bad title line (1):8192 1 0 2
[2022-12-20 03:06:05] INFO     BIST:Header (first)
[2022-12-20 03:06:17] INFO     BIST:Header (ok)
[2022-12-20 03:06:29] INFO     BIST:Header (ok)
[2022-12-20 03:06:40] INFO     BIST:Header (ok)
[2022-12-20 03:06:52] INFO     BIST:Header (ok)
[2022-12-20 03:07:04] INFO     BIST:Header (ok)
[2022-12-20 03:07:15] INFO     BIST:Header (ok)
[2022-12-20 03:07:27] INFO     BIST:Header (ok)
[2022-12-20 03:07:38] INFO     BIST:Header (ok)
[2022-12-20 03:07:50] INFO     BIST:Header (ok)
[2022-12-20 03:08:02] INFO     BIST:Header (ok)
[2022-12-20 03:08:13] INFO     BIST:Header (ok)
[2022-12-20 03:08:25] INFO     BIST:Header (ok)
[2022-12-20 03:08:37] INFO     BIST:Header (ok)
[2022-12-20 03:08:48] INFO     BIST:Header (ok)
[2022-12-20 03:09:00] INFO     BIST:Header (ok)
[2022-12-20 03:09:11] INFO     BIST:Header (ok)
[2022-12-20 03:09:23] INFO     BIST:Header (ok)
[2022-12-20 03:09:34] INFO     BIST:Header (ok)
[2022-12-20 03:09:46] INFO     BIST:Header (ok)
[2022-12-20 03:09:58] INFO     BIST:Header (ok)
[2022-12-20 03:10:09] INFO     BIST:Header (ok)
[2022-12-20 03:10:21] INFO     BIST:Header (ok)
[2022-12-20 03:10:32] INFO     BIST:Header (ok)
[2022-12-20 03:10:44] INFO     BIST:Header (ok)
[2022-12-20 03:10:56] INFO     BIST:Header (ok)
[2022-12-20 03:11:07] INFO     BIST:Header (ok)
[2022-12-20 03:11:19] INFO     BIST:Header (ok)
[2022-12-20 03:11:31] INFO     BIST:Header (ok)
[2022-12-20 03:11:42] INFO     BIST:Header (ok)
[2022-12-20 03:11:54] INFO     BIST:Header (ok)
[2022-12-20 03:12:05] INFO     BIST:Header (ok)
[2022-12-20 03:12:17] INFO     BIST:Header (ok)
[2022-12-20 03:12:29] INFO     BIST:Header (ok)
[2022-12-20 03:12:40] INFO     BIST:Header (ok)
[2022-12-20 03:12:52] INFO     BIST:Header (ok)
[2022-12-20 03:13:04] INFO     BIST:Header (ok)
[2022-12-20 03:13:15] INFO     BIST:Header (ok)
[2022-12-20 03:13:27] INFO     BIST:Header (ok)
[2022-12-20 03:13:38] INFO     BIST:Header (ok)
[2022-12-20 03:13:50] INFO     BIST:Header (ok)
[2022-12-20 03:14:02] INFO     BIST:Header (ok)
[2022-12-20 03:14:13] INFO     BIST:Header (ok)
[2022-12-20 03:14:25] INFO     BIST:Header (ok)
[2022-12-20 03:14:36] INFO     BIST:Header (ok)
[2022-12-20 03:14:48] INFO     BIST:Header (ok)
[2022-12-20 03:15:00] INFO     BIST:Header (ok)
[2022-12-20 03:15:11] INFO     BIST:Header (ok)
[2022-12-20 03:15:23] INFO     BIST:Header (ok)
[2022-12-20 03:15:35] INFO     BIST:Header (ok)
[2022-12-20 03:15:46] INFO     BIST:Header (ok)
[2022-12-20 03:15:58] INFO     BIST:Header (ok)
[2022-12-20 03:16:09] INFO     BIST:Header (ok)
[2022-12-20 03:16:21] INFO     BIST:Header (ok)
[2022-12-20 03:16:33] INFO     BIST:Header (ok)
[2022-12-20 03:16:44] INFO     BIST:Header (ok)
[2022-12-20 03:16:56] INFO     BIST:Header (ok)
[2022-12-20 03:17:07] INFO     BIST:Header (ok)
[2022-12-20 03:17:19] INFO     BIST:Header (ok)
[2022-12-20 03:17:30] INFO     BIST:Header (ok)
[2022-12-20 03:17:42] INFO     BIST:Header (ok)
[2022-12-20 03:17:54] INFO     BIST:Header (ok)
[2022-12-20 03:18:05] INFO     BIST:Header (ok)
[2022-12-20 03:18:17] INFO     BIST:Header (ok)
[2022-12-20 03:18:28] INFO     BIST:Header (ok)
[2022-12-20 03:18:40] INFO     BIST:Header (ok)
[2022-12-20 03:18:52] INFO     BIST:Header (ok)
[2022-12-20 03:19:03] INFO     BIST:Header (ok)
[2022-12-20 03:19:15] INFO     BIST:Header (ok)
[2022-12-20 03:19:27] INFO     BIST:Header (ok)
[2022-12-20 03:19:38] INFO     BIST:Header (ok)
[2022-12-20 03:19:50] INFO     BIST:Header (ok)
[2022-12-20 03:20:01] INFO     BIST:Header (ok)
[2022-12-20 03:20:13] INFO     BIST:Header (ok)
[2022-12-20 03:20:25] INFO     BIST:Header (ok)
[2022-12-20 03:20:36] INFO     BIST:Header (ok)
[2022-12-20 03:20:48] INFO     BIST:Header (ok)
[2022-12-20 03:20:59] INFO     BIST:Header (ok)
[2022-12-20 03:21:11] INFO     BIST:Header (ok)
[2022-12-20 03:21:23] INFO     BIST:Header (ok)
[2022-12-20 03:21:34] INFO     BIST:Header (ok)
[2022-12-20 03:21:46] INFO     BIST:Header (ok)
[2022-12-20 03:21:57] INFO     BIST:Header (ok)
[2022-12-20 03:22:09] INFO     BIST:Header (ok)
[2022-12-20 03:22:21] INFO     BIST:Header (ok)
[2022-12-20 03:22:32] INFO     BIST:Header (ok)
[2022-12-20 03:22:44] INFO     BIST:Header (ok)
[2022-12-20 03:22:56] INFO     BIST:Header (ok)
[2022-12-20 03:23:07] INFO     BIST:Header (ok)
[2022-12-20 03:23:19] INFO     BIST:Header (ok)
[2022-12-20 03:23:30] INFO     BIST:Header (ok)
[2022-12-20 03:23:42] INFO     BIST:Header (ok)
[2022-12-20 03:23:54] INFO     BIST:Header (ok)
[2022-12-20 03:24:05] INFO     BIST:Header (ok)
[2022-12-20 03:24:17] INFO     BIST:Header (ok)
[2022-12-20 03:24:29] INFO     BIST:Header (ok)
[2022-12-20 03:24:40] INFO     BIST:Header (ok)
[2022-12-20 03:24:52] INFO     BIST:Header (ok)
[2022-12-20 03:25:03] INFO     BIST:Header (ok)
[2022-12-20 03:25:15] INFO     BIST:Header (ok)
[2022-12-20 03:25:27] INFO     BIST:Header (ok)
[2022-12-20 03:25:38] INFO     BIST:Header (ok)
[2022-12-20 03:25:50] INFO     BIST:Header (ok)
[2022-12-20 03:26:02] INFO     BIST:Header (ok)
[2022-12-20 03:26:13] INFO     BIST:Header (ok)
[2022-12-20 03:26:25] INFO     BIST:Header (ok)
[2022-12-20 03:26:36] INFO     BIST:Header (ok)
[2022-12-20 03:26:48] INFO     BIST:Header (ok)
[2022-12-20 03:27:00] INFO     BIST:Header (ok)
[2022-12-20 03:27:11] INFO     BIST:Header (ok)
[2022-12-20 03:27:23] INFO     BIST:Header (ok)
[2022-12-20 03:27:34] INFO     BIST:Header (ok)
[2022-12-20 03:27:46] INFO     BIST:Header (ok)
[2022-12-20 03:27:58] INFO     BIST:Header (ok)
[2022-12-20 03:28:09] INFO     BIST:Header (ok)
[2022-12-20 03:28:21] INFO     BIST:Header (ok)
[2022-12-20 03:28:32] INFO     BIST:Header (ok)
[2022-12-20 03:28:44] INFO     BIST:Header (ok)
[2022-12-20 03:28:56] INFO     BIST:Header (ok)
[2022-12-20 03:29:07] INFO     BIST:Header (ok)
[2022-12-20 03:29:19] INFO     BIST:Header (ok)
[2022-12-20 03:29:31] INFO     BIST:Header (ok)
[2022-12-20 03:29:42] INFO     BIST:Header (ok)
[2022-12-20 03:29:54] INFO     BIST:Header (ok)
[2022-12-20 03:30:05] INFO     BIST:Header (ok)
[2022-12-20 03:30:17] INFO     BIST:Header (ok)
[2022-12-20 03:30:29] INFO     BIST:Header (ok)
[2022-12-20 03:30:40] INFO     BIST:Header (ok)
[2022-12-20 03:30:52] INFO     BIST:Header (ok)
[2022-12-20 03:31:03] INFO     BIST:Header (ok)
[2022-12-20 03:31:15] INFO     BIST:Header (ok)
[2022-12-20 03:31:27] INFO     BIST:Header (ok)
[2022-12-20 03:31:38] INFO     BIST:Header (ok)
[2022-12-20 03:31:50] INFO     BIST:Header (ok)
[2022-12-20 03:32:02] INFO     BIST:Header (ok)
[2022-12-20 03:32:13] INFO     BIST:Header (ok)
[2022-12-20 03:32:25] INFO     BIST:Header (ok)
[2022-12-20 03:32:36] INFO     BIST:Header (ok)
[2022-12-20 03:32:48] INFO     BIST:Header (ok)
[2022-12-20 03:33:00] INFO     BIST:Header (ok)
[2022-12-20 03:33:11] INFO     BIST:Header (ok)
[2022-12-20 03:33:23] INFO     BIST:Header (ok)
[2022-12-20 03:33:34] INFO     BIST:Header (ok)
[2022-12-20 03:33:46] INFO     BIST:Header (ok)
[2022-12-20 03:33:58] INFO     BIST:Header (ok)
[2022-12-20 03:34:09] INFO     BIST:Header (ok)
[2022-12-20 03:34:21] INFO     BIST:Header (ok)
[2022-12-20 03:34:33] INFO     BIST:Header (ok)
[2022-12-20 03:34:44] INFO     BIST:Header (ok)
[2022-12-20 03:34:56] INFO     BIST:Header (ok)
[2022-12-20 03:35:07] INFO     BIST:Header (ok)
[2022-12-20 03:35:19] INFO     BIST:Header (ok)
[2022-12-20 03:35:31] INFO     BIST:Header (ok)
[2022-12-20 03:35:42] INFO     BIST:Header (ok)
[2022-12-20 03:35:54] INFO     BIST:Header (ok)
[2022-12-20 03:36:05] INFO     BIST:Header (ok)
[2022-12-20 03:36:17] INFO     BIST:Header (ok)
[2022-12-20 03:36:29] INFO     BIST:Header (ok)
[2022-12-20 03:36:40] INFO     BIST:Header (ok)
[2022-12-20 03:36:52] INFO     BIST:Header (ok)
[2022-12-20 03:37:03] INFO     BIST:Header (ok)
[2022-12-20 03:37:15] INFO     BIST:Header (ok)
[2022-12-20 03:37:27] INFO     BIST:Header (ok)
[2022-12-20 03:37:38] INFO     BIST:Header (ok)
[2022-12-20 03:37:50] INFO     BIST:Header (ok)
[2022-12-20 03:38:01] INFO     BIST:Header (ok)
[2022-12-20 03:38:13] INFO     BIST:Header (ok)
[2022-12-20 03:38:25] INFO     BIST:Header (ok)
[2022-12-20 03:38:36] INFO     BIST:Header (ok)
[2022-12-20 03:38:48] INFO     BIST:Header (ok)
[2022-12-20 03:39:00] INFO     BIST:Header (ok)
[2022-12-20 03:39:11] INFO     BIST:Header (ok)
[2022-12-20 03:39:23] INFO     BIST:Header (ok)
[2022-12-20 03:39:34] INFO     BIST:Header (ok)
[2022-12-20 03:39:46] INFO     BIST:Header (ok)
[2022-12-20 03:39:58] INFO     BIST:Header (ok)
[2022-12-20 03:40:09] INFO     BIST:Header (ok)
[2022-12-20 03:40:21] INFO     BIST:Header (ok)
[2022-12-20 03:40:32] INFO     BIST:Header (ok)
[2022-12-20 03:40:44] INFO     BIST:Header (ok)
[2022-12-20 03:40:56] INFO     BIST:Header (ok)
[2022-12-20 03:41:07] INFO     BIST:Header (ok)
[2022-12-20 03:41:19] INFO     BIST:Header (ok)
[2022-12-20 03:41:31] INFO     BIST:Header (ok)
[2022-12-20 03:41:42] INFO     BIST:Header (ok)
[2022-12-20 03:41:54] INFO     BIST:Header (ok)
[2022-12-20 03:42:05] INFO     BIST:Header (ok)
[2022-12-20 03:42:17] INFO     BIST:Header (ok)
[2022-12-20 03:42:29] INFO     BIST:Header (ok)
[2022-12-20 03:42:40] INFO     BIST:Header (ok)
[2022-12-20 03:42:52] INFO     BIST:Header (ok)
[2022-12-20 03:43:03] INFO     BIST:Header (ok)
[2022-12-20 03:43:15] INFO     BIST:Header (ok)
[2022-12-20 03:43:26] INFO     BIST:Header (ok)
[2022-12-20 03:43:38] INFO     BIST:Header (ok)
[2022-12-20 03:43:50] INFO     BIST:Header (ok)
[2022-12-20 03:44:01] INFO     BIST:Header (ok)
[2022-12-20 03:44:13] INFO     BIST:Header (ok)
[2022-12-20 03:44:25] INFO     BIST:Header (ok)
[2022-12-20 03:44:36] INFO     BIST:Header (ok)
[2022-12-20 03:44:48] INFO     BIST:Header (ok)
[2022-12-20 03:44:59] INFO     BIST:Header (ok)
[2022-12-20 03:45:11] INFO     BIST:Header (ok)
[2022-12-20 03:45:23] INFO     BIST:Header (ok)
[2022-12-20 03:45:34] INFO     BIST:Header (ok)
[2022-12-20 03:45:46] INFO     BIST:Header (ok)
[2022-12-20 03:45:57] INFO     BIST:Header (ok)
[2022-12-20 03:46:09] INFO     BIST:Header (ok)
[2022-12-20 03:46:21] INFO     BIST:Header (ok)
[2022-12-20 03:46:32] INFO     BIST:Header (ok)
[2022-12-20 03:46:44] INFO     BIST:Header (ok)
[2022-12-20 03:46:55] INFO     BIST:Header (ok)
[2022-12-20 03:47:07] INFO     BIST:Header (ok)
[2022-12-20 03:47:19] INFO     BIST:Header (ok)
[2022-12-20 03:47:30] INFO     BIST:Header (ok)
[2022-12-20 03:47:42] INFO     BIST:Header (ok)
[2022-12-20 03:47:53] INFO     BIST:Header (ok)
[2022-12-20 03:48:05] INFO     BIST:Header (ok)
[2022-12-20 03:48:17] INFO     BIST:Header (ok)
[2022-12-20 03:48:28] INFO     BIST:Header (ok)
[2022-12-20 03:48:40] INFO     BIST:Header (ok)
[2022-12-20 03:48:52] INFO     BIST:Header (ok)
[2022-12-20 03:49:03] INFO     BIST:Header (ok)
[2022-12-20 03:49:15] INFO     BIST:Header (ok)
[2022-12-20 03:49:26] INFO     BIST:Header (ok)
[2022-12-20 03:49:38] INFO     BIST:Header (ok)
[2022-12-20 03:49:50] INFO     BIST:Header (ok)
[2022-12-20 03:50:01] INFO     BIST:Header (ok)
[2022-12-20 03:50:13] INFO     BIST:Header (ok)
[2022-12-20 03:50:24] INFO     BIST:Header (ok)
[2022-12-20 03:50:36] INFO     BIST:Header (ok)
[2022-12-20 03:50:48] INFO     BIST:Header (ok)
[2022-12-20 03:50:59] INFO     BIST:Header (ok)
[2022-12-20 03:51:11] INFO     BIST:Header (ok)
[2022-12-20 03:51:22] INFO     BIST:Header (ok)
[2022-12-20 03:51:34] INFO     BIST:Header (ok)
[2022-12-20 03:51:46] INFO     BIST:Header (ok)
[2022-12-20 03:51:57] INFO     BIST:Header (ok)
[2022-12-20 03:52:09] INFO     BIST:Header (ok)
[2022-12-20 03:52:21] INFO     BIST:Header (ok)
[2022-12-20 03:52:32] INFO     BIST:Header (ok)
[2022-12-20 03:52:44] INFO     BIST:Header (ok)
[2022-12-20 03:52:55] INFO     BIST:Header (ok)
[2022-12-20 03:53:07] INFO     BIST:Header (ok)
[2022-12-20 03:53:19] INFO     BIST:Header (ok)
[2022-12-20 03:53:30] INFO     BIST:Header (ok)
[2022-12-20 03:53:42] INFO     BIST:Header (ok)
[2022-12-20 03:53:53] INFO     BIST:Header (ok)
[2022-12-20 03:54:05] INFO     BIST:Header (ok)
[2022-12-20 03:54:17] INFO     BIST:Header (ok)
[2022-12-20 03:54:28] INFO     BIST:Header (ok)
[2022-12-20 03:54:40] INFO     BIST:Header (ok)
[2022-12-20 03:54:52] INFO     BIST:Header (ok)
[2022-12-20 03:55:03] INFO     BIST:Header (ok)
[2022-12-20 03:55:15] INFO     BIST:Header (ok)
[2022-12-20 03:55:26] INFO     BIST:Header (ok)
[2022-12-20 03:55:38] INFO     BIST:Header (ok)
[2022-12-20 03:55:50] INFO     BIST:Header (ok)
[2022-12-20 03:56:01] INFO     BIST:Header (ok)
[2022-12-20 03:56:13] INFO     BIST:Header (ok)
[2022-12-20 03:56:24] INFO     BIST:Header (ok)
[2022-12-20 03:56:36] INFO     BIST:Header (ok)
[2022-12-20 03:56:48] INFO     BIST:Header (ok)
[2022-12-20 03:56:59] INFO     BIST:Header (ok)
[2022-12-20 03:57:11] INFO     BIST:Header (ok)
[2022-12-20 03:57:23] INFO     BIST:Header (ok)
[2022-12-20 03:57:34] INFO     BIST:Header (ok)
[2022-12-20 03:57:46] INFO     BIST:Header (ok)
[2022-12-20 03:57:57] INFO     BIST:Header (ok)
[2022-12-20 03:58:09] INFO     BIST:Header (ok)
[2022-12-20 03:58:21] INFO     BIST:Header (ok)
[2022-12-20 03:58:32] INFO     BIST:Header (ok)
[2022-12-20 03:58:44] INFO     BIST:Header (ok)
[2022-12-20 03:58:56] INFO     BIST:Header (ok)
[2022-12-20 03:59:07] INFO     BIST:Header (ok)
[2022-12-20 03:59:19] INFO     BIST:Header (ok)
[2022-12-20 03:59:30] INFO     BIST:Header (ok)
[2022-12-20 03:59:42] INFO     BIST:Header (ok)
[2022-12-20 03:59:54] INFO     BIST:Header (ok)
[2022-12-20 04:00:05] INFO     BIST:Header (ok)
[2022-12-20 04:00:17] INFO     BIST:Header (ok)
[2022-12-20 04:00:28] INFO     BIST:Header (ok)
[2022-12-20 04:00:40] INFO     BIST:Header (ok)
[2022-12-20 04:00:52] INFO     BIST:Header (ok)
[2022-12-20 04:01:03] INFO     BIST:Header (ok)
[2022-12-20 04:01:15] INFO     BIST:Header (ok)
[2022-12-20 04:01:26] INFO     BIST:Header (ok)
[2022-12-20 04:01:38] INFO     BIST:Header (ok)
[2022-12-20 04:01:50] INFO     BIST:Header (ok)
[2022-12-20 04:02:01] INFO     BIST:Header (ok)
[2022-12-20 04:02:13] INFO     BIST:Header (ok)
[2022-12-20 04:02:24] INFO     BIST:Header (ok)
[2022-12-20 04:02:36] INFO     BIST:Header (ok)
[2022-12-20 04:02:48] INFO     BIST:Header (ok)
[2022-12-20 04:02:59] INFO     BIST:Header (ok)
[2022-12-20 04:03:11] INFO     BIST:Header (ok)
[2022-12-20 04:03:22] INFO     BIST:Header (ok)
[2022-12-20 04:03:34] INFO     BIST:Header (ok)
[2022-12-20 04:03:46] INFO     BIST:Header (ok)
[2022-12-20 04:03:57] INFO     BIST:Header (ok)
[2022-12-20 04:04:09] INFO     BIST:Header (ok)
[2022-12-20 04:04:20] INFO     BIST:Header (ok)
[2022-12-20 04:04:32] INFO     BIST:Header (ok)
[2022-12-20 04:04:44] INFO     BIST:Header (ok)
[2022-12-20 04:04:55] INFO     BIST:Header (ok)
[2022-12-20 04:05:07] INFO     BIST:Header (ok)
[2022-12-20 04:05:18] INFO     BIST:Header (ok)
[2022-12-20 04:05:30] INFO     BIST:Header (ok)
[2022-12-20 04:05:42] INFO     BIST:Header (ok)
[2022-12-20 04:05:53] INFO     BIST:Header (ok)
[2022-12-20 04:06:05] INFO     BIST:Header (ok)
[2022-12-20 04:06:17] INFO     BIST:Header (ok)
[2022-12-20 04:06:28] INFO     BIST:Header (ok)
[2022-12-20 04:06:40] INFO     BIST:Header (ok)
[2022-12-20 04:06:51] INFO     BIST:Header (ok)
[2022-12-20 04:07:03] INFO     BIST:Header (ok)
[2022-12-20 04:07:15] INFO     BIST:Header (ok)
[2022-12-20 04:07:26] INFO     BIST:Header (ok)
[2022-12-20 04:07:38] INFO     BIST:Header (ok)
[2022-12-20 04:07:50] INFO     BIST:Header (ok)
[2022-12-20 04:08:01] INFO     BIST:Header (ok)
[2022-12-20 04:08:13] INFO     BIST:Header (ok)
[2022-12-20 04:08:25] INFO     BIST:Header (ok)
[2022-12-20 04:08:36] INFO     BIST:Header (ok)
[2022-12-20 04:08:48] INFO     BIST:Header (ok)
[2022-12-20 04:08:59] INFO     BIST:Header (ok)
[2022-12-20 04:09:11] INFO     BIST:Header (ok)
[2022-12-20 04:09:23] INFO     BIST:Header (ok)
[2022-12-20 04:09:34] INFO     BIST:Header (ok)
[2022-12-20 04:09:46] INFO     BIST:Header (ok)
[2022-12-20 04:09:58] INFO     BIST:Header (ok)
[2022-12-20 04:10:09] INFO     BIST:Header (ok)
[2022-12-20 04:10:21] INFO     BIST:Header (ok)
[2022-12-20 04:10:32] INFO     BIST:Header (ok)
[2022-12-20 04:10:44] INFO     BIST:Header (ok)
[2022-12-20 04:10:56] INFO     BIST:Header (ok)
[2022-12-20 04:11:07] INFO     BIST:Header (ok)
[2022-12-20 04:11:19] INFO     BIST:Header (ok)
[2022-12-20 04:11:30] INFO     BIST:Header (ok)
[2022-12-20 04:11:42] INFO     BIST:Header (ok)
[2022-12-20 04:11:54] INFO     BIST:Header (ok)
[2022-12-20 04:12:05] INFO     BIST:Header (ok)
[2022-12-20 04:12:17] INFO     BIST:Header (ok)
[2022-12-20 04:12:28] INFO     BIST:Header (ok)
[2022-12-20 04:12:40] INFO     BIST:Header (ok)
[2022-12-20 04:12:51] INFO     BIST:Header (ok)
[2022-12-20 04:13:03] INFO     BIST:Header (ok)
[2022-12-20 04:13:15] INFO     BIST:Header (ok)
[2022-12-20 04:13:26] INFO     BIST:Header (ok)
[2022-12-20 04:13:38] INFO     BIST:Header (ok)
[2022-12-20 04:13:50] INFO     BIST:Header (ok)
[2022-12-20 04:14:01] INFO     BIST:Header (ok)
[2022-12-20 04:14:13] INFO     BIST:Header (ok)
[2022-12-20 04:14:24] INFO     BIST:Header (ok)
[2022-12-20 04:14:36] INFO     BIST:Header (ok)
[2022-12-20 04:14:48] INFO     BIST:Header (ok)
[2022-12-20 04:14:59] INFO     BIST:Header (ok)
[2022-12-20 04:15:11] INFO     BIST:Header (ok)
[2022-12-20 04:15:22] INFO     BIST:Header (ok)
[2022-12-20 04:15:34] INFO     BIST:Header (ok)
[2022-12-20 04:15:46] INFO     BIST:Header (ok)
[2022-12-20 04:15:57] INFO     BIST:Header (ok)
[2022-12-20 04:16:09] INFO     BIST:Header (ok)
[2022-12-20 04:16:21] INFO     BIST:Header (ok)
[2022-12-20 04:16:32] INFO     BIST:Header (ok)
[2022-12-20 04:16:44] INFO     BIST:Header (ok)
[2022-12-20 04:16:55] INFO     BIST:Header (ok)
[2022-12-20 04:17:07] INFO     BIST:Header (ok)
[2022-12-20 04:17:19] INFO     BIST:Header (ok)
[2022-12-20 04:17:30] INFO     BIST:Header (ok)
[2022-12-20 04:17:42] INFO     BIST:Header (ok)
[2022-12-20 04:17:53] INFO     BIST:Header (ok)
[2022-12-20 04:18:05] INFO     BIST:Header (ok)
[2022-12-20 04:18:17] INFO     BIST:Header (ok)
[2022-12-20 04:18:28] INFO     BIST:Header (ok)
[2022-12-20 04:18:40] INFO     BIST:Header (ok)
[2022-12-20 04:18:52] INFO     BIST:Header (ok)
[2022-12-20 04:19:03] INFO     BIST:Header (ok)
[2022-12-20 04:19:15] INFO     BIST:Header (ok)
[2022-12-20 04:19:26] INFO     BIST:Header (ok)
[2022-12-20 04:19:38] INFO     BIST:Header (ok)
[2022-12-20 04:19:50] INFO     BIST:Header (ok)
[2022-12-20 04:20:01] INFO     BIST:Header (ok)
[2022-12-20 04:20:13] INFO     BIST:Header (ok)
[2022-12-20 04:20:24] INFO     BIST:Header (ok)
[2022-12-20 04:20:36] INFO     BIST:Header (ok)
[2022-12-20 04:20:48] INFO     BIST:Header (ok)
[2022-12-20 04:20:59] INFO     BIST:Header (ok)
[2022-12-20 04:21:11] INFO     BIST:Header (ok)
[2022-12-20 04:21:22] INFO     BIST:Header (ok)
[2022-12-20 04:21:34] INFO     BIST:Header (ok)
[2022-12-20 04:21:46] INFO     BIST:Header (ok)
[2022-12-20 04:21:57] INFO     BIST:Header (ok)
[2022-12-20 04:22:09] INFO     BIST:Header (ok)
[2022-12-20 04:22:20] INFO     BIST:Header (ok)
[2022-12-20 04:22:32] INFO     BIST:Header (ok)
[2022-12-20 04:22:44] INFO     BIST:Header (ok)
[2022-12-20 04:22:55] INFO     BIST:Header (ok)
[2022-12-20 04:23:07] INFO     BIST:Header (ok)
[2022-12-20 04:23:19] INFO     BIST:Header (ok)
[2022-12-20 04:23:30] INFO     BIST:Header (ok)
[2022-12-20 04:23:42] INFO     BIST:Header (ok)
[2022-12-20 04:23:53] INFO     BIST:Header (ok)
[2022-12-20 04:24:05] INFO     BIST:Header (ok)
[2022-12-20 04:24:17] INFO     BIST:Header (ok)
[2022-12-20 04:24:28] INFO     BIST:Header (ok)
[2022-12-20 04:24:40] INFO     BIST:Header (ok)
[2022-12-20 04:24:52] INFO     BIST:Header (ok)
[2022-12-20 04:25:03] INFO     BIST:Header (ok)
[2022-12-20 04:25:15] INFO     BIST:Header (ok)
[2022-12-20 04:25:26] INFO     BIST:Header (ok)
[2022-12-20 04:25:38] INFO     BIST:Header (ok)
[2022-12-20 04:25:50] INFO     BIST:Header (ok)
[2022-12-20 04:26:01] INFO     BIST:Header (ok)
[2022-12-20 04:26:13] INFO     BIST:Header (ok)
[2022-12-20 04:26:24] INFO     BIST:Header (ok)
[2022-12-20 04:26:36] INFO     BIST:Header (ok)
[2022-12-20 04:26:48] INFO     BIST:Header (ok)
[2022-12-20 04:26:59] INFO     BIST:Header (ok)
[2022-12-20 04:27:11] INFO     BIST:Header (ok)
[2022-12-20 04:27:23] INFO     BIST:Header (ok)
[2022-12-20 04:27:34] INFO     BIST:Header (ok)
[2022-12-20 04:27:46] INFO     BIST:Header (ok)
[2022-12-20 04:27:57] INFO     BIST:Header (ok)
[2022-12-20 04:28:09] INFO     BIST:Header (ok)
[2022-12-20 04:28:21] INFO     BIST:Header (ok)
[2022-12-20 04:28:32] INFO     BIST:Header (ok)
[2022-12-20 04:28:44] INFO     BIST:Header (ok)
[2022-12-20 04:28:56] INFO     BIST:Header (ok)
[2022-12-20 04:29:07] INFO     BIST:Header (ok)
[2022-12-20 04:29:19] INFO     BIST:Header (ok)
[2022-12-20 04:29:30] INFO     BIST:Header (ok)
[2022-12-20 04:29:42] INFO     BIST:Header (ok)
[2022-12-20 04:29:54] INFO     BIST:Header (ok)
[2022-12-20 04:30:05] INFO     BIST:Header (ok)
[2022-12-20 04:30:17] INFO     BIST:Header (ok)
[2022-12-20 04:30:28] INFO     BIST:Header (ok)
[2022-12-20 04:30:40] INFO     BIST:Header (ok)
[2022-12-20 04:30:52] INFO     BIST:Header (ok)
[2022-12-20 04:31:03] INFO     BIST:Header (ok)
[2022-12-20 04:31:15] INFO     BIST:Header (ok)
[2022-12-20 04:31:27] INFO     BIST:Header (ok)
[2022-12-20 04:31:38] INFO     BIST:Header (ok)
[2022-12-20 04:31:50] INFO     BIST:Header (ok)
[2022-12-20 04:32:01] INFO     BIST:Header (ok)
[2022-12-20 04:32:13] INFO     BIST:Header (ok)
[2022-12-20 04:32:24] INFO     BIST:Header (ok)
[2022-12-20 04:32:36] INFO     BIST:Header (ok)
[2022-12-20 04:32:48] INFO     BIST:Header (ok)
[2022-12-20 04:32:59] INFO     BIST:Header (ok)
[2022-12-20 04:33:11] INFO     BIST:Header (ok)
[2022-12-20 04:33:23] INFO     BIST:Header (ok)
[2022-12-20 04:33:34] INFO     BIST:Header (ok)
[2022-12-20 04:33:46] INFO     BIST:Header (ok)
[2022-12-20 04:33:57] INFO     BIST:Header (ok)
[2022-12-20 04:34:09] INFO     BIST:Header (ok)
[2022-12-20 04:34:21] INFO     BIST:Header (ok)
[2022-12-20 04:34:32] INFO     BIST:Header (ok)
[2022-12-20 04:34:44] INFO     BIST:Header (ok)
[2022-12-20 04:34:55] INFO     BIST:Header (ok)
[2022-12-20 04:35:07] INFO     BIST:Header (ok)
[2022-12-20 04:35:19] INFO     BIST:Header (ok)
[2022-12-20 04:35:30] INFO     BIST:Header (ok)
[2022-12-20 04:35:42] INFO     BIST:Header (ok)
[2022-12-20 04:35:54] INFO     BIST:Header (ok)
[2022-12-20 04:36:05] INFO     BIST:Header (ok)
[2022-12-20 04:36:17] INFO     BIST:Header (ok)
[2022-12-20 04:36:28] INFO     BIST:Header (ok)
[2022-12-20 04:36:40] INFO     BIST:Header (ok)
[2022-12-20 04:36:52] INFO     BIST:Header (ok)
[2022-12-20 04:37:03] INFO     BIST:Header (ok)
[2022-12-20 04:37:15] INFO     BIST:Header (ok)
[2022-12-20 04:37:26] INFO     BIST:Header (ok)
[2022-12-20 04:37:38] INFO     BIST:Header (ok)
[2022-12-20 04:37:49] INFO     BIST:Header (ok)
[2022-12-20 04:38:01] INFO     BIST:Header (ok)
[2022-12-20 04:38:13] INFO     BIST:Header (ok)
[2022-12-20 04:38:24] INFO     BIST:Header (ok)
[2022-12-20 04:38:36] INFO     BIST:Header (ok)
[2022-12-20 04:38:47] INFO     BIST:Header (ok)
[2022-12-20 04:38:59] INFO     BIST:Header (ok)
[2022-12-20 04:39:11] INFO     BIST:Header (ok)
[2022-12-20 04:39:22] INFO     BIST:Header (ok)
[2022-12-20 04:39:34] INFO     BIST:Header (ok)
[2022-12-20 04:39:46] INFO     BIST:Header (ok)
[2022-12-20 04:39:57] INFO     BIST:Header (ok)
[2022-12-20 04:40:09] INFO     BIST:Header (ok)
[2022-12-20 04:40:20] INFO     BIST:Header (ok)
[2022-12-20 04:40:32] INFO     BIST:Header (ok)
[2022-12-20 04:40:44] INFO     BIST:Header (ok)
[2022-12-20 04:40:55] INFO     BIST:Header (ok)
[2022-12-20 04:41:07] INFO     BIST:Header (ok)
[2022-12-20 04:41:18] INFO     BIST:Header (ok)
[2022-12-20 04:41:30] INFO     BIST:Header (ok)
[2022-12-20 04:41:42] INFO     BIST:Header (ok)
[2022-12-20 04:41:53] INFO     BIST:Header (ok)
[2022-12-20 04:42:05] INFO     BIST:Header (ok)
[2022-12-20 04:42:16] INFO     BIST:Header (ok)
[2022-12-20 04:42:28] INFO     BIST:Header (ok)
[2022-12-20 04:42:40] INFO     BIST:Header (ok)
[2022-12-20 04:42:51] INFO     BIST:Header (ok)
[2022-12-20 04:43:03] INFO     BIST:Header (ok)
[2022-12-20 04:43:15] INFO     BIST:Header (ok)
[2022-12-20 04:43:26] INFO     BIST:Header (ok)
[2022-12-20 04:43:38] INFO     BIST:Header (ok)
[2022-12-20 04:43:49] INFO     BIST:Header (ok)
[2022-12-20 04:44:01] INFO     BIST:Header (ok)
[2022-12-20 04:44:13] INFO     BIST:Header (ok)
[2022-12-20 04:44:24] INFO     BIST:Header (ok)
[2022-12-20 04:44:36] INFO     BIST:Header (ok)
[2022-12-20 04:44:47] INFO     BIST:Header (ok)
[2022-12-20 04:44:59] INFO     BIST:Header (ok)
[2022-12-20 04:45:11] INFO     BIST:Header (ok)
[2022-12-20 04:45:22] INFO     BIST:Header (ok)
[2022-12-20 04:45:34] INFO     BIST:Header (ok)
[2022-12-20 04:45:46] INFO     BIST:Header (ok)
[2022-12-20 04:45:57] INFO     BIST:Header (ok)
[2022-12-20 04:46:09] INFO     BIST:Header (ok)
[2022-12-20 04:46:20] INFO     BIST:Header (ok)
[2022-12-20 04:46:32] INFO     BIST:Header (ok)
[2022-12-20 04:46:44] INFO     BIST:Header (ok)
[2022-12-20 04:46:55] INFO     BIST:Header (ok)
[2022-12-20 04:47:07] INFO     BIST:Header (ok)
[2022-12-20 04:47:18] INFO     BIST:Header (ok)
[2022-12-20 04:47:30] INFO     BIST:Header (ok)
[2022-12-20 04:47:42] INFO     BIST:Header (ok)
[2022-12-20 04:47:53] INFO     BIST:Header (ok)
[2022-12-20 04:48:05] INFO     BIST:Header (ok)
[2022-12-20 04:48:16] INFO     BIST:Header (ok)
[2022-12-20 04:48:28] INFO     BIST:Header (ok)
[2022-12-20 04:48:40] INFO     BIST:Header (ok)
[2022-12-20 04:48:51] INFO     BIST:Header (ok)
[2022-12-20 04:49:03] INFO     BIST:Header (ok)
[2022-12-20 04:49:15] INFO     BIST:Header (ok)
[2022-12-20 04:49:26] INFO     BIST:Header (ok)
[2022-12-20 04:49:38] INFO     BIST:Header (ok)
[2022-12-20 04:49:50] INFO     BIST:Header (ok)
[2022-12-20 04:50:01] INFO     BIST:Header (ok)
[2022-12-20 04:50:13] INFO     BIST:Header (ok)
[2022-12-20 04:50:24] INFO     BIST:Header (ok)
[2022-12-20 04:50:36] INFO     BIST:Header (ok)
[2022-12-20 04:50:48] INFO     BIST:Header (ok)
[2022-12-20 04:50:59] INFO     BIST:Header (ok)
[2022-12-20 04:51:11] INFO     BIST:Header (ok)
[2022-12-20 04:51:23] INFO     BIST:Header (ok)
[2022-12-20 04:51:34] INFO     BIST:Header (ok)
[2022-12-20 04:51:46] INFO     BIST:Header (ok)
[2022-12-20 04:51:57] INFO     BIST:Header (ok)
[2022-12-20 04:52:09] INFO     BIST:Header (ok)
[2022-12-20 04:52:21] INFO     BIST:Header (ok)
[2022-12-20 04:52:32] INFO     BIST:Header (ok)
[2022-12-20 04:52:44] INFO     BIST:Header (ok)
[2022-12-20 04:52:55] INFO     BIST:Header (ok)
[2022-12-20 04:53:07] INFO     BIST:Header (ok)
[2022-12-20 04:53:19] INFO     BIST:Header (ok)
[2022-12-20 04:53:30] INFO     BIST:Header (ok)
[2022-12-20 04:53:42] INFO     BIST:Header (ok)
[2022-12-20 04:53:54] INFO     BIST:Header (ok)
[2022-12-20 04:54:05] INFO     BIST:Header (ok)
[2022-12-20 04:54:17] INFO     BIST:Header (ok)
[2022-12-20 04:54:28] INFO     BIST:Header (ok)
[2022-12-20 04:54:40] INFO     BIST:Header (ok)
[2022-12-20 04:54:52] INFO     BIST:Header (ok)
[2022-12-20 04:55:03] INFO     BIST:Header (ok)
[2022-12-20 04:55:15] INFO     BIST:Header (ok)
[2022-12-20 04:55:26] INFO     BIST:Header (ok)
[2022-12-20 04:55:38] INFO     BIST:Header (ok)
[2022-12-20 04:55:50] INFO     BIST:Header (ok)
[2022-12-20 04:56:01] INFO     BIST:Header (ok)
[2022-12-20 04:56:13] INFO     BIST:Header (ok)
[2022-12-20 04:56:24] INFO     BIST:Header (ok)
[2022-12-20 04:56:36] INFO     BIST:Header (ok)
[2022-12-20 04:56:48] INFO     BIST:Header (ok)
[2022-12-20 04:56:59] INFO     BIST:Header (ok)
[2022-12-20 04:57:11] INFO     BIST:Header (ok)
[2022-12-20 04:57:22] INFO     BIST:Header (ok)
[2022-12-20 04:57:34] INFO     BIST:Header (ok)
[2022-12-20 04:57:45] INFO     BIST:Header (ok)
[2022-12-20 04:57:57] INFO     BIST:Header (ok)
[2022-12-20 04:58:09] INFO     BIST:Header (ok)
[2022-12-20 04:58:20] INFO     BIST:Header (ok)
[2022-12-20 04:58:32] INFO     BIST:Header (ok)
[2022-12-20 04:58:44] INFO     BIST:Header (ok)
[2022-12-20 04:58:55] INFO     BIST:Header (ok)
[2022-12-20 04:59:07] INFO     BIST:Header (ok)
[2022-12-20 04:59:18] INFO     BIST:Header (ok)
[2022-12-20 04:59:30] INFO     BIST:Header (ok)
[2022-12-20 04:59:42] INFO     BIST:Header (ok)
[2022-12-20 04:59:53] INFO     BIST:Header (ok)
[2022-12-20 05:00:05] INFO     BIST:Header (ok)
[2022-12-20 05:00:16] INFO     BIST:Header (ok)
[2022-12-20 05:00:28] INFO     BIST:Header (ok)
[2022-12-20 05:00:40] INFO     BIST:Header (ok)
[2022-12-20 05:00:51] INFO     BIST:Header (ok)
[2022-12-20 05:01:03] INFO     BIST:Header (ok)
[2022-12-20 05:01:14] INFO     BIST:Header (ok)
[2022-12-20 05:01:26] INFO     BIST:Header (ok)
[2022-12-20 05:01:38] INFO     BIST:Header (ok)
[2022-12-20 05:01:49] INFO     BIST:Header (ok)
[2022-12-20 05:02:01] INFO     BIST:Header (ok)
[2022-12-20 05:02:13] INFO     BIST:Header (ok)
[2022-12-20 05:02:24] INFO     BIST:Header (ok)
[2022-12-20 05:02:36] INFO     BIST:Header (ok)
[2022-12-20 05:02:47] INFO     BIST:Header (ok)
[2022-12-20 05:02:59] INFO     BIST:Header (ok)
[2022-12-20 05:03:11] INFO     BIST:Header (ok)
[2022-12-20 05:03:22] INFO     BIST:Header (ok)
[2022-12-20 05:03:34] INFO     BIST:Header (ok)
[2022-12-20 05:03:45] INFO     BIST:Header (ok)
[2022-12-20 05:03:57] INFO     BIST:Header (ok)
[2022-12-20 05:04:09] INFO     BIST:Header (ok)
[2022-12-20 05:04:20] INFO     BIST:Header (ok)
[2022-12-20 05:04:32] INFO     BIST:Header (ok)
[2022-12-20 05:04:43] INFO     BIST:Header (ok)
[2022-12-20 05:04:55] INFO     BIST:Header (ok)
[2022-12-20 05:05:07] INFO     BIST:Header (ok)
[2022-12-20 05:05:18] INFO     BIST:Header (ok)
[2022-12-20 05:05:30] INFO     BIST:Header (ok)
[2022-12-20 05:05:42] INFO     BIST:Header (ok)
[2022-12-20 05:05:53] INFO     BIST:Header (ok)
[2022-12-20 05:06:05] INFO     BIST:Header (ok)
[2022-12-20 05:06:17] INFO     BIST:Header (ok)
[2022-12-20 05:06:28] INFO     BIST:Header (ok)
[2022-12-20 05:06:40] INFO     BIST:Header (ok)
[2022-12-20 05:06:51] INFO     BIST:Header (ok)
[2022-12-20 05:07:03] INFO     BIST:Header (ok)
[2022-12-20 05:07:15] INFO     BIST:Header (ok)
[2022-12-20 05:07:26] INFO     BIST:Header (ok)
[2022-12-20 05:07:38] INFO     BIST:Header (ok)
[2022-12-20 05:07:49] INFO     BIST:Header (ok)
[2022-12-20 05:08:01] INFO     BIST:Header (ok)
[2022-12-20 05:08:13] INFO     BIST:Header (ok)
[2022-12-20 05:08:24] INFO     BIST:Header (ok)
[2022-12-20 05:08:36] INFO     BIST:Header (ok)
[2022-12-20 05:08:48] INFO     BIST:Header (ok)
[2022-12-20 05:08:59] INFO     BIST:Header (ok)
[2022-12-20 05:09:11] INFO     BIST:Header (ok)
[2022-12-20 05:09:22] INFO     BIST:Header (ok)
[2022-12-20 05:09:34] INFO     BIST:Header (ok)
[2022-12-20 05:09:46] INFO     BIST:Header (ok)
[2022-12-20 05:09:57] INFO     BIST:Header (ok)
[2022-12-20 05:10:09] INFO     BIST:Header (ok)
[2022-12-20 05:10:20] INFO     BIST:Header (ok)
[2022-12-20 05:10:32] INFO     BIST:Header (ok)
[2022-12-20 05:10:44] INFO     BIST:Header (ok)
[2022-12-20 05:10:55] INFO     BIST:Header (ok)
[2022-12-20 05:11:07] INFO     BIST:Header (ok)
[2022-12-20 05:11:18] INFO     BIST:Header (ok)
[2022-12-20 05:11:30] INFO     BIST:Header (ok)
[2022-12-20 05:11:42] INFO     BIST:Header (ok)
[2022-12-20 05:11:53] INFO     BIST:Header (ok)
[2022-12-20 05:12:05] INFO     BIST:Header (ok)
[2022-12-20 05:12:16] INFO     BIST:Header (ok)
[2022-12-20 05:12:28] INFO     BIST:Header (ok)
[2022-12-20 05:12:40] INFO     BIST:Header (ok)
[2022-12-20 05:12:51] INFO     BIST:Header (ok)
[2022-12-20 05:13:03] INFO     BIST:Header (ok)
[2022-12-20 05:13:14] INFO     BIST:Header (ok)
[2022-12-20 05:13:26] INFO     BIST:Header (ok)
[2022-12-20 05:13:38] INFO     BIST:Header (ok)
[2022-12-20 05:13:49] INFO     BIST:Header (ok)
[2022-12-20 05:14:01] INFO     BIST:Header (ok)
[2022-12-20 05:14:12] INFO     BIST:Header (ok)
[2022-12-20 05:14:24] INFO     BIST:Header (ok)
[2022-12-20 05:14:36] INFO     BIST:Header (ok)
[2022-12-20 05:14:47] INFO     BIST:Header (ok)
[2022-12-20 05:14:59] INFO     BIST:Header (ok)
[2022-12-20 05:15:11] INFO     BIST:Header (ok)
[2022-12-20 05:15:22] INFO     BIST:Header (ok)
[2022-12-20 05:15:34] INFO     BIST:Header (ok)
[2022-12-20 05:15:45] INFO     BIST:Header (ok)
[2022-12-20 05:15:57] INFO     BIST:Header (ok)
[2022-12-20 05:16:09] INFO     BIST:Header (ok)
[2022-12-20 05:16:20] INFO     BIST:Header (ok)
[2022-12-20 05:16:32] INFO     BIST:Header (ok)
[2022-12-20 05:16:44] INFO     BIST:Header (ok)
[2022-12-20 05:16:55] INFO     BIST:Header (ok)
[2022-12-20 05:17:07] INFO     BIST:Header (ok)
[2022-12-20 05:17:19] INFO     BIST:Header (ok)
[2022-12-20 05:17:30] INFO     BIST:Header (ok)
[2022-12-20 05:17:42] INFO     BIST:Header (ok)
[2022-12-20 05:17:53] INFO     BIST:Header (ok)
[2022-12-20 05:18:05] INFO     BIST:Header (ok)
[2022-12-20 05:18:17] INFO     BIST:Header (ok)
[2022-12-20 05:18:28] INFO     BIST:Header (ok)
[2022-12-20 05:18:40] INFO     BIST:Header (ok)
[2022-12-20 05:18:51] INFO     BIST:Header (ok)
[2022-12-20 05:19:03] INFO     BIST:Header (ok)
[2022-12-20 05:19:15] INFO     BIST:Header (ok)
[2022-12-20 05:19:26] INFO     BIST:Header (ok)
[2022-12-20 05:19:38] INFO     BIST:Header (ok)
[2022-12-20 05:19:49] INFO     BIST:Header (ok)
[2022-12-20 05:20:01] INFO     BIST:Header (ok)
[2022-12-20 05:20:13] INFO     BIST:Header (ok)
[2022-12-20 05:20:24] INFO     BIST:Header (ok)
[2022-12-20 05:20:36] INFO     BIST:Header (ok)
[2022-12-20 05:20:47] INFO     BIST:Header (ok)
[2022-12-20 05:20:59] INFO     BIST:Header (ok)
[2022-12-20 05:21:11] INFO     BIST:Header (ok)
[2022-12-20 05:21:22] INFO     BIST:Header (ok)
[2022-12-20 05:21:34] INFO     BIST:Header (ok)
[2022-12-20 05:21:45] INFO     BIST:Header (ok)
[2022-12-20 05:21:57] INFO     BIST:Header (ok)
[2022-12-20 05:22:09] INFO     BIST:Header (ok)
[2022-12-20 05:22:20] INFO     BIST:Header (ok)
[2022-12-20 05:22:32] INFO     BIST:Header (ok)
[2022-12-20 05:22:43] INFO     BIST:Header (ok)
[2022-12-20 05:22:55] INFO     BIST:Header (ok)
[2022-12-20 05:23:07] INFO     BIST:Header (ok)
[2022-12-20 05:23:18] INFO     BIST:Header (ok)
[2022-12-20 05:23:30] INFO     BIST:Header (ok)
[2022-12-20 05:23:42] INFO     BIST:Header (ok)
[2022-12-20 05:23:53] INFO     BIST:Header (ok)
[2022-12-20 05:24:05] INFO     BIST:Header (ok)
[2022-12-20 05:24:16] INFO     BIST:Header (ok)
[2022-12-20 05:24:28] INFO     BIST:Header (ok)
[2022-12-20 05:24:40] INFO     BIST:Header (ok)
[2022-12-20 05:24:51] INFO     BIST:Header (ok)
[2022-12-20 05:25:03] INFO     BIST:Header (ok)
[2022-12-20 05:25:15] INFO     BIST:Header (ok)
[2022-12-20 05:25:26] INFO     BIST:Header (ok)
[2022-12-20 05:25:38] INFO     BIST:Header (ok)
[2022-12-20 05:25:49] INFO     BIST:Header (ok)
[2022-12-20 05:26:01] INFO     BIST:Header (ok)
[2022-12-20 05:26:13] INFO     BIST:Header (ok)
[2022-12-20 05:26:24] INFO     BIST:Header (ok)
[2022-12-20 05:26:36] INFO     BIST:Header (ok)
[2022-12-20 05:26:47] INFO     BIST:Header (ok)
[2022-12-20 05:26:59] INFO     BIST:Header (ok)
[2022-12-20 05:27:11] INFO     BIST:Header (ok)
[2022-12-20 05:27:22] INFO     BIST:Header (ok)
[2022-12-20 05:27:34] INFO     BIST:Header (ok)
[2022-12-20 05:27:45] INFO     BIST:Header (ok)
[2022-12-20 05:27:57] INFO     BIST:Header (ok)
[2022-12-20 05:28:09] INFO     BIST:Header (ok)
[2022-12-20 05:28:20] INFO     BIST:Header (ok)
[2022-12-20 05:28:32] INFO     BIST:Header (ok)
[2022-12-20 05:28:44] INFO     BIST:Header (ok)
[2022-12-20 05:28:55] INFO     BIST:Header (ok)
[2022-12-20 05:29:07] INFO     BIST:Header (ok)
[2022-12-20 05:29:18] INFO     BIST:Header (ok)
[2022-12-20 05:29:30] INFO     BIST:Header (ok)
[2022-12-20 05:29:42] INFO     BIST:Header (ok)
[2022-12-20 05:29:53] INFO     BIST:Header (ok)
[2022-12-20 05:30:05] INFO     BIST:Header (ok)
[2022-12-20 05:30:16] INFO     BIST:Header (ok)
[2022-12-20 05:30:28] INFO     BIST:Header (ok)
[2022-12-20 05:30:40] INFO     BIST:Header (ok)
[2022-12-20 05:30:51] INFO     BIST:Header (ok)
[2022-12-20 05:31:03] INFO     BIST:Header (ok)
[2022-12-20 05:31:15] INFO     BIST:Header (ok)
[2022-12-20 05:31:26] INFO     BIST:Header (ok)
[2022-12-20 05:31:38] INFO     BIST:Header (ok)
[2022-12-20 05:31:49] INFO     BIST:Header (ok)
[2022-12-20 05:32:01] INFO     BIST:Header (ok)
[2022-12-20 05:32:13] INFO     BIST:Header (ok)
[2022-12-20 05:32:24] INFO     BIST:Header (ok)
[2022-12-20 05:32:36] INFO     BIST:Header (ok)
[2022-12-20 05:32:47] INFO     BIST:Header (ok)
[2022-12-20 05:32:59] INFO     BIST:Header (ok)
[2022-12-20 05:33:11] INFO     BIST:Header (ok)
[2022-12-20 05:33:22] INFO     BIST:Header (ok)
[2022-12-20 05:33:34] INFO     BIST:Header (ok)
[2022-12-20 05:33:46] INFO     BIST:Header (ok)
[2022-12-20 05:33:57] INFO     BIST:Header (ok)
[2022-12-20 05:34:09] INFO     BIST:Header (ok)
[2022-12-20 05:34:20] INFO     BIST:Header (ok)
[2022-12-20 05:34:32] INFO     BIST:Header (ok)
[2022-12-20 05:34:44] INFO     BIST:Header (ok)
[2022-12-20 05:34:55] INFO     BIST:Header (ok)
[2022-12-20 05:35:07] INFO     BIST:Header (ok)
[2022-12-20 05:35:18] INFO     BIST:Header (ok)
[2022-12-20 05:35:30] INFO     BIST:Header (ok)
[2022-12-20 05:35:42] INFO     BIST:Header (ok)
[2022-12-20 05:35:53] INFO     BIST:Header (ok)
[2022-12-20 05:36:05] INFO     BIST:Header (ok)
[2022-12-20 05:36:17] INFO     BIST:Header (ok)
[2022-12-20 05:36:28] INFO     BIST:Header (ok)
[2022-12-20 05:36:40] INFO     BIST:Header (ok)
[2022-12-20 05:36:51] INFO     BIST:Header (ok)
[2022-12-20 05:37:03] INFO     BIST:Header (ok)
[2022-12-20 05:37:15] INFO     BIST:Header (ok)
[2022-12-20 05:37:26] INFO     BIST:Header (ok)
[2022-12-20 05:37:38] INFO     BIST:Header (ok)
[2022-12-20 05:37:49] INFO     BIST:Header (ok)
[2022-12-20 05:38:01] INFO     BIST:Header (ok)
[2022-12-20 05:38:13] INFO     BIST:Header (ok)
[2022-12-20 05:38:24] INFO     BIST:Header (ok)
[2022-12-20 05:38:36] INFO     BIST:Header (ok)
[2022-12-20 05:38:47] INFO     BIST:Header (ok)
[2022-12-20 05:38:59] INFO     BIST:Header (ok)
[2022-12-20 05:39:11] INFO     BIST:Header (ok)
[2022-12-20 05:39:22] INFO     BIST:Header (ok)
[2022-12-20 05:39:34] INFO     BIST:Header (ok)
[2022-12-20 05:39:45] INFO     BIST:Header (ok)
[2022-12-20 05:39:57] INFO     BIST:Header (ok)
[2022-12-20 05:40:09] INFO     BIST:Header (ok)
[2022-12-20 05:40:20] INFO     BIST:Header (ok)
[2022-12-20 05:40:32] INFO     BIST:Header (ok)
[2022-12-20 05:40:43] INFO     BIST:Header (ok)
[2022-12-20 05:40:55] INFO     BIST:Header (ok)
[2022-12-20 05:41:07] INFO     BIST:Header (ok)
[2022-12-20 05:41:18] INFO     BIST:Header (ok)
[2022-12-20 05:41:30] INFO     BIST:Header (ok)
[2022-12-20 05:41:41] INFO     BIST:Header (ok)
[2022-12-20 05:41:53] INFO     BIST:Header (ok)
[2022-12-20 05:42:05] INFO     BIST:Header (ok)
[2022-12-20 05:42:16] INFO     BIST:Header (ok)
[2022-12-20 05:42:28] INFO     BIST:Header (ok)
[2022-12-20 05:42:39] INFO     BIST:Header (ok)
[2022-12-20 05:42:51] INFO     BIST:Header (ok)
[2022-12-20 05:43:03] INFO     BIST:Header (ok)
[2022-12-20 05:43:14] INFO     BIST:Header (ok)
[2022-12-20 05:43:26] INFO     BIST:Header (ok)
[2022-12-20 05:43:38] INFO     BIST:Header (ok)
[2022-12-20 05:43:49] INFO     BIST:Header (ok)
[2022-12-20 05:44:01] INFO     BIST:Header (ok)
[2022-12-20 05:44:12] INFO     BIST:Header (ok)
[2022-12-20 05:44:24] INFO     BIST:Header (ok)
[2022-12-20 05:44:36] INFO     BIST:Header (ok)
[2022-12-20 05:44:47] INFO     BIST:Header (ok)
[2022-12-20 05:44:59] INFO     BIST:Header (ok)
[2022-12-20 05:45:10] INFO     BIST:Header (ok)
[2022-12-20 05:45:22] INFO     BIST:Header (ok)
[2022-12-20 05:45:34] INFO     BIST:Header (ok)
[2022-12-20 05:45:45] INFO     BIST:Header (ok)
[2022-12-20 05:45:57] INFO     BIST:Header (ok)
[2022-12-20 05:46:08] INFO     BIST:Header (ok)
[2022-12-20 05:46:20] INFO     BIST:Header (ok)
[2022-12-20 05:46:32] INFO     BIST:Header (ok)
[2022-12-20 05:46:43] INFO     BIST:Header (ok)
[2022-12-20 05:46:55] INFO     BIST:Header (ok)
[2022-12-20 05:47:07] INFO     BIST:Header (ok)
[2022-12-20 05:47:18] INFO     BIST:Header (ok)
[2022-12-20 05:47:30] INFO     BIST:Header (ok)
[2022-12-20 05:47:41] INFO     BIST:Header (ok)
[2022-12-20 05:47:53] INFO     BIST:Header (ok)
[2022-12-20 05:48:05] INFO     BIST:Header (ok)
[2022-12-20 05:48:16] INFO     BIST:Header (ok)
[2022-12-20 05:48:28] INFO     BIST:Header (ok)
[2022-12-20 05:48:39] INFO     BIST:Header (ok)
[2022-12-20 05:48:51] INFO     BIST:Header (ok)
[2022-12-20 05:49:03] INFO     BIST:Header (ok)
[2022-12-20 05:49:14] INFO     BIST:Header (ok)
[2022-12-20 05:49:26] INFO     BIST:Header (ok)
[2022-12-20 05:49:38] INFO     BIST:Header (ok)
[2022-12-20 05:49:49] INFO     BIST:Header (ok)
[2022-12-20 05:50:01] INFO     BIST:Header (ok)
[2022-12-20 05:50:12] INFO     BIST:Header (ok)
[2022-12-20 05:50:24] INFO     BIST:Header (ok)
[2022-12-20 05:50:36] INFO     BIST:Header (ok)
[2022-12-20 05:50:47] INFO     BIST:Header (ok)
[2022-12-20 05:50:59] INFO     BIST:Header (ok)
[2022-12-20 05:51:10] INFO     BIST:Header (ok)
[2022-12-20 05:51:22] INFO     BIST:Header (ok)
[2022-12-20 05:51:34] INFO     BIST:Header (ok)
[2022-12-20 05:51:45] INFO     BIST:Header (ok)
[2022-12-20 05:51:57] INFO     BIST:Header (ok)
[2022-12-20 05:52:09] INFO     BIST:Header (ok)
[2022-12-20 05:52:20] INFO     BIST:Header (ok)
[2022-12-20 05:52:32] INFO     BIST:Header (ok)
[2022-12-20 05:52:43] INFO     BIST:Header (ok)
[2022-12-20 05:52:55] INFO     BIST:Header (ok)
[2022-12-20 05:53:07] INFO     BIST:Header (ok)
[2022-12-20 05:53:18] INFO     BIST:Header (ok)
[2022-12-20 05:53:30] INFO     BIST:Header (ok)
[2022-12-20 05:53:41] INFO     BIST:Header (ok)
[2022-12-20 05:53:53] INFO     BIST:Header (ok)
[2022-12-20 05:54:05] INFO     BIST:Header (ok)
[2022-12-20 05:54:16] INFO     BIST:Header (ok)
[2022-12-20 05:54:28] INFO     BIST:Header (ok)
[2022-12-20 05:54:40] INFO     BIST:Header (ok)
[2022-12-20 05:54:51] INFO     BIST:Header (ok)
[2022-12-20 05:55:03] INFO     BIST:Header (ok)
[2022-12-20 05:55:14] INFO     BIST:Header (ok)
[2022-12-20 05:55:26] INFO     BIST:Header (ok)
[2022-12-20 05:55:38] INFO     BIST:Header (ok)
[2022-12-20 05:55:49] INFO     BIST:Header (ok)
[2022-12-20 05:56:01] INFO     BIST:Header (ok)
[2022-12-20 05:56:12] INFO     BIST:Header (ok)
[2022-12-20 05:56:24] INFO     BIST:Header (ok)
[2022-12-20 05:56:36] INFO     BIST:Header (ok)
[2022-12-20 05:56:47] INFO     BIST:Header (ok)
[2022-12-20 05:56:59] INFO     BIST:Header (ok)
[2022-12-20 05:57:10] INFO     BIST:Header (ok)
[2022-12-20 05:57:22] INFO     BIST:Header (ok)
[2022-12-20 05:57:34] INFO     BIST:Header (ok)
[2022-12-20 05:57:45] INFO     BIST:Header (ok)
[2022-12-20 05:57:57] INFO     BIST:Header (ok)
[2022-12-20 05:58:09] INFO     BIST:Header (ok)
[2022-12-20 05:58:20] INFO     BIST:Header (ok)
[2022-12-20 05:58:32] INFO     BIST:Header (ok)
[2022-12-20 05:58:43] INFO     BIST:Header (ok)
[2022-12-20 05:58:55] INFO     BIST:Header (ok)
[2022-12-20 05:59:07] INFO     BIST:Header (ok)
[2022-12-20 05:59:18] INFO     BIST:Header (ok)
[2022-12-20 05:59:30] INFO     BIST:Header (ok)
[2022-12-20 05:59:41] INFO     BIST:Header (ok)
[2022-12-20 05:59:53] INFO     BIST:Header (ok)
[2022-12-20 06:00:05] INFO     BIST:Header (ok)
[2022-12-20 06:00:16] INFO     BIST:Header (ok)
[2022-12-20 06:00:28] INFO     BIST:Header (ok)
[2022-12-20 06:00:39] INFO     BIST:Header (ok)
[2022-12-20 06:00:51] INFO     BIST:Header (ok)
[2022-12-20 06:01:03] INFO     BIST:Header (ok)
[2022-12-20 06:01:14] INFO     BIST:Header (ok)
[2022-12-20 06:01:26] INFO     BIST:Header (ok)
[2022-12-20 06:01:38] INFO     BIST:Header (ok)
[2022-12-20 06:01:49] INFO     BIST:Header (ok)
[2022-12-20 06:02:01] INFO     BIST:Header (ok)
[2022-12-20 06:02:12] INFO     BIST:Header (ok)
[2022-12-20 06:02:24] INFO     BIST:Header (ok)
[2022-12-20 06:02:36] INFO     BIST:Header (ok)
[2022-12-20 06:02:47] INFO     BIST:Header (ok)
[2022-12-20 06:02:59] INFO     BIST:Header (ok)
[2022-12-20 06:03:10] INFO     BIST:Header (ok)
[2022-12-20 06:03:22] INFO     BIST:Header (ok)
[2022-12-20 06:03:34] INFO     BIST:Header (ok)
[2022-12-20 06:03:45] INFO     BIST:Header (ok)
[2022-12-20 06:03:57] INFO     BIST:Header (ok)
[2022-12-20 06:04:08] INFO     BIST:Header (ok)
[2022-12-20 06:04:20] INFO     BIST:Header (ok)
[2022-12-20 06:04:32] INFO     BIST:Header (ok)
[2022-12-20 06:04:43] INFO     BIST:Header (ok)
[2022-12-20 06:04:55] INFO     BIST:Header (ok)
[2022-12-20 06:05:07] INFO     BIST:Header (ok)
[2022-12-20 06:05:18] INFO     BIST:Header (ok)
[2022-12-20 06:05:30] INFO     BIST:Header (ok)
[2022-12-20 06:05:41] INFO     BIST:Header (ok)
[2022-12-20 06:05:53] INFO     BIST:Header (ok)
[2022-12-20 06:06:05] INFO     BIST:Header (ok)
[2022-12-20 06:06:16] INFO     BIST:Header (ok)
[2022-12-20 06:06:28] INFO     BIST:Header (ok)
[2022-12-20 06:06:39] INFO     BIST:Header (ok)
[2022-12-20 06:06:51] INFO     BIST:Header (ok)
[2022-12-20 06:07:03] INFO     BIST:Header (ok)
[2022-12-20 06:07:14] INFO     BIST:Header (ok)
[2022-12-20 06:07:26] INFO     BIST:Header (ok)
[2022-12-20 06:07:38] INFO     BIST:Header (ok)
[2022-12-20 06:07:49] INFO     BIST:Header (ok)
[2022-12-20 06:08:01] INFO     BIST:Header (ok)
[2022-12-20 06:08:12] INFO     BIST:Header (ok)
[2022-12-20 06:08:24] INFO     BIST:Header (ok)
[2022-12-20 06:08:36] INFO     BIST:Header (ok)
[2022-12-20 06:08:47] INFO     BIST:Header (ok)
[2022-12-20 06:08:59] INFO     BIST:Header (ok)
[2022-12-20 06:09:10] INFO     BIST:Header (ok)
[2022-12-20 06:09:22] INFO     BIST:Header (ok)
[2022-12-20 06:09:34] INFO     BIST:Header (ok)
[2022-12-20 06:09:45] INFO     BIST:Header (ok)
[2022-12-20 06:09:57] INFO     BIST:Header (ok)
[2022-12-20 06:10:08] INFO     BIST:Header (ok)
[2022-12-20 06:10:20] INFO     BIST:Header (ok)
[2022-12-20 06:10:32] INFO     BIST:Header (ok)
[2022-12-20 06:10:43] INFO     BIST:Header (ok)
[2022-12-20 06:10:55] INFO     BIST:Header (ok)
[2022-12-20 06:11:06] INFO     BIST:Header (ok)
[2022-12-20 06:11:18] INFO     BIST:Header (ok)
[2022-12-20 06:11:30] INFO     BIST:Header (ok)
[2022-12-20 06:11:41] INFO     BIST:Header (ok)
[2022-12-20 06:11:53] INFO     BIST:Header (ok)
[2022-12-20 06:12:05] INFO     BIST:Header (ok)
[2022-12-20 06:12:16] INFO     BIST:Header (ok)
[2022-12-20 06:12:28] INFO     BIST:Header (ok)
[2022-12-20 06:12:39] INFO     BIST:Header (ok)
[2022-12-20 06:12:51] INFO     BIST:Header (ok)
[2022-12-20 06:13:03] INFO     BIST:Header (ok)
[2022-12-20 06:13:14] INFO     BIST:Header (ok)
[2022-12-20 06:13:26] INFO     BIST:Header (ok)
[2022-12-20 06:13:37] INFO     BIST:Header (ok)
[2022-12-20 06:13:49] INFO     BIST:Header (ok)
[2022-12-20 06:14:01] INFO     BIST:Header (ok)
[2022-12-20 06:14:12] INFO     BIST:Header (ok)
[2022-12-20 06:14:24] INFO     BIST:Header (ok)
[2022-12-20 06:14:35] INFO     BIST:Header (ok)
[2022-12-20 06:14:47] INFO     BIST:Header (ok)
[2022-12-20 06:14:59] INFO     BIST:Header (ok)
[2022-12-20 06:15:10] INFO     BIST:Header (ok)
[2022-12-20 06:15:22] INFO     BIST:Header (ok)
[2022-12-20 06:15:34] INFO     BIST:Header (ok)
[2022-12-20 06:15:45] INFO     BIST:Header (ok)
[2022-12-20 06:15:57] INFO     BIST:Header (ok)
[2022-12-20 06:16:08] INFO     BIST:Header (ok)
[2022-12-20 06:16:20] INFO     BIST:Header (ok)
[2022-12-20 06:16:32] INFO     BIST:Header (ok)
[2022-12-20 06:16:43] INFO     BIST:Header (ok)
[2022-12-20 06:16:55] INFO     BIST:Header (ok)
[2022-12-20 06:17:06] INFO     BIST:Header (ok)
[2022-12-20 06:17:18] INFO     BIST:Header (ok)
[2022-12-20 06:17:30] INFO     BIST:Header (ok)
[2022-12-20 06:17:41] INFO     BIST:Header (ok)
[2022-12-20 06:17:53] INFO     BIST:Header (ok)
[2022-12-20 06:18:05] INFO     BIST:Header (ok)
[2022-12-20 06:18:16] INFO     BIST:Header (ok)
[2022-12-20 06:18:28] INFO     BIST:Header (ok)
[2022-12-20 06:18:39] INFO     BIST:Header (ok)
[2022-12-20 06:18:51] INFO     BIST:Header (ok)
[2022-12-20 06:19:03] INFO     BIST:Header (ok)
[2022-12-20 06:19:14] INFO     BIST:Header (ok)
[2022-12-20 06:19:26] INFO     BIST:Header (ok)
[2022-12-20 06:19:37] INFO     BIST:Header (ok)
[2022-12-20 06:19:49] INFO     BIST:Header (ok)
[2022-12-20 06:20:01] INFO     BIST:Header (ok)
[2022-12-20 06:20:12] INFO     BIST:Header (ok)
[2022-12-20 06:20:24] INFO     BIST:Header (ok)
[2022-12-20 06:20:35] INFO     BIST:Header (ok)
[2022-12-20 06:20:47] INFO     BIST:Header (ok)
[2022-12-20 06:20:59] INFO     BIST:Header (ok)
[2022-12-20 06:21:10] INFO     BIST:Header (ok)
[2022-12-20 06:21:22] INFO     BIST:Header (ok)
[2022-12-20 06:21:34] INFO     BIST:Header (ok)
[2022-12-20 06:21:45] INFO     BIST:Header (ok)
[2022-12-20 06:21:57] INFO     BIST:Header (ok)
[2022-12-20 06:22:08] INFO     BIST:Header (ok)
[2022-12-20 06:22:20] INFO     BIST:Header (ok)
[2022-12-20 06:22:32] INFO     BIST:Header (ok)
[2022-12-20 06:22:43] INFO     BIST:Header (ok)
[2022-12-20 06:22:55] INFO     BIST:Header (ok)
[2022-12-20 06:23:06] INFO     BIST:Header (ok)
[2022-12-20 06:23:18] INFO     BIST:Header (ok)
[2022-12-20 06:23:30] INFO     BIST:Header (ok)
[2022-12-20 06:23:41] INFO     BIST:Header (ok)
[2022-12-20 06:23:53] INFO     BIST:Header (ok)
[2022-12-20 06:24:04] INFO     BIST:Header (ok)
[2022-12-20 06:24:16] INFO     BIST:Header (ok)
[2022-12-20 06:24:28] INFO     BIST:Header (ok)
[2022-12-20 06:24:39] INFO     BIST:Header (ok)
[2022-12-20 06:24:51] INFO     BIST:Header (ok)
[2022-12-20 06:25:03] INFO     BIST:Header (ok)
[2022-12-20 06:25:14] INFO     BIST:Header (ok)
[2022-12-20 06:25:26] INFO     BIST:Header (ok)
[2022-12-20 06:25:37] INFO     BIST:Header (ok)
[2022-12-20 06:25:49] INFO     BIST:Header (ok)
[2022-12-20 06:26:01] INFO     BIST:Header (ok)
[2022-12-20 06:26:12] INFO     BIST:Header (ok)
[2022-12-20 06:26:24] INFO     BIST:Header (ok)
[2022-12-20 06:26:35] INFO     BIST:Header (ok)
[2022-12-20 06:26:47] INFO     BIST:Header (ok)
[2022-12-20 06:26:59] INFO     BIST:Header (ok)
[2022-12-20 06:27:10] INFO     BIST:Header (ok)
[2022-12-20 06:27:22] INFO     BIST:Header (ok)
[2022-12-20 06:27:33] INFO     BIST:Header (ok)
[2022-12-20 06:27:45] INFO     BIST:Header (ok)
[2022-12-20 06:27:57] INFO     BIST:Header (ok)
[2022-12-20 06:28:08] INFO     BIST:Header (ok)
[2022-12-20 06:28:20] INFO     BIST:Header (ok)
[2022-12-20 06:28:32] INFO     BIST:Header (ok)
[2022-12-20 06:28:43] INFO     BIST:Header (ok)
[2022-12-20 06:28:55] INFO     BIST:Header (ok)
[2022-12-20 06:29:06] INFO     BIST:Header (ok)
[2022-12-20 06:29:18] INFO     BIST:Header (ok)
[2022-12-20 06:29:30] INFO     BIST:Header (ok)
[2022-12-20 06:29:41] INFO     BIST:Header (ok)
[2022-12-20 06:29:53] INFO     BIST:Header (ok)
[2022-12-20 06:30:04] INFO     BIST:Header (ok)
[2022-12-20 06:30:16] INFO     BIST:Header (ok)
[2022-12-20 06:30:28] INFO     BIST:Header (ok)
[2022-12-20 06:30:39] INFO     BIST:Header (ok)
[2022-12-20 06:30:51] INFO     BIST:Header (ok)
[2022-12-20 06:31:03] INFO     BIST:Header (ok)
[2022-12-20 06:31:14] INFO     BIST:Header (ok)
[2022-12-20 06:31:26] INFO     BIST:Header (ok)
[2022-12-20 06:31:37] INFO     BIST:Header (ok)
[2022-12-20 06:31:49] INFO     BIST:Header (ok)
[2022-12-20 06:32:01] INFO     BIST:Header (ok)
[2022-12-20 06:32:12] INFO     BIST:Header (ok)
[2022-12-20 06:32:24] INFO     BIST:Header (ok)
[2022-12-20 06:32:35] INFO     BIST:Header (ok)
[2022-12-20 06:32:47] INFO     BIST:Header (ok)
[2022-12-20 06:32:59] INFO     BIST:Header (ok)
[2022-12-20 06:33:10] INFO     BIST:Header (ok)
[2022-12-20 06:33:22] INFO     BIST:Header (ok)
[2022-12-20 06:33:33] INFO     BIST:Header (ok)
[2022-12-20 06:33:45] INFO     BIST:Header (ok)
[2022-12-20 06:33:57] INFO     BIST:Header (ok)
[2022-12-20 06:34:08] INFO     BIST:Header (ok)
[2022-12-20 06:34:20] INFO     BIST:Header (ok)
[2022-12-20 06:34:32] INFO     BIST:Header (ok)
[2022-12-20 06:34:43] INFO     BIST:Header (ok)
[2022-12-20 06:34:55] INFO     BIST:Header (ok)
[2022-12-20 06:35:06] INFO     BIST:Header (ok)
[2022-12-20 06:35:18] INFO     BIST:Header (ok)
[2022-12-20 06:35:30] INFO     BIST:Header (ok)
[2022-12-20 06:35:41] INFO     BIST:Header (ok)
[2022-12-20 06:35:53] INFO     BIST:Header (ok)
[2022-12-20 06:36:04] INFO     BIST:Header (ok)
[2022-12-20 06:36:16] INFO     BIST:Header (ok)
[2022-12-20 06:36:28] INFO     BIST:Header (ok)
[2022-12-20 06:36:39] INFO     BIST:Header (ok)
[2022-12-20 06:36:51] INFO     BIST:Header (ok)
[2022-12-20 06:37:02] INFO     BIST:Header (ok)
[2022-12-20 06:37:14] INFO     BIST:Header (ok)
[2022-12-20 06:37:26] INFO     BIST:Header (ok)
[2022-12-20 06:37:37] INFO     BIST:Header (ok)
[2022-12-20 06:37:49] INFO     BIST:Header (ok)
[2022-12-20 06:38:01] INFO     BIST:Header (ok)
[2022-12-20 06:38:12] INFO     BIST:Header (ok)
[2022-12-20 06:38:24] INFO     BIST:Header (ok)
[2022-12-20 06:38:35] INFO     BIST:Header (ok)
[2022-12-20 06:38:47] INFO     BIST:Header (ok)
[2022-12-20 06:38:59] INFO     BIST:Header (ok)
[2022-12-20 06:39:10] INFO     BIST:Header (ok)
[2022-12-20 06:39:22] INFO     BIST:Header (ok)
[2022-12-20 06:39:33] INFO     BIST:Header (ok)
[2022-12-20 06:39:45] INFO     BIST:Header (ok)
[2022-12-20 06:39:57] INFO     BIST:Header (ok)
[2022-12-20 06:40:08] INFO     BIST:Header (ok)
[2022-12-20 06:40:20] INFO     BIST:Header (ok)
[2022-12-20 06:40:32] INFO     BIST:Header (ok)
[2022-12-20 06:40:43] INFO     BIST:Header (ok)
[2022-12-20 06:40:55] INFO     BIST:Header (ok)
[2022-12-20 06:41:06] INFO     BIST:Header (ok)
[2022-12-20 06:41:18] INFO     BIST:Header (ok)
[2022-12-20 06:41:30] INFO     BIST:Header (ok)
[2022-12-20 06:41:41] INFO     BIST:Header (ok)
[2022-12-20 06:41:53] INFO     BIST:Header (ok)
[2022-12-20 06:42:04] INFO     BIST:Header (ok)
[2022-12-20 06:42:16] INFO     BIST:Header (ok)
[2022-12-20 06:42:28] INFO     BIST:Header (ok)
[2022-12-20 06:42:39] INFO     BIST:Header (ok)
[2022-12-20 06:42:51] INFO     BIST:Header (ok)
[2022-12-20 06:43:02] INFO     BIST:Header (ok)
[2022-12-20 06:43:14] INFO     BIST:Header (ok)
[2022-12-20 06:43:26] INFO     BIST:Header (ok)
[2022-12-20 06:43:37] INFO     BIST:Header (ok)
[2022-12-20 06:43:49] INFO     BIST:Header (ok)
[2022-12-20 06:44:01] INFO     BIST:Header (ok)
[2022-12-20 06:44:12] INFO     BIST:Header (ok)
[2022-12-20 06:44:24] INFO     BIST:Header (ok)
[2022-12-20 06:44:35] INFO     BIST:Header (ok)
[2022-12-20 06:44:47] INFO     BIST:Header (ok)
[2022-12-20 06:44:59] INFO     BIST:Header (ok)
[2022-12-20 06:45:10] INFO     BIST:Header (ok)
[2022-12-20 06:45:22] INFO     BIST:Header (ok)
[2022-12-20 06:45:33] INFO     BIST:Header (ok)
[2022-12-20 06:45:45] INFO     BIST:Header (ok)
[2022-12-20 06:45:57] INFO     BIST:Header (ok)
[2022-12-20 06:46:08] INFO     BIST:Header (ok)
[2022-12-20 06:46:20] INFO     BIST:Header (ok)
[2022-12-20 06:46:31] INFO     BIST:Header (ok)
[2022-12-20 06:46:43] INFO     BIST:Header (ok)
[2022-12-20 06:46:55] INFO     BIST:Header (ok)
[2022-12-20 06:47:06] INFO     BIST:Header (ok)
[2022-12-20 06:47:18] INFO     BIST:Header (ok)
[2022-12-20 06:47:30] INFO     BIST:Header (ok)
[2022-12-20 06:47:41] INFO     BIST:Header (ok)
[2022-12-20 06:47:53] INFO     BIST:Header (ok)
[2022-12-20 06:48:04] INFO     BIST:Header (ok)
[2022-12-20 06:48:16] INFO     BIST:Header (ok)
[2022-12-20 06:48:28] INFO     BIST:Header (ok)
[2022-12-20 06:48:39] INFO     BIST:Header (ok)
[2022-12-20 06:48:51] INFO     BIST:Header (ok)
[2022-12-20 06:49:02] INFO     BIST:Header (ok)
[2022-12-20 06:49:14] INFO     BIST:Header (ok)
[2022-12-20 06:49:26] INFO     BIST:Header (ok)
[2022-12-20 06:49:37] INFO     BIST:Header (ok)
[2022-12-20 06:49:49] INFO     BIST:Header (ok)
[2022-12-20 06:50:00] INFO     BIST:Header (ok)
[2022-12-20 06:50:12] INFO     BIST:Header (ok)
[2022-12-20 06:50:24] INFO     BIST:Header (ok)
[2022-12-20 06:50:35] INFO     BIST:Header (ok)
[2022-12-20 06:50:47] INFO     BIST:Header (ok)
[2022-12-20 06:50:59] INFO     BIST:Header (ok)
[2022-12-20 06:51:10] INFO     BIST:Header (ok)
[2022-12-20 06:51:22] INFO     BIST:Header (ok)
[2022-12-20 06:51:33] INFO     BIST:Header (ok)
[2022-12-20 06:51:45] INFO     BIST:Header (ok)
[2022-12-20 06:51:57] INFO     BIST:Header (ok)
[2022-12-20 06:52:08] INFO     BIST:Header (ok)
[2022-12-20 06:52:20] INFO     BIST:Header (ok)
[2022-12-20 06:52:31] INFO     BIST:Header (ok)
[2022-12-20 06:52:43] INFO     BIST:Header (ok)
[2022-12-20 06:52:55] INFO     BIST:Header (ok)
[2022-12-20 06:53:06] INFO     BIST:Header (ok)
[2022-12-20 06:53:18] INFO     BIST:Header (ok)
[2022-12-20 06:53:30] INFO     BIST:Header (ok)
[2022-12-20 06:53:41] INFO     BIST:Header (ok)
[2022-12-20 06:53:53] INFO     BIST:Header (ok)
[2022-12-20 06:54:04] INFO     BIST:Header (ok)
[2022-12-20 06:54:16] INFO     BIST:Header (ok)
[2022-12-20 06:54:28] INFO     BIST:Header (ok)
[2022-12-20 06:54:39] INFO     BIST:Header (ok)
[2022-12-20 06:54:51] INFO     BIST:Header (ok)
[2022-12-20 06:55:02] INFO     BIST:Header (ok)
[2022-12-20 06:55:14] INFO     BIST:Header (ok)
[2022-12-20 06:55:26] INFO     BIST:Header (ok)
[2022-12-20 06:55:37] INFO     BIST:Header (ok)
[2022-12-20 06:55:49] INFO     BIST:Header (ok)
[2022-12-20 06:56:00] INFO     BIST:Header (ok)
[2022-12-20 06:56:12] INFO     BIST:Header (ok)
[2022-12-20 06:56:24] INFO     BIST:Header (ok)
[2022-12-20 06:56:35] INFO     BIST:Header (ok)
[2022-12-20 06:56:47] INFO     BIST:Header (ok)
[2022-12-20 06:56:59] INFO     BIST:Header (ok)
[2022-12-20 06:57:10] INFO     BIST:Header (ok)
[2022-12-20 06:57:22] INFO     BIST:Header (ok)
[2022-12-20 06:57:33] INFO     BIST:Header (ok)
[2022-12-20 06:57:45] INFO     BIST:Header (ok)
[2022-12-20 06:57:57] INFO     BIST:Header (ok)
[2022-12-20 06:58:08] INFO     BIST:Header (ok)
[2022-12-20 06:58:20] INFO     BIST:Header (ok)
[2022-12-20 06:58:31] INFO     BIST:Header (ok)
[2022-12-20 06:58:43] INFO     BIST:Header (ok)
[2022-12-20 06:58:55] INFO     BIST:Header (ok)
[2022-12-20 06:59:06] INFO     BIST:Header (ok)
[2022-12-20 06:59:18] INFO     BIST:Header (ok)
[2022-12-20 06:59:29] INFO     BIST:Header (ok)
[2022-12-20 06:59:41] INFO     BIST:Header (ok)
[2022-12-20 06:59:53] INFO     BIST:Header (ok)
[2022-12-20 07:00:04] INFO     BIST:Header (ok)
[2022-12-20 07:00:16] INFO     BIST:Header (ok)
[2022-12-20 07:00:28] INFO     BIST:Header (ok)
[2022-12-20 07:00:39] INFO     BIST:Header (ok)
[2022-12-20 07:00:51] INFO     BIST:Header (ok)
[2022-12-20 07:01:02] INFO     BIST:Header (ok)
[2022-12-20 07:01:14] INFO     BIST:Header (ok)
[2022-12-20 07:01:26] INFO     BIST:Header (ok)
[2022-12-20 07:01:37] INFO     BIST:Header (ok)
[2022-12-20 07:01:49] INFO     BIST:Header (ok)
[2022-12-20 07:02:00] INFO     BIST:Header (ok)
[2022-12-20 07:02:12] INFO     BIST:Header (ok)
[2022-12-20 07:02:24] INFO     BIST:Header (ok)
[2022-12-20 07:02:35] INFO     BIST:Header (ok)
[2022-12-20 07:02:47] INFO     BIST:Header (ok)
[2022-12-20 07:02:59] INFO     BIST:Header (ok)
[2022-12-20 07:03:10] INFO     BIST:Header (ok)
[2022-12-20 07:03:22] INFO     BIST:Header (ok)
[2022-12-20 07:03:33] INFO     BIST:Header (ok)
[2022-12-20 07:03:45] INFO     BIST:Header (ok)
[2022-12-20 07:03:57] INFO     BIST:Header (ok)
[2022-12-20 07:04:08] INFO     BIST:Header (ok)
[2022-12-20 07:04:20] INFO     BIST:Header (ok)
[2022-12-20 07:04:31] INFO     BIST:Header (ok)
[2022-12-20 07:04:43] INFO     BIST:Header (ok)
[2022-12-20 07:04:55] INFO     BIST:Header (ok)
[2022-12-20 07:05:06] INFO     BIST:Header (ok)
[2022-12-20 07:05:18] INFO     BIST:Header (ok)
[2022-12-20 07:05:29] INFO     BIST:Header (ok)
[2022-12-20 07:05:41] INFO     BIST:Header (ok)
[2022-12-20 07:05:53] INFO     BIST:Header (ok)
[2022-12-20 07:06:04] INFO     BIST:Header (ok)
[2022-12-20 07:06:16] INFO     BIST:Header (ok)
[2022-12-20 07:06:28] INFO     BIST:Header (ok)
[2022-12-20 07:06:39] INFO     BIST:Header (ok)
[2022-12-20 07:06:51] INFO     BIST:Header (ok)
[2022-12-20 07:07:02] INFO     BIST:Header (ok)
[2022-12-20 07:07:14] INFO     BIST:Header (ok)
[2022-12-20 07:07:26] INFO     BIST:Header (ok)
[2022-12-20 07:07:37] INFO     BIST:Header (ok)
[2022-12-20 07:07:49] INFO     BIST:Header (ok)
[2022-12-20 07:08:00] INFO     BIST:Header (ok)
[2022-12-20 07:08:12] INFO     BIST:Header (ok)
[2022-12-20 07:08:24] INFO     BIST:Header (ok)
[2022-12-20 07:08:35] INFO     BIST:Header (ok)
[2022-12-20 07:08:47] INFO     BIST:Header (ok)
[2022-12-20 07:08:58] INFO     BIST:Header (ok)
[2022-12-20 07:09:10] INFO     BIST:Header (ok)
[2022-12-20 07:09:22] INFO     BIST:Header (ok)
[2022-12-20 07:09:33] INFO     BIST:Header (ok)
[2022-12-20 07:09:45] INFO     BIST:Header (ok)
[2022-12-20 07:09:57] INFO     BIST:Header (ok)
[2022-12-20 07:10:08] INFO     BIST:Header (ok)
[2022-12-20 07:10:20] INFO     BIST:Header (ok)
[2022-12-20 07:10:31] INFO     BIST:Header (ok)
[2022-12-20 07:10:43] INFO     BIST:Header (ok)
[2022-12-20 07:10:55] INFO     BIST:Header (ok)
[2022-12-20 07:11:06] INFO     BIST:Header (ok)
[2022-12-20 07:11:18] INFO     BIST:Header (ok)
[2022-12-20 07:11:29] INFO     BIST:Header (ok)
[2022-12-20 07:11:41] INFO     BIST:Header (ok)
[2022-12-20 07:11:53] INFO     BIST:Header (ok)
[2022-12-20 07:12:04] INFO     BIST:Header (ok)
[2022-12-20 07:12:16] INFO     BIST:Header (ok)
[2022-12-20 07:12:27] INFO     BIST:Header (ok)
[2022-12-20 07:12:39] INFO     BIST:Header (ok)
[2022-12-20 07:12:51] INFO     BIST:Header (ok)
[2022-12-20 07:13:02] INFO     BIST:Header (ok)
[2022-12-20 07:13:14] INFO     BIST:Header (ok)
[2022-12-20 07:13:26] INFO     BIST:Header (ok)
[2022-12-20 07:13:37] INFO     BIST:Header (ok)
[2022-12-20 07:13:49] INFO     BIST:Header (ok)
[2022-12-20 07:14:00] INFO     BIST:Header (ok)
[2022-12-20 07:14:12] INFO     BIST:Header (ok)
[2022-12-20 07:14:24] INFO     BIST:Header (ok)
[2022-12-20 07:14:35] INFO     BIST:Header (ok)
[2022-12-20 07:14:47] INFO     BIST:Header (ok)
[2022-12-20 07:14:58] INFO     BIST:Header (ok)
[2022-12-20 07:15:10] INFO     BIST:Header (ok)
[2022-12-20 07:15:22] INFO     BIST:Header (ok)
[2022-12-20 07:15:33] INFO     BIST:Header (ok)
[2022-12-20 07:15:45] INFO     BIST:Header (ok)
[2022-12-20 07:15:57] INFO     BIST:Header (ok)
[2022-12-20 07:16:08] INFO     BIST:Header (ok)
[2022-12-20 07:16:20] INFO     BIST:Header (ok)
[2022-12-20 07:16:31] INFO     BIST:Header (ok)
[2022-12-20 07:16:43] INFO     BIST:Header (ok)
[2022-12-20 07:16:55] INFO     BIST:Header (ok)
[2022-12-20 07:17:06] INFO     BIST:Header (ok)
[2022-12-20 07:17:18] INFO     BIST:Header (ok)
[2022-12-20 07:17:29] INFO     BIST:Header (ok)
[2022-12-20 07:17:41] INFO     BIST:Header (ok)
[2022-12-20 07:17:53] INFO     BIST:Header (ok)
[2022-12-20 07:18:04] INFO     BIST:Header (ok)
[2022-12-20 07:18:16] INFO     BIST:Header (ok)
[2022-12-20 07:18:27] INFO     BIST:Header (ok)
[2022-12-20 07:18:39] INFO     BIST:Header (ok)
[2022-12-20 07:18:51] INFO     BIST:Header (ok)
[2022-12-20 07:19:02] INFO     BIST:Header (ok)
[2022-12-20 07:19:14] INFO     BIST:Header (ok)
[2022-12-20 07:19:26] INFO     BIST:Header (ok)
[2022-12-20 07:19:37] INFO     BIST:Header (ok)
[2022-12-20 07:19:49] INFO     BIST:Header (ok)
[2022-12-20 07:20:00] INFO     BIST:Header (ok)
[2022-12-20 07:20:12] INFO     BIST:Header (ok)
[2022-12-20 07:20:24] INFO     BIST:Header (ok)
[2022-12-20 07:20:35] INFO     BIST:Header (ok)
[2022-12-20 07:20:47] INFO     BIST:Header (ok)
[2022-12-20 07:20:58] INFO     BIST:Header (ok)
[2022-12-20 07:21:10] INFO     BIST:Header (ok)
[2022-12-20 07:21:22] INFO     BIST:Header (ok)
[2022-12-20 07:21:33] INFO     BIST:Header (ok)
[2022-12-20 07:21:45] INFO     BIST:Header (ok)
[2022-12-20 07:21:56] INFO     BIST:Header (ok)
[2022-12-20 07:22:08] INFO     BIST:Header (ok)
[2022-12-20 07:22:20] INFO     BIST:Header (ok)
[2022-12-20 07:22:31] INFO     BIST:Header (ok)
[2022-12-20 07:22:43] INFO     BIST:Header (ok)
[2022-12-20 07:22:55] INFO     BIST:Header (ok)
[2022-12-20 07:23:06] INFO     BIST:Header (ok)
[2022-12-20 07:23:18] INFO     BIST:Header (ok)
[2022-12-20 07:23:29] INFO     BIST:Header (ok)
[2022-12-20 07:23:41] INFO     BIST:Header (ok)
[2022-12-20 07:23:53] INFO     BIST:Header (ok)
[2022-12-20 07:24:04] INFO     BIST:Header (ok)
[2022-12-20 07:24:16] INFO     BIST:Header (ok)
[2022-12-20 07:24:27] INFO     BIST:Header (ok)
[2022-12-20 07:24:39] INFO     BIST:Header (ok)
[2022-12-20 07:24:51] INFO     BIST:Header (ok)
[2022-12-20 07:25:02] INFO     BIST:Header (ok)
[2022-12-20 07:25:14] INFO     BIST:Header (ok)
[2022-12-20 07:25:25] INFO     BIST:Header (ok)
[2022-12-20 07:25:37] INFO     BIST:Header (ok)
[2022-12-20 07:25:49] INFO     BIST:Header (ok)
[2022-12-20 07:26:00] INFO     BIST:Header (ok)
[2022-12-20 07:26:12] INFO     BIST:Header (ok)
[2022-12-20 07:26:24] INFO     BIST:Header (ok)
[2022-12-20 07:26:35] INFO     BIST:Header (ok)
[2022-12-20 07:26:47] INFO     BIST:Header (ok)
[2022-12-20 07:26:58] INFO     BIST:Header (ok)
[2022-12-20 07:27:10] INFO     BIST:Header (ok)
[2022-12-20 07:27:22] INFO     BIST:Header (ok)
[2022-12-20 07:27:33] INFO     BIST:Header (ok)
[2022-12-20 07:27:45] INFO     BIST:Header (ok)
[2022-12-20 07:27:56] INFO     BIST:Header (ok)
[2022-12-20 07:28:08] INFO     BIST:Header (ok)
[2022-12-20 07:28:20] INFO     BIST:Header (ok)
[2022-12-20 07:28:31] INFO     BIST:Header (ok)
[2022-12-20 07:28:43] INFO     BIST:Header (ok)
[2022-12-20 07:28:55] INFO     BIST:Header (ok)
[2022-12-20 07:29:06] INFO     BIST:Header (ok)
[2022-12-20 07:29:18] INFO     BIST:Header (ok)
[2022-12-20 07:29:29] INFO     BIST:Header (ok)
[2022-12-20 07:29:41] INFO     BIST:Header (ok)
[2022-12-20 07:29:53] INFO     BIST:Header (ok)
[2022-12-20 07:30:04] INFO     BIST:Header (ok)
[2022-12-20 07:30:16] INFO     BIST:Header (ok)
[2022-12-20 07:30:27] INFO     BIST:Header (ok)
[2022-12-20 07:30:39] INFO     BIST:Header (ok)
[2022-12-20 07:30:51] INFO     BIST:Header (ok)
[2022-12-20 07:31:02] INFO     BIST:Header (ok)
[2022-12-20 07:31:14] INFO     BIST:Header (ok)
[2022-12-20 07:31:25] INFO     BIST:Header (ok)
[2022-12-20 07:31:37] INFO     BIST:Header (ok)
[2022-12-20 07:31:49] INFO     BIST:Header (ok)
[2022-12-20 07:32:00] INFO     BIST:Header (ok)
[2022-12-20 07:32:12] INFO     BIST:Header (ok)
[2022-12-20 07:32:24] INFO     BIST:Header (ok)
[2022-12-20 07:32:35] INFO     BIST:Header (ok)
[2022-12-20 07:32:47] INFO     BIST:Header (ok)
[2022-12-20 07:32:58] INFO     BIST:Header (ok)
[2022-12-20 07:33:10] INFO     BIST:Header (ok)
[2022-12-20 07:33:22] INFO     BIST:Header (ok)
[2022-12-20 07:33:33] INFO     BIST:Header (ok)
[2022-12-20 07:33:45] INFO     BIST:Header (ok)
[2022-12-20 07:33:56] INFO     BIST:Header (ok)
[2022-12-20 07:34:08] INFO     BIST:Header (ok)
[2022-12-20 07:34:20] INFO     BIST:Header (ok)
[2022-12-20 07:34:31] INFO     BIST:Header (ok)
[2022-12-20 07:34:43] INFO     BIST:Header (ok)
[2022-12-20 07:34:54] INFO     BIST:Header (ok)
[2022-12-20 07:35:06] INFO     BIST:Header (ok)
[2022-12-20 07:35:18] INFO     BIST:Header (ok)
[2022-12-20 07:35:29] INFO     BIST:Header (ok)
[2022-12-20 07:35:41] INFO     BIST:Header (ok)
[2022-12-20 07:35:53] INFO     BIST:Header (ok)
[2022-12-20 07:36:04] INFO     BIST:Header (ok)
[2022-12-20 07:36:16] INFO     BIST:Header (ok)
[2022-12-20 07:36:27] INFO     BIST:Header (ok)
[2022-12-20 07:36:39] INFO     BIST:Header (ok)
[2022-12-20 07:36:51] INFO     BIST:Header (ok)
[2022-12-20 07:37:02] INFO     BIST:Header (ok)
[2022-12-20 07:37:14] INFO     BIST:Header (ok)
[2022-12-20 07:37:25] INFO     BIST:Header (ok)
[2022-12-20 07:37:37] INFO     BIST:Header (ok)
[2022-12-20 07:37:49] INFO     BIST:Header (ok)
[2022-12-20 07:38:00] INFO     BIST:Header (ok)
[2022-12-20 07:38:12] INFO     BIST:Header (ok)
[2022-12-20 07:38:24] INFO     BIST:Header (ok)
[2022-12-20 07:38:35] INFO     BIST:Header (ok)
[2022-12-20 07:38:47] INFO     BIST:Header (ok)
[2022-12-20 07:38:58] INFO     BIST:Header (ok)
[2022-12-20 07:39:10] INFO     BIST:Header (ok)
[2022-12-20 07:39:22] INFO     BIST:Header (ok)
[2022-12-20 07:39:33] INFO     BIST:Header (ok)
[2022-12-20 07:39:45] INFO     BIST:Header (ok)
[2022-12-20 07:39:56] INFO     BIST:Header (ok)
[2022-12-20 07:40:08] INFO     BIST:Header (ok)
[2022-12-20 07:40:20] INFO     BIST:Header (ok)
[2022-12-20 07:40:31] INFO     BIST:Header (ok)
[2022-12-20 07:40:43] INFO     BIST:Header (ok)
[2022-12-20 07:40:54] INFO     BIST:Header (ok)
[2022-12-20 07:41:06] INFO     BIST:Header (ok)
[2022-12-20 07:41:18] INFO     BIST:Header (ok)
[2022-12-20 07:41:29] INFO     BIST:Header (ok)
[2022-12-20 07:41:41] INFO     BIST:Header (ok)
[2022-12-20 07:41:53] INFO     BIST:Header (ok)
[2022-12-20 07:42:04] INFO     BIST:Header (ok)
[2022-12-20 07:42:16] INFO     BIST:Header (ok)
[2022-12-20 07:42:27] INFO     BIST:Header (ok)
[2022-12-20 07:42:39] INFO     BIST:Header (ok)
[2022-12-20 07:42:51] INFO     BIST:Header (ok)
[2022-12-20 07:43:02] INFO     BIST:Header (ok)
[2022-12-20 07:43:14] INFO     BIST:Header (ok)
[2022-12-20 07:43:25] INFO     BIST:Header (ok)
[2022-12-20 07:43:37] INFO     BIST:Header (ok)
[2022-12-20 07:43:49] INFO     BIST:Header (ok)
[2022-12-20 07:44:00] INFO     BIST:Header (ok)
[2022-12-20 07:44:12] INFO     BIST:Header (ok)
[2022-12-20 07:44:23] INFO     BIST:Header (ok)
[2022-12-20 07:44:35] INFO     BIST:Header (ok)
[2022-12-20 07:44:47] INFO     BIST:Header (ok)
[2022-12-20 07:44:58] INFO     BIST:Header (ok)
[2022-12-20 07:45:10] INFO     BIST:Header (ok)
[2022-12-20 07:45:22] INFO     BIST:Header (ok)
[2022-12-20 07:45:33] INFO     BIST:Header (ok)
[2022-12-20 07:45:45] INFO     BIST:Header (ok)
[2022-12-20 07:45:56] INFO     BIST:Header (ok)
[2022-12-20 07:46:08] INFO     BIST:Header (ok)
[2022-12-20 07:46:20] INFO     BIST:Header (ok)
[2022-12-20 07:46:31] INFO     BIST:Header (ok)
[2022-12-20 07:46:43] INFO     BIST:Header (ok)
[2022-12-20 07:46:54] INFO     BIST:Header (ok)
[2022-12-20 07:47:06] INFO     BIST:Header (ok)
[2022-12-20 07:47:18] INFO     BIST:Header (ok)
[2022-12-20 07:47:29] INFO     BIST:Header (ok)
[2022-12-20 07:47:41] INFO     BIST:Header (ok)
[2022-12-20 07:47:52] INFO     BIST:Header (ok)
[2022-12-20 07:48:04] INFO     BIST:Header (ok)
[2022-12-20 07:48:16] INFO     BIST:Header (ok)
[2022-12-20 07:48:27] INFO     BIST:Header (ok)
[2022-12-20 07:48:39] INFO     BIST:Header (ok)
[2022-12-20 07:48:51] INFO     BIST:Header (ok)
[2022-12-20 07:49:02] INFO     BIST:Header (ok)
[2022-12-20 07:49:14] INFO     BIST:Header (ok)
[2022-12-20 07:49:25] INFO     BIST:Header (ok)
[2022-12-20 07:49:37] INFO     BIST:Header (ok)
[2022-12-20 07:49:49] INFO     BIST:Header (ok)
[2022-12-20 07:50:00] INFO     BIST:Header (ok)
[2022-12-20 07:50:12] INFO     BIST:Header (ok)
[2022-12-20 07:50:23] INFO     BIST:Header (ok)
[2022-12-20 07:50:35] INFO     BIST:Header (ok)
[2022-12-20 07:50:47] INFO     BIST:Header (ok)
[2022-12-20 07:50:58] INFO     BIST:Header (ok)
[2022-12-20 07:51:10] INFO     BIST:Header (ok)
[2022-12-20 07:51:22] INFO     BIST:Header (ok)
[2022-12-20 07:51:33] INFO     BIST:Header (ok)
[2022-12-20 07:51:45] INFO     BIST:Header (ok)
[2022-12-20 07:51:56] INFO     BIST:Header (ok)
[2022-12-20 07:52:08] INFO     BIST:Header (ok)
[2022-12-20 07:52:20] INFO     BIST:Header (ok)
[2022-12-20 07:52:31] INFO     BIST:Header (ok)
[2022-12-20 07:52:43] INFO     BIST:Header (ok)
[2022-12-20 07:52:54] INFO     BIST:Header (ok)
[2022-12-20 07:53:06] INFO     BIST:Header (ok)
[2022-12-20 07:53:18] INFO     BIST:Header (ok)
[2022-12-20 07:53:29] INFO     BIST:Header (ok)
[2022-12-20 07:53:41] INFO     BIST:Header (ok)
[2022-12-20 07:53:52] INFO     BIST:Header (ok)
[2022-12-20 07:54:04] INFO     BIST:Header (ok)
[2022-12-20 07:54:16] INFO     BIST:Header (ok)
[2022-12-20 07:54:27] INFO     BIST:Header (ok)
[2022-12-20 07:54:39] INFO     BIST:Header (ok)
[2022-12-20 07:54:51] INFO     BIST:Header (ok)
[2022-12-20 07:55:02] INFO     BIST:Header (ok)
[2022-12-20 07:55:14] INFO     BIST:Header (ok)
[2022-12-20 07:55:25] INFO     BIST:Header (ok)
[2022-12-20 07:55:37] INFO     BIST:Header (ok)
[2022-12-20 07:55:49] INFO     BIST:Header (ok)
[2022-12-20 07:56:00] INFO     BIST:Header (ok)
[2022-12-20 07:56:12] INFO     BIST:Header (ok)
[2022-12-20 07:56:23] INFO     BIST:Header (ok)
[2022-12-20 07:56:35] INFO     BIST:Header (ok)
[2022-12-20 07:56:47] INFO     BIST:Header (ok)
[2022-12-20 07:56:58] INFO     BIST:Header (ok)
[2022-12-20 07:57:10] INFO     BIST:Header (ok)
[2022-12-20 07:57:21] INFO     BIST:Header (ok)
[2022-12-20 07:57:33] INFO     BIST:Header (ok)
[2022-12-20 07:57:45] INFO     BIST:Header (ok)
[2022-12-20 07:57:56] INFO     BIST:Header (ok)
[2022-12-20 07:58:08] INFO     BIST:Header (ok)
[2022-12-20 07:58:20] INFO     BIST:Header (ok)
[2022-12-20 07:58:31] INFO     BIST:Header (ok)
[2022-12-20 07:58:43] INFO     BIST:Header (ok)
[2022-12-20 07:58:54] INFO     BIST:Header (ok)
[2022-12-20 07:59:06] INFO     BIST:Header (ok)
[2022-12-20 07:59:18] INFO     BIST:Header (ok)
[2022-12-20 07:59:29] INFO     BIST:Header (ok)
[2022-12-20 07:59:41] INFO     BIST:Header (ok)
[2022-12-20 07:59:52] INFO     BIST:Header (ok)
[2022-12-20 08:00:04] INFO     BIST:Header (ok)
[2022-12-20 08:00:16] INFO     BIST:Header (ok)
[2022-12-20 08:00:27] INFO     BIST:Header (ok)
[2022-12-20 08:00:39] INFO     BIST:Header (ok)
[2022-12-20 08:00:51] INFO     BIST:Header (ok)
[2022-12-20 08:01:02] INFO     BIST:Header (ok)
[2022-12-20 08:01:14] INFO     BIST:Header (ok)
[2022-12-20 08:01:25] INFO     BIST:Header (ok)
[2022-12-20 08:01:37] INFO     BIST:Header (ok)
[2022-12-20 08:01:49] INFO     BIST:Header (ok)
[2022-12-20 08:02:00] INFO     BIST:Header (ok)
[2022-12-20 08:02:12] INFO     BIST:Header (ok)
[2022-12-20 08:02:23] INFO     BIST:Header (ok)
[2022-12-20 08:02:35] INFO     BIST:Header (ok)
[2022-12-20 08:02:47] INFO     BIST:Header (ok)
[2022-12-20 08:02:58] INFO     BIST:Header (ok)
[2022-12-20 08:03:10] INFO     BIST:Header (ok)
[2022-12-20 08:03:21] INFO     BIST:Header (ok)
[2022-12-20 08:03:33] INFO     BIST:Header (ok)
[2022-12-20 08:03:45] INFO     BIST:Header (ok)
[2022-12-20 08:03:56] INFO     BIST:Header (ok)
[2022-12-20 08:04:08] INFO     BIST:Header (ok)
[2022-12-20 08:04:20] INFO     BIST:Header (ok)
[2022-12-20 08:04:31] INFO     BIST:Header (ok)
[2022-12-20 08:04:43] INFO     BIST:Header (ok)
[2022-12-20 08:04:54] INFO     BIST:Header (ok)
[2022-12-20 08:05:06] INFO     BIST:Header (ok)
[2022-12-20 08:05:18] INFO     BIST:Header (ok)
