[2022-12-17 15:35:49] INFO     STATE:Initial Starting State
[2022-12-17 15:35:49] INFO     git commit information
[2022-12-17 15:35:49] INFO     	git commit:8954ec1 Added cycle feature
[2022-12-17 15:35:50] INFO     	git commit date:Sat Dec 17 11:53:18 2022
[2022-12-17 15:35:50] INFO     	git status:Sat Dec 17 11:53:18 2022
[2022-12-17 15:35:50] INFO     		M beam-test/test_scripts/bios_test.py
[2022-12-17 15:35:50] INFO     		M beam-test/test_scripts/readme.md
[2022-12-17 15:35:50] INFO     Command line information
[2022-12-17 15:35:50] INFO     	Command line:['ddrctrl_experiment.py', '--jcm_part', 'xc7a200t', '--bitstream', '/root/ddr_11_28_tmr.bit', '--log_dir', './lansce2022', '--jcm_clock', '30_000_000', '--frads_file', 'xc7a200t_frad.txt', '--fault_injection', '0', '--uart_bone_ident', '0xf0002000', '--jcm_ip', '169.254.132.152', '--jcm_netbooter_port', '1', '--nexys_netbooter_port', '2', '--usb_uart_phys_port', '1-4.4.2', '--uartbone_phys_port', '1-4.4.1']
[2022-12-17 15:35:50] INFO     	arg:bitstream=/root/ddr_11_28_tmr.bit
[2022-12-17 15:35:50] INFO     	arg:netbooter_ip=169.254.131.160
[2022-12-17 15:35:50] INFO     	arg:jcm_ip=169.254.132.152
[2022-12-17 15:35:50] INFO     	arg:jcm_part=xc7a200t
[2022-12-17 15:35:50] INFO     	arg:jcm_clock=30000000
[2022-12-17 15:35:50] INFO     	arg:usb_uart_phys_port=1-4.4.2
[2022-12-17 15:35:50] INFO     	arg:uart_litex_baudrate=115200
[2022-12-17 15:35:50] INFO     	arg:uartbone_phys_port=1-4.4.1
[2022-12-17 15:35:50] INFO     	arg:uartbone_phys_if=0
[2022-12-17 15:35:50] INFO     	arg:uartbone_baudrate=115200
[2022-12-17 15:35:50] INFO     	arg:repower_jcm=False
[2022-12-17 15:35:50] INFO     	arg:disable_scrubbing=False
[2022-12-17 15:35:50] INFO     	arg:fault_injection=0
[2022-12-17 15:35:50] INFO     	arg:frads_file=xc7a200t_frad.txt
[2022-12-17 15:35:50] INFO     	arg:jcm_netbooter_port=1
[2022-12-17 15:35:50] INFO     	arg:nexys_netbooter_port=2
[2022-12-17 15:35:50] INFO     	arg:log_dir=./lansce2022
[2022-12-17 15:35:50] INFO     	arg:single_step=False
[2022-12-17 15:35:50] INFO     	arg:bist_mem_burst_length=8192
[2022-12-17 15:35:50] INFO     	arg:bist_addr_mode=1
[2022-12-17 15:35:50] INFO     	arg:bist_pattern=165
[2022-12-17 15:35:50] INFO     	arg:no_uart_bone=False
[2022-12-17 15:35:50] INFO     	arg:uart_bone_ident=0xf0002000
[2022-12-17 15:35:50] INFO     STATE:Netbooter Setup State
[2022-12-17 15:35:50] INFO     STATE:JCM Setup State
[2022-12-17 15:35:50] INFO     NETBOOTER:Attempt 1 to set port 1 with cycle=False
[2022-12-17 15:35:52] INFO     NETBOOTER:Setting port 1 to On
[2022-12-17 15:35:53] INFO     JCM ping attempt 1
[2022-12-17 15:35:53] INFO     JCM:Logging in to JCM
[2022-12-17 15:35:53] INFO     JCM:Connecting to JCM over SSH... (Attempt 1)
[2022-12-17 15:35:53] INFO     JCM:SSH successful
[2022-12-17 15:35:53] INFO     STATE:UART Setup State
[2022-12-17 15:35:53] INFO     STATE:Power Nexys State
[2022-12-17 15:35:53] INFO     NETBOOTER:Attempt 1 to set port 2 with cycle=False
[2022-12-17 15:35:55] INFO     NETBOOTER:Setting port 2 to Off
[2022-12-17 15:35:56] INFO     NETBOOTER:Attempt 1 to set port 2 with cycle=False
[2022-12-17 15:35:58] INFO     NETBOOTER:Setting port 2 to On
[2022-12-17 15:35:59] INFO     STATE:Connect UART State
[2022-12-17 15:36:01] INFO     UART:Searching for ttyUSB device (Attempt 1)
[2022-12-17 15:36:01] INFO     UART:Found tty device:/dev/ttyUSB2
[2022-12-17 15:36:01] INFO     UART:Serial port /dev/ttyUSB2 open
[2022-12-17 15:36:01] INFO     STATE:Configure Nexys State
[2022-12-17 15:36:01] INFO     JCM:Attempting JCM device DNA read
[2022-12-17 15:36:01] INFO     JCM:Executing commmand on JCM
	~/jcm_apps/jcm_jtag_reg.elf -r 50 --swap -w 64
[2022-12-17 15:36:01] INFO     Device DNA:0:0x812c023b 1:0x2a0f6504
[2022-12-17 15:36:01] INFO     JCM:Attempting JCM configuration
[2022-12-17 15:36:01] INFO     JCM:Executing commmand on JCM
	~/jcm_apps/jcm_config.elf --part xc7a200t -c 30000000 --jtag --config_file /root/ddr_11_28_tmr.bit
[2022-12-17 15:36:07] INFO     JCM:Configuration Success
[2022-12-17 15:36:07] INFO     STATE:Setup UARTBone State
[2022-12-17 15:36:07] INFO     UARTBONE:Searching for ttyUSB device (Attempt 1) for port '1-4.4.1' IF '0'
[2022-12-17 15:36:07] INFO     UARTBONE:Found tty device:/dev/ttyUSB0
[2022-12-17 15:36:07] INFO     UARTBONE:Attempting to open:/dev/ttyUSB0 at baud 115200 with timeout=5
[2022-12-17 15:36:07] INFO     UARTBONE:Serial port /dev/ttyUSB0 open
[2022-12-17 15:36:08] INFO     UARTBONE ID Str=LiteX SoC on Nexys Video 2022-11-28 18:17:18
[2022-12-17 15:36:08] INFO     UARTBONE I ADDR=000012E8
[2022-12-17 15:36:08] INFO     STATE:Enable Scrubbing State
[2022-12-17 15:36:08] INFO     JCM:Starting JCM scrubber
[2022-12-17 15:36:08] INFO     JCM:Executing commmand on JCM
	~/jcm_apps/jcm_scrubbing.elf --part xc7a200t -c 30000000 --jtag --iterations 100000000 --frad_file xc7a200t_frad.txt
[2022-12-17 15:36:08] INFO     STATE:LiteX Login State
[2022-12-17 15:36:08] INFO     STATE:Start BIST State
[2022-12-17 15:36:08] INFO     STATE:BIST Execution State
[2022-12-17 15:36:09] INFO     BIST:Bad title line (1):8192 1 0 2
[2022-12-17 15:36:09] INFO     BIST:Header (first)
[2022-12-17 15:36:20] INFO     BIST:Header (ok)
[2022-12-17 15:36:32] INFO     BIST:Header (ok)
[2022-12-17 15:36:43] INFO     BIST:Header (ok)
[2022-12-17 15:36:55] INFO     BIST:Header (ok)
[2022-12-17 15:37:07] INFO     BIST:Header (ok)
[2022-12-17 15:37:18] INFO     BIST:Header (ok)
[2022-12-17 15:37:30] INFO     BIST:Header (ok)
[2022-12-17 15:37:41] INFO     BIST:Header (ok)
[2022-12-17 15:37:53] INFO     BIST:Header (ok)
[2022-12-17 15:38:05] INFO     BIST:Header (ok)
[2022-12-17 15:38:16] INFO     BIST:Header (ok)
[2022-12-17 15:38:28] INFO     BIST:Header (ok)
[2022-12-17 15:38:39] INFO     BIST:Header (ok)
[2022-12-17 15:38:51] INFO     BIST:Header (ok)
[2022-12-17 15:39:03] INFO     BIST:Header (ok)
[2022-12-17 15:39:14] INFO     BIST:Header (ok)
[2022-12-17 15:39:26] INFO     BIST:Header (ok)
[2022-12-17 15:39:38] INFO     BIST:Header (ok)
[2022-12-17 15:39:49] INFO     BIST:Header (ok)
[2022-12-17 15:40:01] INFO     BIST:Header (ok)
[2022-12-17 15:40:12] INFO     BIST:Header (ok)
[2022-12-17 15:40:24] INFO     BIST:Header (ok)
[2022-12-17 15:40:36] INFO     BIST:Header (ok)
[2022-12-17 15:40:47] INFO     BIST:Header (ok)
[2022-12-17 15:40:59] INFO     BIST:Header (ok)
[2022-12-17 15:41:10] INFO     BIST:Header (ok)
[2022-12-17 15:41:22] INFO     BIST:Header (ok)
[2022-12-17 15:41:34] INFO     BIST:Header (ok)
[2022-12-17 15:41:45] INFO     BIST:Header (ok)
[2022-12-17 15:41:57] INFO     BIST:Header (ok)
[2022-12-17 15:42:08] INFO     BIST:Header (ok)
[2022-12-17 15:42:20] INFO     BIST:Header (ok)
[2022-12-17 15:42:32] INFO     BIST:Header (ok)
[2022-12-17 15:42:43] INFO     BIST:Header (ok)
[2022-12-17 15:42:55] INFO     BIST:Header (ok)
[2022-12-17 15:43:07] INFO     BIST:Header (ok)
[2022-12-17 15:43:18] INFO     BIST:Header (ok)
[2022-12-17 15:43:30] INFO     BIST:Header (ok)
[2022-12-17 15:43:41] INFO     BIST:Header (ok)
[2022-12-17 15:43:53] INFO     BIST:Header (ok)
[2022-12-17 15:44:05] INFO     BIST:Header (ok)
[2022-12-17 15:44:16] INFO     BIST:Header (ok)
[2022-12-17 15:44:28] INFO     BIST:Header (ok)
[2022-12-17 15:44:39] INFO     BIST:Header (ok)
[2022-12-17 15:44:51] INFO     BIST:Header (ok)
[2022-12-17 15:45:03] INFO     BIST:Header (ok)
[2022-12-17 15:45:14] INFO     BIST:Header (ok)
[2022-12-17 15:45:26] INFO     BIST:Header (ok)
[2022-12-17 15:45:37] INFO     BIST:Header (ok)
[2022-12-17 15:45:49] INFO     BIST:Header (ok)
[2022-12-17 15:46:01] INFO     BIST:Header (ok)
[2022-12-17 15:46:12] INFO     BIST:Header (ok)
[2022-12-17 15:46:24] INFO     BIST:Header (ok)
[2022-12-17 15:46:36] INFO     BIST:Header (ok)
[2022-12-17 15:46:47] INFO     BIST:Header (ok)
[2022-12-17 15:46:59] INFO     BIST:Header (ok)
[2022-12-17 15:47:10] INFO     BIST:Header (ok)
[2022-12-17 15:47:22] INFO     BIST:Header (ok)
[2022-12-17 15:47:34] INFO     BIST:Header (ok)
[2022-12-17 15:47:45] INFO     BIST:Header (ok)
[2022-12-17 15:47:57] INFO     BIST:Header (ok)
[2022-12-17 15:48:08] INFO     BIST:Header (ok)
[2022-12-17 15:48:20] INFO     BIST:Header (ok)
[2022-12-17 15:48:32] INFO     BIST:Header (ok)
[2022-12-17 15:48:43] INFO     BIST:Header (ok)
[2022-12-17 15:48:55] INFO     BIST:Header (ok)
[2022-12-17 15:49:06] INFO     BIST:Header (ok)
[2022-12-17 15:49:18] INFO     BIST:Header (ok)
[2022-12-17 15:49:30] INFO     BIST:Header (ok)
[2022-12-17 15:49:41] INFO     BIST:Header (ok)
[2022-12-17 15:49:53] INFO     BIST:Header (ok)
[2022-12-17 15:50:05] INFO     BIST:Header (ok)
[2022-12-17 15:50:16] INFO     BIST:Header (ok)
[2022-12-17 15:50:28] INFO     BIST:Header (ok)
[2022-12-17 15:50:39] INFO     BIST:Header (ok)
[2022-12-17 15:50:51] INFO     BIST:Header (ok)
[2022-12-17 15:51:03] INFO     BIST:Header (ok)
[2022-12-17 15:51:14] INFO     BIST:Header (ok)
[2022-12-17 15:51:26] INFO     BIST:Header (ok)
[2022-12-17 15:51:37] INFO     BIST:Header (ok)
[2022-12-17 15:51:49] INFO     BIST:Header (ok)
[2022-12-17 15:52:01] INFO     BIST:Header (ok)
[2022-12-17 15:52:12] INFO     BIST:Header (ok)
[2022-12-17 15:52:24] INFO     BIST:Header (ok)
[2022-12-17 15:52:35] INFO     BIST:Header (ok)
[2022-12-17 15:52:47] INFO     BIST:Header (ok)
[2022-12-17 15:52:59] INFO     BIST:Header (ok)
[2022-12-17 15:53:10] INFO     BIST:Header (ok)
[2022-12-17 15:53:22] INFO     BIST:Header (ok)
[2022-12-17 15:53:34] INFO     BIST:Header (ok)
[2022-12-17 15:53:45] INFO     BIST:Header (ok)
[2022-12-17 15:53:57] INFO     BIST:Header (ok)
[2022-12-17 15:54:08] INFO     BIST:Header (ok)
[2022-12-17 15:54:20] INFO     BIST:Header (ok)
[2022-12-17 15:54:32] INFO     BIST:Header (ok)
[2022-12-17 15:54:43] INFO     BIST:Header (ok)
[2022-12-17 15:54:55] INFO     BIST:Header (ok)
[2022-12-17 15:55:06] INFO     BIST:Header (ok)
[2022-12-17 15:55:18] INFO     BIST:Header (ok)
[2022-12-17 15:55:30] INFO     BIST:Header (ok)
[2022-12-17 15:55:41] INFO     BIST:Header (ok)
[2022-12-17 15:55:53] INFO     BIST:Header (ok)
[2022-12-17 15:56:05] INFO     BIST:Header (ok)
[2022-12-17 15:56:16] INFO     BIST:Header (ok)
[2022-12-17 15:56:28] INFO     BIST:Header (ok)
[2022-12-17 15:56:39] INFO     BIST:Header (ok)
[2022-12-17 15:56:51] INFO     BIST:Header (ok)
[2022-12-17 15:57:03] INFO     BIST:Header (ok)
[2022-12-17 15:57:14] INFO     BIST:Header (ok)
[2022-12-17 15:57:26] INFO     BIST:Header (ok)
[2022-12-17 15:57:37] INFO     BIST:Header (ok)
[2022-12-17 15:57:49] INFO     BIST:Header (ok)
[2022-12-17 15:58:01] INFO     BIST:Header (ok)
[2022-12-17 15:58:12] INFO     BIST:Header (ok)
[2022-12-17 15:58:24] INFO     BIST:Header (ok)
[2022-12-17 15:58:35] INFO     BIST:Header (ok)
[2022-12-17 15:58:47] INFO     BIST:Header (ok)
[2022-12-17 15:58:59] INFO     BIST:Header (ok)
[2022-12-17 15:59:10] INFO     BIST:Header (ok)
[2022-12-17 15:59:22] INFO     BIST:Header (ok)
[2022-12-17 15:59:34] INFO     BIST:Header (ok)
[2022-12-17 15:59:45] INFO     BIST:Header (ok)
[2022-12-17 15:59:57] INFO     BIST:Header (ok)
[2022-12-17 16:00:08] INFO     BIST:Header (ok)
[2022-12-17 16:00:20] INFO     BIST:Header (ok)
[2022-12-17 16:00:32] INFO     BIST:Header (ok)
[2022-12-17 16:00:43] INFO     BIST:Header (ok)
[2022-12-17 16:00:55] INFO     BIST:Header (ok)
[2022-12-17 16:01:06] INFO     BIST:Header (ok)
[2022-12-17 16:01:18] INFO     BIST:Header (ok)
[2022-12-17 16:01:30] INFO     BIST:Header (ok)
[2022-12-17 16:01:41] INFO     BIST:Header (ok)
[2022-12-17 16:01:53] INFO     BIST:Header (ok)
[2022-12-17 16:02:04] INFO     BIST:Header (ok)
[2022-12-17 16:02:16] INFO     BIST:Header (ok)
[2022-12-17 16:02:28] INFO     BIST:Header (ok)
[2022-12-17 16:02:39] INFO     BIST:Header (ok)
[2022-12-17 16:02:51] INFO     BIST:Header (ok)
[2022-12-17 16:03:03] INFO     BIST:Header (ok)
[2022-12-17 16:03:14] INFO     BIST:Header (ok)
[2022-12-17 16:03:26] INFO     BIST:Header (ok)
[2022-12-17 16:03:37] INFO     BIST:Header (ok)
[2022-12-17 16:03:49] INFO     BIST:Header (ok)
[2022-12-17 16:04:01] INFO     BIST:Header (ok)
[2022-12-17 16:04:12] INFO     BIST:Header (ok)
[2022-12-17 16:04:24] INFO     BIST:Header (ok)
[2022-12-17 16:04:35] INFO     BIST:Header (ok)
[2022-12-17 16:04:47] INFO     BIST:Header (ok)
[2022-12-17 16:04:59] INFO     BIST:Header (ok)
[2022-12-17 16:05:10] INFO     BIST:Header (ok)
[2022-12-17 16:05:22] INFO     BIST:Header (ok)
[2022-12-17 16:05:33] INFO     BIST:Header (ok)
[2022-12-17 16:05:45] INFO     BIST:Header (ok)
[2022-12-17 16:05:57] INFO     BIST:Header (ok)
[2022-12-17 16:06:08] INFO     BIST:Header (ok)
[2022-12-17 16:06:20] INFO     BIST:Header (ok)
[2022-12-17 16:06:32] INFO     BIST:Header (ok)
[2022-12-17 16:06:43] INFO     BIST:Header (ok)
[2022-12-17 16:06:55] INFO     BIST:Header (ok)
[2022-12-17 16:07:06] INFO     BIST:Header (ok)
[2022-12-17 16:07:18] INFO     BIST:Header (ok)
[2022-12-17 16:07:30] INFO     BIST:Header (ok)
[2022-12-17 16:07:41] INFO     BIST:Header (ok)
[2022-12-17 16:07:53] INFO     BIST:Header (ok)
[2022-12-17 16:08:04] INFO     BIST:Header (ok)
[2022-12-17 16:08:16] INFO     BIST:Header (ok)
[2022-12-17 16:08:28] INFO     BIST:Header (ok)
[2022-12-17 16:08:39] INFO     BIST:Header (ok)
[2022-12-17 16:08:51] INFO     BIST:Header (ok)
[2022-12-17 16:09:02] INFO     BIST:Header (ok)
[2022-12-17 16:09:14] INFO     BIST:Header (ok)
[2022-12-17 16:09:26] INFO     BIST:Header (ok)
[2022-12-17 16:09:37] INFO     BIST:Header (ok)
[2022-12-17 16:09:49] INFO     BIST:Header (ok)
[2022-12-17 16:10:01] INFO     BIST:Header (ok)
[2022-12-17 16:10:12] INFO     BIST:Header (ok)
[2022-12-17 16:10:24] INFO     BIST:Header (ok)
[2022-12-17 16:10:35] INFO     BIST:Header (ok)
[2022-12-17 16:10:47] INFO     BIST:Header (ok)
[2022-12-17 16:10:59] INFO     BIST:Header (ok)
[2022-12-17 16:11:10] INFO     BIST:Header (ok)
[2022-12-17 16:11:22] INFO     BIST:Header (ok)
[2022-12-17 16:11:33] INFO     BIST:Header (ok)
[2022-12-17 16:11:45] INFO     BIST:Header (ok)
[2022-12-17 16:11:58] ERROR    BIST:Data Errors (3534,0,0:3534/1)
[2022-12-17 16:11:59] ERROR    BIST:Data Errors (474,0,0:474/2)
[2022-12-17 16:12:02] ERROR    BIST:Data Errors (474,0,0:474/1)
[2022-12-17 16:12:02] INFO     BIST:Header (err 3)
[2022-12-17 16:12:04] ERROR    BIST:Data Errors (4260,0,0:4260/2)
[2022-12-17 16:12:14] INFO     BIST:Header (err 1)
[2022-12-17 16:12:25] INFO     BIST:Header (ok)
[2022-12-17 16:12:37] INFO     BIST:Header (ok)
[2022-12-17 16:12:49] INFO     BIST:Header (ok)
[2022-12-17 16:12:57] ERROR    BIST:Data Errors (2476,0,0:2476/1)
[2022-12-17 16:12:59] ERROR    BIST:Data Errors (474,0,0:474/2)
[2022-12-17 16:13:00] ERROR    BIST:Data Errors (474,0,0:474/3)
[2022-12-17 16:13:00] INFO     BIST:Header (err 3)
[2022-12-17 16:13:02] ERROR    BIST:Data Errors (1691,0,0:1691/4)
[2022-12-17 16:13:12] INFO     BIST:Header (err 1)
[2022-12-17 16:13:23] INFO     BIST:Header (ok)
[2022-12-17 16:13:35] INFO     BIST:Header (ok)
[2022-12-17 16:13:47] INFO     BIST:Header (ok)
[2022-12-17 16:13:58] INFO     BIST:Header (ok)
[2022-12-17 16:14:10] INFO     BIST:Header (ok)
[2022-12-17 16:14:21] INFO     BIST:Header (ok)
[2022-12-17 16:14:33] INFO     BIST:Header (ok)
[2022-12-17 16:14:45] INFO     BIST:Header (ok)
[2022-12-17 16:14:56] INFO     BIST:Header (ok)
[2022-12-17 16:15:08] INFO     BIST:Header (ok)
[2022-12-17 16:15:20] INFO     BIST:Header (ok)
[2022-12-17 16:15:31] INFO     BIST:Header (ok)
[2022-12-17 16:15:43] INFO     BIST:Header (ok)
[2022-12-17 16:15:54] INFO     BIST:Header (ok)
[2022-12-17 16:16:06] INFO     BIST:Header (ok)
[2022-12-17 16:16:18] INFO     BIST:Header (ok)
[2022-12-17 16:16:29] INFO     BIST:Header (ok)
[2022-12-17 16:16:41] INFO     BIST:Header (ok)
[2022-12-17 16:16:52] INFO     BIST:Header (ok)
[2022-12-17 16:17:04] INFO     BIST:Header (ok)
[2022-12-17 16:17:16] INFO     BIST:Header (ok)
[2022-12-17 16:17:27] INFO     BIST:Header (ok)
[2022-12-17 16:17:39] INFO     BIST:Header (ok)
[2022-12-17 16:17:50] INFO     BIST:Header (ok)
[2022-12-17 16:18:02] INFO     BIST:Header (ok)
[2022-12-17 16:18:14] INFO     BIST:Header (ok)
[2022-12-17 16:18:25] INFO     BIST:Header (ok)
[2022-12-17 16:18:37] INFO     BIST:Header (ok)
[2022-12-17 16:18:49] INFO     BIST:Header (ok)
[2022-12-17 16:19:00] INFO     BIST:Header (ok)
[2022-12-17 16:19:12] INFO     BIST:Header (ok)
[2022-12-17 16:19:23] INFO     BIST:Header (ok)
[2022-12-17 16:19:35] INFO     BIST:Header (ok)
[2022-12-17 16:19:47] INFO     BIST:Header (ok)
[2022-12-17 16:19:58] INFO     BIST:Header (ok)
[2022-12-17 16:20:10] INFO     BIST:Header (ok)
[2022-12-17 16:20:21] INFO     BIST:Header (ok)
[2022-12-17 16:20:33] INFO     BIST:Header (ok)
[2022-12-17 16:20:45] INFO     BIST:Header (ok)
[2022-12-17 16:20:56] INFO     BIST:Header (ok)
[2022-12-17 16:21:08] INFO     BIST:Header (ok)
[2022-12-17 16:21:19] INFO     BIST:Header (ok)
[2022-12-17 16:21:31] INFO     BIST:Header (ok)
[2022-12-17 16:21:43] INFO     BIST:Header (ok)
[2022-12-17 16:21:54] INFO     BIST:Header (ok)
[2022-12-17 16:22:06] INFO     BIST:Header (ok)
[2022-12-17 16:22:18] INFO     BIST:Header (ok)
[2022-12-17 16:22:29] INFO     BIST:Header (ok)
[2022-12-17 16:22:41] INFO     BIST:Header (ok)
[2022-12-17 16:22:52] INFO     BIST:Header (ok)
[2022-12-17 16:23:04] INFO     BIST:Header (ok)
[2022-12-17 16:23:13] ERROR    BIST:Data Errors (2632,0,0:2632/1)
[2022-12-17 16:23:14] ERROR    BIST:Data Errors (474,0,0:474/2)
[2022-12-17 16:23:16] ERROR    BIST:Data Errors (474,0,0:474/3)
[2022-12-17 16:23:16] INFO     BIST:Header (err 3)
[2022-12-17 16:23:17] ERROR    BIST:Data Errors (1489,0,0:1489/4)
[2022-12-17 16:23:27] INFO     BIST:Header (err 1)
[2022-12-17 16:23:39] INFO     BIST:Header (ok)
[2022-12-17 16:23:50] INFO     BIST:Header (ok)
[2022-12-17 16:24:02] INFO     BIST:Header (ok)
[2022-12-17 16:24:14] INFO     BIST:Header (ok)
[2022-12-17 16:24:25] INFO     BIST:Header (ok)
[2022-12-17 16:24:37] INFO     BIST:Header (ok)
[2022-12-17 16:24:48] INFO     BIST:Header (ok)
[2022-12-17 16:25:00] INFO     BIST:Header (ok)
[2022-12-17 16:25:12] INFO     BIST:Header (ok)
[2022-12-17 16:25:23] INFO     BIST:Header (ok)
[2022-12-17 16:25:35] INFO     BIST:Header (ok)
[2022-12-17 16:25:47] INFO     BIST:Header (ok)
[2022-12-17 16:25:58] INFO     BIST:Header (ok)
[2022-12-17 16:26:10] INFO     BIST:Header (ok)
[2022-12-17 16:26:21] INFO     BIST:Header (ok)
[2022-12-17 16:26:33] INFO     BIST:Header (ok)
[2022-12-17 16:26:45] INFO     BIST:Header (ok)
[2022-12-17 16:26:56] INFO     BIST:Header (ok)
[2022-12-17 16:27:08] INFO     BIST:Header (ok)
[2022-12-17 16:27:19] INFO     BIST:Header (ok)
[2022-12-17 16:27:31] INFO     BIST:Header (ok)
[2022-12-17 16:27:40] ERROR    BIST:Data Errors (3848,0,0:3848/1)
[2022-12-17 16:27:43] ERROR    BIST:Data Errors (474,0,0:474/1)
[2022-12-17 16:27:43] INFO     BIST:Header (err 2)
[2022-12-17 16:27:44] ERROR    BIST:Data Errors (4415,0,0:4415/2)
[2022-12-17 16:27:54] INFO     BIST:Header (err 1)
[2022-12-17 16:28:06] INFO     BIST:Header (ok)
[2022-12-17 16:28:18] INFO     BIST:Header (ok)
[2022-12-17 16:28:29] INFO     BIST:Header (ok)
[2022-12-17 16:28:41] INFO     BIST:Header (ok)
[2022-12-17 16:28:52] INFO     BIST:Header (ok)
[2022-12-17 16:29:04] INFO     BIST:Header (ok)
[2022-12-17 16:29:16] INFO     BIST:Header (ok)
[2022-12-17 16:29:24] ERROR    BIST:Data Errors (1054,0,0:1054/1)
[2022-12-17 16:29:26] ERROR    BIST:Data Errors (474,0,0:474/2)
[2022-12-17 16:29:27] ERROR    BIST:Data Errors (474,0,0:474/3)
[2022-12-17 16:29:27] INFO     BIST:Header (err 3)
[2022-12-17 16:29:29] ERROR    BIST:Data Errors (3067,0,0:3067/4)
[2022-12-17 16:29:39] INFO     BIST:Header (err 1)
[2022-12-17 16:29:50] INFO     BIST:Header (ok)
[2022-12-17 16:30:02] INFO     BIST:Header (ok)
[2022-12-17 16:30:14] INFO     BIST:Header (ok)
[2022-12-17 16:30:25] INFO     BIST:Header (ok)
[2022-12-17 16:30:37] INFO     BIST:Header (ok)
[2022-12-17 16:30:48] INFO     BIST:Header (ok)
[2022-12-17 16:30:57] ERROR    BIST:Data Errors (2708,0,0:2708/1)
[2022-12-17 16:30:59] ERROR    BIST:Data Errors (473,0,0:473/2)
[2022-12-17 16:31:00] ERROR    BIST:Data Errors (474,0,0:474/3)
[2022-12-17 16:31:00] INFO     BIST:Header (err 3)
[2022-12-17 16:31:02] ERROR    BIST:Data Errors (1414,0,0:1414/4)
[2022-12-17 16:31:12] INFO     BIST:Header (err 1)
[2022-12-17 16:31:23] INFO     BIST:Header (ok)
[2022-12-17 16:31:35] INFO     BIST:Header (ok)
[2022-12-17 16:31:47] INFO     BIST:Header (ok)
[2022-12-17 16:31:58] INFO     BIST:Header (ok)
[2022-12-17 16:32:10] INFO     BIST:Header (ok)
[2022-12-17 16:32:21] INFO     BIST:Header (ok)
[2022-12-17 16:32:33] INFO     BIST:Header (ok)
[2022-12-17 16:32:45] INFO     BIST:Header (ok)
[2022-12-17 16:32:56] INFO     BIST:Header (ok)
[2022-12-17 16:33:08] INFO     BIST:Header (ok)
[2022-12-17 16:33:19] INFO     BIST:Header (ok)
[2022-12-17 16:33:28] ERROR    BIST:Data Errors (2880,0,0:2880/1)
[2022-12-17 16:33:30] ERROR    BIST:Data Errors (474,0,0:474/2)
[2022-12-17 16:33:31] ERROR    BIST:Data Errors (474,0,0:474/3)
[2022-12-17 16:33:31] INFO     BIST:Header (err 3)
[2022-12-17 16:33:32] ERROR    BIST:Data Errors (1287,0,0:1287/4)
[2022-12-17 16:33:43] INFO     BIST:Header (err 1)
[2022-12-17 16:33:54] INFO     BIST:Header (ok)
[2022-12-17 16:34:06] INFO     BIST:Header (ok)
[2022-12-17 16:34:17] INFO     BIST:Header (ok)
[2022-12-17 16:34:29] INFO     BIST:Header (ok)
[2022-12-17 16:34:41] INFO     BIST:Header (ok)
[2022-12-17 16:34:52] INFO     BIST:Header (ok)
[2022-12-17 16:35:04] INFO     BIST:Header (ok)
[2022-12-17 16:35:16] INFO     BIST:Header (ok)
[2022-12-17 16:35:27] INFO     BIST:Header (ok)
[2022-12-17 16:35:39] INFO     BIST:Header (ok)
[2022-12-17 16:35:50] INFO     BIST:Header (ok)
[2022-12-17 16:36:02] INFO     BIST:Header (ok)
[2022-12-17 16:36:14] INFO     BIST:Header (ok)
[2022-12-17 16:36:25] INFO     BIST:Header (ok)
[2022-12-17 16:36:37] INFO     BIST:Header (ok)
[2022-12-17 16:36:48] INFO     BIST:Header (ok)
[2022-12-17 16:37:00] INFO     BIST:Header (ok)
[2022-12-17 16:37:12] INFO     BIST:Header (ok)
[2022-12-17 16:37:23] INFO     BIST:Header (ok)
[2022-12-17 16:37:35] INFO     BIST:Header (ok)
[2022-12-17 16:37:46] INFO     BIST:Header (ok)
[2022-12-17 16:37:58] INFO     BIST:Header (ok)
[2022-12-17 16:38:10] INFO     BIST:Header (ok)
[2022-12-17 16:38:21] INFO     BIST:Header (ok)
[2022-12-17 16:38:33] INFO     BIST:Header (ok)
[2022-12-17 16:38:45] INFO     BIST:Header (ok)
[2022-12-17 16:38:56] INFO     BIST:Header (ok)
[2022-12-17 16:39:08] INFO     BIST:Header (ok)
[2022-12-17 16:39:19] INFO     BIST:Header (ok)
[2022-12-17 16:39:31] INFO     BIST:Header (ok)
[2022-12-17 16:39:43] INFO     BIST:Header (ok)
[2022-12-17 16:39:54] INFO     BIST:Header (ok)
[2022-12-17 16:40:06] INFO     BIST:Header (ok)
[2022-12-17 16:40:17] INFO     BIST:Header (ok)
[2022-12-17 16:40:29] INFO     BIST:Header (ok)
[2022-12-17 16:40:41] INFO     BIST:Header (ok)
[2022-12-17 16:40:52] INFO     BIST:Header (ok)
[2022-12-17 16:41:04] INFO     BIST:Header (ok)
[2022-12-17 16:41:15] INFO     BIST:Header (ok)
[2022-12-17 16:41:27] INFO     BIST:Header (ok)
[2022-12-17 16:41:39] INFO     BIST:Header (ok)
[2022-12-17 16:41:50] INFO     BIST:Header (ok)
[2022-12-17 16:42:02] INFO     BIST:Header (ok)
[2022-12-17 16:42:14] INFO     BIST:Header (ok)
[2022-12-17 16:42:25] INFO     BIST:Header (ok)
[2022-12-17 16:42:37] INFO     BIST:Header (ok)
[2022-12-17 16:42:45] ERROR    BIST:Data Errors (513,0,0:513/1)
[2022-12-17 16:42:47] ERROR    BIST:Data Errors (474,0,0:474/2)
[2022-12-17 16:42:48] ERROR    BIST:Data Errors (474,0,0:474/3)
[2022-12-17 16:42:48] INFO     BIST:Header (err 3)
[2022-12-17 16:42:50] ERROR    BIST:Data Errors (3654,0,0:3654/4)
[2022-12-17 16:43:00] INFO     BIST:Header (err 1)
[2022-12-17 16:43:12] INFO     BIST:Header (ok)
[2022-12-17 16:43:23] INFO     BIST:Header (ok)
[2022-12-17 16:43:35] INFO     BIST:Header (ok)
[2022-12-17 16:43:46] INFO     BIST:Header (ok)
[2022-12-17 16:43:58] INFO     BIST:Header (ok)
[2022-12-17 16:44:10] INFO     BIST:Header (ok)
[2022-12-17 16:44:21] INFO     BIST:Header (ok)
[2022-12-17 16:44:33] INFO     BIST:Header (ok)
[2022-12-17 16:44:45] INFO     BIST:Header (ok)
[2022-12-17 16:44:56] INFO     BIST:Header (ok)
[2022-12-17 16:45:08] INFO     BIST:Header (ok)
[2022-12-17 16:45:19] INFO     BIST:Header (ok)
[2022-12-17 16:45:31] INFO     BIST:Header (ok)
[2022-12-17 16:45:43] INFO     BIST:Header (ok)
[2022-12-17 16:45:54] INFO     BIST:Header (ok)
[2022-12-17 16:46:06] INFO     BIST:Header (ok)
[2022-12-17 16:46:17] INFO     BIST:Header (ok)
[2022-12-17 16:46:29] INFO     BIST:Header (ok)
[2022-12-17 16:46:41] INFO     BIST:Header (ok)
[2022-12-17 16:46:52] INFO     BIST:Header (ok)
[2022-12-17 16:47:04] INFO     BIST:Header (ok)
[2022-12-17 16:47:15] INFO     BIST:Header (ok)
[2022-12-17 16:47:27] INFO     BIST:Header (ok)
[2022-12-17 16:47:39] INFO     BIST:Header (ok)
[2022-12-17 16:47:50] INFO     BIST:Header (ok)
[2022-12-17 16:48:02] INFO     BIST:Header (ok)
[2022-12-17 16:48:14] INFO     BIST:Header (ok)
[2022-12-17 16:48:25] INFO     BIST:Header (ok)
[2022-12-17 16:48:37] INFO     BIST:Header (ok)
[2022-12-17 16:48:48] INFO     BIST:Header (ok)
[2022-12-17 16:49:00] INFO     BIST:Header (ok)
[2022-12-17 16:49:12] INFO     BIST:Header (ok)
[2022-12-17 16:49:23] INFO     BIST:Header (ok)
[2022-12-17 16:49:35] INFO     BIST:Header (ok)
[2022-12-17 16:49:46] INFO     BIST:Header (ok)
[2022-12-17 16:49:58] INFO     BIST:Header (ok)
[2022-12-17 16:50:10] INFO     BIST:Header (ok)
[2022-12-17 16:50:21] INFO     BIST:Header (ok)
[2022-12-17 16:50:30] ERROR    BIST:Data Errors (588,0,0:588/1)
[2022-12-17 16:50:31] ERROR    BIST:Data Errors (474,0,0:474/2)
[2022-12-17 16:50:33] ERROR    BIST:Data Errors (474,0,0:474/3)
[2022-12-17 16:50:33] INFO     BIST:Header (err 3)
[2022-12-17 16:50:34] ERROR    BIST:Data Errors (3579,0,0:3579/4)
[2022-12-17 16:50:44] INFO     BIST:Header (err 1)
[2022-12-17 16:50:56] INFO     BIST:Header (ok)
[2022-12-17 16:51:08] INFO     BIST:Header (ok)
[2022-12-17 16:51:19] INFO     BIST:Header (ok)
[2022-12-17 16:51:31] INFO     BIST:Header (ok)
[2022-12-17 16:51:43] INFO     BIST:Header (ok)
[2022-12-17 16:51:54] INFO     BIST:Header (ok)
[2022-12-17 16:52:06] INFO     BIST:Header (ok)
[2022-12-17 16:52:17] INFO     BIST:Header (ok)
[2022-12-17 16:52:29] INFO     BIST:Header (ok)
[2022-12-17 16:52:41] INFO     BIST:Header (ok)
[2022-12-17 16:52:52] INFO     BIST:Header (ok)
[2022-12-17 16:53:04] INFO     BIST:Header (ok)
[2022-12-17 16:53:15] INFO     BIST:Header (ok)
[2022-12-17 16:53:27] INFO     BIST:Header (ok)
[2022-12-17 16:53:39] INFO     BIST:Header (ok)
[2022-12-17 16:53:50] INFO     BIST:Header (ok)
[2022-12-17 16:54:02] INFO     BIST:Header (ok)
[2022-12-17 16:54:13] INFO     BIST:Header (ok)
[2022-12-17 16:54:25] INFO     BIST:Header (ok)
[2022-12-17 16:54:37] INFO     BIST:Header (ok)
[2022-12-17 16:54:48] INFO     BIST:Header (ok)
[2022-12-17 16:55:00] INFO     BIST:Header (ok)
[2022-12-17 16:55:12] INFO     BIST:Header (ok)
[2022-12-17 16:55:23] INFO     BIST:Header (ok)
[2022-12-17 16:55:35] INFO     BIST:Header (ok)
[2022-12-17 16:55:46] INFO     BIST:Header (ok)
[2022-12-17 16:55:58] INFO     BIST:Header (ok)
[2022-12-17 16:56:10] INFO     BIST:Header (ok)
[2022-12-17 16:56:21] INFO     BIST:Header (ok)
[2022-12-17 16:56:33] INFO     BIST:Header (ok)
[2022-12-17 16:56:44] INFO     BIST:Header (ok)
[2022-12-17 16:56:56] INFO     BIST:Header (ok)
[2022-12-17 16:57:08] INFO     BIST:Header (ok)
[2022-12-17 16:57:19] INFO     BIST:Header (ok)
[2022-12-17 16:57:31] INFO     BIST:Header (ok)
[2022-12-17 16:57:43] INFO     BIST:Header (ok)
[2022-12-17 16:57:54] INFO     BIST:Header (ok)
[2022-12-17 16:58:06] INFO     BIST:Header (ok)
[2022-12-17 16:58:17] INFO     BIST:Header (ok)
[2022-12-17 16:58:29] INFO     BIST:Header (ok)
[2022-12-17 16:58:41] INFO     BIST:Header (ok)
[2022-12-17 16:58:52] INFO     BIST:Header (ok)
[2022-12-17 16:59:04] INFO     BIST:Header (ok)
[2022-12-17 16:59:15] INFO     BIST:Header (ok)
[2022-12-17 16:59:27] INFO     BIST:Header (ok)
[2022-12-17 16:59:39] INFO     BIST:Header (ok)
[2022-12-17 16:59:50] INFO     BIST:Header (ok)
[2022-12-17 17:00:02] INFO     BIST:Header (ok)
[2022-12-17 17:00:13] INFO     BIST:Header (ok)
[2022-12-17 17:00:25] INFO     BIST:Header (ok)
[2022-12-17 17:00:37] INFO     BIST:Header (ok)
[2022-12-17 17:00:48] INFO     BIST:Header (ok)
[2022-12-17 17:00:57] ERROR    BIST:Data Errors (485,0,0:485/1)
[2022-12-17 17:00:58] ERROR    BIST:Data Errors (474,0,0:474/2)
[2022-12-17 17:01:00] ERROR    BIST:Data Errors (474,0,0:474/3)
[2022-12-17 17:01:00] INFO     BIST:Header (err 3)
[2022-12-17 17:01:01] ERROR    BIST:Data Errors (3682,0,0:3682/4)
[2022-12-17 17:01:12] INFO     BIST:Header (err 1)
[2022-12-17 17:01:23] INFO     BIST:Header (ok)
[2022-12-17 17:01:35] INFO     BIST:Header (ok)
[2022-12-17 17:01:46] INFO     BIST:Header (ok)
[2022-12-17 17:01:58] INFO     BIST:Header (ok)
[2022-12-17 17:02:10] INFO     BIST:Header (ok)
[2022-12-17 17:02:21] INFO     BIST:Header (ok)
[2022-12-17 17:02:33] INFO     BIST:Header (ok)
[2022-12-17 17:02:44] INFO     BIST:Header (ok)
[2022-12-17 17:02:56] INFO     BIST:Header (ok)
[2022-12-17 17:03:08] INFO     BIST:Header (ok)
[2022-12-17 17:03:19] INFO     BIST:Header (ok)
[2022-12-17 17:03:31] INFO     BIST:Header (ok)
[2022-12-17 17:03:42] INFO     BIST:Header (ok)
[2022-12-17 17:03:54] INFO     BIST:Header (ok)
[2022-12-17 17:04:06] INFO     BIST:Header (ok)
[2022-12-17 17:04:17] INFO     BIST:Header (ok)
[2022-12-17 17:04:26] ERROR    BIST:Data Errors (2675,0,0:2675/1)
[2022-12-17 17:04:27] ERROR    BIST:Data Errors (473,0,0:473/2)
[2022-12-17 17:04:29] INFO     BIST:Header (err 2)
[2022-12-17 17:04:30] ERROR    BIST:Data Errors (5082,0,0:5082/1)
[2022-12-17 17:04:41] INFO     BIST:Header (err 1)
[2022-12-17 17:04:52] INFO     BIST:Header (ok)
[2022-12-17 17:05:04] INFO     BIST:Header (ok)
[2022-12-17 17:05:15] INFO     BIST:Header (ok)
[2022-12-17 17:05:27] INFO     BIST:Header (ok)
[2022-12-17 17:05:39] INFO     BIST:Header (ok)
[2022-12-17 17:05:50] INFO     BIST:Header (ok)
[2022-12-17 17:06:02] INFO     BIST:Header (ok)
[2022-12-17 17:06:13] INFO     BIST:Header (ok)
[2022-12-17 17:06:25] INFO     BIST:Header (ok)
[2022-12-17 17:06:37] INFO     BIST:Header (ok)
[2022-12-17 17:06:48] INFO     BIST:Header (ok)
[2022-12-17 17:07:00] INFO     BIST:Header (ok)
[2022-12-17 17:07:11] INFO     BIST:Header (ok)
[2022-12-17 17:07:23] INFO     BIST:Header (ok)
[2022-12-17 17:07:35] INFO     BIST:Header (ok)
[2022-12-17 17:07:46] INFO     BIST:Header (ok)
[2022-12-17 17:07:58] INFO     BIST:Header (ok)
[2022-12-17 17:08:10] INFO     BIST:Header (ok)
[2022-12-17 17:08:21] INFO     BIST:Header (ok)
[2022-12-17 17:08:33] INFO     BIST:Header (ok)
[2022-12-17 17:08:44] INFO     BIST:Header (ok)
[2022-12-17 17:08:56] INFO     BIST:Header (ok)
[2022-12-17 17:09:08] INFO     BIST:Header (ok)
[2022-12-17 17:09:16] ERROR    BIST:Data Errors (3234,0,0:3234/1)
[2022-12-17 17:09:19] ERROR    BIST:Data Errors (474,0,0:474/1)
[2022-12-17 17:09:19] INFO     BIST:Header (err 2)
[2022-12-17 17:09:21] ERROR    BIST:Data Errors (4523,0,0:4523/2)
[2022-12-17 17:09:31] INFO     BIST:Header (err 1)
[2022-12-17 17:09:42] INFO     BIST:Header (ok)
[2022-12-17 17:09:54] INFO     BIST:Header (ok)
[2022-12-17 17:10:06] INFO     BIST:Header (ok)
[2022-12-17 17:10:17] INFO     BIST:Header (ok)
[2022-12-17 17:10:29] INFO     BIST:Header (ok)
[2022-12-17 17:10:40] INFO     BIST:Header (ok)
[2022-12-17 17:10:52] INFO     BIST:Header (ok)
[2022-12-17 17:11:04] INFO     BIST:Header (ok)
[2022-12-17 17:11:15] INFO     BIST:Header (ok)
[2022-12-17 17:11:27] INFO     BIST:Header (ok)
[2022-12-17 17:11:36] ERROR    BIST:Data Errors (31,0,0:31/1)
[2022-12-17 17:11:37] ERROR    BIST:Data Errors (474,0,0:474/2)
[2022-12-17 17:11:39] ERROR    BIST:Data Errors (473,0,0:473/3)
[2022-12-17 17:11:39] INFO     BIST:Header (err 3)
[2022-12-17 17:11:40] ERROR    BIST:Data Errors (4091,0,0:4091/4)
[2022-12-17 17:11:50] INFO     BIST:Header (err 1)
[2022-12-17 17:12:02] INFO     BIST:Header (ok)
[2022-12-17 17:12:13] INFO     BIST:Header (ok)
[2022-12-17 17:12:22] ERROR    BIST:Data Errors (2951,0,0:2951/1)
[2022-12-17 17:12:24] ERROR    BIST:Data Errors (474,0,0:474/2)
[2022-12-17 17:12:25] ERROR    BIST:Data Errors (474,0,0:474/3)
[2022-12-17 17:12:25] INFO     BIST:Header (err 3)
[2022-12-17 17:12:26] ERROR    BIST:Data Errors (1216,0,0:1216/4)
[2022-12-17 17:12:37] INFO     BIST:Header (err 1)
[2022-12-17 17:12:48] INFO     BIST:Header (ok)
[2022-12-17 17:13:00] INFO     BIST:Header (ok)
[2022-12-17 17:13:11] INFO     BIST:Header (ok)
[2022-12-17 17:13:23] INFO     BIST:Header (ok)
[2022-12-17 17:13:35] INFO     BIST:Header (ok)
[2022-12-17 17:13:46] INFO     BIST:Header (ok)
[2022-12-17 17:13:58] INFO     BIST:Header (ok)
[2022-12-17 17:14:10] INFO     BIST:Header (ok)
[2022-12-17 17:14:21] INFO     BIST:Header (ok)
[2022-12-17 17:14:33] INFO     BIST:Header (ok)
[2022-12-17 17:14:44] INFO     BIST:Header (ok)
[2022-12-17 17:14:56] INFO     BIST:Header (ok)
[2022-12-17 17:15:08] INFO     BIST:Header (ok)
[2022-12-17 17:15:19] INFO     BIST:Header (ok)
[2022-12-17 17:15:31] INFO     BIST:Header (ok)
[2022-12-17 17:15:42] INFO     BIST:Header (ok)
[2022-12-17 17:15:54] INFO     BIST:Header (ok)
[2022-12-17 17:16:06] INFO     BIST:Header (ok)
[2022-12-17 17:16:17] INFO     BIST:Header (ok)
[2022-12-17 17:16:29] INFO     BIST:Header (ok)
[2022-12-17 17:16:40] INFO     BIST:Header (ok)
[2022-12-17 17:16:49] ERROR    BIST:Data Errors (25,0,0:25/1)
[2022-12-17 17:16:51] ERROR    BIST:Data Errors (474,0,0:474/2)
[2022-12-17 17:16:52] ERROR    BIST:Data Errors (474,0,0:474/3)
[2022-12-17 17:16:52] INFO     BIST:Header (err 3)
[2022-12-17 17:16:54] ERROR    BIST:Data Errors (4142,0,0:4142/4)
[2022-12-17 17:17:04] INFO     BIST:Header (err 1)
[2022-12-17 17:17:15] INFO     BIST:Header (ok)
[2022-12-17 17:17:27] INFO     BIST:Header (ok)
[2022-12-17 17:17:39] INFO     BIST:Header (ok)
[2022-12-17 17:17:50] INFO     BIST:Header (ok)
[2022-12-17 17:18:02] INFO     BIST:Header (ok)
[2022-12-17 17:18:13] INFO     BIST:Header (ok)
[2022-12-17 17:18:25] INFO     BIST:Header (ok)
[2022-12-17 17:18:37] INFO     BIST:Header (ok)
[2022-12-17 17:18:48] INFO     BIST:Header (ok)
[2022-12-17 17:19:00] INFO     BIST:Header (ok)
[2022-12-17 17:19:11] INFO     BIST:Header (ok)
[2022-12-17 17:19:23] INFO     BIST:Header (ok)
[2022-12-17 17:19:35] INFO     BIST:Header (ok)
[2022-12-17 17:19:46] INFO     BIST:Header (ok)
[2022-12-17 17:19:58] INFO     BIST:Header (ok)
[2022-12-17 17:20:09] INFO     BIST:Header (ok)
[2022-12-17 17:20:21] INFO     BIST:Header (ok)
[2022-12-17 17:20:33] INFO     BIST:Header (ok)
[2022-12-17 17:20:44] INFO     BIST:Header (ok)
[2022-12-17 17:20:56] INFO     BIST:Header (ok)
[2022-12-17 17:21:08] INFO     BIST:Header (ok)
[2022-12-17 17:21:19] INFO     BIST:Header (ok)
[2022-12-17 17:21:31] INFO     BIST:Header (ok)
[2022-12-17 17:21:42] INFO     BIST:Header (ok)
[2022-12-17 17:21:54] INFO     BIST:Header (ok)
[2022-12-17 17:22:06] INFO     BIST:Header (ok)
[2022-12-17 17:22:17] INFO     BIST:Header (ok)
[2022-12-17 17:22:29] INFO     BIST:Header (ok)
[2022-12-17 17:22:40] INFO     BIST:Header (ok)
[2022-12-17 17:22:52] INFO     BIST:Header (ok)
[2022-12-17 17:23:04] INFO     BIST:Header (ok)
[2022-12-17 17:23:15] INFO     BIST:Header (ok)
[2022-12-17 17:23:27] INFO     BIST:Header (ok)
[2022-12-17 17:23:38] INFO     BIST:Header (ok)
[2022-12-17 17:23:50] INFO     BIST:Header (ok)
[2022-12-17 17:24:02] INFO     BIST:Header (ok)
[2022-12-17 17:24:13] INFO     BIST:Header (ok)
[2022-12-17 17:24:25] INFO     BIST:Header (ok)
[2022-12-17 17:24:37] INFO     BIST:Header (ok)
[2022-12-17 17:24:48] INFO     BIST:Header (ok)
[2022-12-17 17:25:00] INFO     BIST:Header (ok)
[2022-12-17 17:25:11] INFO     BIST:Header (ok)
[2022-12-17 17:25:23] INFO     BIST:Header (ok)
[2022-12-17 17:25:35] INFO     BIST:Header (ok)
[2022-12-17 17:25:46] INFO     BIST:Header (ok)
[2022-12-17 17:25:58] INFO     BIST:Header (ok)
[2022-12-17 17:26:09] INFO     BIST:Header (ok)
[2022-12-17 17:26:21] INFO     BIST:Header (ok)
[2022-12-17 17:26:33] INFO     BIST:Header (ok)
[2022-12-17 17:26:44] INFO     BIST:Header (ok)
[2022-12-17 17:26:56] INFO     BIST:Header (ok)
[2022-12-17 17:27:07] INFO     BIST:Header (ok)
[2022-12-17 17:27:16] ERROR    BIST:Data Errors (3972,0,0:3972/1)
[2022-12-17 17:27:19] ERROR    BIST:Data Errors (474,0,0:474/1)
[2022-12-17 17:27:19] INFO     BIST:Header (err 2)
[2022-12-17 17:27:21] ERROR    BIST:Data Errors (4245,0,0:4245/2)
[2022-12-17 17:27:31] INFO     BIST:Header (err 1)
[2022-12-17 17:27:42] INFO     BIST:Header (ok)
[2022-12-17 17:27:54] INFO     BIST:Header (ok)
[2022-12-17 17:28:06] INFO     BIST:Header (ok)
[2022-12-17 17:28:17] INFO     BIST:Header (ok)
[2022-12-17 17:28:29] INFO     BIST:Header (ok)
[2022-12-17 17:28:37] ERROR    BIST:Data Errors (1881,0,0:1881/1)
[2022-12-17 17:28:39] ERROR    BIST:Data Errors (474,0,0:474/2)
[2022-12-17 17:28:40] ERROR    BIST:Data Errors (473,0,0:473/3)
[2022-12-17 17:28:40] INFO     BIST:Header (err 3)
[2022-12-17 17:28:42] ERROR    BIST:Data Errors (2287,0,0:2287/4)
[2022-12-17 17:28:52] INFO     BIST:Header (err 1)
[2022-12-17 17:29:04] INFO     BIST:Header (ok)
[2022-12-17 17:29:15] INFO     BIST:Header (ok)
[2022-12-17 17:29:27] INFO     BIST:Header (ok)
[2022-12-17 17:29:38] INFO     BIST:Header (ok)
[2022-12-17 17:29:50] INFO     BIST:Header (ok)
[2022-12-17 17:30:02] INFO     BIST:Header (ok)
[2022-12-17 17:30:13] INFO     BIST:Header (ok)
[2022-12-17 17:30:25] INFO     BIST:Header (ok)
[2022-12-17 17:30:37] INFO     BIST:Header (ok)
[2022-12-17 17:30:48] INFO     BIST:Header (ok)
[2022-12-17 17:31:00] INFO     BIST:Header (ok)
[2022-12-17 17:31:11] INFO     BIST:Header (ok)
[2022-12-17 17:31:23] INFO     BIST:Header (ok)
[2022-12-17 17:31:35] INFO     BIST:Header (ok)
[2022-12-17 17:31:46] INFO     BIST:Header (ok)
[2022-12-17 17:31:58] INFO     BIST:Header (ok)
[2022-12-17 17:32:09] INFO     BIST:Header (ok)
[2022-12-17 17:32:21] INFO     BIST:Header (ok)
[2022-12-17 17:32:33] INFO     BIST:Header (ok)
[2022-12-17 17:32:44] INFO     BIST:Header (ok)
[2022-12-17 17:32:56] INFO     BIST:Header (ok)
[2022-12-17 17:33:05] ERROR    BIST:Data Errors (2543,0,0:2543/1)
[2022-12-17 17:33:06] ERROR    BIST:Data Errors (474,0,0:474/2)
[2022-12-17 17:33:07] ERROR    BIST:Data Errors (474,0,0:474/3)
[2022-12-17 17:33:07] INFO     BIST:Header (err 3)
[2022-12-17 17:33:09] ERROR    BIST:Data Errors (1117,0,0:1117/4)
[2022-12-17 17:33:19] INFO     BIST:Header (err 1)
[2022-12-17 17:33:31] INFO     BIST:Header (ok)
[2022-12-17 17:33:42] INFO     BIST:Header (ok)
[2022-12-17 17:33:54] INFO     BIST:Header (ok)
[2022-12-17 17:34:06] INFO     BIST:Header (ok)
[2022-12-17 17:34:17] INFO     BIST:Header (ok)
[2022-12-17 17:34:29] INFO     BIST:Header (ok)
[2022-12-17 17:34:40] INFO     BIST:Header (ok)
[2022-12-17 17:34:52] INFO     BIST:Header (ok)
[2022-12-17 17:35:11] ERROR    UART:expect timeout (delay 15s)
[2022-12-17 17:35:11] INFO     STATE:Terminal Recovery State
[2022-12-17 17:35:11] INFO     UART:Serial port /dev/ttyUSB2 closed
[2022-12-17 17:35:14] INFO     UART:Searching for ttyUSB device (Attempt 1)
[2022-12-17 17:35:14] INFO     UART:Found tty device:/dev/ttyUSB2
[2022-12-17 17:35:14] INFO     UART:Serial port /dev/ttyUSB2 open
[2022-12-17 17:35:24] ERROR    UART:expect timeout (delay 10s)
[2022-12-17 17:35:24] INFO     STATE:Reset Recovery State
[2022-12-17 17:35:24] INFO     UARTBONE I ADDR=00001358
[2022-12-17 17:35:24] INFO     Issuing UART bone reset
[2022-12-17 17:35:25] INFO     UARTBONE I ADDR=000001F8
[2022-12-17 17:35:25] INFO     STATE:LiteX Login State
[2022-12-17 17:35:26] INFO     STATE:Start BIST State
[2022-12-17 17:35:26] INFO     STATE:BIST Execution State
[2022-12-17 17:35:26] INFO     BIST:Bad title line (1):8192 1 0 2
[2022-12-17 17:35:26] INFO     BIST:Header (first)
[2022-12-17 17:35:37] INFO     BIST:Header (ok)
[2022-12-17 17:35:49] INFO     BIST:Header (ok)
[2022-12-17 17:36:00] INFO     BIST:Header (ok)
[2022-12-17 17:36:12] INFO     BIST:Header (ok)
[2022-12-17 17:36:24] INFO     BIST:Header (ok)
[2022-12-17 17:36:35] INFO     BIST:Header (ok)
[2022-12-17 17:36:47] INFO     BIST:Header (ok)
[2022-12-17 17:36:58] INFO     BIST:Header (ok)
[2022-12-17 17:37:10] INFO     BIST:Header (ok)
[2022-12-17 17:37:22] INFO     BIST:Header (ok)
[2022-12-17 17:37:33] INFO     BIST:Header (ok)
[2022-12-17 17:37:45] INFO     BIST:Header (ok)
[2022-12-17 17:37:57] INFO     BIST:Header (ok)
[2022-12-17 17:38:08] INFO     BIST:Header (ok)
[2022-12-17 17:38:20] INFO     BIST:Header (ok)
[2022-12-17 17:38:31] INFO     BIST:Header (ok)
[2022-12-17 17:38:43] INFO     BIST:Header (ok)
[2022-12-17 17:38:55] INFO     BIST:Header (ok)
[2022-12-17 17:39:06] INFO     BIST:Header (ok)
[2022-12-17 17:39:18] INFO     BIST:Header (ok)
[2022-12-17 17:39:29] INFO     BIST:Header (ok)
[2022-12-17 17:39:41] INFO     BIST:Header (ok)
[2022-12-17 17:39:53] INFO     BIST:Header (ok)
[2022-12-17 17:40:04] INFO     BIST:Header (ok)
[2022-12-17 17:40:16] INFO     BIST:Header (ok)
[2022-12-17 17:40:27] INFO     BIST:Header (ok)
[2022-12-17 17:40:39] INFO     BIST:Header (ok)
[2022-12-17 17:40:51] INFO     BIST:Header (ok)
[2022-12-17 17:41:02] INFO     BIST:Header (ok)
[2022-12-17 17:41:14] INFO     BIST:Header (ok)
[2022-12-17 17:41:26] INFO     BIST:Header (ok)
[2022-12-17 17:41:37] INFO     BIST:Header (ok)
[2022-12-17 17:41:49] INFO     BIST:Header (ok)
[2022-12-17 17:42:00] INFO     BIST:Header (ok)
[2022-12-17 17:42:12] INFO     BIST:Header (ok)
[2022-12-17 17:42:24] INFO     BIST:Header (ok)
[2022-12-17 17:42:35] INFO     BIST:Header (ok)
[2022-12-17 17:42:47] INFO     BIST:Header (ok)
[2022-12-17 17:42:58] INFO     BIST:Header (ok)
[2022-12-17 17:43:10] INFO     BIST:Header (ok)
[2022-12-17 17:43:22] INFO     BIST:Header (ok)
[2022-12-17 17:43:33] INFO     BIST:Header (ok)
[2022-12-17 17:43:45] INFO     BIST:Header (ok)
[2022-12-17 17:43:56] INFO     BIST:Header (ok)
[2022-12-17 17:44:08] INFO     BIST:Header (ok)
[2022-12-17 17:44:20] INFO     BIST:Header (ok)
[2022-12-17 17:44:31] INFO     BIST:Header (ok)
[2022-12-17 17:44:43] INFO     BIST:Header (ok)
[2022-12-17 17:44:55] INFO     BIST:Header (ok)
[2022-12-17 17:45:06] INFO     BIST:Header (ok)
[2022-12-17 17:45:18] INFO     BIST:Header (ok)
[2022-12-17 17:45:29] INFO     BIST:Header (ok)
[2022-12-17 17:45:41] INFO     BIST:Header (ok)
[2022-12-17 17:45:53] INFO     BIST:Header (ok)
[2022-12-17 17:46:04] INFO     BIST:Header (ok)
[2022-12-17 17:46:16] INFO     BIST:Header (ok)
[2022-12-17 17:46:27] INFO     BIST:Header (ok)
[2022-12-17 17:46:39] INFO     BIST:Header (ok)
[2022-12-17 17:46:51] INFO     BIST:Header (ok)
[2022-12-17 17:47:02] INFO     BIST:Header (ok)
[2022-12-17 17:47:14] INFO     BIST:Header (ok)
[2022-12-17 17:47:25] INFO     BIST:Header (ok)
[2022-12-17 17:47:37] INFO     BIST:Header (ok)
[2022-12-17 17:47:49] INFO     BIST:Header (ok)
[2022-12-17 17:48:00] INFO     BIST:Header (ok)
[2022-12-17 17:48:12] INFO     BIST:Header (ok)
[2022-12-17 17:48:24] INFO     BIST:Header (ok)
[2022-12-17 17:48:35] INFO     BIST:Header (ok)
[2022-12-17 17:48:47] INFO     BIST:Header (ok)
[2022-12-17 17:48:58] INFO     BIST:Header (ok)
[2022-12-17 17:49:10] INFO     BIST:Header (ok)
[2022-12-17 17:49:22] INFO     BIST:Header (ok)
[2022-12-17 17:49:33] INFO     BIST:Header (ok)
[2022-12-17 17:49:45] INFO     BIST:Header (ok)
[2022-12-17 17:49:56] INFO     BIST:Header (ok)
[2022-12-17 17:50:08] INFO     BIST:Header (ok)
[2022-12-17 17:50:20] INFO     BIST:Header (ok)
[2022-12-17 17:50:31] INFO     BIST:Header (ok)
[2022-12-17 17:50:43] INFO     BIST:Header (ok)
[2022-12-17 17:50:54] INFO     BIST:Header (ok)
[2022-12-17 17:51:06] INFO     BIST:Header (ok)
[2022-12-17 17:51:18] INFO     BIST:Header (ok)
[2022-12-17 17:51:29] INFO     BIST:Header (ok)
[2022-12-17 17:51:41] INFO     BIST:Header (ok)
[2022-12-17 17:51:53] INFO     BIST:Header (ok)
[2022-12-17 17:52:04] INFO     BIST:Header (ok)
[2022-12-17 17:52:16] INFO     BIST:Header (ok)
[2022-12-17 17:52:27] INFO     BIST:Header (ok)
[2022-12-17 17:52:39] INFO     BIST:Header (ok)
[2022-12-17 17:52:51] INFO     BIST:Header (ok)
[2022-12-17 17:53:02] INFO     BIST:Header (ok)
[2022-12-17 17:53:14] INFO     BIST:Header (ok)
[2022-12-17 17:53:25] INFO     BIST:Header (ok)
[2022-12-17 17:53:37] INFO     BIST:Header (ok)
[2022-12-17 17:53:49] INFO     BIST:Header (ok)
[2022-12-17 17:54:00] INFO     BIST:Header (ok)
[2022-12-17 17:54:12] INFO     BIST:Header (ok)
[2022-12-17 17:54:23] INFO     BIST:Header (ok)
[2022-12-17 17:54:35] INFO     BIST:Header (ok)
[2022-12-17 17:54:47] INFO     BIST:Header (ok)
[2022-12-17 17:54:58] INFO     BIST:Header (ok)
[2022-12-17 17:55:10] INFO     BIST:Header (ok)
[2022-12-17 17:55:22] INFO     BIST:Header (ok)
[2022-12-17 17:55:33] INFO     BIST:Header (ok)
[2022-12-17 17:55:45] INFO     BIST:Header (ok)
[2022-12-17 17:55:56] INFO     BIST:Header (ok)
[2022-12-17 17:56:08] INFO     BIST:Header (ok)
[2022-12-17 17:56:20] INFO     BIST:Header (ok)
[2022-12-17 17:56:31] INFO     BIST:Header (ok)
[2022-12-17 17:56:43] INFO     BIST:Header (ok)
[2022-12-17 17:56:54] INFO     BIST:Header (ok)
[2022-12-17 17:57:06] INFO     BIST:Header (ok)
[2022-12-17 17:57:18] INFO     BIST:Header (ok)
[2022-12-17 17:57:29] INFO     BIST:Header (ok)
[2022-12-17 17:57:41] INFO     BIST:Header (ok)
[2022-12-17 17:57:53] INFO     BIST:Header (ok)
[2022-12-17 17:58:04] INFO     BIST:Header (ok)
[2022-12-17 17:58:16] INFO     BIST:Header (ok)
[2022-12-17 17:58:27] INFO     BIST:Header (ok)
[2022-12-17 17:58:39] INFO     BIST:Header (ok)
[2022-12-17 17:58:51] INFO     BIST:Header (ok)
[2022-12-17 17:59:02] INFO     BIST:Header (ok)
[2022-12-17 17:59:14] INFO     BIST:Header (ok)
[2022-12-17 17:59:25] INFO     BIST:Header (ok)
[2022-12-17 17:59:37] INFO     BIST:Header (ok)
[2022-12-17 17:59:49] INFO     BIST:Header (ok)
[2022-12-17 18:00:00] INFO     BIST:Header (ok)
[2022-12-17 18:00:12] INFO     BIST:Header (ok)
[2022-12-17 18:00:23] INFO     BIST:Header (ok)
[2022-12-17 18:00:35] INFO     BIST:Header (ok)
[2022-12-17 18:00:47] INFO     BIST:Header (ok)
[2022-12-17 18:00:58] INFO     BIST:Header (ok)
[2022-12-17 18:01:10] INFO     BIST:Header (ok)
[2022-12-17 18:01:22] INFO     BIST:Header (ok)
[2022-12-17 18:01:33] INFO     BIST:Header (ok)
[2022-12-17 18:01:45] INFO     BIST:Header (ok)
[2022-12-17 18:01:56] INFO     BIST:Header (ok)
[2022-12-17 18:02:08] INFO     BIST:Header (ok)
[2022-12-17 18:02:20] INFO     BIST:Header (ok)
[2022-12-17 18:02:31] INFO     BIST:Header (ok)
[2022-12-17 18:02:43] INFO     BIST:Header (ok)
[2022-12-17 18:02:54] INFO     BIST:Header (ok)
[2022-12-17 18:03:06] INFO     BIST:Header (ok)
[2022-12-17 18:03:18] INFO     BIST:Header (ok)
[2022-12-17 18:03:29] INFO     BIST:Header (ok)
[2022-12-17 18:03:41] INFO     BIST:Header (ok)
[2022-12-17 18:03:52] INFO     BIST:Header (ok)
[2022-12-17 18:04:04] INFO     BIST:Header (ok)
[2022-12-17 18:04:16] INFO     BIST:Header (ok)
[2022-12-17 18:04:27] INFO     BIST:Header (ok)
[2022-12-17 18:04:39] INFO     BIST:Header (ok)
[2022-12-17 18:04:51] INFO     BIST:Header (ok)
[2022-12-17 18:05:02] INFO     BIST:Header (ok)
[2022-12-17 18:05:14] INFO     BIST:Header (ok)
[2022-12-17 18:05:25] INFO     BIST:Header (ok)
[2022-12-17 18:05:37] INFO     BIST:Header (ok)
[2022-12-17 18:05:49] INFO     BIST:Header (ok)
[2022-12-17 18:06:00] INFO     BIST:Header (ok)
[2022-12-17 18:06:12] INFO     BIST:Header (ok)
[2022-12-17 18:06:23] INFO     BIST:Header (ok)
[2022-12-17 18:06:35] INFO     BIST:Header (ok)
[2022-12-17 18:06:47] INFO     BIST:Header (ok)
[2022-12-17 18:06:58] INFO     BIST:Header (ok)
[2022-12-17 18:07:10] INFO     BIST:Header (ok)
[2022-12-17 18:07:21] INFO     BIST:Header (ok)
[2022-12-17 18:07:33] INFO     BIST:Header (ok)
[2022-12-17 18:07:45] INFO     BIST:Header (ok)
[2022-12-17 18:07:56] INFO     BIST:Header (ok)
[2022-12-17 18:08:08] INFO     BIST:Header (ok)
[2022-12-17 18:08:20] INFO     BIST:Header (ok)
[2022-12-17 18:08:31] INFO     BIST:Header (ok)
[2022-12-17 18:08:43] INFO     BIST:Header (ok)
[2022-12-17 18:08:54] INFO     BIST:Header (ok)
[2022-12-17 18:09:06] INFO     BIST:Header (ok)
[2022-12-17 18:09:18] INFO     BIST:Header (ok)
[2022-12-17 18:09:29] INFO     BIST:Header (ok)
[2022-12-17 18:09:41] INFO     BIST:Header (ok)
[2022-12-17 18:09:52] INFO     BIST:Header (ok)
[2022-12-17 18:10:04] INFO     BIST:Header (ok)
[2022-12-17 18:10:16] INFO     BIST:Header (ok)
[2022-12-17 18:10:27] INFO     BIST:Header (ok)
[2022-12-17 18:10:39] INFO     BIST:Header (ok)
[2022-12-17 18:10:50] INFO     BIST:Header (ok)
[2022-12-17 18:11:02] INFO     BIST:Header (ok)
[2022-12-17 18:11:14] INFO     BIST:Header (ok)
[2022-12-17 18:11:25] INFO     BIST:Header (ok)
[2022-12-17 18:11:37] INFO     BIST:Header (ok)
[2022-12-17 18:11:49] INFO     BIST:Header (ok)
[2022-12-17 18:12:00] INFO     BIST:Header (ok)
[2022-12-17 18:12:12] INFO     BIST:Header (ok)
[2022-12-17 18:12:23] INFO     BIST:Header (ok)
[2022-12-17 18:12:35] INFO     BIST:Header (ok)
[2022-12-17 18:12:47] INFO     BIST:Header (ok)
[2022-12-17 18:12:58] INFO     BIST:Header (ok)
[2022-12-17 18:13:10] INFO     BIST:Header (ok)
[2022-12-17 18:13:21] INFO     BIST:Header (ok)
[2022-12-17 18:13:33] INFO     BIST:Header (ok)
[2022-12-17 18:13:45] INFO     BIST:Header (ok)
[2022-12-17 18:13:56] INFO     BIST:Header (ok)
[2022-12-17 18:14:08] INFO     BIST:Header (ok)
[2022-12-17 18:14:20] INFO     BIST:Header (ok)
[2022-12-17 18:14:31] INFO     BIST:Header (ok)
[2022-12-17 18:14:43] INFO     BIST:Header (ok)
[2022-12-17 18:14:54] INFO     BIST:Header (ok)
[2022-12-17 18:15:06] INFO     BIST:Header (ok)
[2022-12-17 18:15:18] INFO     BIST:Header (ok)
[2022-12-17 18:15:29] INFO     BIST:Header (ok)
[2022-12-17 18:15:41] INFO     BIST:Header (ok)
[2022-12-17 18:15:52] INFO     BIST:Header (ok)
[2022-12-17 18:16:04] INFO     BIST:Header (ok)
[2022-12-17 18:16:16] INFO     BIST:Header (ok)
[2022-12-17 18:16:27] INFO     BIST:Header (ok)
[2022-12-17 18:16:39] INFO     BIST:Header (ok)
[2022-12-17 18:16:50] INFO     BIST:Header (ok)
[2022-12-17 18:17:02] INFO     BIST:Header (ok)
[2022-12-17 18:17:14] INFO     BIST:Header (ok)
[2022-12-17 18:17:25] INFO     BIST:Header (ok)
[2022-12-17 18:17:37] INFO     BIST:Header (ok)
[2022-12-17 18:17:49] INFO     BIST:Header (ok)
[2022-12-17 18:18:00] INFO     BIST:Header (ok)
[2022-12-17 18:18:12] INFO     BIST:Header (ok)
[2022-12-17 18:18:23] INFO     BIST:Header (ok)
[2022-12-17 18:18:35] INFO     BIST:Header (ok)
[2022-12-17 18:18:47] INFO     BIST:Header (ok)
[2022-12-17 18:18:58] INFO     BIST:Header (ok)
[2022-12-17 18:19:10] INFO     BIST:Header (ok)
[2022-12-17 18:19:21] INFO     BIST:Header (ok)
[2022-12-17 18:19:33] INFO     BIST:Header (ok)
[2022-12-17 18:19:45] INFO     BIST:Header (ok)
[2022-12-17 18:19:56] INFO     BIST:Header (ok)
[2022-12-17 18:20:08] INFO     BIST:Header (ok)
[2022-12-17 18:20:19] INFO     BIST:Header (ok)
[2022-12-17 18:20:31] INFO     BIST:Header (ok)
[2022-12-17 18:20:43] INFO     BIST:Header (ok)
[2022-12-17 18:20:54] INFO     BIST:Header (ok)
[2022-12-17 18:21:06] INFO     BIST:Header (ok)
[2022-12-17 18:21:18] INFO     BIST:Header (ok)
[2022-12-17 18:21:29] INFO     BIST:Header (ok)
[2022-12-17 18:21:41] INFO     BIST:Header (ok)
[2022-12-17 18:21:52] INFO     BIST:Header (ok)
[2022-12-17 18:22:04] INFO     BIST:Header (ok)
[2022-12-17 18:22:16] INFO     BIST:Header (ok)
[2022-12-17 18:22:27] INFO     BIST:Header (ok)
[2022-12-17 18:22:39] INFO     BIST:Header (ok)
[2022-12-17 18:22:50] INFO     BIST:Header (ok)
[2022-12-17 18:23:02] INFO     BIST:Header (ok)
[2022-12-17 18:23:14] INFO     BIST:Header (ok)
[2022-12-17 18:23:25] INFO     BIST:Header (ok)
[2022-12-17 18:23:37] INFO     BIST:Header (ok)
[2022-12-17 18:23:48] INFO     BIST:Header (ok)
[2022-12-17 18:24:00] INFO     BIST:Header (ok)
[2022-12-17 18:24:12] INFO     BIST:Header (ok)
[2022-12-17 18:24:23] INFO     BIST:Header (ok)
[2022-12-17 18:24:35] INFO     BIST:Header (ok)
[2022-12-17 18:24:47] INFO     BIST:Header (ok)
[2022-12-17 18:24:58] INFO     BIST:Header (ok)
[2022-12-17 18:25:10] INFO     BIST:Header (ok)
[2022-12-17 18:25:21] INFO     BIST:Header (ok)
[2022-12-17 18:25:33] INFO     BIST:Header (ok)
[2022-12-17 18:25:45] INFO     BIST:Header (ok)
[2022-12-17 18:25:56] INFO     BIST:Header (ok)
[2022-12-17 18:26:08] INFO     BIST:Header (ok)
[2022-12-17 18:26:19] INFO     BIST:Header (ok)
[2022-12-17 18:26:31] INFO     BIST:Header (ok)
[2022-12-17 18:26:43] INFO     BIST:Header (ok)
[2022-12-17 18:26:54] INFO     BIST:Header (ok)
[2022-12-17 18:27:06] INFO     BIST:Header (ok)
[2022-12-17 18:27:17] INFO     BIST:Header (ok)
[2022-12-17 18:27:29] INFO     BIST:Header (ok)
[2022-12-17 18:27:41] INFO     BIST:Header (ok)
[2022-12-17 18:27:52] INFO     BIST:Header (ok)
[2022-12-17 18:28:04] INFO     BIST:Header (ok)
[2022-12-17 18:28:16] INFO     BIST:Header (ok)
[2022-12-17 18:28:27] INFO     BIST:Header (ok)
[2022-12-17 18:28:39] INFO     BIST:Header (ok)
[2022-12-17 18:28:50] INFO     BIST:Header (ok)
[2022-12-17 18:29:02] INFO     BIST:Header (ok)
[2022-12-17 18:29:14] INFO     BIST:Header (ok)
[2022-12-17 18:29:25] INFO     BIST:Header (ok)
[2022-12-17 18:29:37] INFO     BIST:Header (ok)
[2022-12-17 18:29:48] INFO     BIST:Header (ok)
[2022-12-17 18:30:00] INFO     BIST:Header (ok)
[2022-12-17 18:30:12] INFO     BIST:Header (ok)
[2022-12-17 18:30:23] INFO     BIST:Header (ok)
[2022-12-17 18:30:35] INFO     BIST:Header (ok)
[2022-12-17 18:30:46] INFO     BIST:Header (ok)
[2022-12-17 18:30:58] INFO     BIST:Header (ok)
[2022-12-17 18:31:10] INFO     BIST:Header (ok)
[2022-12-17 18:31:21] INFO     BIST:Header (ok)
[2022-12-17 18:31:33] INFO     BIST:Header (ok)
[2022-12-17 18:31:45] INFO     BIST:Header (ok)
[2022-12-17 18:31:56] INFO     BIST:Header (ok)
[2022-12-17 18:32:08] INFO     BIST:Header (ok)
[2022-12-17 18:32:19] INFO     BIST:Header (ok)
[2022-12-17 18:32:31] INFO     BIST:Header (ok)
[2022-12-17 18:32:43] INFO     BIST:Header (ok)
[2022-12-17 18:32:54] INFO     BIST:Header (ok)
[2022-12-17 18:33:06] INFO     BIST:Header (ok)
[2022-12-17 18:33:17] INFO     BIST:Header (ok)
[2022-12-17 18:33:29] INFO     BIST:Header (ok)
[2022-12-17 18:33:41] INFO     BIST:Header (ok)
[2022-12-17 18:33:52] INFO     BIST:Header (ok)
[2022-12-17 18:34:04] INFO     BIST:Header (ok)
[2022-12-17 18:34:16] INFO     BIST:Header (ok)
[2022-12-17 18:34:27] INFO     BIST:Header (ok)
[2022-12-17 18:34:39] INFO     BIST:Header (ok)
[2022-12-17 18:34:50] INFO     BIST:Header (ok)
[2022-12-17 18:35:02] INFO     BIST:Header (ok)
[2022-12-17 18:35:14] INFO     BIST:Header (ok)
[2022-12-17 18:35:25] INFO     BIST:Header (ok)
[2022-12-17 18:35:37] INFO     BIST:Header (ok)
[2022-12-17 18:35:48] INFO     BIST:Header (ok)
[2022-12-17 18:36:00] INFO     BIST:Header (ok)
[2022-12-17 18:36:12] INFO     BIST:Header (ok)
[2022-12-17 18:36:23] INFO     BIST:Header (ok)
[2022-12-17 18:36:35] INFO     BIST:Header (ok)
[2022-12-17 18:36:46] INFO     BIST:Header (ok)
[2022-12-17 18:36:58] INFO     BIST:Header (ok)
[2022-12-17 18:37:10] INFO     BIST:Header (ok)
[2022-12-17 18:37:21] INFO     BIST:Header (ok)
[2022-12-17 18:37:33] INFO     BIST:Header (ok)
[2022-12-17 18:37:45] INFO     BIST:Header (ok)
[2022-12-17 18:37:56] INFO     BIST:Header (ok)
[2022-12-17 18:38:08] INFO     BIST:Header (ok)
[2022-12-17 18:38:19] INFO     BIST:Header (ok)
[2022-12-17 18:38:31] INFO     BIST:Header (ok)
[2022-12-17 18:38:43] INFO     BIST:Header (ok)
[2022-12-17 18:38:54] INFO     BIST:Header (ok)
[2022-12-17 18:39:06] INFO     BIST:Header (ok)
[2022-12-17 18:39:17] INFO     BIST:Header (ok)
[2022-12-17 18:39:29] INFO     BIST:Header (ok)
[2022-12-17 18:39:41] INFO     BIST:Header (ok)
[2022-12-17 18:39:52] INFO     BIST:Header (ok)
[2022-12-17 18:40:04] INFO     BIST:Header (ok)
[2022-12-17 18:40:15] INFO     BIST:Header (ok)
[2022-12-17 18:40:27] INFO     BIST:Header (ok)
[2022-12-17 18:40:39] INFO     BIST:Header (ok)
[2022-12-17 18:40:50] INFO     BIST:Header (ok)
[2022-12-17 18:41:02] INFO     BIST:Header (ok)
[2022-12-17 18:41:14] INFO     BIST:Header (ok)
[2022-12-17 18:41:25] INFO     BIST:Header (ok)
[2022-12-17 18:41:37] INFO     BIST:Header (ok)
[2022-12-17 18:41:48] INFO     BIST:Header (ok)
[2022-12-17 18:42:00] INFO     BIST:Header (ok)
[2022-12-17 18:42:12] INFO     BIST:Header (ok)
[2022-12-17 18:42:23] INFO     BIST:Header (ok)
[2022-12-17 18:42:35] INFO     BIST:Header (ok)
[2022-12-17 18:42:46] INFO     BIST:Header (ok)
[2022-12-17 18:42:58] INFO     BIST:Header (ok)
[2022-12-17 18:43:10] INFO     BIST:Header (ok)
[2022-12-17 18:43:21] INFO     BIST:Header (ok)
[2022-12-17 18:43:33] INFO     BIST:Header (ok)
[2022-12-17 18:43:44] INFO     BIST:Header (ok)
[2022-12-17 18:43:56] INFO     BIST:Header (ok)
[2022-12-17 18:44:08] INFO     BIST:Header (ok)
[2022-12-17 18:44:19] INFO     BIST:Header (ok)
[2022-12-17 18:44:31] INFO     BIST:Header (ok)
[2022-12-17 18:44:43] INFO     BIST:Header (ok)
[2022-12-17 18:44:54] INFO     BIST:Header (ok)
[2022-12-17 18:45:06] INFO     BIST:Header (ok)
[2022-12-17 18:45:17] INFO     BIST:Header (ok)
[2022-12-17 18:45:29] INFO     BIST:Header (ok)
[2022-12-17 18:45:41] INFO     BIST:Header (ok)
[2022-12-17 18:45:52] INFO     BIST:Header (ok)
[2022-12-17 18:46:04] INFO     BIST:Header (ok)
[2022-12-17 18:46:15] INFO     BIST:Header (ok)
[2022-12-17 18:46:27] INFO     BIST:Header (ok)
[2022-12-17 18:46:39] INFO     BIST:Header (ok)
[2022-12-17 18:46:50] INFO     BIST:Header (ok)
[2022-12-17 18:47:02] INFO     BIST:Header (ok)
[2022-12-17 18:47:13] INFO     BIST:Header (ok)
[2022-12-17 18:47:25] INFO     BIST:Header (ok)
[2022-12-17 18:47:37] INFO     BIST:Header (ok)
[2022-12-17 18:47:48] INFO     BIST:Header (ok)
[2022-12-17 18:48:00] INFO     BIST:Header (ok)
[2022-12-17 18:48:12] INFO     BIST:Header (ok)
[2022-12-17 18:48:23] INFO     BIST:Header (ok)
[2022-12-17 18:48:35] INFO     BIST:Header (ok)
[2022-12-17 18:48:46] INFO     BIST:Header (ok)
[2022-12-17 18:48:58] INFO     BIST:Header (ok)
[2022-12-17 18:49:10] INFO     BIST:Header (ok)
[2022-12-17 18:49:21] INFO     BIST:Header (ok)
[2022-12-17 18:49:33] INFO     BIST:Header (ok)
[2022-12-17 18:49:44] INFO     BIST:Header (ok)
[2022-12-17 18:49:56] INFO     BIST:Header (ok)
[2022-12-17 18:50:08] INFO     BIST:Header (ok)
[2022-12-17 18:50:19] INFO     BIST:Header (ok)
[2022-12-17 18:50:31] INFO     BIST:Header (ok)
[2022-12-17 18:50:43] INFO     BIST:Header (ok)
[2022-12-17 18:50:54] INFO     BIST:Header (ok)
[2022-12-17 18:51:06] INFO     BIST:Header (ok)
[2022-12-17 18:51:17] INFO     BIST:Header (ok)
[2022-12-17 18:51:29] INFO     BIST:Header (ok)
[2022-12-17 18:51:41] INFO     BIST:Header (ok)
[2022-12-17 18:51:52] INFO     BIST:Header (ok)
[2022-12-17 18:52:04] INFO     BIST:Header (ok)
[2022-12-17 18:52:15] INFO     BIST:Header (ok)
[2022-12-17 18:52:27] INFO     BIST:Header (ok)
[2022-12-17 18:52:39] INFO     BIST:Header (ok)
[2022-12-17 18:52:50] INFO     BIST:Header (ok)
[2022-12-17 18:53:02] INFO     BIST:Header (ok)
[2022-12-17 18:53:13] INFO     BIST:Header (ok)
[2022-12-17 18:53:25] INFO     BIST:Header (ok)
[2022-12-17 18:53:37] INFO     BIST:Header (ok)
[2022-12-17 18:53:48] INFO     BIST:Header (ok)
[2022-12-17 18:54:00] INFO     BIST:Header (ok)
[2022-12-17 18:54:12] INFO     BIST:Header (ok)
[2022-12-17 18:54:23] INFO     BIST:Header (ok)
[2022-12-17 18:54:35] INFO     BIST:Header (ok)
[2022-12-17 18:54:46] INFO     BIST:Header (ok)
[2022-12-17 18:54:58] INFO     BIST:Header (ok)
[2022-12-17 18:55:10] INFO     BIST:Header (ok)
[2022-12-17 18:55:21] INFO     BIST:Header (ok)
[2022-12-17 18:55:33] INFO     BIST:Header (ok)
[2022-12-17 18:55:44] INFO     BIST:Header (ok)
[2022-12-17 18:55:56] INFO     BIST:Header (ok)
[2022-12-17 18:56:08] INFO     BIST:Header (ok)
[2022-12-17 18:56:19] INFO     BIST:Header (ok)
[2022-12-17 18:56:31] INFO     BIST:Header (ok)
[2022-12-17 18:56:42] INFO     BIST:Header (ok)
[2022-12-17 18:56:54] INFO     BIST:Header (ok)
[2022-12-17 18:57:06] INFO     BIST:Header (ok)
[2022-12-17 18:57:17] INFO     BIST:Header (ok)
[2022-12-17 18:57:29] INFO     BIST:Header (ok)
[2022-12-17 18:57:41] INFO     BIST:Header (ok)
[2022-12-17 18:57:52] INFO     BIST:Header (ok)
[2022-12-17 18:58:04] INFO     BIST:Header (ok)
[2022-12-17 18:58:15] INFO     BIST:Header (ok)
[2022-12-17 18:58:27] INFO     BIST:Header (ok)
[2022-12-17 18:58:39] INFO     BIST:Header (ok)
[2022-12-17 18:58:50] INFO     BIST:Header (ok)
[2022-12-17 18:59:02] INFO     BIST:Header (ok)
[2022-12-17 18:59:13] INFO     BIST:Header (ok)
[2022-12-17 18:59:25] INFO     BIST:Header (ok)
[2022-12-17 18:59:37] INFO     BIST:Header (ok)
[2022-12-17 18:59:48] INFO     BIST:Header (ok)
[2022-12-17 19:00:00] INFO     BIST:Header (ok)
[2022-12-17 19:00:11] INFO     BIST:Header (ok)
[2022-12-17 19:00:23] INFO     BIST:Header (ok)
[2022-12-17 19:00:35] INFO     BIST:Header (ok)
[2022-12-17 19:00:46] INFO     BIST:Header (ok)
[2022-12-17 19:00:58] INFO     BIST:Header (ok)
[2022-12-17 19:01:10] INFO     BIST:Header (ok)
[2022-12-17 19:01:21] INFO     BIST:Header (ok)
[2022-12-17 19:01:33] INFO     BIST:Header (ok)
[2022-12-17 19:01:44] INFO     BIST:Header (ok)
[2022-12-17 19:01:56] INFO     BIST:Header (ok)
[2022-12-17 19:02:08] INFO     BIST:Header (ok)
[2022-12-17 19:02:19] INFO     BIST:Header (ok)
[2022-12-17 19:02:31] INFO     BIST:Header (ok)
[2022-12-17 19:02:42] INFO     BIST:Header (ok)
[2022-12-17 19:02:54] INFO     BIST:Header (ok)
[2022-12-17 19:03:06] INFO     BIST:Header (ok)
[2022-12-17 19:03:17] INFO     BIST:Header (ok)
[2022-12-17 19:03:29] INFO     BIST:Header (ok)
[2022-12-17 19:03:40] INFO     BIST:Header (ok)
[2022-12-17 19:03:52] INFO     BIST:Header (ok)
[2022-12-17 19:04:04] INFO     BIST:Header (ok)
[2022-12-17 19:04:15] INFO     BIST:Header (ok)
[2022-12-17 19:04:27] INFO     BIST:Header (ok)
[2022-12-17 19:04:39] INFO     BIST:Header (ok)
[2022-12-17 19:04:50] INFO     BIST:Header (ok)
[2022-12-17 19:05:02] INFO     BIST:Header (ok)
[2022-12-17 19:05:13] INFO     BIST:Header (ok)
[2022-12-17 19:05:25] INFO     BIST:Header (ok)
[2022-12-17 19:05:37] INFO     BIST:Header (ok)
[2022-12-17 19:05:48] INFO     BIST:Header (ok)
[2022-12-17 19:06:00] INFO     BIST:Header (ok)
[2022-12-17 19:06:11] INFO     BIST:Header (ok)
[2022-12-17 19:06:23] INFO     BIST:Header (ok)
[2022-12-17 19:06:35] INFO     BIST:Header (ok)
[2022-12-17 19:06:46] INFO     BIST:Header (ok)
[2022-12-17 19:06:58] INFO     BIST:Header (ok)
[2022-12-17 19:07:09] INFO     BIST:Header (ok)
[2022-12-17 19:07:21] INFO     BIST:Header (ok)
[2022-12-17 19:07:33] INFO     BIST:Header (ok)
[2022-12-17 19:07:44] INFO     BIST:Header (ok)
[2022-12-17 19:07:56] INFO     BIST:Header (ok)
[2022-12-17 19:08:08] INFO     BIST:Header (ok)
[2022-12-17 19:08:19] INFO     BIST:Header (ok)
[2022-12-17 19:08:31] INFO     BIST:Header (ok)
[2022-12-17 19:08:42] INFO     BIST:Header (ok)
[2022-12-17 19:08:54] INFO     BIST:Header (ok)
[2022-12-17 19:09:06] INFO     BIST:Header (ok)
[2022-12-17 19:09:17] INFO     BIST:Header (ok)
[2022-12-17 19:09:29] INFO     BIST:Header (ok)
[2022-12-17 19:09:40] INFO     BIST:Header (ok)
[2022-12-17 19:09:52] INFO     BIST:Header (ok)
[2022-12-17 19:10:04] INFO     BIST:Header (ok)
[2022-12-17 19:10:15] INFO     BIST:Header (ok)
[2022-12-17 19:10:27] INFO     BIST:Header (ok)
[2022-12-17 19:10:39] INFO     BIST:Header (ok)
[2022-12-17 19:10:50] INFO     BIST:Header (ok)
[2022-12-17 19:11:02] INFO     BIST:Header (ok)
[2022-12-17 19:11:13] INFO     BIST:Header (ok)
[2022-12-17 19:11:25] INFO     BIST:Header (ok)
[2022-12-17 19:11:37] INFO     BIST:Header (ok)
[2022-12-17 19:11:48] INFO     BIST:Header (ok)
[2022-12-17 19:12:00] INFO     BIST:Header (ok)
[2022-12-17 19:12:11] INFO     BIST:Header (ok)
[2022-12-17 19:12:23] INFO     BIST:Header (ok)
[2022-12-17 19:12:35] INFO     BIST:Header (ok)
[2022-12-17 19:12:46] INFO     BIST:Header (ok)
[2022-12-17 19:12:58] INFO     BIST:Header (ok)
[2022-12-17 19:13:09] INFO     BIST:Header (ok)
[2022-12-17 19:13:21] INFO     BIST:Header (ok)
[2022-12-17 19:13:33] INFO     BIST:Header (ok)
[2022-12-17 19:13:44] INFO     BIST:Header (ok)
[2022-12-17 19:13:56] INFO     BIST:Header (ok)
[2022-12-17 19:14:08] INFO     BIST:Header (ok)
[2022-12-17 19:14:19] INFO     BIST:Header (ok)
[2022-12-17 19:14:31] INFO     BIST:Header (ok)
[2022-12-17 19:14:42] INFO     BIST:Header (ok)
[2022-12-17 19:14:54] INFO     BIST:Header (ok)
[2022-12-17 19:15:06] INFO     BIST:Header (ok)
[2022-12-17 19:15:17] INFO     BIST:Header (ok)
[2022-12-17 19:15:29] INFO     BIST:Header (ok)
[2022-12-17 19:15:40] INFO     BIST:Header (ok)
[2022-12-17 19:15:52] INFO     BIST:Header (ok)
[2022-12-17 19:16:04] INFO     BIST:Header (ok)
[2022-12-17 19:16:15] INFO     BIST:Header (ok)
[2022-12-17 19:16:27] INFO     BIST:Header (ok)
[2022-12-17 19:16:38] INFO     BIST:Header (ok)
[2022-12-17 19:16:50] INFO     BIST:Header (ok)
[2022-12-17 19:17:02] INFO     BIST:Header (ok)
[2022-12-17 19:17:13] INFO     BIST:Header (ok)
[2022-12-17 19:17:25] INFO     BIST:Header (ok)
[2022-12-17 19:17:37] INFO     BIST:Header (ok)
[2022-12-17 19:17:48] INFO     BIST:Header (ok)
[2022-12-17 19:18:00] INFO     BIST:Header (ok)
[2022-12-17 19:18:11] INFO     BIST:Header (ok)
[2022-12-17 19:18:23] INFO     BIST:Header (ok)
[2022-12-17 19:18:35] INFO     BIST:Header (ok)
[2022-12-17 19:18:46] INFO     BIST:Header (ok)
[2022-12-17 19:18:58] INFO     BIST:Header (ok)
[2022-12-17 19:19:09] INFO     BIST:Header (ok)
[2022-12-17 19:19:21] INFO     BIST:Header (ok)
[2022-12-17 19:19:33] INFO     BIST:Header (ok)
[2022-12-17 19:19:44] INFO     BIST:Header (ok)
[2022-12-17 19:19:56] INFO     BIST:Header (ok)
[2022-12-17 19:20:07] INFO     BIST:Header (ok)
[2022-12-17 19:20:19] INFO     BIST:Header (ok)
[2022-12-17 19:20:31] INFO     BIST:Header (ok)
[2022-12-17 19:20:42] INFO     BIST:Header (ok)
[2022-12-17 19:20:54] INFO     BIST:Header (ok)
[2022-12-17 19:21:06] INFO     BIST:Header (ok)
[2022-12-17 19:21:17] INFO     BIST:Header (ok)
[2022-12-17 19:21:29] INFO     BIST:Header (ok)
[2022-12-17 19:21:40] INFO     BIST:Header (ok)
[2022-12-17 19:21:52] INFO     BIST:Header (ok)
[2022-12-17 19:22:04] INFO     BIST:Header (ok)
[2022-12-17 19:22:15] INFO     BIST:Header (ok)
[2022-12-17 19:22:27] INFO     BIST:Header (ok)
[2022-12-17 19:22:38] INFO     BIST:Header (ok)
[2022-12-17 19:22:50] INFO     BIST:Header (ok)
[2022-12-17 19:23:02] INFO     BIST:Header (ok)
[2022-12-17 19:23:13] INFO     BIST:Header (ok)
[2022-12-17 19:23:25] INFO     BIST:Header (ok)
[2022-12-17 19:23:36] INFO     BIST:Header (ok)
[2022-12-17 19:23:48] INFO     BIST:Header (ok)
[2022-12-17 19:24:00] INFO     BIST:Header (ok)
[2022-12-17 19:24:11] INFO     BIST:Header (ok)
[2022-12-17 19:24:23] INFO     BIST:Header (ok)
[2022-12-17 19:24:35] INFO     BIST:Header (ok)
[2022-12-17 19:24:46] INFO     BIST:Header (ok)
[2022-12-17 19:24:58] INFO     BIST:Header (ok)
[2022-12-17 19:25:09] INFO     BIST:Header (ok)
[2022-12-17 19:25:21] INFO     BIST:Header (ok)
[2022-12-17 19:25:33] INFO     BIST:Header (ok)
[2022-12-17 19:25:44] INFO     BIST:Header (ok)
[2022-12-17 19:25:56] INFO     BIST:Header (ok)
[2022-12-17 19:26:07] INFO     BIST:Header (ok)
[2022-12-17 19:26:19] INFO     BIST:Header (ok)
[2022-12-17 19:26:31] INFO     BIST:Header (ok)
[2022-12-17 19:26:42] INFO     BIST:Header (ok)
[2022-12-17 19:26:54] INFO     BIST:Header (ok)
[2022-12-17 19:27:05] INFO     BIST:Header (ok)
[2022-12-17 19:27:17] INFO     BIST:Header (ok)
[2022-12-17 19:27:29] INFO     BIST:Header (ok)
[2022-12-17 19:27:40] INFO     BIST:Header (ok)
[2022-12-17 19:27:52] INFO     BIST:Header (ok)
[2022-12-17 19:28:04] INFO     BIST:Header (ok)
[2022-12-17 19:28:15] INFO     BIST:Header (ok)
[2022-12-17 19:28:27] INFO     BIST:Header (ok)
[2022-12-17 19:28:38] INFO     BIST:Header (ok)
[2022-12-17 19:28:50] INFO     BIST:Header (ok)
[2022-12-17 19:29:02] INFO     BIST:Header (ok)
[2022-12-17 19:29:13] INFO     BIST:Header (ok)
[2022-12-17 19:29:25] INFO     BIST:Header (ok)
[2022-12-17 19:29:36] INFO     BIST:Header (ok)
[2022-12-17 19:29:48] INFO     BIST:Header (ok)
[2022-12-17 19:30:00] INFO     BIST:Header (ok)
[2022-12-17 19:30:11] INFO     BIST:Header (ok)
[2022-12-17 19:30:23] INFO     BIST:Header (ok)
[2022-12-17 19:30:35] INFO     BIST:Header (ok)
[2022-12-17 19:30:46] INFO     BIST:Header (ok)
[2022-12-17 19:30:58] INFO     BIST:Header (ok)
[2022-12-17 19:31:09] INFO     BIST:Header (ok)
[2022-12-17 19:31:21] INFO     BIST:Header (ok)
[2022-12-17 19:31:33] INFO     BIST:Header (ok)
[2022-12-17 19:31:44] INFO     BIST:Header (ok)
[2022-12-17 19:31:56] INFO     BIST:Header (ok)
[2022-12-17 19:32:07] INFO     BIST:Header (ok)
[2022-12-17 19:32:19] INFO     BIST:Header (ok)
[2022-12-17 19:32:31] INFO     BIST:Header (ok)
[2022-12-17 19:32:42] INFO     BIST:Header (ok)
[2022-12-17 19:32:54] INFO     BIST:Header (ok)
[2022-12-17 19:33:05] INFO     BIST:Header (ok)
[2022-12-17 19:33:17] INFO     BIST:Header (ok)
[2022-12-17 19:33:29] INFO     BIST:Header (ok)
[2022-12-17 19:33:40] INFO     BIST:Header (ok)
[2022-12-17 19:33:52] INFO     BIST:Header (ok)
[2022-12-17 19:34:04] INFO     BIST:Header (ok)
[2022-12-17 19:34:15] INFO     BIST:Header (ok)
[2022-12-17 19:34:27] INFO     BIST:Header (ok)
[2022-12-17 19:34:38] INFO     BIST:Header (ok)
[2022-12-17 19:34:50] INFO     BIST:Header (ok)
[2022-12-17 19:35:02] INFO     BIST:Header (ok)
[2022-12-17 19:35:13] INFO     BIST:Header (ok)
[2022-12-17 19:35:25] INFO     BIST:Header (ok)
[2022-12-17 19:35:36] INFO     BIST:Header (ok)
[2022-12-17 19:35:48] INFO     BIST:Header (ok)
[2022-12-17 19:36:00] INFO     BIST:Header (ok)
[2022-12-17 19:36:11] INFO     BIST:Header (ok)
[2022-12-17 19:36:23] INFO     BIST:Header (ok)
[2022-12-17 19:36:34] INFO     BIST:Header (ok)
[2022-12-17 19:36:46] INFO     BIST:Header (ok)
[2022-12-17 19:36:58] INFO     BIST:Header (ok)
[2022-12-17 19:37:09] INFO     BIST:Header (ok)
[2022-12-17 19:37:21] INFO     BIST:Header (ok)
[2022-12-17 19:37:33] INFO     BIST:Header (ok)
[2022-12-17 19:37:44] INFO     BIST:Header (ok)
[2022-12-17 19:37:56] INFO     BIST:Header (ok)
[2022-12-17 19:38:07] INFO     BIST:Header (ok)
[2022-12-17 19:38:19] INFO     BIST:Header (ok)
[2022-12-17 19:38:31] INFO     BIST:Header (ok)
[2022-12-17 19:38:42] INFO     BIST:Header (ok)
[2022-12-17 19:38:54] INFO     BIST:Header (ok)
[2022-12-17 19:39:05] INFO     BIST:Header (ok)
[2022-12-17 19:39:17] INFO     BIST:Header (ok)
[2022-12-17 19:39:29] INFO     BIST:Header (ok)
[2022-12-17 19:39:40] INFO     BIST:Header (ok)
[2022-12-17 19:39:52] INFO     BIST:Header (ok)
[2022-12-17 19:40:03] INFO     BIST:Header (ok)
[2022-12-17 19:40:15] INFO     BIST:Header (ok)
[2022-12-17 19:40:27] INFO     BIST:Header (ok)
[2022-12-17 19:40:38] INFO     BIST:Header (ok)
[2022-12-17 19:40:50] INFO     BIST:Header (ok)
[2022-12-17 19:41:02] INFO     BIST:Header (ok)
[2022-12-17 19:41:13] INFO     BIST:Header (ok)
[2022-12-17 19:41:25] INFO     BIST:Header (ok)
[2022-12-17 19:41:36] INFO     BIST:Header (ok)
[2022-12-17 19:41:48] INFO     BIST:Header (ok)
[2022-12-17 19:42:00] INFO     BIST:Header (ok)
[2022-12-17 19:42:11] INFO     BIST:Header (ok)
[2022-12-17 19:42:23] INFO     BIST:Header (ok)
[2022-12-17 19:42:34] INFO     BIST:Header (ok)
[2022-12-17 19:42:46] INFO     BIST:Header (ok)
[2022-12-17 19:42:58] INFO     BIST:Header (ok)
[2022-12-17 19:43:09] INFO     BIST:Header (ok)
[2022-12-17 19:43:21] INFO     BIST:Header (ok)
[2022-12-17 19:43:32] INFO     BIST:Header (ok)
[2022-12-17 19:43:44] INFO     BIST:Header (ok)
[2022-12-17 19:43:56] INFO     BIST:Header (ok)
[2022-12-17 19:44:07] INFO     BIST:Header (ok)
[2022-12-17 19:44:19] INFO     BIST:Header (ok)
[2022-12-17 19:44:31] INFO     BIST:Header (ok)
[2022-12-17 19:44:42] INFO     BIST:Header (ok)
[2022-12-17 19:44:54] INFO     BIST:Header (ok)
[2022-12-17 19:45:05] INFO     BIST:Header (ok)
[2022-12-17 19:45:17] INFO     BIST:Header (ok)
[2022-12-17 19:45:29] INFO     BIST:Header (ok)
[2022-12-17 19:45:40] INFO     BIST:Header (ok)
[2022-12-17 19:45:52] INFO     BIST:Header (ok)
[2022-12-17 19:46:03] INFO     BIST:Header (ok)
[2022-12-17 19:46:15] INFO     BIST:Header (ok)
[2022-12-17 19:46:27] INFO     BIST:Header (ok)
[2022-12-17 19:46:38] INFO     BIST:Header (ok)
[2022-12-17 19:46:50] INFO     BIST:Header (ok)
[2022-12-17 19:47:02] INFO     BIST:Header (ok)
[2022-12-17 19:47:13] INFO     BIST:Header (ok)
[2022-12-17 19:47:25] INFO     BIST:Header (ok)
[2022-12-17 19:47:36] INFO     BIST:Header (ok)
[2022-12-17 19:47:48] INFO     BIST:Header (ok)
[2022-12-17 19:48:00] INFO     BIST:Header (ok)
[2022-12-17 19:48:11] INFO     BIST:Header (ok)
[2022-12-17 19:48:23] INFO     BIST:Header (ok)
[2022-12-17 19:48:34] INFO     BIST:Header (ok)
[2022-12-17 19:48:46] INFO     BIST:Header (ok)
[2022-12-17 19:48:58] INFO     BIST:Header (ok)
[2022-12-17 19:49:09] INFO     BIST:Header (ok)
[2022-12-17 19:49:21] INFO     BIST:Header (ok)
[2022-12-17 19:49:32] INFO     BIST:Header (ok)
[2022-12-17 19:49:44] INFO     BIST:Header (ok)
[2022-12-17 19:49:56] INFO     BIST:Header (ok)
[2022-12-17 19:50:07] INFO     BIST:Header (ok)
[2022-12-17 19:50:19] INFO     BIST:Header (ok)
[2022-12-17 19:50:31] INFO     BIST:Header (ok)
[2022-12-17 19:50:42] INFO     BIST:Header (ok)
[2022-12-17 19:50:54] INFO     BIST:Header (ok)
[2022-12-17 19:51:05] INFO     BIST:Header (ok)
[2022-12-17 19:51:17] INFO     BIST:Header (ok)
[2022-12-17 19:51:29] INFO     BIST:Header (ok)
[2022-12-17 19:51:40] INFO     BIST:Header (ok)
[2022-12-17 19:51:52] INFO     BIST:Header (ok)
[2022-12-17 19:52:03] INFO     BIST:Header (ok)
[2022-12-17 19:52:15] INFO     BIST:Header (ok)
[2022-12-17 19:52:27] INFO     BIST:Header (ok)
[2022-12-17 19:52:38] INFO     BIST:Header (ok)
[2022-12-17 19:52:50] INFO     BIST:Header (ok)
[2022-12-17 19:53:01] INFO     BIST:Header (ok)
[2022-12-17 19:53:13] INFO     BIST:Header (ok)
[2022-12-17 19:53:25] INFO     BIST:Header (ok)
[2022-12-17 19:53:36] INFO     BIST:Header (ok)
[2022-12-17 19:53:48] INFO     BIST:Header (ok)
[2022-12-17 19:54:00] INFO     BIST:Header (ok)
[2022-12-17 19:54:11] INFO     BIST:Header (ok)
[2022-12-17 19:54:23] INFO     BIST:Header (ok)
[2022-12-17 19:54:34] INFO     BIST:Header (ok)
[2022-12-17 19:54:46] INFO     BIST:Header (ok)
[2022-12-17 19:54:58] INFO     BIST:Header (ok)
[2022-12-17 19:55:09] INFO     BIST:Header (ok)
[2022-12-17 19:55:21] INFO     BIST:Header (ok)
[2022-12-17 19:55:32] INFO     BIST:Header (ok)
[2022-12-17 19:55:44] INFO     BIST:Header (ok)
[2022-12-17 19:55:56] INFO     BIST:Header (ok)
[2022-12-17 19:56:07] INFO     BIST:Header (ok)
[2022-12-17 19:56:19] INFO     BIST:Header (ok)
[2022-12-17 19:56:30] INFO     BIST:Header (ok)
[2022-12-17 19:56:42] INFO     BIST:Header (ok)
[2022-12-17 19:56:54] INFO     BIST:Header (ok)
[2022-12-17 19:57:05] INFO     BIST:Header (ok)
[2022-12-17 19:57:17] INFO     BIST:Header (ok)
[2022-12-17 19:57:29] INFO     BIST:Header (ok)
[2022-12-17 19:57:40] INFO     BIST:Header (ok)
[2022-12-17 19:57:52] INFO     BIST:Header (ok)
[2022-12-17 19:58:03] INFO     BIST:Header (ok)
[2022-12-17 19:58:15] INFO     BIST:Header (ok)
[2022-12-17 19:58:27] INFO     BIST:Header (ok)
[2022-12-17 19:58:38] INFO     BIST:Header (ok)
[2022-12-17 19:58:50] INFO     BIST:Header (ok)
[2022-12-17 19:59:01] INFO     BIST:Header (ok)
[2022-12-17 19:59:13] INFO     BIST:Header (ok)
[2022-12-17 19:59:25] INFO     BIST:Header (ok)
[2022-12-17 19:59:36] INFO     BIST:Header (ok)
[2022-12-17 19:59:48] INFO     BIST:Header (ok)
[2022-12-17 19:59:59] INFO     BIST:Header (ok)
[2022-12-17 20:00:11] INFO     BIST:Header (ok)
[2022-12-17 20:00:23] INFO     BIST:Header (ok)
[2022-12-17 20:00:34] INFO     BIST:Header (ok)
[2022-12-17 20:00:46] INFO     BIST:Header (ok)
[2022-12-17 20:00:58] INFO     BIST:Header (ok)
[2022-12-17 20:01:09] INFO     BIST:Header (ok)
[2022-12-17 20:01:21] INFO     BIST:Header (ok)
[2022-12-17 20:01:32] INFO     BIST:Header (ok)
[2022-12-17 20:01:44] INFO     BIST:Header (ok)
[2022-12-17 20:01:56] INFO     BIST:Header (ok)
[2022-12-17 20:02:07] INFO     BIST:Header (ok)
[2022-12-17 20:02:19] INFO     BIST:Header (ok)
[2022-12-17 20:02:30] INFO     BIST:Header (ok)
[2022-12-17 20:02:42] INFO     BIST:Header (ok)
[2022-12-17 20:02:54] INFO     BIST:Header (ok)
[2022-12-17 20:03:05] INFO     BIST:Header (ok)
[2022-12-17 20:03:17] INFO     BIST:Header (ok)
[2022-12-17 20:03:28] INFO     BIST:Header (ok)
[2022-12-17 20:03:40] INFO     BIST:Header (ok)
[2022-12-17 20:03:52] INFO     BIST:Header (ok)
[2022-12-17 20:04:03] INFO     BIST:Header (ok)
[2022-12-17 20:04:15] INFO     BIST:Header (ok)
[2022-12-17 20:04:27] INFO     BIST:Header (ok)
[2022-12-17 20:04:38] INFO     BIST:Header (ok)
[2022-12-17 20:04:50] INFO     BIST:Header (ok)
[2022-12-17 20:05:01] INFO     BIST:Header (ok)
[2022-12-17 20:05:13] INFO     BIST:Header (ok)
[2022-12-17 20:05:25] INFO     BIST:Header (ok)
[2022-12-17 20:05:36] INFO     BIST:Header (ok)
[2022-12-17 20:05:48] INFO     BIST:Header (ok)
[2022-12-17 20:05:59] INFO     BIST:Header (ok)
[2022-12-17 20:06:11] INFO     BIST:Header (ok)
[2022-12-17 20:06:23] INFO     BIST:Header (ok)
[2022-12-17 20:06:34] INFO     BIST:Header (ok)
[2022-12-17 20:06:46] INFO     BIST:Header (ok)
[2022-12-17 20:06:58] INFO     BIST:Header (ok)
[2022-12-17 20:07:09] INFO     BIST:Header (ok)
[2022-12-17 20:07:21] INFO     BIST:Header (ok)
[2022-12-17 20:07:32] INFO     BIST:Header (ok)
[2022-12-17 20:07:44] INFO     BIST:Header (ok)
[2022-12-17 20:07:56] INFO     BIST:Header (ok)
[2022-12-17 20:08:07] INFO     BIST:Header (ok)
[2022-12-17 20:08:19] INFO     BIST:Header (ok)
[2022-12-17 20:08:30] INFO     BIST:Header (ok)
[2022-12-17 20:08:42] INFO     BIST:Header (ok)
[2022-12-17 20:08:54] INFO     BIST:Header (ok)
[2022-12-17 20:09:05] INFO     BIST:Header (ok)
[2022-12-17 20:09:17] INFO     BIST:Header (ok)
[2022-12-17 20:09:28] INFO     BIST:Header (ok)
[2022-12-17 20:09:40] INFO     BIST:Header (ok)
[2022-12-17 20:09:52] INFO     BIST:Header (ok)
[2022-12-17 20:10:03] INFO     BIST:Header (ok)
[2022-12-17 20:10:15] INFO     BIST:Header (ok)
[2022-12-17 20:10:27] INFO     BIST:Header (ok)
[2022-12-17 20:10:38] INFO     BIST:Header (ok)
[2022-12-17 20:10:50] INFO     BIST:Header (ok)
[2022-12-17 20:11:01] INFO     BIST:Header (ok)
[2022-12-17 20:11:13] INFO     BIST:Header (ok)
[2022-12-17 20:11:25] INFO     BIST:Header (ok)
[2022-12-17 20:11:36] INFO     BIST:Header (ok)
[2022-12-17 20:11:48] INFO     BIST:Header (ok)
[2022-12-17 20:11:59] INFO     BIST:Header (ok)
[2022-12-17 20:12:11] INFO     BIST:Header (ok)
[2022-12-17 20:12:23] INFO     BIST:Header (ok)
[2022-12-17 20:12:34] INFO     BIST:Header (ok)
[2022-12-17 20:12:46] INFO     BIST:Header (ok)
[2022-12-17 20:12:57] INFO     BIST:Header (ok)
[2022-12-17 20:13:09] INFO     BIST:Header (ok)
[2022-12-17 20:13:21] INFO     BIST:Header (ok)
[2022-12-17 20:13:32] INFO     BIST:Header (ok)
[2022-12-17 20:13:44] INFO     BIST:Header (ok)
[2022-12-17 20:13:56] INFO     BIST:Header (ok)
[2022-12-17 20:14:07] INFO     BIST:Header (ok)
[2022-12-17 20:14:19] INFO     BIST:Header (ok)
[2022-12-17 20:14:30] INFO     BIST:Header (ok)
[2022-12-17 20:14:42] INFO     BIST:Header (ok)
[2022-12-17 20:14:54] INFO     BIST:Header (ok)
[2022-12-17 20:15:05] INFO     BIST:Header (ok)
[2022-12-17 20:15:17] INFO     BIST:Header (ok)
[2022-12-17 20:15:28] INFO     BIST:Header (ok)
[2022-12-17 20:15:40] INFO     BIST:Header (ok)
[2022-12-17 20:15:52] INFO     BIST:Header (ok)
[2022-12-17 20:16:03] INFO     BIST:Header (ok)
[2022-12-17 20:16:15] INFO     BIST:Header (ok)
[2022-12-17 20:16:26] INFO     BIST:Header (ok)
[2022-12-17 20:16:38] INFO     BIST:Header (ok)
[2022-12-17 20:16:50] INFO     BIST:Header (ok)
[2022-12-17 20:17:01] INFO     BIST:Header (ok)
[2022-12-17 20:17:13] INFO     BIST:Header (ok)
[2022-12-17 20:17:25] INFO     BIST:Header (ok)
[2022-12-17 20:17:36] INFO     BIST:Header (ok)
[2022-12-17 20:17:48] INFO     BIST:Header (ok)
[2022-12-17 20:17:59] INFO     BIST:Header (ok)
[2022-12-17 20:18:11] INFO     BIST:Header (ok)
[2022-12-17 20:18:23] INFO     BIST:Header (ok)
[2022-12-17 20:18:34] INFO     BIST:Header (ok)
[2022-12-17 20:18:46] INFO     BIST:Header (ok)
[2022-12-17 20:18:57] INFO     BIST:Header (ok)
[2022-12-17 20:19:09] INFO     BIST:Header (ok)
[2022-12-17 20:19:21] INFO     BIST:Header (ok)
[2022-12-17 20:19:32] INFO     BIST:Header (ok)
[2022-12-17 20:19:44] INFO     BIST:Header (ok)
[2022-12-17 20:19:55] INFO     BIST:Header (ok)
[2022-12-17 20:20:07] INFO     BIST:Header (ok)
[2022-12-17 20:20:19] INFO     BIST:Header (ok)
[2022-12-17 20:20:30] INFO     BIST:Header (ok)
[2022-12-17 20:20:42] INFO     BIST:Header (ok)
[2022-12-17 20:20:54] INFO     BIST:Header (ok)
[2022-12-17 20:21:05] INFO     BIST:Header (ok)
[2022-12-17 20:21:17] INFO     BIST:Header (ok)
[2022-12-17 20:21:28] INFO     BIST:Header (ok)
[2022-12-17 20:21:40] INFO     BIST:Header (ok)
[2022-12-17 20:21:52] INFO     BIST:Header (ok)
[2022-12-17 20:22:03] INFO     BIST:Header (ok)
[2022-12-17 20:22:15] INFO     BIST:Header (ok)
[2022-12-17 20:22:26] INFO     BIST:Header (ok)
[2022-12-17 20:22:38] INFO     BIST:Header (ok)
[2022-12-17 20:22:50] INFO     BIST:Header (ok)
[2022-12-17 20:23:01] INFO     BIST:Header (ok)
[2022-12-17 20:23:13] INFO     BIST:Header (ok)
[2022-12-17 20:23:25] INFO     BIST:Header (ok)
[2022-12-17 20:23:36] INFO     BIST:Header (ok)
[2022-12-17 20:23:48] INFO     BIST:Header (ok)
[2022-12-17 20:23:59] INFO     BIST:Header (ok)
[2022-12-17 20:24:11] INFO     BIST:Header (ok)
[2022-12-17 20:24:23] INFO     BIST:Header (ok)
[2022-12-17 20:24:34] INFO     BIST:Header (ok)
[2022-12-17 20:24:46] INFO     BIST:Header (ok)
[2022-12-17 20:24:57] INFO     BIST:Header (ok)
[2022-12-17 20:25:09] INFO     BIST:Header (ok)
[2022-12-17 20:25:21] INFO     BIST:Header (ok)
[2022-12-17 20:25:32] INFO     BIST:Header (ok)
[2022-12-17 20:25:44] INFO     BIST:Header (ok)
[2022-12-17 20:25:55] INFO     BIST:Header (ok)
[2022-12-17 20:26:07] INFO     BIST:Header (ok)
[2022-12-17 20:26:19] INFO     BIST:Header (ok)
[2022-12-17 20:26:30] INFO     BIST:Header (ok)
[2022-12-17 20:26:42] INFO     BIST:Header (ok)
[2022-12-17 20:26:54] INFO     BIST:Header (ok)
[2022-12-17 20:27:05] INFO     BIST:Header (ok)
[2022-12-17 20:27:17] INFO     BIST:Header (ok)
[2022-12-17 20:27:28] INFO     BIST:Header (ok)
[2022-12-17 20:27:40] INFO     BIST:Header (ok)
[2022-12-17 20:27:52] INFO     BIST:Header (ok)
[2022-12-17 20:28:03] INFO     BIST:Header (ok)
[2022-12-17 20:28:15] INFO     BIST:Header (ok)
[2022-12-17 20:28:26] INFO     BIST:Header (ok)
[2022-12-17 20:28:38] INFO     BIST:Header (ok)
[2022-12-17 20:28:50] INFO     BIST:Header (ok)
[2022-12-17 20:29:01] INFO     BIST:Header (ok)
[2022-12-17 20:29:13] INFO     BIST:Header (ok)
[2022-12-17 20:29:24] INFO     BIST:Header (ok)
[2022-12-17 20:29:36] INFO     BIST:Header (ok)
[2022-12-17 20:29:48] INFO     BIST:Header (ok)
[2022-12-17 20:29:59] INFO     BIST:Header (ok)
[2022-12-17 20:30:11] INFO     BIST:Header (ok)
[2022-12-17 20:30:23] INFO     BIST:Header (ok)
[2022-12-17 20:30:34] INFO     BIST:Header (ok)
[2022-12-17 20:30:46] INFO     BIST:Header (ok)
[2022-12-17 20:30:57] INFO     BIST:Header (ok)
[2022-12-17 20:31:09] INFO     BIST:Header (ok)
[2022-12-17 20:31:21] INFO     BIST:Header (ok)
[2022-12-17 20:31:32] INFO     BIST:Header (ok)
[2022-12-17 20:31:44] INFO     BIST:Header (ok)
[2022-12-17 20:31:55] INFO     BIST:Header (ok)
[2022-12-17 20:32:07] INFO     BIST:Header (ok)
[2022-12-17 20:32:19] INFO     BIST:Header (ok)
[2022-12-17 20:32:30] INFO     BIST:Header (ok)
[2022-12-17 20:32:42] INFO     BIST:Header (ok)
[2022-12-17 20:32:53] INFO     BIST:Header (ok)
[2022-12-17 20:33:05] INFO     BIST:Header (ok)
[2022-12-17 20:33:17] INFO     BIST:Header (ok)
[2022-12-17 20:33:28] INFO     BIST:Header (ok)
[2022-12-17 20:33:40] INFO     BIST:Header (ok)
[2022-12-17 20:33:52] INFO     BIST:Header (ok)
[2022-12-17 20:34:03] INFO     BIST:Header (ok)
[2022-12-17 20:34:15] INFO     BIST:Header (ok)
[2022-12-17 20:34:26] INFO     BIST:Header (ok)
[2022-12-17 20:34:38] INFO     BIST:Header (ok)
[2022-12-17 20:34:50] INFO     BIST:Header (ok)
[2022-12-17 20:35:01] INFO     BIST:Header (ok)
[2022-12-17 20:35:13] INFO     BIST:Header (ok)
[2022-12-17 20:35:24] INFO     BIST:Header (ok)
[2022-12-17 20:35:36] INFO     BIST:Header (ok)
[2022-12-17 20:35:48] INFO     BIST:Header (ok)
[2022-12-17 20:35:59] INFO     BIST:Header (ok)
[2022-12-17 20:36:11] INFO     BIST:Header (ok)
[2022-12-17 20:36:22] INFO     BIST:Header (ok)
[2022-12-17 20:36:34] INFO     BIST:Header (ok)
[2022-12-17 20:36:46] INFO     BIST:Header (ok)
[2022-12-17 20:36:57] INFO     BIST:Header (ok)
[2022-12-17 20:37:09] INFO     BIST:Header (ok)
[2022-12-17 20:37:21] INFO     BIST:Header (ok)
[2022-12-17 20:37:32] INFO     BIST:Header (ok)
[2022-12-17 20:37:44] INFO     BIST:Header (ok)
[2022-12-17 20:37:55] INFO     BIST:Header (ok)
[2022-12-17 20:38:07] INFO     BIST:Header (ok)
[2022-12-17 20:38:19] INFO     BIST:Header (ok)
[2022-12-17 20:38:30] INFO     BIST:Header (ok)
[2022-12-17 20:38:42] INFO     BIST:Header (ok)
[2022-12-17 20:38:53] INFO     BIST:Header (ok)
[2022-12-17 20:39:05] INFO     BIST:Header (ok)
[2022-12-17 20:39:17] INFO     BIST:Header (ok)
[2022-12-17 20:39:28] INFO     BIST:Header (ok)
[2022-12-17 20:39:40] INFO     BIST:Header (ok)
[2022-12-17 20:39:51] INFO     BIST:Header (ok)
[2022-12-17 20:40:03] INFO     BIST:Header (ok)
[2022-12-17 20:40:15] INFO     BIST:Header (ok)
[2022-12-17 20:40:26] INFO     BIST:Header (ok)
[2022-12-17 20:40:38] INFO     BIST:Header (ok)
[2022-12-17 20:40:50] INFO     BIST:Header (ok)
[2022-12-17 20:41:01] INFO     BIST:Header (ok)
[2022-12-17 20:41:13] INFO     BIST:Header (ok)
[2022-12-17 20:41:24] INFO     BIST:Header (ok)
[2022-12-17 20:41:36] INFO     BIST:Header (ok)
[2022-12-17 20:41:48] INFO     BIST:Header (ok)
[2022-12-17 20:41:59] INFO     BIST:Header (ok)
[2022-12-17 20:42:11] INFO     BIST:Header (ok)
[2022-12-17 20:42:22] INFO     BIST:Header (ok)
[2022-12-17 20:42:34] INFO     BIST:Header (ok)
[2022-12-17 20:42:46] INFO     BIST:Header (ok)
[2022-12-17 20:42:57] INFO     BIST:Header (ok)
[2022-12-17 20:43:09] INFO     BIST:Header (ok)
[2022-12-17 20:43:21] INFO     BIST:Header (ok)
[2022-12-17 20:43:32] INFO     BIST:Header (ok)
[2022-12-17 20:43:44] INFO     BIST:Header (ok)
[2022-12-17 20:43:55] INFO     BIST:Header (ok)
[2022-12-17 20:44:08] ERROR    BIST:Data Errors (3523,0,0:3523/1)
[2022-12-17 20:44:10] ERROR    BIST:Data Errors (474,0,0:474/2)
[2022-12-17 20:44:13] ERROR    BIST:Data Errors (474,0,0:474/1)
[2022-12-17 20:44:14] ERROR    BIST:Data Errors (474,0,0:474/2)
[2022-12-17 20:44:14] INFO     BIST:Header (err 4)
[2022-12-17 20:44:16] ERROR    BIST:Data Errors (5033,0,0:5033/3)
[2022-12-17 20:44:26] INFO     BIST:Header (err 1)
[2022-12-17 20:44:37] INFO     BIST:Header (ok)
[2022-12-17 20:44:49] INFO     BIST:Header (ok)
[2022-12-17 20:45:01] INFO     BIST:Header (ok)
[2022-12-17 20:45:12] INFO     BIST:Header (ok)
[2022-12-17 20:45:24] INFO     BIST:Header (ok)
[2022-12-17 20:45:35] INFO     BIST:Header (ok)
[2022-12-17 20:45:47] INFO     BIST:Header (ok)
[2022-12-17 20:45:59] INFO     BIST:Header (ok)
[2022-12-17 20:46:10] INFO     BIST:Header (ok)
[2022-12-17 20:46:22] INFO     BIST:Header (ok)
[2022-12-17 20:46:33] INFO     BIST:Header (ok)
[2022-12-17 20:46:45] INFO     BIST:Header (ok)
[2022-12-17 20:46:57] INFO     BIST:Header (ok)
[2022-12-17 20:47:08] INFO     BIST:Header (ok)
[2022-12-17 20:47:20] INFO     BIST:Header (ok)
[2022-12-17 20:47:32] INFO     BIST:Header (ok)
[2022-12-17 20:47:43] INFO     BIST:Header (ok)
[2022-12-17 20:47:55] INFO     BIST:Header (ok)
[2022-12-17 20:48:06] INFO     BIST:Header (ok)
[2022-12-17 20:48:18] INFO     BIST:Header (ok)
[2022-12-17 20:48:30] INFO     BIST:Header (ok)
[2022-12-17 20:48:41] INFO     BIST:Header (ok)
[2022-12-17 20:48:53] INFO     BIST:Header (ok)
[2022-12-17 20:49:04] INFO     BIST:Header (ok)
[2022-12-17 20:49:16] INFO     BIST:Header (ok)
[2022-12-17 20:49:28] INFO     BIST:Header (ok)
[2022-12-17 20:49:39] INFO     BIST:Header (ok)
[2022-12-17 20:49:51] INFO     BIST:Header (ok)
[2022-12-17 20:50:02] INFO     BIST:Header (ok)
[2022-12-17 20:50:14] INFO     BIST:Header (ok)
[2022-12-17 20:50:26] INFO     BIST:Header (ok)
[2022-12-17 20:50:37] INFO     BIST:Header (ok)
[2022-12-17 20:50:49] INFO     BIST:Header (ok)
[2022-12-17 20:51:01] INFO     BIST:Header (ok)
[2022-12-17 20:51:12] INFO     BIST:Header (ok)
[2022-12-17 20:51:24] INFO     BIST:Header (ok)
[2022-12-17 20:51:35] INFO     BIST:Header (ok)
[2022-12-17 20:51:47] INFO     BIST:Header (ok)
[2022-12-17 20:51:59] INFO     BIST:Header (ok)
[2022-12-17 20:52:10] INFO     BIST:Header (ok)
[2022-12-17 20:52:22] INFO     BIST:Header (ok)
[2022-12-17 20:52:33] INFO     BIST:Header (ok)
[2022-12-17 20:52:45] INFO     BIST:Header (ok)
[2022-12-17 20:52:57] INFO     BIST:Header (ok)
[2022-12-17 20:53:08] INFO     BIST:Header (ok)
[2022-12-17 20:53:20] INFO     BIST:Header (ok)
[2022-12-17 20:53:31] INFO     BIST:Header (ok)
[2022-12-17 20:53:43] INFO     BIST:Header (ok)
[2022-12-17 20:53:55] INFO     BIST:Header (ok)
[2022-12-17 20:54:06] INFO     BIST:Header (ok)
[2022-12-17 20:54:18] INFO     BIST:Header (ok)
[2022-12-17 20:54:30] INFO     BIST:Header (ok)
[2022-12-17 20:54:41] INFO     BIST:Header (ok)
[2022-12-17 20:54:53] INFO     BIST:Header (ok)
[2022-12-17 20:55:04] INFO     BIST:Header (ok)
[2022-12-17 20:55:16] INFO     BIST:Header (ok)
[2022-12-17 20:55:28] INFO     BIST:Header (ok)
[2022-12-17 20:55:39] INFO     BIST:Header (ok)
[2022-12-17 20:55:51] INFO     BIST:Header (ok)
[2022-12-17 20:56:02] INFO     BIST:Header (ok)
[2022-12-17 20:56:14] INFO     BIST:Header (ok)
[2022-12-17 20:56:26] INFO     BIST:Header (ok)
[2022-12-17 20:56:37] INFO     BIST:Header (ok)
[2022-12-17 20:56:46] ERROR    BIST:Data Errors (946,0,0:946/1)
[2022-12-17 20:56:47] ERROR    BIST:Data Errors (473,0,0:473/2)
[2022-12-17 20:56:49] ERROR    BIST:Data Errors (474,0,0:474/3)
[2022-12-17 20:56:49] INFO     BIST:Header (err 3)
[2022-12-17 20:56:50] ERROR    BIST:Data Errors (4399,0,0:4399/4)
[2022-12-17 20:57:01] INFO     BIST:Header (err 1)
[2022-12-17 20:57:12] INFO     BIST:Header (ok)
[2022-12-17 20:57:24] INFO     BIST:Header (ok)
[2022-12-17 20:57:35] INFO     BIST:Header (ok)
[2022-12-17 20:57:44] ERROR    BIST:Data Errors (3572,0,0:3572/1)
[2022-12-17 20:57:45] ERROR    BIST:Data Errors (474,0,0:474/2)
[2022-12-17 20:57:47] INFO     BIST:Header (err 2)
[2022-12-17 20:57:48] ERROR    BIST:Data Errors (5925,0,0:5925/1)
[2022-12-17 20:57:59] INFO     BIST:Header (err 1)
[2022-12-17 20:58:10] INFO     BIST:Header (ok)
[2022-12-17 20:58:22] INFO     BIST:Header (ok)
[2022-12-17 20:58:33] INFO     BIST:Header (ok)
[2022-12-17 20:58:45] INFO     BIST:Header (ok)
[2022-12-17 20:58:57] INFO     BIST:Header (ok)
[2022-12-17 20:59:08] INFO     BIST:Header (ok)
[2022-12-17 20:59:20] INFO     BIST:Header (ok)
[2022-12-17 20:59:31] INFO     BIST:Header (ok)
[2022-12-17 20:59:43] INFO     BIST:Header (ok)
[2022-12-17 20:59:55] INFO     BIST:Header (ok)
[2022-12-17 21:00:06] INFO     BIST:Header (ok)
[2022-12-17 21:00:18] INFO     BIST:Header (ok)
[2022-12-17 21:00:30] INFO     BIST:Header (ok)
[2022-12-17 21:00:41] INFO     BIST:Header (ok)
[2022-12-17 21:00:53] INFO     BIST:Header (ok)
[2022-12-17 21:01:04] INFO     BIST:Header (ok)
[2022-12-17 21:01:16] INFO     BIST:Header (ok)
[2022-12-17 21:01:28] INFO     BIST:Header (ok)
[2022-12-17 21:01:39] INFO     BIST:Header (ok)
[2022-12-17 21:01:51] INFO     BIST:Header (ok)
[2022-12-17 21:02:02] INFO     BIST:Header (ok)
[2022-12-17 21:02:14] INFO     BIST:Header (ok)
[2022-12-17 21:02:26] INFO     BIST:Header (ok)
[2022-12-17 21:02:37] INFO     BIST:Header (ok)
[2022-12-17 21:02:49] INFO     BIST:Header (ok)
[2022-12-17 21:03:00] INFO     BIST:Header (ok)
[2022-12-17 21:03:12] INFO     BIST:Header (ok)
[2022-12-17 21:03:24] INFO     BIST:Header (ok)
[2022-12-17 21:03:35] INFO     BIST:Header (ok)
[2022-12-17 21:03:47] INFO     BIST:Header (ok)
[2022-12-17 21:03:59] INFO     BIST:Header (ok)
[2022-12-17 21:04:10] INFO     BIST:Header (ok)
[2022-12-17 21:04:22] INFO     BIST:Header (ok)
[2022-12-17 21:04:33] INFO     BIST:Header (ok)
[2022-12-17 21:04:45] INFO     BIST:Header (ok)
[2022-12-17 21:04:57] INFO     BIST:Header (ok)
[2022-12-17 21:05:08] INFO     BIST:Header (ok)
[2022-12-17 21:05:20] INFO     BIST:Header (ok)
[2022-12-17 21:05:31] INFO     BIST:Header (ok)
[2022-12-17 21:05:43] INFO     BIST:Header (ok)
[2022-12-17 21:05:55] INFO     BIST:Header (ok)
[2022-12-17 21:06:06] INFO     BIST:Header (ok)
[2022-12-17 21:06:18] INFO     BIST:Header (ok)
[2022-12-17 21:06:29] INFO     BIST:Header (ok)
[2022-12-17 21:06:41] INFO     BIST:Header (ok)
[2022-12-17 21:06:53] INFO     BIST:Header (ok)
[2022-12-17 21:07:04] INFO     BIST:Header (ok)
[2022-12-17 21:07:16] INFO     BIST:Header (ok)
[2022-12-17 21:07:28] INFO     BIST:Header (ok)
[2022-12-17 21:07:39] INFO     BIST:Header (ok)
[2022-12-17 21:07:51] INFO     BIST:Header (ok)
[2022-12-17 21:08:02] INFO     BIST:Header (ok)
[2022-12-17 21:08:14] INFO     BIST:Header (ok)
[2022-12-17 21:08:23] ERROR    BIST:Data Errors (3164,0,0:3164/1)
[2022-12-17 21:08:24] ERROR    BIST:Data Errors (473,0,0:473/2)
[2022-12-17 21:08:26] INFO     BIST:Header (err 2)
[2022-12-17 21:08:27] ERROR    BIST:Data Errors (6334,0,0:6334/1)
[2022-12-17 21:08:37] INFO     BIST:Header (err 1)
[2022-12-17 21:08:49] INFO     BIST:Header (ok)
[2022-12-17 21:09:00] INFO     BIST:Header (ok)
[2022-12-17 21:09:12] INFO     BIST:Header (ok)
[2022-12-17 21:09:24] INFO     BIST:Header (ok)
[2022-12-17 21:09:35] INFO     BIST:Header (ok)
[2022-12-17 21:09:47] INFO     BIST:Header (ok)
[2022-12-17 21:09:58] INFO     BIST:Header (ok)
[2022-12-17 21:10:10] INFO     BIST:Header (ok)
[2022-12-17 21:10:22] INFO     BIST:Header (ok)
[2022-12-17 21:10:33] INFO     BIST:Header (ok)
[2022-12-17 21:10:45] INFO     BIST:Header (ok)
[2022-12-17 21:10:57] INFO     BIST:Header (ok)
[2022-12-17 21:11:08] INFO     BIST:Header (ok)
[2022-12-17 21:11:20] INFO     BIST:Header (ok)
[2022-12-17 21:11:31] INFO     BIST:Header (ok)
[2022-12-17 21:11:43] INFO     BIST:Header (ok)
[2022-12-17 21:11:55] INFO     BIST:Header (ok)
[2022-12-17 21:12:06] INFO     BIST:Header (ok)
[2022-12-17 21:12:15] ERROR    BIST:Data Errors (1096,0,0:1096/1)
[2022-12-17 21:12:16] ERROR    BIST:Data Errors (474,0,0:474/2)
[2022-12-17 21:12:18] ERROR    BIST:Data Errors (474,0,0:474/3)
[2022-12-17 21:12:18] INFO     BIST:Header (err 3)
[2022-12-17 21:12:19] ERROR    BIST:Data Errors (4248,0,0:4248/4)
[2022-12-17 21:12:29] INFO     BIST:Header (err 1)
[2022-12-17 21:12:41] INFO     BIST:Header (ok)
[2022-12-17 21:12:53] INFO     BIST:Header (ok)
[2022-12-17 21:13:04] INFO     BIST:Header (ok)
[2022-12-17 21:13:16] INFO     BIST:Header (ok)
[2022-12-17 21:13:28] INFO     BIST:Header (ok)
[2022-12-17 21:13:39] INFO     BIST:Header (ok)
[2022-12-17 21:13:51] INFO     BIST:Header (ok)
[2022-12-17 21:14:02] INFO     BIST:Header (ok)
[2022-12-17 21:14:14] INFO     BIST:Header (ok)
[2022-12-17 21:14:26] INFO     BIST:Header (ok)
[2022-12-17 21:14:37] INFO     BIST:Header (ok)
[2022-12-17 21:14:49] INFO     BIST:Header (ok)
[2022-12-17 21:15:00] INFO     BIST:Header (ok)
[2022-12-17 21:15:12] INFO     BIST:Header (ok)
[2022-12-17 21:15:24] INFO     BIST:Header (ok)
[2022-12-17 21:15:35] INFO     BIST:Header (ok)
[2022-12-17 21:15:47] INFO     BIST:Header (ok)
[2022-12-17 21:15:58] INFO     BIST:Header (ok)
[2022-12-17 21:16:10] INFO     BIST:Header (ok)
[2022-12-17 21:16:22] INFO     BIST:Header (ok)
[2022-12-17 21:16:33] INFO     BIST:Header (ok)
[2022-12-17 21:16:45] INFO     BIST:Header (ok)
[2022-12-17 21:16:57] INFO     BIST:Header (ok)
[2022-12-17 21:17:08] INFO     BIST:Header (ok)
[2022-12-17 21:17:20] INFO     BIST:Header (ok)
[2022-12-17 21:17:31] INFO     BIST:Header (ok)
[2022-12-17 21:17:43] INFO     BIST:Header (ok)
[2022-12-17 21:17:55] INFO     BIST:Header (ok)
[2022-12-17 21:18:06] INFO     BIST:Header (ok)
[2022-12-17 21:18:18] INFO     BIST:Header (ok)
[2022-12-17 21:18:29] INFO     BIST:Header (ok)
[2022-12-17 21:18:41] INFO     BIST:Header (ok)
[2022-12-17 21:18:53] INFO     BIST:Header (ok)
[2022-12-17 21:19:04] INFO     BIST:Header (ok)
[2022-12-17 21:19:16] INFO     BIST:Header (ok)
[2022-12-17 21:19:27] INFO     BIST:Header (ok)
[2022-12-17 21:19:39] INFO     BIST:Header (ok)
[2022-12-17 21:19:51] INFO     BIST:Header (ok)
[2022-12-17 21:20:02] INFO     BIST:Header (ok)
[2022-12-17 21:20:14] INFO     BIST:Header (ok)
[2022-12-17 21:20:26] INFO     BIST:Header (ok)
[2022-12-17 21:20:37] INFO     BIST:Header (ok)
[2022-12-17 21:20:49] INFO     BIST:Header (ok)
[2022-12-17 21:21:00] INFO     BIST:Header (ok)
[2022-12-17 21:21:12] INFO     BIST:Header (ok)
[2022-12-17 21:21:24] INFO     BIST:Header (ok)
[2022-12-17 21:21:32] ERROR    BIST:Data Errors (2825,0,0:2825/1)
[2022-12-17 21:21:34] ERROR    BIST:Data Errors (474,0,0:474/2)
[2022-12-17 21:21:35] ERROR    BIST:Data Errors (474,0,0:474/3)
[2022-12-17 21:21:35] INFO     BIST:Header (err 3)
[2022-12-17 21:21:37] ERROR    BIST:Data Errors (2519,0,0:2519/4)
[2022-12-17 21:21:47] INFO     BIST:Header (err 1)
[2022-12-17 21:21:58] INFO     BIST:Header (ok)
[2022-12-17 21:22:10] INFO     BIST:Header (ok)
[2022-12-17 21:22:22] INFO     BIST:Header (ok)
[2022-12-17 21:22:33] INFO     BIST:Header (ok)
[2022-12-17 21:22:45] INFO     BIST:Header (ok)
[2022-12-17 21:22:56] INFO     BIST:Header (ok)
[2022-12-17 21:23:05] ERROR    BIST:Data Errors (439,0,0:439/1)
[2022-12-17 21:23:07] ERROR    BIST:Data Errors (474,0,0:474/2)
[2022-12-17 21:23:08] ERROR    BIST:Data Errors (474,0,0:474/3)
[2022-12-17 21:23:08] INFO     BIST:Header (err 3)
[2022-12-17 21:23:10] ERROR    BIST:Data Errors (4962,0,0:4962/4)
[2022-12-17 21:23:20] INFO     BIST:Header (err 1)
[2022-12-17 21:23:31] INFO     BIST:Header (ok)
[2022-12-17 21:23:43] INFO     BIST:Header (ok)
[2022-12-17 21:23:55] INFO     BIST:Header (ok)
[2022-12-17 21:24:06] INFO     BIST:Header (ok)
[2022-12-17 21:24:18] INFO     BIST:Header (ok)
[2022-12-17 21:24:29] INFO     BIST:Header (ok)
[2022-12-17 21:24:41] INFO     BIST:Header (ok)
[2022-12-17 21:24:53] INFO     BIST:Header (ok)
[2022-12-17 21:25:04] INFO     BIST:Header (ok)
[2022-12-17 21:25:16] INFO     BIST:Header (ok)
[2022-12-17 21:25:27] INFO     BIST:Header (ok)
[2022-12-17 21:25:39] INFO     BIST:Header (ok)
[2022-12-17 21:25:51] INFO     BIST:Header (ok)
[2022-12-17 21:26:02] INFO     BIST:Header (ok)
[2022-12-17 21:26:14] INFO     BIST:Header (ok)
[2022-12-17 21:26:25] INFO     BIST:Header (ok)
[2022-12-17 21:26:37] INFO     BIST:Header (ok)
[2022-12-17 21:26:49] INFO     BIST:Header (ok)
[2022-12-17 21:27:00] INFO     BIST:Header (ok)
[2022-12-17 21:27:12] INFO     BIST:Header (ok)
[2022-12-17 21:27:24] INFO     BIST:Header (ok)
[2022-12-17 21:27:35] INFO     BIST:Header (ok)
[2022-12-17 21:27:47] INFO     BIST:Header (ok)
[2022-12-17 21:27:58] INFO     BIST:Header (ok)
[2022-12-17 21:28:10] INFO     BIST:Header (ok)
[2022-12-17 21:28:22] INFO     BIST:Header (ok)
[2022-12-17 21:28:33] INFO     BIST:Header (ok)
[2022-12-17 21:28:45] INFO     BIST:Header (ok)
[2022-12-17 21:28:56] INFO     BIST:Header (ok)
[2022-12-17 21:29:08] INFO     BIST:Header (ok)
[2022-12-17 21:29:20] INFO     BIST:Header (ok)
[2022-12-17 21:29:31] INFO     BIST:Header (ok)
[2022-12-17 21:29:43] INFO     BIST:Header (ok)
[2022-12-17 21:29:55] INFO     BIST:Header (ok)
[2022-12-17 21:30:06] INFO     BIST:Header (ok)
[2022-12-17 21:30:18] INFO     BIST:Header (ok)
[2022-12-17 21:30:29] INFO     BIST:Header (ok)
[2022-12-17 21:30:38] ERROR    BIST:Data Errors (763,0,0:763/1)
[2022-12-17 21:30:39] ERROR    BIST:Data Errors (474,0,0:474/2)
[2022-12-17 21:30:41] ERROR    BIST:Data Errors (474,0,0:474/3)
[2022-12-17 21:30:41] INFO     BIST:Header (err 3)
[2022-12-17 21:30:42] ERROR    BIST:Data Errors (4581,0,0:4581/4)
[2022-12-17 21:30:53] INFO     BIST:Header (err 1)
[2022-12-17 21:31:04] INFO     BIST:Header (ok)
[2022-12-17 21:31:16] INFO     BIST:Header (ok)
[2022-12-17 21:31:27] INFO     BIST:Header (ok)
[2022-12-17 21:31:39] INFO     BIST:Header (ok)
[2022-12-17 21:31:51] INFO     BIST:Header (ok)
[2022-12-17 21:32:02] INFO     BIST:Header (ok)
[2022-12-17 21:32:14] INFO     BIST:Header (ok)
[2022-12-17 21:32:25] INFO     BIST:Header (ok)
[2022-12-17 21:32:34] ERROR    BIST:Data Errors (1863,0,0:1863/1)
[2022-12-17 21:32:36] ERROR    BIST:Data Errors (474,0,0:474/2)
[2022-12-17 21:32:37] ERROR    BIST:Data Errors (473,0,0:473/3)
[2022-12-17 21:32:37] INFO     BIST:Header (err 3)
[2022-12-17 21:32:39] ERROR    BIST:Data Errors (3539,0,0:3539/4)
[2022-12-17 21:32:49] INFO     BIST:Header (err 1)
[2022-12-17 21:33:00] INFO     BIST:Header (ok)
[2022-12-17 21:33:12] INFO     BIST:Header (ok)
[2022-12-17 21:33:24] INFO     BIST:Header (ok)
[2022-12-17 21:33:35] INFO     BIST:Header (ok)
[2022-12-17 21:33:47] INFO     BIST:Header (ok)
[2022-12-17 21:33:58] INFO     BIST:Header (ok)
[2022-12-17 21:34:07] ERROR    BIST:Data Errors (3459,0,0:3459/1)
[2022-12-17 21:34:09] ERROR    BIST:Data Errors (474,0,0:474/2)
[2022-12-17 21:34:10] INFO     BIST:Header (err 2)
[2022-12-17 21:34:11] ERROR    BIST:Data Errors (5981,0,0:5981/1)
[2022-12-17 21:34:22] INFO     BIST:Header (err 1)
[2022-12-17 21:34:33] INFO     BIST:Header (ok)
[2022-12-17 21:34:45] INFO     BIST:Header (ok)
[2022-12-17 21:34:56] INFO     BIST:Header (ok)
[2022-12-17 21:35:08] INFO     BIST:Header (ok)
[2022-12-17 21:35:20] INFO     BIST:Header (ok)
[2022-12-17 21:35:31] INFO     BIST:Header (ok)
[2022-12-17 21:35:43] INFO     BIST:Header (ok)
[2022-12-17 21:35:54] INFO     BIST:Header (ok)
[2022-12-17 21:36:06] INFO     BIST:Header (ok)
[2022-12-17 21:36:18] INFO     BIST:Header (ok)
[2022-12-17 21:36:29] INFO     BIST:Header (ok)
[2022-12-17 21:36:41] INFO     BIST:Header (ok)
[2022-12-17 21:36:53] INFO     BIST:Header (ok)
[2022-12-17 21:37:04] INFO     BIST:Header (ok)
[2022-12-17 21:37:16] INFO     BIST:Header (ok)
[2022-12-17 21:37:24] ERROR    BIST:Data Errors (2422,0,0:2422/1)
[2022-12-17 21:37:26] ERROR    BIST:Data Errors (474,0,0:474/2)
[2022-12-17 21:37:27] ERROR    BIST:Data Errors (473,0,0:473/3)
[2022-12-17 21:37:27] INFO     BIST:Header (err 3)
[2022-12-17 21:37:29] ERROR    BIST:Data Errors (2980,0,0:2980/4)
[2022-12-17 21:37:39] INFO     BIST:Header (err 1)
[2022-12-17 21:37:51] INFO     BIST:Header (ok)
[2022-12-17 21:38:02] INFO     BIST:Header (ok)
[2022-12-17 21:38:14] INFO     BIST:Header (ok)
[2022-12-17 21:38:25] INFO     BIST:Header (ok)
[2022-12-17 21:38:37] INFO     BIST:Header (ok)
[2022-12-17 21:38:49] INFO     BIST:Header (ok)
[2022-12-17 21:39:00] INFO     BIST:Header (ok)
[2022-12-17 21:39:12] INFO     BIST:Header (ok)
[2022-12-17 21:39:23] INFO     BIST:Header (ok)
[2022-12-17 21:39:35] INFO     BIST:Header (ok)
[2022-12-17 21:39:47] INFO     BIST:Header (ok)
[2022-12-17 21:39:58] INFO     BIST:Header (ok)
[2022-12-17 21:40:10] INFO     BIST:Header (ok)
[2022-12-17 21:40:22] INFO     BIST:Header (ok)
[2022-12-17 21:40:33] INFO     BIST:Header (ok)
[2022-12-17 21:40:45] INFO     BIST:Header (ok)
[2022-12-17 21:40:56] INFO     BIST:Header (ok)
[2022-12-17 21:41:08] INFO     BIST:Header (ok)
[2022-12-17 21:41:20] INFO     BIST:Header (ok)
[2022-12-17 21:41:31] INFO     BIST:Header (ok)
[2022-12-17 21:41:43] INFO     BIST:Header (ok)
[2022-12-17 21:41:54] INFO     BIST:Header (ok)
[2022-12-17 21:42:06] INFO     BIST:Header (ok)
[2022-12-17 21:42:18] INFO     BIST:Header (ok)
[2022-12-17 21:42:29] INFO     BIST:Header (ok)
[2022-12-17 21:42:41] INFO     BIST:Header (ok)
[2022-12-17 21:42:53] INFO     BIST:Header (ok)
[2022-12-17 21:43:04] INFO     BIST:Header (ok)
[2022-12-17 21:43:16] INFO     BIST:Header (ok)
[2022-12-17 21:43:27] INFO     BIST:Header (ok)
[2022-12-17 21:43:39] INFO     BIST:Header (ok)
[2022-12-17 21:43:51] INFO     BIST:Header (ok)
[2022-12-17 21:44:02] INFO     BIST:Header (ok)
[2022-12-17 21:44:14] INFO     BIST:Header (ok)
[2022-12-17 21:44:25] INFO     BIST:Header (ok)
[2022-12-17 21:44:37] INFO     BIST:Header (ok)
[2022-12-17 21:44:49] INFO     BIST:Header (ok)
[2022-12-17 21:45:00] INFO     BIST:Header (ok)
[2022-12-17 21:45:12] INFO     BIST:Header (ok)
[2022-12-17 21:45:23] INFO     BIST:Header (ok)
[2022-12-17 21:45:35] INFO     BIST:Header (ok)
[2022-12-17 21:45:47] INFO     BIST:Header (ok)
[2022-12-17 21:45:55] ERROR    BIST:Data Errors (1219,0,0:1219/1)
[2022-12-17 21:45:57] ERROR    BIST:Data Errors (474,0,0:474/2)
[2022-12-17 21:45:58] ERROR    BIST:Data Errors (473,0,0:473/3)
[2022-12-17 21:45:58] INFO     BIST:Header (err 3)
[2022-12-17 21:46:00] ERROR    BIST:Data Errors (4126,0,0:4126/4)
[2022-12-17 21:46:10] INFO     BIST:Header (err 1)
[2022-12-17 21:46:22] INFO     BIST:Header (ok)
[2022-12-17 21:46:33] INFO     BIST:Header (ok)
[2022-12-17 21:46:45] INFO     BIST:Header (ok)
[2022-12-17 21:46:56] INFO     BIST:Header (ok)
[2022-12-17 21:47:08] INFO     BIST:Header (ok)
[2022-12-17 21:47:20] INFO     BIST:Header (ok)
[2022-12-17 21:47:31] INFO     BIST:Header (ok)
[2022-12-17 21:47:43] INFO     BIST:Header (ok)
[2022-12-17 21:47:54] INFO     BIST:Header (ok)
[2022-12-17 21:48:06] INFO     BIST:Header (ok)
[2022-12-17 21:48:18] INFO     BIST:Header (ok)
[2022-12-17 21:48:29] INFO     BIST:Header (ok)
[2022-12-17 21:48:41] INFO     BIST:Header (ok)
[2022-12-17 21:48:52] INFO     BIST:Header (ok)
[2022-12-17 21:49:04] INFO     BIST:Header (ok)
[2022-12-17 21:49:16] INFO     BIST:Header (ok)
[2022-12-17 21:49:27] INFO     BIST:Header (ok)
[2022-12-17 21:49:39] INFO     BIST:Header (ok)
[2022-12-17 21:49:51] INFO     BIST:Header (ok)
[2022-12-17 21:50:02] INFO     BIST:Header (ok)
[2022-12-17 21:50:14] INFO     BIST:Header (ok)
[2022-12-17 21:50:25] INFO     BIST:Header (ok)
[2022-12-17 21:50:37] INFO     BIST:Header (ok)
[2022-12-17 21:50:49] INFO     BIST:Header (ok)
[2022-12-17 21:51:00] INFO     BIST:Header (ok)
[2022-12-17 21:51:12] INFO     BIST:Header (ok)
[2022-12-17 21:51:23] INFO     BIST:Header (ok)
[2022-12-17 21:51:35] INFO     BIST:Header (ok)
[2022-12-17 21:51:47] INFO     BIST:Header (ok)
[2022-12-17 21:51:58] INFO     BIST:Header (ok)
[2022-12-17 21:52:10] INFO     BIST:Header (ok)
[2022-12-17 21:52:21] INFO     BIST:Header (ok)
[2022-12-17 21:52:33] INFO     BIST:Header (ok)
[2022-12-17 21:52:45] INFO     BIST:Header (ok)
[2022-12-17 21:52:56] INFO     BIST:Header (ok)
[2022-12-17 21:53:08] INFO     BIST:Header (ok)
[2022-12-17 21:53:17] ERROR    BIST:Data Errors (1962,0,0:1962/1)
[2022-12-17 21:53:18] ERROR    BIST:Data Errors (474,0,0:474/2)
[2022-12-17 21:53:20] ERROR    BIST:Data Errors (473,0,0:473/3)
[2022-12-17 21:53:20] INFO     BIST:Header (err 3)
[2022-12-17 21:53:21] ERROR    BIST:Data Errors (3440,0,0:3440/4)
[2022-12-17 21:53:31] INFO     BIST:Header (err 1)
[2022-12-17 21:53:43] INFO     BIST:Header (ok)
[2022-12-17 21:53:54] INFO     BIST:Header (ok)
[2022-12-17 21:54:06] INFO     BIST:Header (ok)
[2022-12-17 21:54:18] INFO     BIST:Header (ok)
[2022-12-17 21:54:29] INFO     BIST:Header (ok)
[2022-12-17 21:54:41] INFO     BIST:Header (ok)
[2022-12-17 21:54:52] INFO     BIST:Header (ok)
[2022-12-17 21:55:04] INFO     BIST:Header (ok)
[2022-12-17 21:55:16] INFO     BIST:Header (ok)
[2022-12-17 21:55:27] INFO     BIST:Header (ok)
[2022-12-17 21:55:39] INFO     BIST:Header (ok)
[2022-12-17 21:55:50] INFO     BIST:Header (ok)
[2022-12-17 21:56:02] INFO     BIST:Header (ok)
[2022-12-17 21:56:14] INFO     BIST:Header (ok)
[2022-12-17 21:56:25] INFO     BIST:Header (ok)
[2022-12-17 21:56:34] ERROR    BIST:Data Errors (867,0,0:867/1)
[2022-12-17 21:56:35] ERROR    BIST:Data Errors (474,0,0:474/2)
[2022-12-17 21:56:37] ERROR    BIST:Data Errors (474,0,0:474/3)
[2022-12-17 21:56:37] INFO     BIST:Header (err 3)
[2022-12-17 21:56:38] ERROR    BIST:Data Errors (4534,0,0:4534/4)
[2022-12-17 21:56:49] INFO     BIST:Header (err 1)
[2022-12-17 21:57:00] INFO     BIST:Header (ok)
[2022-12-17 21:57:12] INFO     BIST:Header (ok)
[2022-12-17 21:57:23] INFO     BIST:Header (ok)
[2022-12-17 21:57:35] INFO     BIST:Header (ok)
[2022-12-17 21:57:44] ERROR    BIST:Data Errors (3074,0,0:3074/1)
[2022-12-17 21:57:45] ERROR    BIST:Data Errors (474,0,0:474/2)
[2022-12-17 21:57:47] ERROR    BIST:Data Errors (474,0,0:474/3)
[2022-12-17 21:57:47] INFO     BIST:Header (err 3)
[2022-12-17 21:57:48] ERROR    BIST:Data Errors (2270,0,0:2270/4)
[2022-12-17 21:57:58] INFO     BIST:Header (err 1)
[2022-12-17 21:58:10] INFO     BIST:Header (ok)
[2022-12-17 21:58:21] INFO     BIST:Header (ok)
[2022-12-17 21:58:33] INFO     BIST:Header (ok)
[2022-12-17 21:58:45] INFO     BIST:Header (ok)
[2022-12-17 21:58:56] INFO     BIST:Header (ok)
[2022-12-17 21:59:08] INFO     BIST:Header (ok)
[2022-12-17 21:59:20] INFO     BIST:Header (ok)
[2022-12-17 21:59:31] INFO     BIST:Header (ok)
[2022-12-17 21:59:43] INFO     BIST:Header (ok)
[2022-12-17 21:59:54] INFO     BIST:Header (ok)
[2022-12-17 22:00:06] INFO     BIST:Header (ok)
[2022-12-17 22:00:18] INFO     BIST:Header (ok)
[2022-12-17 22:00:29] INFO     BIST:Header (ok)
[2022-12-17 22:00:41] INFO     BIST:Header (ok)
[2022-12-17 22:00:52] INFO     BIST:Header (ok)
[2022-12-17 22:01:04] INFO     BIST:Header (ok)
[2022-12-17 22:01:16] INFO     BIST:Header (ok)
[2022-12-17 22:01:27] INFO     BIST:Header (ok)
[2022-12-17 22:01:39] INFO     BIST:Header (ok)
[2022-12-17 22:01:50] INFO     BIST:Header (ok)
[2022-12-17 22:02:02] INFO     BIST:Header (ok)
[2022-12-17 22:02:14] INFO     BIST:Header (ok)
[2022-12-17 22:02:25] INFO     BIST:Header (ok)
[2022-12-17 22:02:37] INFO     BIST:Header (ok)
[2022-12-17 22:02:49] INFO     BIST:Header (ok)
[2022-12-17 22:03:00] INFO     BIST:Header (ok)
[2022-12-17 22:03:12] INFO     BIST:Header (ok)
[2022-12-17 22:03:23] INFO     BIST:Header (ok)
[2022-12-17 22:03:35] INFO     BIST:Header (ok)
[2022-12-17 22:03:47] INFO     BIST:Header (ok)
[2022-12-17 22:03:58] INFO     BIST:Header (ok)
[2022-12-17 22:04:10] INFO     BIST:Header (ok)
[2022-12-17 22:04:21] INFO     BIST:Header (ok)
[2022-12-17 22:04:33] INFO     BIST:Header (ok)
[2022-12-17 22:04:45] INFO     BIST:Header (ok)
[2022-12-17 22:04:56] INFO     BIST:Header (ok)
[2022-12-17 22:05:08] INFO     BIST:Header (ok)
[2022-12-17 22:05:19] INFO     BIST:Header (ok)
[2022-12-17 22:05:31] INFO     BIST:Header (ok)
[2022-12-17 22:05:43] INFO     BIST:Header (ok)
[2022-12-17 22:05:54] INFO     BIST:Header (ok)
[2022-12-17 22:06:06] INFO     BIST:Header (ok)
[2022-12-17 22:06:18] INFO     BIST:Header (ok)
[2022-12-17 22:06:29] INFO     BIST:Header (ok)
[2022-12-17 22:06:41] INFO     BIST:Header (ok)
[2022-12-17 22:06:52] INFO     BIST:Header (ok)
[2022-12-17 22:07:04] INFO     BIST:Header (ok)
[2022-12-17 22:07:16] INFO     BIST:Header (ok)
[2022-12-17 22:07:27] INFO     BIST:Header (ok)
[2022-12-17 22:07:39] INFO     BIST:Header (ok)
[2022-12-17 22:07:50] INFO     BIST:Header (ok)
[2022-12-17 22:08:02] INFO     BIST:Header (ok)
[2022-12-17 22:08:14] INFO     BIST:Header (ok)
[2022-12-17 22:08:25] INFO     BIST:Header (ok)
[2022-12-17 22:08:34] ERROR    BIST:Data Errors (2417,0,0:2417/1)
[2022-12-17 22:08:35] ERROR    BIST:Data Errors (474,0,0:474/2)
[2022-12-17 22:08:37] ERROR    BIST:Data Errors (474,0,0:474/3)
[2022-12-17 22:08:37] INFO     BIST:Header (err 3)
[2022-12-17 22:08:38] ERROR    BIST:Data Errors (2984,0,0:2984/4)
[2022-12-17 22:08:48] INFO     BIST:Header (err 1)
[2022-12-17 22:09:00] INFO     BIST:Header (ok)
[2022-12-17 22:09:12] INFO     BIST:Header (ok)
[2022-12-17 22:09:23] INFO     BIST:Header (ok)
[2022-12-17 22:09:35] INFO     BIST:Header (ok)
[2022-12-17 22:09:47] INFO     BIST:Header (ok)
[2022-12-17 22:09:58] INFO     BIST:Header (ok)
[2022-12-17 22:10:10] INFO     BIST:Header (ok)
[2022-12-17 22:10:21] INFO     BIST:Header (ok)
[2022-12-17 22:10:33] INFO     BIST:Header (ok)
[2022-12-17 22:10:45] INFO     BIST:Header (ok)
[2022-12-17 22:10:56] INFO     BIST:Header (ok)
[2022-12-17 22:11:08] INFO     BIST:Header (ok)
[2022-12-17 22:11:19] INFO     BIST:Header (ok)
[2022-12-17 22:11:28] ERROR    BIST:Data Errors (1877,0,0:1877/1)
[2022-12-17 22:11:30] ERROR    BIST:Data Errors (474,0,0:474/2)
[2022-12-17 22:11:31] ERROR    BIST:Data Errors (473,0,0:473/3)
[2022-12-17 22:11:31] INFO     BIST:Header (err 3)
[2022-12-17 22:11:32] ERROR    BIST:Data Errors (3468,0,0:3468/4)
[2022-12-17 22:11:43] INFO     BIST:Header (err 1)
[2022-12-17 22:11:54] INFO     BIST:Header (ok)
[2022-12-17 22:12:06] INFO     BIST:Header (ok)
[2022-12-17 22:12:17] INFO     BIST:Header (ok)
[2022-12-17 22:12:29] INFO     BIST:Header (ok)
[2022-12-17 22:12:41] INFO     BIST:Header (ok)
[2022-12-17 22:12:52] INFO     BIST:Header (ok)
[2022-12-17 22:13:04] INFO     BIST:Header (ok)
[2022-12-17 22:13:16] INFO     BIST:Header (ok)
[2022-12-17 22:13:24] ERROR    BIST:Data Errors (2977,0,0:2977/1)
[2022-12-17 22:13:26] ERROR    BIST:Data Errors (473,0,0:473/2)
[2022-12-17 22:13:27] ERROR    BIST:Data Errors (474,0,0:474/3)
[2022-12-17 22:13:27] INFO     BIST:Header (err 3)
[2022-12-17 22:13:29] ERROR    BIST:Data Errors (2425,0,0:2425/4)
[2022-12-17 22:13:39] INFO     BIST:Header (err 1)
[2022-12-17 22:13:50] INFO     BIST:Header (ok)
[2022-12-17 22:14:02] INFO     BIST:Header (ok)
[2022-12-17 22:14:14] INFO     BIST:Header (ok)
[2022-12-17 22:14:25] INFO     BIST:Header (ok)
[2022-12-17 22:14:37] INFO     BIST:Header (ok)
[2022-12-17 22:14:48] INFO     BIST:Header (ok)
[2022-12-17 22:15:00] INFO     BIST:Header (ok)
[2022-12-17 22:15:12] INFO     BIST:Header (ok)
[2022-12-17 22:15:23] INFO     BIST:Header (ok)
[2022-12-17 22:15:35] INFO     BIST:Header (ok)
[2022-12-17 22:15:44] ERROR    BIST:Data Errors (2780,0,0:2780/1)
[2022-12-17 22:15:45] ERROR    BIST:Data Errors (474,0,0:474/2)
[2022-12-17 22:15:47] INFO     BIST:Header (err 2)
[2022-12-17 22:15:48] ERROR    BIST:Data Errors (6089,0,0:6089/1)
[2022-12-17 22:15:58] INFO     BIST:Header (err 1)
[2022-12-17 22:16:10] INFO     BIST:Header (ok)
[2022-12-17 22:16:21] INFO     BIST:Header (ok)
[2022-12-17 22:16:33] INFO     BIST:Header (ok)
[2022-12-17 22:16:42] ERROR    BIST:Data Errors (1882,0,0:1882/1)
[2022-12-17 22:16:43] ERROR    BIST:Data Errors (474,0,0:474/2)
[2022-12-17 22:16:45] ERROR    BIST:Data Errors (474,0,0:474/3)
[2022-12-17 22:16:45] INFO     BIST:Header (err 3)
[2022-12-17 22:16:46] ERROR    BIST:Data Errors (3519,0,0:3519/4)
[2022-12-17 22:16:56] INFO     BIST:Header (err 1)
[2022-12-17 22:17:08] INFO     BIST:Header (ok)
[2022-12-17 22:17:19] INFO     BIST:Header (ok)
[2022-12-17 22:17:31] INFO     BIST:Header (ok)
[2022-12-17 22:17:43] INFO     BIST:Header (ok)
[2022-12-17 22:17:54] INFO     BIST:Header (ok)
[2022-12-17 22:18:06] INFO     BIST:Header (ok)
[2022-12-17 22:18:17] INFO     BIST:Header (ok)
[2022-12-17 22:18:29] INFO     BIST:Header (ok)
[2022-12-17 22:18:41] INFO     BIST:Header (ok)
[2022-12-17 22:18:52] INFO     BIST:Header (ok)
[2022-12-17 22:19:04] INFO     BIST:Header (ok)
[2022-12-17 22:19:16] INFO     BIST:Header (ok)
[2022-12-17 22:19:27] INFO     BIST:Header (ok)
[2022-12-17 22:19:39] INFO     BIST:Header (ok)
[2022-12-17 22:19:50] INFO     BIST:Header (ok)
[2022-12-17 22:20:02] INFO     BIST:Header (ok)
[2022-12-17 22:20:14] INFO     BIST:Header (ok)
[2022-12-17 22:20:25] INFO     BIST:Header (ok)
[2022-12-17 22:20:37] INFO     BIST:Header (ok)
[2022-12-17 22:20:48] INFO     BIST:Header (ok)
[2022-12-17 22:21:00] INFO     BIST:Header (ok)
[2022-12-17 22:21:12] INFO     BIST:Header (ok)
[2022-12-17 22:21:23] INFO     BIST:Header (ok)
[2022-12-17 22:21:35] INFO     BIST:Header (ok)
[2022-12-17 22:21:46] INFO     BIST:Header (ok)
[2022-12-17 22:21:58] INFO     BIST:Header (ok)
[2022-12-17 22:22:10] INFO     BIST:Header (ok)
[2022-12-17 22:22:21] INFO     BIST:Header (ok)
[2022-12-17 22:22:33] INFO     BIST:Header (ok)
[2022-12-17 22:22:45] INFO     BIST:Header (ok)
[2022-12-17 22:22:56] INFO     BIST:Header (ok)
[2022-12-17 22:23:08] INFO     BIST:Header (ok)
[2022-12-17 22:23:19] INFO     BIST:Header (ok)
[2022-12-17 22:23:31] INFO     BIST:Header (ok)
[2022-12-17 22:23:43] INFO     BIST:Header (ok)
[2022-12-17 22:23:54] INFO     BIST:Header (ok)
[2022-12-17 22:24:06] INFO     BIST:Header (ok)
[2022-12-17 22:24:17] INFO     BIST:Header (ok)
[2022-12-17 22:24:29] INFO     BIST:Header (ok)
[2022-12-17 22:24:41] INFO     BIST:Header (ok)
[2022-12-17 22:24:52] INFO     BIST:Header (ok)
[2022-12-17 22:25:04] INFO     BIST:Header (ok)
[2022-12-17 22:25:15] INFO     BIST:Header (ok)
[2022-12-17 22:25:27] INFO     BIST:Header (ok)
[2022-12-17 22:25:39] INFO     BIST:Header (ok)
[2022-12-17 22:25:50] INFO     BIST:Header (ok)
[2022-12-17 22:26:02] INFO     BIST:Header (ok)
[2022-12-17 22:26:14] INFO     BIST:Header (ok)
[2022-12-17 22:26:25] INFO     BIST:Header (ok)
[2022-12-17 22:26:37] INFO     BIST:Header (ok)
[2022-12-17 22:26:48] INFO     BIST:Header (ok)
[2022-12-17 22:27:00] INFO     BIST:Header (ok)
[2022-12-17 22:27:12] INFO     BIST:Header (ok)
[2022-12-17 22:27:23] INFO     BIST:Header (ok)
[2022-12-17 22:27:35] INFO     BIST:Header (ok)
[2022-12-17 22:27:46] INFO     BIST:Header (ok)
[2022-12-17 22:27:58] INFO     BIST:Header (ok)
[2022-12-17 22:28:10] INFO     BIST:Header (ok)
[2022-12-17 22:28:21] INFO     BIST:Header (ok)
[2022-12-17 22:28:33] INFO     BIST:Header (ok)
[2022-12-17 22:28:44] INFO     BIST:Header (ok)
[2022-12-17 22:28:56] INFO     BIST:Header (ok)
[2022-12-17 22:29:08] INFO     BIST:Header (ok)
[2022-12-17 22:29:19] INFO     BIST:Header (ok)
[2022-12-17 22:29:31] INFO     BIST:Header (ok)
[2022-12-17 22:29:43] INFO     BIST:Header (ok)
[2022-12-17 22:29:54] INFO     BIST:Header (ok)
[2022-12-17 22:30:06] INFO     BIST:Header (ok)
[2022-12-17 22:30:17] INFO     BIST:Header (ok)
[2022-12-17 22:30:29] INFO     BIST:Header (ok)
[2022-12-17 22:30:41] INFO     BIST:Header (ok)
[2022-12-17 22:30:52] INFO     BIST:Header (ok)
[2022-12-17 22:31:04] INFO     BIST:Header (ok)
[2022-12-17 22:31:15] INFO     BIST:Header (ok)
[2022-12-17 22:31:27] INFO     BIST:Header (ok)
[2022-12-17 22:31:36] ERROR    BIST:Data Errors (2892,0,0:2892/1)
[2022-12-17 22:31:37] ERROR    BIST:Data Errors (473,0,0:473/2)
[2022-12-17 22:31:39] ERROR    BIST:Data Errors (474,0,0:474/3)
[2022-12-17 22:31:39] INFO     BIST:Header (err 3)
[2022-12-17 22:31:40] ERROR    BIST:Data Errors (2453,0,0:2453/4)
[2022-12-17 22:31:50] INFO     BIST:Header (err 1)
[2022-12-17 22:32:02] INFO     BIST:Header (ok)
[2022-12-17 22:32:14] INFO     BIST:Header (ok)
[2022-12-17 22:32:22] ERROR    BIST:Data Errors (1727,0,0:1727/1)
[2022-12-17 22:32:24] ERROR    BIST:Data Errors (474,0,0:474/2)
[2022-12-17 22:32:25] ERROR    BIST:Data Errors (474,0,0:474/3)
[2022-12-17 22:32:25] INFO     BIST:Header (err 3)
[2022-12-17 22:32:27] ERROR    BIST:Data Errors (3674,0,0:3674/4)
[2022-12-17 22:32:37] INFO     BIST:Header (err 1)
[2022-12-17 22:32:48] INFO     BIST:Header (ok)
[2022-12-17 22:33:00] INFO     BIST:Header (ok)
[2022-12-17 22:33:12] INFO     BIST:Header (ok)
[2022-12-17 22:33:23] INFO     BIST:Header (ok)
[2022-12-17 22:33:35] INFO     BIST:Header (ok)
[2022-12-17 22:33:46] INFO     BIST:Header (ok)
[2022-12-17 22:33:58] INFO     BIST:Header (ok)
[2022-12-17 22:34:10] INFO     BIST:Header (ok)
[2022-12-17 22:34:21] INFO     BIST:Header (ok)
[2022-12-17 22:34:33] INFO     BIST:Header (ok)
[2022-12-17 22:34:44] INFO     BIST:Header (ok)
[2022-12-17 22:34:56] INFO     BIST:Header (ok)
[2022-12-17 22:35:08] INFO     BIST:Header (ok)
[2022-12-17 22:35:19] INFO     BIST:Header (ok)
[2022-12-17 22:35:31] INFO     BIST:Header (ok)
[2022-12-17 22:35:43] INFO     BIST:Header (ok)
[2022-12-17 22:35:54] INFO     BIST:Header (ok)
[2022-12-17 22:36:06] INFO     BIST:Header (ok)
[2022-12-17 22:36:17] INFO     BIST:Header (ok)
[2022-12-17 22:36:29] INFO     BIST:Header (ok)
[2022-12-17 22:36:41] INFO     BIST:Header (ok)
[2022-12-17 22:36:52] INFO     BIST:Header (ok)
[2022-12-17 22:37:04] INFO     BIST:Header (ok)
[2022-12-17 22:37:12] ERROR    BIST:Data Errors (2286,0,0:2286/1)
[2022-12-17 22:37:14] ERROR    BIST:Data Errors (474,0,0:474/2)
[2022-12-17 22:37:15] ERROR    BIST:Data Errors (474,0,0:474/3)
[2022-12-17 22:37:15] INFO     BIST:Header (err 3)
[2022-12-17 22:37:17] ERROR    BIST:Data Errors (3115,0,0:3115/4)
[2022-12-17 22:37:27] INFO     BIST:Header (err 1)
[2022-12-17 22:37:36] ERROR    BIST:Data Errors (1676,0,0:1676/1)
[2022-12-17 22:37:37] ERROR    BIST:Data Errors (474,0,0:474/2)
[2022-12-17 22:37:39] ERROR    BIST:Data Errors (473,0,0:473/3)
[2022-12-17 22:37:39] INFO     BIST:Header (err 3)
[2022-12-17 22:37:40] ERROR    BIST:Data Errors (3726,0,0:3726/4)
[2022-12-17 22:37:50] INFO     BIST:Header (err 1)
[2022-12-17 22:38:02] INFO     BIST:Header (ok)
[2022-12-17 22:38:13] INFO     BIST:Header (ok)
[2022-12-17 22:38:25] INFO     BIST:Header (ok)
[2022-12-17 22:38:37] INFO     BIST:Header (ok)
[2022-12-17 22:38:45] ERROR    BIST:Data Errors (3940,0,0:3940/1)
[2022-12-17 22:38:48] ERROR    BIST:Data Errors (473,0,0:473/1)
[2022-12-17 22:38:48] INFO     BIST:Header (err 2)
[2022-12-17 22:38:50] ERROR    BIST:Data Errors (5558,0,0:5558/2)
[2022-12-17 22:39:00] INFO     BIST:Header (err 1)
[2022-12-17 22:39:12] INFO     BIST:Header (ok)
[2022-12-17 22:39:23] INFO     BIST:Header (ok)
[2022-12-17 22:39:35] INFO     BIST:Header (ok)
[2022-12-17 22:39:46] INFO     BIST:Header (ok)
[2022-12-17 22:39:58] INFO     BIST:Header (ok)
[2022-12-17 22:40:10] INFO     BIST:Header (ok)
[2022-12-17 22:40:21] INFO     BIST:Header (ok)
[2022-12-17 22:40:33] INFO     BIST:Header (ok)
[2022-12-17 22:40:44] INFO     BIST:Header (ok)
[2022-12-17 22:40:56] INFO     BIST:Header (ok)
[2022-12-17 22:41:08] INFO     BIST:Header (ok)
[2022-12-17 22:41:19] INFO     BIST:Header (ok)
[2022-12-17 22:41:31] INFO     BIST:Header (ok)
[2022-12-17 22:41:40] ERROR    BIST:Data Errors (3456,0,0:3456/1)
[2022-12-17 22:41:41] ERROR    BIST:Data Errors (474,0,0:474/2)
[2022-12-17 22:41:42] INFO     BIST:Header (err 2)
[2022-12-17 22:41:44] ERROR    BIST:Data Errors (6041,0,0:6041/1)
[2022-12-17 22:41:54] INFO     BIST:Header (err 1)
[2022-12-17 22:42:06] INFO     BIST:Header (ok)
[2022-12-17 22:42:17] INFO     BIST:Header (ok)
[2022-12-17 22:42:29] INFO     BIST:Header (ok)
[2022-12-17 22:42:41] INFO     BIST:Header (ok)
[2022-12-17 22:42:52] INFO     BIST:Header (ok)
[2022-12-17 22:43:04] INFO     BIST:Header (ok)
[2022-12-17 22:43:15] INFO     BIST:Header (ok)
[2022-12-17 22:43:24] ERROR    BIST:Data Errors (79,0,0:79/1)
[2022-12-17 22:43:26] ERROR    BIST:Data Errors (474,0,0:474/2)
[2022-12-17 22:43:27] ERROR    BIST:Data Errors (474,0,0:474/3)
[2022-12-17 22:43:27] INFO     BIST:Header (err 3)
[2022-12-17 22:43:28] ERROR    BIST:Data Errors (4693,0,0:4693/4)
[2022-12-17 22:43:39] INFO     BIST:Header (err 1)
[2022-12-17 22:43:50] INFO     BIST:Header (ok)
[2022-12-17 22:44:02] INFO     BIST:Header (ok)
[2022-12-17 22:44:13] INFO     BIST:Header (ok)
[2022-12-17 22:44:25] INFO     BIST:Header (ok)
[2022-12-17 22:44:37] INFO     BIST:Header (ok)
[2022-12-17 22:44:48] INFO     BIST:Header (ok)
[2022-12-17 22:45:00] INFO     BIST:Header (ok)
[2022-12-17 22:45:11] INFO     BIST:Header (ok)
[2022-12-17 22:45:23] INFO     BIST:Header (ok)
[2022-12-17 22:45:35] INFO     BIST:Header (ok)
[2022-12-17 22:45:43] ERROR    BIST:Data Errors (1140,0,0:1140/1)
[2022-12-17 22:45:45] ERROR    BIST:Data Errors (474,0,0:474/2)
[2022-12-17 22:45:46] ERROR    BIST:Data Errors (474,0,0:474/3)
[2022-12-17 22:45:46] INFO     BIST:Header (err 3)
[2022-12-17 22:45:48] ERROR    BIST:Data Errors (4261,0,0:4261/4)
[2022-12-17 22:45:58] INFO     BIST:Header (err 1)
[2022-12-17 22:46:10] INFO     BIST:Header (ok)
[2022-12-17 22:46:21] INFO     BIST:Header (ok)
[2022-12-17 22:46:33] INFO     BIST:Header (ok)
[2022-12-17 22:46:44] INFO     BIST:Header (ok)
[2022-12-17 22:46:56] INFO     BIST:Header (ok)
[2022-12-17 22:47:08] INFO     BIST:Header (ok)
[2022-12-17 22:47:19] INFO     BIST:Header (ok)
[2022-12-17 22:47:31] INFO     BIST:Header (ok)
[2022-12-17 22:47:42] INFO     BIST:Header (ok)
[2022-12-17 22:47:54] INFO     BIST:Header (ok)
[2022-12-17 22:48:06] INFO     BIST:Header (ok)
[2022-12-17 22:48:17] INFO     BIST:Header (ok)
[2022-12-17 22:48:29] INFO     BIST:Header (ok)
[2022-12-17 22:48:41] INFO     BIST:Header (ok)
[2022-12-17 22:48:52] INFO     BIST:Header (ok)
[2022-12-17 22:49:04] INFO     BIST:Header (ok)
[2022-12-17 22:49:15] INFO     BIST:Header (ok)
[2022-12-17 22:49:27] INFO     BIST:Header (ok)
[2022-12-17 22:49:39] INFO     BIST:Header (ok)
[2022-12-17 22:49:50] INFO     BIST:Header (ok)
[2022-12-17 22:50:02] INFO     BIST:Header (ok)
[2022-12-17 22:50:13] INFO     BIST:Header (ok)
[2022-12-17 22:50:25] INFO     BIST:Header (ok)
[2022-12-17 22:50:37] INFO     BIST:Header (ok)
[2022-12-17 22:50:48] INFO     BIST:Header (ok)
[2022-12-17 22:51:00] INFO     BIST:Header (ok)
[2022-12-17 22:51:11] INFO     BIST:Header (ok)
[2022-12-17 22:51:23] INFO     BIST:Header (ok)
[2022-12-17 22:51:35] INFO     BIST:Header (ok)
[2022-12-17 22:51:46] INFO     BIST:Header (ok)
[2022-12-17 22:51:58] INFO     BIST:Header (ok)
[2022-12-17 22:52:10] INFO     BIST:Header (ok)
[2022-12-17 22:52:21] INFO     BIST:Header (ok)
[2022-12-17 22:52:33] INFO     BIST:Header (ok)
[2022-12-17 22:52:44] INFO     BIST:Header (ok)
[2022-12-17 22:52:56] INFO     BIST:Header (ok)
[2022-12-17 22:53:08] INFO     BIST:Header (ok)
[2022-12-17 22:53:19] INFO     BIST:Header (ok)
[2022-12-17 22:53:31] INFO     BIST:Header (ok)
[2022-12-17 22:53:42] INFO     BIST:Header (ok)
[2022-12-17 22:53:51] ERROR    BIST:Data Errors (548,0,0:548/1)
[2022-12-17 22:53:53] ERROR    BIST:Data Errors (474,0,0:474/2)
[2022-12-17 22:53:54] ERROR    BIST:Data Errors (474,0,0:474/3)
[2022-12-17 22:53:54] INFO     BIST:Header (err 3)
[2022-12-17 22:53:55] ERROR    BIST:Data Errors (4796,0,0:4796/4)
[2022-12-17 22:54:06] INFO     BIST:Header (err 1)
[2022-12-17 22:54:16] ERROR    BIST:Data Errors (474,0,0:474/1)
[2022-12-17 22:54:17] ERROR    BIST:Data Errors (474,0,0:474/2)
[2022-12-17 22:54:17] INFO     BIST:Header (err 2)
[2022-12-17 22:54:19] ERROR    BIST:Data Errors (5407,0,0:5407/3)
[2022-12-17 22:54:29] INFO     BIST:Header (err 1)
[2022-12-17 22:54:40] INFO     BIST:Header (ok)
[2022-12-17 22:54:52] INFO     BIST:Header (ok)
[2022-12-17 22:55:04] INFO     BIST:Header (ok)
[2022-12-17 22:55:12] ERROR    BIST:Data Errors (2507,0,0:2507/1)
[2022-12-17 22:55:14] ERROR    BIST:Data Errors (474,0,0:474/2)
[2022-12-17 22:55:15] ERROR    BIST:Data Errors (473,0,0:473/3)
[2022-12-17 22:55:15] INFO     BIST:Header (err 3)
[2022-12-17 22:55:17] ERROR    BIST:Data Errors (2838,0,0:2838/4)
[2022-12-17 22:55:27] INFO     BIST:Header (err 1)
[2022-12-17 22:55:39] INFO     BIST:Header (ok)
[2022-12-17 22:55:50] INFO     BIST:Header (ok)
[2022-12-17 22:56:02] INFO     BIST:Header (ok)
[2022-12-17 22:56:13] INFO     BIST:Header (ok)
[2022-12-17 22:56:25] INFO     BIST:Header (ok)
[2022-12-17 22:56:37] INFO     BIST:Header (ok)
[2022-12-17 22:56:48] INFO     BIST:Header (ok)
[2022-12-17 22:57:00] INFO     BIST:Header (ok)
[2022-12-17 22:57:11] INFO     BIST:Header (ok)
[2022-12-17 22:57:23] INFO     BIST:Header (ok)
[2022-12-17 22:57:35] INFO     BIST:Header (ok)
[2022-12-17 22:57:46] INFO     BIST:Header (ok)
[2022-12-17 22:57:58] INFO     BIST:Header (ok)
[2022-12-17 22:58:09] INFO     BIST:Header (ok)
[2022-12-17 22:58:21] INFO     BIST:Header (ok)
[2022-12-17 22:58:30] ERROR    BIST:Data Errors (1469,0,0:1469/1)
[2022-12-17 22:58:31] ERROR    BIST:Data Errors (474,0,0:474/2)
[2022-12-17 22:58:33] ERROR    BIST:Data Errors (474,0,0:474/3)
[2022-12-17 22:58:33] INFO     BIST:Header (err 3)
[2022-12-17 22:58:34] ERROR    BIST:Data Errors (3932,0,0:3932/4)
[2022-12-17 22:58:44] INFO     BIST:Header (err 1)
[2022-12-17 22:58:56] INFO     BIST:Header (ok)
[2022-12-17 22:59:08] INFO     BIST:Header (ok)
[2022-12-17 22:59:19] INFO     BIST:Header (ok)
[2022-12-17 22:59:31] INFO     BIST:Header (ok)
[2022-12-17 22:59:42] INFO     BIST:Header (ok)
[2022-12-17 22:59:54] INFO     BIST:Header (ok)
[2022-12-17 23:00:06] INFO     BIST:Header (ok)
[2022-12-17 23:00:17] INFO     BIST:Header (ok)
[2022-12-17 23:00:29] INFO     BIST:Header (ok)
[2022-12-17 23:00:40] INFO     BIST:Header (ok)
[2022-12-17 23:00:52] INFO     BIST:Header (ok)
[2022-12-17 23:01:04] INFO     BIST:Header (ok)
[2022-12-17 23:01:15] INFO     BIST:Header (ok)
[2022-12-17 23:01:27] INFO     BIST:Header (ok)
[2022-12-17 23:01:38] INFO     BIST:Header (ok)
[2022-12-17 23:01:50] INFO     BIST:Header (ok)
[2022-12-17 23:02:02] INFO     BIST:Header (ok)
[2022-12-17 23:02:10] ERROR    BIST:Data Errors (3860,0,0:3860/1)
[2022-12-17 23:02:13] ERROR    BIST:Data Errors (474,0,0:474/1)
[2022-12-17 23:02:13] INFO     BIST:Header (err 2)
[2022-12-17 23:02:15] ERROR    BIST:Data Errors (5637,0,0:5637/2)
[2022-12-17 23:02:25] INFO     BIST:Header (err 1)
[2022-12-17 23:02:37] INFO     BIST:Header (ok)
[2022-12-17 23:02:48] INFO     BIST:Header (ok)
[2022-12-17 23:03:00] INFO     BIST:Header (ok)
[2022-12-17 23:03:11] INFO     BIST:Header (ok)
[2022-12-17 23:03:23] INFO     BIST:Header (ok)
[2022-12-17 23:03:35] INFO     BIST:Header (ok)
[2022-12-17 23:03:46] INFO     BIST:Header (ok)
[2022-12-17 23:03:58] INFO     BIST:Header (ok)
[2022-12-17 23:04:09] INFO     BIST:Header (ok)
[2022-12-17 23:04:21] INFO     BIST:Header (ok)
[2022-12-17 23:04:33] INFO     BIST:Header (ok)
[2022-12-17 23:04:44] INFO     BIST:Header (ok)
[2022-12-17 23:04:56] INFO     BIST:Header (ok)
[2022-12-17 23:05:08] INFO     BIST:Header (ok)
[2022-12-17 23:05:19] INFO     BIST:Header (ok)
[2022-12-17 23:05:31] INFO     BIST:Header (ok)
[2022-12-17 23:05:42] INFO     BIST:Header (ok)
[2022-12-17 23:05:54] INFO     BIST:Header (ok)
[2022-12-17 23:06:06] INFO     BIST:Header (ok)
[2022-12-17 23:06:17] INFO     BIST:Header (ok)
[2022-12-17 23:06:29] INFO     BIST:Header (ok)
[2022-12-17 23:06:40] INFO     BIST:Header (ok)
[2022-12-17 23:06:52] INFO     BIST:Header (ok)
[2022-12-17 23:07:04] INFO     BIST:Header (ok)
[2022-12-17 23:07:15] INFO     BIST:Header (ok)
[2022-12-17 23:07:27] INFO     BIST:Header (ok)
[2022-12-17 23:07:36] ERROR    BIST:Data Errors (3446,0,0:3446/1)
[2022-12-17 23:07:37] ERROR    BIST:Data Errors (474,0,0:474/2)
[2022-12-17 23:07:38] INFO     BIST:Header (err 2)
[2022-12-17 23:07:40] ERROR    BIST:Data Errors (5994,0,0:5994/1)
[2022-12-17 23:07:50] INFO     BIST:Header (err 1)
[2022-12-17 23:08:02] INFO     BIST:Header (ok)
[2022-12-17 23:08:13] INFO     BIST:Header (ok)
[2022-12-17 23:08:25] INFO     BIST:Header (ok)
[2022-12-17 23:08:37] INFO     BIST:Header (ok)
[2022-12-17 23:08:48] INFO     BIST:Header (ok)
[2022-12-17 23:09:00] INFO     BIST:Header (ok)
[2022-12-17 23:09:11] INFO     BIST:Header (ok)
[2022-12-17 23:09:23] INFO     BIST:Header (ok)
[2022-12-17 23:09:35] INFO     BIST:Header (ok)
[2022-12-17 23:09:46] INFO     BIST:Header (ok)
[2022-12-17 23:09:55] ERROR    BIST:Data Errors (3935,0,0:3935/1)
[2022-12-17 23:09:58] ERROR    BIST:Data Errors (474,0,0:474/1)
[2022-12-17 23:09:58] INFO     BIST:Header (err 2)
[2022-12-17 23:09:59] ERROR    BIST:Data Errors (5562,0,0:5562/2)
[2022-12-17 23:10:09] INFO     BIST:Header (err 1)
[2022-12-17 23:10:21] INFO     BIST:Header (ok)
[2022-12-17 23:10:33] INFO     BIST:Header (ok)
[2022-12-17 23:10:44] INFO     BIST:Header (ok)
[2022-12-17 23:10:56] INFO     BIST:Header (ok)
[2022-12-17 23:11:07] INFO     BIST:Header (ok)
[2022-12-17 23:11:19] INFO     BIST:Header (ok)
[2022-12-17 23:11:31] INFO     BIST:Header (ok)
[2022-12-17 23:11:42] INFO     BIST:Header (ok)
[2022-12-17 23:11:54] INFO     BIST:Header (ok)
[2022-12-17 23:12:06] INFO     BIST:Header (ok)
[2022-12-17 23:12:17] INFO     BIST:Header (ok)
[2022-12-17 23:12:29] INFO     BIST:Header (ok)
[2022-12-17 23:12:40] INFO     BIST:Header (ok)
[2022-12-17 23:12:52] INFO     BIST:Header (ok)
[2022-12-17 23:13:04] INFO     BIST:Header (ok)
[2022-12-17 23:13:15] INFO     BIST:Header (ok)
[2022-12-17 23:13:27] INFO     BIST:Header (ok)
[2022-12-17 23:13:38] INFO     BIST:Header (ok)
[2022-12-17 23:13:50] INFO     BIST:Header (ok)
[2022-12-17 23:14:02] INFO     BIST:Header (ok)
[2022-12-17 23:14:13] INFO     BIST:Header (ok)
[2022-12-17 23:14:25] INFO     BIST:Header (ok)
[2022-12-17 23:14:36] INFO     BIST:Header (ok)
[2022-12-17 23:14:48] INFO     BIST:Header (ok)
[2022-12-17 23:15:00] INFO     BIST:Header (ok)
[2022-12-17 23:15:11] INFO     BIST:Header (ok)
[2022-12-17 23:15:23] INFO     BIST:Header (ok)
[2022-12-17 23:15:35] INFO     BIST:Header (ok)
[2022-12-17 23:15:46] INFO     BIST:Header (ok)
[2022-12-17 23:15:58] INFO     BIST:Header (ok)
[2022-12-17 23:16:09] INFO     BIST:Header (ok)
[2022-12-17 23:16:21] INFO     BIST:Header (ok)
[2022-12-17 23:16:33] INFO     BIST:Header (ok)
[2022-12-17 23:16:44] INFO     BIST:Header (ok)
[2022-12-17 23:16:56] INFO     BIST:Header (ok)
[2022-12-17 23:17:07] INFO     BIST:Header (ok)
[2022-12-17 23:17:19] INFO     BIST:Header (ok)
[2022-12-17 23:17:31] INFO     BIST:Header (ok)
[2022-12-17 23:17:42] INFO     BIST:Header (ok)
[2022-12-17 23:17:54] INFO     BIST:Header (ok)
[2022-12-17 23:18:06] INFO     BIST:Header (ok)
[2022-12-17 23:18:17] INFO     BIST:Header (ok)
[2022-12-17 23:18:29] INFO     BIST:Header (ok)
[2022-12-17 23:18:40] INFO     BIST:Header (ok)
[2022-12-17 23:18:52] INFO     BIST:Header (ok)
[2022-12-17 23:19:04] INFO     BIST:Header (ok)
[2022-12-17 23:19:15] INFO     BIST:Header (ok)
[2022-12-17 23:19:27] INFO     BIST:Header (ok)
[2022-12-17 23:19:38] INFO     BIST:Header (ok)
[2022-12-17 23:19:50] INFO     BIST:Header (ok)
[2022-12-17 23:20:02] INFO     BIST:Header (ok)
[2022-12-17 23:20:13] INFO     BIST:Header (ok)
[2022-12-17 23:20:25] INFO     BIST:Header (ok)
[2022-12-17 23:20:36] INFO     BIST:Header (ok)
[2022-12-17 23:20:48] INFO     BIST:Header (ok)
[2022-12-17 23:21:00] INFO     BIST:Header (ok)
[2022-12-17 23:21:11] INFO     BIST:Header (ok)
[2022-12-17 23:21:23] INFO     BIST:Header (ok)
[2022-12-17 23:21:35] INFO     BIST:Header (ok)
[2022-12-17 23:21:46] INFO     BIST:Header (ok)
[2022-12-17 23:21:58] INFO     BIST:Header (ok)
[2022-12-17 23:22:06] ERROR    BIST:Data Errors (1084,0,0:1084/1)
[2022-12-17 23:22:08] ERROR    BIST:Data Errors (474,0,0:474/2)
[2022-12-17 23:22:09] ERROR    BIST:Data Errors (474,0,0:474/3)
[2022-12-17 23:22:09] INFO     BIST:Header (err 3)
[2022-12-17 23:22:11] ERROR    BIST:Data Errors (4317,0,0:4317/4)
[2022-12-17 23:22:21] INFO     BIST:Header (err 1)
[2022-12-17 23:22:33] INFO     BIST:Header (ok)
[2022-12-17 23:22:44] INFO     BIST:Header (ok)
[2022-12-17 23:22:56] INFO     BIST:Header (ok)
[2022-12-17 23:23:07] INFO     BIST:Header (ok)
[2022-12-17 23:23:19] INFO     BIST:Header (ok)
[2022-12-17 23:23:31] INFO     BIST:Header (ok)
[2022-12-17 23:23:42] INFO     BIST:Header (ok)
[2022-12-17 23:23:54] INFO     BIST:Header (ok)
[2022-12-17 23:24:05] INFO     BIST:Header (ok)
[2022-12-17 23:24:17] INFO     BIST:Header (ok)
[2022-12-17 23:24:29] INFO     BIST:Header (ok)
[2022-12-17 23:24:40] INFO     BIST:Header (ok)
[2022-12-17 23:24:52] INFO     BIST:Header (ok)
[2022-12-17 23:25:04] INFO     BIST:Header (ok)
[2022-12-17 23:25:15] INFO     BIST:Header (ok)
[2022-12-17 23:25:27] INFO     BIST:Header (ok)
[2022-12-17 23:25:38] INFO     BIST:Header (ok)
[2022-12-17 23:25:50] INFO     BIST:Header (ok)
[2022-12-17 23:26:02] INFO     BIST:Header (ok)
[2022-12-17 23:26:10] ERROR    BIST:Data Errors (2808,0,0:2808/1)
[2022-12-17 23:26:12] ERROR    BIST:Data Errors (474,0,0:474/2)
[2022-12-17 23:26:13] ERROR    BIST:Data Errors (473,0,0:473/3)
[2022-12-17 23:26:13] INFO     BIST:Header (err 3)
[2022-12-17 23:26:15] ERROR    BIST:Data Errors (2537,0,0:2537/4)
[2022-12-17 23:26:25] INFO     BIST:Header (err 1)
[2022-12-17 23:26:36] INFO     BIST:Header (ok)
[2022-12-17 23:26:48] INFO     BIST:Header (ok)
[2022-12-17 23:27:00] INFO     BIST:Header (ok)
[2022-12-17 23:27:11] INFO     BIST:Header (ok)
[2022-12-17 23:27:23] INFO     BIST:Header (ok)
[2022-12-17 23:27:34] INFO     BIST:Header (ok)
[2022-12-17 23:27:46] INFO     BIST:Header (ok)
[2022-12-17 23:27:58] INFO     BIST:Header (ok)
[2022-12-17 23:28:09] INFO     BIST:Header (ok)
[2022-12-17 23:28:21] INFO     BIST:Header (ok)
[2022-12-17 23:28:33] INFO     BIST:Header (ok)
[2022-12-17 23:28:44] INFO     BIST:Header (ok)
[2022-12-17 23:28:56] INFO     BIST:Header (ok)
[2022-12-17 23:29:07] INFO     BIST:Header (ok)
[2022-12-17 23:29:19] INFO     BIST:Header (ok)
[2022-12-17 23:29:31] INFO     BIST:Header (ok)
[2022-12-17 23:29:42] INFO     BIST:Header (ok)
[2022-12-17 23:29:54] INFO     BIST:Header (ok)
[2022-12-17 23:30:05] INFO     BIST:Header (ok)
[2022-12-17 23:30:17] INFO     BIST:Header (ok)
[2022-12-17 23:30:29] INFO     BIST:Header (ok)
[2022-12-17 23:30:40] INFO     BIST:Header (ok)
[2022-12-17 23:30:52] INFO     BIST:Header (ok)
[2022-12-17 23:31:03] INFO     BIST:Header (ok)
[2022-12-17 23:31:15] INFO     BIST:Header (ok)
[2022-12-17 23:31:27] INFO     BIST:Header (ok)
[2022-12-17 23:31:38] INFO     BIST:Header (ok)
[2022-12-17 23:31:50] INFO     BIST:Header (ok)
[2022-12-17 23:32:02] INFO     BIST:Header (ok)
[2022-12-17 23:32:13] INFO     BIST:Header (ok)
[2022-12-17 23:32:25] INFO     BIST:Header (ok)
[2022-12-17 23:32:36] INFO     BIST:Header (ok)
[2022-12-17 23:32:48] INFO     BIST:Header (ok)
[2022-12-17 23:33:00] INFO     BIST:Header (ok)
[2022-12-17 23:33:11] INFO     BIST:Header (ok)
[2022-12-17 23:33:23] INFO     BIST:Header (ok)
[2022-12-17 23:33:34] INFO     BIST:Header (ok)
[2022-12-17 23:33:46] INFO     BIST:Header (ok)
[2022-12-17 23:33:58] INFO     BIST:Header (ok)
[2022-12-17 23:34:09] INFO     BIST:Header (ok)
[2022-12-17 23:34:21] INFO     BIST:Header (ok)
[2022-12-17 23:34:33] INFO     BIST:Header (ok)
[2022-12-17 23:34:44] INFO     BIST:Header (ok)
[2022-12-17 23:34:56] INFO     BIST:Header (ok)
[2022-12-17 23:35:07] INFO     BIST:Header (ok)
[2022-12-17 23:35:19] INFO     BIST:Header (ok)
[2022-12-17 23:35:31] INFO     BIST:Header (ok)
[2022-12-17 23:35:42] INFO     BIST:Header (ok)
[2022-12-17 23:35:54] INFO     BIST:Header (ok)
[2022-12-17 23:36:05] INFO     BIST:Header (ok)
[2022-12-17 23:36:17] INFO     BIST:Header (ok)
[2022-12-17 23:36:29] INFO     BIST:Header (ok)
[2022-12-17 23:36:40] INFO     BIST:Header (ok)
[2022-12-17 23:36:52] INFO     BIST:Header (ok)
[2022-12-17 23:37:03] INFO     BIST:Header (ok)
[2022-12-17 23:37:15] INFO     BIST:Header (ok)
[2022-12-17 23:37:27] INFO     BIST:Header (ok)
[2022-12-17 23:37:35] ERROR    BIST:Data Errors (1178,0,0:1178/1)
[2022-12-17 23:37:37] ERROR    BIST:Data Errors (474,0,0:474/2)
[2022-12-17 23:37:38] ERROR    BIST:Data Errors (474,0,0:474/3)
[2022-12-17 23:37:38] INFO     BIST:Header (err 3)
[2022-12-17 23:37:40] ERROR    BIST:Data Errors (4166,0,0:4166/4)
[2022-12-17 23:37:50] INFO     BIST:Header (err 1)
[2022-12-17 23:38:02] INFO     BIST:Header (ok)
[2022-12-17 23:38:13] INFO     BIST:Header (ok)
[2022-12-17 23:38:25] INFO     BIST:Header (ok)
[2022-12-17 23:38:36] INFO     BIST:Header (ok)
[2022-12-17 23:38:48] INFO     BIST:Header (ok)
[2022-12-17 23:39:00] INFO     BIST:Header (ok)
[2022-12-17 23:39:08] ERROR    BIST:Data Errors (2888,0,0:2888/1)
[2022-12-17 23:39:10] ERROR    BIST:Data Errors (474,0,0:474/2)
[2022-12-17 23:39:11] ERROR    BIST:Data Errors (474,0,0:474/3)
[2022-12-17 23:39:11] INFO     BIST:Header (err 3)
[2022-12-17 23:39:13] ERROR    BIST:Data Errors (2513,0,0:2513/4)
[2022-12-17 23:39:23] INFO     BIST:Header (err 1)
[2022-12-17 23:39:34] INFO     BIST:Header (ok)
[2022-12-17 23:39:46] INFO     BIST:Header (ok)
[2022-12-17 23:39:58] INFO     BIST:Header (ok)
[2022-12-17 23:40:09] INFO     BIST:Header (ok)
[2022-12-17 23:40:21] INFO     BIST:Header (ok)
[2022-12-17 23:40:32] INFO     BIST:Header (ok)
[2022-12-17 23:40:44] INFO     BIST:Header (ok)
[2022-12-17 23:40:56] INFO     BIST:Header (ok)
[2022-12-17 23:41:07] INFO     BIST:Header (ok)
[2022-12-17 23:41:19] INFO     BIST:Header (ok)
[2022-12-17 23:41:31] INFO     BIST:Header (ok)
[2022-12-17 23:41:42] INFO     BIST:Header (ok)
[2022-12-17 23:41:54] INFO     BIST:Header (ok)
[2022-12-17 23:42:05] INFO     BIST:Header (ok)
[2022-12-17 23:42:17] INFO     BIST:Header (ok)
[2022-12-17 23:42:29] INFO     BIST:Header (ok)
[2022-12-17 23:42:40] INFO     BIST:Header (ok)
[2022-12-17 23:42:52] INFO     BIST:Header (ok)
[2022-12-17 23:43:03] INFO     BIST:Header (ok)
[2022-12-17 23:43:15] INFO     BIST:Header (ok)
[2022-12-17 23:43:27] INFO     BIST:Header (ok)
[2022-12-17 23:43:38] INFO     BIST:Header (ok)
[2022-12-17 23:43:50] INFO     BIST:Header (ok)
[2022-12-17 23:44:01] INFO     BIST:Header (ok)
[2022-12-17 23:44:13] INFO     BIST:Header (ok)
[2022-12-17 23:44:25] INFO     BIST:Header (ok)
[2022-12-17 23:44:36] INFO     BIST:Header (ok)
[2022-12-17 23:44:48] INFO     BIST:Header (ok)
[2022-12-17 23:45:00] INFO     BIST:Header (ok)
[2022-12-17 23:45:11] INFO     BIST:Header (ok)
[2022-12-17 23:45:23] INFO     BIST:Header (ok)
[2022-12-17 23:45:34] INFO     BIST:Header (ok)
[2022-12-17 23:45:46] INFO     BIST:Header (ok)
[2022-12-17 23:45:58] INFO     BIST:Header (ok)
[2022-12-17 23:46:09] INFO     BIST:Header (ok)
[2022-12-17 23:46:21] INFO     BIST:Header (ok)
[2022-12-17 23:46:32] INFO     BIST:Header (ok)
[2022-12-17 23:46:44] INFO     BIST:Header (ok)
[2022-12-17 23:46:56] INFO     BIST:Header (ok)
[2022-12-17 23:47:07] INFO     BIST:Header (ok)
[2022-12-17 23:47:19] INFO     BIST:Header (ok)
[2022-12-17 23:47:30] INFO     BIST:Header (ok)
[2022-12-17 23:47:42] INFO     BIST:Header (ok)
[2022-12-17 23:47:54] INFO     BIST:Header (ok)
[2022-12-17 23:48:05] INFO     BIST:Header (ok)
[2022-12-17 23:48:17] INFO     BIST:Header (ok)
[2022-12-17 23:48:29] INFO     BIST:Header (ok)
[2022-12-17 23:48:40] INFO     BIST:Header (ok)
[2022-12-17 23:48:52] INFO     BIST:Header (ok)
[2022-12-17 23:49:03] INFO     BIST:Header (ok)
[2022-12-17 23:49:15] INFO     BIST:Header (ok)
[2022-12-17 23:49:27] INFO     BIST:Header (ok)
[2022-12-17 23:49:38] INFO     BIST:Header (ok)
[2022-12-17 23:49:50] INFO     BIST:Header (ok)
[2022-12-17 23:50:01] INFO     BIST:Header (ok)
[2022-12-17 23:50:13] INFO     BIST:Header (ok)
[2022-12-17 23:50:25] INFO     BIST:Header (ok)
[2022-12-17 23:50:36] INFO     BIST:Header (ok)
[2022-12-17 23:50:48] INFO     BIST:Header (ok)
[2022-12-17 23:51:00] INFO     BIST:Header (ok)
[2022-12-17 23:51:11] INFO     BIST:Header (ok)
[2022-12-17 23:51:23] INFO     BIST:Header (ok)
[2022-12-17 23:51:34] INFO     BIST:Header (ok)
[2022-12-17 23:51:46] INFO     BIST:Header (ok)
[2022-12-17 23:51:58] INFO     BIST:Header (ok)
[2022-12-17 23:52:09] INFO     BIST:Header (ok)
[2022-12-17 23:52:21] INFO     BIST:Header (ok)
[2022-12-17 23:52:32] INFO     BIST:Header (ok)
[2022-12-17 23:52:44] INFO     BIST:Header (ok)
[2022-12-17 23:52:56] INFO     BIST:Header (ok)
[2022-12-17 23:53:07] INFO     BIST:Header (ok)
[2022-12-17 23:53:19] INFO     BIST:Header (ok)
[2022-12-17 23:53:28] ERROR    BIST:Data Errors (775,0,0:775/1)
[2022-12-17 23:53:29] ERROR    BIST:Data Errors (474,0,0:474/2)
[2022-12-17 23:53:30] ERROR    BIST:Data Errors (474,0,0:474/3)
[2022-12-17 23:53:30] INFO     BIST:Header (err 3)
[2022-12-17 23:53:32] ERROR    BIST:Data Errors (4626,0,0:4626/4)
[2022-12-17 23:53:42] INFO     BIST:Header (err 1)
[2022-12-17 23:53:54] INFO     BIST:Header (ok)
[2022-12-17 23:54:05] INFO     BIST:Header (ok)
[2022-12-17 23:54:17] INFO     BIST:Header (ok)
[2022-12-17 23:54:29] INFO     BIST:Header (ok)
[2022-12-17 23:54:40] INFO     BIST:Header (ok)
[2022-12-17 23:54:52] INFO     BIST:Header (ok)
[2022-12-17 23:55:03] INFO     BIST:Header (ok)
[2022-12-17 23:55:15] INFO     BIST:Header (ok)
[2022-12-17 23:55:27] INFO     BIST:Header (ok)
[2022-12-17 23:55:38] INFO     BIST:Header (ok)
[2022-12-17 23:55:50] INFO     BIST:Header (ok)
[2022-12-17 23:56:01] INFO     BIST:Header (ok)
[2022-12-17 23:56:13] INFO     BIST:Header (ok)
[2022-12-17 23:56:25] INFO     BIST:Header (ok)
[2022-12-17 23:56:36] INFO     BIST:Header (ok)
[2022-12-17 23:56:48] INFO     BIST:Header (ok)
[2022-12-17 23:56:59] INFO     BIST:Header (ok)
[2022-12-17 23:57:11] INFO     BIST:Header (ok)
[2022-12-17 23:57:23] INFO     BIST:Header (ok)
[2022-12-17 23:57:34] INFO     BIST:Header (ok)
[2022-12-17 23:57:46] INFO     BIST:Header (ok)
[2022-12-17 23:57:58] INFO     BIST:Header (ok)
[2022-12-17 23:58:09] INFO     BIST:Header (ok)
[2022-12-17 23:58:21] INFO     BIST:Header (ok)
[2022-12-17 23:58:32] INFO     BIST:Header (ok)
[2022-12-17 23:58:44] INFO     BIST:Header (ok)
[2022-12-17 23:58:56] INFO     BIST:Header (ok)
[2022-12-17 23:59:07] INFO     BIST:Header (ok)
[2022-12-17 23:59:19] INFO     BIST:Header (ok)
[2022-12-17 23:59:30] INFO     BIST:Header (ok)
[2022-12-17 23:59:42] INFO     BIST:Header (ok)
[2022-12-17 23:59:54] INFO     BIST:Header (ok)
[2022-12-18 00:00:05] INFO     BIST:Header (ok)
[2022-12-18 00:00:17] INFO     BIST:Header (ok)
[2022-12-18 00:00:28] INFO     BIST:Header (ok)
[2022-12-18 00:00:40] INFO     BIST:Header (ok)
[2022-12-18 00:00:52] INFO     BIST:Header (ok)
[2022-12-18 00:01:03] INFO     BIST:Header (ok)
[2022-12-18 00:01:12] ERROR    BIST:Data Errors (850,0,0:850/1)
[2022-12-18 00:01:13] ERROR    BIST:Data Errors (474,0,0:474/2)
[2022-12-18 00:01:15] ERROR    BIST:Data Errors (474,0,0:474/3)
[2022-12-18 00:01:15] INFO     BIST:Header (err 3)
[2022-12-18 00:01:16] ERROR    BIST:Data Errors (4551,0,0:4551/4)
[2022-12-18 00:01:27] INFO     BIST:Header (err 1)
[2022-12-18 00:01:38] INFO     BIST:Header (ok)
[2022-12-18 00:01:50] INFO     BIST:Header (ok)
[2022-12-18 00:02:01] INFO     BIST:Header (ok)
[2022-12-18 00:02:13] INFO     BIST:Header (ok)
[2022-12-18 00:02:25] INFO     BIST:Header (ok)
[2022-12-18 00:02:36] INFO     BIST:Header (ok)
[2022-12-18 00:02:48] INFO     BIST:Header (ok)
[2022-12-18 00:02:59] INFO     BIST:Header (ok)
[2022-12-18 00:03:11] INFO     BIST:Header (ok)
[2022-12-18 00:03:23] INFO     BIST:Header (ok)
[2022-12-18 00:03:34] INFO     BIST:Header (ok)
[2022-12-18 00:03:46] INFO     BIST:Header (ok)
[2022-12-18 00:03:57] INFO     BIST:Header (ok)
[2022-12-18 00:04:09] INFO     BIST:Header (ok)
[2022-12-18 00:04:21] INFO     BIST:Header (ok)
[2022-12-18 00:04:32] INFO     BIST:Header (ok)
[2022-12-18 00:04:44] INFO     BIST:Header (ok)
[2022-12-18 00:04:56] INFO     BIST:Header (ok)
[2022-12-18 00:05:07] INFO     BIST:Header (ok)
[2022-12-18 00:05:19] INFO     BIST:Header (ok)
[2022-12-18 00:05:30] INFO     BIST:Header (ok)
[2022-12-18 00:05:42] INFO     BIST:Header (ok)
[2022-12-18 00:05:54] INFO     BIST:Header (ok)
[2022-12-18 00:06:05] INFO     BIST:Header (ok)
[2022-12-18 00:06:17] INFO     BIST:Header (ok)
[2022-12-18 00:06:28] INFO     BIST:Header (ok)
[2022-12-18 00:06:40] INFO     BIST:Header (ok)
[2022-12-18 00:06:52] INFO     BIST:Header (ok)
[2022-12-18 00:07:03] INFO     BIST:Header (ok)
[2022-12-18 00:07:15] INFO     BIST:Header (ok)
[2022-12-18 00:07:27] INFO     BIST:Header (ok)
[2022-12-18 00:07:38] INFO     BIST:Header (ok)
[2022-12-18 00:07:50] INFO     BIST:Header (ok)
[2022-12-18 00:07:58] ERROR    BIST:Data Errors (2452,0,0:2452/1)
[2022-12-18 00:08:00] ERROR    BIST:Data Errors (474,0,0:474/2)
[2022-12-18 00:08:01] ERROR    BIST:Data Errors (474,0,0:474/3)
[2022-12-18 00:08:01] INFO     BIST:Header (err 3)
[2022-12-18 00:08:03] ERROR    BIST:Data Errors (2949,0,0:2949/4)
[2022-12-18 00:08:13] INFO     BIST:Header (err 1)
[2022-12-18 00:08:25] INFO     BIST:Header (ok)
[2022-12-18 00:08:36] INFO     BIST:Header (ok)
[2022-12-18 00:08:48] INFO     BIST:Header (ok)
[2022-12-18 00:08:59] INFO     BIST:Header (ok)
[2022-12-18 00:09:11] INFO     BIST:Header (ok)
[2022-12-18 00:09:23] INFO     BIST:Header (ok)
[2022-12-18 00:09:34] INFO     BIST:Header (ok)
[2022-12-18 00:09:46] INFO     BIST:Header (ok)
[2022-12-18 00:09:57] INFO     BIST:Header (ok)
[2022-12-18 00:10:09] INFO     BIST:Header (ok)
[2022-12-18 00:10:21] INFO     BIST:Header (ok)
[2022-12-18 00:10:32] INFO     BIST:Header (ok)
[2022-12-18 00:10:44] INFO     BIST:Header (ok)
[2022-12-18 00:10:56] INFO     BIST:Header (ok)
[2022-12-18 00:11:07] INFO     BIST:Header (ok)
[2022-12-18 00:11:19] INFO     BIST:Header (ok)
[2022-12-18 00:11:30] INFO     BIST:Header (ok)
[2022-12-18 00:11:42] INFO     BIST:Header (ok)
[2022-12-18 00:11:54] INFO     BIST:Header (ok)
[2022-12-18 00:12:05] INFO     BIST:Header (ok)
[2022-12-18 00:12:17] INFO     BIST:Header (ok)
[2022-12-18 00:12:28] INFO     BIST:Header (ok)
[2022-12-18 00:12:40] INFO     BIST:Header (ok)
[2022-12-18 00:12:52] INFO     BIST:Header (ok)
[2022-12-18 00:13:03] INFO     BIST:Header (ok)
[2022-12-18 00:13:15] INFO     BIST:Header (ok)
[2022-12-18 00:13:26] INFO     BIST:Header (ok)
[2022-12-18 00:13:38] INFO     BIST:Header (ok)
[2022-12-18 00:13:50] INFO     BIST:Header (ok)
[2022-12-18 00:14:01] INFO     BIST:Header (ok)
[2022-12-18 00:14:13] INFO     BIST:Header (ok)
[2022-12-18 00:14:25] INFO     BIST:Header (ok)
[2022-12-18 00:14:36] INFO     BIST:Header (ok)
[2022-12-18 00:14:48] INFO     BIST:Header (ok)
[2022-12-18 00:14:59] INFO     BIST:Header (ok)
[2022-12-18 00:15:11] INFO     BIST:Header (ok)
[2022-12-18 00:15:23] INFO     BIST:Header (ok)
[2022-12-18 00:15:34] INFO     BIST:Header (ok)
[2022-12-18 00:15:46] INFO     BIST:Header (ok)
[2022-12-18 00:15:57] INFO     BIST:Header (ok)
[2022-12-18 00:16:09] INFO     BIST:Header (ok)
[2022-12-18 00:16:21] INFO     BIST:Header (ok)
[2022-12-18 00:16:32] INFO     BIST:Header (ok)
[2022-12-18 00:16:44] INFO     BIST:Header (ok)
[2022-12-18 00:16:55] INFO     BIST:Header (ok)
[2022-12-18 00:17:07] INFO     BIST:Header (ok)
[2022-12-18 00:17:19] INFO     BIST:Header (ok)
[2022-12-18 00:17:30] INFO     BIST:Header (ok)
[2022-12-18 00:17:42] INFO     BIST:Header (ok)
[2022-12-18 00:17:54] INFO     BIST:Header (ok)
[2022-12-18 00:18:05] INFO     BIST:Header (ok)
[2022-12-18 00:18:17] INFO     BIST:Header (ok)
[2022-12-18 00:18:28] INFO     BIST:Header (ok)
[2022-12-18 00:18:40] INFO     BIST:Header (ok)
[2022-12-18 00:18:52] INFO     BIST:Header (ok)
[2022-12-18 00:19:03] INFO     BIST:Header (ok)
[2022-12-18 00:19:15] INFO     BIST:Header (ok)
[2022-12-18 00:19:26] INFO     BIST:Header (ok)
[2022-12-18 00:19:38] INFO     BIST:Header (ok)
[2022-12-18 00:19:50] INFO     BIST:Header (ok)
[2022-12-18 00:20:01] INFO     BIST:Header (ok)
[2022-12-18 00:20:13] INFO     BIST:Header (ok)
[2022-12-18 00:20:24] INFO     BIST:Header (ok)
[2022-12-18 00:20:36] INFO     BIST:Header (ok)
[2022-12-18 00:20:48] INFO     BIST:Header (ok)
[2022-12-18 00:20:59] INFO     BIST:Header (ok)
[2022-12-18 00:21:11] INFO     BIST:Header (ok)
[2022-12-18 00:21:23] INFO     BIST:Header (ok)
[2022-12-18 00:21:34] INFO     BIST:Header (ok)
[2022-12-18 00:21:46] INFO     BIST:Header (ok)
[2022-12-18 00:21:57] INFO     BIST:Header (ok)
[2022-12-18 00:22:09] INFO     BIST:Header (ok)
[2022-12-18 00:22:21] INFO     BIST:Header (ok)
[2022-12-18 00:22:32] INFO     BIST:Header (ok)
[2022-12-18 00:22:44] INFO     BIST:Header (ok)
[2022-12-18 00:22:55] INFO     BIST:Header (ok)
[2022-12-18 00:23:07] INFO     BIST:Header (ok)
[2022-12-18 00:23:19] INFO     BIST:Header (ok)
[2022-12-18 00:23:30] INFO     BIST:Header (ok)
[2022-12-18 00:23:42] INFO     BIST:Header (ok)
[2022-12-18 00:23:54] INFO     BIST:Header (ok)
[2022-12-18 00:24:05] INFO     BIST:Header (ok)
[2022-12-18 00:24:17] INFO     BIST:Header (ok)
[2022-12-18 00:24:28] INFO     BIST:Header (ok)
[2022-12-18 00:24:40] INFO     BIST:Header (ok)
[2022-12-18 00:24:52] INFO     BIST:Header (ok)
[2022-12-18 00:25:03] INFO     BIST:Header (ok)
[2022-12-18 00:25:15] INFO     BIST:Header (ok)
[2022-12-18 00:25:26] INFO     BIST:Header (ok)
[2022-12-18 00:25:38] INFO     BIST:Header (ok)
[2022-12-18 00:25:50] INFO     BIST:Header (ok)
[2022-12-18 00:26:01] INFO     BIST:Header (ok)
[2022-12-18 00:26:13] INFO     BIST:Header (ok)
[2022-12-18 00:26:24] INFO     BIST:Header (ok)
[2022-12-18 00:26:36] INFO     BIST:Header (ok)
[2022-12-18 00:26:48] INFO     BIST:Header (ok)
[2022-12-18 00:26:59] INFO     BIST:Header (ok)
[2022-12-18 00:27:11] INFO     BIST:Header (ok)
[2022-12-18 00:27:23] INFO     BIST:Header (ok)
[2022-12-18 00:27:34] INFO     BIST:Header (ok)
[2022-12-18 00:27:46] INFO     BIST:Header (ok)
[2022-12-18 00:27:57] INFO     BIST:Header (ok)
[2022-12-18 00:28:09] INFO     BIST:Header (ok)
[2022-12-18 00:28:21] INFO     BIST:Header (ok)
[2022-12-18 00:28:32] INFO     BIST:Header (ok)
[2022-12-18 00:28:44] INFO     BIST:Header (ok)
[2022-12-18 00:28:55] INFO     BIST:Header (ok)
[2022-12-18 00:29:07] INFO     BIST:Header (ok)
[2022-12-18 00:29:19] INFO     BIST:Header (ok)
[2022-12-18 00:29:30] INFO     BIST:Header (ok)
[2022-12-18 00:29:42] INFO     BIST:Header (ok)
[2022-12-18 00:29:53] INFO     BIST:Header (ok)
[2022-12-18 00:30:05] INFO     BIST:Header (ok)
[2022-12-18 00:30:17] INFO     BIST:Header (ok)
[2022-12-18 00:30:28] INFO     BIST:Header (ok)
[2022-12-18 00:30:40] INFO     BIST:Header (ok)
[2022-12-18 00:30:52] INFO     BIST:Header (ok)
[2022-12-18 00:31:03] INFO     BIST:Header (ok)
[2022-12-18 00:31:15] INFO     BIST:Header (ok)
[2022-12-18 00:31:26] INFO     BIST:Header (ok)
[2022-12-18 00:31:38] INFO     BIST:Header (ok)
[2022-12-18 00:31:50] INFO     BIST:Header (ok)
[2022-12-18 00:32:01] INFO     BIST:Header (ok)
[2022-12-18 00:32:13] INFO     BIST:Header (ok)
[2022-12-18 00:32:24] INFO     BIST:Header (ok)
[2022-12-18 00:32:36] INFO     BIST:Header (ok)
[2022-12-18 00:32:48] INFO     BIST:Header (ok)
[2022-12-18 00:32:59] INFO     BIST:Header (ok)
[2022-12-18 00:33:11] INFO     BIST:Header (ok)
[2022-12-18 00:33:22] INFO     BIST:Header (ok)
[2022-12-18 00:33:34] INFO     BIST:Header (ok)
[2022-12-18 00:33:46] INFO     BIST:Header (ok)
[2022-12-18 00:33:57] INFO     BIST:Header (ok)
[2022-12-18 00:34:09] INFO     BIST:Header (ok)
[2022-12-18 00:34:21] INFO     BIST:Header (ok)
[2022-12-18 00:34:32] INFO     BIST:Header (ok)
[2022-12-18 00:34:44] INFO     BIST:Header (ok)
[2022-12-18 00:34:55] INFO     BIST:Header (ok)
[2022-12-18 00:35:07] INFO     BIST:Header (ok)
[2022-12-18 00:35:19] INFO     BIST:Header (ok)
[2022-12-18 00:35:30] INFO     BIST:Header (ok)
[2022-12-18 00:35:42] INFO     BIST:Header (ok)
[2022-12-18 00:35:53] INFO     BIST:Header (ok)
[2022-12-18 00:36:05] INFO     BIST:Header (ok)
[2022-12-18 00:36:17] INFO     BIST:Header (ok)
[2022-12-18 00:36:28] INFO     BIST:Header (ok)
[2022-12-18 00:36:40] INFO     BIST:Header (ok)
[2022-12-18 00:36:52] INFO     BIST:Header (ok)
[2022-12-18 00:37:03] INFO     BIST:Header (ok)
[2022-12-18 00:37:15] INFO     BIST:Header (ok)
[2022-12-18 00:37:26] INFO     BIST:Header (ok)
[2022-12-18 00:37:38] INFO     BIST:Header (ok)
[2022-12-18 00:37:50] INFO     BIST:Header (ok)
[2022-12-18 00:38:01] INFO     BIST:Header (ok)
[2022-12-18 00:38:13] INFO     BIST:Header (ok)
[2022-12-18 00:38:24] INFO     BIST:Header (ok)
[2022-12-18 00:38:36] INFO     BIST:Header (ok)
[2022-12-18 00:38:48] INFO     BIST:Header (ok)
[2022-12-18 00:38:59] INFO     BIST:Header (ok)
[2022-12-18 00:39:11] INFO     BIST:Header (ok)
[2022-12-18 00:39:22] INFO     BIST:Header (ok)
[2022-12-18 00:39:34] INFO     BIST:Header (ok)
[2022-12-18 00:39:46] INFO     BIST:Header (ok)
[2022-12-18 00:39:57] INFO     BIST:Header (ok)
[2022-12-18 00:40:09] INFO     BIST:Header (ok)
[2022-12-18 00:40:21] INFO     BIST:Header (ok)
[2022-12-18 00:40:31] ERROR    BIST:Data Errors (474,0,0:474/1)
[2022-12-18 00:40:32] ERROR    BIST:Data Errors (474,0,0:474/2)
[2022-12-18 00:40:32] INFO     BIST:Header (err 2)
[2022-12-18 00:40:34] ERROR    BIST:Data Errors (5091,0,0:5091/3)
[2022-12-18 00:40:44] INFO     BIST:Header (err 1)
[2022-12-18 00:40:55] INFO     BIST:Header (ok)
[2022-12-18 00:41:07] INFO     BIST:Header (ok)
[2022-12-18 00:41:19] INFO     BIST:Header (ok)
[2022-12-18 00:41:30] INFO     BIST:Header (ok)
[2022-12-18 00:41:42] INFO     BIST:Header (ok)
[2022-12-18 00:41:53] INFO     BIST:Header (ok)
[2022-12-18 00:42:05] INFO     BIST:Header (ok)
[2022-12-18 00:42:17] INFO     BIST:Header (ok)
[2022-12-18 00:42:28] INFO     BIST:Header (ok)
[2022-12-18 00:42:40] INFO     BIST:Header (ok)
[2022-12-18 00:42:51] INFO     BIST:Header (ok)
[2022-12-18 00:43:03] INFO     BIST:Header (ok)
[2022-12-18 00:43:15] INFO     BIST:Header (ok)
[2022-12-18 00:43:26] INFO     BIST:Header (ok)
[2022-12-18 00:43:38] INFO     BIST:Header (ok)
[2022-12-18 00:43:47] ERROR    BIST:Data Errors (3312,0,0:3312/1)
[2022-12-18 00:43:48] ERROR    BIST:Data Errors (474,0,0:474/2)
[2022-12-18 00:43:50] INFO     BIST:Header (err 2)
[2022-12-18 00:43:51] ERROR    BIST:Data Errors (6185,0,0:6185/1)
[2022-12-18 00:44:01] INFO     BIST:Header (err 1)
[2022-12-18 00:44:13] INFO     BIST:Header (ok)
[2022-12-18 00:44:24] INFO     BIST:Header (ok)
[2022-12-18 00:44:33] ERROR    BIST:Data Errors (2091,0,0:2091/1)
[2022-12-18 00:44:35] ERROR    BIST:Data Errors (474,0,0:474/2)
[2022-12-18 00:44:36] ERROR    BIST:Data Errors (473,0,0:473/3)
[2022-12-18 00:44:36] INFO     BIST:Header (err 3)
[2022-12-18 00:44:37] ERROR    BIST:Data Errors (3311,0,0:3311/4)
[2022-12-18 00:44:48] INFO     BIST:Header (err 1)
[2022-12-18 00:44:59] INFO     BIST:Header (ok)
[2022-12-18 00:45:11] INFO     BIST:Header (ok)
[2022-12-18 00:45:22] INFO     BIST:Header (ok)
[2022-12-18 00:45:34] INFO     BIST:Header (ok)
[2022-12-18 00:45:46] INFO     BIST:Header (ok)
[2022-12-18 00:45:57] INFO     BIST:Header (ok)
[2022-12-18 00:46:09] INFO     BIST:Header (ok)
[2022-12-18 00:46:20] INFO     BIST:Header (ok)
[2022-12-18 00:46:32] INFO     BIST:Header (ok)
[2022-12-18 00:46:44] INFO     BIST:Header (ok)
[2022-12-18 00:46:55] INFO     BIST:Header (ok)
[2022-12-18 00:47:07] INFO     BIST:Header (ok)
[2022-12-18 00:47:19] INFO     BIST:Header (ok)
[2022-12-18 00:47:30] INFO     BIST:Header (ok)
[2022-12-18 00:47:42] INFO     BIST:Header (ok)
[2022-12-18 00:47:53] INFO     BIST:Header (ok)
[2022-12-18 00:48:05] INFO     BIST:Header (ok)
[2022-12-18 00:48:17] INFO     BIST:Header (ok)
[2022-12-18 00:48:28] INFO     BIST:Header (ok)
[2022-12-18 00:48:40] INFO     BIST:Header (ok)
[2022-12-18 00:48:51] INFO     BIST:Header (ok)
[2022-12-18 00:49:03] INFO     BIST:Header (ok)
[2022-12-18 00:49:15] INFO     BIST:Header (ok)
[2022-12-18 00:49:26] INFO     BIST:Header (ok)
[2022-12-18 00:49:38] INFO     BIST:Header (ok)
[2022-12-18 00:49:49] INFO     BIST:Header (ok)
[2022-12-18 00:50:01] INFO     BIST:Header (ok)
[2022-12-18 00:50:13] INFO     BIST:Header (ok)
[2022-12-18 00:50:24] INFO     BIST:Header (ok)
[2022-12-18 00:50:36] INFO     BIST:Header (ok)
[2022-12-18 00:50:48] INFO     BIST:Header (ok)
[2022-12-18 00:50:59] INFO     BIST:Header (ok)
[2022-12-18 00:51:11] INFO     BIST:Header (ok)
[2022-12-18 00:51:22] INFO     BIST:Header (ok)
[2022-12-18 00:51:34] INFO     BIST:Header (ok)
[2022-12-18 00:51:46] INFO     BIST:Header (ok)
[2022-12-18 00:51:54] ERROR    BIST:Data Errors (2148,0,0:2148/1)
[2022-12-18 00:51:56] ERROR    BIST:Data Errors (473,0,0:473/2)
[2022-12-18 00:51:57] ERROR    BIST:Data Errors (474,0,0:474/3)
[2022-12-18 00:51:57] INFO     BIST:Header (err 3)
[2022-12-18 00:51:59] ERROR    BIST:Data Errors (2625,0,0:2625/4)
[2022-12-18 00:52:09] INFO     BIST:Header (err 1)
[2022-12-18 00:52:18] ERROR    BIST:Data Errors (2166,0,0:2166/1)
[2022-12-18 00:52:19] ERROR    BIST:Data Errors (474,0,0:474/2)
[2022-12-18 00:52:20] ERROR    BIST:Data Errors (474,0,0:474/3)
[2022-12-18 00:52:20] INFO     BIST:Header (err 3)
[2022-12-18 00:52:22] ERROR    BIST:Data Errors (3235,0,0:3235/4)
[2022-12-18 00:52:32] INFO     BIST:Header (err 1)
[2022-12-18 00:52:44] INFO     BIST:Header (ok)
[2022-12-18 00:52:55] INFO     BIST:Header (ok)
[2022-12-18 00:53:07] INFO     BIST:Header (ok)
[2022-12-18 00:53:19] INFO     BIST:Header (ok)
[2022-12-18 00:53:30] INFO     BIST:Header (ok)
[2022-12-18 00:53:42] INFO     BIST:Header (ok)
[2022-12-18 00:53:53] INFO     BIST:Header (ok)
[2022-12-18 00:54:05] INFO     BIST:Header (ok)
[2022-12-18 00:54:17] INFO     BIST:Header (ok)
[2022-12-18 00:54:28] INFO     BIST:Header (ok)
[2022-12-18 00:54:40] INFO     BIST:Header (ok)
[2022-12-18 00:54:51] INFO     BIST:Header (ok)
[2022-12-18 00:55:03] INFO     BIST:Header (ok)
[2022-12-18 00:55:15] INFO     BIST:Header (ok)
[2022-12-18 00:55:26] INFO     BIST:Header (ok)
[2022-12-18 00:55:38] INFO     BIST:Header (ok)
[2022-12-18 00:55:49] INFO     BIST:Header (ok)
[2022-12-18 00:56:01] INFO     BIST:Header (ok)
[2022-12-18 00:56:13] INFO     BIST:Header (ok)
[2022-12-18 00:56:24] INFO     BIST:Header (ok)
[2022-12-18 00:56:36] INFO     BIST:Header (ok)
[2022-12-18 00:56:48] INFO     BIST:Header (ok)
[2022-12-18 00:56:59] INFO     BIST:Header (ok)
[2022-12-18 00:57:11] INFO     BIST:Header (ok)
[2022-12-18 00:57:22] INFO     BIST:Header (ok)
[2022-12-18 00:57:34] INFO     BIST:Header (ok)
[2022-12-18 00:57:46] INFO     BIST:Header (ok)
[2022-12-18 00:57:57] INFO     BIST:Header (ok)
[2022-12-18 00:58:09] INFO     BIST:Header (ok)
[2022-12-18 00:58:20] INFO     BIST:Header (ok)
[2022-12-18 00:58:32] INFO     BIST:Header (ok)
[2022-12-18 00:58:44] INFO     BIST:Header (ok)
[2022-12-18 00:58:55] INFO     BIST:Header (ok)
[2022-12-18 00:59:07] INFO     BIST:Header (ok)
[2022-12-18 00:59:18] INFO     BIST:Header (ok)
[2022-12-18 00:59:30] INFO     BIST:Header (ok)
[2022-12-18 00:59:39] ERROR    BIST:Data Errors (2852,0,0:2852/1)
[2022-12-18 00:59:40] ERROR    BIST:Data Errors (474,0,0:474/2)
[2022-12-18 00:59:42] ERROR    BIST:Data Errors (474,0,0:474/3)
[2022-12-18 00:59:42] INFO     BIST:Header (err 3)
[2022-12-18 00:59:43] ERROR    BIST:Data Errors (2549,0,0:2549/4)
[2022-12-18 00:59:53] INFO     BIST:Header (err 1)
[2022-12-18 01:00:05] INFO     BIST:Header (ok)
[2022-12-18 01:00:17] INFO     BIST:Header (ok)
[2022-12-18 01:00:28] INFO     BIST:Header (ok)
[2022-12-18 01:00:40] INFO     BIST:Header (ok)
[2022-12-18 01:00:51] INFO     BIST:Header (ok)
[2022-12-18 01:01:03] INFO     BIST:Header (ok)
[2022-12-18 01:01:15] INFO     BIST:Header (ok)
[2022-12-18 01:01:26] INFO     BIST:Header (ok)
[2022-12-18 01:01:38] INFO     BIST:Header (ok)
[2022-12-18 01:01:49] INFO     BIST:Header (ok)
[2022-12-18 01:02:01] INFO     BIST:Header (ok)
[2022-12-18 01:02:13] INFO     BIST:Header (ok)
[2022-12-18 01:02:24] INFO     BIST:Header (ok)
[2022-12-18 01:02:36] INFO     BIST:Header (ok)
[2022-12-18 01:02:47] INFO     BIST:Header (ok)
[2022-12-18 01:02:59] INFO     BIST:Header (ok)
[2022-12-18 01:03:11] INFO     BIST:Header (ok)
[2022-12-18 01:03:22] INFO     BIST:Header (ok)
[2022-12-18 01:03:34] INFO     BIST:Header (ok)
[2022-12-18 01:03:46] INFO     BIST:Header (ok)
[2022-12-18 01:03:57] INFO     BIST:Header (ok)
[2022-12-18 01:04:09] INFO     BIST:Header (ok)
[2022-12-18 01:04:20] INFO     BIST:Header (ok)
[2022-12-18 01:04:32] INFO     BIST:Header (ok)
[2022-12-18 01:04:44] INFO     BIST:Header (ok)
[2022-12-18 01:04:55] INFO     BIST:Header (ok)
[2022-12-18 01:05:07] INFO     BIST:Header (ok)
[2022-12-18 01:05:18] INFO     BIST:Header (ok)
[2022-12-18 01:05:30] INFO     BIST:Header (ok)
[2022-12-18 01:05:39] ERROR    BIST:Data Errors (1522,0,0:1522/1)
[2022-12-18 01:05:40] ERROR    BIST:Data Errors (474,0,0:474/2)
[2022-12-18 01:05:42] ERROR    BIST:Data Errors (474,0,0:474/3)
[2022-12-18 01:05:42] INFO     BIST:Header (err 3)
[2022-12-18 01:05:43] ERROR    BIST:Data Errors (3822,0,0:3822/4)
[2022-12-18 01:05:53] INFO     BIST:Header (err 1)
[2022-12-18 01:06:05] INFO     BIST:Header (ok)
[2022-12-18 01:06:16] INFO     BIST:Header (ok)
[2022-12-18 01:06:28] INFO     BIST:Header (ok)
[2022-12-18 01:06:40] INFO     BIST:Header (ok)
[2022-12-18 01:06:51] INFO     BIST:Header (ok)
[2022-12-18 01:07:03] INFO     BIST:Header (ok)
[2022-12-18 01:07:15] INFO     BIST:Header (ok)
[2022-12-18 01:07:26] INFO     BIST:Header (ok)
[2022-12-18 01:07:38] INFO     BIST:Header (ok)
[2022-12-18 01:07:49] INFO     BIST:Header (ok)
[2022-12-18 01:08:01] INFO     BIST:Header (ok)
[2022-12-18 01:08:13] INFO     BIST:Header (ok)
[2022-12-18 01:08:24] INFO     BIST:Header (ok)
[2022-12-18 01:08:36] INFO     BIST:Header (ok)
[2022-12-18 01:08:47] INFO     BIST:Header (ok)
[2022-12-18 01:08:59] INFO     BIST:Header (ok)
[2022-12-18 01:09:11] INFO     BIST:Header (ok)
[2022-12-18 01:09:22] INFO     BIST:Header (ok)
[2022-12-18 01:09:34] INFO     BIST:Header (ok)
[2022-12-18 01:09:46] INFO     BIST:Header (ok)
[2022-12-18 01:09:57] INFO     BIST:Header (ok)
[2022-12-18 01:10:09] INFO     BIST:Header (ok)
[2022-12-18 01:10:20] INFO     BIST:Header (ok)
[2022-12-18 01:10:32] INFO     BIST:Header (ok)
[2022-12-18 01:10:44] INFO     BIST:Header (ok)
[2022-12-18 01:10:55] INFO     BIST:Header (ok)
[2022-12-18 01:11:07] INFO     BIST:Header (ok)
[2022-12-18 01:11:18] INFO     BIST:Header (ok)
[2022-12-18 01:11:30] INFO     BIST:Header (ok)
[2022-12-18 01:11:42] INFO     BIST:Header (ok)
[2022-12-18 01:11:53] INFO     BIST:Header (ok)
[2022-12-18 01:12:05] INFO     BIST:Header (ok)
[2022-12-18 01:12:16] INFO     BIST:Header (ok)
[2022-12-18 01:12:28] INFO     BIST:Header (ok)
[2022-12-18 01:12:40] INFO     BIST:Header (ok)
[2022-12-18 01:12:51] INFO     BIST:Header (ok)
[2022-12-18 01:13:03] INFO     BIST:Header (ok)
[2022-12-18 01:13:15] INFO     BIST:Header (ok)
[2022-12-18 01:13:26] INFO     BIST:Header (ok)
[2022-12-18 01:13:38] INFO     BIST:Header (ok)
[2022-12-18 01:13:49] INFO     BIST:Header (ok)
[2022-12-18 01:13:58] ERROR    BIST:Data Errors (738,0,0:738/1)
[2022-12-18 01:14:00] ERROR    BIST:Data Errors (474,0,0:474/2)
[2022-12-18 01:14:01] ERROR    BIST:Data Errors (474,0,0:474/3)
[2022-12-18 01:14:01] INFO     BIST:Header (err 3)
[2022-12-18 01:14:02] ERROR    BIST:Data Errors (4663,0,0:4663/4)
[2022-12-18 01:14:13] INFO     BIST:Header (err 1)
[2022-12-18 01:14:24] INFO     BIST:Header (ok)
[2022-12-18 01:14:36] INFO     BIST:Header (ok)
[2022-12-18 01:14:47] INFO     BIST:Header (ok)
[2022-12-18 01:14:59] INFO     BIST:Header (ok)
[2022-12-18 01:15:11] INFO     BIST:Header (ok)
[2022-12-18 01:15:22] INFO     BIST:Header (ok)
[2022-12-18 01:15:34] INFO     BIST:Header (ok)
[2022-12-18 01:15:45] INFO     BIST:Header (ok)
[2022-12-18 01:15:57] INFO     BIST:Header (ok)
[2022-12-18 01:16:09] INFO     BIST:Header (ok)
[2022-12-18 01:16:20] INFO     BIST:Header (ok)
[2022-12-18 01:16:32] INFO     BIST:Header (ok)
[2022-12-18 01:16:44] INFO     BIST:Header (ok)
[2022-12-18 01:16:55] INFO     BIST:Header (ok)
[2022-12-18 01:17:07] INFO     BIST:Header (ok)
[2022-12-18 01:17:18] INFO     BIST:Header (ok)
[2022-12-18 01:17:30] INFO     BIST:Header (ok)
[2022-12-18 01:17:42] INFO     BIST:Header (ok)
[2022-12-18 01:17:53] INFO     BIST:Header (ok)
[2022-12-18 01:18:05] INFO     BIST:Header (ok)
[2022-12-18 01:18:16] INFO     BIST:Header (ok)
[2022-12-18 01:18:28] INFO     BIST:Header (ok)
[2022-12-18 01:18:40] INFO     BIST:Header (ok)
[2022-12-18 01:18:51] INFO     BIST:Header (ok)
[2022-12-18 01:19:03] INFO     BIST:Header (ok)
[2022-12-18 01:19:14] INFO     BIST:Header (ok)
[2022-12-18 01:19:26] INFO     BIST:Header (ok)
[2022-12-18 01:19:38] INFO     BIST:Header (ok)
[2022-12-18 01:19:49] INFO     BIST:Header (ok)
[2022-12-18 01:20:01] INFO     BIST:Header (ok)
[2022-12-18 01:20:13] INFO     BIST:Header (ok)
[2022-12-18 01:20:24] INFO     BIST:Header (ok)
[2022-12-18 01:20:33] ERROR    BIST:Data Errors (2645,0,0:2645/1)
[2022-12-18 01:20:34] ERROR    BIST:Data Errors (474,0,0:474/2)
[2022-12-18 01:20:36] ERROR    BIST:Data Errors (474,0,0:474/3)
[2022-12-18 01:20:36] INFO     BIST:Header (err 3)
[2022-12-18 01:20:37] ERROR    BIST:Data Errors (2756,0,0:2756/4)
[2022-12-18 01:20:47] INFO     BIST:Header (err 1)
[2022-12-18 01:20:59] INFO     BIST:Header (ok)
[2022-12-18 01:21:11] INFO     BIST:Header (ok)
[2022-12-18 01:21:22] INFO     BIST:Header (ok)
[2022-12-18 01:21:34] INFO     BIST:Header (ok)
[2022-12-18 01:21:45] INFO     BIST:Header (ok)
[2022-12-18 01:21:57] INFO     BIST:Header (ok)
[2022-12-18 01:22:09] INFO     BIST:Header (ok)
[2022-12-18 01:22:20] INFO     BIST:Header (ok)
[2022-12-18 01:22:32] INFO     BIST:Header (ok)
[2022-12-18 01:22:43] INFO     BIST:Header (ok)
[2022-12-18 01:22:55] INFO     BIST:Header (ok)
[2022-12-18 01:23:07] INFO     BIST:Header (ok)
[2022-12-18 01:23:18] INFO     BIST:Header (ok)
[2022-12-18 01:23:30] INFO     BIST:Header (ok)
[2022-12-18 01:23:42] INFO     BIST:Header (ok)
[2022-12-18 01:23:53] INFO     BIST:Header (ok)
[2022-12-18 01:24:05] INFO     BIST:Header (ok)
[2022-12-18 01:24:16] INFO     BIST:Header (ok)
[2022-12-18 01:24:28] INFO     BIST:Header (ok)
[2022-12-18 01:24:40] INFO     BIST:Header (ok)
[2022-12-18 01:24:51] INFO     BIST:Header (ok)
[2022-12-18 01:25:03] INFO     BIST:Header (ok)
[2022-12-18 01:25:14] INFO     BIST:Header (ok)
[2022-12-18 01:25:26] INFO     BIST:Header (ok)
[2022-12-18 01:25:38] INFO     BIST:Header (ok)
[2022-12-18 01:25:49] INFO     BIST:Header (ok)
[2022-12-18 01:26:01] INFO     BIST:Header (ok)
[2022-12-18 01:26:13] INFO     BIST:Header (ok)
[2022-12-18 01:26:24] INFO     BIST:Header (ok)
[2022-12-18 01:26:36] INFO     BIST:Header (ok)
[2022-12-18 01:26:47] INFO     BIST:Header (ok)
[2022-12-18 01:26:59] INFO     BIST:Header (ok)
[2022-12-18 01:27:11] INFO     BIST:Header (ok)
[2022-12-18 01:27:22] INFO     BIST:Header (ok)
[2022-12-18 01:27:34] INFO     BIST:Header (ok)
[2022-12-18 01:27:45] INFO     BIST:Header (ok)
[2022-12-18 01:27:57] INFO     BIST:Header (ok)
[2022-12-18 01:28:09] INFO     BIST:Header (ok)
[2022-12-18 01:28:20] INFO     BIST:Header (ok)
[2022-12-18 01:28:32] INFO     BIST:Header (ok)
[2022-12-18 01:28:43] INFO     BIST:Header (ok)
[2022-12-18 01:28:55] INFO     BIST:Header (ok)
[2022-12-18 01:29:07] INFO     BIST:Header (ok)
[2022-12-18 01:29:18] INFO     BIST:Header (ok)
[2022-12-18 01:29:30] INFO     BIST:Header (ok)
[2022-12-18 01:29:42] INFO     BIST:Header (ok)
[2022-12-18 01:29:53] INFO     BIST:Header (ok)
[2022-12-18 01:30:05] INFO     BIST:Header (ok)
[2022-12-18 01:30:16] INFO     BIST:Header (ok)
[2022-12-18 01:30:28] INFO     BIST:Header (ok)
[2022-12-18 01:30:40] INFO     BIST:Header (ok)
[2022-12-18 01:30:51] INFO     BIST:Header (ok)
[2022-12-18 01:31:03] INFO     BIST:Header (ok)
[2022-12-18 01:31:14] INFO     BIST:Header (ok)
[2022-12-18 01:31:26] INFO     BIST:Header (ok)
[2022-12-18 01:31:38] INFO     BIST:Header (ok)
[2022-12-18 01:31:49] INFO     BIST:Header (ok)
[2022-12-18 01:32:01] INFO     BIST:Header (ok)
[2022-12-18 01:32:12] INFO     BIST:Header (ok)
[2022-12-18 01:32:24] INFO     BIST:Header (ok)
[2022-12-18 01:32:36] INFO     BIST:Header (ok)
[2022-12-18 01:32:47] INFO     BIST:Header (ok)
[2022-12-18 01:32:59] INFO     BIST:Header (ok)
[2022-12-18 01:33:11] INFO     BIST:Header (ok)
[2022-12-18 01:33:22] INFO     BIST:Header (ok)
[2022-12-18 01:33:34] INFO     BIST:Header (ok)
[2022-12-18 01:33:45] INFO     BIST:Header (ok)
[2022-12-18 01:33:57] INFO     BIST:Header (ok)
[2022-12-18 01:34:09] INFO     BIST:Header (ok)
[2022-12-18 01:34:20] INFO     BIST:Header (ok)
[2022-12-18 01:34:32] INFO     BIST:Header (ok)
[2022-12-18 01:34:43] INFO     BIST:Header (ok)
[2022-12-18 01:34:55] INFO     BIST:Header (ok)
[2022-12-18 01:35:07] INFO     BIST:Header (ok)
[2022-12-18 01:35:18] INFO     BIST:Header (ok)
[2022-12-18 01:35:30] INFO     BIST:Header (ok)
[2022-12-18 01:35:41] INFO     BIST:Header (ok)
[2022-12-18 01:35:53] INFO     BIST:Header (ok)
[2022-12-18 01:36:05] INFO     BIST:Header (ok)
[2022-12-18 01:36:16] INFO     BIST:Header (ok)
[2022-12-18 01:36:28] INFO     BIST:Header (ok)
[2022-12-18 01:36:40] INFO     BIST:Header (ok)
[2022-12-18 01:36:51] INFO     BIST:Header (ok)
[2022-12-18 01:37:03] INFO     BIST:Header (ok)
[2022-12-18 01:37:14] INFO     BIST:Header (ok)
[2022-12-18 01:37:23] ERROR    BIST:Data Errors (659,0,0:659/1)
[2022-12-18 01:37:25] ERROR    BIST:Data Errors (474,0,0:474/2)
[2022-12-18 01:37:26] ERROR    BIST:Data Errors (473,0,0:473/3)
[2022-12-18 01:37:26] INFO     BIST:Header (err 3)
[2022-12-18 01:37:27] ERROR    BIST:Data Errors (4743,0,0:4743/4)
[2022-12-18 01:37:38] INFO     BIST:Header (err 1)
[2022-12-18 01:37:49] INFO     BIST:Header (ok)
[2022-12-18 01:38:01] INFO     BIST:Header (ok)
[2022-12-18 01:38:12] INFO     BIST:Header (ok)
[2022-12-18 01:38:24] INFO     BIST:Header (ok)
[2022-12-18 01:38:36] INFO     BIST:Header (ok)
[2022-12-18 01:38:44] ERROR    BIST:Data Errors (2618,0,0:2618/1)
[2022-12-18 01:38:46] ERROR    BIST:Data Errors (473,0,0:473/2)
[2022-12-18 01:38:47] ERROR    BIST:Data Errors (474,0,0:474/3)
[2022-12-18 01:38:47] INFO     BIST:Header (err 3)
[2022-12-18 01:38:49] ERROR    BIST:Data Errors (2784,0,0:2784/4)
[2022-12-18 01:38:59] INFO     BIST:Header (err 1)
[2022-12-18 01:39:10] INFO     BIST:Header (ok)
[2022-12-18 01:39:22] INFO     BIST:Header (ok)
[2022-12-18 01:39:34] INFO     BIST:Header (ok)
[2022-12-18 01:39:45] INFO     BIST:Header (ok)
[2022-12-18 01:39:57] INFO     BIST:Header (ok)
[2022-12-18 01:40:09] INFO     BIST:Header (ok)
[2022-12-18 01:40:20] INFO     BIST:Header (ok)
[2022-12-18 01:40:32] INFO     BIST:Header (ok)
[2022-12-18 01:40:43] INFO     BIST:Header (ok)
[2022-12-18 01:40:55] INFO     BIST:Header (ok)
[2022-12-18 01:41:07] INFO     BIST:Header (ok)
[2022-12-18 01:41:18] INFO     BIST:Header (ok)
[2022-12-18 01:41:30] INFO     BIST:Header (ok)
[2022-12-18 01:41:41] INFO     BIST:Header (ok)
[2022-12-18 01:41:53] INFO     BIST:Header (ok)
[2022-12-18 01:42:05] INFO     BIST:Header (ok)
[2022-12-18 01:42:16] INFO     BIST:Header (ok)
[2022-12-18 01:42:28] INFO     BIST:Header (ok)
[2022-12-18 01:42:40] INFO     BIST:Header (ok)
[2022-12-18 01:42:51] INFO     BIST:Header (ok)
[2022-12-18 01:43:03] INFO     BIST:Header (ok)
[2022-12-18 01:43:14] INFO     BIST:Header (ok)
[2022-12-18 01:43:26] INFO     BIST:Header (ok)
[2022-12-18 01:43:38] INFO     BIST:Header (ok)
[2022-12-18 01:43:49] INFO     BIST:Header (ok)
[2022-12-18 01:44:01] INFO     BIST:Header (ok)
[2022-12-18 01:44:12] INFO     BIST:Header (ok)
[2022-12-18 01:44:21] ERROR    BIST:Data Errors (1955,0,0:1955/1)
[2022-12-18 01:44:23] ERROR    BIST:Data Errors (474,0,0:474/2)
[2022-12-18 01:44:24] ERROR    BIST:Data Errors (474,0,0:474/3)
[2022-12-18 01:44:24] INFO     BIST:Header (err 3)
[2022-12-18 01:44:25] ERROR    BIST:Data Errors (3446,0,0:3446/4)
[2022-12-18 01:44:36] INFO     BIST:Header (err 1)
[2022-12-18 01:44:47] INFO     BIST:Header (ok)
[2022-12-18 01:44:59] INFO     BIST:Header (ok)
[2022-12-18 01:45:10] INFO     BIST:Header (ok)
[2022-12-18 01:45:22] INFO     BIST:Header (ok)
[2022-12-18 01:45:34] INFO     BIST:Header (ok)
[2022-12-18 01:45:45] INFO     BIST:Header (ok)
[2022-12-18 01:45:54] ERROR    BIST:Data Errors (3609,0,0:3609/1)
[2022-12-18 01:45:55] ERROR    BIST:Data Errors (474,0,0:474/2)
[2022-12-18 01:45:57] INFO     BIST:Header (err 2)
[2022-12-18 01:45:58] ERROR    BIST:Data Errors (5889,0,0:5889/1)
[2022-12-18 01:46:09] INFO     BIST:Header (err 1)
[2022-12-18 01:46:20] INFO     BIST:Header (ok)
[2022-12-18 01:46:32] INFO     BIST:Header (ok)
[2022-12-18 01:46:43] INFO     BIST:Header (ok)
[2022-12-18 01:46:55] INFO     BIST:Header (ok)
[2022-12-18 01:47:07] INFO     BIST:Header (ok)
[2022-12-18 01:47:18] INFO     BIST:Header (ok)
[2022-12-18 01:47:30] INFO     BIST:Header (ok)
[2022-12-18 01:47:41] INFO     BIST:Header (ok)
[2022-12-18 01:47:53] INFO     BIST:Header (ok)
[2022-12-18 01:48:05] INFO     BIST:Header (ok)
[2022-12-18 01:48:16] INFO     BIST:Header (ok)
[2022-12-18 01:48:28] INFO     BIST:Header (ok)
[2022-12-18 01:48:39] INFO     BIST:Header (ok)
[2022-12-18 01:48:51] INFO     BIST:Header (ok)
[2022-12-18 01:49:03] INFO     BIST:Header (ok)
[2022-12-18 01:49:14] INFO     BIST:Header (ok)
[2022-12-18 01:49:26] INFO     BIST:Header (ok)
[2022-12-18 01:49:38] INFO     BIST:Header (ok)
[2022-12-18 01:49:49] INFO     BIST:Header (ok)
[2022-12-18 01:50:01] INFO     BIST:Header (ok)
[2022-12-18 01:50:12] INFO     BIST:Header (ok)
[2022-12-18 01:50:24] INFO     BIST:Header (ok)
[2022-12-18 01:50:36] INFO     BIST:Header (ok)
[2022-12-18 01:50:44] ERROR    BIST:Data Errors (72,0,0:72/1)
[2022-12-18 01:50:46] ERROR    BIST:Data Errors (474,0,0:474/2)
[2022-12-18 01:50:47] ERROR    BIST:Data Errors (473,0,0:473/3)
[2022-12-18 01:50:47] INFO     BIST:Header (err 3)
[2022-12-18 01:50:49] ERROR    BIST:Data Errors (5330,0,0:5330/4)
[2022-12-18 01:50:59] INFO     BIST:Header (err 1)
[2022-12-18 01:51:10] INFO     BIST:Header (ok)
[2022-12-18 01:51:22] INFO     BIST:Header (ok)
[2022-12-18 01:51:34] INFO     BIST:Header (ok)
[2022-12-18 01:51:45] INFO     BIST:Header (ok)
[2022-12-18 01:51:57] INFO     BIST:Header (ok)
[2022-12-18 01:52:08] INFO     BIST:Header (ok)
[2022-12-18 01:52:20] INFO     BIST:Header (ok)
[2022-12-18 01:52:32] INFO     BIST:Header (ok)
[2022-12-18 01:52:43] INFO     BIST:Header (ok)
[2022-12-18 01:52:55] INFO     BIST:Header (ok)
[2022-12-18 01:53:07] INFO     BIST:Header (ok)
[2022-12-18 01:53:18] INFO     BIST:Header (ok)
[2022-12-18 01:53:30] INFO     BIST:Header (ok)
[2022-12-18 01:53:41] INFO     BIST:Header (ok)
[2022-12-18 01:53:53] INFO     BIST:Header (ok)
[2022-12-18 01:54:05] INFO     BIST:Header (ok)
[2022-12-18 01:54:16] INFO     BIST:Header (ok)
[2022-12-18 01:54:28] INFO     BIST:Header (ok)
[2022-12-18 01:54:39] INFO     BIST:Header (ok)
[2022-12-18 01:54:51] INFO     BIST:Header (ok)
[2022-12-18 01:55:03] INFO     BIST:Header (ok)
[2022-12-18 01:55:14] INFO     BIST:Header (ok)
[2022-12-18 01:55:26] INFO     BIST:Header (ok)
[2022-12-18 01:55:38] INFO     BIST:Header (ok)
[2022-12-18 01:55:49] INFO     BIST:Header (ok)
[2022-12-18 01:56:01] INFO     BIST:Header (ok)
[2022-12-18 01:56:12] INFO     BIST:Header (ok)
[2022-12-18 01:56:24] INFO     BIST:Header (ok)
[2022-12-18 01:56:36] INFO     BIST:Header (ok)
[2022-12-18 01:56:47] INFO     BIST:Header (ok)
[2022-12-18 01:56:59] INFO     BIST:Header (ok)
[2022-12-18 01:57:10] INFO     BIST:Header (ok)
[2022-12-18 01:57:22] INFO     BIST:Header (ok)
[2022-12-18 01:57:34] INFO     BIST:Header (ok)
[2022-12-18 01:57:45] INFO     BIST:Header (ok)
[2022-12-18 01:57:57] INFO     BIST:Header (ok)
[2022-12-18 01:58:08] INFO     BIST:Header (ok)
[2022-12-18 01:58:20] INFO     BIST:Header (ok)
[2022-12-18 01:58:32] INFO     BIST:Header (ok)
[2022-12-18 01:58:43] INFO     BIST:Header (ok)
[2022-12-18 01:58:55] INFO     BIST:Header (ok)
[2022-12-18 01:59:07] INFO     BIST:Header (ok)
[2022-12-18 01:59:18] INFO     BIST:Header (ok)
[2022-12-18 01:59:30] INFO     BIST:Header (ok)
[2022-12-18 01:59:41] INFO     BIST:Header (ok)
[2022-12-18 01:59:53] INFO     BIST:Header (ok)
[2022-12-18 02:00:05] INFO     BIST:Header (ok)
[2022-12-18 02:00:16] INFO     BIST:Header (ok)
[2022-12-18 02:00:28] INFO     BIST:Header (ok)
[2022-12-18 02:00:39] INFO     BIST:Header (ok)
[2022-12-18 02:00:51] INFO     BIST:Header (ok)
[2022-12-18 02:01:03] INFO     BIST:Header (ok)
[2022-12-18 02:01:14] INFO     BIST:Header (ok)
[2022-12-18 02:01:26] INFO     BIST:Header (ok)
[2022-12-18 02:01:37] INFO     BIST:Header (ok)
[2022-12-18 02:01:49] INFO     BIST:Header (ok)
[2022-12-18 02:02:01] INFO     BIST:Header (ok)
[2022-12-18 02:02:12] INFO     BIST:Header (ok)
[2022-12-18 02:02:24] INFO     BIST:Header (ok)
[2022-12-18 02:02:36] INFO     BIST:Header (ok)
[2022-12-18 02:02:47] INFO     BIST:Header (ok)
[2022-12-18 02:02:59] INFO     BIST:Header (ok)
[2022-12-18 02:03:10] INFO     BIST:Header (ok)
[2022-12-18 02:03:22] INFO     BIST:Header (ok)
[2022-12-18 02:03:34] INFO     BIST:Header (ok)
[2022-12-18 02:03:45] INFO     BIST:Header (ok)
[2022-12-18 02:03:57] INFO     BIST:Header (ok)
[2022-12-18 02:04:08] INFO     BIST:Header (ok)
[2022-12-18 02:04:20] INFO     BIST:Header (ok)
[2022-12-18 02:04:32] INFO     BIST:Header (ok)
[2022-12-18 02:04:43] INFO     BIST:Header (ok)
[2022-12-18 02:04:55] INFO     BIST:Header (ok)
[2022-12-18 02:05:06] INFO     BIST:Header (ok)
[2022-12-18 02:05:18] INFO     BIST:Header (ok)
[2022-12-18 02:05:30] INFO     BIST:Header (ok)
[2022-12-18 02:05:41] INFO     BIST:Header (ok)
[2022-12-18 02:05:53] INFO     BIST:Header (ok)
[2022-12-18 02:06:05] INFO     BIST:Header (ok)
[2022-12-18 02:06:16] INFO     BIST:Header (ok)
[2022-12-18 02:06:28] INFO     BIST:Header (ok)
[2022-12-18 02:06:39] INFO     BIST:Header (ok)
[2022-12-18 02:06:51] INFO     BIST:Header (ok)
[2022-12-18 02:07:03] INFO     BIST:Header (ok)
[2022-12-18 02:07:14] INFO     BIST:Header (ok)
[2022-12-18 02:07:26] INFO     BIST:Header (ok)
[2022-12-18 02:07:37] INFO     BIST:Header (ok)
[2022-12-18 02:07:49] INFO     BIST:Header (ok)
[2022-12-18 02:08:01] INFO     BIST:Header (ok)
[2022-12-18 02:08:12] INFO     BIST:Header (ok)
[2022-12-18 02:08:24] INFO     BIST:Header (ok)
[2022-12-18 02:08:35] INFO     BIST:Header (ok)
[2022-12-18 02:08:47] INFO     BIST:Header (ok)
[2022-12-18 02:08:59] INFO     BIST:Header (ok)
[2022-12-18 02:09:10] INFO     BIST:Header (ok)
[2022-12-18 02:09:22] INFO     BIST:Header (ok)
[2022-12-18 02:09:34] INFO     BIST:Header (ok)
[2022-12-18 02:09:45] INFO     BIST:Header (ok)
[2022-12-18 02:09:57] INFO     BIST:Header (ok)
[2022-12-18 02:10:08] INFO     BIST:Header (ok)
[2022-12-18 02:10:20] INFO     BIST:Header (ok)
[2022-12-18 02:10:29] ERROR    BIST:Data Errors (1640,0,0:1640/1)
[2022-12-18 02:10:30] ERROR    BIST:Data Errors (474,0,0:474/2)
[2022-12-18 02:10:32] ERROR    BIST:Data Errors (474,0,0:474/3)
[2022-12-18 02:10:32] INFO     BIST:Header (err 3)
[2022-12-18 02:10:33] ERROR    BIST:Data Errors (3704,0,0:3704/4)
[2022-12-18 02:10:43] INFO     BIST:Header (err 1)
[2022-12-18 02:10:55] INFO     BIST:Header (ok)
[2022-12-18 02:11:06] INFO     BIST:Header (ok)
[2022-12-18 02:11:18] INFO     BIST:Header (ok)
[2022-12-18 02:11:30] INFO     BIST:Header (ok)
[2022-12-18 02:11:41] INFO     BIST:Header (ok)
[2022-12-18 02:11:53] INFO     BIST:Header (ok)
[2022-12-18 02:12:05] INFO     BIST:Header (ok)
[2022-12-18 02:12:16] INFO     BIST:Header (ok)
[2022-12-18 02:12:28] INFO     BIST:Header (ok)
[2022-12-18 02:12:39] INFO     BIST:Header (ok)
[2022-12-18 02:12:51] INFO     BIST:Header (ok)
[2022-12-18 02:13:03] INFO     BIST:Header (ok)
[2022-12-18 02:13:14] INFO     BIST:Header (ok)
[2022-12-18 02:13:26] INFO     BIST:Header (ok)
[2022-12-18 02:13:37] INFO     BIST:Header (ok)
[2022-12-18 02:13:49] INFO     BIST:Header (ok)
[2022-12-18 02:14:01] INFO     BIST:Header (ok)
[2022-12-18 02:14:12] INFO     BIST:Header (ok)
[2022-12-18 02:14:24] INFO     BIST:Header (ok)
[2022-12-18 02:14:35] INFO     BIST:Header (ok)
[2022-12-18 02:14:47] INFO     BIST:Header (ok)
[2022-12-18 02:14:59] INFO     BIST:Header (ok)
[2022-12-18 02:15:10] INFO     BIST:Header (ok)
[2022-12-18 02:15:22] INFO     BIST:Header (ok)
[2022-12-18 02:15:34] INFO     BIST:Header (ok)
[2022-12-18 02:15:45] INFO     BIST:Header (ok)
[2022-12-18 02:15:57] INFO     BIST:Header (ok)
[2022-12-18 02:16:08] INFO     BIST:Header (ok)
[2022-12-18 02:16:20] INFO     BIST:Header (ok)
[2022-12-18 02:16:32] INFO     BIST:Header (ok)
[2022-12-18 02:16:43] INFO     BIST:Header (ok)
[2022-12-18 02:16:55] INFO     BIST:Header (ok)
[2022-12-18 02:17:06] INFO     BIST:Header (ok)
[2022-12-18 02:17:18] INFO     BIST:Header (ok)
[2022-12-18 02:17:30] INFO     BIST:Header (ok)
[2022-12-18 02:17:41] INFO     BIST:Header (ok)
[2022-12-18 02:17:53] INFO     BIST:Header (ok)
[2022-12-18 02:18:04] INFO     BIST:Header (ok)
[2022-12-18 02:18:16] INFO     BIST:Header (ok)
[2022-12-18 02:18:28] INFO     BIST:Header (ok)
[2022-12-18 02:18:39] INFO     BIST:Header (ok)
[2022-12-18 02:18:51] INFO     BIST:Header (ok)
[2022-12-18 02:19:03] INFO     BIST:Header (ok)
[2022-12-18 02:19:14] INFO     BIST:Header (ok)
[2022-12-18 02:19:26] INFO     BIST:Header (ok)
[2022-12-18 02:19:37] INFO     BIST:Header (ok)
[2022-12-18 02:19:49] INFO     BIST:Header (ok)
[2022-12-18 02:20:01] INFO     BIST:Header (ok)
[2022-12-18 02:20:12] INFO     BIST:Header (ok)
[2022-12-18 02:20:24] INFO     BIST:Header (ok)
[2022-12-18 02:20:35] INFO     BIST:Header (ok)
[2022-12-18 02:20:47] INFO     BIST:Header (ok)
[2022-12-18 02:20:59] INFO     BIST:Header (ok)
[2022-12-18 02:21:10] INFO     BIST:Header (ok)
[2022-12-18 02:21:22] INFO     BIST:Header (ok)
[2022-12-18 02:21:33] INFO     BIST:Header (ok)
[2022-12-18 02:21:45] INFO     BIST:Header (ok)
[2022-12-18 02:21:57] INFO     BIST:Header (ok)
[2022-12-18 02:22:08] INFO     BIST:Header (ok)
[2022-12-18 02:22:20] INFO     BIST:Header (ok)
[2022-12-18 02:22:32] INFO     BIST:Header (ok)
[2022-12-18 02:22:43] INFO     BIST:Header (ok)
[2022-12-18 02:22:55] INFO     BIST:Header (ok)
[2022-12-18 02:23:06] INFO     BIST:Header (ok)
[2022-12-18 02:23:18] INFO     BIST:Header (ok)
[2022-12-18 02:23:30] INFO     BIST:Header (ok)
[2022-12-18 02:23:41] INFO     BIST:Header (ok)
[2022-12-18 02:23:53] INFO     BIST:Header (ok)
[2022-12-18 02:24:04] INFO     BIST:Header (ok)
[2022-12-18 02:24:16] INFO     BIST:Header (ok)
[2022-12-18 02:24:28] INFO     BIST:Header (ok)
[2022-12-18 02:24:39] INFO     BIST:Header (ok)
[2022-12-18 02:24:51] INFO     BIST:Header (ok)
[2022-12-18 02:25:02] INFO     BIST:Header (ok)
[2022-12-18 02:25:14] INFO     BIST:Header (ok)
[2022-12-18 02:25:26] INFO     BIST:Header (ok)
[2022-12-18 02:25:37] INFO     BIST:Header (ok)
[2022-12-18 02:25:49] INFO     BIST:Header (ok)
[2022-12-18 02:26:01] INFO     BIST:Header (ok)
[2022-12-18 02:26:12] INFO     BIST:Header (ok)
[2022-12-18 02:26:21] ERROR    BIST:Data Errors (1180,0,0:1180/1)
[2022-12-18 02:26:22] ERROR    BIST:Data Errors (474,0,0:474/2)
[2022-12-18 02:26:24] ERROR    BIST:Data Errors (474,0,0:474/3)
[2022-12-18 02:26:24] INFO     BIST:Header (err 3)
[2022-12-18 02:26:25] ERROR    BIST:Data Errors (4164,0,0:4164/4)
[2022-12-18 02:26:35] INFO     BIST:Header (err 1)
[2022-12-18 02:26:47] INFO     BIST:Header (ok)
[2022-12-18 02:26:59] INFO     BIST:Header (ok)
[2022-12-18 02:27:10] INFO     BIST:Header (ok)
[2022-12-18 02:27:22] INFO     BIST:Header (ok)
[2022-12-18 02:27:33] INFO     BIST:Header (ok)
[2022-12-18 02:27:45] INFO     BIST:Header (ok)
[2022-12-18 02:27:57] INFO     BIST:Header (ok)
[2022-12-18 02:28:08] INFO     BIST:Header (ok)
[2022-12-18 02:28:20] INFO     BIST:Header (ok)
[2022-12-18 02:28:32] INFO     BIST:Header (ok)
[2022-12-18 02:28:43] INFO     BIST:Header (ok)
[2022-12-18 02:28:55] INFO     BIST:Header (ok)
[2022-12-18 02:29:06] INFO     BIST:Header (ok)
[2022-12-18 02:29:15] ERROR    BIST:Data Errors (696,0,0:696/1)
[2022-12-18 02:29:16] ERROR    BIST:Data Errors (474,0,0:474/2)
[2022-12-18 02:29:18] ERROR    BIST:Data Errors (474,0,0:474/3)
[2022-12-18 02:29:18] INFO     BIST:Header (err 3)
[2022-12-18 02:29:19] ERROR    BIST:Data Errors (4648,0,0:4648/4)
[2022-12-18 02:29:30] INFO     BIST:Header (err 1)
[2022-12-18 02:29:41] INFO     BIST:Header (ok)
[2022-12-18 02:29:53] INFO     BIST:Header (ok)
[2022-12-18 02:30:04] INFO     BIST:Header (ok)
[2022-12-18 02:30:16] INFO     BIST:Header (ok)
[2022-12-18 02:30:28] INFO     BIST:Header (ok)
[2022-12-18 02:30:39] INFO     BIST:Header (ok)
[2022-12-18 02:30:51] INFO     BIST:Header (ok)
[2022-12-18 02:31:02] INFO     BIST:Header (ok)
[2022-12-18 02:31:14] INFO     BIST:Header (ok)
[2022-12-18 02:31:26] INFO     BIST:Header (ok)
[2022-12-18 02:31:37] INFO     BIST:Header (ok)
[2022-12-18 02:31:49] INFO     BIST:Header (ok)
[2022-12-18 02:32:01] INFO     BIST:Header (ok)
[2022-12-18 02:32:12] INFO     BIST:Header (ok)
[2022-12-18 02:32:24] INFO     BIST:Header (ok)
[2022-12-18 02:32:35] INFO     BIST:Header (ok)
[2022-12-18 02:32:47] INFO     BIST:Header (ok)
[2022-12-18 02:32:59] INFO     BIST:Header (ok)
[2022-12-18 02:33:10] INFO     BIST:Header (ok)
[2022-12-18 02:33:22] INFO     BIST:Header (ok)
[2022-12-18 02:33:33] INFO     BIST:Header (ok)
[2022-12-18 02:33:45] INFO     BIST:Header (ok)
[2022-12-18 02:33:57] INFO     BIST:Header (ok)
[2022-12-18 02:34:08] INFO     BIST:Header (ok)
[2022-12-18 02:34:20] INFO     BIST:Header (ok)
[2022-12-18 02:34:31] INFO     BIST:Header (ok)
[2022-12-18 02:34:43] INFO     BIST:Header (ok)
[2022-12-18 02:34:55] INFO     BIST:Header (ok)
[2022-12-18 02:35:06] INFO     BIST:Header (ok)
[2022-12-18 02:35:18] INFO     BIST:Header (ok)
[2022-12-18 02:35:30] INFO     BIST:Header (ok)
[2022-12-18 02:35:41] INFO     BIST:Header (ok)
[2022-12-18 02:35:53] INFO     BIST:Header (ok)
[2022-12-18 02:36:04] INFO     BIST:Header (ok)
[2022-12-18 02:36:16] INFO     BIST:Header (ok)
[2022-12-18 02:36:25] ERROR    BIST:Data Errors (1688,0,0:1688/1)
[2022-12-18 02:36:26] ERROR    BIST:Data Errors (474,0,0:474/2)
[2022-12-18 02:36:28] ERROR    BIST:Data Errors (473,0,0:473/3)
[2022-12-18 02:36:28] INFO     BIST:Header (err 3)
[2022-12-18 02:36:29] ERROR    BIST:Data Errors (3657,0,0:3657/4)
[2022-12-18 02:36:39] INFO     BIST:Header (err 1)
[2022-12-18 02:36:51] INFO     BIST:Header (ok)
[2022-12-18 02:37:02] INFO     BIST:Header (ok)
[2022-12-18 02:37:14] INFO     BIST:Header (ok)
[2022-12-18 02:37:26] INFO     BIST:Header (ok)
[2022-12-18 02:37:37] INFO     BIST:Header (ok)
[2022-12-18 02:37:49] INFO     BIST:Header (ok)
[2022-12-18 02:38:00] INFO     BIST:Header (ok)
[2022-12-18 02:38:12] INFO     BIST:Header (ok)
[2022-12-18 02:38:24] INFO     BIST:Header (ok)
[2022-12-18 02:38:35] INFO     BIST:Header (ok)
[2022-12-18 02:38:47] INFO     BIST:Header (ok)
[2022-12-18 02:38:59] INFO     BIST:Header (ok)
[2022-12-18 02:39:10] INFO     BIST:Header (ok)
[2022-12-18 02:39:22] INFO     BIST:Header (ok)
[2022-12-18 02:39:33] INFO     BIST:Header (ok)
[2022-12-18 02:39:45] INFO     BIST:Header (ok)
[2022-12-18 02:39:57] INFO     BIST:Header (ok)
[2022-12-18 02:40:08] INFO     BIST:Header (ok)
[2022-12-18 02:40:20] INFO     BIST:Header (ok)
[2022-12-18 02:40:31] INFO     BIST:Header (ok)
[2022-12-18 02:40:43] INFO     BIST:Header (ok)
[2022-12-18 02:40:55] INFO     BIST:Header (ok)
[2022-12-18 02:41:06] INFO     BIST:Header (ok)
[2022-12-18 02:41:18] INFO     BIST:Header (ok)
[2022-12-18 02:41:29] INFO     BIST:Header (ok)
[2022-12-18 02:41:41] INFO     BIST:Header (ok)
[2022-12-18 02:41:53] INFO     BIST:Header (ok)
[2022-12-18 02:42:04] INFO     BIST:Header (ok)
[2022-12-18 02:42:16] INFO     BIST:Header (ok)
[2022-12-18 02:42:28] INFO     BIST:Header (ok)
[2022-12-18 02:42:39] INFO     BIST:Header (ok)
[2022-12-18 02:42:51] INFO     BIST:Header (ok)
[2022-12-18 02:43:02] INFO     BIST:Header (ok)
[2022-12-18 02:43:14] INFO     BIST:Header (ok)
[2022-12-18 02:43:26] INFO     BIST:Header (ok)
[2022-12-18 02:43:37] INFO     BIST:Header (ok)
[2022-12-18 02:43:49] INFO     BIST:Header (ok)
[2022-12-18 02:44:00] INFO     BIST:Header (ok)
[2022-12-18 02:44:12] INFO     BIST:Header (ok)
[2022-12-18 02:44:24] INFO     BIST:Header (ok)
[2022-12-18 02:44:35] INFO     BIST:Header (ok)
[2022-12-18 02:44:47] INFO     BIST:Header (ok)
[2022-12-18 02:44:59] INFO     BIST:Header (ok)
[2022-12-18 02:45:10] INFO     BIST:Header (ok)
[2022-12-18 02:45:22] INFO     BIST:Header (ok)
[2022-12-18 02:45:33] INFO     BIST:Header (ok)
[2022-12-18 02:45:45] INFO     BIST:Header (ok)
[2022-12-18 02:45:57] INFO     BIST:Header (ok)
[2022-12-18 02:46:08] INFO     BIST:Header (ok)
[2022-12-18 02:46:20] INFO     BIST:Header (ok)
[2022-12-18 02:46:31] INFO     BIST:Header (ok)
[2022-12-18 02:46:43] INFO     BIST:Header (ok)
[2022-12-18 02:46:55] INFO     BIST:Header (ok)
[2022-12-18 02:47:06] INFO     BIST:Header (ok)
[2022-12-18 02:47:18] INFO     BIST:Header (ok)
[2022-12-18 02:47:29] INFO     BIST:Header (ok)
[2022-12-18 02:47:41] INFO     BIST:Header (ok)
[2022-12-18 02:47:53] INFO     BIST:Header (ok)
[2022-12-18 02:48:04] INFO     BIST:Header (ok)
[2022-12-18 02:48:16] INFO     BIST:Header (ok)
[2022-12-18 02:48:28] INFO     BIST:Header (ok)
[2022-12-18 02:48:39] INFO     BIST:Header (ok)
[2022-12-18 02:48:51] INFO     BIST:Header (ok)
[2022-12-18 02:49:02] INFO     BIST:Header (ok)
[2022-12-18 02:49:14] INFO     BIST:Header (ok)
[2022-12-18 02:49:26] INFO     BIST:Header (ok)
[2022-12-18 02:49:37] INFO     BIST:Header (ok)
[2022-12-18 02:49:49] INFO     BIST:Header (ok)
[2022-12-18 02:50:00] INFO     BIST:Header (ok)
[2022-12-18 02:50:12] INFO     BIST:Header (ok)
[2022-12-18 02:50:21] ERROR    BIST:Data Errors (242,0,0:242/1)
[2022-12-18 02:50:22] ERROR    BIST:Data Errors (474,0,0:474/2)
[2022-12-18 02:50:24] ERROR    BIST:Data Errors (473,0,0:473/3)
[2022-12-18 02:50:24] INFO     BIST:Header (err 3)
[2022-12-18 02:50:25] ERROR    BIST:Data Errors (5160,0,0:5160/4)
[2022-12-18 02:50:35] INFO     BIST:Header (err 1)
[2022-12-18 02:50:47] INFO     BIST:Header (ok)
[2022-12-18 02:50:58] INFO     BIST:Header (ok)
[2022-12-18 02:51:10] INFO     BIST:Header (ok)
[2022-12-18 02:51:22] INFO     BIST:Header (ok)
[2022-12-18 02:51:33] INFO     BIST:Header (ok)
[2022-12-18 02:51:45] INFO     BIST:Header (ok)
[2022-12-18 02:51:57] INFO     BIST:Header (ok)
[2022-12-18 02:52:08] INFO     BIST:Header (ok)
[2022-12-18 02:52:20] INFO     BIST:Header (ok)
[2022-12-18 02:52:31] INFO     BIST:Header (ok)
[2022-12-18 02:52:43] INFO     BIST:Header (ok)
[2022-12-18 02:52:55] INFO     BIST:Header (ok)
[2022-12-18 02:53:06] INFO     BIST:Header (ok)
[2022-12-18 02:53:18] INFO     BIST:Header (ok)
[2022-12-18 02:53:29] INFO     BIST:Header (ok)
[2022-12-18 02:53:41] INFO     BIST:Header (ok)
[2022-12-18 02:53:53] INFO     BIST:Header (ok)
[2022-12-18 02:54:04] INFO     BIST:Header (ok)
[2022-12-18 02:54:16] INFO     BIST:Header (ok)
[2022-12-18 02:54:27] INFO     BIST:Header (ok)
[2022-12-18 02:54:39] INFO     BIST:Header (ok)
[2022-12-18 02:54:51] INFO     BIST:Header (ok)
[2022-12-18 02:54:59] ERROR    BIST:Data Errors (477,0,0:477/1)
[2022-12-18 02:55:01] ERROR    BIST:Data Errors (474,0,0:474/2)
[2022-12-18 02:55:02] ERROR    BIST:Data Errors (474,0,0:474/3)
[2022-12-18 02:55:02] INFO     BIST:Header (err 3)
[2022-12-18 02:55:04] ERROR    BIST:Data Errors (4295,0,0:4295/4)
[2022-12-18 02:55:14] INFO     BIST:Header (err 1)
[2022-12-18 02:55:26] INFO     BIST:Header (ok)
[2022-12-18 02:55:37] INFO     BIST:Header (ok)
[2022-12-18 02:55:49] INFO     BIST:Header (ok)
[2022-12-18 02:56:00] INFO     BIST:Header (ok)
[2022-12-18 02:56:12] INFO     BIST:Header (ok)
[2022-12-18 02:56:24] INFO     BIST:Header (ok)
[2022-12-18 02:56:35] INFO     BIST:Header (ok)
[2022-12-18 02:56:47] INFO     BIST:Header (ok)
[2022-12-18 02:56:58] INFO     BIST:Header (ok)
[2022-12-18 02:57:10] INFO     BIST:Header (ok)
[2022-12-18 02:57:22] INFO     BIST:Header (ok)
[2022-12-18 02:57:33] INFO     BIST:Header (ok)
[2022-12-18 02:57:45] INFO     BIST:Header (ok)
[2022-12-18 02:57:56] INFO     BIST:Header (ok)
[2022-12-18 02:58:08] INFO     BIST:Header (ok)
[2022-12-18 02:58:20] INFO     BIST:Header (ok)
[2022-12-18 02:58:31] INFO     BIST:Header (ok)
[2022-12-18 02:58:43] INFO     BIST:Header (ok)
[2022-12-18 02:58:55] INFO     BIST:Header (ok)
[2022-12-18 02:59:06] INFO     BIST:Header (ok)
[2022-12-18 02:59:18] INFO     BIST:Header (ok)
[2022-12-18 02:59:29] INFO     BIST:Header (ok)
[2022-12-18 02:59:41] INFO     BIST:Header (ok)
[2022-12-18 02:59:53] INFO     BIST:Header (ok)
[2022-12-18 03:00:04] INFO     BIST:Header (ok)
[2022-12-18 03:00:16] INFO     BIST:Header (ok)
[2022-12-18 03:00:27] INFO     BIST:Header (ok)
[2022-12-18 03:00:39] INFO     BIST:Header (ok)
[2022-12-18 03:00:51] INFO     BIST:Header (ok)
[2022-12-18 03:01:02] INFO     BIST:Header (ok)
[2022-12-18 03:01:14] INFO     BIST:Header (ok)
[2022-12-18 03:01:26] INFO     BIST:Header (ok)
[2022-12-18 03:01:37] INFO     BIST:Header (ok)
[2022-12-18 03:01:49] INFO     BIST:Header (ok)
[2022-12-18 03:02:00] INFO     BIST:Header (ok)
[2022-12-18 03:02:12] INFO     BIST:Header (ok)
[2022-12-18 03:02:21] ERROR    BIST:Data Errors (1163,0,0:1163/1)
[2022-12-18 03:02:22] ERROR    BIST:Data Errors (474,0,0:474/2)
[2022-12-18 03:02:24] ERROR    BIST:Data Errors (474,0,0:474/3)
[2022-12-18 03:02:24] INFO     BIST:Header (err 3)
[2022-12-18 03:02:25] ERROR    BIST:Data Errors (3609,0,0:3609/4)
[2022-12-18 03:02:35] INFO     BIST:Header (err 1)
[2022-12-18 03:02:47] INFO     BIST:Header (ok)
[2022-12-18 03:02:58] INFO     BIST:Header (ok)
[2022-12-18 03:03:10] INFO     BIST:Header (ok)
[2022-12-18 03:03:22] INFO     BIST:Header (ok)
[2022-12-18 03:03:33] INFO     BIST:Header (ok)
[2022-12-18 03:03:45] INFO     BIST:Header (ok)
[2022-12-18 03:03:56] INFO     BIST:Header (ok)
[2022-12-18 03:04:08] INFO     BIST:Header (ok)
[2022-12-18 03:04:20] INFO     BIST:Header (ok)
[2022-12-18 03:04:31] INFO     BIST:Header (ok)
[2022-12-18 03:04:43] INFO     BIST:Header (ok)
[2022-12-18 03:04:55] INFO     BIST:Header (ok)
[2022-12-18 03:05:06] INFO     BIST:Header (ok)
[2022-12-18 03:05:18] INFO     BIST:Header (ok)
[2022-12-18 03:05:29] INFO     BIST:Header (ok)
[2022-12-18 03:05:41] INFO     BIST:Header (ok)
[2022-12-18 03:05:53] INFO     BIST:Header (ok)
[2022-12-18 03:06:04] INFO     BIST:Header (ok)
[2022-12-18 03:06:16] INFO     BIST:Header (ok)
[2022-12-18 03:06:27] INFO     BIST:Header (ok)
[2022-12-18 03:06:39] INFO     BIST:Header (ok)
[2022-12-18 03:06:51] INFO     BIST:Header (ok)
[2022-12-18 03:07:02] INFO     BIST:Header (ok)
[2022-12-18 03:07:11] ERROR    BIST:Data Errors (2351,0,0:2351/1)
[2022-12-18 03:07:12] ERROR    BIST:Data Errors (474,0,0:474/2)
[2022-12-18 03:07:14] ERROR    BIST:Data Errors (474,0,0:474/3)
[2022-12-18 03:07:14] INFO     BIST:Header (err 3)
[2022-12-18 03:07:15] ERROR    BIST:Data Errors (3050,0,0:3050/4)
[2022-12-18 03:07:25] INFO     BIST:Header (err 1)
[2022-12-18 03:07:37] INFO     BIST:Header (ok)
[2022-12-18 03:07:49] INFO     BIST:Header (ok)
[2022-12-18 03:08:00] INFO     BIST:Header (ok)
[2022-12-18 03:08:12] INFO     BIST:Header (ok)
[2022-12-18 03:08:24] INFO     BIST:Header (ok)
[2022-12-18 03:08:35] INFO     BIST:Header (ok)
[2022-12-18 03:08:47] INFO     BIST:Header (ok)
[2022-12-18 03:08:58] INFO     BIST:Header (ok)
[2022-12-18 03:09:10] INFO     BIST:Header (ok)
[2022-12-18 03:09:22] INFO     BIST:Header (ok)
[2022-12-18 03:09:33] INFO     BIST:Header (ok)
[2022-12-18 03:09:45] INFO     BIST:Header (ok)
[2022-12-18 03:09:56] INFO     BIST:Header (ok)
[2022-12-18 03:10:08] INFO     BIST:Header (ok)
[2022-12-18 03:10:20] INFO     BIST:Header (ok)
[2022-12-18 03:10:28] ERROR    BIST:Data Errors (1257,0,0:1257/1)
[2022-12-18 03:10:30] ERROR    BIST:Data Errors (473,0,0:473/2)
[2022-12-18 03:10:31] ERROR    BIST:Data Errors (474,0,0:474/3)
[2022-12-18 03:10:31] INFO     BIST:Header (err 3)
[2022-12-18 03:10:33] ERROR    BIST:Data Errors (4145,0,0:4145/4)
[2022-12-18 03:10:43] INFO     BIST:Header (err 1)
[2022-12-18 03:10:54] INFO     BIST:Header (ok)
[2022-12-18 03:11:06] INFO     BIST:Header (ok)
[2022-12-18 03:11:18] INFO     BIST:Header (ok)
[2022-12-18 03:11:29] INFO     BIST:Header (ok)
[2022-12-18 03:11:41] INFO     BIST:Header (ok)
[2022-12-18 03:11:53] INFO     BIST:Header (ok)
[2022-12-18 03:12:04] INFO     BIST:Header (ok)
[2022-12-18 03:12:16] INFO     BIST:Header (ok)
[2022-12-18 03:12:27] INFO     BIST:Header (ok)
[2022-12-18 03:12:39] INFO     BIST:Header (ok)
[2022-12-18 03:12:51] INFO     BIST:Header (ok)
[2022-12-18 03:12:59] ERROR    BIST:Data Errors (755,0,0:755/1)
[2022-12-18 03:13:01] ERROR    BIST:Data Errors (473,0,0:473/2)
[2022-12-18 03:13:02] ERROR    BIST:Data Errors (474,0,0:474/3)
[2022-12-18 03:13:02] INFO     BIST:Header (err 3)
[2022-12-18 03:13:04] ERROR    BIST:Data Errors (4018,0,0:4018/4)
[2022-12-18 03:13:14] INFO     BIST:Header (err 1)
[2022-12-18 03:13:25] INFO     BIST:Header (ok)
[2022-12-18 03:13:37] INFO     BIST:Header (ok)
[2022-12-18 03:13:49] INFO     BIST:Header (ok)
[2022-12-18 03:14:00] INFO     BIST:Header (ok)
[2022-12-18 03:14:12] INFO     BIST:Header (ok)
[2022-12-18 03:14:24] INFO     BIST:Header (ok)
[2022-12-18 03:14:35] INFO     BIST:Header (ok)
[2022-12-18 03:14:47] INFO     BIST:Header (ok)
[2022-12-18 03:14:55] ERROR    BIST:Data Errors (2426,0,0:2426/1)
[2022-12-18 03:14:57] ERROR    BIST:Data Errors (474,0,0:474/2)
[2022-12-18 03:14:58] ERROR    BIST:Data Errors (474,0,0:474/3)
[2022-12-18 03:14:58] INFO     BIST:Header (err 3)
[2022-12-18 03:15:00] ERROR    BIST:Data Errors (2975,0,0:2975/4)
[2022-12-18 03:15:10] INFO     BIST:Header (err 1)
[2022-12-18 03:15:22] INFO     BIST:Header (ok)
[2022-12-18 03:15:33] INFO     BIST:Header (ok)
[2022-12-18 03:15:45] INFO     BIST:Header (ok)
[2022-12-18 03:15:56] INFO     BIST:Header (ok)
[2022-12-18 03:16:08] INFO     BIST:Header (ok)
[2022-12-18 03:16:20] INFO     BIST:Header (ok)
[2022-12-18 03:16:31] INFO     BIST:Header (ok)
[2022-12-18 03:16:43] INFO     BIST:Header (ok)
[2022-12-18 03:16:54] INFO     BIST:Header (ok)
[2022-12-18 03:17:06] INFO     BIST:Header (ok)
[2022-12-18 03:17:18] INFO     BIST:Header (ok)
[2022-12-18 03:17:29] INFO     BIST:Header (ok)
[2022-12-18 03:17:41] INFO     BIST:Header (ok)
[2022-12-18 03:17:53] INFO     BIST:Header (ok)
[2022-12-18 03:18:04] INFO     BIST:Header (ok)
[2022-12-18 03:18:16] INFO     BIST:Header (ok)
[2022-12-18 03:18:27] INFO     BIST:Header (ok)
[2022-12-18 03:18:39] INFO     BIST:Header (ok)
[2022-12-18 03:18:51] INFO     BIST:Header (ok)
[2022-12-18 03:19:02] INFO     BIST:Header (ok)
[2022-12-18 03:19:14] INFO     BIST:Header (ok)
[2022-12-18 03:19:25] INFO     BIST:Header (ok)
[2022-12-18 03:19:37] INFO     BIST:Header (ok)
[2022-12-18 03:19:49] INFO     BIST:Header (ok)
[2022-12-18 03:20:00] INFO     BIST:Header (ok)
[2022-12-18 03:20:12] INFO     BIST:Header (ok)
[2022-12-18 03:20:23] INFO     BIST:Header (ok)
[2022-12-18 03:20:35] INFO     BIST:Header (ok)
[2022-12-18 03:20:47] INFO     BIST:Header (ok)
[2022-12-18 03:20:58] INFO     BIST:Header (ok)
[2022-12-18 03:21:07] ERROR    BIST:Data Errors (848,0,0:848/1)
[2022-12-18 03:21:08] ERROR    BIST:Data Errors (474,0,0:474/2)
[2022-12-18 03:21:10] ERROR    BIST:Data Errors (474,0,0:474/3)
[2022-12-18 03:21:10] INFO     BIST:Header (err 3)
[2022-12-18 03:21:11] ERROR    BIST:Data Errors (4553,0,0:4553/4)
[2022-12-18 03:21:22] INFO     BIST:Header (err 1)
[2022-12-18 03:21:33] INFO     BIST:Header (ok)
[2022-12-18 03:21:45] INFO     BIST:Header (ok)
[2022-12-18 03:21:56] INFO     BIST:Header (ok)
[2022-12-18 03:22:08] INFO     BIST:Header (ok)
[2022-12-18 03:22:20] INFO     BIST:Header (ok)
[2022-12-18 03:22:28] ERROR    BIST:Data Errors (2807,0,0:2807/1)
[2022-12-18 03:22:30] ERROR    BIST:Data Errors (474,0,0:474/2)
[2022-12-18 03:22:31] ERROR    BIST:Data Errors (474,0,0:474/3)
[2022-12-18 03:22:31] INFO     BIST:Header (err 3)
[2022-12-18 03:22:33] ERROR    BIST:Data Errors (2594,0,0:2594/4)
[2022-12-18 03:22:43] INFO     BIST:Header (err 1)
[2022-12-18 03:22:54] INFO     BIST:Header (ok)
[2022-12-18 03:23:06] INFO     BIST:Header (ok)
[2022-12-18 03:23:18] INFO     BIST:Header (ok)
[2022-12-18 03:23:26] ERROR    BIST:Data Errors (1223,0,0:1223/1)
[2022-12-18 03:23:28] ERROR    BIST:Data Errors (474,0,0:474/2)
[2022-12-18 03:23:29] ERROR    BIST:Data Errors (474,0,0:474/3)
[2022-12-18 03:23:29] INFO     BIST:Header (err 3)
[2022-12-18 03:23:31] ERROR    BIST:Data Errors (4121,0,0:4121/4)
[2022-12-18 03:23:41] INFO     BIST:Header (err 1)
[2022-12-18 03:23:52] INFO     BIST:Header (ok)
[2022-12-18 03:24:04] INFO     BIST:Header (ok)
[2022-12-18 03:24:16] INFO     BIST:Header (ok)
[2022-12-18 03:24:27] INFO     BIST:Header (ok)
[2022-12-18 03:24:39] INFO     BIST:Header (ok)
[2022-12-18 03:24:48] ERROR    BIST:Data Errors (3239,0,0:3239/1)
[2022-12-18 03:24:49] ERROR    BIST:Data Errors (474,0,0:474/2)
[2022-12-18 03:24:51] INFO     BIST:Header (err 2)
[2022-12-18 03:24:52] ERROR    BIST:Data Errors (6258,0,0:6258/1)
[2022-12-18 03:25:02] INFO     BIST:Header (err 1)
[2022-12-18 03:25:14] INFO     BIST:Header (ok)
[2022-12-18 03:25:25] INFO     BIST:Header (ok)
[2022-12-18 03:25:37] INFO     BIST:Header (ok)
[2022-12-18 03:25:49] INFO     BIST:Header (ok)
[2022-12-18 03:26:00] INFO     BIST:Header (ok)
[2022-12-18 03:26:12] INFO     BIST:Header (ok)
[2022-12-18 03:26:23] INFO     BIST:Header (ok)
[2022-12-18 03:26:35] INFO     BIST:Header (ok)
[2022-12-18 03:26:47] INFO     BIST:Header (ok)
[2022-12-18 03:26:58] INFO     BIST:Header (ok)
[2022-12-18 03:27:10] INFO     BIST:Header (ok)
[2022-12-18 03:27:21] INFO     BIST:Header (ok)
[2022-12-18 03:27:33] INFO     BIST:Header (ok)
[2022-12-18 03:27:45] INFO     BIST:Header (ok)
[2022-12-18 03:27:56] INFO     BIST:Header (ok)
[2022-12-18 03:28:08] INFO     BIST:Header (ok)
[2022-12-18 03:28:20] INFO     BIST:Header (ok)
[2022-12-18 03:28:31] INFO     BIST:Header (ok)
[2022-12-18 03:28:43] INFO     BIST:Header (ok)
[2022-12-18 03:28:54] INFO     BIST:Header (ok)
[2022-12-18 03:29:06] INFO     BIST:Header (ok)
[2022-12-18 03:29:15] ERROR    BIST:Data Errors (313,0,0:313/1)
[2022-12-18 03:29:16] ERROR    BIST:Data Errors (474,0,0:474/2)
[2022-12-18 03:29:18] ERROR    BIST:Data Errors (473,0,0:473/3)
[2022-12-18 03:29:18] INFO     BIST:Header (err 3)
[2022-12-18 03:29:19] ERROR    BIST:Data Errors (5089,0,0:5089/4)
[2022-12-18 03:29:29] INFO     BIST:Header (err 1)
[2022-12-18 03:29:41] INFO     BIST:Header (ok)
[2022-12-18 03:29:52] INFO     BIST:Header (ok)
[2022-12-18 03:30:04] INFO     BIST:Header (ok)
[2022-12-18 03:30:16] INFO     BIST:Header (ok)
[2022-12-18 03:30:27] INFO     BIST:Header (ok)
[2022-12-18 03:30:39] INFO     BIST:Header (ok)
[2022-12-18 03:30:51] INFO     BIST:Header (ok)
[2022-12-18 03:31:02] INFO     BIST:Header (ok)
[2022-12-18 03:31:14] INFO     BIST:Header (ok)
[2022-12-18 03:31:25] INFO     BIST:Header (ok)
[2022-12-18 03:31:37] INFO     BIST:Header (ok)
[2022-12-18 03:31:49] INFO     BIST:Header (ok)
[2022-12-18 03:32:00] INFO     BIST:Header (ok)
[2022-12-18 03:32:12] INFO     BIST:Header (ok)
[2022-12-18 03:32:23] INFO     BIST:Header (ok)
[2022-12-18 03:32:35] INFO     BIST:Header (ok)
[2022-12-18 03:32:47] INFO     BIST:Header (ok)
[2022-12-18 03:32:58] INFO     BIST:Header (ok)
[2022-12-18 03:33:10] INFO     BIST:Header (ok)
[2022-12-18 03:33:21] INFO     BIST:Header (ok)
[2022-12-18 03:33:33] INFO     BIST:Header (ok)
[2022-12-18 03:33:45] INFO     BIST:Header (ok)
[2022-12-18 03:33:56] INFO     BIST:Header (ok)
[2022-12-18 03:34:08] INFO     BIST:Header (ok)
[2022-12-18 03:34:20] INFO     BIST:Header (ok)
[2022-12-18 03:34:31] INFO     BIST:Header (ok)
[2022-12-18 03:34:43] INFO     BIST:Header (ok)
[2022-12-18 03:34:54] INFO     BIST:Header (ok)
[2022-12-18 03:35:03] ERROR    BIST:Data Errors (3441,0,0:3441/1)
[2022-12-18 03:35:04] ERROR    BIST:Data Errors (474,0,0:474/2)
[2022-12-18 03:35:06] INFO     BIST:Header (err 2)
[2022-12-18 03:35:07] ERROR    BIST:Data Errors (6056,0,0:6056/1)
[2022-12-18 03:35:18] INFO     BIST:Header (err 1)
[2022-12-18 03:35:29] INFO     BIST:Header (ok)
[2022-12-18 03:35:41] INFO     BIST:Header (ok)
[2022-12-18 03:35:52] INFO     BIST:Header (ok)
[2022-12-18 03:36:04] INFO     BIST:Header (ok)
[2022-12-18 03:36:16] INFO     BIST:Header (ok)
[2022-12-18 03:36:27] INFO     BIST:Header (ok)
[2022-12-18 03:36:39] INFO     BIST:Header (ok)
[2022-12-18 03:36:48] ERROR    BIST:Data Errors (693,0,0:693/1)
[2022-12-18 03:36:49] ERROR    BIST:Data Errors (474,0,0:474/2)
[2022-12-18 03:36:50] ERROR    BIST:Data Errors (474,0,0:474/3)
[2022-12-18 03:36:50] INFO     BIST:Header (err 3)
[2022-12-18 03:36:52] ERROR    BIST:Data Errors (4708,0,0:4708/4)
[2022-12-18 03:37:02] INFO     BIST:Header (err 1)
[2022-12-18 03:37:14] INFO     BIST:Header (ok)
[2022-12-18 03:37:25] INFO     BIST:Header (ok)
[2022-12-18 03:37:37] INFO     BIST:Header (ok)
[2022-12-18 03:37:49] INFO     BIST:Header (ok)
[2022-12-18 03:38:00] INFO     BIST:Header (ok)
[2022-12-18 03:38:12] INFO     BIST:Header (ok)
[2022-12-18 03:38:23] INFO     BIST:Header (ok)
[2022-12-18 03:38:35] INFO     BIST:Header (ok)
[2022-12-18 03:38:47] INFO     BIST:Header (ok)
[2022-12-18 03:38:58] INFO     BIST:Header (ok)
[2022-12-18 03:39:10] INFO     BIST:Header (ok)
[2022-12-18 03:39:21] INFO     BIST:Header (ok)
[2022-12-18 03:39:33] INFO     BIST:Header (ok)
[2022-12-18 03:39:45] INFO     BIST:Header (ok)
[2022-12-18 03:39:56] INFO     BIST:Header (ok)
[2022-12-18 03:40:08] INFO     BIST:Header (ok)
[2022-12-18 03:40:19] INFO     BIST:Header (ok)
[2022-12-18 03:40:31] INFO     BIST:Header (ok)
[2022-12-18 03:40:43] INFO     BIST:Header (ok)
[2022-12-18 03:40:54] INFO     BIST:Header (ok)
[2022-12-18 03:41:06] INFO     BIST:Header (ok)
[2022-12-18 03:41:18] INFO     BIST:Header (ok)
[2022-12-18 03:41:29] INFO     BIST:Header (ok)
[2022-12-18 03:41:38] ERROR    BIST:Data Errors (1252,0,0:1252/1)
[2022-12-18 03:41:39] ERROR    BIST:Data Errors (474,0,0:474/2)
[2022-12-18 03:41:41] ERROR    BIST:Data Errors (474,0,0:474/3)
[2022-12-18 03:41:41] INFO     BIST:Header (err 3)
[2022-12-18 03:41:42] ERROR    BIST:Data Errors (4149,0,0:4149/4)
[2022-12-18 03:41:52] INFO     BIST:Header (err 1)
[2022-12-18 03:42:04] INFO     BIST:Header (ok)
[2022-12-18 03:42:16] INFO     BIST:Header (ok)
[2022-12-18 03:42:27] INFO     BIST:Header (ok)
[2022-12-18 03:42:39] INFO     BIST:Header (ok)
[2022-12-18 03:42:50] INFO     BIST:Header (ok)
[2022-12-18 03:43:02] INFO     BIST:Header (ok)
[2022-12-18 03:43:14] INFO     BIST:Header (ok)
[2022-12-18 03:43:25] INFO     BIST:Header (ok)
[2022-12-18 03:43:37] INFO     BIST:Header (ok)
[2022-12-18 03:43:48] INFO     BIST:Header (ok)
[2022-12-18 03:44:00] INFO     BIST:Header (ok)
[2022-12-18 03:44:12] INFO     BIST:Header (ok)
[2022-12-18 03:44:23] INFO     BIST:Header (ok)
[2022-12-18 03:44:35] INFO     BIST:Header (ok)
[2022-12-18 03:44:47] INFO     BIST:Header (ok)
[2022-12-18 03:44:58] INFO     BIST:Header (ok)
[2022-12-18 03:45:10] INFO     BIST:Header (ok)
[2022-12-18 03:45:21] INFO     BIST:Header (ok)
[2022-12-18 03:45:33] INFO     BIST:Header (ok)
[2022-12-18 03:45:45] INFO     BIST:Header (ok)
[2022-12-18 03:45:56] INFO     BIST:Header (ok)
[2022-12-18 03:46:08] INFO     BIST:Header (ok)
[2022-12-18 03:46:19] INFO     BIST:Header (ok)
[2022-12-18 03:46:31] INFO     BIST:Header (ok)
[2022-12-18 03:46:43] INFO     BIST:Header (ok)
[2022-12-18 03:46:54] INFO     BIST:Header (ok)
[2022-12-18 03:47:06] INFO     BIST:Header (ok)
[2022-12-18 03:47:18] INFO     BIST:Header (ok)
[2022-12-18 03:47:29] INFO     BIST:Header (ok)
[2022-12-18 03:47:41] INFO     BIST:Header (ok)
[2022-12-18 03:47:52] INFO     BIST:Header (ok)
[2022-12-18 03:48:04] INFO     BIST:Header (ok)
[2022-12-18 03:48:16] INFO     BIST:Header (ok)
[2022-12-18 03:48:27] INFO     BIST:Header (ok)
[2022-12-18 03:48:39] INFO     BIST:Header (ok)
[2022-12-18 03:48:50] INFO     BIST:Header (ok)
[2022-12-18 03:49:02] INFO     BIST:Header (ok)
[2022-12-18 03:49:14] INFO     BIST:Header (ok)
[2022-12-18 03:49:25] INFO     BIST:Header (ok)
[2022-12-18 03:49:37] INFO     BIST:Header (ok)
[2022-12-18 03:49:48] INFO     BIST:Header (ok)
[2022-12-18 03:49:57] ERROR    BIST:Data Errors (412,0,0:412/1)
[2022-12-18 03:49:59] ERROR    BIST:Data Errors (473,0,0:473/2)
[2022-12-18 03:50:00] ERROR    BIST:Data Errors (474,0,0:474/3)
[2022-12-18 03:50:00] INFO     BIST:Header (err 3)
[2022-12-18 03:50:02] ERROR    BIST:Data Errors (4990,0,0:4990/4)
[2022-12-18 03:50:12] INFO     BIST:Header (err 1)
[2022-12-18 03:50:23] INFO     BIST:Header (ok)
[2022-12-18 03:50:35] INFO     BIST:Header (ok)
[2022-12-18 03:50:47] INFO     BIST:Header (ok)
[2022-12-18 03:50:58] INFO     BIST:Header (ok)
[2022-12-18 03:51:10] INFO     BIST:Header (ok)
[2022-12-18 03:51:21] INFO     BIST:Header (ok)
[2022-12-18 03:51:33] INFO     BIST:Header (ok)
[2022-12-18 03:51:45] INFO     BIST:Header (ok)
[2022-12-18 03:51:56] INFO     BIST:Header (ok)
[2022-12-18 03:52:08] INFO     BIST:Header (ok)
[2022-12-18 03:52:19] INFO     BIST:Header (ok)
[2022-12-18 03:52:31] INFO     BIST:Header (ok)
[2022-12-18 03:52:43] INFO     BIST:Header (ok)
[2022-12-18 03:52:54] INFO     BIST:Header (ok)
[2022-12-18 03:53:06] INFO     BIST:Header (ok)
[2022-12-18 03:53:17] INFO     BIST:Header (ok)
[2022-12-18 03:53:29] INFO     BIST:Header (ok)
[2022-12-18 03:53:41] INFO     BIST:Header (ok)
[2022-12-18 03:53:52] INFO     BIST:Header (ok)
[2022-12-18 03:54:04] INFO     BIST:Header (ok)
[2022-12-18 03:54:16] INFO     BIST:Header (ok)
[2022-12-18 03:54:27] INFO     BIST:Header (ok)
[2022-12-18 03:54:39] INFO     BIST:Header (ok)
[2022-12-18 03:54:50] INFO     BIST:Header (ok)
[2022-12-18 03:55:02] INFO     BIST:Header (ok)
[2022-12-18 03:55:14] INFO     BIST:Header (ok)
[2022-12-18 03:55:25] INFO     BIST:Header (ok)
[2022-12-18 03:55:37] INFO     BIST:Header (ok)
[2022-12-18 03:55:48] INFO     BIST:Header (ok)
[2022-12-18 03:56:00] INFO     BIST:Header (ok)
[2022-12-18 03:56:12] INFO     BIST:Header (ok)
[2022-12-18 03:56:23] INFO     BIST:Header (ok)
[2022-12-18 03:56:35] INFO     BIST:Header (ok)
[2022-12-18 03:56:46] INFO     BIST:Header (ok)
[2022-12-18 03:56:58] INFO     BIST:Header (ok)
[2022-12-18 03:57:10] INFO     BIST:Header (ok)
[2022-12-18 03:57:21] INFO     BIST:Header (ok)
[2022-12-18 03:57:33] INFO     BIST:Header (ok)
[2022-12-18 03:57:45] INFO     BIST:Header (ok)
[2022-12-18 03:57:56] INFO     BIST:Header (ok)
[2022-12-18 03:58:08] INFO     BIST:Header (ok)
[2022-12-18 03:58:19] INFO     BIST:Header (ok)
[2022-12-18 03:58:28] ERROR    BIST:Data Errors (3362,0,0:3362/1)
[2022-12-18 03:58:30] ERROR    BIST:Data Errors (473,0,0:473/2)
[2022-12-18 03:58:31] INFO     BIST:Header (err 2)
[2022-12-18 03:58:32] ERROR    BIST:Data Errors (6136,0,0:6136/1)
[2022-12-18 03:58:43] INFO     BIST:Header (err 1)
[2022-12-18 03:58:54] INFO     BIST:Header (ok)
[2022-12-18 03:59:06] INFO     BIST:Header (ok)
[2022-12-18 03:59:17] INFO     BIST:Header (ok)
[2022-12-18 03:59:29] INFO     BIST:Header (ok)
[2022-12-18 03:59:41] INFO     BIST:Header (ok)
[2022-12-18 03:59:52] INFO     BIST:Header (ok)
[2022-12-18 04:00:04] INFO     BIST:Header (ok)
[2022-12-18 04:00:15] INFO     BIST:Header (ok)
[2022-12-18 04:00:27] INFO     BIST:Header (ok)
[2022-12-18 04:00:39] INFO     BIST:Header (ok)
[2022-12-18 04:00:50] INFO     BIST:Header (ok)
[2022-12-18 04:01:02] INFO     BIST:Header (ok)
[2022-12-18 04:01:14] INFO     BIST:Header (ok)
[2022-12-18 04:01:25] INFO     BIST:Header (ok)
[2022-12-18 04:01:37] INFO     BIST:Header (ok)
[2022-12-18 04:01:48] INFO     BIST:Header (ok)
[2022-12-18 04:02:00] INFO     BIST:Header (ok)
[2022-12-18 04:02:12] INFO     BIST:Header (ok)
[2022-12-18 04:02:23] INFO     BIST:Header (ok)
[2022-12-18 04:02:35] INFO     BIST:Header (ok)
[2022-12-18 04:02:46] INFO     BIST:Header (ok)
[2022-12-18 04:02:58] INFO     BIST:Header (ok)
[2022-12-18 04:03:10] INFO     BIST:Header (ok)
[2022-12-18 04:03:21] INFO     BIST:Header (ok)
[2022-12-18 04:03:33] INFO     BIST:Header (ok)
[2022-12-18 04:03:45] INFO     BIST:Header (ok)
[2022-12-18 04:03:56] INFO     BIST:Header (ok)
[2022-12-18 04:04:08] INFO     BIST:Header (ok)
[2022-12-18 04:04:19] INFO     BIST:Header (ok)
[2022-12-18 04:04:31] INFO     BIST:Header (ok)
[2022-12-18 04:04:43] INFO     BIST:Header (ok)
[2022-12-18 04:04:54] INFO     BIST:Header (ok)
[2022-12-18 04:05:06] INFO     BIST:Header (ok)
[2022-12-18 04:05:14] ERROR    BIST:Data Errors (867,0,0:867/1)
[2022-12-18 04:05:16] ERROR    BIST:Data Errors (474,0,0:474/2)
[2022-12-18 04:05:17] ERROR    BIST:Data Errors (474,0,0:474/3)
[2022-12-18 04:05:17] INFO     BIST:Header (err 3)
[2022-12-18 04:05:19] ERROR    BIST:Data Errors (4534,0,0:4534/4)
[2022-12-18 04:05:29] INFO     BIST:Header (err 1)
[2022-12-18 04:05:41] INFO     BIST:Header (ok)
[2022-12-18 04:05:52] INFO     BIST:Header (ok)
[2022-12-18 04:06:04] INFO     BIST:Header (ok)
[2022-12-18 04:06:15] INFO     BIST:Header (ok)
[2022-12-18 04:06:27] INFO     BIST:Header (ok)
[2022-12-18 04:06:39] INFO     BIST:Header (ok)
[2022-12-18 04:06:50] INFO     BIST:Header (ok)
[2022-12-18 04:07:02] INFO     BIST:Header (ok)
[2022-12-18 04:07:14] INFO     BIST:Header (ok)
[2022-12-18 04:07:25] INFO     BIST:Header (ok)
[2022-12-18 04:07:37] INFO     BIST:Header (ok)
[2022-12-18 04:07:48] INFO     BIST:Header (ok)
[2022-12-18 04:08:00] INFO     BIST:Header (ok)
[2022-12-18 04:08:12] INFO     BIST:Header (ok)
[2022-12-18 04:08:23] INFO     BIST:Header (ok)
[2022-12-18 04:08:35] INFO     BIST:Header (ok)
[2022-12-18 04:08:46] INFO     BIST:Header (ok)
[2022-12-18 04:08:58] INFO     BIST:Header (ok)
[2022-12-18 04:09:10] INFO     BIST:Header (ok)
[2022-12-18 04:09:21] INFO     BIST:Header (ok)
[2022-12-18 04:09:33] INFO     BIST:Header (ok)
[2022-12-18 04:09:44] INFO     BIST:Header (ok)
[2022-12-18 04:09:56] INFO     BIST:Header (ok)
[2022-12-18 04:10:08] INFO     BIST:Header (ok)
[2022-12-18 04:10:19] INFO     BIST:Header (ok)
[2022-12-18 04:10:31] INFO     BIST:Header (ok)
[2022-12-18 04:10:43] INFO     BIST:Header (ok)
[2022-12-18 04:10:54] INFO     BIST:Header (ok)
[2022-12-18 04:11:06] INFO     BIST:Header (ok)
[2022-12-18 04:11:17] INFO     BIST:Header (ok)
[2022-12-18 04:11:29] INFO     BIST:Header (ok)
[2022-12-18 04:11:41] INFO     BIST:Header (ok)
[2022-12-18 04:11:52] INFO     BIST:Header (ok)
[2022-12-18 04:12:04] INFO     BIST:Header (ok)
[2022-12-18 04:12:15] INFO     BIST:Header (ok)
[2022-12-18 04:12:27] INFO     BIST:Header (ok)
[2022-12-18 04:12:39] INFO     BIST:Header (ok)
[2022-12-18 04:12:50] INFO     BIST:Header (ok)
[2022-12-18 04:13:02] INFO     BIST:Header (ok)
[2022-12-18 04:13:13] INFO     BIST:Header (ok)
[2022-12-18 04:13:25] INFO     BIST:Header (ok)
[2022-12-18 04:13:37] INFO     BIST:Header (ok)
[2022-12-18 04:13:48] INFO     BIST:Header (ok)
[2022-12-18 04:14:00] INFO     BIST:Header (ok)
[2022-12-18 04:14:12] INFO     BIST:Header (ok)
[2022-12-18 04:14:23] INFO     BIST:Header (ok)
[2022-12-18 04:14:35] INFO     BIST:Header (ok)
[2022-12-18 04:14:46] INFO     BIST:Header (ok)
[2022-12-18 04:14:58] INFO     BIST:Header (ok)
[2022-12-18 04:15:10] INFO     BIST:Header (ok)
[2022-12-18 04:15:21] INFO     BIST:Header (ok)
[2022-12-18 04:15:33] INFO     BIST:Header (ok)
[2022-12-18 04:15:44] INFO     BIST:Header (ok)
[2022-12-18 04:15:56] INFO     BIST:Header (ok)
[2022-12-18 04:16:08] INFO     BIST:Header (ok)
[2022-12-18 04:16:19] INFO     BIST:Header (ok)
[2022-12-18 04:16:28] ERROR    BIST:Data Errors (3639,0,0:3639/1)
[2022-12-18 04:16:31] ERROR    BIST:Data Errors (474,0,0:474/1)
[2022-12-18 04:16:31] INFO     BIST:Header (err 2)
[2022-12-18 04:16:32] ERROR    BIST:Data Errors (5858,0,0:5858/2)
[2022-12-18 04:16:42] INFO     BIST:Header (err 1)
[2022-12-18 04:16:54] INFO     BIST:Header (ok)
[2022-12-18 04:17:06] INFO     BIST:Header (ok)
[2022-12-18 04:17:17] INFO     BIST:Header (ok)
[2022-12-18 04:17:29] INFO     BIST:Header (ok)
[2022-12-18 04:17:41] INFO     BIST:Header (ok)
[2022-12-18 04:17:52] INFO     BIST:Header (ok)
[2022-12-18 04:18:04] INFO     BIST:Header (ok)
[2022-12-18 04:18:15] INFO     BIST:Header (ok)
[2022-12-18 04:18:27] INFO     BIST:Header (ok)
[2022-12-18 04:18:39] INFO     BIST:Header (ok)
[2022-12-18 04:18:50] INFO     BIST:Header (ok)
[2022-12-18 04:19:02] INFO     BIST:Header (ok)
[2022-12-18 04:19:13] INFO     BIST:Header (ok)
[2022-12-18 04:19:25] INFO     BIST:Header (ok)
[2022-12-18 04:19:37] INFO     BIST:Header (ok)
[2022-12-18 04:19:48] INFO     BIST:Header (ok)
[2022-12-18 04:20:00] INFO     BIST:Header (ok)
[2022-12-18 04:20:12] INFO     BIST:Header (ok)
[2022-12-18 04:20:23] INFO     BIST:Header (ok)
[2022-12-18 04:20:35] INFO     BIST:Header (ok)
[2022-12-18 04:20:46] INFO     BIST:Header (ok)
[2022-12-18 04:20:58] INFO     BIST:Header (ok)
[2022-12-18 04:21:10] INFO     BIST:Header (ok)
[2022-12-18 04:21:21] INFO     BIST:Header (ok)
[2022-12-18 04:21:33] INFO     BIST:Header (ok)
[2022-12-18 04:21:44] INFO     BIST:Header (ok)
[2022-12-18 04:21:56] INFO     BIST:Header (ok)
[2022-12-18 04:22:08] INFO     BIST:Header (ok)
[2022-12-18 04:22:19] INFO     BIST:Header (ok)
[2022-12-18 04:22:31] INFO     BIST:Header (ok)
[2022-12-18 04:22:42] INFO     BIST:Header (ok)
[2022-12-18 04:22:54] INFO     BIST:Header (ok)
[2022-12-18 04:23:06] INFO     BIST:Header (ok)
[2022-12-18 04:23:17] INFO     BIST:Header (ok)
[2022-12-18 04:23:29] INFO     BIST:Header (ok)
[2022-12-18 04:23:41] INFO     BIST:Header (ok)
[2022-12-18 04:23:52] INFO     BIST:Header (ok)
[2022-12-18 04:24:04] INFO     BIST:Header (ok)
[2022-12-18 04:24:12] ERROR    BIST:Data Errors (3657,0,0:3657/1)
[2022-12-18 04:24:15] ERROR    BIST:Data Errors (474,0,0:474/1)
[2022-12-18 04:24:15] INFO     BIST:Header (err 2)
[2022-12-18 04:24:17] ERROR    BIST:Data Errors (5783,0,0:5783/2)
[2022-12-18 04:24:27] INFO     BIST:Header (err 1)
[2022-12-18 04:24:39] INFO     BIST:Header (ok)
[2022-12-18 04:24:50] INFO     BIST:Header (ok)
[2022-12-18 04:25:02] INFO     BIST:Header (ok)
[2022-12-18 04:25:13] INFO     BIST:Header (ok)
[2022-12-18 04:25:25] INFO     BIST:Header (ok)
[2022-12-18 04:25:37] INFO     BIST:Header (ok)
[2022-12-18 04:25:48] INFO     BIST:Header (ok)
[2022-12-18 04:25:57] ERROR    BIST:Data Errors (966,0,0:966/1)
[2022-12-18 04:25:58] ERROR    BIST:Data Errors (474,0,0:474/2)
[2022-12-18 04:26:00] ERROR    BIST:Data Errors (474,0,0:474/3)
[2022-12-18 04:26:00] INFO     BIST:Header (err 3)
[2022-12-18 04:26:01] ERROR    BIST:Data Errors (4435,0,0:4435/4)
[2022-12-18 04:26:11] INFO     BIST:Header (err 1)
[2022-12-18 04:26:23] INFO     BIST:Header (ok)
[2022-12-18 04:26:35] INFO     BIST:Header (ok)
[2022-12-18 04:26:46] INFO     BIST:Header (ok)
[2022-12-18 04:26:58] INFO     BIST:Header (ok)
[2022-12-18 04:27:10] INFO     BIST:Header (ok)
[2022-12-18 04:27:21] INFO     BIST:Header (ok)
[2022-12-18 04:27:33] INFO     BIST:Header (ok)
[2022-12-18 04:27:44] INFO     BIST:Header (ok)
[2022-12-18 04:27:56] INFO     BIST:Header (ok)
[2022-12-18 04:28:08] INFO     BIST:Header (ok)
[2022-12-18 04:28:19] INFO     BIST:Header (ok)
[2022-12-18 04:28:31] INFO     BIST:Header (ok)
[2022-12-18 04:28:42] INFO     BIST:Header (ok)
[2022-12-18 04:28:54] INFO     BIST:Header (ok)
[2022-12-18 04:29:06] INFO     BIST:Header (ok)
[2022-12-18 04:29:17] INFO     BIST:Header (ok)
[2022-12-18 04:29:29] INFO     BIST:Header (ok)
[2022-12-18 04:29:40] INFO     BIST:Header (ok)
[2022-12-18 04:29:52] INFO     BIST:Header (ok)
[2022-12-18 04:30:04] INFO     BIST:Header (ok)
[2022-12-18 04:30:15] INFO     BIST:Header (ok)
[2022-12-18 04:30:27] INFO     BIST:Header (ok)
[2022-12-18 04:30:39] INFO     BIST:Header (ok)
[2022-12-18 04:30:50] INFO     BIST:Header (ok)
[2022-12-18 04:31:02] INFO     BIST:Header (ok)
[2022-12-18 04:31:13] INFO     BIST:Header (ok)
[2022-12-18 04:31:25] INFO     BIST:Header (ok)
[2022-12-18 04:31:37] INFO     BIST:Header (ok)
[2022-12-18 04:31:48] INFO     BIST:Header (ok)
[2022-12-18 04:32:00] INFO     BIST:Header (ok)
[2022-12-18 04:32:11] INFO     BIST:Header (ok)
[2022-12-18 04:32:23] INFO     BIST:Header (ok)
[2022-12-18 04:32:35] INFO     BIST:Header (ok)
[2022-12-18 04:32:46] INFO     BIST:Header (ok)
[2022-12-18 04:32:58] INFO     BIST:Header (ok)
[2022-12-18 04:33:09] INFO     BIST:Header (ok)
[2022-12-18 04:33:21] INFO     BIST:Header (ok)
[2022-12-18 04:33:33] INFO     BIST:Header (ok)
[2022-12-18 04:33:44] INFO     BIST:Header (ok)
[2022-12-18 04:33:56] INFO     BIST:Header (ok)
[2022-12-18 04:34:08] INFO     BIST:Header (ok)
[2022-12-18 04:34:19] INFO     BIST:Header (ok)
[2022-12-18 04:34:31] INFO     BIST:Header (ok)
[2022-12-18 04:34:42] INFO     BIST:Header (ok)
[2022-12-18 04:34:54] INFO     BIST:Header (ok)
[2022-12-18 04:35:06] INFO     BIST:Header (ok)
[2022-12-18 04:35:17] INFO     BIST:Header (ok)
[2022-12-18 04:35:29] INFO     BIST:Header (ok)
[2022-12-18 04:35:40] INFO     BIST:Header (ok)
[2022-12-18 04:35:52] INFO     BIST:Header (ok)
[2022-12-18 04:36:04] INFO     BIST:Header (ok)
[2022-12-18 04:36:15] INFO     BIST:Header (ok)
[2022-12-18 04:36:27] INFO     BIST:Header (ok)
[2022-12-18 04:36:39] INFO     BIST:Header (ok)
[2022-12-18 04:36:50] INFO     BIST:Header (ok)
[2022-12-18 04:37:02] INFO     BIST:Header (ok)
[2022-12-18 04:37:13] INFO     BIST:Header (ok)
[2022-12-18 04:37:25] INFO     BIST:Header (ok)
[2022-12-18 04:37:37] INFO     BIST:Header (ok)
[2022-12-18 04:37:48] INFO     BIST:Header (ok)
[2022-12-18 04:38:00] INFO     BIST:Header (ok)
[2022-12-18 04:38:11] INFO     BIST:Header (ok)
[2022-12-18 04:38:23] INFO     BIST:Header (ok)
[2022-12-18 04:38:35] INFO     BIST:Header (ok)
[2022-12-18 04:38:46] INFO     BIST:Header (ok)
[2022-12-18 04:38:58] INFO     BIST:Header (ok)
[2022-12-18 04:39:09] INFO     BIST:Header (ok)
[2022-12-18 04:39:21] INFO     BIST:Header (ok)
[2022-12-18 04:39:33] INFO     BIST:Header (ok)
[2022-12-18 04:39:44] INFO     BIST:Header (ok)
[2022-12-18 04:39:56] INFO     BIST:Header (ok)
[2022-12-18 04:40:08] INFO     BIST:Header (ok)
[2022-12-18 04:40:19] INFO     BIST:Header (ok)
[2022-12-18 04:40:31] INFO     BIST:Header (ok)
[2022-12-18 04:40:42] INFO     BIST:Header (ok)
[2022-12-18 04:40:54] INFO     BIST:Header (ok)
[2022-12-18 04:41:06] INFO     BIST:Header (ok)
[2022-12-18 04:41:17] INFO     BIST:Header (ok)
[2022-12-18 04:41:29] INFO     BIST:Header (ok)
[2022-12-18 04:41:40] INFO     BIST:Header (ok)
[2022-12-18 04:41:52] INFO     BIST:Header (ok)
[2022-12-18 04:42:04] INFO     BIST:Header (ok)
[2022-12-18 04:42:15] INFO     BIST:Header (ok)
[2022-12-18 04:42:27] INFO     BIST:Header (ok)
[2022-12-18 04:42:38] INFO     BIST:Header (ok)
[2022-12-18 04:42:50] INFO     BIST:Header (ok)
[2022-12-18 04:43:02] INFO     BIST:Header (ok)
[2022-12-18 04:43:13] INFO     BIST:Header (ok)
[2022-12-18 04:43:25] INFO     BIST:Header (ok)
[2022-12-18 04:43:37] INFO     BIST:Header (ok)
[2022-12-18 04:43:48] INFO     BIST:Header (ok)
[2022-12-18 04:44:00] INFO     BIST:Header (ok)
[2022-12-18 04:44:11] INFO     BIST:Header (ok)
[2022-12-18 04:44:23] INFO     BIST:Header (ok)
[2022-12-18 04:44:35] INFO     BIST:Header (ok)
[2022-12-18 04:44:46] INFO     BIST:Header (ok)
[2022-12-18 04:44:58] INFO     BIST:Header (ok)
[2022-12-18 04:45:09] INFO     BIST:Header (ok)
[2022-12-18 04:45:18] ERROR    BIST:Data Errors (3146,0,0:3146/1)
[2022-12-18 04:45:20] ERROR    BIST:Data Errors (473,0,0:473/2)
[2022-12-18 04:45:21] INFO     BIST:Header (err 2)
[2022-12-18 04:45:22] ERROR    BIST:Data Errors (6295,0,0:6295/1)
[2022-12-18 04:45:33] INFO     BIST:Header (err 1)
[2022-12-18 04:45:44] INFO     BIST:Header (ok)
[2022-12-18 04:45:56] INFO     BIST:Header (ok)
[2022-12-18 04:46:07] INFO     BIST:Header (ok)
[2022-12-18 04:46:19] INFO     BIST:Header (ok)
[2022-12-18 04:46:31] INFO     BIST:Header (ok)
[2022-12-18 04:46:42] INFO     BIST:Header (ok)
[2022-12-18 04:46:54] INFO     BIST:Header (ok)
[2022-12-18 04:47:06] INFO     BIST:Header (ok)
[2022-12-18 04:47:17] INFO     BIST:Header (ok)
[2022-12-18 04:47:29] INFO     BIST:Header (ok)
[2022-12-18 04:47:40] INFO     BIST:Header (ok)
[2022-12-18 04:47:52] INFO     BIST:Header (ok)
[2022-12-18 04:48:04] INFO     BIST:Header (ok)
[2022-12-18 04:48:15] INFO     BIST:Header (ok)
[2022-12-18 04:48:27] INFO     BIST:Header (ok)
[2022-12-18 04:48:38] INFO     BIST:Header (ok)
[2022-12-18 04:48:50] INFO     BIST:Header (ok)
[2022-12-18 04:49:02] INFO     BIST:Header (ok)
[2022-12-18 04:49:13] INFO     BIST:Header (ok)
[2022-12-18 04:49:25] INFO     BIST:Header (ok)
[2022-12-18 04:49:37] INFO     BIST:Header (ok)
[2022-12-18 04:49:48] INFO     BIST:Header (ok)
[2022-12-18 04:49:57] ERROR    BIST:Data Errors (3438,0,0:3438/1)
[2022-12-18 04:50:00] ERROR    BIST:Data Errors (474,0,0:474/1)
[2022-12-18 04:50:00] INFO     BIST:Header (err 2)
[2022-12-18 04:50:01] ERROR    BIST:Data Errors (5430,0,0:5430/2)
[2022-12-18 04:50:11] INFO     BIST:Header (err 1)
[2022-12-18 04:50:23] INFO     BIST:Header (ok)
[2022-12-18 04:50:35] INFO     BIST:Header (ok)
[2022-12-18 04:50:46] INFO     BIST:Header (ok)
[2022-12-18 04:50:58] INFO     BIST:Header (ok)
[2022-12-18 04:51:09] INFO     BIST:Header (ok)
[2022-12-18 04:51:21] INFO     BIST:Header (ok)
[2022-12-18 04:51:30] ERROR    BIST:Data Errors (995,0,0:995/1)
[2022-12-18 04:51:31] ERROR    BIST:Data Errors (474,0,0:474/2)
[2022-12-18 04:51:33] ERROR    BIST:Data Errors (474,0,0:474/3)
[2022-12-18 04:51:33] INFO     BIST:Header (err 3)
[2022-12-18 04:51:34] ERROR    BIST:Data Errors (3777,0,0:3777/4)
[2022-12-18 04:51:44] INFO     BIST:Header (err 1)
[2022-12-18 04:51:56] INFO     BIST:Header (ok)
[2022-12-18 04:52:07] INFO     BIST:Header (ok)
[2022-12-18 04:52:19] INFO     BIST:Header (ok)
[2022-12-18 04:52:31] INFO     BIST:Header (ok)
[2022-12-18 04:52:42] INFO     BIST:Header (ok)
[2022-12-18 04:52:54] INFO     BIST:Header (ok)
[2022-12-18 04:53:06] INFO     BIST:Header (ok)
[2022-12-18 04:53:17] INFO     BIST:Header (ok)
[2022-12-18 04:53:29] INFO     BIST:Header (ok)
[2022-12-18 04:53:40] INFO     BIST:Header (ok)
[2022-12-18 04:53:52] INFO     BIST:Header (ok)
[2022-12-18 04:54:04] INFO     BIST:Header (ok)
[2022-12-18 04:54:15] INFO     BIST:Header (ok)
[2022-12-18 04:54:27] INFO     BIST:Header (ok)
[2022-12-18 04:54:38] INFO     BIST:Header (ok)
[2022-12-18 04:54:50] INFO     BIST:Header (ok)
[2022-12-18 04:55:02] INFO     BIST:Header (ok)
[2022-12-18 04:55:13] INFO     BIST:Header (ok)
[2022-12-18 04:55:25] INFO     BIST:Header (ok)
[2022-12-18 04:55:36] INFO     BIST:Header (ok)
[2022-12-18 04:55:48] INFO     BIST:Header (ok)
[2022-12-18 04:56:00] INFO     BIST:Header (ok)
[2022-12-18 04:56:08] ERROR    BIST:Data Errors (2489,0,0:2489/1)
[2022-12-18 04:56:10] ERROR    BIST:Data Errors (474,0,0:474/2)
[2022-12-18 04:56:11] ERROR    BIST:Data Errors (473,0,0:473/3)
[2022-12-18 04:56:11] INFO     BIST:Header (err 3)
[2022-12-18 04:56:13] ERROR    BIST:Data Errors (2913,0,0:2913/4)
[2022-12-18 04:56:23] INFO     BIST:Header (err 1)
[2022-12-18 04:56:35] INFO     BIST:Header (ok)
[2022-12-18 04:56:46] INFO     BIST:Header (ok)
[2022-12-18 04:56:58] INFO     BIST:Header (ok)
[2022-12-18 04:57:09] INFO     BIST:Header (ok)
[2022-12-18 04:57:21] INFO     BIST:Header (ok)
[2022-12-18 04:57:33] INFO     BIST:Header (ok)
[2022-12-18 04:57:44] INFO     BIST:Header (ok)
[2022-12-18 04:57:56] INFO     BIST:Header (ok)
[2022-12-18 04:58:07] INFO     BIST:Header (ok)
[2022-12-18 04:58:19] INFO     BIST:Header (ok)
[2022-12-18 04:58:31] INFO     BIST:Header (ok)
[2022-12-18 04:58:42] INFO     BIST:Header (ok)
[2022-12-18 04:58:54] INFO     BIST:Header (ok)
[2022-12-18 04:59:03] ERROR    BIST:Data Errors (1376,0,0:1376/1)
[2022-12-18 04:59:04] ERROR    BIST:Data Errors (474,0,0:474/2)
[2022-12-18 04:59:05] ERROR    BIST:Data Errors (474,0,0:474/3)
[2022-12-18 04:59:05] INFO     BIST:Header (err 3)
[2022-12-18 04:59:07] ERROR    BIST:Data Errors (3396,0,0:3396/4)
[2022-12-18 04:59:17] INFO     BIST:Header (err 1)
[2022-12-18 04:59:29] INFO     BIST:Header (ok)
[2022-12-18 04:59:40] INFO     BIST:Header (ok)
[2022-12-18 04:59:52] INFO     BIST:Header (ok)
[2022-12-18 05:00:04] INFO     BIST:Header (ok)
[2022-12-18 05:00:15] INFO     BIST:Header (ok)
[2022-12-18 05:00:27] INFO     BIST:Header (ok)
[2022-12-18 05:00:38] INFO     BIST:Header (ok)
[2022-12-18 05:00:50] INFO     BIST:Header (ok)
[2022-12-18 05:01:02] INFO     BIST:Header (ok)
[2022-12-18 05:01:13] INFO     BIST:Header (ok)
[2022-12-18 05:01:25] INFO     BIST:Header (ok)
[2022-12-18 05:01:36] INFO     BIST:Header (ok)
[2022-12-18 05:01:48] INFO     BIST:Header (ok)
[2022-12-18 05:02:00] INFO     BIST:Header (ok)
[2022-12-18 05:02:08] ERROR    BIST:Data Errors (1159,0,0:1159/1)
[2022-12-18 05:02:10] ERROR    BIST:Data Errors (474,0,0:474/2)
[2022-12-18 05:02:11] ERROR    BIST:Data Errors (474,0,0:474/3)
[2022-12-18 05:02:11] INFO     BIST:Header (err 3)
[2022-12-18 05:02:13] ERROR    BIST:Data Errors (4185,0,0:4185/4)
[2022-12-18 05:02:23] INFO     BIST:Header (err 1)
[2022-12-18 05:02:34] INFO     BIST:Header (ok)
[2022-12-18 05:02:46] INFO     BIST:Header (ok)
[2022-12-18 05:02:58] INFO     BIST:Header (ok)
[2022-12-18 05:03:09] INFO     BIST:Header (ok)
[2022-12-18 05:03:21] INFO     BIST:Header (ok)
[2022-12-18 05:03:30] ERROR    BIST:Data Errors (3118,0,0:3118/1)
[2022-12-18 05:03:31] ERROR    BIST:Data Errors (473,0,0:473/2)
[2022-12-18 05:03:33] INFO     BIST:Header (err 2)
[2022-12-18 05:03:34] ERROR    BIST:Data Errors (6323,0,0:6323/1)
[2022-12-18 05:03:44] INFO     BIST:Header (err 1)
[2022-12-18 05:03:56] INFO     BIST:Header (ok)
[2022-12-18 05:04:07] INFO     BIST:Header (ok)
[2022-12-18 05:04:19] INFO     BIST:Header (ok)
[2022-12-18 05:04:31] INFO     BIST:Header (ok)
[2022-12-18 05:04:42] INFO     BIST:Header (ok)
[2022-12-18 05:04:54] INFO     BIST:Header (ok)
[2022-12-18 05:05:05] INFO     BIST:Header (ok)
[2022-12-18 05:05:17] INFO     BIST:Header (ok)
[2022-12-18 05:05:29] INFO     BIST:Header (ok)
[2022-12-18 05:05:40] INFO     BIST:Header (ok)
[2022-12-18 05:05:52] INFO     BIST:Header (ok)
[2022-12-18 05:06:04] INFO     BIST:Header (ok)
[2022-12-18 05:06:15] INFO     BIST:Header (ok)
[2022-12-18 05:06:27] INFO     BIST:Header (ok)
[2022-12-18 05:06:38] INFO     BIST:Header (ok)
[2022-12-18 05:06:50] INFO     BIST:Header (ok)
[2022-12-18 05:07:02] INFO     BIST:Header (ok)
[2022-12-18 05:07:13] INFO     BIST:Header (ok)
[2022-12-18 05:07:25] INFO     BIST:Header (ok)
[2022-12-18 05:07:36] INFO     BIST:Header (ok)
[2022-12-18 05:07:48] INFO     BIST:Header (ok)
[2022-12-18 05:08:00] INFO     BIST:Header (ok)
[2022-12-18 05:08:11] INFO     BIST:Header (ok)
[2022-12-18 05:08:23] INFO     BIST:Header (ok)
[2022-12-18 05:08:34] INFO     BIST:Header (ok)
[2022-12-18 05:08:46] INFO     BIST:Header (ok)
[2022-12-18 05:08:58] INFO     BIST:Header (ok)
[2022-12-18 05:09:09] INFO     BIST:Header (ok)
[2022-12-18 05:09:21] INFO     BIST:Header (ok)
[2022-12-18 05:09:33] INFO     BIST:Header (ok)
[2022-12-18 05:09:44] INFO     BIST:Header (ok)
[2022-12-18 05:09:53] ERROR    BIST:Data Errors (1291,0,0:1291/1)
[2022-12-18 05:09:54] ERROR    BIST:Data Errors (474,0,0:474/2)
[2022-12-18 05:09:56] ERROR    BIST:Data Errors (474,0,0:474/3)
[2022-12-18 05:09:56] INFO     BIST:Header (err 3)
[2022-12-18 05:09:57] ERROR    BIST:Data Errors (4110,0,0:4110/4)
[2022-12-18 05:10:07] INFO     BIST:Header (err 1)
[2022-12-18 05:10:19] INFO     BIST:Header (ok)
[2022-12-18 05:10:28] ERROR    BIST:Data Errors (375,0,0:375/1)
[2022-12-18 05:10:29] ERROR    BIST:Data Errors (474,0,0:474/2)
[2022-12-18 05:10:31] ERROR    BIST:Data Errors (474,0,0:474/3)
[2022-12-18 05:10:31] INFO     BIST:Header (err 3)
[2022-12-18 05:10:32] ERROR    BIST:Data Errors (5026,0,0:5026/4)
[2022-12-18 05:10:42] INFO     BIST:Header (err 1)
[2022-12-18 05:10:54] INFO     BIST:Header (ok)
[2022-12-18 05:11:05] INFO     BIST:Header (ok)
[2022-12-18 05:11:17] INFO     BIST:Header (ok)
[2022-12-18 05:11:29] INFO     BIST:Header (ok)
[2022-12-18 05:11:40] INFO     BIST:Header (ok)
[2022-12-18 05:11:52] INFO     BIST:Header (ok)
[2022-12-18 05:12:03] INFO     BIST:Header (ok)
[2022-12-18 05:12:15] INFO     BIST:Header (ok)
[2022-12-18 05:12:27] INFO     BIST:Header (ok)
[2022-12-18 05:12:38] INFO     BIST:Header (ok)
[2022-12-18 05:12:50] INFO     BIST:Header (ok)
[2022-12-18 05:13:02] INFO     BIST:Header (ok)
[2022-12-18 05:13:13] INFO     BIST:Header (ok)
[2022-12-18 05:13:25] INFO     BIST:Header (ok)
[2022-12-18 05:13:36] INFO     BIST:Header (ok)
[2022-12-18 05:13:48] INFO     BIST:Header (ok)
[2022-12-18 05:14:00] INFO     BIST:Header (ok)
[2022-12-18 05:14:11] INFO     BIST:Header (ok)
[2022-12-18 05:14:23] INFO     BIST:Header (ok)
[2022-12-18 05:14:34] INFO     BIST:Header (ok)
[2022-12-18 05:14:46] INFO     BIST:Header (ok)
[2022-12-18 05:14:55] ERROR    BIST:Data Errors (1545,0,0:1545/1)
[2022-12-18 05:14:56] ERROR    BIST:Data Errors (474,0,0:474/2)
[2022-12-18 05:14:58] ERROR    BIST:Data Errors (473,0,0:473/3)
[2022-12-18 05:14:58] INFO     BIST:Header (err 3)
[2022-12-18 05:14:59] ERROR    BIST:Data Errors (3857,0,0:3857/4)
[2022-12-18 05:15:09] INFO     BIST:Header (err 1)
[2022-12-18 05:15:21] INFO     BIST:Header (ok)
[2022-12-18 05:15:32] INFO     BIST:Header (ok)
[2022-12-18 05:15:44] INFO     BIST:Header (ok)
[2022-12-18 05:15:56] INFO     BIST:Header (ok)
[2022-12-18 05:16:07] INFO     BIST:Header (ok)
[2022-12-18 05:16:19] INFO     BIST:Header (ok)
[2022-12-18 05:16:31] INFO     BIST:Header (ok)
[2022-12-18 05:16:42] INFO     BIST:Header (ok)
[2022-12-18 05:16:54] INFO     BIST:Header (ok)
[2022-12-18 05:17:05] INFO     BIST:Header (ok)
[2022-12-18 05:17:14] ERROR    BIST:Data Errors (1977,0,0:1977/1)
[2022-12-18 05:17:16] ERROR    BIST:Data Errors (474,0,0:474/2)
[2022-12-18 05:17:17] ERROR    BIST:Data Errors (474,0,0:474/3)
[2022-12-18 05:17:17] INFO     BIST:Header (err 3)
[2022-12-18 05:17:18] ERROR    BIST:Data Errors (3424,0,0:3424/4)
[2022-12-18 05:17:29] INFO     BIST:Header (err 1)
[2022-12-18 05:17:37] ERROR    BIST:Data Errors (1366,0,0:1366/1)
[2022-12-18 05:17:39] ERROR    BIST:Data Errors (474,0,0:474/2)
[2022-12-18 05:17:40] ERROR    BIST:Data Errors (474,0,0:474/3)
[2022-12-18 05:17:40] INFO     BIST:Header (err 3)
[2022-12-18 05:17:42] ERROR    BIST:Data Errors (4035,0,0:4035/4)
[2022-12-18 05:17:52] INFO     BIST:Header (err 1)
[2022-12-18 05:18:03] INFO     BIST:Header (ok)
[2022-12-18 05:18:15] INFO     BIST:Header (ok)
[2022-12-18 05:18:27] INFO     BIST:Header (ok)
[2022-12-18 05:18:38] INFO     BIST:Header (ok)
[2022-12-18 05:18:50] INFO     BIST:Header (ok)
[2022-12-18 05:19:01] INFO     BIST:Header (ok)
[2022-12-18 05:19:13] INFO     BIST:Header (ok)
[2022-12-18 05:19:25] INFO     BIST:Header (ok)
[2022-12-18 05:19:33] ERROR    BIST:Data Errors (2352,0,0:2352/1)
[2022-12-18 05:19:35] ERROR    BIST:Data Errors (474,0,0:474/2)
[2022-12-18 05:19:36] ERROR    BIST:Data Errors (474,0,0:474/3)
[2022-12-18 05:19:36] INFO     BIST:Header (err 3)
[2022-12-18 05:19:38] ERROR    BIST:Data Errors (2992,0,0:2992/4)
[2022-12-18 05:19:48] INFO     BIST:Header (err 1)
[2022-12-18 05:20:00] INFO     BIST:Header (ok)
[2022-12-18 05:20:11] INFO     BIST:Header (ok)
[2022-12-18 05:20:23] INFO     BIST:Header (ok)
[2022-12-18 05:20:34] INFO     BIST:Header (ok)
[2022-12-18 05:20:46] INFO     BIST:Header (ok)
[2022-12-18 05:20:58] INFO     BIST:Header (ok)
[2022-12-18 05:21:09] INFO     BIST:Header (ok)
[2022-12-18 05:21:21] INFO     BIST:Header (ok)
[2022-12-18 05:21:32] INFO     BIST:Header (ok)
[2022-12-18 05:21:44] INFO     BIST:Header (ok)
[2022-12-18 05:21:56] INFO     BIST:Header (ok)
[2022-12-18 05:22:07] INFO     BIST:Header (ok)
[2022-12-18 05:22:19] INFO     BIST:Header (ok)
[2022-12-18 05:22:31] INFO     BIST:Header (ok)
[2022-12-18 05:22:39] ERROR    BIST:Data Errors (1620,0,0:1620/1)
[2022-12-18 05:22:41] ERROR    BIST:Data Errors (474,0,0:474/2)
[2022-12-18 05:22:42] ERROR    BIST:Data Errors (474,0,0:474/3)
[2022-12-18 05:22:42] INFO     BIST:Header (err 3)
[2022-12-18 05:22:44] ERROR    BIST:Data Errors (3781,0,0:3781/4)
[2022-12-18 05:22:54] INFO     BIST:Header (err 1)
[2022-12-18 05:23:05] INFO     BIST:Header (ok)
[2022-12-18 05:23:17] INFO     BIST:Header (ok)
[2022-12-18 05:23:29] INFO     BIST:Header (ok)
[2022-12-18 05:23:40] INFO     BIST:Header (ok)
[2022-12-18 05:23:52] INFO     BIST:Header (ok)
[2022-12-18 05:24:03] INFO     BIST:Header (ok)
[2022-12-18 05:24:15] INFO     BIST:Header (ok)
[2022-12-18 05:24:27] INFO     BIST:Header (ok)
[2022-12-18 05:24:35] ERROR    BIST:Data Errors (2663,0,0:2663/1)
[2022-12-18 05:24:37] ERROR    BIST:Data Errors (474,0,0:474/2)
[2022-12-18 05:24:38] ERROR    BIST:Data Errors (474,0,0:474/3)
[2022-12-18 05:24:38] INFO     BIST:Header (err 3)
[2022-12-18 05:24:40] ERROR    BIST:Data Errors (2738,0,0:2738/4)
[2022-12-18 05:24:50] INFO     BIST:Header (err 1)
[2022-12-18 05:25:01] INFO     BIST:Header (ok)
[2022-12-18 05:25:13] INFO     BIST:Header (ok)
[2022-12-18 05:25:25] INFO     BIST:Header (ok)
[2022-12-18 05:25:36] INFO     BIST:Header (ok)
[2022-12-18 05:25:48] INFO     BIST:Header (ok)
[2022-12-18 05:26:00] INFO     BIST:Header (ok)
[2022-12-18 05:26:11] INFO     BIST:Header (ok)
[2022-12-18 05:26:23] INFO     BIST:Header (ok)
[2022-12-18 05:26:34] INFO     BIST:Header (ok)
[2022-12-18 05:26:46] INFO     BIST:Header (ok)
[2022-12-18 05:26:58] INFO     BIST:Header (ok)
[2022-12-18 05:27:09] INFO     BIST:Header (ok)
[2022-12-18 05:27:18] ERROR    BIST:Data Errors (2427,0,0:2427/1)
[2022-12-18 05:27:19] ERROR    BIST:Data Errors (474,0,0:474/2)
[2022-12-18 05:27:21] ERROR    BIST:Data Errors (474,0,0:474/3)
[2022-12-18 05:27:21] INFO     BIST:Header (err 3)
[2022-12-18 05:27:22] ERROR    BIST:Data Errors (2917,0,0:2917/4)
[2022-12-18 05:27:32] INFO     BIST:Header (err 1)
[2022-12-18 05:27:44] INFO     BIST:Header (ok)
[2022-12-18 05:27:56] INFO     BIST:Header (ok)
[2022-12-18 05:28:07] INFO     BIST:Header (ok)
[2022-12-18 05:28:19] INFO     BIST:Header (ok)
[2022-12-18 05:28:30] INFO     BIST:Header (ok)
[2022-12-18 05:28:42] INFO     BIST:Header (ok)
[2022-12-18 05:28:54] INFO     BIST:Header (ok)
[2022-12-18 05:29:05] INFO     BIST:Header (ok)
[2022-12-18 05:29:17] INFO     BIST:Header (ok)
[2022-12-18 05:29:29] INFO     BIST:Header (ok)
[2022-12-18 05:29:40] INFO     BIST:Header (ok)
[2022-12-18 05:29:49] ERROR    BIST:Data Errors (1982,0,0:1982/1)
[2022-12-18 05:29:50] ERROR    BIST:Data Errors (474,0,0:474/2)
[2022-12-18 05:29:52] ERROR    BIST:Data Errors (474,0,0:474/3)
[2022-12-18 05:29:52] INFO     BIST:Header (err 3)
[2022-12-18 05:29:53] ERROR    BIST:Data Errors (2790,0,0:2790/4)
[2022-12-18 05:30:03] INFO     BIST:Header (err 1)
[2022-12-18 05:30:15] INFO     BIST:Header (ok)
[2022-12-18 05:30:27] INFO     BIST:Header (ok)
[2022-12-18 05:30:38] INFO     BIST:Header (ok)
[2022-12-18 05:30:50] INFO     BIST:Header (ok)
[2022-12-18 05:31:01] INFO     BIST:Header (ok)
[2022-12-18 05:31:13] INFO     BIST:Header (ok)
[2022-12-18 05:31:25] INFO     BIST:Header (ok)
[2022-12-18 05:31:36] INFO     BIST:Header (ok)
[2022-12-18 05:31:48] INFO     BIST:Header (ok)
[2022-12-18 05:31:59] INFO     BIST:Header (ok)
[2022-12-18 05:32:11] INFO     BIST:Header (ok)
[2022-12-18 05:32:23] INFO     BIST:Header (ok)
[2022-12-18 05:32:34] INFO     BIST:Header (ok)
[2022-12-18 05:32:46] INFO     BIST:Header (ok)
[2022-12-18 05:32:58] INFO     BIST:Header (ok)
[2022-12-18 05:33:09] INFO     BIST:Header (ok)
[2022-12-18 05:33:21] INFO     BIST:Header (ok)
[2022-12-18 05:33:32] INFO     BIST:Header (ok)
[2022-12-18 05:33:44] INFO     BIST:Header (ok)
[2022-12-18 05:33:56] INFO     BIST:Header (ok)
[2022-12-18 05:34:07] INFO     BIST:Header (ok)
[2022-12-18 05:34:19] INFO     BIST:Header (ok)
[2022-12-18 05:34:30] INFO     BIST:Header (ok)
[2022-12-18 05:34:42] INFO     BIST:Header (ok)
[2022-12-18 05:34:54] INFO     BIST:Header (ok)
[2022-12-18 05:35:05] INFO     BIST:Header (ok)
[2022-12-18 05:35:17] INFO     BIST:Header (ok)
[2022-12-18 05:35:32] ERROR    UART:expect timeout (delay 15s)
[2022-12-18 05:35:32] INFO     STATE:Terminal Recovery State
[2022-12-18 05:35:32] INFO     UART:Serial port /dev/ttyUSB2 closed
[2022-12-18 05:35:35] INFO     UART:Searching for ttyUSB device (Attempt 1)
[2022-12-18 05:35:35] INFO     UART:Found tty device:/dev/ttyUSB2
[2022-12-18 05:35:35] INFO     UART:Serial port /dev/ttyUSB2 open
[2022-12-18 05:35:45] ERROR    UART:expect timeout (delay 10s)
[2022-12-18 05:35:45] INFO     STATE:Reset Recovery State
[2022-12-18 05:35:45] INFO     UARTBONE I ADDR=00001350
[2022-12-18 05:35:45] INFO     Issuing UART bone reset
[2022-12-18 05:35:46] INFO     UARTBONE I ADDR=000001F8
[2022-12-18 05:35:46] INFO     STATE:LiteX Login State
[2022-12-18 05:35:46] INFO     STATE:Start BIST State
[2022-12-18 05:35:46] INFO     STATE:BIST Execution State
[2022-12-18 05:35:46] INFO     BIST:Bad title line (1):8192 1 0 2
[2022-12-18 05:35:46] INFO     BIST:Header (first)
[2022-12-18 05:35:58] INFO     BIST:Header (ok)
[2022-12-18 05:36:09] INFO     BIST:Header (ok)
[2022-12-18 05:36:21] INFO     BIST:Header (ok)
[2022-12-18 05:36:33] INFO     BIST:Header (ok)
[2022-12-18 05:36:44] INFO     BIST:Header (ok)
[2022-12-18 05:36:56] INFO     BIST:Header (ok)
[2022-12-18 05:37:07] INFO     BIST:Header (ok)
[2022-12-18 05:37:19] INFO     BIST:Header (ok)
[2022-12-18 05:37:31] INFO     BIST:Header (ok)
[2022-12-18 05:37:42] INFO     BIST:Header (ok)
[2022-12-18 05:37:54] INFO     BIST:Header (ok)
[2022-12-18 05:38:05] INFO     BIST:Header (ok)
[2022-12-18 05:38:17] INFO     BIST:Header (ok)
[2022-12-18 05:38:29] INFO     BIST:Header (ok)
[2022-12-18 05:38:40] INFO     BIST:Header (ok)
[2022-12-18 05:38:52] INFO     BIST:Header (ok)
[2022-12-18 05:39:04] INFO     BIST:Header (ok)
[2022-12-18 05:39:15] INFO     BIST:Header (ok)
[2022-12-18 05:39:27] INFO     BIST:Header (ok)
[2022-12-18 05:39:38] INFO     BIST:Header (ok)
[2022-12-18 05:39:50] INFO     BIST:Header (ok)
[2022-12-18 05:40:02] INFO     BIST:Header (ok)
[2022-12-18 05:40:13] INFO     BIST:Header (ok)
[2022-12-18 05:40:25] INFO     BIST:Header (ok)
[2022-12-18 05:40:36] INFO     BIST:Header (ok)
[2022-12-18 05:40:48] INFO     BIST:Header (ok)
[2022-12-18 05:41:00] INFO     BIST:Header (ok)
[2022-12-18 05:41:11] INFO     BIST:Header (ok)
[2022-12-18 05:41:23] INFO     BIST:Header (ok)
[2022-12-18 05:41:34] INFO     BIST:Header (ok)
[2022-12-18 05:41:46] INFO     BIST:Header (ok)
[2022-12-18 05:41:58] INFO     BIST:Header (ok)
[2022-12-18 05:42:09] INFO     BIST:Header (ok)
[2022-12-18 05:42:21] INFO     BIST:Header (ok)
[2022-12-18 05:42:33] INFO     BIST:Header (ok)
[2022-12-18 05:42:44] INFO     BIST:Header (ok)
[2022-12-18 05:42:56] INFO     BIST:Header (ok)
[2022-12-18 05:43:07] INFO     BIST:Header (ok)
[2022-12-18 05:43:19] INFO     BIST:Header (ok)
[2022-12-18 05:43:31] INFO     BIST:Header (ok)
[2022-12-18 05:43:42] INFO     BIST:Header (ok)
[2022-12-18 05:43:54] INFO     BIST:Header (ok)
[2022-12-18 05:44:05] INFO     BIST:Header (ok)
[2022-12-18 05:44:17] INFO     BIST:Header (ok)
[2022-12-18 05:44:29] INFO     BIST:Header (ok)
[2022-12-18 05:44:40] INFO     BIST:Header (ok)
[2022-12-18 05:44:52] INFO     BIST:Header (ok)
[2022-12-18 05:45:03] INFO     BIST:Header (ok)
[2022-12-18 05:45:15] INFO     BIST:Header (ok)
[2022-12-18 05:45:27] INFO     BIST:Header (ok)
[2022-12-18 05:45:38] INFO     BIST:Header (ok)
[2022-12-18 05:45:50] INFO     BIST:Header (ok)
[2022-12-18 05:46:02] INFO     BIST:Header (ok)
[2022-12-18 05:46:13] INFO     BIST:Header (ok)
[2022-12-18 05:46:25] INFO     BIST:Header (ok)
[2022-12-18 05:46:36] INFO     BIST:Header (ok)
[2022-12-18 05:46:48] INFO     BIST:Header (ok)
[2022-12-18 05:47:00] INFO     BIST:Header (ok)
[2022-12-18 05:47:11] INFO     BIST:Header (ok)
[2022-12-18 05:47:23] INFO     BIST:Header (ok)
[2022-12-18 05:47:34] INFO     BIST:Header (ok)
[2022-12-18 05:47:46] INFO     BIST:Header (ok)
[2022-12-18 05:47:58] INFO     BIST:Header (ok)
[2022-12-18 05:48:09] INFO     BIST:Header (ok)
[2022-12-18 05:48:21] INFO     BIST:Header (ok)
[2022-12-18 05:48:33] INFO     BIST:Header (ok)
[2022-12-18 05:48:44] INFO     BIST:Header (ok)
[2022-12-18 05:48:56] INFO     BIST:Header (ok)
[2022-12-18 05:49:07] INFO     BIST:Header (ok)
[2022-12-18 05:49:19] INFO     BIST:Header (ok)
[2022-12-18 05:49:31] INFO     BIST:Header (ok)
[2022-12-18 05:49:42] INFO     BIST:Header (ok)
[2022-12-18 05:49:54] INFO     BIST:Header (ok)
[2022-12-18 05:50:05] INFO     BIST:Header (ok)
[2022-12-18 05:50:17] INFO     BIST:Header (ok)
[2022-12-18 05:50:29] INFO     BIST:Header (ok)
[2022-12-18 05:50:40] INFO     BIST:Header (ok)
[2022-12-18 05:50:52] INFO     BIST:Header (ok)
[2022-12-18 05:51:03] INFO     BIST:Header (ok)
[2022-12-18 05:51:15] INFO     BIST:Header (ok)
[2022-12-18 05:51:27] INFO     BIST:Header (ok)
[2022-12-18 05:51:38] INFO     BIST:Header (ok)
[2022-12-18 05:51:50] INFO     BIST:Header (ok)
[2022-12-18 05:52:02] INFO     BIST:Header (ok)
[2022-12-18 05:52:13] INFO     BIST:Header (ok)
[2022-12-18 05:52:25] INFO     BIST:Header (ok)
[2022-12-18 05:52:36] INFO     BIST:Header (ok)
[2022-12-18 05:52:48] INFO     BIST:Header (ok)
[2022-12-18 05:53:00] INFO     BIST:Header (ok)
[2022-12-18 05:53:11] INFO     BIST:Header (ok)
[2022-12-18 05:53:23] INFO     BIST:Header (ok)
[2022-12-18 05:53:34] INFO     BIST:Header (ok)
[2022-12-18 05:53:46] INFO     BIST:Header (ok)
[2022-12-18 05:53:58] INFO     BIST:Header (ok)
[2022-12-18 05:54:09] INFO     BIST:Header (ok)
[2022-12-18 05:54:21] INFO     BIST:Header (ok)
[2022-12-18 05:54:32] INFO     BIST:Header (ok)
[2022-12-18 05:54:44] INFO     BIST:Header (ok)
[2022-12-18 05:54:56] INFO     BIST:Header (ok)
[2022-12-18 05:55:07] INFO     BIST:Header (ok)
[2022-12-18 05:55:19] INFO     BIST:Header (ok)
[2022-12-18 05:55:31] INFO     BIST:Header (ok)
[2022-12-18 05:55:42] INFO     BIST:Header (ok)
[2022-12-18 05:55:54] INFO     BIST:Header (ok)
[2022-12-18 05:56:05] INFO     BIST:Header (ok)
[2022-12-18 05:56:17] INFO     BIST:Header (ok)
[2022-12-18 05:56:29] INFO     BIST:Header (ok)
[2022-12-18 05:56:40] INFO     BIST:Header (ok)
[2022-12-18 05:56:52] INFO     BIST:Header (ok)
[2022-12-18 05:57:03] INFO     BIST:Header (ok)
[2022-12-18 05:57:15] INFO     BIST:Header (ok)
[2022-12-18 05:57:27] INFO     BIST:Header (ok)
[2022-12-18 05:57:38] INFO     BIST:Header (ok)
[2022-12-18 05:57:50] INFO     BIST:Header (ok)
[2022-12-18 05:58:01] INFO     BIST:Header (ok)
[2022-12-18 05:58:13] INFO     BIST:Header (ok)
[2022-12-18 05:58:25] INFO     BIST:Header (ok)
[2022-12-18 05:58:36] INFO     BIST:Header (ok)
[2022-12-18 05:58:48] INFO     BIST:Header (ok)
[2022-12-18 05:59:00] INFO     BIST:Header (ok)
[2022-12-18 05:59:11] INFO     BIST:Header (ok)
[2022-12-18 05:59:23] INFO     BIST:Header (ok)
[2022-12-18 05:59:34] INFO     BIST:Header (ok)
[2022-12-18 05:59:46] INFO     BIST:Header (ok)
[2022-12-18 05:59:58] INFO     BIST:Header (ok)
[2022-12-18 06:00:09] INFO     BIST:Header (ok)
[2022-12-18 06:00:21] INFO     BIST:Header (ok)
[2022-12-18 06:00:32] INFO     BIST:Header (ok)
[2022-12-18 06:00:44] INFO     BIST:Header (ok)
[2022-12-18 06:00:56] INFO     BIST:Header (ok)
[2022-12-18 06:01:07] INFO     BIST:Header (ok)
[2022-12-18 06:01:19] INFO     BIST:Header (ok)
[2022-12-18 06:01:30] INFO     BIST:Header (ok)
[2022-12-18 06:01:42] INFO     BIST:Header (ok)
[2022-12-18 06:01:54] INFO     BIST:Header (ok)
[2022-12-18 06:02:05] INFO     BIST:Header (ok)
[2022-12-18 06:02:17] INFO     BIST:Header (ok)
[2022-12-18 06:02:29] INFO     BIST:Header (ok)
[2022-12-18 06:02:40] INFO     BIST:Header (ok)
[2022-12-18 06:02:52] INFO     BIST:Header (ok)
[2022-12-18 06:03:03] INFO     BIST:Header (ok)
[2022-12-18 06:03:15] INFO     BIST:Header (ok)
[2022-12-18 06:03:27] INFO     BIST:Header (ok)
[2022-12-18 06:03:38] INFO     BIST:Header (ok)
[2022-12-18 06:03:50] INFO     BIST:Header (ok)
[2022-12-18 06:04:01] INFO     BIST:Header (ok)
[2022-12-18 06:04:13] INFO     BIST:Header (ok)
[2022-12-18 06:04:25] INFO     BIST:Header (ok)
[2022-12-18 06:04:36] INFO     BIST:Header (ok)
[2022-12-18 06:04:48] INFO     BIST:Header (ok)
[2022-12-18 06:04:59] INFO     BIST:Header (ok)
[2022-12-18 06:05:11] INFO     BIST:Header (ok)
[2022-12-18 06:05:23] INFO     BIST:Header (ok)
[2022-12-18 06:05:34] INFO     BIST:Header (ok)
[2022-12-18 06:05:46] INFO     BIST:Header (ok)
[2022-12-18 06:05:58] INFO     BIST:Header (ok)
[2022-12-18 06:06:09] INFO     BIST:Header (ok)
[2022-12-18 06:06:21] INFO     BIST:Header (ok)
[2022-12-18 06:06:32] INFO     BIST:Header (ok)
[2022-12-18 06:06:44] INFO     BIST:Header (ok)
[2022-12-18 06:06:56] INFO     BIST:Header (ok)
[2022-12-18 06:07:07] INFO     BIST:Header (ok)
[2022-12-18 06:07:19] INFO     BIST:Header (ok)
[2022-12-18 06:07:30] INFO     BIST:Header (ok)
[2022-12-18 06:07:42] INFO     BIST:Header (ok)
[2022-12-18 06:07:54] INFO     BIST:Header (ok)
[2022-12-18 06:08:05] INFO     BIST:Header (ok)
[2022-12-18 06:08:17] INFO     BIST:Header (ok)
[2022-12-18 06:08:29] INFO     BIST:Header (ok)
[2022-12-18 06:08:40] INFO     BIST:Header (ok)
[2022-12-18 06:08:52] INFO     BIST:Header (ok)
[2022-12-18 06:09:03] INFO     BIST:Header (ok)
[2022-12-18 06:09:15] INFO     BIST:Header (ok)
[2022-12-18 06:09:27] INFO     BIST:Header (ok)
[2022-12-18 06:09:38] INFO     BIST:Header (ok)
[2022-12-18 06:09:50] INFO     BIST:Header (ok)
[2022-12-18 06:10:01] INFO     BIST:Header (ok)
[2022-12-18 06:10:13] INFO     BIST:Header (ok)
[2022-12-18 06:10:25] INFO     BIST:Header (ok)
[2022-12-18 06:10:36] INFO     BIST:Header (ok)
[2022-12-18 06:10:48] INFO     BIST:Header (ok)
[2022-12-18 06:10:59] INFO     BIST:Header (ok)
[2022-12-18 06:11:11] INFO     BIST:Header (ok)
[2022-12-18 06:11:23] INFO     BIST:Header (ok)
[2022-12-18 06:11:34] INFO     BIST:Header (ok)
[2022-12-18 06:11:46] INFO     BIST:Header (ok)
[2022-12-18 06:11:58] INFO     BIST:Header (ok)
[2022-12-18 06:12:09] INFO     BIST:Header (ok)
[2022-12-18 06:12:21] INFO     BIST:Header (ok)
[2022-12-18 06:12:32] INFO     BIST:Header (ok)
[2022-12-18 06:12:44] INFO     BIST:Header (ok)
[2022-12-18 06:12:56] INFO     BIST:Header (ok)
[2022-12-18 06:13:07] INFO     BIST:Header (ok)
[2022-12-18 06:13:19] INFO     BIST:Header (ok)
[2022-12-18 06:13:30] INFO     BIST:Header (ok)
[2022-12-18 06:13:42] INFO     BIST:Header (ok)
[2022-12-18 06:13:54] INFO     BIST:Header (ok)
[2022-12-18 06:14:05] INFO     BIST:Header (ok)
[2022-12-18 06:14:17] INFO     BIST:Header (ok)
[2022-12-18 06:14:28] INFO     BIST:Header (ok)
[2022-12-18 06:14:40] INFO     BIST:Header (ok)
[2022-12-18 06:14:52] INFO     BIST:Header (ok)
[2022-12-18 06:15:03] INFO     BIST:Header (ok)
[2022-12-18 06:15:15] INFO     BIST:Header (ok)
[2022-12-18 06:15:27] INFO     BIST:Header (ok)
[2022-12-18 06:15:38] INFO     BIST:Header (ok)
[2022-12-18 06:15:50] INFO     BIST:Header (ok)
[2022-12-18 06:16:01] INFO     BIST:Header (ok)
[2022-12-18 06:16:13] INFO     BIST:Header (ok)
[2022-12-18 06:16:25] INFO     BIST:Header (ok)
[2022-12-18 06:16:36] INFO     BIST:Header (ok)
[2022-12-18 06:16:48] INFO     BIST:Header (ok)
[2022-12-18 06:16:59] INFO     BIST:Header (ok)
[2022-12-18 06:17:11] INFO     BIST:Header (ok)
[2022-12-18 06:17:23] INFO     BIST:Header (ok)
[2022-12-18 06:17:34] INFO     BIST:Header (ok)
[2022-12-18 06:17:46] INFO     BIST:Header (ok)
[2022-12-18 06:17:57] INFO     BIST:Header (ok)
[2022-12-18 06:18:09] INFO     BIST:Header (ok)
[2022-12-18 06:18:21] INFO     BIST:Header (ok)
[2022-12-18 06:18:32] INFO     BIST:Header (ok)
[2022-12-18 06:18:44] INFO     BIST:Header (ok)
[2022-12-18 06:18:56] INFO     BIST:Header (ok)
[2022-12-18 06:19:07] INFO     BIST:Header (ok)
[2022-12-18 06:19:19] INFO     BIST:Header (ok)
[2022-12-18 06:19:30] INFO     BIST:Header (ok)
[2022-12-18 06:19:42] INFO     BIST:Header (ok)
[2022-12-18 06:19:54] INFO     BIST:Header (ok)
[2022-12-18 06:20:05] INFO     BIST:Header (ok)
[2022-12-18 06:20:17] INFO     BIST:Header (ok)
[2022-12-18 06:20:28] INFO     BIST:Header (ok)
[2022-12-18 06:20:40] INFO     BIST:Header (ok)
[2022-12-18 06:20:52] INFO     BIST:Bad data line (1)
[2022-12-18 06:21:03] INFO     BIST:Bad data line (2)
[2022-12-18 06:21:15] INFO     BIST:Bad data line (3)
[2022-12-18 06:21:26] INFO     BIST:Bad data line (4)
[2022-12-18 06:21:38] INFO     BIST:Bad data line (5)
[2022-12-18 06:21:50] INFO     BIST:Bad data line (6)
[2022-12-18 06:22:01] INFO     BIST:Bad data line (7)
[2022-12-18 06:22:13] INFO     BIST:Bad data line (8)
[2022-12-18 06:22:25] INFO     BIST:Bad data line (9)
[2022-12-18 06:22:36] INFO     BIST:Bad data line (10)
[2022-12-18 06:22:36] ERROR    BIST:Max consecutive bad data lines
[2022-12-18 06:22:36] INFO     STATE:BIST Recovery State
[2022-12-18 06:22:37] INFO     STATE:BIST Execution State
[2022-12-18 06:22:37] INFO     BIST:Bad title line (1):8192 1 0 2
[2022-12-18 06:22:37] INFO     BIST:Header (first)
[2022-12-18 06:22:49] INFO     BIST:Bad data line (1)
[2022-12-18 06:23:00] INFO     BIST:Bad data line (2)
[2022-12-18 06:23:12] INFO     BIST:Bad data line (3)
[2022-12-18 06:23:24] INFO     BIST:Bad data line (4)
[2022-12-18 06:23:35] INFO     BIST:Bad data line (5)
[2022-12-18 06:23:47] INFO     BIST:Bad data line (6)
[2022-12-18 06:23:58] INFO     BIST:Bad data line (7)
[2022-12-18 06:24:10] INFO     BIST:Bad data line (8)
[2022-12-18 06:24:22] INFO     BIST:Bad data line (9)
[2022-12-18 06:24:33] INFO     BIST:Bad data line (10)
[2022-12-18 06:24:33] ERROR    BIST:Max consecutive bad data lines
[2022-12-18 06:24:33] INFO     STATE:BIST Recovery State
[2022-12-18 06:24:34] INFO     STATE:BIST Execution State
[2022-12-18 06:24:34] INFO     BIST:Bad title line (1):8192 1 0 2
[2022-12-18 06:24:34] INFO     BIST:Header (first)
[2022-12-18 06:24:46] INFO     BIST:Bad data line (1)
[2022-12-18 06:24:58] INFO     BIST:Bad data line (2)
[2022-12-18 06:25:09] INFO     BIST:Bad data line (3)
[2022-12-18 06:25:21] INFO     BIST:Bad data line (4)
[2022-12-18 06:25:32] INFO     BIST:Bad data line (5)
[2022-12-18 06:25:44] INFO     BIST:Bad data line (6)
[2022-12-18 06:25:56] INFO     BIST:Bad data line (7)
[2022-12-18 06:26:07] INFO     BIST:Bad data line (8)
[2022-12-18 06:26:19] INFO     BIST:Bad data line (9)
[2022-12-18 06:26:30] INFO     BIST:Bad data line (10)
[2022-12-18 06:26:30] ERROR    BIST:Max consecutive bad data lines
[2022-12-18 06:26:30] INFO     STATE:BIST Recovery State
[2022-12-18 06:26:31] INFO     STATE:BIST Execution State
[2022-12-18 06:26:31] INFO     BIST:Bad title line (1):8192 1 0 2
[2022-12-18 06:26:31] INFO     BIST:Header (first)
[2022-12-18 06:26:43] INFO     BIST:Bad data line (1)
[2022-12-18 06:26:55] INFO     BIST:Bad data line (2)
[2022-12-18 06:27:06] INFO     BIST:Bad data line (3)
[2022-12-18 06:27:18] INFO     BIST:Bad data line (4)
[2022-12-18 06:27:29] INFO     BIST:Bad data line (5)
[2022-12-18 06:27:41] INFO     BIST:Bad data line (6)
[2022-12-18 06:27:53] INFO     BIST:Bad data line (7)
[2022-12-18 06:28:04] INFO     BIST:Bad data line (8)
[2022-12-18 06:28:16] INFO     BIST:Bad data line (9)
[2022-12-18 06:28:28] INFO     BIST:Bad data line (10)
[2022-12-18 06:28:28] ERROR    BIST:Max consecutive bad data lines
[2022-12-18 06:28:28] INFO     STATE:BIST Recovery State
[2022-12-18 06:28:29] INFO     STATE:BIST Execution State
[2022-12-18 06:28:29] INFO     BIST:Bad title line (1):8192 1 0 2
[2022-12-18 06:28:29] INFO     BIST:Header (first)
[2022-12-18 06:28:40] INFO     BIST:Bad data line (1)
[2022-12-18 06:28:52] INFO     BIST:Bad data line (2)
[2022-12-18 06:29:03] INFO     BIST:Bad data line (3)
[2022-12-18 06:29:15] INFO     BIST:Bad data line (4)
[2022-12-18 06:29:27] INFO     BIST:Bad data line (5)
[2022-12-18 06:29:38] INFO     BIST:Bad data line (6)
[2022-12-18 06:29:50] INFO     BIST:Bad data line (7)
[2022-12-18 06:30:01] INFO     BIST:Bad data line (8)
[2022-12-18 06:30:13] INFO     BIST:Bad data line (9)
[2022-12-18 06:30:25] INFO     BIST:Bad data line (10)
[2022-12-18 06:30:25] ERROR    BIST:Max consecutive bad data lines
[2022-12-18 06:30:25] INFO     STATE:BIST Recovery State
[2022-12-18 06:30:26] INFO     STATE:BIST Execution State
[2022-12-18 06:30:26] INFO     BIST:Bad title line (1):8192 1 0 2
[2022-12-18 06:30:26] INFO     BIST:Header (first)
[2022-12-18 06:30:37] INFO     BIST:Bad data line (1)
[2022-12-18 06:30:49] INFO     BIST:Bad data line (2)
[2022-12-18 06:31:01] INFO     BIST:Bad data line (3)
[2022-12-18 06:31:12] INFO     BIST:Bad data line (4)
[2022-12-18 06:31:24] INFO     BIST:Bad data line (5)
[2022-12-18 06:31:35] INFO     BIST:Bad data line (6)
[2022-12-18 06:31:47] INFO     BIST:Bad data line (7)
[2022-12-18 06:31:59] INFO     BIST:Bad data line (8)
[2022-12-18 06:32:10] INFO     BIST:Bad data line (9)
[2022-12-18 06:32:22] INFO     BIST:Bad data line (10)
[2022-12-18 06:32:22] ERROR    BIST:Max consecutive bad data lines
[2022-12-18 06:32:22] INFO     STATE:BIST Recovery State
[2022-12-18 06:32:23] INFO     STATE:BIST Execution State
[2022-12-18 06:32:23] INFO     BIST:Bad title line (1):8192 1 0 2
[2022-12-18 06:32:23] INFO     BIST:Header (first)
[2022-12-18 06:32:34] INFO     BIST:Bad data line (1)
[2022-12-18 06:32:46] INFO     BIST:Bad data line (2)
[2022-12-18 06:32:58] INFO     BIST:Bad data line (3)
[2022-12-18 06:33:09] INFO     BIST:Bad data line (4)
[2022-12-18 06:33:21] INFO     BIST:Bad data line (5)
[2022-12-18 06:33:32] INFO     BIST:Bad data line (6)
[2022-12-18 06:33:44] INFO     BIST:Bad data line (7)
[2022-12-18 06:33:56] INFO     BIST:Bad data line (8)
[2022-12-18 06:34:07] INFO     BIST:Bad data line (9)
[2022-12-18 06:34:19] INFO     BIST:Bad data line (10)
[2022-12-18 06:34:19] ERROR    BIST:Max consecutive bad data lines
[2022-12-18 06:34:19] INFO     STATE:BIST Recovery State
[2022-12-18 06:34:20] INFO     STATE:BIST Execution State
[2022-12-18 06:34:20] INFO     BIST:Bad title line (1):8192 1 0 2
[2022-12-18 06:34:20] INFO     BIST:Header (first)
[2022-12-18 06:34:32] INFO     BIST:Bad data line (1)
[2022-12-18 06:34:43] INFO     BIST:Bad data line (2)
[2022-12-18 06:34:55] INFO     BIST:Bad data line (3)
[2022-12-18 06:35:06] INFO     BIST:Bad data line (4)
[2022-12-18 06:35:18] INFO     BIST:Bad data line (5)
[2022-12-18 06:35:30] INFO     BIST:Bad data line (6)
[2022-12-18 06:35:41] INFO     BIST:Bad data line (7)
[2022-12-18 06:35:53] INFO     BIST:Bad data line (8)
[2022-12-18 06:36:04] INFO     BIST:Bad data line (9)
[2022-12-18 06:36:16] INFO     BIST:Bad data line (10)
[2022-12-18 06:36:16] ERROR    BIST:Max consecutive bad data lines
[2022-12-18 06:36:16] INFO     STATE:BIST Recovery State
[2022-12-18 06:36:17] INFO     STATE:BIST Execution State
[2022-12-18 06:36:17] INFO     BIST:Bad title line (1):8192 1 0 2
[2022-12-18 06:36:17] INFO     BIST:Header (first)
[2022-12-18 06:36:29] INFO     BIST:Bad data line (1)
[2022-12-18 06:36:40] INFO     BIST:Bad data line (2)
[2022-12-18 06:36:52] INFO     BIST:Bad data line (3)
[2022-12-18 06:37:04] INFO     BIST:Bad data line (4)
[2022-12-18 06:37:15] INFO     BIST:Bad data line (5)
[2022-12-18 06:37:27] INFO     BIST:Bad data line (6)
[2022-12-18 06:37:38] INFO     BIST:Bad data line (7)
[2022-12-18 06:37:50] INFO     BIST:Bad data line (8)
[2022-12-18 06:38:02] INFO     BIST:Bad data line (9)
[2022-12-18 06:38:13] INFO     BIST:Bad data line (10)
[2022-12-18 06:38:13] ERROR    BIST:Max consecutive bad data lines
[2022-12-18 06:38:13] INFO     STATE:BIST Recovery State
[2022-12-18 06:38:14] INFO     STATE:BIST Execution State
[2022-12-18 06:38:14] INFO     BIST:Bad title line (1):8192 1 0 2
[2022-12-18 06:38:14] INFO     BIST:Header (first)
[2022-12-18 06:38:26] INFO     BIST:Bad data line (1)
[2022-12-18 06:38:37] INFO     BIST:Bad data line (2)
[2022-12-18 06:38:49] INFO     BIST:Bad data line (3)
[2022-12-18 06:39:01] INFO     BIST:Bad data line (4)
[2022-12-18 06:39:12] INFO     BIST:Bad data line (5)
[2022-12-18 06:39:24] INFO     BIST:Bad data line (6)
[2022-12-18 06:39:35] INFO     BIST:Bad data line (7)
[2022-12-18 06:39:47] INFO     BIST:Bad data line (8)
[2022-12-18 06:39:59] INFO     BIST:Bad data line (9)
[2022-12-18 06:40:10] INFO     BIST:Bad data line (10)
[2022-12-18 06:40:10] ERROR    BIST:Max consecutive bad data lines
[2022-12-18 06:40:10] INFO     STATE:BIST Recovery State
[2022-12-18 06:40:11] INFO     STATE:BIST Execution State
[2022-12-18 06:40:11] INFO     BIST:Bad title line (1):8192 1 0 2
[2022-12-18 06:40:11] INFO     BIST:Header (first)
[2022-12-18 06:40:23] INFO     BIST:Bad data line (1)
[2022-12-18 06:40:35] INFO     BIST:Bad data line (2)
[2022-12-18 06:40:46] INFO     BIST:Bad data line (3)
[2022-12-18 06:40:58] INFO     BIST:Bad data line (4)
[2022-12-18 06:41:09] INFO     BIST:Bad data line (5)
[2022-12-18 06:41:21] INFO     BIST:Bad data line (6)
[2022-12-18 06:41:33] INFO     BIST:Bad data line (7)
[2022-12-18 06:41:44] INFO     BIST:Bad data line (8)
[2022-12-18 06:41:56] INFO     BIST:Bad data line (9)
[2022-12-18 06:42:07] INFO     BIST:Bad data line (10)
[2022-12-18 06:42:07] ERROR    BIST:Max consecutive bad data lines
[2022-12-18 06:42:07] INFO     STATE:BIST Recovery State
[2022-12-18 06:42:08] INFO     STATE:BIST Execution State
[2022-12-18 06:42:08] INFO     BIST:Bad title line (1):8192 1 0 2
[2022-12-18 06:42:08] INFO     BIST:Header (first)
[2022-12-18 06:42:20] INFO     BIST:Bad data line (1)
[2022-12-18 06:42:32] INFO     BIST:Bad data line (2)
[2022-12-18 06:42:43] INFO     BIST:Bad data line (3)
[2022-12-18 06:42:55] INFO     BIST:Bad data line (4)
[2022-12-18 06:43:07] INFO     BIST:Bad data line (5)
[2022-12-18 06:43:18] INFO     BIST:Bad data line (6)
[2022-12-18 06:43:30] INFO     BIST:Bad data line (7)
[2022-12-18 06:43:41] INFO     BIST:Bad data line (8)
[2022-12-18 06:43:53] INFO     BIST:Bad data line (9)
[2022-12-18 06:44:05] INFO     BIST:Bad data line (10)
[2022-12-18 06:44:05] ERROR    BIST:Max consecutive bad data lines
[2022-12-18 06:44:05] INFO     STATE:BIST Recovery State
[2022-12-18 06:44:06] INFO     STATE:BIST Execution State
[2022-12-18 06:44:06] INFO     BIST:Bad title line (1):8192 1 0 2
[2022-12-18 06:44:06] INFO     BIST:Header (first)
[2022-12-18 06:44:17] INFO     BIST:Bad data line (1)
[2022-12-18 06:44:29] INFO     BIST:Bad data line (2)
[2022-12-18 06:44:40] INFO     BIST:Bad data line (3)
[2022-12-18 06:44:52] INFO     BIST:Bad data line (4)
[2022-12-18 06:45:04] INFO     BIST:Bad data line (5)
[2022-12-18 06:45:15] INFO     BIST:Bad data line (6)
[2022-12-18 06:45:27] INFO     BIST:Bad data line (7)
[2022-12-18 06:45:38] INFO     BIST:Bad data line (8)
[2022-12-18 06:45:50] INFO     BIST:Bad data line (9)
[2022-12-18 06:46:02] INFO     BIST:Bad data line (10)
[2022-12-18 06:46:02] ERROR    BIST:Max consecutive bad data lines
[2022-12-18 06:46:02] INFO     STATE:BIST Recovery State
[2022-12-18 06:46:03] INFO     STATE:BIST Execution State
[2022-12-18 06:46:03] INFO     BIST:Bad title line (1):8192 1 0 2
[2022-12-18 06:46:03] INFO     BIST:Header (first)
[2022-12-18 06:46:14] INFO     BIST:Bad data line (1)
[2022-12-18 06:46:26] INFO     BIST:Bad data line (2)
[2022-12-18 06:46:38] INFO     BIST:Bad data line (3)
[2022-12-18 06:46:49] INFO     BIST:Bad data line (4)
[2022-12-18 06:47:01] INFO     BIST:Bad data line (5)
[2022-12-18 06:47:12] INFO     BIST:Bad data line (6)
[2022-12-18 06:47:24] INFO     BIST:Bad data line (7)
[2022-12-18 06:47:36] INFO     BIST:Bad data line (8)
[2022-12-18 06:47:47] INFO     BIST:Bad data line (9)
[2022-12-18 06:47:59] INFO     BIST:Bad data line (10)
[2022-12-18 06:47:59] ERROR    BIST:Max consecutive bad data lines
[2022-12-18 06:47:59] INFO     STATE:BIST Recovery State
[2022-12-18 06:48:00] INFO     STATE:BIST Execution State
[2022-12-18 06:48:00] INFO     BIST:Bad title line (1):8192 1 0 2
[2022-12-18 06:48:00] INFO     BIST:Header (first)
[2022-12-18 06:48:11] INFO     BIST:Bad data line (1)
[2022-12-18 06:48:23] INFO     BIST:Bad data line (2)
[2022-12-18 06:48:35] INFO     BIST:Bad data line (3)
[2022-12-18 06:48:46] INFO     BIST:Bad data line (4)
[2022-12-18 06:48:58] INFO     BIST:Bad data line (5)
[2022-12-18 06:49:10] INFO     BIST:Bad data line (6)
[2022-12-18 06:49:21] INFO     BIST:Bad data line (7)
[2022-12-18 06:49:33] INFO     BIST:Bad data line (8)
[2022-12-18 06:49:44] INFO     BIST:Bad data line (9)
[2022-12-18 06:49:56] INFO     BIST:Bad data line (10)
[2022-12-18 06:49:56] ERROR    BIST:Max consecutive bad data lines
[2022-12-18 06:49:56] INFO     STATE:BIST Recovery State
[2022-12-18 06:49:57] INFO     STATE:BIST Execution State
[2022-12-18 06:49:57] INFO     BIST:Bad title line (1):8192 1 0 2
[2022-12-18 06:49:57] INFO     BIST:Header (first)
[2022-12-18 06:50:09] INFO     BIST:Bad data line (1)
[2022-12-18 06:50:20] INFO     BIST:Bad data line (2)
[2022-12-18 06:50:32] INFO     BIST:Bad data line (3)
[2022-12-18 06:50:43] INFO     BIST:Bad data line (4)
[2022-12-18 06:50:55] INFO     BIST:Bad data line (5)
[2022-12-18 06:51:07] INFO     BIST:Bad data line (6)
[2022-12-18 06:51:18] INFO     BIST:Bad data line (7)
[2022-12-18 06:51:30] INFO     BIST:Bad data line (8)
[2022-12-18 06:51:41] INFO     BIST:Bad data line (9)
[2022-12-18 06:51:53] INFO     BIST:Bad data line (10)
[2022-12-18 06:51:53] ERROR    BIST:Max consecutive bad data lines
[2022-12-18 06:51:53] INFO     STATE:BIST Recovery State
[2022-12-18 06:51:54] INFO     STATE:BIST Execution State
[2022-12-18 06:51:54] INFO     BIST:Bad title line (1):8192 1 0 2
[2022-12-18 06:51:54] INFO     BIST:Header (first)
[2022-12-18 06:52:06] INFO     BIST:Bad data line (1)
[2022-12-18 06:52:17] INFO     BIST:Bad data line (2)
[2022-12-18 06:52:29] INFO     BIST:Bad data line (3)
[2022-12-18 06:52:41] INFO     BIST:Bad data line (4)
[2022-12-18 06:52:52] INFO     BIST:Bad data line (5)
[2022-12-18 06:53:04] INFO     BIST:Bad data line (6)
[2022-12-18 06:53:15] INFO     BIST:Bad data line (7)
[2022-12-18 06:53:27] INFO     BIST:Bad data line (8)
[2022-12-18 06:53:39] INFO     BIST:Bad data line (9)
[2022-12-18 06:53:50] INFO     BIST:Bad data line (10)
[2022-12-18 06:53:50] ERROR    BIST:Max consecutive bad data lines
[2022-12-18 06:53:50] INFO     STATE:BIST Recovery State
[2022-12-18 06:53:51] INFO     STATE:BIST Execution State
[2022-12-18 06:53:51] INFO     BIST:Bad title line (1):8192 1 0 2
[2022-12-18 06:53:51] INFO     BIST:Header (first)
[2022-12-18 06:54:03] INFO     BIST:Bad data line (1)
[2022-12-18 06:54:14] INFO     BIST:Bad data line (2)
[2022-12-18 06:54:26] INFO     BIST:Bad data line (3)
[2022-12-18 06:54:38] INFO     BIST:Bad data line (4)
[2022-12-18 06:54:49] INFO     BIST:Bad data line (5)
[2022-12-18 06:55:01] INFO     BIST:Bad data line (6)
[2022-12-18 06:55:13] INFO     BIST:Bad data line (7)
[2022-12-18 06:55:24] INFO     BIST:Bad data line (8)
[2022-12-18 06:55:36] INFO     BIST:Bad data line (9)
[2022-12-18 06:55:47] INFO     BIST:Bad data line (10)
[2022-12-18 06:55:47] ERROR    BIST:Max consecutive bad data lines
[2022-12-18 06:55:47] INFO     STATE:BIST Recovery State
[2022-12-18 06:55:48] INFO     STATE:BIST Execution State
[2022-12-18 06:55:48] INFO     BIST:Bad title line (1):8192 1 0 2
[2022-12-18 06:55:48] INFO     BIST:Header (first)
[2022-12-18 06:56:00] INFO     BIST:Bad data line (1)
[2022-12-18 06:56:12] INFO     BIST:Bad data line (2)
[2022-12-18 06:56:23] INFO     BIST:Bad data line (3)
[2022-12-18 06:56:35] INFO     BIST:Bad data line (4)
[2022-12-18 06:56:46] INFO     BIST:Bad data line (5)
[2022-12-18 06:56:58] INFO     BIST:Bad data line (6)
[2022-12-18 06:57:10] INFO     BIST:Bad data line (7)
[2022-12-18 06:57:21] INFO     BIST:Bad data line (8)
[2022-12-18 06:57:33] INFO     BIST:Bad data line (9)
[2022-12-18 06:57:44] INFO     BIST:Bad data line (10)
[2022-12-18 06:57:44] ERROR    BIST:Max consecutive bad data lines
[2022-12-18 06:57:44] INFO     STATE:BIST Recovery State
[2022-12-18 06:57:45] INFO     STATE:BIST Execution State
[2022-12-18 06:57:46] INFO     BIST:Bad title line (1):8192 1 0 2
[2022-12-18 06:57:46] INFO     BIST:Header (first)
[2022-12-18 06:57:57] INFO     BIST:Bad data line (1)
[2022-12-18 06:58:09] INFO     BIST:Bad data line (2)
[2022-12-18 06:58:20] INFO     BIST:Bad data line (3)
[2022-12-18 06:58:32] INFO     BIST:Bad data line (4)
[2022-12-18 06:58:44] INFO     BIST:Bad data line (5)
[2022-12-18 06:58:55] INFO     BIST:Bad data line (6)
[2022-12-18 06:59:07] INFO     BIST:Bad data line (7)
[2022-12-18 06:59:18] INFO     BIST:Bad data line (8)
[2022-12-18 06:59:30] INFO     BIST:Bad data line (9)
[2022-12-18 06:59:42] INFO     BIST:Bad data line (10)
[2022-12-18 06:59:42] ERROR    BIST:Max consecutive bad data lines
[2022-12-18 06:59:42] INFO     STATE:BIST Recovery State
[2022-12-18 06:59:43] INFO     STATE:BIST Execution State
[2022-12-18 06:59:43] INFO     BIST:Bad title line (1):8192 1 0 2
[2022-12-18 06:59:43] INFO     BIST:Header (first)
[2022-12-18 06:59:54] INFO     BIST:Bad data line (1)
[2022-12-18 07:00:06] INFO     BIST:Bad data line (2)
[2022-12-18 07:00:17] INFO     BIST:Bad data line (3)
[2022-12-18 07:00:29] INFO     BIST:Bad data line (4)
[2022-12-18 07:00:41] INFO     BIST:Bad data line (5)
[2022-12-18 07:00:52] INFO     BIST:Bad data line (6)
[2022-12-18 07:01:04] INFO     BIST:Bad data line (7)
[2022-12-18 07:01:16] INFO     BIST:Bad data line (8)
[2022-12-18 07:01:27] INFO     BIST:Bad data line (9)
[2022-12-18 07:01:39] INFO     BIST:Bad data line (10)
[2022-12-18 07:01:39] ERROR    BIST:Max consecutive bad data lines
[2022-12-18 07:01:39] INFO     STATE:BIST Recovery State
[2022-12-18 07:01:40] INFO     STATE:BIST Execution State
[2022-12-18 07:01:40] INFO     BIST:Bad title line (1):8192 1 0 2
[2022-12-18 07:01:40] INFO     BIST:Header (first)
[2022-12-18 07:01:51] INFO     BIST:Bad data line (1)
[2022-12-18 07:02:03] INFO     BIST:Bad data line (2)
[2022-12-18 07:02:15] INFO     BIST:Bad data line (3)
[2022-12-18 07:02:26] INFO     BIST:Bad data line (4)
[2022-12-18 07:02:38] INFO     BIST:Bad data line (5)
[2022-12-18 07:02:49] INFO     BIST:Bad data line (6)
[2022-12-18 07:03:01] INFO     BIST:Bad data line (7)
[2022-12-18 07:03:13] INFO     BIST:Bad data line (8)
[2022-12-18 07:03:24] INFO     BIST:Bad data line (9)
[2022-12-18 07:03:36] INFO     BIST:Bad data line (10)
[2022-12-18 07:03:36] ERROR    BIST:Max consecutive bad data lines
[2022-12-18 07:03:36] INFO     STATE:BIST Recovery State
[2022-12-18 07:03:37] INFO     STATE:BIST Execution State
[2022-12-18 07:03:37] INFO     BIST:Bad title line (1):8192 1 0 2
[2022-12-18 07:03:37] INFO     BIST:Header (first)
[2022-12-18 07:03:49] INFO     BIST:Bad data line (1)
[2022-12-18 07:04:00] INFO     BIST:Bad data line (2)
[2022-12-18 07:04:12] INFO     BIST:Bad data line (3)
[2022-12-18 07:04:23] INFO     BIST:Bad data line (4)
[2022-12-18 07:04:35] INFO     BIST:Bad data line (5)
[2022-12-18 07:04:47] INFO     BIST:Bad data line (6)
[2022-12-18 07:04:58] INFO     BIST:Bad data line (7)
[2022-12-18 07:05:10] INFO     BIST:Bad data line (8)
[2022-12-18 07:05:21] INFO     BIST:Bad data line (9)
[2022-12-18 07:05:33] INFO     BIST:Bad data line (10)
[2022-12-18 07:05:33] ERROR    BIST:Max consecutive bad data lines
[2022-12-18 07:05:33] INFO     STATE:BIST Recovery State
[2022-12-18 07:05:34] INFO     STATE:BIST Execution State
[2022-12-18 07:05:34] INFO     BIST:Bad title line (1):8192 1 0 2
[2022-12-18 07:05:34] INFO     BIST:Header (first)
[2022-12-18 07:05:46] INFO     BIST:Bad data line (1)
[2022-12-18 07:05:57] INFO     BIST:Bad data line (2)
[2022-12-18 07:06:09] INFO     BIST:Bad data line (3)
[2022-12-18 07:06:20] INFO     BIST:Bad data line (4)
[2022-12-18 07:06:32] INFO     BIST:Bad data line (5)
[2022-12-18 07:06:44] INFO     BIST:Bad data line (6)
[2022-12-18 07:06:55] INFO     BIST:Bad data line (7)
[2022-12-18 07:07:07] INFO     BIST:Bad data line (8)
[2022-12-18 07:07:19] INFO     BIST:Bad data line (9)
[2022-12-18 07:07:30] INFO     BIST:Bad data line (10)
[2022-12-18 07:07:30] ERROR    BIST:Max consecutive bad data lines
[2022-12-18 07:07:30] INFO     STATE:BIST Recovery State
[2022-12-18 07:07:31] INFO     STATE:BIST Execution State
[2022-12-18 07:07:31] INFO     BIST:Bad title line (1):8192 1 0 2
[2022-12-18 07:07:31] INFO     BIST:Header (first)
[2022-12-18 07:07:43] INFO     BIST:Bad data line (1)
[2022-12-18 07:07:54] INFO     BIST:Bad data line (2)
[2022-12-18 07:08:06] INFO     BIST:Bad data line (3)
[2022-12-18 07:08:18] INFO     BIST:Bad data line (4)
[2022-12-18 07:08:29] INFO     BIST:Bad data line (5)
[2022-12-18 07:08:41] INFO     BIST:Bad data line (6)
[2022-12-18 07:08:52] INFO     BIST:Bad data line (7)
[2022-12-18 07:09:04] INFO     BIST:Bad data line (8)
[2022-12-18 07:09:16] INFO     BIST:Bad data line (9)
[2022-12-18 07:09:27] INFO     BIST:Bad data line (10)
[2022-12-18 07:09:27] ERROR    BIST:Max consecutive bad data lines
[2022-12-18 07:09:27] INFO     STATE:BIST Recovery State
[2022-12-18 07:09:28] INFO     STATE:BIST Execution State
[2022-12-18 07:09:28] INFO     BIST:Bad title line (1):8192 1 0 2
[2022-12-18 07:09:28] INFO     BIST:Header (first)
[2022-12-18 07:09:40] INFO     BIST:Bad data line (1)
[2022-12-18 07:09:52] INFO     BIST:Bad data line (2)
[2022-12-18 07:10:03] INFO     BIST:Bad data line (3)
[2022-12-18 07:10:15] INFO     BIST:Bad data line (4)
[2022-12-18 07:10:26] INFO     BIST:Bad data line (5)
[2022-12-18 07:10:38] INFO     BIST:Bad data line (6)
[2022-12-18 07:10:50] INFO     BIST:Bad data line (7)
[2022-12-18 07:11:01] INFO     BIST:Bad data line (8)
[2022-12-18 07:11:13] INFO     BIST:Bad data line (9)
[2022-12-18 07:11:24] INFO     BIST:Bad data line (10)
[2022-12-18 07:11:24] ERROR    BIST:Max consecutive bad data lines
[2022-12-18 07:11:24] INFO     STATE:BIST Recovery State
[2022-12-18 07:11:25] INFO     STATE:BIST Execution State
[2022-12-18 07:11:25] INFO     BIST:Bad title line (1):8192 1 0 2
[2022-12-18 07:11:25] INFO     BIST:Header (first)
[2022-12-18 07:11:37] INFO     BIST:Bad data line (1)
[2022-12-18 07:11:49] INFO     BIST:Bad data line (2)
[2022-12-18 07:12:00] INFO     BIST:Bad data line (3)
[2022-12-18 07:12:12] INFO     BIST:Bad data line (4)
[2022-12-18 07:12:23] INFO     BIST:Bad data line (5)
[2022-12-18 07:12:35] INFO     BIST:Bad data line (6)
[2022-12-18 07:12:47] INFO     BIST:Bad data line (7)
[2022-12-18 07:12:58] INFO     BIST:Bad data line (8)
[2022-12-18 07:13:10] INFO     BIST:Bad data line (9)
[2022-12-18 07:13:22] INFO     BIST:Bad data line (10)
[2022-12-18 07:13:22] ERROR    BIST:Max consecutive bad data lines
[2022-12-18 07:13:22] INFO     STATE:BIST Recovery State
[2022-12-18 07:13:23] INFO     STATE:BIST Execution State
[2022-12-18 07:13:23] INFO     BIST:Bad title line (1):8192 1 0 2
[2022-12-18 07:13:23] INFO     BIST:Header (first)
[2022-12-18 07:13:34] INFO     BIST:Bad data line (1)
[2022-12-18 07:13:46] INFO     BIST:Bad data line (2)
