[2022-12-16 16:12:11] 
[2022-12-16 16:12:11] [1m        __   _ __      _  __[0m
[2022-12-16 16:12:11] [1m       / /  (_) /____ | |/_/[0m
[2022-12-16 16:12:11] [1m      / /__/ / __/ -_)>  <[0m
[2022-12-16 16:12:11] [1m     /____/_/\__/\__/_/|_|[0m
[2022-12-16 16:12:11] [1m   Build your hardware, easily![0m
[2022-12-16 16:12:11]  (c) Copyright 2012-2022 Enjoy-Digital
[2022-12-16 16:12:11]  (c) Copyright 2007-2015 M-Labs
[2022-12-16 16:12:11]  BIOS built on Nov 28 2022 18:17:22
[2022-12-16 16:12:11]  BIOS CRC passed (b0e744c8)
[2022-12-16 16:12:11]  LiteX git sha1: f707551c
[2022-12-16 16:12:11] --=============== [1mSoC[0m ==================--
[2022-12-16 16:12:11] [1mCPU[0m:		VexRiscv @ 75MHz
[2022-12-16 16:12:11] [1mBUS[0m:		WISHBONE 32-bit @ 4GiB
[2022-12-16 16:12:11] [1mCSR[0m:		32-bit data
[2022-12-16 16:12:11] [1mROM[0m:		128KiB
[2022-12-16 16:12:11] [1mSRAM[0m:		8KiB
[2022-12-16 16:12:11] [1mL2[0m:		8KiB
[2022-12-16 16:12:11] [1mSDRAM[0m:		524288KiB 16-bit @ 600MT/s (CL-7 CWL-5)
[2022-12-16 16:12:11] --========== [1mInitialization[0m ============--
[2022-12-16 16:12:11] Initializing SDRAM @0x40000000...
[2022-12-16 16:12:11] Switching SDRAM to software control.
[2022-12-16 16:12:11] Read leveling:
[2022-12-16 16:12:11]   m0, b00: |00000000000000000000000000000000| delays: -
[2022-12-16 16:12:11]   m0, b01: |11111111100000000000000000000000| delays: 04+-04
[2022-12-16 16:12:11]   m0, b02: |00000000000111111111111111111100| delays: 20+-09
[2022-12-16 16:12:11]   m0, b03: |00000000000000000000000000000000| delays: -
[2022-12-16 16:12:11]   m0, b04: |00000000000000000000000000000000| delays: -
[2022-12-16 16:12:11]   m0, b05: |00000000000000000000000000000000| delays: -
[2022-12-16 16:12:11]   m0, b06: |00000000000000000000000000000000| delays: -
[2022-12-16 16:12:11]   m0, b07: |00000000000000000000000000000000| delays: -
[2022-12-16 16:12:11]   best: m0, b02 delays: 20+-09
[2022-12-16 16:12:11]   m1, b00: |00000000000000000000000000000000| delays: -
[2022-12-16 16:12:11]   m1, b01: |11111111100000000000000000000000| delays: 04+-04
[2022-12-16 16:12:11]   m1, b02: |00000000001111111111111111111100| delays: 20+-10
[2022-12-16 16:12:11]   m1, b03: |00000000000000000000000000000000| delays: -
[2022-12-16 16:12:11]   m1, b04: |00000000000000000000000000000000| delays: -
[2022-12-16 16:12:11]   m1, b05: |00000000000000000000000000000000| delays: -
[2022-12-16 16:12:11]   m1, b06: |00000000000000000000000000000000| delays: -
[2022-12-16 16:12:11]   m1, b07: |00000000000000000000000000000000| delays: -
[2022-12-16 16:12:11]   best: m1, b02 delays: 20+-10
[2022-12-16 16:12:11] Switching SDRAM to hardware control.
[2022-12-16 16:12:11] Memtest at 0x40000000 (2.0MiB)...
[2022-12-16 16:12:11]   Write: 0x40000000-0x40000000 0B   
[2022-12-16 16:12:11]   Write: 0x40000000-0x40200000 2.0MiB   
[2022-12-16 16:12:11]    Read: 0x40000000-0x40000000 0B   
[2022-12-16 16:12:11]    Read: 0x40000000-0x40200000 2.0MiB   
[2022-12-16 16:12:11] Memtest OK
[2022-12-16 16:12:11] Memspeed at 0x40000000 (Sequential, 2.0MiB)...
[2022-12-16 16:12:11]   Write speed: 26.2MiB/s
[2022-12-16 16:12:11]    Read speed: 35.1MiB/s
[2022-12-16 16:12:11] --============== [1mBoot[0m ==================--
[2022-12-16 16:12:11] Booting from serial...
[2022-12-16 16:12:11] Press Q or ESC to abort boot completely.
[2022-12-16 16:12:11] sL5DdSMmkekro
[2022-12-16 16:12:12] Timeout
[2022-12-16 16:12:12] No boot medium found
[2022-12-16 16:12:12] --============= [1mConsole[0m ================--
[2022-12-16 16:12:12] [92;1mlitex[0m> sdram_bist_pat 165
[2022-12-16 16:12:12] sdram_bist_pat 165
[2022-12-16 16:12:12] [92;1mlitex[0m> 
[2022-12-16 16:12:12] [92;1mlitex[0m> 
[2022-12-16 16:12:12] [92;1mlitex[0m> sdram_bist 8192 1 0 2
[2022-12-16 16:12:12] sdram_bist 8192 1 0 2
[2022-12-16 16:12:12] Starting SDRAM BIST with length=8192, addr_mode=1, data_mode=0 wmode=2
[2022-12-16 16:12:12] WR-BW(MiB/s) RD-BW(MiB/s)  TESTED(MiB)     ERRORS
[2022-12-16 16:12:13]          940          940          473          0
[2022-12-16 16:12:14]          941          940          947          0
[2022-12-16 16:12:16]          941          940         1421          0
[2022-12-16 16:12:17]          941          940         1895          0
[2022-12-16 16:12:19]          941          940         2369          0
[2022-12-16 16:12:20]          941          940         2843          0
[2022-12-16 16:12:22]          941          940         3316          0
[2022-12-16 16:12:23]          941          940         3790          0
[2022-12-16 16:12:23] WR-BW(MiB/s) RD-BW(MiB/s)  TESTED(MiB)     ERRORS
[2022-12-16 16:12:25]          940          940          168          0
[2022-12-16 16:12:26]          941          940          642          0
[2022-12-16 16:12:28]          941          940         1116          0
[2022-12-16 16:12:29]          941          940         1590          0
[2022-12-16 16:12:30]          941          940         2063          0
[2022-12-16 16:12:32]          941          940         2537          0
[2022-12-16 16:12:33]          941          940         3011          0
[2022-12-16 16:12:35]          941          940         3485          0
[2022-12-16 16:12:35] WR-BW(MiB/s) RD-BW(MiB/s)  TESTED(MiB)     ERRORS
[2022-12-16 16:12:36]          941          940         3959          0
[2022-12-16 16:12:38]          941          940          337          0
[2022-12-16 16:12:39]          941          940          810          0
[2022-12-16 16:12:41]          941          940         1284          0
[2022-12-16 16:12:42]          941          940         1758          0
[2022-12-16 16:12:43]          941          940         2232          0
[2022-12-16 16:12:45]          941          940         2706          0
[2022-12-16 16:12:46]          941          940         3180          0
[2022-12-16 16:12:46] WR-BW(MiB/s) RD-BW(MiB/s)  TESTED(MiB)     ERRORS
[2022-12-16 16:12:48]          940          940         3653          0
[2022-12-16 16:12:49]          941          940           31          0
[2022-12-16 16:12:51]          941          940          505          0
[2022-12-16 16:12:52]          941          940          979          0
[2022-12-16 16:12:54]          941          940         1453          0
[2022-12-16 16:12:55]          941          940         1927          0
[2022-12-16 16:12:57]          941          940         2400          0
[2022-12-16 16:12:58]          941          940         2874          0
[2022-12-16 16:12:58] WR-BW(MiB/s) RD-BW(MiB/s)  TESTED(MiB)     ERRORS
[2022-12-16 16:12:59]          940          940         3348          0
[2022-12-16 16:13:01]          941          940         3822          0
[2022-12-16 16:13:02]          941          940          200          0
[2022-12-16 16:13:04]          941          940          674          0
[2022-12-16 16:13:05]          941          940         1147          0
[2022-12-16 16:13:07]          941          940         1621          0
[2022-12-16 16:13:08]          941          940         2095          0
[2022-12-16 16:13:10]          941          940         2569          0
[2022-12-16 16:13:10] WR-BW(MiB/s) RD-BW(MiB/s)  TESTED(MiB)     ERRORS
[2022-12-16 16:13:11]          940          940         3043          0
[2022-12-16 16:13:13]          941          940         3517          0
[2022-12-16 16:13:14]          941          940         3990          0
[2022-12-16 16:13:15]          941          940          368          0
[2022-12-16 16:13:17]          941          940          842          0
[2022-12-16 16:13:18]          941          940         1316          0
[2022-12-16 16:13:20]          941          940         1790          0
[2022-12-16 16:13:21]          941          940         2264          0
[2022-12-16 16:13:21] WR-BW(MiB/s) RD-BW(MiB/s)  TESTED(MiB)     ERRORS
[2022-12-16 16:13:23]          940          940         2737          0
[2022-12-16 16:13:24]          941          940         3211          0
[2022-12-16 16:13:26]          941          940         3685          0
[2022-12-16 16:13:27]          941          940           63          0
[2022-12-16 16:13:28]          941          940          537          0
[2022-12-16 16:13:30]          941          940         1011          0
[2022-12-16 16:13:31]          941          940         1484          0
[2022-12-16 16:13:33]          941          940         1958          0
[2022-12-16 16:13:33] WR-BW(MiB/s) RD-BW(MiB/s)  TESTED(MiB)     ERRORS
[2022-12-16 16:13:34]          940          940         2432          0
[2022-12-16 16:13:36]          941          940         2906          0
[2022-12-16 16:13:37]          941          940         3380          0
[2022-12-16 16:13:39]          941          940         3854          0
[2022-12-16 16:13:40]          941          940          231          0
[2022-12-16 16:13:42]          941          940          705          0
[2022-12-16 16:13:43]          941          940         1179          0
[2022-12-16 16:13:44]          941          940         1653          0
[2022-12-16 16:13:44] WR-BW(MiB/s) RD-BW(MiB/s)  TESTED(MiB)     ERRORS
[2022-12-16 16:13:46]          940          940         2127          0
[2022-12-16 16:13:47]          941          940         2601          0
[2022-12-16 16:13:49]          941          940         3074          0
[2022-12-16 16:13:50]          941          940         3548          0
[2022-12-16 16:13:52]          941          940         4022          0
[2022-12-16 16:13:53]          941          940          400          0
[2022-12-16 16:13:55]          941          940          874          0
[2022-12-16 16:13:56]          941          940         1348          0
[2022-12-16 16:13:56] WR-BW(MiB/s) RD-BW(MiB/s)  TESTED(MiB)     ERRORS
[2022-12-16 16:13:58]          940          940         1821          0
[2022-12-16 16:13:59]          941          940         2295          0
[2022-12-16 16:14:01]          941          940         2769          0
[2022-12-16 16:14:02]          941          940         3243          0
[2022-12-16 16:14:03]          941          940         3717          0
[2022-12-16 16:14:05]          941          940           95          0
[2022-12-16 16:14:06]          941          940          568          0
[2022-12-16 16:14:08]          941          940         1042          0
[2022-12-16 16:14:08] WR-BW(MiB/s) RD-BW(MiB/s)  TESTED(MiB)     ERRORS
[2022-12-16 16:14:09]          941          940         1516          0
[2022-12-16 16:14:11]          941          940         1990          0
[2022-12-16 16:14:12]          941          940         2464          0
[2022-12-16 16:14:14]          941          940         2938          0
[2022-12-16 16:14:15]          941          940         3411          0
[2022-12-16 16:14:17]          941          940         3885          0
[2022-12-16 16:14:18]          941          940          263          0
[2022-12-16 16:14:19]          941          940          737          0
[2022-12-16 16:14:19] WR-BW(MiB/s) RD-BW(MiB/s)  TESTED(MiB)     ERRORS
[2022-12-16 16:14:21]          941          940         1211          0
[2022-12-16 16:14:22]          941          940         1685          0
[2022-12-16 16:14:24]          941          940         2158          0
[2022-12-16 16:14:25]          941          940         2632          0
[2022-12-16 16:14:27]          941          940         3106          0
[2022-12-16 16:14:28]          941          940         3580          0
[2022-12-16 16:14:30]          941          940         4054          0
[2022-12-16 16:14:31]          941          940          432          0
[2022-12-16 16:14:31] WR-BW(MiB/s) RD-BW(MiB/s)  TESTED(MiB)     ERRORS
[2022-12-16 16:14:33]          941          940          906          0
[2022-12-16 16:14:34]          941          940         1379          0
[2022-12-16 16:14:35]          941          940         1853          0
[2022-12-16 16:14:37]          941          940         2327          0
[2022-12-16 16:14:38]          941          940         2801          0
[2022-12-16 16:14:40]          941          940         3275          0
[2022-12-16 16:14:41]          941          940         3749          0
[2022-12-16 16:14:43]          941          940          126          0
[2022-12-16 16:14:43] WR-BW(MiB/s) RD-BW(MiB/s)  TESTED(MiB)     ERRORS
[2022-12-16 16:14:44]          941          940          600          0
[2022-12-16 16:14:46]          941          940         1074          0
[2022-12-16 16:14:47]          941          940         1548          0
[2022-12-16 16:14:49]          941          940         2022          0
[2022-12-16 16:14:50]          941          940         2496          0
[2022-12-16 16:14:51]          941          940         2969          0
[2022-12-16 16:14:53]          941          940         3443          0
[2022-12-16 16:14:54]          941          940         3917          0
[2022-12-16 16:14:54] WR-BW(MiB/s) RD-BW(MiB/s)  TESTED(MiB)     ERRORS
[2022-12-16 16:14:56]          940          940          295          0
[2022-12-16 16:14:57]          941          940          769          0
[2022-12-16 16:14:59]          941          940         1243          0
[2022-12-16 16:15:00]          941          940         1716          0
[2022-12-16 16:15:02]          941          940         2190          0
[2022-12-16 16:15:03]          941          940         2664          0
[2022-12-16 16:15:04]          941          940         3138          0
[2022-12-16 16:15:06]          941          940         3612          0
[2022-12-16 16:15:06] WR-BW(MiB/s) RD-BW(MiB/s)  TESTED(MiB)     ERRORS
[2022-12-16 16:15:07]          941          940         4086          0
[2022-12-16 16:15:09]          941          940          463          0
[2022-12-16 16:15:10]          941          940          937          0
[2022-12-16 16:15:12]          941          940         1411          0
[2022-12-16 16:15:13]          941          940         1885          0
[2022-12-16 16:15:15]          941          940         2359          0
[2022-12-16 16:15:16]          941          940         2833          0
[2022-12-16 16:15:18]          941          940         3306          0
[2022-12-16 16:15:18] WR-BW(MiB/s) RD-BW(MiB/s)  TESTED(MiB)     ERRORS
[2022-12-16 16:15:19]          940          940         3780          0
[2022-12-16 16:15:20]          941          940          158          0
[2022-12-16 16:15:22]          941          940          632          0
[2022-12-16 16:15:23]          941          940         1106          0
[2022-12-16 16:15:25]          941          940         1580          0
[2022-12-16 16:15:26]          941          940         2053          0
[2022-12-16 16:15:28]          941          940         2527          0
[2022-12-16 16:15:29]          941          940         3001          0
[2022-12-16 16:15:29] WR-BW(MiB/s) RD-BW(MiB/s)  TESTED(MiB)     ERRORS
[2022-12-16 16:15:31]          940          940         3475          0
[2022-12-16 16:15:32]          941          940         3949          0
[2022-12-16 16:15:34]          941          940          327          0
[2022-12-16 16:15:35]          941          940          800          0
[2022-12-16 16:15:36]          941          940         1274          0
[2022-12-16 16:15:38]          941          940         1748          0
[2022-12-16 16:15:39]          941          940         2222          0
[2022-12-16 16:15:41]          941          940         2696          0
[2022-12-16 16:15:41] WR-BW(MiB/s) RD-BW(MiB/s)  TESTED(MiB)     ERRORS
[2022-12-16 16:15:42]          941          940         3170          0
[2022-12-16 16:15:44]          941          940         3643          0
[2022-12-16 16:15:45]          941          940           21          0
[2022-12-16 16:15:47]          941          940          495          0
[2022-12-16 16:15:48]          941          940          969          0
[2022-12-16 16:15:49]          941          940         1443          0
[2022-12-16 16:15:51]          941          940         1917          0
[2022-12-16 16:15:52]          941          940         2390          0
[2022-12-16 16:15:52] WR-BW(MiB/s) RD-BW(MiB/s)  TESTED(MiB)     ERRORS
[2022-12-16 16:15:54]          941          940         2864          0
[2022-12-16 16:15:55]          941          940         3338          0
[2022-12-16 16:15:57]          941          940         3812          0
[2022-12-16 16:15:58]          941          940          190          0
[2022-12-16 16:16:00]          941          940          664          0
[2022-12-16 16:16:01]          941          940         1137          0
[2022-12-16 16:16:03]          941          940         1611          0
[2022-12-16 16:16:04]          941          940         2085          0
[2022-12-16 16:16:04] WR-BW(MiB/s) RD-BW(MiB/s)  TESTED(MiB)     ERRORS
[2022-12-16 16:16:05]          940          940         2559          0
[2022-12-16 16:16:07]          941          940         3033          0
[2022-12-16 16:16:08]          941          940         3507          0
[2022-12-16 16:16:10]          941          940         3980          0
[2022-12-16 16:16:11]          941          940          358          0
[2022-12-16 16:16:13]          941          940          832          0
[2022-12-16 16:16:14]          941          940         1306          0
[2022-12-16 16:16:16]          941          940         1780          0
[2022-12-16 16:16:16] WR-BW(MiB/s) RD-BW(MiB/s)  TESTED(MiB)     ERRORS
[2022-12-16 16:16:17]          941          940         2254          0
[2022-12-16 16:16:19]          941          940         2727          0
[2022-12-16 16:16:20]          941          940         3201          0
[2022-12-16 16:16:21]          941          940         3675          0
[2022-12-16 16:16:23]          941          940           53          0
[2022-12-16 16:16:24]          941          940          527          0
[2022-12-16 16:16:26]          941          940         1001          0
[2022-12-16 16:16:27]          941          940         1474          0
[2022-12-16 16:16:27] WR-BW(MiB/s) RD-BW(MiB/s)  TESTED(MiB)     ERRORS
[2022-12-16 16:16:29]          940          940         1948          0
[2022-12-16 16:16:30]          941          940         2422          0
[2022-12-16 16:16:32]          941          940         2896          0
[2022-12-16 16:16:33]          941          940         3370          0
[2022-12-16 16:16:35]          941          940         3844          0
[2022-12-16 16:16:36]          941          940          221          0
[2022-12-16 16:16:37]          941          940          695          0
[2022-12-16 16:16:39]          941          940         1169          0
[2022-12-16 16:16:39] WR-BW(MiB/s) RD-BW(MiB/s)  TESTED(MiB)     ERRORS
[2022-12-16 16:16:40]          940          940         1643          0
[2022-12-16 16:16:42]          941          940         2117          0
[2022-12-16 16:16:43]          941          940         2591          0
[2022-12-16 16:16:45]          941          940         3065          0
[2022-12-16 16:16:46]          941          940         3538          0
[2022-12-16 16:16:48]          941          940         4012          0
[2022-12-16 16:16:49]          941          940          390          0
[2022-12-16 16:16:50]          941          940          864          0
[2022-12-16 16:16:50] WR-BW(MiB/s) RD-BW(MiB/s)  TESTED(MiB)     ERRORS
[2022-12-16 16:16:52]          941          940         1338          0
[2022-12-16 16:16:53]          941          940         1812          0
[2022-12-16 16:16:55]          941          940         2285          0
[2022-12-16 16:16:56]          941          940         2759          0
[2022-12-16 16:16:58]          941          940         3233          0
[2022-12-16 16:16:59]          941          940         3707          0
[2022-12-16 16:17:01]          941          940           85          0
[2022-12-16 16:17:02]          941          940          559          0
[2022-12-16 16:17:02] WR-BW(MiB/s) RD-BW(MiB/s)  TESTED(MiB)     ERRORS
[2022-12-16 16:17:04]          941          940         1032          0
[2022-12-16 16:17:05]          941          940         1506          0
[2022-12-16 16:17:06]          941          940         1980          0
[2022-12-16 16:17:08]          941          940         2454          0
[2022-12-16 16:17:09]          941          940         2928          0
[2022-12-16 16:17:11]          941          940         3402          0
[2022-12-16 16:17:12]          941          940         3875          0
[2022-12-16 16:17:14]          941          940          253          0
[2022-12-16 16:17:14] WR-BW(MiB/s) RD-BW(MiB/s)  TESTED(MiB)     ERRORS
[2022-12-16 16:17:15]          941          940          727          0
[2022-12-16 16:17:17]          941          940         1201          0
[2022-12-16 16:17:18]          941          940         1675          0
[2022-12-16 16:17:20]          941          940         2149          0
[2022-12-16 16:17:21]          941          940         2622          0
[2022-12-16 16:17:22]          941          940         3096          0
[2022-12-16 16:17:24]          941          940         3570          0
[2022-12-16 16:17:25]          941          940         4044          0
[2022-12-16 16:17:25] WR-BW(MiB/s) RD-BW(MiB/s)  TESTED(MiB)     ERRORS
[2022-12-16 16:17:27]          940          940          422          0
[2022-12-16 16:17:28]          941          940          896          0
[2022-12-16 16:17:30]          941          940         1369          0
[2022-12-16 16:17:31]          941          940         1843          0
[2022-12-16 16:17:33]          941          940         2317          0
[2022-12-16 16:17:34]          941          940         2791          0
[2022-12-16 16:17:35]          941          940         3265          0
[2022-12-16 16:17:37]          941          940         3739          0
[2022-12-16 16:17:37] WR-BW(MiB/s) RD-BW(MiB/s)  TESTED(MiB)     ERRORS
[2022-12-16 16:17:38]          941          940          116          0
[2022-12-16 16:17:40]          941          940          590          0
[2022-12-16 16:17:41]          941          940         1064          0
[2022-12-16 16:17:43]          941          940         1538          0
[2022-12-16 16:17:44]          941          940         2012          0
[2022-12-16 16:17:46]          941          940         2486          0
[2022-12-16 16:17:47]          941          940         2959          0
[2022-12-16 16:17:49]          941          940         3433          0
[2022-12-16 16:17:49] WR-BW(MiB/s) RD-BW(MiB/s)  TESTED(MiB)     ERRORS
[2022-12-16 16:17:50]          941          940         3907          0
[2022-12-16 16:17:51]          941          940          285          0
[2022-12-16 16:17:53]          941          940          759          0
[2022-12-16 16:17:54]          941          940         1233          0
[2022-12-16 16:17:56]          941          940         1706          0
[2022-12-16 16:17:57]          941          940         2180          0
[2022-12-16 16:17:59]          941          940         2654          0
[2022-12-16 16:18:00]          941          940         3128          0
[2022-12-16 16:18:00] WR-BW(MiB/s) RD-BW(MiB/s)  TESTED(MiB)     ERRORS
[2022-12-16 16:18:02]          940          940         3602          0
[2022-12-16 16:18:03]          941          940         4076          0
[2022-12-16 16:18:05]          941          940          453          0
[2022-12-16 16:18:06]          941          940          927          0
[2022-12-16 16:18:07]          941          940         1401          0
[2022-12-16 16:18:09]          941          940         1875          0
[2022-12-16 16:18:10]          941          940         2349          0
[2022-12-16 16:18:12]          941          940         2823          0
[2022-12-16 16:18:12] WR-BW(MiB/s) RD-BW(MiB/s)  TESTED(MiB)     ERRORS
[2022-12-16 16:18:13]          940          940         3296          0
[2022-12-16 16:18:15]          941          940         3770          0
[2022-12-16 16:18:16]          941          940          148          0
[2022-12-16 16:18:18]          941          940          622          0
[2022-12-16 16:18:19]          941          940         1096          0
[2022-12-16 16:18:20]          941          940         1570          0
[2022-12-16 16:18:22]          941          940         2043          0
[2022-12-16 16:18:23]          941          940         2517          0
[2022-12-16 16:18:23] WR-BW(MiB/s) RD-BW(MiB/s)  TESTED(MiB)     ERRORS
[2022-12-16 16:18:25]          940          940         2991          0
[2022-12-16 16:18:26]          941          940         3465          0
[2022-12-16 16:18:28]          941          940         3939          0
[2022-12-16 16:18:29]          941          940          317          0
[2022-12-16 16:18:31]          941          940          790          0
[2022-12-16 16:18:32]          941          940         1264          0
[2022-12-16 16:18:34]          941          940         1738          0
[2022-12-16 16:18:35]          941          940         2212          0
[2022-12-16 16:18:35] WR-BW(MiB/s) RD-BW(MiB/s)  TESTED(MiB)     ERRORS
[2022-12-16 16:18:36]          941          940         2686          0
[2022-12-16 16:18:38]          941          940         3160          0
[2022-12-16 16:18:39]          941          940         3633          0
[2022-12-16 16:18:41]          941          940           11          0
[2022-12-16 16:18:42]          941          940          485          0
[2022-12-16 16:18:44]          941          940          959          0
[2022-12-16 16:18:45]          941          940         1433          0
[2022-12-16 16:18:47]          941          940         1907          0
[2022-12-16 16:18:47] WR-BW(MiB/s) RD-BW(MiB/s)  TESTED(MiB)     ERRORS
[2022-12-16 16:18:48]          940          940         2380          0
[2022-12-16 16:18:50]          941          940         2854          0
[2022-12-16 16:18:51]          941          940         3328          0
[2022-12-16 16:18:52]          941          940         3802          0
[2022-12-16 16:18:54]          941          940          180          0
[2022-12-16 16:18:55]          941          940          654          0
[2022-12-16 16:18:57]          941          940         1128          0
[2022-12-16 16:18:58]          941          940         1601          0
[2022-12-16 16:18:58] WR-BW(MiB/s) RD-BW(MiB/s)  TESTED(MiB)     ERRORS
[2022-12-16 16:19:00]          941          940         2075          0
[2022-12-16 16:19:01]          941          940         2549          0
[2022-12-16 16:19:03]          941          940         3023          0
[2022-12-16 16:19:04]          941          940         3497          0
[2022-12-16 16:19:05]          941          940         3971          0
[2022-12-16 16:19:07]          941          940          348          0
[2022-12-16 16:19:08]          941          940          822          0
[2022-12-16 16:19:10]          941          940         1296          0
[2022-12-16 16:19:10] WR-BW(MiB/s) RD-BW(MiB/s)  TESTED(MiB)     ERRORS
[2022-12-16 16:19:11]          941          940         1770          0
[2022-12-16 16:19:13]          941          940         2244          0
[2022-12-16 16:19:14]          941          940         2718          0
[2022-12-16 16:19:16]          941          940         3191          0
[2022-12-16 16:19:17]          941          940         3665          0
[2022-12-16 16:19:19]          941          940           43          0
[2022-12-16 16:19:20]          941          940          517          0
[2022-12-16 16:19:21]          941          940          991          0
[2022-12-16 16:19:21] WR-BW(MiB/s) RD-BW(MiB/s)  TESTED(MiB)     ERRORS
[2022-12-16 16:19:23]          941          940         1465          0
[2022-12-16 16:19:24]          941          940         1938          0
[2022-12-16 16:19:26]          941          940         2412          0
[2022-12-16 16:19:27]          941          940         2886          0
[2022-12-16 16:19:29]          941          940         3360          0
[2022-12-16 16:19:30]          941          940         3834          0
[2022-12-16 16:19:32]          941          940          212          0
[2022-12-16 16:19:33]          941          940          685          0
[2022-12-16 16:19:33] WR-BW(MiB/s) RD-BW(MiB/s)  TESTED(MiB)     ERRORS
[2022-12-16 16:19:35]          941          940         1159          0
[2022-12-16 16:19:36]          941          940         1633          0
[2022-12-16 16:19:37]          941          940         2107          0
[2022-12-16 16:19:39]          941          940         2581          0
[2022-12-16 16:19:40]          941          940         3055          0
[2022-12-16 16:19:42]          941          940         3528          0
[2022-12-16 16:19:43]          941          940         4002          0
[2022-12-16 16:19:45]          941          940          380          0
[2022-12-16 16:19:45] WR-BW(MiB/s) RD-BW(MiB/s)  TESTED(MiB)     ERRORS
[2022-12-16 16:19:46]          941          940          854          0
[2022-12-16 16:19:48]          941          940         1328          0
[2022-12-16 16:19:49]          941          940         1802          0
[2022-12-16 16:19:51]          941          940         2275          0
[2022-12-16 16:19:52]          941          940         2749          0
[2022-12-16 16:19:53]          941          940         3223          0
[2022-12-16 16:19:55]          941          940         3697          0
[2022-12-16 16:19:56]          941          940           75          0
[2022-12-16 16:19:56] WR-BW(MiB/s) RD-BW(MiB/s)  TESTED(MiB)     ERRORS
[2022-12-16 16:19:58]          941          940          549          0
[2022-12-16 16:19:59]          941          940         1022          0
[2022-12-16 16:20:01]          941          940         1496          0
[2022-12-16 16:20:02]          941          940         1970          0
[2022-12-16 16:20:04]          941          940         2444          0
[2022-12-16 16:20:05]          941          940         2918          0
[2022-12-16 16:20:06]          941          940         3392          0
[2022-12-16 16:20:08]          941          940         3865          0
[2022-12-16 16:20:08] WR-BW(MiB/s) RD-BW(MiB/s)  TESTED(MiB)     ERRORS
[2022-12-16 16:20:09]          941          940          243          0
[2022-12-16 16:20:11]          941          940          717          0
[2022-12-16 16:20:12]          941          940         1191          0
[2022-12-16 16:20:14]          941          940         1665          0
[2022-12-16 16:20:15]          941          940         2139          0
[2022-12-16 16:20:17]          941          940         2612          0
[2022-12-16 16:20:18]          941          940         3086          0
[2022-12-16 16:20:20]          941          940         3560          0
[2022-12-16 16:20:20] WR-BW(MiB/s) RD-BW(MiB/s)  TESTED(MiB)     ERRORS
[2022-12-16 16:20:21]          941          940         4034          0
[2022-12-16 16:20:22]          941          940          412          0
[2022-12-16 16:20:24]          941          940          886          0
[2022-12-16 16:20:25]          941          940         1359          0
[2022-12-16 16:20:27]          941          940         1833          0
[2022-12-16 16:20:28]          941          940         2307          0
[2022-12-16 16:20:30]          941          940         2781          0
[2022-12-16 16:20:31]          941          940         3255          0
[2022-12-16 16:20:31] WR-BW(MiB/s) RD-BW(MiB/s)  TESTED(MiB)     ERRORS
[2022-12-16 16:20:33]          940          940         3729          0
[2022-12-16 16:20:34]          941          940          106          0
[2022-12-16 16:20:36]          941          940          580          0
[2022-12-16 16:20:37]          941          940         1054          0
[2022-12-16 16:20:38]          941          940         1528          0
[2022-12-16 16:20:40]          941          940         2002          0
[2022-12-16 16:20:41]          941          940         2476          0
[2022-12-16 16:20:43]          941          940         2949          0
[2022-12-16 16:20:43] WR-BW(MiB/s) RD-BW(MiB/s)  TESTED(MiB)     ERRORS
[2022-12-16 16:20:44]          940          940         3423          0
[2022-12-16 16:20:46]          941          940         3897          0
[2022-12-16 16:20:47]          941          940          275          0
[2022-12-16 16:20:49]          941          940          749          0
[2022-12-16 16:20:50]          941          940         1223          0
[2022-12-16 16:20:52]          941          940         1696          0
[2022-12-16 16:20:53]          941          940         2170          0
[2022-12-16 16:20:54]          941          940         2644          0
[2022-12-16 16:20:54] WR-BW(MiB/s) RD-BW(MiB/s)  TESTED(MiB)     ERRORS
[2022-12-16 16:20:56]          941          940         3118          0
[2022-12-16 16:20:57]          941          940         3592          0
[2022-12-16 16:20:59]          941          940         4066          0
[2022-12-16 16:21:00]          941          940          443          0
[2022-12-16 16:21:02]          941          940          917          0
[2022-12-16 16:21:03]          941          940         1391          0
[2022-12-16 16:21:05]          941          940         1865          0
[2022-12-16 16:21:06]          941          940         2339          0
[2022-12-16 16:21:06] WR-BW(MiB/s) RD-BW(MiB/s)  TESTED(MiB)     ERRORS
[2022-12-16 16:21:07]          940          940         2813          0
[2022-12-16 16:21:09]          941          940         3287          0
[2022-12-16 16:21:10]          941          940         3760          0
[2022-12-16 16:21:12]          941          940          138          0
[2022-12-16 16:21:13]          941          940          612          0
[2022-12-16 16:21:15]          941          940         1086          0
[2022-12-16 16:21:16]          941          940         1560          0
[2022-12-16 16:21:18]          941          940         2034          0
[2022-12-16 16:21:18] WR-BW(MiB/s) RD-BW(MiB/s)  TESTED(MiB)     ERRORS
[2022-12-16 16:21:19]          940          940         2507          0
[2022-12-16 16:21:21]          941          940         2981          0
[2022-12-16 16:21:22]          941          940         3455          0
[2022-12-16 16:21:23]          941          940         3929          0
[2022-12-16 16:21:25]          941          940          307          0
[2022-12-16 16:21:26]          941          940          781          0
[2022-12-16 16:21:28]          941          940         1254          0
[2022-12-16 16:21:29]          941          940         1728          0
[2022-12-16 16:21:29] WR-BW(MiB/s) RD-BW(MiB/s)  TESTED(MiB)     ERRORS
[2022-12-16 16:21:31]          941          940         2202          0
[2022-12-16 16:21:32]          941          940         2676          0
[2022-12-16 16:21:34]          941          940         3150          0
[2022-12-16 16:21:35]          941          940         3624          0
[2022-12-16 16:21:37]          941          940            1          0
[2022-12-16 16:21:38]          941          940          475          0
[2022-12-16 16:21:39]          941          940          949          0
[2022-12-16 16:21:41]          941          940         1423          0
[2022-12-16 16:21:41] WR-BW(MiB/s) RD-BW(MiB/s)  TESTED(MiB)     ERRORS
[2022-12-16 16:21:42]          941          940         1897          0
[2022-12-16 16:21:44]          941          940         2371          0
[2022-12-16 16:21:45]          941          940         2844          0
[2022-12-16 16:21:47]          941          940         3318          0
[2022-12-16 16:21:48]          941          940         3792          0
[2022-12-16 16:21:50]          941          940          170          0
[2022-12-16 16:21:51]          941          940          644          0
[2022-12-16 16:21:52]          941          940         1118          0
[2022-12-16 16:21:52] WR-BW(MiB/s) RD-BW(MiB/s)  TESTED(MiB)     ERRORS
[2022-12-16 16:21:54]          941          940         1591          0
[2022-12-16 16:21:55]          941          940         2065          0
[2022-12-16 16:21:57]          941          940         2539          0
[2022-12-16 16:21:58]          941          940         3013          0
[2022-12-16 16:22:00]          941          940         3487          0
[2022-12-16 16:22:01]          941          940         3961          0
[2022-12-16 16:22:03]          941          940          338          0
[2022-12-16 16:22:04]          941          940          812          0
[2022-12-16 16:22:04] WR-BW(MiB/s) RD-BW(MiB/s)  TESTED(MiB)     ERRORS
[2022-12-16 16:22:05]          941          940         1286          0
[2022-12-16 16:22:07]          941          940         1760          0
[2022-12-16 16:22:08]          941          940         2234          0
[2022-12-16 16:22:10]          941          940         2708          0
[2022-12-16 16:22:11]          941          940         3181          0
[2022-12-16 16:22:13]          941          940         3655          0
[2022-12-16 16:22:14]          941          940           33          0
[2022-12-16 16:22:15]          941          940          507          0
[2022-12-16 16:22:15] WR-BW(MiB/s) RD-BW(MiB/s)  TESTED(MiB)     ERRORS
[2022-12-16 16:22:17]          941          940          981          0
[2022-12-16 16:22:18]          941          940         1455          0
[2022-12-16 16:22:20]          941          940         1928          0
[2022-12-16 16:22:21]          941          940         2402          0
[2022-12-16 16:22:23]          941          940         2876          0
[2022-12-16 16:22:24]          941          940         3350          0
[2022-12-16 16:22:26]          941          940         3824          0
[2022-12-16 16:22:27]          941          940          202          0
[2022-12-16 16:22:27] WR-BW(MiB/s) RD-BW(MiB/s)  TESTED(MiB)     ERRORS
[2022-12-16 16:22:28]          941          940          675          0
[2022-12-16 16:22:30]          941          940         1149          0
[2022-12-16 16:22:31]          941          940         1623          0
[2022-12-16 16:22:33]          941          940         2097          0
[2022-12-16 16:22:34]          941          940         2571          0
[2022-12-16 16:22:36]          941          940         3045          0
[2022-12-16 16:22:37]          941          940         3518          0
[2022-12-16 16:22:39]          941          940         3992          0
[2022-12-16 16:22:39] WR-BW(MiB/s) RD-BW(MiB/s)  TESTED(MiB)     ERRORS
[2022-12-16 16:22:40]          940          940          370          0
[2022-12-16 16:22:42]          941          940          844          0
[2022-12-16 16:22:43]          941          940         1318          0
[2022-12-16 16:22:44]          941          940         1792          0
[2022-12-16 16:22:46]          941          940         2265          0
[2022-12-16 16:22:47]          941          940         2739          0
[2022-12-16 16:22:49]          941          940         3213          0
[2022-12-16 16:22:50]          941          940         3687          0
[2022-12-16 16:22:50] WR-BW(MiB/s) RD-BW(MiB/s)  TESTED(MiB)     ERRORS
[2022-12-16 16:22:52]          940          940           65          0
[2022-12-16 16:22:53]          941          940          539          0
[2022-12-16 16:22:55]          941          940         1012          0
[2022-12-16 16:22:56]          941          940         1486          0
[2022-12-16 16:22:57]          941          940         1960          0
[2022-12-16 16:22:59]          941          940         2434          0
[2022-12-16 16:23:00]          941          940         2908          0
[2022-12-16 16:23:02]          941          940         3382          0
[2022-12-16 16:23:02] WR-BW(MiB/s) RD-BW(MiB/s)  TESTED(MiB)     ERRORS
[2022-12-16 16:23:03]          940          940         3855          0
[2022-12-16 16:23:05]          941          940          233          0
[2022-12-16 16:23:06]          941          940          707          0
[2022-12-16 16:23:08]          941          940         1181          0
[2022-12-16 16:23:09]          941          940         1655          0
[2022-12-16 16:23:11]          941          940         2129          0
[2022-12-16 16:23:12]          941          940         2602          0
[2022-12-16 16:23:13]          941          940         3076          0
[2022-12-16 16:23:13] WR-BW(MiB/s) RD-BW(MiB/s)  TESTED(MiB)     ERRORS
[2022-12-16 16:23:15]          941          940         3550          0
[2022-12-16 16:23:16]          941          940         4024          0
[2022-12-16 16:23:18]          941          940          402          0
[2022-12-16 16:23:19]          941          940          876          0
[2022-12-16 16:23:21]          941          940         1350          0
[2022-12-16 16:23:22]          941          940         1823          0
[2022-12-16 16:23:24]          941          940         2297          0
[2022-12-16 16:23:25]          941          940         2771          0
[2022-12-16 16:23:25] WR-BW(MiB/s) RD-BW(MiB/s)  TESTED(MiB)     ERRORS
[2022-12-16 16:23:27]          940          940         3245          0
[2022-12-16 16:23:28]          941          940         3719          0
[2022-12-16 16:23:29]          941          940           97          0
[2022-12-16 16:23:31]          941          940          570          0
[2022-12-16 16:23:32]          941          940         1044          0
[2022-12-16 16:23:34]          941          940         1518          0
[2022-12-16 16:23:35]          941          940         1992          0
[2022-12-16 16:23:37]          941          940         2466          0
[2022-12-16 16:23:37] WR-BW(MiB/s) RD-BW(MiB/s)  TESTED(MiB)     ERRORS
[2022-12-16 16:23:38]          941          940         2940          0
[2022-12-16 16:23:40]          941          940         3413          0
[2022-12-16 16:23:41]          941          940         3887          0
[2022-12-16 16:23:42]          941          940          265          0
[2022-12-16 16:23:44]          941          940          739          0
[2022-12-16 16:23:45]          941          940         1213          0
[2022-12-16 16:23:47]          941          940         1687          0
[2022-12-16 16:23:48]          941          940         2160          0
[2022-12-16 16:23:48] WR-BW(MiB/s) RD-BW(MiB/s)  TESTED(MiB)     ERRORS
[2022-12-16 16:23:50]          941          940         2634          0
[2022-12-16 16:23:51]          941          940         3108          0
[2022-12-16 16:23:53]          941          940         3582          0
[2022-12-16 16:23:54]          941          940         4056          0
[2022-12-16 16:23:56]          941          940          434          0
[2022-12-16 16:23:57]          941          940          907          0
[2022-12-16 16:23:58]          941          940         1381          0
[2022-12-16 16:24:00]          941          940         1855          0
[2022-12-16 16:24:00] WR-BW(MiB/s) RD-BW(MiB/s)  TESTED(MiB)     ERRORS
[2022-12-16 16:24:01]          941          940         2329          0
[2022-12-16 16:24:03]          941          940         2803          0
[2022-12-16 16:24:04]          941          940         3277          0
[2022-12-16 16:24:06]          941          940         3750          0
[2022-12-16 16:24:07]          941          940          128          0
[2022-12-16 16:24:09]          941          940          602          0
[2022-12-16 16:24:10]          941          940         1076          0
[2022-12-16 16:24:12]          941          940         1550          0
[2022-12-16 16:24:12] WR-BW(MiB/s) RD-BW(MiB/s)  TESTED(MiB)     ERRORS
[2022-12-16 16:24:13]          941          940         2024          0
[2022-12-16 16:24:14]          941          940         2497          0
[2022-12-16 16:24:16]          941          940         2971          0
[2022-12-16 16:24:17]          941          940         3445          0
[2022-12-16 16:24:19]          941          940         3919          0
[2022-12-16 16:24:20]          941          940          297          0
[2022-12-16 16:24:22]          941          940          771          0
[2022-12-16 16:24:23]          941          940         1244          0
[2022-12-16 16:24:23] WR-BW(MiB/s) RD-BW(MiB/s)  TESTED(MiB)     ERRORS
[2022-12-16 16:24:25]          941          940         1718          0
[2022-12-16 16:24:26]          941          940         2192          0
[2022-12-16 16:24:27]          941          940         2666          0
[2022-12-16 16:24:29]          941          940         3140          0
[2022-12-16 16:24:30]          941          940         3614          0
[2022-12-16 16:24:32]          941          940         4087          0
[2022-12-16 16:24:33]          941          940          465          0
[2022-12-16 16:24:35]          941          940          939          0
[2022-12-16 16:24:35] WR-BW(MiB/s) RD-BW(MiB/s)  TESTED(MiB)     ERRORS
[2022-12-16 16:24:36]          941          940         1413          0
[2022-12-16 16:24:38]          941          940         1887          0
[2022-12-16 16:24:39]          941          940         2361          0
[2022-12-16 16:24:41]          941          940         2834          0
[2022-12-16 16:24:42]          941          940         3308          0
[2022-12-16 16:24:43]          941          940         3782          0
[2022-12-16 16:24:45]          941          940          160          0
[2022-12-16 16:24:46]          941          940          634          0
[2022-12-16 16:24:46] WR-BW(MiB/s) RD-BW(MiB/s)  TESTED(MiB)     ERRORS
[2022-12-16 16:24:48]          941          940         1108          0
[2022-12-16 16:24:49]          941          940         1581          0
[2022-12-16 16:24:51]          941          940         2055          0
[2022-12-16 16:24:52]          941          940         2529          0
[2022-12-16 16:24:54]          941          940         3003          0
[2022-12-16 16:24:55]          941          940         3477          0
[2022-12-16 16:24:57]          941          940         3951          0
[2022-12-16 16:24:58]          941          940          328          0
[2022-12-16 16:24:58] WR-BW(MiB/s) RD-BW(MiB/s)  TESTED(MiB)     ERRORS
[2022-12-16 16:24:59]          941          940          802          0
[2022-12-16 16:25:01]          941          940         1276          0
[2022-12-16 16:25:02]          941          940         1750          0
[2022-12-16 16:25:04]          941          940         2224          0
[2022-12-16 16:25:05]          941          940         2698          0
[2022-12-16 16:25:07]          941          940         3171          0
[2022-12-16 16:25:08]          941          940         3645          0
[2022-12-16 16:25:10]          941          940           23          0
[2022-12-16 16:25:10] WR-BW(MiB/s) RD-BW(MiB/s)  TESTED(MiB)     ERRORS
[2022-12-16 16:25:11]          941          940          497          0
[2022-12-16 16:25:12]          941          940          971          0
[2022-12-16 16:25:14]          941          940         1445          0
[2022-12-16 16:25:15]          941          940         1918          0
[2022-12-16 16:25:17]          941          940         2392          0
[2022-12-16 16:25:18]          941          940         2866          0
[2022-12-16 16:25:20]          941          940         3340          0
[2022-12-16 16:25:21]          941          940         3814          0
[2022-12-16 16:25:21] WR-BW(MiB/s) RD-BW(MiB/s)  TESTED(MiB)     ERRORS
[2022-12-16 16:25:23]          940          940          192          0
[2022-12-16 16:25:24]          941          940          665          0
[2022-12-16 16:25:26]          941          940         1139          0
[2022-12-16 16:25:27]          941          940         1613          0
[2022-12-16 16:25:28]          941          940         2087          0
[2022-12-16 16:25:30]          941          940         2561          0
[2022-12-16 16:25:31]          941          940         3035          0
[2022-12-16 16:25:33]          941          940         3509          0
[2022-12-16 16:25:33] WR-BW(MiB/s) RD-BW(MiB/s)  TESTED(MiB)     ERRORS
[2022-12-16 16:25:34]          940          940         3982          0
[2022-12-16 16:25:36]          941          940          360          0
[2022-12-16 16:25:37]          941          940          834          0
[2022-12-16 16:25:39]          941          940         1308          0
[2022-12-16 16:25:40]          941          940         1782          0
[2022-12-16 16:25:42]          941          940         2256          0
[2022-12-16 16:25:43]          941          940         2729          0
[2022-12-16 16:25:44]          941          940         3203          0
[2022-12-16 16:25:44] WR-BW(MiB/s) RD-BW(MiB/s)  TESTED(MiB)     ERRORS
[2022-12-16 16:25:46]          941          940         3677          0
[2022-12-16 16:25:47]          941          940           55          0
[2022-12-16 16:25:49]          941          940          529          0
[2022-12-16 16:25:50]          941          940         1003          0
[2022-12-16 16:25:52]          941          940         1476          0
[2022-12-16 16:25:53]          941          940         1950          0
[2022-12-16 16:25:55]          941          940         2424          0
[2022-12-16 16:25:56]          941          940         2898          0
[2022-12-16 16:25:56] WR-BW(MiB/s) RD-BW(MiB/s)  TESTED(MiB)     ERRORS
[2022-12-16 16:25:57]          940          940         3372          0
[2022-12-16 16:25:59]          941          940         3846          0
[2022-12-16 16:26:00]          941          940          223          0
[2022-12-16 16:26:02]          941          940          697          0
[2022-12-16 16:26:03]          941          940         1171          0
[2022-12-16 16:26:05]          941          940         1645          0
[2022-12-16 16:26:06]          941          940         2119          0
[2022-12-16 16:26:08]          941          940         2593          0
[2022-12-16 16:26:08] WR-BW(MiB/s) RD-BW(MiB/s)  TESTED(MiB)     ERRORS
[2022-12-16 16:26:09]          941          940         3066          0
[2022-12-16 16:26:11]          941          940         3540          0
[2022-12-16 16:26:12]          941          940         4014          0
[2022-12-16 16:26:13]          941          940          392          0
[2022-12-16 16:26:15]          941          940          866          0
[2022-12-16 16:26:16]          941          940         1340          0
[2022-12-16 16:26:18]          941          940         1813          0
[2022-12-16 16:26:19]          941          940         2287          0
[2022-12-16 16:26:19] WR-BW(MiB/s) RD-BW(MiB/s)  TESTED(MiB)     ERRORS
[2022-12-16 16:26:21]          940          940         2761          0
[2022-12-16 16:26:22]          941          940         3235          0
[2022-12-16 16:26:24]          941          940         3709          0
[2022-12-16 16:26:25]          941          940           87          0
[2022-12-16 16:26:27]          941          940          560          0
[2022-12-16 16:26:28]          941          940         1034          0
[2022-12-16 16:26:29]          941          940         1508          0
[2022-12-16 16:26:31]          941          940         1982          0
[2022-12-16 16:26:31] WR-BW(MiB/s) RD-BW(MiB/s)  TESTED(MiB)     ERRORS
[2022-12-16 16:26:32]          940          940         2456          0
[2022-12-16 16:26:34]          941          940         2930          0
[2022-12-16 16:26:35]          941          940         3403          0
[2022-12-16 16:26:37]          941          940         3877          0
[2022-12-16 16:26:38]          941          940          255          0
[2022-12-16 16:26:40]          941          940          729          0
[2022-12-16 16:26:41]          941          940         1203          0
[2022-12-16 16:26:42]          941          940         1677          0
[2022-12-16 16:26:42] WR-BW(MiB/s) RD-BW(MiB/s)  TESTED(MiB)     ERRORS
[2022-12-16 16:26:44]          941          940         2150          0
[2022-12-16 16:26:45]          941          940         2624          0
[2022-12-16 16:26:47]          941          940         3098          0
[2022-12-16 16:26:48]          941          940         3572          0
[2022-12-16 16:26:50]          941          940         4046          0
[2022-12-16 16:26:51]          941          940          424          0
[2022-12-16 16:26:53]          941          940          897          0
[2022-12-16 16:26:54]          941          940         1371          0
[2022-12-16 16:26:54] WR-BW(MiB/s) RD-BW(MiB/s)  TESTED(MiB)     ERRORS
[2022-12-16 16:26:56]          940          940         1845          0
[2022-12-16 16:26:57]          941          940         2319          0
[2022-12-16 16:26:58]          941          940         2793          0
[2022-12-16 16:27:00]          941          940         3267          0
[2022-12-16 16:27:01]          941          940         3740          0
[2022-12-16 16:27:03]          941          940          118          0
[2022-12-16 16:27:04]          941          940          592          0
[2022-12-16 16:27:06]          941          940         1066          0
[2022-12-16 16:27:06] WR-BW(MiB/s) RD-BW(MiB/s)  TESTED(MiB)     ERRORS
[2022-12-16 16:27:07]          940          940         1540          0
[2022-12-16 16:27:09]          941          940         2014          0
[2022-12-16 16:27:10]          941          940         2487          0
[2022-12-16 16:27:11]          941          940         2961          0
[2022-12-16 16:27:13]          941          940         3435          0
[2022-12-16 16:27:14]          941          940         3909          0
[2022-12-16 16:27:16]          941          940          287          0
[2022-12-16 16:27:17]          941          940          761          0
[2022-12-16 16:27:17] WR-BW(MiB/s) RD-BW(MiB/s)  TESTED(MiB)     ERRORS
[2022-12-16 16:27:19]          941          940         1234          0
[2022-12-16 16:27:20]          941          940         1708          0
[2022-12-16 16:27:22]          941          940         2182          0
[2022-12-16 16:27:23]          941          940         2656          0
[2022-12-16 16:27:25]          941          940         3130          0
[2022-12-16 16:27:26]          941          940         3604          0
[2022-12-16 16:27:27]          941          940         4077          0
[2022-12-16 16:27:29]          941          940          455          0
[2022-12-16 16:27:29] WR-BW(MiB/s) RD-BW(MiB/s)  TESTED(MiB)     ERRORS
[2022-12-16 16:27:30]          940          940          929          0
[2022-12-16 16:27:32]          941          940         1403          0
[2022-12-16 16:27:33]          941          940         1877          0
[2022-12-16 16:27:35]          941          940         2351          0
[2022-12-16 16:27:36]          941          940         2825          0
[2022-12-16 16:27:38]          941          940         3298          0
[2022-12-16 16:27:39]          941          940         3772          0
[2022-12-16 16:27:41]          941          940          150          0
[2022-12-16 16:27:41] WR-BW(MiB/s) RD-BW(MiB/s)  TESTED(MiB)     ERRORS
[2022-12-16 16:27:42]          940          940          624          0
[2022-12-16 16:27:43]          941          940         1098          0
[2022-12-16 16:27:45]          941          940         1572          0
[2022-12-16 16:27:46]          941          940         2045          0
[2022-12-16 16:27:48]          941          940         2519          0
[2022-12-16 16:27:49]          941          940         2993          0
[2022-12-16 16:27:51]          941          940         3467          0
[2022-12-16 16:27:52]          941          940         3941          0
[2022-12-16 16:27:52] WR-BW(MiB/s) RD-BW(MiB/s)  TESTED(MiB)     ERRORS
[2022-12-16 16:27:54]          941          940          319          0
[2022-12-16 16:27:55]          941          940          792          0
[2022-12-16 16:27:56]          941          940         1266          0
[2022-12-16 16:27:58]          941          940         1740          0
[2022-12-16 16:27:59]          941          940         2214          0
[2022-12-16 16:28:01]          941          940         2688          0
[2022-12-16 16:28:02]          941          940         3162          0
[2022-12-16 16:28:04]          941          940         3635          0
[2022-12-16 16:28:04] WR-BW(MiB/s) RD-BW(MiB/s)  TESTED(MiB)     ERRORS
[2022-12-16 16:28:05]          940          940           13          0
[2022-12-16 16:28:07]          941          940          487          0
[2022-12-16 16:28:08]          941          940          961          0
[2022-12-16 16:28:10]          941          940         1435          0
[2022-12-16 16:28:11]          941          940         1909          0
[2022-12-16 16:28:12]          941          940         2382          0
[2022-12-16 16:28:14]          941          940         2856          0
[2022-12-16 16:28:15]          941          940         3330          0
[2022-12-16 16:28:15] WR-BW(MiB/s) RD-BW(MiB/s)  TESTED(MiB)     ERRORS
[2022-12-16 16:28:17]          941          940         3804          0
[2022-12-16 16:28:18]          941          940          182          0
[2022-12-16 16:28:20]          941          940          656          0
[2022-12-16 16:28:21]          941          940         1129          0
[2022-12-16 16:28:23]          941          940         1603          0
[2022-12-16 16:28:24]          941          940         2077          0
[2022-12-16 16:28:26]          941          940         2551          0
[2022-12-16 16:28:27]          941          940         3025          0
[2022-12-16 16:28:27] WR-BW(MiB/s) RD-BW(MiB/s)  TESTED(MiB)     ERRORS
[2022-12-16 16:28:28]          941          940         3499          0
[2022-12-16 16:28:30]          941          940         3972          0
[2022-12-16 16:28:31]          941          940          350          0
[2022-12-16 16:28:33]          941          940          824          0
[2022-12-16 16:28:34]          941          940         1298          0
[2022-12-16 16:28:36]          941          940         1772          0
[2022-12-16 16:28:37]          941          940         2246          0
[2022-12-16 16:28:39]          941          940         2719          0
[2022-12-16 16:28:39] WR-BW(MiB/s) RD-BW(MiB/s)  TESTED(MiB)     ERRORS
[2022-12-16 16:28:40]          940          940         3193          0
[2022-12-16 16:28:41]          941          940         3667          0
[2022-12-16 16:28:43]          941          940           45          0
[2022-12-16 16:28:44]          941          940          519          0
[2022-12-16 16:28:46]          941          940          993          0
[2022-12-16 16:28:47]          941          940         1466          0
[2022-12-16 16:28:49]          941          940         1940          0
[2022-12-16 16:28:50]          941          940         2414          0
[2022-12-16 16:28:50] WR-BW(MiB/s) RD-BW(MiB/s)  TESTED(MiB)     ERRORS
[2022-12-16 16:28:52]          941          940         2888          0
[2022-12-16 16:28:53]          941          940         3362          0
[2022-12-16 16:28:55]          941          940         3836          0
[2022-12-16 16:28:56]          941          940          213          0
[2022-12-16 16:28:57]          941          940          687          0
[2022-12-16 16:28:59]          941          940         1161          0
[2022-12-16 16:29:00]          941          940         1635          0
[2022-12-16 16:29:02]          941          940         2109          0
[2022-12-16 16:29:02] WR-BW(MiB/s) RD-BW(MiB/s)  TESTED(MiB)     ERRORS
[2022-12-16 16:29:03]          941          940         2583          0
[2022-12-16 16:29:05]          941          940         3056          0
[2022-12-16 16:29:06]          941          940         3530          0
[2022-12-16 16:29:08]          941          940         4004          0
[2022-12-16 16:29:09]          941          940          382          0
[2022-12-16 16:29:11]          941          940          856          0
[2022-12-16 16:29:12]          941          940         1330          0
[2022-12-16 16:29:13]          941          940         1803          0
[2022-12-16 16:29:13] WR-BW(MiB/s) RD-BW(MiB/s)  TESTED(MiB)     ERRORS
[2022-12-16 16:29:15]          940          940         2277          0
[2022-12-16 16:29:16]          941          940         2751          0
[2022-12-16 16:29:18]          941          940         3225          0
[2022-12-16 16:29:19]          941          940         3699          0
[2022-12-16 16:29:21]          941          940           77          0
[2022-12-16 16:29:22]          941          940          550          0
[2022-12-16 16:29:24]          941          940         1024          0
[2022-12-16 16:29:25]          941          940         1498          0
[2022-12-16 16:29:25] WR-BW(MiB/s) RD-BW(MiB/s)  TESTED(MiB)     ERRORS
[2022-12-16 16:29:26]          940          940         1972          0
[2022-12-16 16:29:28]          941          940         2446          0
[2022-12-16 16:29:29]          941          940         2920          0
[2022-12-16 16:29:31]          941          940         3393          0
[2022-12-16 16:29:32]          941          940         3867          0
[2022-12-16 16:29:34]          941          940          245          0
[2022-12-16 16:29:35]          941          940          719          0
[2022-12-16 16:29:37]          941          940         1193          0
[2022-12-16 16:29:37] WR-BW(MiB/s) RD-BW(MiB/s)  TESTED(MiB)     ERRORS
[2022-12-16 16:29:38]          941          940         1667          0
[2022-12-16 16:29:40]          941          940         2141          0
[2022-12-16 16:29:41]          941          940         2614          0
[2022-12-16 16:29:42]          941          940         3088          0
[2022-12-16 16:29:44]          941          940         3562          0
[2022-12-16 16:29:45]          941          940         4036          0
[2022-12-16 16:29:47]          941          940          414          0
[2022-12-16 16:29:48]          941          940          888          0
[2022-12-16 16:29:48] WR-BW(MiB/s) RD-BW(MiB/s)  TESTED(MiB)     ERRORS
[2022-12-16 16:29:50]          940          940         1361          0
[2022-12-16 16:29:51]          941          940         1835          0
[2022-12-16 16:29:53]          941          940         2309          0
[2022-12-16 16:29:54]          941          940         2783          0
[2022-12-16 16:29:55]          941          940         3257          0
[2022-12-16 16:29:57]          941          940         3731          0
[2022-12-16 16:29:58]          941          940          108          0
[2022-12-16 16:30:00]          941          940          582          0
[2022-12-16 16:30:00] WR-BW(MiB/s) RD-BW(MiB/s)  TESTED(MiB)     ERRORS
[2022-12-16 16:30:01]          941          940         1056          0
[2022-12-16 16:30:03]          941          940         1530          0
[2022-12-16 16:30:04]          941          940         2004          0
[2022-12-16 16:30:06]          941          940         2478          0
[2022-12-16 16:30:07]          941          940         2951          0
[2022-12-16 16:30:09]          941          940         3425          0
[2022-12-16 16:30:10]          941          940         3899          0
[2022-12-16 16:30:11]          941          940          277          0
[2022-12-16 16:30:11] WR-BW(MiB/s) RD-BW(MiB/s)  TESTED(MiB)     ERRORS
[2022-12-16 16:30:13]          941          940          751          0
[2022-12-16 16:30:14]          941          940         1225          0
[2022-12-16 16:30:16]          941          940         1698          0
[2022-12-16 16:30:17]          941          940         2172          0
[2022-12-16 16:30:19]          941          940         2646          0
[2022-12-16 16:30:20]          941          940         3120          0
[2022-12-16 16:30:22]          941          940         3594          0
[2022-12-16 16:30:23]          941          940         4068          0
[2022-12-16 16:30:23] WR-BW(MiB/s) RD-BW(MiB/s)  TESTED(MiB)     ERRORS
[2022-12-16 16:30:25]          941          940          445          0
[2022-12-16 16:30:26]          941          940          919          0
[2022-12-16 16:30:27]          941          940         1393          0
[2022-12-16 16:30:29]          941          940         1867          0
[2022-12-16 16:30:30]          941          940         2341          0
[2022-12-16 16:30:32]          941          940         2815          0
[2022-12-16 16:30:33]          941          940         3288          0
[2022-12-16 16:30:35]          941          940         3762          0
[2022-12-16 16:30:35] WR-BW(MiB/s) RD-BW(MiB/s)  TESTED(MiB)     ERRORS
[2022-12-16 16:30:36]          941          940          140          0
[2022-12-16 16:30:38]          941          940          614          0
[2022-12-16 16:30:39]          941          940         1088          0
[2022-12-16 16:30:40]          941          940         1562          0
[2022-12-16 16:30:42]          941          940         2035          0
[2022-12-16 16:30:43]          941          940         2509          0
[2022-12-16 16:30:45]          941          940         2983          0
[2022-12-16 16:30:46]          941          940         3457          0
[2022-12-16 16:30:46] WR-BW(MiB/s) RD-BW(MiB/s)  TESTED(MiB)     ERRORS
[2022-12-16 16:30:48]          940          940         3931          0
[2022-12-16 16:30:49]          941          940          309          0
[2022-12-16 16:30:51]          941          940          782          0
[2022-12-16 16:30:52]          941          940         1256          0
[2022-12-16 16:30:54]          941          940         1730          0
[2022-12-16 16:30:55]          941          940         2204          0
[2022-12-16 16:30:56]          941          940         2678          0
[2022-12-16 16:30:58]          941          940         3152          0
[2022-12-16 16:30:58] WR-BW(MiB/s) RD-BW(MiB/s)  TESTED(MiB)     ERRORS
[2022-12-16 16:30:59]          941          940         3625          0
[2022-12-16 16:31:01]          941          940            3          0
[2022-12-16 16:31:02]          941          940          477          0
[2022-12-16 16:31:04]          941          940          951          0
[2022-12-16 16:31:05]          941          940         1425          0
[2022-12-16 16:31:07]          941          940         1899          0
[2022-12-16 16:31:08]          941          940         2372          0
[2022-12-16 16:31:10]          941          940         2846          0
[2022-12-16 16:31:10] WR-BW(MiB/s) RD-BW(MiB/s)  TESTED(MiB)     ERRORS
[2022-12-16 16:31:11]          941          940         3320          0
[2022-12-16 16:31:12]          941          940         3794          0
[2022-12-16 16:31:14]          941          940          172          0
[2022-12-16 16:31:15]          941          940          646          0
[2022-12-16 16:31:17]          941          940         1119          0
[2022-12-16 16:31:18]          941          940         1593          0
[2022-12-16 16:31:20]          941          940         2067          0
[2022-12-16 16:31:21]          941          940         2541          0
[2022-12-16 16:31:21] WR-BW(MiB/s) RD-BW(MiB/s)  TESTED(MiB)     ERRORS
[2022-12-16 16:31:23]          940          940         3015          0
[2022-12-16 16:31:24]          941          940         3489          0
[2022-12-16 16:31:25]          941          940         3962          0
[2022-12-16 16:31:27]          941          940          340          0
[2022-12-16 16:31:28]          941          940          814          0
[2022-12-16 16:31:30]          941          940         1288          0
[2022-12-16 16:31:31]          941          940         1762          0
[2022-12-16 16:31:33]          941          940         2236          0
[2022-12-16 16:31:33] WR-BW(MiB/s) RD-BW(MiB/s)  TESTED(MiB)     ERRORS
[2022-12-16 16:31:34]          941          940         2709          0
[2022-12-16 16:31:36]          941          940         3183          0
[2022-12-16 16:31:37]          941          940         3657          0
[2022-12-16 16:31:39]          941          940           35          0
[2022-12-16 16:31:40]          941          940          509          0
[2022-12-16 16:31:41]          941          940          983          0
[2022-12-16 16:31:43]          941          940         1457          0
[2022-12-16 16:31:44]          941          940         1930          0
[2022-12-16 16:31:44] WR-BW(MiB/s) RD-BW(MiB/s)  TESTED(MiB)     ERRORS
[2022-12-16 16:31:46]          941          940         2404          0
[2022-12-16 16:31:47]          941          940         2878          0
[2022-12-16 16:31:49]          941          940         3352          0
[2022-12-16 16:31:50]          941          940         3826          0
[2022-12-16 16:31:52]          941          940          204          0
[2022-12-16 16:31:53]          941          940          677          0
[2022-12-16 16:31:55]          941          940         1151          0
[2022-12-16 16:31:56]          941          940         1625          0
[2022-12-16 16:31:56] WR-BW(MiB/s) RD-BW(MiB/s)  TESTED(MiB)     ERRORS
[2022-12-16 16:31:57]          941          940         2099          0
[2022-12-16 16:31:59]          941          940         2573          0
[2022-12-16 16:32:00]          941          940         3047          0
[2022-12-16 16:32:02]          941          940         3520          0
[2022-12-16 16:32:03]          941          940         3994          0
[2022-12-16 16:32:05]          941          940          372          0
[2022-12-16 16:32:06]          941          940          846          0
[2022-12-16 16:32:08]          941          940         1320          0
[2022-12-16 16:32:08] WR-BW(MiB/s) RD-BW(MiB/s)  TESTED(MiB)     ERRORS
[2022-12-16 16:32:09]          941          940         1794          0
[2022-12-16 16:32:10]          941          940         2267          0
[2022-12-16 16:32:12]          941          940         2741          0
[2022-12-16 16:32:13]          941          940         3215          0
[2022-12-16 16:32:15]          941          940         3689          0
[2022-12-16 16:32:16]          941          940           67          0
[2022-12-16 16:32:18]          941          940          541          0
[2022-12-16 16:32:19]          941          940         1014          0
[2022-12-16 16:32:19] WR-BW(MiB/s) RD-BW(MiB/s)  TESTED(MiB)     ERRORS
[2022-12-16 16:32:21]          940          940         1488          0
[2022-12-16 16:32:22]          941          940         1962          0
[2022-12-16 16:32:24]          941          940         2436          0
[2022-12-16 16:32:25]          941          940         2910          0
[2022-12-16 16:32:26]          941          940         3384          0
[2022-12-16 16:32:28]          941          940         3857          0
[2022-12-16 16:32:29]          941          940          235          0
[2022-12-16 16:32:31]          941          940          709          0
[2022-12-16 16:32:31] WR-BW(MiB/s) RD-BW(MiB/s)  TESTED(MiB)     ERRORS
[2022-12-16 16:32:32]          941          940         1183          0
[2022-12-16 16:32:34]          941          940         1657          0
[2022-12-16 16:32:35]          941          940         2131          0
[2022-12-16 16:32:37]          941          940         2604          0
[2022-12-16 16:32:38]          941          940         3078          0
[2022-12-16 16:32:39]          941          940         3552          0
[2022-12-16 16:32:41]          941          940         4026          0
[2022-12-16 16:32:42]          941          940          404          0
[2022-12-16 16:32:42] WR-BW(MiB/s) RD-BW(MiB/s)  TESTED(MiB)     ERRORS
[2022-12-16 16:32:44]          941          940          878          0
[2022-12-16 16:32:45]          941          940         1351          0
[2022-12-16 16:32:47]          941          940         1825          0
[2022-12-16 16:32:48]          941          940         2299          0
[2022-12-16 16:32:50]          941          940         2773          0
[2022-12-16 16:32:51]          941          940         3247          0
[2022-12-16 16:32:53]          941          940         3721          0
[2022-12-16 16:32:54]          941          940           98          0
[2022-12-16 16:32:54] WR-BW(MiB/s) RD-BW(MiB/s)  TESTED(MiB)     ERRORS
[2022-12-16 16:32:55]          941          940          572          0
[2022-12-16 16:32:57]          941          940         1046          0
[2022-12-16 16:32:58]          941          940         1520          0
[2022-12-16 16:33:00]          941          940         1994          0
[2022-12-16 16:33:01]          941          940         2468          0
[2022-12-16 16:33:03]          941          940         2941          0
[2022-12-16 16:33:04]          941          940         3415          0
[2022-12-16 16:33:06]          941          940         3889          0
[2022-12-16 16:33:06] WR-BW(MiB/s) RD-BW(MiB/s)  TESTED(MiB)     ERRORS
[2022-12-16 16:33:07]          941          940          267          0
[2022-12-16 16:33:09]          941          940          741          0
[2022-12-16 16:33:10]          941          940         1215          0
[2022-12-16 16:33:11]          941          940         1688          0
[2022-12-16 16:33:13]          941          940         2162          0
[2022-12-16 16:33:14]          941          940         2636          0
[2022-12-16 16:33:16]          941          940         3110          0
[2022-12-16 16:33:17]          941          940         3584          0
[2022-12-16 16:33:17] WR-BW(MiB/s) RD-BW(MiB/s)  TESTED(MiB)     ERRORS
[2022-12-16 16:33:19]          940          940         4058          0
[2022-12-16 16:33:20]          941          940          435          0
[2022-12-16 16:33:22]          941          940          909          0
[2022-12-16 16:33:23]          941          940         1383          0
[2022-12-16 16:33:24]          941          940         1857          0
[2022-12-16 16:33:26]          941          940         2331          0
[2022-12-16 16:33:27]          941          940         2805          0
[2022-12-16 16:33:29]          941          940         3278          0
[2022-12-16 16:33:29] WR-BW(MiB/s) RD-BW(MiB/s)  TESTED(MiB)     ERRORS
[2022-12-16 16:33:30]          941          940         3752          0
[2022-12-16 16:33:32]          941          940          130          0
[2022-12-16 16:33:33]          941          940          604          0
[2022-12-16 16:33:35]          941          940         1078          0
[2022-12-16 16:33:36]          941          940         1552          0
[2022-12-16 16:33:38]          941          940         2025          0
[2022-12-16 16:33:39]          941          940         2499          0
[2022-12-16 16:33:40]          941          940         2973          0
[2022-12-16 16:33:40] WR-BW(MiB/s) RD-BW(MiB/s)  TESTED(MiB)     ERRORS
[2022-12-16 16:33:42]          940          940         3447          0
[2022-12-16 16:33:43]          941          940         3921          0
[2022-12-16 16:33:45]          941          940          299          0
[2022-12-16 16:33:46]          941          940          772          0
[2022-12-16 16:33:48]          941          940         1246          0
[2022-12-16 16:33:49]          941          940         1720          0
[2022-12-16 16:33:51]          941          940         2194          0
[2022-12-16 16:33:52]          941          940         2668          0
[2022-12-16 16:33:52] WR-BW(MiB/s) RD-BW(MiB/s)  TESTED(MiB)     ERRORS
[2022-12-16 16:33:54]          940          940         3142          0
[2022-12-16 16:33:55]          941          940         3615          0
[2022-12-16 16:33:56]          941          940         4089          0
[2022-12-16 16:33:58]          941          940          467          0
[2022-12-16 16:33:59]          941          940          941          0
[2022-12-16 16:34:01]          941          940         1415          0
[2022-12-16 16:34:02]          941          940         1889          0
[2022-12-16 16:34:04]          941          940         2363          0
[2022-12-16 16:34:04] WR-BW(MiB/s) RD-BW(MiB/s)  TESTED(MiB)     ERRORS
[2022-12-16 16:34:05]          940          940         2836          0
[2022-12-16 16:34:07]          941          940         3310          0
[2022-12-16 16:34:08]          941          940         3784          0
[2022-12-16 16:34:09]          941          940          162          0
[2022-12-16 16:34:11]          941          940          636          0
[2022-12-16 16:34:12]          941          940         1110          0
[2022-12-16 16:34:14]          941          940         1583          0
[2022-12-16 16:34:15]          941          940         2057          0
[2022-12-16 16:34:15] WR-BW(MiB/s) RD-BW(MiB/s)  TESTED(MiB)     ERRORS
[2022-12-16 16:34:17]          940          940         2531          0
[2022-12-16 16:34:18]          941          940         3005          0
[2022-12-16 16:34:20]          941          940         3479          0
[2022-12-16 16:34:21]          941          940         3953          0
[2022-12-16 16:34:23]          941          940          330          0
[2022-12-16 16:34:24]          941          940          804          0
[2022-12-16 16:34:25]          941          940         1278          0
[2022-12-16 16:34:27]          941          940         1752          0
[2022-12-16 16:34:27] WR-BW(MiB/s) RD-BW(MiB/s)  TESTED(MiB)     ERRORS
[2022-12-16 16:34:28]          941          940         2226          0
[2022-12-16 16:34:30]          941          940         2700          0
[2022-12-16 16:34:31]          941          940         3173          0
[2022-12-16 16:34:33]          941          940         3647          0
[2022-12-16 16:34:34]          941          940           25          0
[2022-12-16 16:34:36]          941          940          499          0
[2022-12-16 16:34:37]          941          940          973          0
[2022-12-16 16:34:38]          941          940         1447          0
[2022-12-16 16:34:38] WR-BW(MiB/s) RD-BW(MiB/s)  TESTED(MiB)     ERRORS
[2022-12-16 16:34:40]          940          940         1920          0
[2022-12-16 16:34:41]          941          940         2394          0
[2022-12-16 16:34:43]          941          940         2868          0
[2022-12-16 16:34:44]          941          940         3342          0
[2022-12-16 16:34:46]          941          940         3816          0
[2022-12-16 16:34:47]          941          940          194          0
[2022-12-16 16:34:49]          941          940          667          0
[2022-12-16 16:34:50]          941          940         1141          0
[2022-12-16 16:34:50] WR-BW(MiB/s) RD-BW(MiB/s)  TESTED(MiB)     ERRORS
[2022-12-16 16:34:52]          940          940         1615          0
[2022-12-16 16:34:53]          941          940         2089          0
[2022-12-16 16:34:54]          941          940         2563          0
[2022-12-16 16:34:56]          941          940         3037          0
[2022-12-16 16:34:57]          941          940         3510          0
[2022-12-16 16:34:59]          941          940         3984          0
[2022-12-16 16:35:00]          941          940          362          0
[2022-12-16 16:35:02]          941          940          836          0
[2022-12-16 16:35:02] WR-BW(MiB/s) RD-BW(MiB/s)  TESTED(MiB)     ERRORS
[2022-12-16 16:35:03]          941          940         1310          0
[2022-12-16 16:35:05]          941          940         1784          0
[2022-12-16 16:35:06]          941          940         2257          0
[2022-12-16 16:35:08]          941          940         2731          0
[2022-12-16 16:35:09]          941          940         3205          0
[2022-12-16 16:35:10]          941          940         3679          0
[2022-12-16 16:35:12]          941          940           57          0
[2022-12-16 16:35:13]          941          940          531          0
[2022-12-16 16:35:13] WR-BW(MiB/s) RD-BW(MiB/s)  TESTED(MiB)     ERRORS
[2022-12-16 16:35:15]          941          940         1004          0
[2022-12-16 16:35:16]          941          940         1478          0
[2022-12-16 16:35:18]          941          940         1952          0
[2022-12-16 16:35:19]          941          940         2426          0
[2022-12-16 16:35:21]          941          940         2900          0
[2022-12-16 16:35:22]          941          940         3374          0
[2022-12-16 16:35:23]          941          940         3847          0
[2022-12-16 16:35:25]          941          940          225          0
[2022-12-16 16:35:25] WR-BW(MiB/s) RD-BW(MiB/s)  TESTED(MiB)     ERRORS
[2022-12-16 16:35:26]          940          940          699          0
[2022-12-16 16:35:28]          941          940         1173          0
[2022-12-16 16:35:29]          941          940         1647          0
[2022-12-16 16:35:31]          941          940         2121          0
[2022-12-16 16:35:32]          941          940         2594          0
[2022-12-16 16:35:34]          941          940         3068          0
[2022-12-16 16:35:35]          941          940         3542          0
[2022-12-16 16:35:37]          941          940         4016          0
[2022-12-16 16:35:37] WR-BW(MiB/s) RD-BW(MiB/s)  TESTED(MiB)     ERRORS
[2022-12-16 16:35:38]          941          940          394          0
[2022-12-16 16:35:39]          941          940          868          0
[2022-12-16 16:35:41]          941          940         1341          0
[2022-12-16 16:35:42]          941          940         1815          0
[2022-12-16 16:35:44]          941          940         2289          0
[2022-12-16 16:35:45]          941          940         2763          0
[2022-12-16 16:35:47]          941          940         3237          0
[2022-12-16 16:35:48]          941          940         3711          0
[2022-12-16 16:35:48] WR-BW(MiB/s) RD-BW(MiB/s)  TESTED(MiB)     ERRORS
[2022-12-16 16:35:50]          940          940           88          0
[2022-12-16 16:35:51]          941          940          562          0
[2022-12-16 16:35:53]          941          940         1036          0
[2022-12-16 16:35:54]          941          940         1510          0
[2022-12-16 16:35:55]          941          940         1984          0
[2022-12-16 16:35:57]          941          940         2458          0
[2022-12-16 16:35:58]          941          940         2931          0
[2022-12-16 16:36:00]          941          940         3405          0
[2022-12-16 16:36:00] WR-BW(MiB/s) RD-BW(MiB/s)  TESTED(MiB)     ERRORS
[2022-12-16 16:36:01]          941          940         3879          0
[2022-12-16 16:36:03]          941          940          257          0
[2022-12-16 16:36:04]          941          940          731          0
[2022-12-16 16:36:06]          941          940         1205          0
[2022-12-16 16:36:07]          941          940         1678          0
[2022-12-16 16:36:08]          941          940         2152          0
[2022-12-16 16:36:10]          941          940         2626          0
[2022-12-16 16:36:11]          941          940         3100          0
[2022-12-16 16:36:11] WR-BW(MiB/s) RD-BW(MiB/s)  TESTED(MiB)     ERRORS
[2022-12-16 16:36:13]          941          940         3574          0
[2022-12-16 16:36:14]          941          940         4048          0
[2022-12-16 16:36:16]          941          940          425          0
[2022-12-16 16:36:17]          941          940          899          0
[2022-12-16 16:36:19]          941          940         1373          0
[2022-12-16 16:36:20]          941          940         1847          0
[2022-12-16 16:36:22]          941          940         2321          0
[2022-12-16 16:36:23]          941          940         2795          0
[2022-12-16 16:36:23] WR-BW(MiB/s) RD-BW(MiB/s)  TESTED(MiB)     ERRORS
[2022-12-16 16:36:24]          940          940         3268          0
[2022-12-16 16:36:26]          941          940         3742          0
[2022-12-16 16:36:27]          941          940          120          0
[2022-12-16 16:36:29]          941          940          594          0
[2022-12-16 16:36:30]          941          940         1068          0
[2022-12-16 16:36:32]          941          940         1542          0
[2022-12-16 16:36:33]          941          940         2016          0
[2022-12-16 16:36:35]          941          940         2489          0
[2022-12-16 16:36:35] WR-BW(MiB/s) RD-BW(MiB/s)  TESTED(MiB)     ERRORS
[2022-12-16 16:36:36]          940          940         2963          0
[2022-12-16 16:36:37]          941          940         3437          0
[2022-12-16 16:36:39]          941          940         3911          0
[2022-12-16 16:36:40]          941          940          289          0
[2022-12-16 16:36:42]          941          940          763          0
[2022-12-16 16:36:43]          941          940         1236          0
[2022-12-16 16:36:45]          941          940         1710          0
[2022-12-16 16:36:46]          941          940         2184          0
[2022-12-16 16:36:46] WR-BW(MiB/s) RD-BW(MiB/s)  TESTED(MiB)     ERRORS
[2022-12-16 16:36:48]          940          940         2658          0
[2022-12-16 16:36:49]          941          940         3132          0
[2022-12-16 16:36:51]          941          940         3606          0
[2022-12-16 16:36:52]          941          940         4079          0
[2022-12-16 16:36:53]          941          940          457          0
[2022-12-16 16:36:55]          941          940          931          0
[2022-12-16 16:36:56]          941          940         1405          0
[2022-12-16 16:36:58]          941          940         1879          0
[2022-12-16 16:36:58] WR-BW(MiB/s) RD-BW(MiB/s)  TESTED(MiB)     ERRORS
[2022-12-16 16:36:59]          940          940         2353          0
[2022-12-16 16:37:01]          941          940         2826          0
[2022-12-16 16:37:02]          941          940         3300          0
[2022-12-16 16:37:04]          941          940         3774          0
[2022-12-16 16:37:05]          941          940          152          0
[2022-12-16 16:37:07]          941          940          626          0
[2022-12-16 16:37:08]          941          940         1100          0
[2022-12-16 16:37:09]          941          940         1573          0
[2022-12-16 16:37:09] WR-BW(MiB/s) RD-BW(MiB/s)  TESTED(MiB)     ERRORS
[2022-12-16 16:37:11]          941          940         2047          0
[2022-12-16 16:37:12]          941          940         2521          0
[2022-12-16 16:37:14]          941          940         2995          0
[2022-12-16 16:37:15]          941          940         3469          0
[2022-12-16 16:37:17]          941          940         3943          0
[2022-12-16 16:37:18]          941          940          320          0
[2022-12-16 16:37:20]          941          940          794          0
[2022-12-16 16:37:21]          941          940         1268          0
[2022-12-16 16:37:21] WR-BW(MiB/s) RD-BW(MiB/s)  TESTED(MiB)     ERRORS
[2022-12-16 16:37:22]          940          940         1742          0
[2022-12-16 16:37:24]          941          940         2216          0
[2022-12-16 16:37:25]          941          940         2690          0
[2022-12-16 16:37:27]          941          940         3163          0
[2022-12-16 16:37:28]          941          940         3637          0
[2022-12-16 16:37:30]          941          940           15          0
[2022-12-16 16:37:31]          941          940          489          0
[2022-12-16 16:37:33]          941          940          963          0
[2022-12-16 16:37:33] WR-BW(MiB/s) RD-BW(MiB/s)  TESTED(MiB)     ERRORS
[2022-12-16 16:37:34]          941          940         1437          0
[2022-12-16 16:37:36]          941          940         1910          0
[2022-12-16 16:37:37]          941          940         2384          0
[2022-12-16 16:37:38]          941          940         2858          0
[2022-12-16 16:37:40]          941          940         3332          0
[2022-12-16 16:37:41]          941          940         3806          0
[2022-12-16 16:37:43]          941          940          184          0
[2022-12-16 16:37:44]          941          940          657          0
[2022-12-16 16:37:44] WR-BW(MiB/s) RD-BW(MiB/s)  TESTED(MiB)     ERRORS
[2022-12-16 16:37:46]          941          940         1131          0
[2022-12-16 16:37:47]          941          940         1605          0
[2022-12-16 16:37:49]          941          940         2079          0
[2022-12-16 16:37:50]          941          940         2553          0
[2022-12-16 16:37:51]          941          940         3027          0
[2022-12-16 16:37:53]          941          940         3500          0
[2022-12-16 16:37:54]          941          940         3974          0
[2022-12-16 16:37:56]          941          940          352          0
[2022-12-16 16:37:56] WR-BW(MiB/s) RD-BW(MiB/s)  TESTED(MiB)     ERRORS
[2022-12-16 16:37:57]          941          940          826          0
[2022-12-16 16:37:59]          941          940         1300          0
[2022-12-16 16:38:00]          941          940         1774          0
[2022-12-16 16:38:02]          941          940         2247          0
[2022-12-16 16:38:03]          941          940         2721          0
[2022-12-16 16:38:05]          941          940         3195          0
[2022-12-16 16:38:06]          941          940         3669          0
[2022-12-16 16:38:07]          941          940           47          0
[2022-12-16 16:38:07] WR-BW(MiB/s) RD-BW(MiB/s)  TESTED(MiB)     ERRORS
[2022-12-16 16:38:09]          941          940          521          0
[2022-12-16 16:38:10]          941          940          994          0
[2022-12-16 16:38:12]          941          940         1468          0
[2022-12-16 16:38:13]          941          940         1942          0
[2022-12-16 16:38:15]          941          940         2416          0
[2022-12-16 16:38:16]          941          940         2890          0
[2022-12-16 16:38:18]          941          940         3364          0
[2022-12-16 16:38:19]          941          940         3837          0
[2022-12-16 16:38:19] WR-BW(MiB/s) RD-BW(MiB/s)  TESTED(MiB)     ERRORS
[2022-12-16 16:38:21]          941          940          215          0
[2022-12-16 16:38:22]          941          940          689          0
[2022-12-16 16:38:23]          941          940         1163          0
[2022-12-16 16:38:25]          941          940         1637          0
[2022-12-16 16:38:26]          941          940         2111          0
[2022-12-16 16:38:28]          941          940         2584          0
[2022-12-16 16:38:29]          941          940         3058          0
[2022-12-16 16:38:31]          941          940         3532          0
[2022-12-16 16:38:31] WR-BW(MiB/s) RD-BW(MiB/s)  TESTED(MiB)     ERRORS
[2022-12-16 16:38:32]          940          940         4006          0
[2022-12-16 16:38:34]          941          940          384          0
[2022-12-16 16:38:35]          941          940          858          0
[2022-12-16 16:38:36]          941          940         1332          0
[2022-12-16 16:38:38]          941          940         1805          0
[2022-12-16 16:38:39]          941          940         2279          0
[2022-12-16 16:38:41]          941          940         2753          0
[2022-12-16 16:38:42]          941          940         3227          0
[2022-12-16 16:38:42] WR-BW(MiB/s) RD-BW(MiB/s)  TESTED(MiB)     ERRORS
[2022-12-16 16:38:44]          940          940         3701          0
[2022-12-16 16:38:45]          941          940           79          0
[2022-12-16 16:38:47]          941          940          552          0
[2022-12-16 16:38:48]          941          940         1026          0
[2022-12-16 16:38:50]          941          940         1500          0
[2022-12-16 16:38:51]          941          940         1974          0
[2022-12-16 16:38:53]          941          940         2448          0
[2022-12-16 16:38:54]          941          940         2922          0
[2022-12-16 16:38:54] WR-BW(MiB/s) RD-BW(MiB/s)  TESTED(MiB)     ERRORS
[2022-12-16 16:38:55]          941          940         3395          0
[2022-12-16 16:38:57]          941          940         3869          0
[2022-12-16 16:38:58]          941          940          247          0
[2022-12-16 16:39:00]          941          940          721          0
[2022-12-16 16:39:01]          941          940         1195          0
[2022-12-16 16:39:03]          941          940         1669          0
[2022-12-16 16:39:04]          941          940         2142          0
[2022-12-16 16:39:06]          941          940         2616          0
[2022-12-16 16:39:06] WR-BW(MiB/s) RD-BW(MiB/s)  TESTED(MiB)     ERRORS
[2022-12-16 16:39:07]          940          940         3090          0
[2022-12-16 16:39:09]          941          940         3564          0
[2022-12-16 16:39:10]          941          940         4038          0
[2022-12-16 16:39:11]          941          940          416          0
[2022-12-16 16:39:13]          941          940          889          0
[2022-12-16 16:39:14]          941          940         1363          0
[2022-12-16 16:39:16]          941          940         1837          0
[2022-12-16 16:39:17]          941          940         2311          0
[2022-12-16 16:39:17] WR-BW(MiB/s) RD-BW(MiB/s)  TESTED(MiB)     ERRORS
[2022-12-16 16:39:19]          940          940         2785          0
[2022-12-16 16:39:20]          941          940         3259          0
[2022-12-16 16:39:22]          941          940         3732          0
[2022-12-16 16:39:23]          941          940          110          0
[2022-12-16 16:39:24]          941          940          584          0
[2022-12-16 16:39:26]          941          940         1058          0
[2022-12-16 16:39:27]          941          940         1532          0
[2022-12-16 16:39:29]          941          940         2006          0
[2022-12-16 16:39:29] WR-BW(MiB/s) RD-BW(MiB/s)  TESTED(MiB)     ERRORS
[2022-12-16 16:39:30]          940          940         2479          0
[2022-12-16 16:39:32]          941          940         2953          0
[2022-12-16 16:39:33]          941          940         3427          0
[2022-12-16 16:39:35]          941          940         3901          0
[2022-12-16 16:39:36]          941          940          279          0
[2022-12-16 16:39:38]          941          940          753          0
[2022-12-16 16:39:39]          941          940         1226          0
[2022-12-16 16:39:40]          941          940         1700          0
[2022-12-16 16:39:40] WR-BW(MiB/s) RD-BW(MiB/s)  TESTED(MiB)     ERRORS
[2022-12-16 16:39:42]          941          940         2174          0
[2022-12-16 16:39:43]          941          940         2648          0
[2022-12-16 16:39:45]          941          940         3122          0
[2022-12-16 16:39:46]          941          940         3596          0
[2022-12-16 16:39:48]          941          940         4069          0
[2022-12-16 16:39:49]          941          940          447          0
[2022-12-16 16:39:51]          941          940          921          0
[2022-12-16 16:39:52]          941          940         1395          0
[2022-12-16 16:39:52] WR-BW(MiB/s) RD-BW(MiB/s)  TESTED(MiB)     ERRORS
[2022-12-16 16:39:54]          941          940         1869          0
[2022-12-16 16:39:55]          941          940         2343          0
[2022-12-16 16:39:56]          941          940         2816          0
[2022-12-16 16:39:58]          941          940         3290          0
[2022-12-16 16:39:59]          941          940         3764          0
[2022-12-16 16:40:01]          941          940          142          0
[2022-12-16 16:40:02]          941          940          616          0
[2022-12-16 16:40:04]          941          940         1090          0
[2022-12-16 16:40:04] WR-BW(MiB/s) RD-BW(MiB/s)  TESTED(MiB)     ERRORS
[2022-12-16 16:40:05]          941          940         1563          0
[2022-12-16 16:40:07]          941          940         2037          0
[2022-12-16 16:40:08]          941          940         2511          0
[2022-12-16 16:40:10]          941          940         2985          0
[2022-12-16 16:40:11]          941          940         3459          0
[2022-12-16 16:40:12]          941          940         3933          0
[2022-12-16 16:40:14]          941          940          310          0
[2022-12-16 16:40:15]          941          940          784          0
[2022-12-16 16:40:15] WR-BW(MiB/s) RD-BW(MiB/s)  TESTED(MiB)     ERRORS
[2022-12-16 16:40:17]          941          940         1258          0
[2022-12-16 16:40:18]          941          940         1732          0
[2022-12-16 16:40:20]          941          940         2206          0
[2022-12-16 16:40:21]          941          940         2680          0
[2022-12-16 16:40:23]          941          940         3153          0
[2022-12-16 16:40:24]          941          940         3627          0
[2022-12-16 16:40:26]          941          940            5          0
[2022-12-16 16:40:27]          941          940          479          0
[2022-12-16 16:40:27] WR-BW(MiB/s) RD-BW(MiB/s)  TESTED(MiB)     ERRORS
[2022-12-16 16:40:28]          941          940          953          0
[2022-12-16 16:40:30]          941          940         1427          0
[2022-12-16 16:40:31]          941          940         1900          0
[2022-12-16 16:40:33]          941          940         2374          0
[2022-12-16 16:40:34]          941          940         2848          0
[2022-12-16 16:40:36]          941          940         3322          0
[2022-12-16 16:40:37]          941          940         3796          0
[2022-12-16 16:40:39]          941          940          174          0
[2022-12-16 16:40:39] WR-BW(MiB/s) RD-BW(MiB/s)  TESTED(MiB)     ERRORS
[2022-12-16 16:40:40]          941          940          648          0
[2022-12-16 16:40:41]          941          940         1121          0
[2022-12-16 16:40:43]          941          940         1595          0
[2022-12-16 16:40:44]          941          940         2069          0
[2022-12-16 16:40:46]          941          940         2543          0
[2022-12-16 16:40:47]          941          940         3017          0
[2022-12-16 16:40:49]          941          940         3491          0
[2022-12-16 16:40:50]          941          940         3964          0
[2022-12-16 16:40:50] WR-BW(MiB/s) RD-BW(MiB/s)  TESTED(MiB)     ERRORS
[2022-12-16 16:40:52]          941          940          342          0
[2022-12-16 16:40:53]          941          940          816          0
[2022-12-16 16:40:55]          941          940         1290          0
[2022-12-16 16:40:56]          941          940         1764          0
[2022-12-16 16:40:57]          941          940         2238          0
[2022-12-16 16:40:59]          941          940         2711          0
[2022-12-16 16:41:00]          941          940         3185          0
[2022-12-16 16:41:02]          941          940         3659          0
[2022-12-16 16:41:02] WR-BW(MiB/s) RD-BW(MiB/s)  TESTED(MiB)     ERRORS
[2022-12-16 16:41:03]          940          940           37          0
[2022-12-16 16:41:05]          941          940          511          0
[2022-12-16 16:41:06]          941          940          985          0
[2022-12-16 16:41:08]          941          940         1458          0
[2022-12-16 16:41:09]          941          940         1932          0
[2022-12-16 16:41:11]          941          940         2406          0
[2022-12-16 16:41:12]          941          940         2880          0
[2022-12-16 16:41:13]          941          940         3354          0
[2022-12-16 16:41:13] WR-BW(MiB/s) RD-BW(MiB/s)  TESTED(MiB)     ERRORS
[2022-12-16 16:41:15]          940          940         3828          0
[2022-12-16 16:41:16]          941          940          205          0
[2022-12-16 16:41:18]          941          940          679          0
[2022-12-16 16:41:19]          941          940         1153          0
[2022-12-16 16:41:21]          941          940         1627          0
[2022-12-16 16:41:22]          941          940         2101          0
[2022-12-16 16:41:24]          941          940         2575          0
[2022-12-16 16:41:25]          941          940         3048          0
[2022-12-16 16:41:25] WR-BW(MiB/s) RD-BW(MiB/s)  TESTED(MiB)     ERRORS
[2022-12-16 16:41:27]          941          940         3522          0
[2022-12-16 16:41:28]          941          940         3996          0
[2022-12-16 16:41:29]          941          940          374          0
[2022-12-16 16:41:31]          941          940          848          0
[2022-12-16 16:41:32]          941          940         1322          0
[2022-12-16 16:41:34]          941          940         1795          0
[2022-12-16 16:41:35]          941          940         2269          0
[2022-12-16 16:41:37]          941          940         2743          0
[2022-12-16 16:41:37] WR-BW(MiB/s) RD-BW(MiB/s)  TESTED(MiB)     ERRORS
[2022-12-16 16:41:38]          941          940         3217          0
[2022-12-16 16:41:40]          941          940         3691          0
[2022-12-16 16:41:41]          941          940           69          0
[2022-12-16 16:41:42]          941          940          542          0
[2022-12-16 16:41:44]          941          940         1016          0
[2022-12-16 16:41:45]          941          940         1490          0
[2022-12-16 16:41:47]          941          940         1964          0
[2022-12-16 16:41:48]          941          940         2438          0
[2022-12-16 16:41:48] WR-BW(MiB/s) RD-BW(MiB/s)  TESTED(MiB)     ERRORS
[2022-12-16 16:41:50]          941          940         2912          0
[2022-12-16 16:41:51]          941          940         3385          0
[2022-12-16 16:41:53]          941          940         3859          0
[2022-12-16 16:41:54]          941          940          237          0
[2022-12-16 16:41:56]          941          940          711          0
[2022-12-16 16:41:57]          941          940         1185          0
[2022-12-16 16:41:58]          941          940         1659          0
[2022-12-16 16:42:00]          941          940         2132          0
[2022-12-16 16:42:00] WR-BW(MiB/s) RD-BW(MiB/s)  TESTED(MiB)     ERRORS
[2022-12-16 16:42:01]          940          940         2606          0
[2022-12-16 16:42:03]          941          940         3080          0
[2022-12-16 16:42:04]          941          940         3554          0
[2022-12-16 16:42:06]          941          940         4028          0
[2022-12-16 16:42:07]          941          940          406          0
[2022-12-16 16:42:09]          941          940          879          0
[2022-12-16 16:42:10]          941          940         1353          0
[2022-12-16 16:42:12]          941          940         1827          0
[2022-12-16 16:42:12] WR-BW(MiB/s) RD-BW(MiB/s)  TESTED(MiB)     ERRORS
[2022-12-16 16:42:13]          941          940         2301          0
[2022-12-16 16:42:14]          941          940         2775          0
[2022-12-16 16:42:16]          941          940         3249          0
[2022-12-16 16:42:17]          941          940         3722          0
[2022-12-16 16:42:19]          941          940          100          0
[2022-12-16 16:42:20]          941          940          574          0
[2022-12-16 16:42:22]          941          940         1048          0
[2022-12-16 16:42:23]          941          940         1522          0
[2022-12-16 16:42:23] WR-BW(MiB/s) RD-BW(MiB/s)  TESTED(MiB)     ERRORS
[2022-12-16 16:42:25]          941          940         1996          0
[2022-12-16 16:42:26]          941          940         2469          0
[2022-12-16 16:42:27]          941          940         2943          0
[2022-12-16 16:42:29]          941          940         3417          0
[2022-12-16 16:42:30]          941          940         3891          0
[2022-12-16 16:42:32]          941          940          269          0
[2022-12-16 16:42:33]          941          940          743          0
[2022-12-16 16:42:35]          941          940         1216          0
[2022-12-16 16:42:35] WR-BW(MiB/s) RD-BW(MiB/s)  TESTED(MiB)     ERRORS
[2022-12-16 16:42:36]          941          940         1690          0
[2022-12-16 16:42:38]          941          940         2164          0
[2022-12-16 16:42:39]          941          940         2638          0
[2022-12-16 16:42:41]          941          940         3112          0
[2022-12-16 16:42:42]          941          940         3586          0
[2022-12-16 16:42:43]          941          940         4060          0
[2022-12-16 16:42:45]          941          940          437          0
[2022-12-16 16:42:46]          941          940          911          0
[2022-12-16 16:42:46] WR-BW(MiB/s) RD-BW(MiB/s)  TESTED(MiB)     ERRORS
[2022-12-16 16:42:48]          941          940         1385          0
[2022-12-16 16:42:49]          941          940         1859          0
[2022-12-16 16:42:51]          941          940         2333          0
[2022-12-16 16:42:52]          941          940         2807          0
[2022-12-16 16:42:54]          941          940         3280          0
[2022-12-16 16:42:55]          941          940         3754          0
[2022-12-16 16:42:57]          941          940          132          0
[2022-12-16 16:42:58]          941          940          606          0
[2022-12-16 16:42:58] WR-BW(MiB/s) RD-BW(MiB/s)  TESTED(MiB)     ERRORS
[2022-12-16 16:42:59]          940          940         1080          0
[2022-12-16 16:43:01]          941          940         1554          0
[2022-12-16 16:43:02]          941          940         2027          0
[2022-12-16 16:43:04]          941          940         2501          0
[2022-12-16 16:43:05]          941          940         2975          0
[2022-12-16 16:43:07]          941          940         3449          0
[2022-12-16 16:43:08]          941          940         3923          0
[2022-12-16 16:43:10]          941          940          301          0
[2022-12-16 16:43:10] WR-BW(MiB/s) RD-BW(MiB/s)  TESTED(MiB)     ERRORS
[2022-12-16 16:43:11]          941          940          774          0
[2022-12-16 16:43:12]          941          940         1248          0
[2022-12-16 16:43:14]          941          940         1722          0
[2022-12-16 16:43:15]          941          940         2196          0
[2022-12-16 16:43:17]          941          940         2670          0
[2022-12-16 16:43:18]          941          940         3144          0
[2022-12-16 16:43:20]          941          940         3617          0
[2022-12-16 16:43:21]          941          940         4091          0
[2022-12-16 16:43:21] WR-BW(MiB/s) RD-BW(MiB/s)  TESTED(MiB)     ERRORS
[2022-12-16 16:43:23]          941          940          469          0
[2022-12-16 16:43:24]          941          940          943          0
[2022-12-16 16:43:26]          941          940         1417          0
[2022-12-16 16:43:27]          941          940         1891          0
[2022-12-16 16:43:28]          941          940         2364          0
[2022-12-16 16:43:30]          941          940         2838          0
[2022-12-16 16:43:31]          941          940         3312          0
[2022-12-16 16:43:33]          941          940         3786          0
[2022-12-16 16:43:33] WR-BW(MiB/s) RD-BW(MiB/s)  TESTED(MiB)     ERRORS
[2022-12-16 16:43:34]          940          940          164          0
[2022-12-16 16:43:36]          941          940          638          0
[2022-12-16 16:43:37]          941          940         1111          0
[2022-12-16 16:43:39]          941          940         1585          0
[2022-12-16 16:43:40]          941          940         2059          0
[2022-12-16 16:43:42]          941          940         2533          0
[2022-12-16 16:43:43]          941          940         3007          0
[2022-12-16 16:43:44]          941          940         3481          0
[2022-12-16 16:43:44] WR-BW(MiB/s) RD-BW(MiB/s)  TESTED(MiB)     ERRORS
[2022-12-16 16:43:46]          941          940         3954          0
[2022-12-16 16:43:47]          941          940          332          0
[2022-12-16 16:43:49]          941          940          806          0
[2022-12-16 16:43:50]          941          940         1280          0
[2022-12-16 16:43:52]          941          940         1754          0
[2022-12-16 16:43:53]          941          940         2228          0
[2022-12-16 16:43:55]          941          940         2701          0
[2022-12-16 16:43:56]          941          940         3175          0
[2022-12-16 16:43:56] WR-BW(MiB/s) RD-BW(MiB/s)  TESTED(MiB)     ERRORS
[2022-12-16 16:43:57]          941          940         3649          0
[2022-12-16 16:43:59]          941          940           27          0
[2022-12-16 16:44:00]          941          940          501          0
[2022-12-16 16:44:02]          941          940          975          0
[2022-12-16 16:44:03]          941          940         1448          0
[2022-12-16 16:44:05]          941          940         1922          0
[2022-12-16 16:44:06]          941          940         2396          0
[2022-12-16 16:44:08]          941          940         2870          0
[2022-12-16 16:44:08] WR-BW(MiB/s) RD-BW(MiB/s)  TESTED(MiB)     ERRORS
[2022-12-16 16:44:09]          941          940         3344          0
[2022-12-16 16:44:11]          941          940         3818          0
[2022-12-16 16:44:12]          941          940          195          0
[2022-12-16 16:44:13]          941          940          669          0
[2022-12-16 16:44:15]          941          940         1143          0
[2022-12-16 16:44:16]          941          940         1617          0
[2022-12-16 16:44:18]          941          940         2091          0
[2022-12-16 16:44:19]          941          940         2565          0
[2022-12-16 16:44:19] WR-BW(MiB/s) RD-BW(MiB/s)  TESTED(MiB)     ERRORS
[2022-12-16 16:44:21]          940          940         3038          0
[2022-12-16 16:44:22]          941          940         3512          0
[2022-12-16 16:44:24]          941          940         3986          0
[2022-12-16 16:44:25]          941          940          364          0
[2022-12-16 16:44:26]          941          940          838          0
[2022-12-16 16:44:28]          941          940         1312          0
[2022-12-16 16:44:29]          941          940         1785          0
[2022-12-16 16:44:31]          941          940         2259          0
[2022-12-16 16:44:31] WR-BW(MiB/s) RD-BW(MiB/s)  TESTED(MiB)     ERRORS
[2022-12-16 16:44:32]          941          940         2733          0
[2022-12-16 16:44:34]          941          940         3207          0
[2022-12-16 16:44:35]          941          940         3681          0
[2022-12-16 16:44:37]          941          940           59          0
[2022-12-16 16:44:38]          941          940          532          0
[2022-12-16 16:44:40]          941          940         1006          0
[2022-12-16 16:44:41]          941          940         1480          0
[2022-12-16 16:44:42]          941          940         1954          0
[2022-12-16 16:44:42] WR-BW(MiB/s) RD-BW(MiB/s)  TESTED(MiB)     ERRORS
[2022-12-16 16:44:44]          941          940         2428          0
[2022-12-16 16:44:45]          941          940         2902          0
[2022-12-16 16:44:47]          941          940         3375          0
[2022-12-16 16:44:48]          941          940         3849          0
[2022-12-16 16:44:50]          941          940          227          0
[2022-12-16 16:44:51]          941          940          701          0
[2022-12-16 16:44:53]          941          940         1175          0
[2022-12-16 16:44:54]          941          940         1649          0
[2022-12-16 16:44:54] WR-BW(MiB/s) RD-BW(MiB/s)  TESTED(MiB)     ERRORS
[2022-12-16 16:44:56]          940          940         2122          0
[2022-12-16 16:44:57]          941          940         2596          0
[2022-12-16 16:44:58]          941          940         3070          0
[2022-12-16 16:45:00]          941          940         3544          0
[2022-12-16 16:45:01]          941          940         4018          0
[2022-12-16 16:45:03]          941          940          396          0
[2022-12-16 16:45:04]          941          940          870          0
[2022-12-16 16:45:06]          941          940         1343          0
[2022-12-16 16:45:06] WR-BW(MiB/s) RD-BW(MiB/s)  TESTED(MiB)     ERRORS
[2022-12-16 16:45:07]          941          940         1817          0
[2022-12-16 16:45:09]          941          940         2291          0
[2022-12-16 16:45:10]          941          940         2765          0
[2022-12-16 16:45:11]          941          940         3239          0
[2022-12-16 16:45:13]          941          940         3713          0
[2022-12-16 16:45:14]          941          940           90          0
[2022-12-16 16:45:16]          941          940          564          0
[2022-12-16 16:45:17]          941          940         1038          0
[2022-12-16 16:45:17] WR-BW(MiB/s) RD-BW(MiB/s)  TESTED(MiB)     ERRORS
[2022-12-16 16:45:19]          940          940         1512          0
[2022-12-16 16:45:20]          941          940         1986          0
[2022-12-16 16:45:22]          941          940         2460          0
[2022-12-16 16:45:23]          941          940         2933          0
[2022-12-16 16:45:25]          941          940         3407          0
[2022-12-16 16:45:26]          941          940         3881          0
[2022-12-16 16:45:27]          941          940          259          0
[2022-12-16 16:45:29]          941          940          733          0
[2022-12-16 16:45:29] WR-BW(MiB/s) RD-BW(MiB/s)  TESTED(MiB)     ERRORS
[2022-12-16 16:45:30]          941          940         1207          0
[2022-12-16 16:45:32]          941          940         1680          0
[2022-12-16 16:45:33]          941          940         2154          0
[2022-12-16 16:45:35]          941          940         2628          0
[2022-12-16 16:45:36]          941          940         3102          0
[2022-12-16 16:45:38]          941          940         3576          0
[2022-12-16 16:45:39]          941          940         4050          0
[2022-12-16 16:45:41]          941          940          427          0
[2022-12-16 16:45:41] WR-BW(MiB/s) RD-BW(MiB/s)  TESTED(MiB)     ERRORS
[2022-12-16 16:45:42]          941          940          901          0
[2022-12-16 16:45:43]          941          940         1375          0
[2022-12-16 16:45:45]          941          940         1849          0
[2022-12-16 16:45:46]          941          940         2323          0
[2022-12-16 16:45:48]          941          940         2797          0
[2022-12-16 16:45:49]          941          940         3270          0
[2022-12-16 16:45:51]          941          940         3744          0
[2022-12-16 16:45:52]          941          940          122          0
[2022-12-16 16:45:52] WR-BW(MiB/s) RD-BW(MiB/s)  TESTED(MiB)     ERRORS
[2022-12-16 16:45:54]          941          940          596          0
[2022-12-16 16:45:55]          941          940         1070          0
[2022-12-16 16:45:56]          941          940         1544          0
[2022-12-16 16:45:58]          941          940         2017          0
[2022-12-16 16:45:59]          941          940         2491          0
[2022-12-16 16:46:01]          941          940         2965          0
[2022-12-16 16:46:02]          941          940         3439          0
[2022-12-16 16:46:04]          941          940         3913          0
[2022-12-16 16:46:04] WR-BW(MiB/s) RD-BW(MiB/s)  TESTED(MiB)     ERRORS
[2022-12-16 16:46:05]          940          940          291          0
[2022-12-16 16:46:07]          941          940          764          0
[2022-12-16 16:46:08]          941          940         1238          0
[2022-12-16 16:46:10]          941          940         1712          0
[2022-12-16 16:46:11]          941          940         2186          0
[2022-12-16 16:46:12]          941          940         2660          0
[2022-12-16 16:46:14]          941          940         3134          0
[2022-12-16 16:46:15]          941          940         3607          0
[2022-12-16 16:46:15] WR-BW(MiB/s) RD-BW(MiB/s)  TESTED(MiB)     ERRORS
[2022-12-16 16:46:17]          940          940         4081          0
[2022-12-16 16:46:18]          941          940          459          0
[2022-12-16 16:46:20]          941          940          933          0
[2022-12-16 16:46:21]          941          940         1407          0
[2022-12-16 16:46:23]          941          940         1881          0
[2022-12-16 16:46:24]          941          940         2354          0
[2022-12-16 16:46:26]          941          940         2828          0
[2022-12-16 16:46:27]          941          940         3302          0
[2022-12-16 16:46:27] WR-BW(MiB/s) RD-BW(MiB/s)  TESTED(MiB)     ERRORS
[2022-12-16 16:46:28]          941          940         3776          0
[2022-12-16 16:46:30]          941          940          154          0
[2022-12-16 16:46:31]          941          940          628          0
[2022-12-16 16:46:33]          941          940         1101          0
[2022-12-16 16:46:34]          941          940         1575          0
[2022-12-16 16:46:36]          941          940         2049          0
[2022-12-16 16:46:37]          941          940         2523          0
[2022-12-16 16:46:39]          941          940         2997          0
[2022-12-16 16:46:39] WR-BW(MiB/s) RD-BW(MiB/s)  TESTED(MiB)     ERRORS
[2022-12-16 16:46:40]          940          940         3471          0
[2022-12-16 16:46:41]          941          940         3944          0
[2022-12-16 16:46:43]          941          940          322          0
[2022-12-16 16:46:44]          941          940          796          0
[2022-12-16 16:46:46]          941          940         1270          0
[2022-12-16 16:46:47]          941          940         1744          0
[2022-12-16 16:46:49]          941          940         2218          0
[2022-12-16 16:46:50]          941          940         2691          0
[2022-12-16 16:46:50] WR-BW(MiB/s) RD-BW(MiB/s)  TESTED(MiB)     ERRORS
[2022-12-16 16:46:52]          941          940         3165          0
[2022-12-16 16:46:53]          941          940         3639          0
[2022-12-16 16:46:55]          941          940           17          0
[2022-12-16 16:46:56]          941          940          491          0
[2022-12-16 16:46:57]          941          940          965          0
[2022-12-16 16:46:59]          941          940         1439          0
[2022-12-16 16:47:00]          941          940         1912          0
[2022-12-16 16:47:02]          941          940         2386          0
[2022-12-16 16:47:02] WR-BW(MiB/s) RD-BW(MiB/s)  TESTED(MiB)     ERRORS
[2022-12-16 16:47:03]          940          940         2860          0
[2022-12-16 16:47:05]          941          940         3334          0
[2022-12-16 16:47:06]          941          940         3808          0
[2022-12-16 16:47:08]          941          940          186          0
[2022-12-16 16:47:09]          941          940          659          0
[2022-12-16 16:47:11]          941          940         1133          0
[2022-12-16 16:47:12]          941          940         1607          0
[2022-12-16 16:47:13]          941          940         2081          0
[2022-12-16 16:47:13] WR-BW(MiB/s) RD-BW(MiB/s)  TESTED(MiB)     ERRORS
[2022-12-16 16:47:15]          940          940         2555          0
[2022-12-16 16:47:16]          941          940         3029          0
[2022-12-16 16:47:18]          941          940         3502          0
[2022-12-16 16:47:19]          941          940         3976          0
[2022-12-16 16:47:21]          941          940          354          0
[2022-12-16 16:47:22]          941          940          828          0
[2022-12-16 16:47:24]          941          940         1302          0
[2022-12-16 16:47:25]          941          940         1776          0
[2022-12-16 16:47:25] WR-BW(MiB/s) RD-BW(MiB/s)  TESTED(MiB)     ERRORS
[2022-12-16 16:47:26]          940          940         2249          0
[2022-12-16 16:47:28]          941          940         2723          0
[2022-12-16 16:47:29]          941          940         3197          0
[2022-12-16 16:47:31]          941          940         3671          0
[2022-12-16 16:47:32]          941          940           49          0
[2022-12-16 16:47:34]          941          940          523          0
[2022-12-16 16:47:35]          941          940          996          0
[2022-12-16 16:47:37]          941          940         1470          0
[2022-12-16 16:47:37] WR-BW(MiB/s) RD-BW(MiB/s)  TESTED(MiB)     ERRORS
[2022-12-16 16:47:38]          941          940         1944          0
[2022-12-16 16:47:40]          941          940         2418          0
[2022-12-16 16:47:41]          941          940         2892          0
[2022-12-16 16:47:42]          941          940         3366          0
[2022-12-16 16:47:44]          941          940         3839          0
[2022-12-16 16:47:45]          941          940          217          0
[2022-12-16 16:47:47]          941          940          691          0
[2022-12-16 16:47:48]          941          940         1165          0
[2022-12-16 16:47:48] WR-BW(MiB/s) RD-BW(MiB/s)  TESTED(MiB)     ERRORS
[2022-12-16 16:47:50]          940          940         1639          0
[2022-12-16 16:47:51]          941          940         2113          0
[2022-12-16 16:47:53]          941          940         2586          0
[2022-12-16 16:47:54]          941          940         3060          0
[2022-12-16 16:47:56]          941          940         3534          0
[2022-12-16 16:47:57]          941          940         4008          0
[2022-12-16 16:47:58]          941          940          386          0
[2022-12-16 16:48:00]          941          940          860          0
[2022-12-16 16:48:00] WR-BW(MiB/s) RD-BW(MiB/s)  TESTED(MiB)     ERRORS
[2022-12-16 16:48:01]          941          940         1333          0
[2022-12-16 16:48:03]          941          940         1807          0
[2022-12-16 16:48:04]          941          940         2281          0
[2022-12-16 16:48:06]          941          940         2755          0
[2022-12-16 16:48:07]          941          940         3229          0
[2022-12-16 16:48:09]          941          940         3703          0
[2022-12-16 16:48:10]          941          940           80          0
[2022-12-16 16:48:11]          941          940          554          0
[2022-12-16 16:48:11] WR-BW(MiB/s) RD-BW(MiB/s)  TESTED(MiB)     ERRORS
[2022-12-16 16:48:13]          940          940         1028          0
[2022-12-16 16:48:14]          941          940         1502          0
[2022-12-16 16:48:16]          941          940         1976          0
[2022-12-16 16:48:17]          941          940         2450          0
[2022-12-16 16:48:19]          941          940         2923          0
[2022-12-16 16:48:20]          941          940         3397          0
[2022-12-16 16:48:22]          941          940         3871          0
[2022-12-16 16:48:23]          941          940          249          0
[2022-12-16 16:48:23] WR-BW(MiB/s) RD-BW(MiB/s)  TESTED(MiB)     ERRORS
[2022-12-16 16:48:25]          941          940          723          0
[2022-12-16 16:48:26]          941          940         1197          0
[2022-12-16 16:48:27]          941          940         1670          0
[2022-12-16 16:48:29]          941          940         2144          0
[2022-12-16 16:48:30]          941          940         2618          0
[2022-12-16 16:48:32]          941          940         3092          0
[2022-12-16 16:48:33]          941          940         3566          0
[2022-12-16 16:48:35]          941          940         4040          0
[2022-12-16 16:48:35] WR-BW(MiB/s) RD-BW(MiB/s)  TESTED(MiB)     ERRORS
[2022-12-16 16:48:36]          940          940          417          0
[2022-12-16 16:48:38]          941          940          891          0
[2022-12-16 16:48:39]          941          940         1365          0
[2022-12-16 16:48:41]          941          940         1839          0
[2022-12-16 16:48:42]          941          940         2313          0
[2022-12-16 16:48:43]          941          940         2787          0
[2022-12-16 16:48:45]          941          940         3260          0
[2022-12-16 16:48:46]          941          940         3734          0
[2022-12-16 16:48:46] WR-BW(MiB/s) RD-BW(MiB/s)  TESTED(MiB)     ERRORS
[2022-12-16 16:48:48]          941          940          112          0
[2022-12-16 16:48:49]          941          940          586          0
[2022-12-16 16:48:51]          941          940         1060          0
[2022-12-16 16:48:52]          941          940         1534          0
[2022-12-16 16:48:54]          941          940         2007          0
[2022-12-16 16:48:55]          941          940         2481          0
[2022-12-16 16:48:56]          941          940         2955          0
[2022-12-16 16:48:58]          941          940         3429          0
[2022-12-16 16:48:58] WR-BW(MiB/s) RD-BW(MiB/s)  TESTED(MiB)     ERRORS
[2022-12-16 16:48:59]          941          940         3903          0
[2022-12-16 16:49:01]          941          940          281          0
[2022-12-16 16:49:02]          941          940          754          0
[2022-12-16 16:49:04]          941          940         1228          0
[2022-12-16 16:49:05]          941          940         1702          0
[2022-12-16 16:49:07]          941          940         2176          0
[2022-12-16 16:49:08]          941          940         2650          0
[2022-12-16 16:49:10]          941          940         3124          0
[2022-12-16 16:49:10] WR-BW(MiB/s) RD-BW(MiB/s)  TESTED(MiB)     ERRORS
[2022-12-16 16:49:11]          940          940         3597          0
[2022-12-16 16:49:12]          941          940         4071          0
[2022-12-16 16:49:14]          941          940          449          0
[2022-12-16 16:49:15]          941          940          923          0
[2022-12-16 16:49:17]          941          940         1397          0
[2022-12-16 16:49:18]          941          940         1871          0
[2022-12-16 16:49:20]          941          940         2345          0
[2022-12-16 16:49:21]          941          940         2818          0
[2022-12-16 16:49:21] WR-BW(MiB/s) RD-BW(MiB/s)  TESTED(MiB)     ERRORS
[2022-12-16 16:49:23]          940          940         3292          0
[2022-12-16 16:49:24]          941          940         3766          0
[2022-12-16 16:49:26]          941          940          144          0
[2022-12-16 16:49:27]          941          940          618          0
[2022-12-16 16:49:28]          941          940         1092          0
[2022-12-16 16:49:30]          941          940         1565          0
[2022-12-16 16:49:31]          941          940         2039          0
[2022-12-16 16:49:33]          941          940         2513          0
[2022-12-16 16:49:33] WR-BW(MiB/s) RD-BW(MiB/s)  TESTED(MiB)     ERRORS
[2022-12-16 16:49:34]          940          940         2987          0
[2022-12-16 16:49:36]          941          940         3461          0
[2022-12-16 16:49:37]          941          940         3935          0
[2022-12-16 16:49:39]          941          940          312          0
[2022-12-16 16:49:40]          941          940          786          0
[2022-12-16 16:49:41]          941          940         1260          0
[2022-12-16 16:49:43]          941          940         1734          0
[2022-12-16 16:49:44]          941          940         2208          0
[2022-12-16 16:49:44] WR-BW(MiB/s) RD-BW(MiB/s)  TESTED(MiB)     ERRORS
[2022-12-16 16:49:46]          941          940         2682          0
[2022-12-16 16:49:47]          941          940         3155          0
[2022-12-16 16:49:49]          941          940         3629          0
[2022-12-16 16:49:50]          941          940            7          0
[2022-12-16 16:49:52]          941          940          481          0
[2022-12-16 16:49:53]          941          940          955          0
[2022-12-16 16:49:55]          941          940         1429          0
[2022-12-16 16:49:56]          941          940         1902          0
[2022-12-16 16:49:56] WR-BW(MiB/s) RD-BW(MiB/s)  TESTED(MiB)     ERRORS
[2022-12-16 16:49:57]          941          940         2376          0
[2022-12-16 16:49:59]          941          940         2850          0
[2022-12-16 16:50:00]          941          940         3324          0
[2022-12-16 16:50:02]          941          940         3798          0
[2022-12-16 16:50:03]          941          940          176          0
[2022-12-16 16:50:05]          941          940          649          0
[2022-12-16 16:50:06]          941          940         1123          0
[2022-12-16 16:50:08]          941          940         1597          0
[2022-12-16 16:50:08] WR-BW(MiB/s) RD-BW(MiB/s)  TESTED(MiB)     ERRORS
[2022-12-16 16:50:09]          940          940         2071          0
[2022-12-16 16:50:11]          941          940         2545          0
[2022-12-16 16:50:12]          941          940         3019          0
[2022-12-16 16:50:13]          941          940         3492          0
[2022-12-16 16:50:15]          941          940         3966          0
[2022-12-16 16:50:16]          941          940          344          0
[2022-12-16 16:50:18]          941          940          818          0
[2022-12-16 16:50:19]          941          940         1292          0
[2022-12-16 16:50:19] WR-BW(MiB/s) RD-BW(MiB/s)  TESTED(MiB)     ERRORS
[2022-12-16 16:50:21]          941          940         1766          0
[2022-12-16 16:50:22]          941          940         2239          0
[2022-12-16 16:50:24]          941          940         2713          0
[2022-12-16 16:50:25]          941          940         3187          0
[2022-12-16 16:50:26]          941          940         3661          0
[2022-12-16 16:50:28]          941          940           39          0
[2022-12-16 16:50:29]          941          940          513          0
[2022-12-16 16:50:31]          941          940          986          0
[2022-12-16 16:50:31] WR-BW(MiB/s) RD-BW(MiB/s)  TESTED(MiB)     ERRORS
[2022-12-16 16:50:32]          941          940         1460          0
[2022-12-16 16:50:34]          941          940         1934          0
[2022-12-16 16:50:35]          941          940         2408          0
[2022-12-16 16:50:37]          941          940         2882          0
[2022-12-16 16:50:38]          941          940         3356          0
[2022-12-16 16:50:40]          941          940         3829          0
[2022-12-16 16:50:41]          941          940          207          0
[2022-12-16 16:50:42]          941          940          681          0
[2022-12-16 16:50:42] WR-BW(MiB/s) RD-BW(MiB/s)  TESTED(MiB)     ERRORS
[2022-12-16 16:50:44]          940          940         1155          0
[2022-12-16 16:50:45]          941          940         1629          0
[2022-12-16 16:50:47]          941          940         2103          0
[2022-12-16 16:50:48]          941          940         2576          0
[2022-12-16 16:50:50]          941          940         3050          0
[2022-12-16 16:50:51]          941          940         3524          0
[2022-12-16 16:50:53]          941          940         3998          0
[2022-12-16 16:50:54]          941          940          376          0
[2022-12-16 16:50:54] WR-BW(MiB/s) RD-BW(MiB/s)  TESTED(MiB)     ERRORS
[2022-12-16 16:50:56]          941          940          850          0
[2022-12-16 16:50:57]          941          940         1323          0
[2022-12-16 16:50:58]          941          940         1797          0
[2022-12-16 16:51:00]          941          940         2271          0
[2022-12-16 16:51:01]          941          940         2745          0
[2022-12-16 16:51:03]          941          940         3219          0
[2022-12-16 16:51:04]          941          940         3693          0
[2022-12-16 16:51:06]          941          940           70          0
[2022-12-16 16:51:06] WR-BW(MiB/s) RD-BW(MiB/s)  TESTED(MiB)     ERRORS
[2022-12-16 16:51:07]          941          940          544          0
[2022-12-16 16:51:09]          941          940         1018          0
[2022-12-16 16:51:10]          941          940         1492          0
[2022-12-16 16:51:11]          941          940         1966          0
[2022-12-16 16:51:13]          941          940         2440          0
[2022-12-16 16:51:14]          941          940         2913          0
[2022-12-16 16:51:16]          941          940         3387          0
[2022-12-16 16:51:17]          941          940         3861          0
[2022-12-16 16:51:17] WR-BW(MiB/s) RD-BW(MiB/s)  TESTED(MiB)     ERRORS
[2022-12-16 16:51:19]          941          940          239          0
[2022-12-16 16:51:20]          941          940          713          0
[2022-12-16 16:51:22]          941          940         1187          0
[2022-12-16 16:51:23]          941          940         1661          0
[2022-12-16 16:51:25]          941          940         2134          0
[2022-12-16 16:51:26]          941          940         2608          0
[2022-12-16 16:51:27]          941          940         3082          0
[2022-12-16 16:51:29]          941          940         3556          0
[2022-12-16 16:51:29] WR-BW(MiB/s) RD-BW(MiB/s)  TESTED(MiB)     ERRORS
[2022-12-16 16:51:30]          940          940         4030          0
[2022-12-16 16:51:32]          941          940          408          0
[2022-12-16 16:51:33]          941          940          881          0
[2022-12-16 16:51:35]          941          940         1355          0
[2022-12-16 16:51:36]          941          940         1829          0
[2022-12-16 16:51:38]          941          940         2303          0
[2022-12-16 16:51:39]          941          940         2777          0
[2022-12-16 16:51:41]          941          940         3251          0
[2022-12-16 16:51:41] WR-BW(MiB/s) RD-BW(MiB/s)  TESTED(MiB)     ERRORS
[2022-12-16 16:51:42]          940          940         3724          0
[2022-12-16 16:51:43]          941          940          102          0
[2022-12-16 16:51:45]          941          940          576          0
[2022-12-16 16:51:46]          941          940         1050          0
[2022-12-16 16:51:48]          941          940         1524          0
[2022-12-16 16:51:49]          941          940         1998          0
[2022-12-16 16:51:51]          941          940         2471          0
[2022-12-16 16:51:52]          941          940         2945          0
[2022-12-16 16:51:52] WR-BW(MiB/s) RD-BW(MiB/s)  TESTED(MiB)     ERRORS
[2022-12-16 16:51:54]          941          940         3419          0
[2022-12-16 16:51:55]          941          940         3893          0
[2022-12-16 16:51:56]          941          940          271          0
[2022-12-16 16:51:58]          941          940          745          0
[2022-12-16 16:51:59]          941          940         1218          0
[2022-12-16 16:52:01]          941          940         1692          0
[2022-12-16 16:52:02]          941          940         2166          0
[2022-12-16 16:52:04]          941          940         2640          0
[2022-12-16 16:52:04] WR-BW(MiB/s) RD-BW(MiB/s)  TESTED(MiB)     ERRORS
[2022-12-16 16:52:05]          941          940         3114          0
[2022-12-16 16:52:07]          941          940         3588          0
[2022-12-16 16:52:08]          941          940         4061          0
[2022-12-16 16:52:10]          941          940          439          0
[2022-12-16 16:52:11]          941          940          913          0
[2022-12-16 16:52:12]          941          940         1387          0
[2022-12-16 16:52:14]          941          940         1861          0
[2022-12-16 16:52:15]          941          940         2335          0
[2022-12-16 16:52:15] WR-BW(MiB/s) RD-BW(MiB/s)  TESTED(MiB)     ERRORS
[2022-12-16 16:52:17]          940          940         2808          0
[2022-12-16 16:52:18]          941          940         3282          0
[2022-12-16 16:52:20]          941          940         3756          0
[2022-12-16 16:52:21]          941          940          134          0
[2022-12-16 16:52:23]          941          940          608          0
[2022-12-16 16:52:24]          941          940         1082          0
[2022-12-16 16:52:26]          941          940         1555          0
[2022-12-16 16:52:27]          941          940         2029          0
[2022-12-16 16:52:27] WR-BW(MiB/s) RD-BW(MiB/s)  TESTED(MiB)     ERRORS
[2022-12-16 16:52:28]          940          940         2503          0
[2022-12-16 16:52:30]          941          940         2977          0
[2022-12-16 16:52:31]          941          940         3451          0
[2022-12-16 16:52:33]          941          940         3925          0
[2022-12-16 16:52:34]          941          940          302          0
[2022-12-16 16:52:36]          941          940          776          0
[2022-12-16 16:52:37]          941          940         1250          0
[2022-12-16 16:52:39]          941          940         1724          0
[2022-12-16 16:52:39] WR-BW(MiB/s) RD-BW(MiB/s)  TESTED(MiB)     ERRORS
[2022-12-16 16:52:40]          940          940         2198          0
[2022-12-16 16:52:41]          941          940         2672          0
[2022-12-16 16:52:43]          941          940         3145          0
[2022-12-16 16:52:44]          941          940         3619          0
[2022-12-16 16:52:46]          941          940         4093          0
[2022-12-16 16:52:47]          941          940          471          0
[2022-12-16 16:52:49]          941          940          945          0
[2022-12-16 16:52:50]          941          940         1419          0
[2022-12-16 16:52:50] WR-BW(MiB/s) RD-BW(MiB/s)  TESTED(MiB)     ERRORS
[2022-12-16 16:52:52]          941          940         1892          0
[2022-12-16 16:52:53]          941          940         2366          0
[2022-12-16 16:52:55]          941          940         2840          0
[2022-12-16 16:52:56]          941          940         3314          0
[2022-12-16 16:52:57]          941          940         3788          0
[2022-12-16 16:52:59]          941          940          166          0
[2022-12-16 16:53:00]          941          940          639          0
[2022-12-16 16:53:02]          941          940         1113          0
[2022-12-16 16:53:02] WR-BW(MiB/s) RD-BW(MiB/s)  TESTED(MiB)     ERRORS
[2022-12-16 16:53:03]          940          940         1587          0
[2022-12-16 16:53:05]          941          940         2061          0
[2022-12-16 16:53:06]          941          940         2535          0
[2022-12-16 16:53:08]          941          940         3009          0
[2022-12-16 16:53:09]          941          940         3482          0
[2022-12-16 16:53:10]          941          940         3956          0
[2022-12-16 16:53:12]          941          940          334          0
[2022-12-16 16:53:13]          941          940          808          0
[2022-12-16 16:53:13] WR-BW(MiB/s) RD-BW(MiB/s)  TESTED(MiB)     ERRORS
[2022-12-16 16:53:15]          941          940         1282          0
[2022-12-16 16:53:16]          941          940         1756          0
[2022-12-16 16:53:18]          941          940         2229          0
[2022-12-16 16:53:19]          941          940         2703          0
[2022-12-16 16:53:21]          941          940         3177          0
[2022-12-16 16:53:22]          941          940         3651          0
[2022-12-16 16:53:24]          941          940           29          0
[2022-12-16 16:53:25]          941          940          503          0
[2022-12-16 16:53:25] WR-BW(MiB/s) RD-BW(MiB/s)  TESTED(MiB)     ERRORS
[2022-12-16 16:53:26]          941          940          976          0
[2022-12-16 16:53:28]          941          940         1450          0
[2022-12-16 16:53:29]          941          940         1924          0
[2022-12-16 16:53:31]          941          940         2398          0
[2022-12-16 16:53:32]          941          940         2872          0
[2022-12-16 16:53:34]          941          940         3346          0
[2022-12-16 16:53:35]          941          940         3819          0
[2022-12-16 16:53:37]          941          940          197          0
[2022-12-16 16:53:37] WR-BW(MiB/s) RD-BW(MiB/s)  TESTED(MiB)     ERRORS
[2022-12-16 16:53:38]          941          940          671          0
[2022-12-16 16:53:40]          941          940         1145          0
[2022-12-16 16:53:41]          941          940         1619          0
[2022-12-16 16:53:42]          941          940         2093          0
[2022-12-16 16:53:44]          941          940         2567          0
[2022-12-16 16:53:45]          941          940         3040          0
[2022-12-16 16:53:47]          941          940         3514          0
[2022-12-16 16:53:48]          941          940         3988          0
[2022-12-16 16:53:48] WR-BW(MiB/s) RD-BW(MiB/s)  TESTED(MiB)     ERRORS
[2022-12-16 16:53:50]          940          940          366          0
[2022-12-16 16:53:51]          941          940          840          0
[2022-12-16 16:53:53]          941          940         1314          0
[2022-12-16 16:53:54]          941          940         1787          0
[2022-12-16 16:53:55]          941          940         2261          0
[2022-12-16 16:53:57]          941          940         2735          0
[2022-12-16 16:53:58]          941          940         3209          0
[2022-12-16 16:54:00]          941          940         3683          0
[2022-12-16 16:54:00] WR-BW(MiB/s) RD-BW(MiB/s)  TESTED(MiB)     ERRORS
[2022-12-16 16:54:01]          941          940           61          0
[2022-12-16 16:54:03]          941          940          534          0
[2022-12-16 16:54:04]          941          940         1008          0
[2022-12-16 16:54:06]          941          940         1482          0
[2022-12-16 16:54:07]          941          940         1956          0
[2022-12-16 16:54:09]          941          940         2430          0
[2022-12-16 16:54:10]          941          940         2904          0
[2022-12-16 16:54:11]          941          940         3377          0
[2022-12-16 16:54:11] WR-BW(MiB/s) RD-BW(MiB/s)  TESTED(MiB)     ERRORS
[2022-12-16 16:54:13]          941          940         3851          0
[2022-12-16 16:54:14]          941          940          229          0
[2022-12-16 16:54:16]          941          940          703          0
[2022-12-16 16:54:17]          941          940         1177          0
[2022-12-16 16:54:19]          941          940         1651          0
[2022-12-16 16:54:20]          941          940         2124          0
[2022-12-16 16:54:22]          941          940         2598          0
[2022-12-16 16:54:23]          941          940         3072          0
[2022-12-16 16:54:23] WR-BW(MiB/s) RD-BW(MiB/s)  TESTED(MiB)     ERRORS
[2022-12-16 16:54:25]          940          940         3546          0
[2022-12-16 16:54:26]          941          940         4020          0
[2022-12-16 16:54:27]          941          940          398          0
[2022-12-16 16:54:29]          941          940          871          0
[2022-12-16 16:54:30]          941          940         1345          0
[2022-12-16 16:54:32]          941          940         1819          0
[2022-12-16 16:54:33]          941          940         2293          0
[2022-12-16 16:54:35]          941          940         2767          0
[2022-12-16 16:54:35] WR-BW(MiB/s) RD-BW(MiB/s)  TESTED(MiB)     ERRORS
[2022-12-16 16:54:36]          941          940         3241          0
[2022-12-16 16:54:38]          941          940         3714          0
[2022-12-16 16:54:39]          941          940           92          0
[2022-12-16 16:54:40]          941          940          566          0
[2022-12-16 16:54:42]          941          940         1040          0
[2022-12-16 16:54:43]          941          940         1514          0
[2022-12-16 16:54:45]          941          940         1988          0
[2022-12-16 16:54:46]          941          940         2461          0
[2022-12-16 16:54:46] WR-BW(MiB/s) RD-BW(MiB/s)  TESTED(MiB)     ERRORS
[2022-12-16 16:54:48]          941          940         2935          0
[2022-12-16 16:54:49]          941          940         3409          0
[2022-12-16 16:54:51]          941          940         3883          0
[2022-12-16 16:54:52]          941          940          261          0
[2022-12-16 16:54:54]          941          940          735          0
[2022-12-16 16:54:55]          941          940         1208          0
[2022-12-16 16:54:56]          941          940         1682          0
[2022-12-16 16:54:58]          941          940         2156          0
[2022-12-16 16:54:58] WR-BW(MiB/s) RD-BW(MiB/s)  TESTED(MiB)     ERRORS
[2022-12-16 16:54:59]          941          940         2630          0
[2022-12-16 16:55:01]          941          940         3104          0
[2022-12-16 16:55:02]          941          940         3578          0
[2022-12-16 16:55:04]          941          940         4051          0
[2022-12-16 16:55:05]          941          940          429          0
[2022-12-16 16:55:07]          941          940          903          0
[2022-12-16 16:55:08]          941          940         1377          0
[2022-12-16 16:55:10]          941          940         1851          0
[2022-12-16 16:55:10] WR-BW(MiB/s) RD-BW(MiB/s)  TESTED(MiB)     ERRORS
[2022-12-16 16:55:11]          940          940         2325          0
[2022-12-16 16:55:12]          941          940         2798          0
[2022-12-16 16:55:14]          941          940         3272          0
[2022-12-16 16:55:15]          941          940         3746          0
[2022-12-16 16:55:17]          941          940          124          0
[2022-12-16 16:55:18]          941          940          598          0
[2022-12-16 16:55:20]          941          940         1072          0
[2022-12-16 16:55:21]          941          940         1545          0
[2022-12-16 16:55:21] WR-BW(MiB/s) RD-BW(MiB/s)  TESTED(MiB)     ERRORS
[2022-12-16 16:55:23]          941          940         2019          0
[2022-12-16 16:55:24]          941          940         2493          0
[2022-12-16 16:55:25]          941          940         2967          0
[2022-12-16 16:55:27]          941          940         3441          0
[2022-12-16 16:55:28]          941          940         3915          0
[2022-12-16 16:55:30]          941          940          292          0
[2022-12-16 16:55:31]          941          940          766          0
[2022-12-16 16:55:33]          941          940         1240          0
[2022-12-16 16:55:33] WR-BW(MiB/s) RD-BW(MiB/s)  TESTED(MiB)     ERRORS
[2022-12-16 16:55:34]          941          940         1714          0
[2022-12-16 16:55:36]          941          940         2188          0
[2022-12-16 16:55:37]          941          940         2662          0
[2022-12-16 16:55:39]          941          940         3135          0
[2022-12-16 16:55:40]          941          940         3609          0
[2022-12-16 16:55:41]          941          940         4083          0
[2022-12-16 16:55:43]          941          940          461          0
[2022-12-16 16:55:44]          941          940          935          0
[2022-12-16 16:55:44] WR-BW(MiB/s) RD-BW(MiB/s)  TESTED(MiB)     ERRORS
[2022-12-16 16:55:46]          941          940         1409          0
[2022-12-16 16:55:47]          941          940         1882          0
[2022-12-16 16:55:49]          941          940         2356          0
[2022-12-16 16:55:50]          941          940         2830          0
[2022-12-16 16:55:52]          941          940         3304          0
[2022-12-16 16:55:53]          941          940         3778          0
[2022-12-16 16:55:54]          941          940          156          0
[2022-12-16 16:55:56]          941          940          630          0
[2022-12-16 16:55:56] WR-BW(MiB/s) RD-BW(MiB/s)  TESTED(MiB)     ERRORS
[2022-12-16 16:55:57]          941          940         1103          0
[2022-12-16 16:55:59]          941          940         1577          0
[2022-12-16 16:56:00]          941          940         2051          0
[2022-12-16 16:56:02]          941          940         2525          0
[2022-12-16 16:56:03]          941          940         2999          0
[2022-12-16 16:56:05]          941          940         3473          0
[2022-12-16 16:56:06]          941          940         3946          0
[2022-12-16 16:56:08]          941          940          324          0
[2022-12-16 16:56:08] WR-BW(MiB/s) RD-BW(MiB/s)  TESTED(MiB)     ERRORS
[2022-12-16 16:56:09]          941          940          798          0
[2022-12-16 16:56:10]          941          940         1272          0
[2022-12-16 16:56:12]          941          940         1746          0
[2022-12-16 16:56:13]          941          940         2220          0
[2022-12-16 16:56:15]          941          940         2693          0
[2022-12-16 16:56:16]          941          940         3167          0
[2022-12-16 16:56:18]          941          940         3641          0
[2022-12-16 16:56:19]          941          940           19          0
[2022-12-16 16:56:19] WR-BW(MiB/s) RD-BW(MiB/s)  TESTED(MiB)     ERRORS
[2022-12-16 16:56:21]          941          940          493          0
[2022-12-16 16:56:22]          941          940          967          0
[2022-12-16 16:56:24]          941          940         1440          0
[2022-12-16 16:56:25]          941          940         1914          0
[2022-12-16 16:56:26]          941          940         2388          0
[2022-12-16 16:56:28]          941          940         2862          0
[2022-12-16 16:56:29]          941          940         3336          0
[2022-12-16 16:56:31]          941          940         3810          0
[2022-12-16 16:56:31] WR-BW(MiB/s) RD-BW(MiB/s)  TESTED(MiB)     ERRORS
[2022-12-16 16:56:32]          940          940          187          0
[2022-12-16 16:56:34]          941          940          661          0
[2022-12-16 16:56:35]          941          940         1135          0
[2022-12-16 16:56:37]          941          940         1609          0
[2022-12-16 16:56:38]          941          940         2083          0
[2022-12-16 16:56:39]          941          940         2557          0
[2022-12-16 16:56:41]          941          940         3030          0
[2022-12-16 16:56:42]          941          940         3504          0
[2022-12-16 16:56:42] WR-BW(MiB/s) RD-BW(MiB/s)  TESTED(MiB)     ERRORS
[2022-12-16 16:56:44]          940          940         3978          0
[2022-12-16 16:56:45]          941          940          356          0
[2022-12-16 16:56:47]          941          940          830          0
[2022-12-16 16:56:48]          941          940         1304          0
[2022-12-16 16:56:50]          941          940         1777          0
[2022-12-16 16:56:51]          941          940         2251          0
[2022-12-16 16:56:53]          941          940         2725          0
[2022-12-16 16:56:54]          941          940         3199          0
[2022-12-16 16:56:54] WR-BW(MiB/s) RD-BW(MiB/s)  TESTED(MiB)     ERRORS
[2022-12-16 16:56:55]          940          940         3673          0
[2022-12-16 16:56:57]          941          940           51          0
[2022-12-16 16:56:58]          941          940          524          0
[2022-12-16 16:57:00]          941          940          998          0
[2022-12-16 16:57:01]          941          940         1472          0
[2022-12-16 16:57:03]          941          940         1946          0
[2022-12-16 16:57:04]          941          940         2420          0
[2022-12-16 16:57:06]          941          940         2894          0
[2022-12-16 16:57:06] WR-BW(MiB/s) RD-BW(MiB/s)  TESTED(MiB)     ERRORS
[2022-12-16 16:57:07]          940          940         3367          0
[2022-12-16 16:57:09]          941          940         3841          0
[2022-12-16 16:57:10]          941          940          219          0
[2022-12-16 16:57:11]          941          940          693          0
[2022-12-16 16:57:13]          941          940         1167          0
[2022-12-16 16:57:14]          941          940         1641          0
[2022-12-16 16:57:16]          941          940         2114          0
[2022-12-16 16:57:17]          941          940         2588          0
[2022-12-16 16:57:17] WR-BW(MiB/s) RD-BW(MiB/s)  TESTED(MiB)     ERRORS
[2022-12-16 16:57:19]          941          940         3062          0
[2022-12-16 16:57:20]          941          940         3536          0
[2022-12-16 16:57:22]          941          940         4010          0
[2022-12-16 16:57:23]          941          940          388          0
[2022-12-16 16:57:24]          941          940          861          0
[2022-12-16 16:57:26]          941          940         1335          0
[2022-12-16 16:57:27]          941          940         1809          0
[2022-12-16 16:57:29]          941          940         2283          0
[2022-12-16 16:57:29] WR-BW(MiB/s) RD-BW(MiB/s)  TESTED(MiB)     ERRORS
[2022-12-16 16:57:30]          941          940         2757          0
[2022-12-16 16:57:32]          941          940         3231          0
[2022-12-16 16:57:33]          941          940         3704          0
[2022-12-16 16:57:35]          941          940           82          0
[2022-12-16 16:57:36]          941          940          556          0
[2022-12-16 16:57:38]          941          940         1030          0
[2022-12-16 16:57:39]          941          940         1504          0
[2022-12-16 16:57:40]          941          940         1978          0
[2022-12-16 16:57:40] WR-BW(MiB/s) RD-BW(MiB/s)  TESTED(MiB)     ERRORS
[2022-12-16 16:57:42]          941          940         2451          0
[2022-12-16 16:57:43]          941          940         2925          0
[2022-12-16 16:57:45]          941          940         3399          0
[2022-12-16 16:57:46]          941          940         3873          0
[2022-12-16 16:57:48]          941          940          251          0
[2022-12-16 16:57:49]          941          940          725          0
[2022-12-16 16:57:51]          941          940         1198          0
[2022-12-16 16:57:52]          941          940         1672          0
[2022-12-16 16:57:52] WR-BW(MiB/s) RD-BW(MiB/s)  TESTED(MiB)     ERRORS
[2022-12-16 16:57:54]          941          940         2146          0
[2022-12-16 16:57:55]          941          940         2620          0
[2022-12-16 16:57:56]          941          940         3094          0
[2022-12-16 16:57:58]          941          940         3568          0
[2022-12-16 16:57:59]          941          940         4041          0
[2022-12-16 16:58:01]          941          940          419          0
[2022-12-16 16:58:02]          941          940          893          0
[2022-12-16 16:58:04]          941          940         1367          0
[2022-12-16 16:58:04] WR-BW(MiB/s) RD-BW(MiB/s)  TESTED(MiB)     ERRORS
[2022-12-16 16:58:05]          940          940         1841          0
[2022-12-16 16:58:07]          941          940         2315          0
[2022-12-16 16:58:08]          941          940         2788          0
[2022-12-16 16:58:09]          941          940         3262          0
[2022-12-16 16:58:11]          941          940         3736          0
[2022-12-16 16:58:12]          941          940          114          0
[2022-12-16 16:58:14]          941          940          588          0
[2022-12-16 16:58:15]          941          940         1062          0
[2022-12-16 16:58:15] WR-BW(MiB/s) RD-BW(MiB/s)  TESTED(MiB)     ERRORS
[2022-12-16 16:58:17]          940          940         1535          0
[2022-12-16 16:58:18]          941          940         2009          0
[2022-12-16 16:58:20]          941          940         2483          0
[2022-12-16 16:58:21]          941          940         2957          0
[2022-12-16 16:58:23]          941          940         3431          0
[2022-12-16 16:58:24]          941          940         3905          0
[2022-12-16 16:58:25]          941          940          283          0
[2022-12-16 16:58:27]          941          940          756          0
[2022-12-16 16:58:27] WR-BW(MiB/s) RD-BW(MiB/s)  TESTED(MiB)     ERRORS
[2022-12-16 16:58:28]          941          940         1230          0
[2022-12-16 16:58:30]          941          940         1704          0
[2022-12-16 16:58:31]          941          940         2178          0
[2022-12-16 16:58:33]          941          940         2652          0
[2022-12-16 16:58:34]          941          940         3126          0
[2022-12-16 16:58:36]          941          940         3599          0
[2022-12-16 16:58:37]          941          940         4073          0
[2022-12-16 16:58:39]          941          940          451          0
[2022-12-16 16:58:39] WR-BW(MiB/s) RD-BW(MiB/s)  TESTED(MiB)     ERRORS
[2022-12-16 16:58:40]          941          940          925          0
[2022-12-16 16:58:41]          941          940         1399          0
[2022-12-16 16:58:43]          941          940         1873          0
[2022-12-16 16:58:44]          941          940         2346          0
[2022-12-16 16:58:46]          941          940         2820          0
[2022-12-16 16:58:47]          941          940         3294          0
[2022-12-16 16:58:49]          941          940         3768          0
[2022-12-16 16:58:50]          941          940          146          0
[2022-12-16 16:58:50] WR-BW(MiB/s) RD-BW(MiB/s)  TESTED(MiB)     ERRORS
[2022-12-16 16:58:52]          941          940          620          0
[2022-12-16 16:58:53]          941          940         1093          0
[2022-12-16 16:58:54]          941          940         1567          0
[2022-12-16 16:58:56]          941          940         2041          0
[2022-12-16 16:58:57]          941          940         2515          0
[2022-12-16 16:58:59]          941          940         2989          0
[2022-12-16 16:59:00]          941          940         3463          0
[2022-12-16 16:59:02]          941          940         3936          0
[2022-12-16 16:59:02] WR-BW(MiB/s) RD-BW(MiB/s)  TESTED(MiB)     ERRORS
[2022-12-16 16:59:03]          941          940          314          0
[2022-12-16 16:59:05]          941          940          788          0
[2022-12-16 16:59:06]          941          940         1262          0
[2022-12-16 16:59:08]          941          940         1736          0
[2022-12-16 16:59:09]          941          940         2210          0
[2022-12-16 16:59:10]          941          940         2683          0
[2022-12-16 16:59:12]          941          940         3157          0
[2022-12-16 16:59:13]          941          940         3631          0
[2022-12-16 16:59:13] WR-BW(MiB/s) RD-BW(MiB/s)  TESTED(MiB)     ERRORS
[2022-12-16 16:59:15]          940          940            9          0
[2022-12-16 16:59:16]          941          940          483          0
[2022-12-16 16:59:18]          941          940          957          0
[2022-12-16 16:59:19]          941          940         1430          0
[2022-12-16 16:59:21]          941          940         1904          0
[2022-12-16 16:59:22]          941          940         2378          0
[2022-12-16 16:59:24]          941          940         2852          0
[2022-12-16 16:59:25]          941          940         3326          0
[2022-12-16 16:59:25] WR-BW(MiB/s) RD-BW(MiB/s)  TESTED(MiB)     ERRORS
[2022-12-16 16:59:26]          940          940         3800          0
[2022-12-16 16:59:28]          941          940          177          0
[2022-12-16 16:59:29]          941          940          651          0
[2022-12-16 16:59:31]          941          940         1125          0
[2022-12-16 16:59:32]          941          940         1599          0
[2022-12-16 16:59:34]          941          940         2073          0
[2022-12-16 16:59:35]          941          940         2547          0
[2022-12-16 16:59:37]          941          940         3020          0
[2022-12-16 16:59:37] WR-BW(MiB/s) RD-BW(MiB/s)  TESTED(MiB)     ERRORS
[2022-12-16 16:59:38]          941          940         3494          0
[2022-12-16 16:59:39]          941          940         3968          0
[2022-12-16 16:59:41]          941          940          346          0
[2022-12-16 16:59:42]          941          940          820          0
[2022-12-16 16:59:44]          941          940         1294          0
[2022-12-16 16:59:45]          941          940         1767          0
[2022-12-16 16:59:47]          941          940         2241          0
[2022-12-16 16:59:48]          941          940         2715          0
[2022-12-16 16:59:48] WR-BW(MiB/s) RD-BW(MiB/s)  TESTED(MiB)     ERRORS
[2022-12-16 16:59:50]          941          940         3189          0
[2022-12-16 16:59:51]          941          940         3663          0
[2022-12-16 16:59:53]          941          940           41          0
[2022-12-16 16:59:54]          941          940          514          0
[2022-12-16 16:59:55]          941          940          988          0
[2022-12-16 16:59:57]          941          940         1462          0
[2022-12-16 16:59:58]          941          940         1936          0
[2022-12-16 17:00:00]          941          940         2410          0
[2022-12-16 17:00:00] WR-BW(MiB/s) RD-BW(MiB/s)  TESTED(MiB)     ERRORS
[2022-12-16 17:00:01]          941          940         2884          0
[2022-12-16 17:00:03]          941          940         3357          0
[2022-12-16 17:00:04]          941          940         3831          0
[2022-12-16 17:00:06]          941          940          209          0
[2022-12-16 17:00:07]          941          940          683          0
[2022-12-16 17:00:09]          941          940         1157          0
[2022-12-16 17:00:10]          941          940         1631          0
[2022-12-16 17:00:11]          941          940         2105          0
[2022-12-16 17:00:11] WR-BW(MiB/s) RD-BW(MiB/s)  TESTED(MiB)     ERRORS
[2022-12-16 17:00:13]          940          940         2578          0
[2022-12-16 17:00:14]          941          940         3052          0
[2022-12-16 17:00:16]          941          940         3526          0
[2022-12-16 17:00:17]          941          940         4000          0
[2022-12-16 17:00:19]          941          940          378          0
[2022-12-16 17:00:20]          941          940          852          0
[2022-12-16 17:00:22]          941          940         1325          0
[2022-12-16 17:00:23]          941          940         1799          0
[2022-12-16 17:00:23] WR-BW(MiB/s) RD-BW(MiB/s)  TESTED(MiB)     ERRORS
[2022-12-16 17:00:25]          941          940         2273          0
[2022-12-16 17:00:26]          941          940         2747          0
[2022-12-16 17:00:27]          941          940         3221          0
[2022-12-16 17:00:29]          941          940         3695          0
[2022-12-16 17:00:30]          941          940           72          0
[2022-12-16 17:00:32]          941          940          546          0
[2022-12-16 17:00:33]          941          940         1020          0
[2022-12-16 17:00:35]          941          940         1494          0
[2022-12-16 17:00:35] WR-BW(MiB/s) RD-BW(MiB/s)  TESTED(MiB)     ERRORS
[2022-12-16 17:00:36]          941          940         1968          0
[2022-12-16 17:00:38]          941          940         2442          0
[2022-12-16 17:00:39]          941          940         2915          0
[2022-12-16 17:00:40]          941          940         3389          0
[2022-12-16 17:00:42]          941          940         3863          0
[2022-12-16 17:00:43]          941          940          241          0
[2022-12-16 17:00:45]          941          940          715          0
[2022-12-16 17:00:46]          941          940         1189          0
[2022-12-16 17:00:46] WR-BW(MiB/s) RD-BW(MiB/s)  TESTED(MiB)     ERRORS
[2022-12-16 17:00:48]          941          940         1662          0
[2022-12-16 17:00:49]          941          940         2136          0
[2022-12-16 17:00:51]          941          940         2610          0
[2022-12-16 17:00:52]          941          940         3084          0
[2022-12-16 17:00:54]          941          940         3558          0
[2022-12-16 17:00:55]          941          940         4032          0
[2022-12-16 17:00:56]          941          940          409          0
[2022-12-16 17:00:58]          941          940          883          0
[2022-12-16 17:00:58] WR-BW(MiB/s) RD-BW(MiB/s)  TESTED(MiB)     ERRORS
[2022-12-16 17:00:59]          941          940         1357          0
[2022-12-16 17:01:01]          941          940         1831          0
[2022-12-16 17:01:02]          941          940         2305          0
[2022-12-16 17:01:04]          941          940         2779          0
[2022-12-16 17:01:05]          941          940         3252          0
[2022-12-16 17:01:07]          941          940         3726          0
[2022-12-16 17:01:08]          941          940          104          0
[2022-12-16 17:01:10]          941          940          578          0
[2022-12-16 17:01:10] WR-BW(MiB/s) RD-BW(MiB/s)  TESTED(MiB)     ERRORS
[2022-12-16 17:01:11]          941          940         1052          0
[2022-12-16 17:01:12]          941          940         1526          0
[2022-12-16 17:01:14]          941          940         1999          0
[2022-12-16 17:01:15]          941          940         2473          0
[2022-12-16 17:01:17]          941          940         2947          0
[2022-12-16 17:01:18]          941          940         3421          0
[2022-12-16 17:01:20]          941          940         3895          0
[2022-12-16 17:01:21]          941          940          273          0
[2022-12-16 17:01:21] WR-BW(MiB/s) RD-BW(MiB/s)  TESTED(MiB)     ERRORS
[2022-12-16 17:01:23]          941          940          746          0
[2022-12-16 17:01:24]          941          940         1220          0
[2022-12-16 17:01:26]          941          940         1694          0
[2022-12-16 17:01:27]          941          940         2168          0
[2022-12-16 17:01:28]          941          940         2642          0
[2022-12-16 17:01:30]          941          940         3116          0
[2022-12-16 17:01:31]          941          940         3589          0
[2022-12-16 17:01:33]          941          940         4063          0
[2022-12-16 17:01:33] WR-BW(MiB/s) RD-BW(MiB/s)  TESTED(MiB)     ERRORS
[2022-12-16 17:01:34]          941          940          441          0
[2022-12-16 17:01:36]          941          940          915          0
[2022-12-16 17:01:37]          941          940         1389          0
[2022-12-16 17:01:39]          941          940         1863          0
[2022-12-16 17:01:40]          941          940         2336          0
[2022-12-16 17:01:42]          941          940         2810          0
[2022-12-16 17:01:43]          941          940         3284          0
[2022-12-16 17:01:44]          941          940         3758          0
[2022-12-16 17:01:44] WR-BW(MiB/s) RD-BW(MiB/s)  TESTED(MiB)     ERRORS
[2022-12-16 17:01:46]          940          940          136          0
[2022-12-16 17:01:47]          941          940          610          0
[2022-12-16 17:01:49]          941          940         1083          0
[2022-12-16 17:01:50]          941          940         1557          0
[2022-12-16 17:01:52]          941          940         2031          0
[2022-12-16 17:01:53]          941          940         2505          0
[2022-12-16 17:01:55]          941          940         2979          0
[2022-12-16 17:01:56]          941          940         3453          0
[2022-12-16 17:01:56] WR-BW(MiB/s) RD-BW(MiB/s)  TESTED(MiB)     ERRORS
[2022-12-16 17:01:57]          940          940         3926          0
[2022-12-16 17:01:59]          941          940          304          0
[2022-12-16 17:02:00]          941          940          778          0
[2022-12-16 17:02:02]          941          940         1252          0
[2022-12-16 17:02:03]          941          940         1726          0
[2022-12-16 17:02:05]          941          940         2200          0
[2022-12-16 17:02:06]          941          940         2673          0
[2022-12-16 17:02:08]          941          940         3147          0
[2022-12-16 17:02:08] WR-BW(MiB/s) RD-BW(MiB/s)  TESTED(MiB)     ERRORS
[2022-12-16 17:02:09]          940          940         3621          0
[2022-12-16 17:02:11]          941          940         4095          0
[2022-12-16 17:02:12]          941          940          473          0
[2022-12-16 17:02:13]          941          940          947          0
[2022-12-16 17:02:15]          941          940         1420          0
[2022-12-16 17:02:16]          941          940         1894          0
[2022-12-16 17:02:18]          941          940         2368          0
[2022-12-16 17:02:19]          941          940         2842          0
[2022-12-16 17:02:19] WR-BW(MiB/s) RD-BW(MiB/s)  TESTED(MiB)     ERRORS
[2022-12-16 17:02:21]          941          940         3316          0
[2022-12-16 17:02:22]          941          940         3790          0
[2022-12-16 17:02:24]          941          940          167          0
[2022-12-16 17:02:25]          941          940          641          0
[2022-12-16 17:02:27]          941          940         1115          0
[2022-12-16 17:02:28]          941          940         1589          0
[2022-12-16 17:02:29]          941          940         2063          0
[2022-12-16 17:02:31]          941          940         2537          0
[2022-12-16 17:02:31] WR-BW(MiB/s) RD-BW(MiB/s)  TESTED(MiB)     ERRORS
[2022-12-16 17:02:32]          940          940         3011          0
[2022-12-16 17:02:34]          941          940         3484          0
[2022-12-16 17:02:35]          941          940         3958          0
[2022-12-16 17:02:37]          941          940          336          0
[2022-12-16 17:02:38]          941          940          810          0
[2022-12-16 17:02:40]          941          940         1284          0
[2022-12-16 17:02:41]          941          940         1758          0
[2022-12-16 17:02:43]          941          940         2231          0
[2022-12-16 17:02:43] WR-BW(MiB/s) RD-BW(MiB/s)  TESTED(MiB)     ERRORS
[2022-12-16 17:02:44]          940          940         2705          0
[2022-12-16 17:02:45]          941          940         3179          0
[2022-12-16 17:02:47]          941          940         3653          0
[2022-12-16 17:02:48]          941          940           31          0
[2022-12-16 17:02:50]          941          940          505          0
[2022-12-16 17:02:51]          941          940          978          0
[2022-12-16 17:02:53]          941          940         1452          0
[2022-12-16 17:02:54]          941          940         1926          0
[2022-12-16 17:02:54] WR-BW(MiB/s) RD-BW(MiB/s)  TESTED(MiB)     ERRORS
[2022-12-16 17:02:56]          940          940         2400          0
[2022-12-16 17:02:57]          941          940         2874          0
[2022-12-16 17:02:58]          941          940         3348          0
[2022-12-16 17:03:00]          941          940         3821          0
[2022-12-16 17:03:01]          941          940          199          0
[2022-12-16 17:03:03]          941          940          673          0
[2022-12-16 17:03:04]          941          940         1147          0
[2022-12-16 17:03:06]          941          940         1621          0
[2022-12-16 17:03:06] WR-BW(MiB/s) RD-BW(MiB/s)  TESTED(MiB)     ERRORS
[2022-12-16 17:03:07]          941          940         2095          0
[2022-12-16 17:03:09]          941          940         2568          0
[2022-12-16 17:03:10]          941          940         3042          0
[2022-12-16 17:03:12]          941          940         3516          0
[2022-12-16 17:03:13]          941          940         3990          0
[2022-12-16 17:03:14]          941          940          368          0
[2022-12-16 17:03:16]          941          940          842          0
[2022-12-16 17:03:17]          941          940         1315          0
[2022-12-16 17:03:17] WR-BW(MiB/s) RD-BW(MiB/s)  TESTED(MiB)     ERRORS
[2022-12-16 17:03:19]          941          940         1789          0
[2022-12-16 17:03:20]          941          940         2263          0
[2022-12-16 17:03:22]          941          940         2737          0
[2022-12-16 17:03:23]          941          940         3211          0
[2022-12-16 17:03:25]          941          940         3685          0
[2022-12-16 17:03:26]          941          940           62          0
[2022-12-16 17:03:28]          941          940          536          0
[2022-12-16 17:03:29]          941          940         1010          0
[2022-12-16 17:03:29] WR-BW(MiB/s) RD-BW(MiB/s)  TESTED(MiB)     ERRORS
[2022-12-16 17:03:30]          941          940         1484          0
[2022-12-16 17:03:32]          941          940         1958          0
[2022-12-16 17:03:33]          941          940         2432          0
[2022-12-16 17:03:35]          941          940         2905          0
[2022-12-16 17:03:36]          941          940         3379          0
[2022-12-16 17:03:38]          941          940         3853          0
[2022-12-16 17:03:39]          941          940          231          0
[2022-12-16 17:03:41]          941          940          705          0
[2022-12-16 17:03:41] WR-BW(MiB/s) RD-BW(MiB/s)  TESTED(MiB)     ERRORS
[2022-12-16 17:03:42]          940          940         1179          0
[2022-12-16 17:03:43]          941          940         1652          0
[2022-12-16 17:03:45]          941          940         2126          0
[2022-12-16 17:03:46]          941          940         2600          0
[2022-12-16 17:03:48]          941          940         3074          0
[2022-12-16 17:03:49]          941          940         3548          0
[2022-12-16 17:03:51]          941          940         4022          0
[2022-12-16 17:03:52]          941          940          399          0
[2022-12-16 17:03:52] WR-BW(MiB/s) RD-BW(MiB/s)  TESTED(MiB)     ERRORS
[2022-12-16 17:03:54]          941          940          873          0
[2022-12-16 17:03:55]          941          940         1347          0
[2022-12-16 17:03:57]          941          940         1821          0
[2022-12-16 17:03:58]          941          940         2295          0
[2022-12-16 17:03:59]          941          940         2769          0
[2022-12-16 17:04:01]          941          940         3242          0
[2022-12-16 17:04:02]          941          940         3716          0
[2022-12-16 17:04:04]          941          940           94          0
[2022-12-16 17:04:04] WR-BW(MiB/s) RD-BW(MiB/s)  TESTED(MiB)     ERRORS
[2022-12-16 17:04:05]          941          940          568          0
[2022-12-16 17:04:07]          941          940         1042          0
[2022-12-16 17:04:08]          941          940         1516          0
[2022-12-16 17:04:10]          941          940         1989          0
[2022-12-16 17:04:11]          941          940         2463          0
[2022-12-16 17:04:13]          941          940         2937          0
[2022-12-16 17:04:14]          941          940         3411          0
[2022-12-16 17:04:15]          941          940         3885          0
[2022-12-16 17:04:15] WR-BW(MiB/s) RD-BW(MiB/s)  TESTED(MiB)     ERRORS
[2022-12-16 17:04:17]          940          940          263          0
[2022-12-16 17:04:18]          941          940          736          0
[2022-12-16 17:04:20]          941          940         1210          0
[2022-12-16 17:04:21]          941          940         1684          0
[2022-12-16 17:04:23]          941          940         2158          0
[2022-12-16 17:04:24]          941          940         2632          0
[2022-12-16 17:04:26]          941          940         3106          0
[2022-12-16 17:04:27]          941          940         3579          0
[2022-12-16 17:04:27] WR-BW(MiB/s) RD-BW(MiB/s)  TESTED(MiB)     ERRORS
[2022-12-16 17:04:29]          940          940         4053          0
[2022-12-16 17:04:30]          941          940          431          0
[2022-12-16 17:04:31]          941          940          905          0
[2022-12-16 17:04:33]          941          940         1379          0
[2022-12-16 17:04:34]          941          940         1853          0
[2022-12-16 17:04:36]          941          940         2326          0
[2022-12-16 17:04:37]          941          940         2800          0
[2022-12-16 17:04:39]          941          940         3274          0
[2022-12-16 17:04:39] WR-BW(MiB/s) RD-BW(MiB/s)  TESTED(MiB)     ERRORS
[2022-12-16 17:04:40]          940          940         3748          0
[2022-12-16 17:04:42]          941          940          126          0
[2022-12-16 17:04:43]          941          940          600          0
[2022-12-16 17:04:44]          941          940         1074          0
[2022-12-16 17:04:46]          941          940         1547          0
[2022-12-16 17:04:47]          941          940         2021          0
[2022-12-16 17:04:49]          941          940         2495          0
[2022-12-16 17:04:50]          941          940         2969          0
[2022-12-16 17:04:50] WR-BW(MiB/s) RD-BW(MiB/s)  TESTED(MiB)     ERRORS
[2022-12-16 17:04:52]          940          940         3443          0
[2022-12-16 17:04:53]          941          940         3917          0
[2022-12-16 17:04:55]          941          940          294          0
[2022-12-16 17:04:56]          941          940          768          0
[2022-12-16 17:04:58]          941          940         1242          0
[2022-12-16 17:04:59]          941          940         1716          0
[2022-12-16 17:05:00]          941          940         2190          0
[2022-12-16 17:05:02]          941          940         2664          0
[2022-12-16 17:05:02] WR-BW(MiB/s) RD-BW(MiB/s)  TESTED(MiB)     ERRORS
[2022-12-16 17:05:03]          940          940         3137          0
[2022-12-16 17:05:05]          941          940         3611          0
[2022-12-16 17:05:06]          941          940         4085          0
[2022-12-16 17:05:08]          941          940          463          0
[2022-12-16 17:05:09]          941          940          937          0
[2022-12-16 17:05:11]          941          940         1411          0
[2022-12-16 17:05:12]          941          940         1884          0
[2022-12-16 17:05:14]          941          940         2358          0
[2022-12-16 17:05:14] WR-BW(MiB/s) RD-BW(MiB/s)  TESTED(MiB)     ERRORS
[2022-12-16 17:05:15]          940          940         2832          0
[2022-12-16 17:05:16]          941          940         3306          0
[2022-12-16 17:05:18]          941          940         3780          0
[2022-12-16 17:05:19]          941          940          158          0
[2022-12-16 17:05:21]          941          940          631          0
[2022-12-16 17:05:22]          941          940         1105          0
[2022-12-16 17:05:24]          941          940         1579          0
[2022-12-16 17:05:25]          941          940         2053          0
[2022-12-16 17:05:25] WR-BW(MiB/s) RD-BW(MiB/s)  TESTED(MiB)     ERRORS
[2022-12-16 17:05:27]          941          940         2527          0
[2022-12-16 17:05:28]          941          940         3001          0
[2022-12-16 17:05:29]          941          940         3474          0
[2022-12-16 17:05:31]          941          940         3948          0
[2022-12-16 17:05:32]          941          940          326          0
[2022-12-16 17:05:34]          941          940          800          0
[2022-12-16 17:05:35]          941          940         1274          0
[2022-12-16 17:05:37]          941          940         1748          0
[2022-12-16 17:05:37] WR-BW(MiB/s) RD-BW(MiB/s)  TESTED(MiB)     ERRORS
[2022-12-16 17:05:38]          940          940         2221          0
[2022-12-16 17:05:40]          941          940         2695          0
[2022-12-16 17:05:41]          941          940         3169          0
[2022-12-16 17:05:43]          941          940         3643          0
[2022-12-16 17:05:44]          941          940           21          0
[2022-12-16 17:05:45]          941          940          495          0
[2022-12-16 17:05:47]          941          940          968          0
[2022-12-16 17:05:48]          941          940         1442          0
[2022-12-16 17:05:48] WR-BW(MiB/s) RD-BW(MiB/s)  TESTED(MiB)     ERRORS
[2022-12-16 17:05:50]          940          940         1916          0
[2022-12-16 17:05:51]          941          940         2390          0
[2022-12-16 17:05:53]          941          940         2864          0
[2022-12-16 17:05:54]          941          940         3338          0
[2022-12-16 17:05:56]          941          940         3811          0
[2022-12-16 17:05:57]          941          940          189          0
[2022-12-16 17:05:59]          941          940          663          0
[2022-12-16 17:06:00]          941          940         1137          0
[2022-12-16 17:06:00] WR-BW(MiB/s) RD-BW(MiB/s)  TESTED(MiB)     ERRORS
[2022-12-16 17:06:01]          941          940         1611          0
[2022-12-16 17:06:03]          941          940         2085          0
[2022-12-16 17:06:04]          941          940         2558          0
[2022-12-16 17:06:06]          941          940         3032          0
[2022-12-16 17:06:07]          941          940         3506          0
[2022-12-16 17:06:09]          941          940         3980          0
[2022-12-16 17:06:10]          941          940          358          0
[2022-12-16 17:06:12]          941          940          832          0
[2022-12-16 17:06:12] WR-BW(MiB/s) RD-BW(MiB/s)  TESTED(MiB)     ERRORS
[2022-12-16 17:06:13]          941          940         1305          0
[2022-12-16 17:06:15]          941          940         1779          0
[2022-12-16 17:06:16]          941          940         2253          0
[2022-12-16 17:06:17]          941          940         2727          0
[2022-12-16 17:06:19]          941          940         3201          0
[2022-12-16 17:06:20]          941          940         3675          0
[2022-12-16 17:06:22]          941          940           52          0
[2022-12-16 17:06:23]          941          940          526          0
[2022-12-16 17:06:23] WR-BW(MiB/s) RD-BW(MiB/s)  TESTED(MiB)     ERRORS
[2022-12-16 17:06:25]          941          940         1000          0
[2022-12-16 17:06:26]          941          940         1474          0
[2022-12-16 17:06:28]          941          940         1948          0
[2022-12-16 17:06:29]          941          940         2422          0
[2022-12-16 17:06:30]          941          940         2895          0
[2022-12-16 17:06:32]          941          940         3369          0
[2022-12-16 17:06:33]          941          940         3843          0
[2022-12-16 17:06:35]          941          940          221          0
[2022-12-16 17:06:35] WR-BW(MiB/s) RD-BW(MiB/s)  TESTED(MiB)     ERRORS
[2022-12-16 17:06:36]          941          940          695          0
[2022-12-16 17:06:38]          941          940         1169          0
[2022-12-16 17:06:39]          941          940         1642          0
[2022-12-16 17:06:41]          941          940         2116          0
[2022-12-16 17:06:42]          941          940         2590          0
[2022-12-16 17:06:44]          941          940         3064          0
[2022-12-16 17:06:45]          941          940         3538          0
[2022-12-16 17:06:46]          941          940         4012          0
[2022-12-16 17:06:46] WR-BW(MiB/s) RD-BW(MiB/s)  TESTED(MiB)     ERRORS
[2022-12-16 17:06:48]          941          940          390          0
[2022-12-16 17:06:49]          941          940          863          0
[2022-12-16 17:06:51]          941          940         1337          0
[2022-12-16 17:06:52]          941          940         1811          0
[2022-12-16 17:06:54]          941          940         2285          0
[2022-12-16 17:06:55]          941          940         2759          0
[2022-12-16 17:06:57]          941          940         3233          0
[2022-12-16 17:06:58]          941          940         3706          0
[2022-12-16 17:06:58] WR-BW(MiB/s) RD-BW(MiB/s)  TESTED(MiB)     ERRORS
[2022-12-16 17:07:00]          940          940           84          0
[2022-12-16 17:07:01]          941          940          558          0
[2022-12-16 17:07:02]          941          940         1032          0
[2022-12-16 17:07:04]          941          940         1506          0
[2022-12-16 17:07:05]          941          940         1980          0
[2022-12-16 17:07:07]          941          940         2453          0
[2022-12-16 17:07:08]          941          940         2927          0
[2022-12-16 17:07:10]          941          940         3401          0
[2022-12-16 17:07:10] WR-BW(MiB/s) RD-BW(MiB/s)  TESTED(MiB)     ERRORS
[2022-12-16 17:07:11]          940          940         3875          0
[2022-12-16 17:07:13]          941          940          253          0
[2022-12-16 17:07:14]          941          940          727          0
[2022-12-16 17:07:15]          941          940         1200          0
[2022-12-16 17:07:17]          941          940         1674          0
[2022-12-16 17:07:18]          941          940         2148          0
[2022-12-16 17:07:20]          941          940         2622          0
[2022-12-16 17:07:21]          941          940         3096          0
[2022-12-16 17:07:21] WR-BW(MiB/s) RD-BW(MiB/s)  TESTED(MiB)     ERRORS
[2022-12-16 17:07:23]          941          940         3570          0
[2022-12-16 17:07:24]          941          940         4043          0
[2022-12-16 17:07:26]          941          940          421          0
[2022-12-16 17:07:27]          941          940          895          0
[2022-12-16 17:07:29]          941          940         1369          0
[2022-12-16 17:07:30]          941          940         1843          0
[2022-12-16 17:07:31]          941          940         2317          0
[2022-12-16 17:07:33]          941          940         2790          0
[2022-12-16 17:07:33] WR-BW(MiB/s) RD-BW(MiB/s)  TESTED(MiB)     ERRORS
[2022-12-16 17:07:34]          941          940         3264          0
[2022-12-16 17:07:36]          941          940         3738          0
[2022-12-16 17:07:37]          941          940          116          0
[2022-12-16 17:07:39]          941          940          590          0
[2022-12-16 17:07:40]          941          940         1064          0
[2022-12-16 17:07:42]          941          940         1537          0
[2022-12-16 17:07:43]          941          940         2011          0
[2022-12-16 17:07:45]          941          940         2485          0
[2022-12-16 17:07:45] WR-BW(MiB/s) RD-BW(MiB/s)  TESTED(MiB)     ERRORS
[2022-12-16 17:07:46]          940          940         2959          0
[2022-12-16 17:07:47]          941          940         3433          0
[2022-12-16 17:07:49]          941          940         3907          0
[2022-12-16 17:07:50]          941          940          284          0
[2022-12-16 17:07:52]          941          940          758          0
[2022-12-16 17:07:53]          941          940         1232          0
[2022-12-16 17:07:55]          941          940         1706          0
[2022-12-16 17:07:56]          941          940         2180          0
[2022-12-16 17:07:56] WR-BW(MiB/s) RD-BW(MiB/s)  TESTED(MiB)     ERRORS
[2022-12-16 17:07:58]          941          940         2654          0
[2022-12-16 17:07:59]          941          940         3127          0
[2022-12-16 17:08:00]          941          940         3601          0
[2022-12-16 17:08:02]          941          940         4075          0
[2022-12-16 17:08:03]          941          940          453          0
[2022-12-16 17:08:05]          941          940          927          0
[2022-12-16 17:08:06]          941          940         1401          0
[2022-12-16 17:08:08]          941          940         1874          0
[2022-12-16 17:08:08] WR-BW(MiB/s) RD-BW(MiB/s)  TESTED(MiB)     ERRORS
[2022-12-16 17:08:09]          940          940         2348          0
[2022-12-16 17:08:11]          941          940         2822          0
[2022-12-16 17:08:12]          941          940         3296          0
[2022-12-16 17:08:14]          941          940         3770          0
[2022-12-16 17:08:15]          941          940          148          0
[2022-12-16 17:08:16]          941          940          621          0
[2022-12-16 17:08:18]          941          940         1095          0
[2022-12-16 17:08:19]          941          940         1569          0
[2022-12-16 17:08:19] WR-BW(MiB/s) RD-BW(MiB/s)  TESTED(MiB)     ERRORS
[2022-12-16 17:08:21]          941          940         2043          0
[2022-12-16 17:08:22]          941          940         2517          0
[2022-12-16 17:08:24]          941          940         2991          0
[2022-12-16 17:08:25]          941          940         3464          0
[2022-12-16 17:08:27]          941          940         3938          0
[2022-12-16 17:08:28]          941          940          316          0
[2022-12-16 17:08:30]          941          940          790          0
[2022-12-16 17:08:31]          941          940         1264          0
[2022-12-16 17:08:31] WR-BW(MiB/s) RD-BW(MiB/s)  TESTED(MiB)     ERRORS
[2022-12-16 17:08:32]          940          940         1738          0
[2022-12-16 17:08:34]          941          940         2211          0
[2022-12-16 17:08:35]          941          940         2685          0
[2022-12-16 17:08:37]          941          940         3159          0
[2022-12-16 17:08:38]          941          940         3633          0
[2022-12-16 17:08:40]          941          940           11          0
[2022-12-16 17:08:41]          941          940          485          0
[2022-12-16 17:08:43]          941          940          958          0
[2022-12-16 17:08:43] WR-BW(MiB/s) RD-BW(MiB/s)  TESTED(MiB)     ERRORS
[2022-12-16 17:08:44]          941          940         1432          0
[2022-12-16 17:08:45]          941          940         1906          0
[2022-12-16 17:08:47]          941          940         2380          0
[2022-12-16 17:08:48]          941          940         2854          0
[2022-12-16 17:08:50]          941          940         3328          0
[2022-12-16 17:08:51]          941          940         3801          0
[2022-12-16 17:08:53]          941          940          179          0
[2022-12-16 17:08:54]          941          940          653          0
[2022-12-16 17:08:54] WR-BW(MiB/s) RD-BW(MiB/s)  TESTED(MiB)     ERRORS
[2022-12-16 17:08:56]          941          940         1127          0
[2022-12-16 17:08:57]          941          940         1601          0
[2022-12-16 17:08:59]          941          940         2075          0
[2022-12-16 17:09:00]          941          940         2549          0
[2022-12-16 17:09:01]          941          940         3022          0
[2022-12-16 17:09:03]          941          940         3496          0
[2022-12-16 17:09:04]          941          940         3970          0
[2022-12-16 17:09:06]          941          940          348          0
[2022-12-16 17:09:06] WR-BW(MiB/s) RD-BW(MiB/s)  TESTED(MiB)     ERRORS
[2022-12-16 17:09:07]          940          940          822          0
[2022-12-16 17:09:09]          941          940         1296          0
[2022-12-16 17:09:10]          941          940         1769          0
[2022-12-16 17:09:12]          941          940         2243          0
[2022-12-16 17:09:13]          941          940         2717          0
[2022-12-16 17:09:15]          941          940         3191          0
[2022-12-16 17:09:16]          941          940         3665          0
[2022-12-16 17:09:17]          941          940           43          0
[2022-12-16 17:09:17] WR-BW(MiB/s) RD-BW(MiB/s)  TESTED(MiB)     ERRORS
[2022-12-16 17:09:19]          941          940          516          0
[2022-12-16 17:09:20]          941          940          990          0
[2022-12-16 17:09:22]          941          940         1464          0
[2022-12-16 17:09:23]          941          940         1938          0
[2022-12-16 17:09:25]          941          940         2412          0
[2022-12-16 17:09:26]          941          940         2886          0
[2022-12-16 17:09:28]          941          940         3359          0
[2022-12-16 17:09:29]          941          940         3833          0
[2022-12-16 17:09:29] WR-BW(MiB/s) RD-BW(MiB/s)  TESTED(MiB)     ERRORS
[2022-12-16 17:09:30]          941          940          211          0
[2022-12-16 17:09:32]          941          940          685          0
[2022-12-16 17:09:33]          941          940         1159          0
[2022-12-16 17:09:35]          941          940         1633          0
[2022-12-16 17:09:36]          941          940         2106          0
[2022-12-16 17:09:38]          941          940         2580          0
[2022-12-16 17:09:39]          941          940         3054          0
[2022-12-16 17:09:41]          941          940         3528          0
[2022-12-16 17:09:41] WR-BW(MiB/s) RD-BW(MiB/s)  TESTED(MiB)     ERRORS
[2022-12-16 17:09:42]          940          940         4002          0
[2022-12-16 17:09:44]          941          940          380          0
[2022-12-16 17:09:45]          941          940          853          0
[2022-12-16 17:09:46]          941          940         1327          0
[2022-12-16 17:09:48]          941          940         1801          0
[2022-12-16 17:09:49]          941          940         2275          0
[2022-12-16 17:09:51]          941          940         2749          0
[2022-12-16 17:09:52]          941          940         3223          0
[2022-12-16 17:09:52] WR-BW(MiB/s) RD-BW(MiB/s)  TESTED(MiB)     ERRORS
[2022-12-16 17:09:54]          940          940         3696          0
[2022-12-16 17:09:55]          941          940           74          0
[2022-12-16 17:09:57]          941          940          548          0
[2022-12-16 17:09:58]          941          940         1022          0
[2022-12-16 17:10:00]          941          940         1496          0
[2022-12-16 17:10:01]          941          940         1970          0
[2022-12-16 17:10:02]          941          940         2443          0
[2022-12-16 17:10:04]          941          940         2917          0
[2022-12-16 17:10:04] WR-BW(MiB/s) RD-BW(MiB/s)  TESTED(MiB)     ERRORS
[2022-12-16 17:10:05]          941          940         3391          0
[2022-12-16 17:10:07]          941          940         3865          0
[2022-12-16 17:10:08]          941          940          243          0
[2022-12-16 17:10:10]          941          940          717          0
[2022-12-16 17:10:11]          941          940         1190          0
[2022-12-16 17:10:13]          941          940         1664          0
[2022-12-16 17:10:14]          941          940         2138          0
[2022-12-16 17:10:16]          941          940         2612          0
[2022-12-16 17:10:16] WR-BW(MiB/s) RD-BW(MiB/s)  TESTED(MiB)     ERRORS
[2022-12-16 17:10:17]          941          940         3086          0
[2022-12-16 17:10:18]          941          940         3560          0
[2022-12-16 17:10:20]          941          940         4033          0
[2022-12-16 17:10:21]          941          940          411          0
[2022-12-16 17:10:23]          941          940          885          0
[2022-12-16 17:10:24]          941          940         1359          0
[2022-12-16 17:10:26]          941          940         1833          0
[2022-12-16 17:10:27]          941          940         2307          0
[2022-12-16 17:10:27] WR-BW(MiB/s) RD-BW(MiB/s)  TESTED(MiB)     ERRORS
[2022-12-16 17:10:29]          940          940         2780          0
[2022-12-16 17:10:30]          941          940         3254          0
[2022-12-16 17:10:31]          941          940         3728          0
[2022-12-16 17:10:33]          941          940          106          0
[2022-12-16 17:10:34]          941          940          580          0
[2022-12-16 17:10:36]          941          940         1054          0
[2022-12-16 17:10:37]          941          940         1527          0
[2022-12-16 17:10:39]          941          940         2001          0
[2022-12-16 17:10:39] WR-BW(MiB/s) RD-BW(MiB/s)  TESTED(MiB)     ERRORS
[2022-12-16 17:10:40]          940          940         2475          0
[2022-12-16 17:10:42]          941          940         2949          0
[2022-12-16 17:10:43]          941          940         3423          0
[2022-12-16 17:10:45]          941          940         3897          0
[2022-12-16 17:10:46]          941          940          274          0
[2022-12-16 17:10:47]          941          940          748          0
[2022-12-16 17:10:49]          941          940         1222          0
[2022-12-16 17:10:50]          941          940         1696          0
[2022-12-16 17:10:50] WR-BW(MiB/s) RD-BW(MiB/s)  TESTED(MiB)     ERRORS
[2022-12-16 17:10:52]          940          940         2170          0
[2022-12-16 17:10:53]          941          940         2644          0
[2022-12-16 17:10:55]          941          940         3117          0
[2022-12-16 17:10:56]          941          940         3591          0
[2022-12-16 17:10:58]          941          940         4065          0
[2022-12-16 17:10:59]          941          940          443          0
[2022-12-16 17:11:01]          941          940          917          0
[2022-12-16 17:11:02]          941          940         1391          0
[2022-12-16 17:11:02] WR-BW(MiB/s) RD-BW(MiB/s)  TESTED(MiB)     ERRORS
[2022-12-16 17:11:03]          941          940         1864          0
[2022-12-16 17:11:05]          941          940         2338          0
[2022-12-16 17:11:06]          941          940         2812          0
[2022-12-16 17:11:08]          941          940         3286          0
[2022-12-16 17:11:09]          941          940         3760          0
[2022-12-16 17:11:11]          941          940          138          0
[2022-12-16 17:11:12]          941          940          611          0
[2022-12-16 17:11:14]          941          940         1085          0
[2022-12-16 17:11:14] WR-BW(MiB/s) RD-BW(MiB/s)  TESTED(MiB)     ERRORS
[2022-12-16 17:11:15]          941          940         1559          0
[2022-12-16 17:11:16]          941          940         2033          0
[2022-12-16 17:11:18]          941          940         2507          0
[2022-12-16 17:11:19]          941          940         2981          0
[2022-12-16 17:11:21]          941          940         3455          0
[2022-12-16 17:11:22]          941          940         3928          0
[2022-12-16 17:11:24]          941          940          306          0
[2022-12-16 17:11:25]          941          940          780          0
[2022-12-16 17:11:25] WR-BW(MiB/s) RD-BW(MiB/s)  TESTED(MiB)     ERRORS
[2022-12-16 17:11:27]          941          940         1254          0
[2022-12-16 17:11:28]          941          940         1728          0
[2022-12-16 17:11:30]          941          940         2202          0
[2022-12-16 17:11:31]          941          940         2675          0
[2022-12-16 17:11:32]          941          940         3149          0
[2022-12-16 17:11:34]          941          940         3623          0
[2022-12-16 17:11:35]          941          940            1          0
[2022-12-16 17:11:37]          941          940          475          0
[2022-12-16 17:11:37] WR-BW(MiB/s) RD-BW(MiB/s)  TESTED(MiB)     ERRORS
[2022-12-16 17:11:38]          941          940          949          0
[2022-12-16 17:11:40]          941          940         1422          0
[2022-12-16 17:11:41]          941          940         1896          0
[2022-12-16 17:11:43]          941          940         2370          0
[2022-12-16 17:11:44]          941          940         2844          0
[2022-12-16 17:11:46]          941          940         3318          0
[2022-12-16 17:11:47]          941          940         3792          0
[2022-12-16 17:11:48]          941          940          169          0
[2022-12-16 17:11:48] WR-BW(MiB/s) RD-BW(MiB/s)  TESTED(MiB)     ERRORS
[2022-12-16 17:11:50]          941          940          643          0
[2022-12-16 17:11:51]          941          940         1117          0
[2022-12-16 17:11:53]          941          940         1591          0
[2022-12-16 17:11:54]          941          940         2065          0
[2022-12-16 17:11:56]          941          940         2539          0
[2022-12-16 17:11:57]          941          940         3012          0
[2022-12-16 17:11:59]          941          940         3486          0
[2022-12-16 17:12:00]          941          940         3960          0
[2022-12-16 17:12:00] WR-BW(MiB/s) RD-BW(MiB/s)  TESTED(MiB)     ERRORS
[2022-12-16 17:12:01]          940          940          338          0
[2022-12-16 17:12:03]          941          940          812          0
[2022-12-16 17:12:04]          941          940         1286          0
[2022-12-16 17:12:06]          941          940         1759          0
[2022-12-16 17:12:07]          941          940         2233          0
[2022-12-16 17:12:09]          941          940         2707          0
[2022-12-16 17:12:10]          941          940         3181          0
[2022-12-16 17:12:12]          941          940         3655          0
[2022-12-16 17:12:12] WR-BW(MiB/s) RD-BW(MiB/s)  TESTED(MiB)     ERRORS
[2022-12-16 17:12:13]          940          940           33          0
[2022-12-16 17:12:15]          941          940          506          0
[2022-12-16 17:12:16]          941          940          980          0
[2022-12-16 17:12:17]          941          940         1454          0
[2022-12-16 17:12:19]          941          940         1928          0
[2022-12-16 17:12:20]          941          940         2402          0
[2022-12-16 17:12:22]          941          940         2876          0
[2022-12-16 17:12:23]          941          940         3349          0
[2022-12-16 17:12:23] WR-BW(MiB/s) RD-BW(MiB/s)  TESTED(MiB)     ERRORS
[2022-12-16 17:12:25]          940          940         3823          0
[2022-12-16 17:12:26]          941          940          201          0
[2022-12-16 17:12:28]          941          940          675          0
[2022-12-16 17:12:29]          941          940         1149          0
[2022-12-16 17:12:31]          941          940         1623          0
[2022-12-16 17:12:32]          941          940         2096          0
[2022-12-16 17:12:33]          941          940         2570          0
[2022-12-16 17:12:35]          941          940         3044          0
[2022-12-16 17:12:35] WR-BW(MiB/s) RD-BW(MiB/s)  TESTED(MiB)     ERRORS
[2022-12-16 17:12:36]          941          940         3518          0
[2022-12-16 17:12:38]          941          940         3992          0
[2022-12-16 17:12:39]          941          940          370          0
[2022-12-16 17:12:41]          941          940          843          0
[2022-12-16 17:12:42]          941          940         1317          0
[2022-12-16 17:12:44]          941          940         1791          0
[2022-12-16 17:12:45]          941          940         2265          0
[2022-12-16 17:12:46]          941          940         2739          0
[2022-12-16 17:12:46] WR-BW(MiB/s) RD-BW(MiB/s)  TESTED(MiB)     ERRORS
[2022-12-16 17:12:48]          940          940         3213          0
[2022-12-16 17:12:49]          941          940         3686          0
[2022-12-16 17:12:51]          941          940           64          0
[2022-12-16 17:12:52]          941          940          538          0
[2022-12-16 17:12:54]          941          940         1012          0
[2022-12-16 17:12:55]          941          940         1486          0
[2022-12-16 17:12:57]          941          940         1960          0
[2022-12-16 17:12:58]          941          940         2433          0
[2022-12-16 17:12:58] WR-BW(MiB/s) RD-BW(MiB/s)  TESTED(MiB)     ERRORS
[2022-12-16 17:13:00]          940          940         2907          0
[2022-12-16 17:13:01]          941          940         3381          0
[2022-12-16 17:13:02]          941          940         3855          0
[2022-12-16 17:13:04]          941          940          233          0
[2022-12-16 17:13:05]          941          940          707          0
[2022-12-16 17:13:07]          941          940         1180          0
[2022-12-16 17:13:08]          941          940         1654          0
[2022-12-16 17:13:10]          941          940         2128          0
[2022-12-16 17:13:10] WR-BW(MiB/s) RD-BW(MiB/s)  TESTED(MiB)     ERRORS
[2022-12-16 17:13:11]          940          940         2602          0
[2022-12-16 17:13:13]          941          940         3076          0
[2022-12-16 17:13:14]          941          940         3550          0
[2022-12-16 17:13:16]          941          940         4023          0
[2022-12-16 17:13:17]          941          940          401          0
[2022-12-16 17:13:18]          941          940          875          0
[2022-12-16 17:13:20]          941          940         1349          0
[2022-12-16 17:13:21]          941          940         1823          0
[2022-12-16 17:13:21] WR-BW(MiB/s) RD-BW(MiB/s)  TESTED(MiB)     ERRORS
[2022-12-16 17:13:23]          940          940         2297          0
[2022-12-16 17:13:24]          941          940         2770          0
[2022-12-16 17:13:26]          941          940         3244          0
[2022-12-16 17:13:27]          941          940         3718          0
[2022-12-16 17:13:29]          941          940           96          0
[2022-12-16 17:13:30]          941          940          570          0
[2022-12-16 17:13:31]          941          940         1044          0
[2022-12-16 17:13:33]          941          940         1518          0
[2022-12-16 17:13:33] WR-BW(MiB/s) RD-BW(MiB/s)  TESTED(MiB)     ERRORS
[2022-12-16 17:13:34]          940          940         1991          0
[2022-12-16 17:13:36]          941          940         2465          0
[2022-12-16 17:13:37]          941          940         2939          0
[2022-12-16 17:13:39]          941          940         3413          0
[2022-12-16 17:13:40]          941          940         3887          0
[2022-12-16 17:13:42]          941          940          265          0
[2022-12-16 17:13:43]          941          940          738          0
[2022-12-16 17:13:45]          941          940         1212          0
[2022-12-16 17:13:45] WR-BW(MiB/s) RD-BW(MiB/s)  TESTED(MiB)     ERRORS
[2022-12-16 17:13:46]          941          940         1686          0
[2022-12-16 17:13:47]          941          940         2160          0
[2022-12-16 17:13:49]          941          940         2634          0
[2022-12-16 17:13:50]          941          940         3108          0
[2022-12-16 17:13:52]          941          940         3581          0
[2022-12-16 17:13:53]          941          940         4055          0
[2022-12-16 17:13:55]          941          940          433          0
[2022-12-16 17:13:56]          941          940          907          0
[2022-12-16 17:13:56] WR-BW(MiB/s) RD-BW(MiB/s)  TESTED(MiB)     ERRORS
[2022-12-16 17:13:58]          941          940         1381          0
[2022-12-16 17:13:59]          941          940         1855          0
[2022-12-16 17:14:01]          941          940         2328          0
[2022-12-16 17:14:02]          941          940         2802          0
[2022-12-16 17:14:03]          941          940         3276          0
[2022-12-16 17:14:05]          941          940         3750          0
[2022-12-16 17:14:06]          941          940          128          0
[2022-12-16 17:14:08]          941          940          602          0
[2022-12-16 17:14:08] WR-BW(MiB/s) RD-BW(MiB/s)  TESTED(MiB)     ERRORS
[2022-12-16 17:14:09]          941          940         1075          0
[2022-12-16 17:14:11]          941          940         1549          0
[2022-12-16 17:14:12]          941          940         2023          0
[2022-12-16 17:14:14]          941          940         2497          0
[2022-12-16 17:14:15]          941          940         2971          0
[2022-12-16 17:14:16]          941          940         3445          0
[2022-12-16 17:14:18]          941          940         3918          0
[2022-12-16 17:14:19]          941          940          296          0
[2022-12-16 17:14:19] WR-BW(MiB/s) RD-BW(MiB/s)  TESTED(MiB)     ERRORS
[2022-12-16 17:14:21]          941          940          770          0
[2022-12-16 17:14:22]          941          940         1244          0
[2022-12-16 17:14:24]          941          940         1718          0
[2022-12-16 17:14:25]          941          940         2192          0
[2022-12-16 17:14:27]          941          940         2665          0
[2022-12-16 17:14:28]          941          940         3139          0
[2022-12-16 17:14:30]          941          940         3613          0
[2022-12-16 17:14:31]          941          940         4087          0
[2022-12-16 17:14:31] WR-BW(MiB/s) RD-BW(MiB/s)  TESTED(MiB)     ERRORS
[2022-12-16 17:14:32]          940          940          465          0
[2022-12-16 17:14:34]          941          940          939          0
[2022-12-16 17:14:35]          941          940         1412          0
[2022-12-16 17:14:37]          941          940         1886          0
[2022-12-16 17:14:38]          941          940         2360          0
[2022-12-16 17:14:40]          941          940         2834          0
[2022-12-16 17:14:41]          941          940         3308          0
[2022-12-16 17:14:43]          941          940         3782          0
[2022-12-16 17:14:43] WR-BW(MiB/s) RD-BW(MiB/s)  TESTED(MiB)     ERRORS
[2022-12-16 17:14:44]          941          940          159          0
[2022-12-16 17:14:46]          941          940          633          0
[2022-12-16 17:14:47]          941          940         1107          0
[2022-12-16 17:14:48]          941          940         1581          0
[2022-12-16 17:14:50]          941          940         2055          0
[2022-12-16 17:14:51]          941          940         2529          0
[2022-12-16 17:14:53]          941          940         3002          0
[2022-12-16 17:14:54]          941          940         3476          0
[2022-12-16 17:14:54] WR-BW(MiB/s) RD-BW(MiB/s)  TESTED(MiB)     ERRORS
[2022-12-16 17:14:56]          940          940         3950          0
[2022-12-16 17:14:57]          941          940          328          0
[2022-12-16 17:14:59]          941          940          802          0
[2022-12-16 17:15:00]          941          940         1276          0
[2022-12-16 17:15:01]          941          940         1749          0
[2022-12-16 17:15:03]          941          940         2223          0
[2022-12-16 17:15:04]          941          940         2697          0
[2022-12-16 17:15:06]          941          940         3171          0
[2022-12-16 17:15:06] WR-BW(MiB/s) RD-BW(MiB/s)  TESTED(MiB)     ERRORS
[2022-12-16 17:15:07]          940          940         3645          0
[2022-12-16 17:15:09]          941          940           23          0
[2022-12-16 17:15:10]          941          940          496          0
[2022-12-16 17:15:12]          941          940          970          0
[2022-12-16 17:15:13]          941          940         1444          0
[2022-12-16 17:15:15]          941          940         1918          0
[2022-12-16 17:15:16]          941          940         2392          0
[2022-12-16 17:15:17]          941          940         2866          0
[2022-12-16 17:15:17] WR-BW(MiB/s) RD-BW(MiB/s)  TESTED(MiB)     ERRORS
[2022-12-16 17:15:19]          940          940         3339          0
[2022-12-16 17:15:20]          941          940         3813          0
[2022-12-16 17:15:22]          941          940          191          0
[2022-12-16 17:15:23]          941          940          665          0
[2022-12-16 17:15:25]          941          940         1139          0
[2022-12-16 17:15:26]          941          940         1613          0
[2022-12-16 17:15:28]          941          940         2086          0
[2022-12-16 17:15:29]          941          940         2560          0
[2022-12-16 17:15:29] WR-BW(MiB/s) RD-BW(MiB/s)  TESTED(MiB)     ERRORS
[2022-12-16 17:15:31]          941          940         3034          0
[2022-12-16 17:15:32]          941          940         3508          0
[2022-12-16 17:15:33]          941          940         3982          0
[2022-12-16 17:15:35]          941          940          360          0
[2022-12-16 17:15:36]          941          940          834          0
[2022-12-16 17:15:38]          941          940         1307          0
[2022-12-16 17:15:39]          941          940         1781          0
[2022-12-16 17:15:41]          941          940         2255          0
[2022-12-16 17:15:41] WR-BW(MiB/s) RD-BW(MiB/s)  TESTED(MiB)     ERRORS
[2022-12-16 17:15:42]          940          940         2729          0
[2022-12-16 17:15:44]          941          940         3203          0
[2022-12-16 17:15:45]          941          940         3677          0
[2022-12-16 17:15:46]          941          940           54          0
[2022-12-16 17:15:48]          941          940          528          0
[2022-12-16 17:15:49]          941          940         1002          0
[2022-12-16 17:15:51]          941          940         1476          0
[2022-12-16 17:15:52]          941          940         1950          0
[2022-12-16 17:15:52] WR-BW(MiB/s) RD-BW(MiB/s)  TESTED(MiB)     ERRORS
[2022-12-16 17:15:54]          940          940         2424          0
[2022-12-16 17:15:55]          941          940         2897          0
[2022-12-16 17:15:57]          941          940         3371          0
[2022-12-16 17:15:58]          941          940         3845          0
[2022-12-16 17:16:00]          941          940          223          0
[2022-12-16 17:16:01]          941          940          697          0
[2022-12-16 17:16:02]          941          940         1171          0
[2022-12-16 17:16:04]          941          940         1644          0
[2022-12-16 17:16:04] WR-BW(MiB/s) RD-BW(MiB/s)  TESTED(MiB)     ERRORS
[2022-12-16 17:16:05]          941          940         2118          0
[2022-12-16 17:16:07]          941          940         2592          0
[2022-12-16 17:16:08]          941          940         3066          0
[2022-12-16 17:16:10]          941          940         3540          0
[2022-12-16 17:16:11]          941          940         4014          0
[2022-12-16 17:16:13]          941          940          391          0
[2022-12-16 17:16:14]          941          940          865          0
[2022-12-16 17:16:16]          941          940         1339          0
[2022-12-16 17:16:16] WR-BW(MiB/s) RD-BW(MiB/s)  TESTED(MiB)     ERRORS
[2022-12-16 17:16:17]          940          940         1813          0
[2022-12-16 17:16:18]          941          940         2287          0
[2022-12-16 17:16:20]          941          940         2761          0
[2022-12-16 17:16:21]          941          940         3234          0
[2022-12-16 17:16:23]          941          940         3708          0
[2022-12-16 17:16:24]          941          940           86          0
[2022-12-16 17:16:26]          941          940          560          0
[2022-12-16 17:16:27]          941          940         1034          0
[2022-12-16 17:16:27] WR-BW(MiB/s) RD-BW(MiB/s)  TESTED(MiB)     ERRORS
[2022-12-16 17:16:29]          941          940         1508          0
[2022-12-16 17:16:30]          941          940         1981          0
[2022-12-16 17:16:31]          941          940         2455          0
[2022-12-16 17:16:33]          941          940         2929          0
[2022-12-16 17:16:34]          941          940         3403          0
[2022-12-16 17:16:36]          941          940         3877          0
[2022-12-16 17:16:37]          941          940          255          0
[2022-12-16 17:16:39]          941          940          728          0
[2022-12-16 17:16:39] WR-BW(MiB/s) RD-BW(MiB/s)  TESTED(MiB)     ERRORS
[2022-12-16 17:16:40]          941          940         1202          0
[2022-12-16 17:16:42]          941          940         1676          0
[2022-12-16 17:16:43]          941          940         2150          0
[2022-12-16 17:16:44]          941          940         2624          0
[2022-12-16 17:16:46]          941          940         3098          0
[2022-12-16 17:16:47]          941          940         3571          0
[2022-12-16 17:16:49]          941          940         4045          0
[2022-12-16 17:16:50]          941          940          423          0
[2022-12-16 17:16:50] WR-BW(MiB/s) RD-BW(MiB/s)  TESTED(MiB)     ERRORS
[2022-12-16 17:16:52]          940          940          897          0
[2022-12-16 17:16:53]          941          940         1371          0
[2022-12-16 17:16:55]          941          940         1845          0
[2022-12-16 17:16:56]          941          940         2318          0
[2022-12-16 17:16:57]          941          940         2792          0
[2022-12-16 17:16:59]          941          940         3266          0
[2022-12-16 17:17:00]          941          940         3740          0
[2022-12-16 17:17:02]          941          940          118          0
[2022-12-16 17:17:02] WR-BW(MiB/s) RD-BW(MiB/s)  TESTED(MiB)     ERRORS
[2022-12-16 17:17:03]          941          940          592          0
[2022-12-16 17:17:05]          941          940         1065          0
[2022-12-16 17:17:06]          941          940         1539          0
[2022-12-16 17:17:08]          941          940         2013          0
[2022-12-16 17:17:09]          941          940         2487          0
[2022-12-16 17:17:11]          941          940         2961          0
[2022-12-16 17:17:12]          941          940         3435          0
[2022-12-16 17:17:13]          941          940         3908          0
[2022-12-16 17:17:13] WR-BW(MiB/s) RD-BW(MiB/s)  TESTED(MiB)     ERRORS
[2022-12-16 17:17:15]          940          940          286          0
[2022-12-16 17:17:16]          941          940          760          0
[2022-12-16 17:17:18]          941          940         1234          0
[2022-12-16 17:17:19]          941          940         1708          0
[2022-12-16 17:17:21]          941          940         2182          0
[2022-12-16 17:17:22]          941          940         2655          0
[2022-12-16 17:17:24]          941          940         3129          0
[2022-12-16 17:17:25]          941          940         3603          0
[2022-12-16 17:17:25] WR-BW(MiB/s) RD-BW(MiB/s)  TESTED(MiB)     ERRORS
[2022-12-16 17:17:26]          940          940         4077          0
[2022-12-16 17:17:28]          941          940          455          0
[2022-12-16 17:17:29]          941          940          929          0
[2022-12-16 17:17:31]          941          940         1402          0
[2022-12-16 17:17:32]          941          940         1876          0
[2022-12-16 17:17:34]          941          940         2350          0
[2022-12-16 17:17:35]          941          940         2824          0
[2022-12-16 17:17:37]          941          940         3298          0
[2022-12-16 17:17:37] WR-BW(MiB/s) RD-BW(MiB/s)  TESTED(MiB)     ERRORS
[2022-12-16 17:17:38]          940          940         3772          0
[2022-12-16 17:17:40]          941          940          149          0
[2022-12-16 17:17:41]          941          940          623          0
[2022-12-16 17:17:42]          941          940         1097          0
[2022-12-16 17:17:44]          941          940         1571          0
[2022-12-16 17:17:45]          941          940         2045          0
[2022-12-16 17:17:47]          941          940         2519          0
[2022-12-16 17:17:48]          941          940         2993          0
[2022-12-16 17:17:48] WR-BW(MiB/s) RD-BW(MiB/s)  TESTED(MiB)     ERRORS
[2022-12-16 17:17:50]          941          940         3466          0
[2022-12-16 17:17:51]          941          940         3940          0
[2022-12-16 17:17:53]          941          940          318          0
[2022-12-16 17:17:54]          941          940          792          0
[2022-12-16 17:17:55]          941          940         1266          0
[2022-12-16 17:17:57]          941          940         1740          0
[2022-12-16 17:17:58]          941          940         2213          0
[2022-12-16 17:18:00]          941          940         2687          0
[2022-12-16 17:18:00] WR-BW(MiB/s) RD-BW(MiB/s)  TESTED(MiB)     ERRORS
[2022-12-16 17:18:01]          941          940         3161          0
[2022-12-16 17:18:03]          941          940         3635          0
[2022-12-16 17:18:04]          941          940           13          0
[2022-12-16 17:18:06]          941          940          487          0
[2022-12-16 17:18:07]          941          940          960          0
[2022-12-16 17:18:09]          941          940         1434          0
[2022-12-16 17:18:10]          941          940         1908          0
[2022-12-16 17:18:11]          941          940         2382          0
[2022-12-16 17:18:11] WR-BW(MiB/s) RD-BW(MiB/s)  TESTED(MiB)     ERRORS
[2022-12-16 17:18:13]          940          940         2856          0
[2022-12-16 17:18:14]          941          940         3330          0
[2022-12-16 17:18:16]          941          940         3803          0
[2022-12-16 17:18:17]          941          940          181          0
[2022-12-16 17:18:19]          941          940          655          0
[2022-12-16 17:18:20]          941          940         1129          0
[2022-12-16 17:18:22]          941          940         1603          0
[2022-12-16 17:18:23]          941          940         2077          0
[2022-12-16 17:18:23] WR-BW(MiB/s) RD-BW(MiB/s)  TESTED(MiB)     ERRORS
[2022-12-16 17:18:25]          941          940         2550          0
[2022-12-16 17:18:26]          941          940         3024          0
[2022-12-16 17:18:27]          941          940         3498          0
[2022-12-16 17:18:29]          941          940         3972          0
[2022-12-16 17:18:30]          941          940          350          0
[2022-12-16 17:18:32]          941          940          824          0
[2022-12-16 17:18:33]          941          940         1297          0
[2022-12-16 17:18:35]          941          940         1771          0
[2022-12-16 17:18:35] WR-BW(MiB/s) RD-BW(MiB/s)  TESTED(MiB)     ERRORS
[2022-12-16 17:18:36]          940          940         2245          0
[2022-12-16 17:18:38]          941          940         2719          0
[2022-12-16 17:18:39]          941          940         3193          0
[2022-12-16 17:18:40]          941          940         3667          0
[2022-12-16 17:18:42]          941          940           44          0
[2022-12-16 17:18:43]          941          940          518          0
[2022-12-16 17:18:45]          941          940          992          0
[2022-12-16 17:18:46]          941          940         1466          0
[2022-12-16 17:18:46] WR-BW(MiB/s) RD-BW(MiB/s)  TESTED(MiB)     ERRORS
[2022-12-16 17:18:48]          940          940         1940          0
[2022-12-16 17:18:49]          941          940         2414          0
[2022-12-16 17:18:51]          941          940         2887          0
[2022-12-16 17:18:52]          941          940         3361          0
[2022-12-16 17:18:53]          941          940         3835          0
[2022-12-16 17:18:55]          941          940          213          0
[2022-12-16 17:18:56]          941          940          687          0
[2022-12-16 17:18:58]          941          940         1161          0
[2022-12-16 17:18:58] WR-BW(MiB/s) RD-BW(MiB/s)  TESTED(MiB)     ERRORS
[2022-12-16 17:18:59]          941          940         1634          0
[2022-12-16 17:19:01]          941          940         2108          0
[2022-12-16 17:19:02]          941          940         2582          0
[2022-12-16 17:19:04]          941          940         3056          0
[2022-12-16 17:19:05]          941          940         3530          0
[2022-12-16 17:19:06]          941          940         4004          0
[2022-12-16 17:19:08]          941          940          381          0
[2022-12-16 17:19:09]          941          940          855          0
[2022-12-16 17:19:09] WR-BW(MiB/s) RD-BW(MiB/s)  TESTED(MiB)     ERRORS
[2022-12-16 17:19:11]          941          940         1329          0
[2022-12-16 17:19:12]          941          940         1803          0
[2022-12-16 17:19:14]          941          940         2277          0
[2022-12-16 17:19:15]          941          940         2751          0
[2022-12-16 17:19:17]          941          940         3224          0
[2022-12-16 17:19:18]          941          940         3698          0
[2022-12-16 17:19:20]          941          940           76          0
[2022-12-16 17:19:21]          941          940          550          0
[2022-12-16 17:19:21] WR-BW(MiB/s) RD-BW(MiB/s)  TESTED(MiB)     ERRORS
[2022-12-16 17:19:22]          941          940         1024          0
[2022-12-16 17:19:24]          941          940         1498          0
[2022-12-16 17:19:25]          941          940         1971          0
[2022-12-16 17:19:27]          941          940         2445          0
[2022-12-16 17:19:28]          941          940         2919          0
[2022-12-16 17:19:30]          941          940         3393          0
[2022-12-16 17:19:31]          941          940         3867          0
[2022-12-16 17:19:33]          941          940          245          0
[2022-12-16 17:19:33] WR-BW(MiB/s) RD-BW(MiB/s)  TESTED(MiB)     ERRORS
[2022-12-16 17:19:34]          941          940          718          0
[2022-12-16 17:19:35]          941          940         1192          0
[2022-12-16 17:19:37]          941          940         1666          0
[2022-12-16 17:19:38]          941          940         2140          0
[2022-12-16 17:19:40]          941          940         2614          0
[2022-12-16 17:19:41]          941          940         3088          0
[2022-12-16 17:19:43]          941          940         3561          0
[2022-12-16 17:19:44]          941          940         4035          0
[2022-12-16 17:19:44] WR-BW(MiB/s) RD-BW(MiB/s)  TESTED(MiB)     ERRORS
[2022-12-16 17:19:46]          941          940          413          0
[2022-12-16 17:19:47]          941          940          887          0
[2022-12-16 17:19:49]          941          940         1361          0
[2022-12-16 17:19:50]          941          940         1835          0
[2022-12-16 17:19:51]          941          940         2309          0
[2022-12-16 17:19:53]          941          940         2782          0
[2022-12-16 17:19:54]          941          940         3256          0
[2022-12-16 17:19:56]          941          940         3730          0
[2022-12-16 17:19:56] WR-BW(MiB/s) RD-BW(MiB/s)  TESTED(MiB)     ERRORS
[2022-12-16 17:19:57]          940          940          108          0
[2022-12-16 17:19:59]          941          940          582          0
[2022-12-16 17:20:00]          941          940         1056          0
[2022-12-16 17:20:02]          941          940         1529          0
[2022-12-16 17:20:03]          941          940         2003          0
[2022-12-16 17:20:05]          941          940         2477          0
[2022-12-16 17:20:06]          941          940         2951          0
[2022-12-16 17:20:07]          941          940         3425          0
[2022-12-16 17:20:07] WR-BW(MiB/s) RD-BW(MiB/s)  TESTED(MiB)     ERRORS
[2022-12-16 17:20:09]          940          940         3899          0
[2022-12-16 17:20:10]          941          940          276          0
[2022-12-16 17:20:12]          941          940          750          0
[2022-12-16 17:20:13]          941          940         1224          0
[2022-12-16 17:20:15]          941          940         1698          0
[2022-12-16 17:20:16]          941          940         2172          0
[2022-12-16 17:20:18]          941          940         2646          0
[2022-12-16 17:20:19]          941          940         3119          0
[2022-12-16 17:20:19] WR-BW(MiB/s) RD-BW(MiB/s)  TESTED(MiB)     ERRORS
[2022-12-16 17:20:21]          941          940         3593          0
[2022-12-16 17:20:22]          941          940         4067          0
[2022-12-16 17:20:24]          941          940          445          0
[2022-12-16 17:20:25]          941          940          919          0
[2022-12-16 17:20:26]          941          940         1393          0
[2022-12-16 17:20:28]          941          940         1866          0
[2022-12-16 17:20:29]          941          940         2340          0
[2022-12-16 17:20:31]          941          940         2814          0
[2022-12-16 17:20:31] WR-BW(MiB/s) RD-BW(MiB/s)  TESTED(MiB)     ERRORS
[2022-12-16 17:20:32]          940          940         3288          0
[2022-12-16 17:20:34]          941          940         3762          0
[2022-12-16 17:20:35]          941          940          140          0
[2022-12-16 17:20:37]          941          940          613          0
[2022-12-16 17:20:38]          941          940         1087          0
[2022-12-16 17:20:40]          941          940         1561          0
[2022-12-16 17:20:41]          941          940         2035          0
[2022-12-16 17:20:42]          941          940         2509          0
[2022-12-16 17:20:42] WR-BW(MiB/s) RD-BW(MiB/s)  TESTED(MiB)     ERRORS
[2022-12-16 17:20:44]          940          940         2983          0
[2022-12-16 17:20:45]          941          940         3456          0
[2022-12-16 17:20:47]          941          940         3930          0
[2022-12-16 17:20:48]          941          940          308          0
[2022-12-16 17:20:50]          941          940          782          0
[2022-12-16 17:20:51]          941          940         1256          0
[2022-12-16 17:20:53]          941          940         1730          0
[2022-12-16 17:20:54]          941          940         2203          0
[2022-12-16 17:20:54] WR-BW(MiB/s) RD-BW(MiB/s)  TESTED(MiB)     ERRORS
[2022-12-16 17:20:56]          940          940         2677          0
[2022-12-16 17:20:57]          941          940         3151          0
[2022-12-16 17:20:58]          941          940         3625          0
[2022-12-16 17:21:00]          941          940            3          0
[2022-12-16 17:21:01]          941          940          477          0
[2022-12-16 17:21:03]          941          940          950          0
[2022-12-16 17:21:04]          941          940         1424          0
[2022-12-16 17:21:06]          941          940         1898          0
[2022-12-16 17:21:06] WR-BW(MiB/s) RD-BW(MiB/s)  TESTED(MiB)     ERRORS
[2022-12-16 17:21:07]          940          940         2372          0
[2022-12-16 17:21:09]          941          940         2846          0
[2022-12-16 17:21:10]          941          940         3320          0
[2022-12-16 17:21:11]          941          940         3793          0
[2022-12-16 17:21:13]          941          940          171          0
[2022-12-16 17:21:14]          941          940          645          0
[2022-12-16 17:21:16]          941          940         1119          0
[2022-12-16 17:21:17]          941          940         1593          0
[2022-12-16 17:21:17] WR-BW(MiB/s) RD-BW(MiB/s)  TESTED(MiB)     ERRORS
[2022-12-16 17:21:19]          940          940         2067          0
[2022-12-16 17:21:20]          941          940         2540          0
[2022-12-16 17:21:22]          941          940         3014          0
[2022-12-16 17:21:23]          941          940         3488          0
[2022-12-16 17:21:25]          941          940         3962          0
[2022-12-16 17:21:26]          941          940          340          0
[2022-12-16 17:21:27]          941          940          814          0
[2022-12-16 17:21:29]          941          940         1287          0
[2022-12-16 17:21:29] WR-BW(MiB/s) RD-BW(MiB/s)  TESTED(MiB)     ERRORS
[2022-12-16 17:21:30]          941          940         1761          0
[2022-12-16 17:21:32]          941          940         2235          0
[2022-12-16 17:21:33]          941          940         2709          0
[2022-12-16 17:21:35]          941          940         3183          0
[2022-12-16 17:21:36]          941          940         3657          0
[2022-12-16 17:21:38]          941          940           34          0
[2022-12-16 17:21:39]          941          940          508          0
[2022-12-16 17:21:41]          941          940          982          0
[2022-12-16 17:21:41] WR-BW(MiB/s) RD-BW(MiB/s)  TESTED(MiB)     ERRORS
[2022-12-16 17:21:42]          941          940         1456          0
[2022-12-16 17:21:43]          941          940         1930          0
[2022-12-16 17:21:45]          941          940         2404          0
[2022-12-16 17:21:46]          941          940         2877          0
[2022-12-16 17:21:48]          941          940         3351          0
[2022-12-16 17:21:49]          941          940         3825          0
[2022-12-16 17:21:51]          941          940          203          0
[2022-12-16 17:21:52]          941          940          677          0
[2022-12-16 17:21:52] WR-BW(MiB/s) RD-BW(MiB/s)  TESTED(MiB)     ERRORS
[2022-12-16 17:21:54]          941          940         1151          0
[2022-12-16 17:21:55]          941          940         1624          0
[2022-12-16 17:21:56]          941          940         2098          0
[2022-12-16 17:21:58]          941          940         2572          0
[2022-12-16 17:21:59]          941          940         3046          0
[2022-12-16 17:22:01]          941          940         3520          0
[2022-12-16 17:22:02]          941          940         3994          0
[2022-12-16 17:22:04]          941          940          372          0
[2022-12-16 17:22:04] WR-BW(MiB/s) RD-BW(MiB/s)  TESTED(MiB)     ERRORS
[2022-12-16 17:22:05]          941          940          845          0
[2022-12-16 17:22:07]          941          940         1319          0
[2022-12-16 17:22:08]          941          940         1793          0
[2022-12-16 17:22:10]          941          940         2267          0
[2022-12-16 17:22:11]          941          940         2741          0
[2022-12-16 17:22:12]          941          940         3215          0
[2022-12-16 17:22:14]          941          940         3688          0
[2022-12-16 17:22:15]          941          940           66          0
[2022-12-16 17:22:15] WR-BW(MiB/s) RD-BW(MiB/s)  TESTED(MiB)     ERRORS
[2022-12-16 17:22:17]          941          940          540          0
[2022-12-16 17:22:18]          941          940         1014          0
[2022-12-16 17:22:20]          941          940         1488          0
[2022-12-16 17:22:21]          941          940         1962          0
[2022-12-16 17:22:23]          941          940         2435          0
[2022-12-16 17:22:24]          941          940         2909          0
[2022-12-16 17:22:26]          941          940         3383          0
[2022-12-16 17:22:27]          941          940         3857          0
[2022-12-16 17:22:27] WR-BW(MiB/s) RD-BW(MiB/s)  TESTED(MiB)     ERRORS
[2022-12-16 17:22:28]          941          940          235          0
[2022-12-16 17:22:30]          941          940          709          0
[2022-12-16 17:22:31]          941          940         1182          0
[2022-12-16 17:22:33]          941          940         1656          0
[2022-12-16 17:22:34]          941          940         2130          0
[2022-12-16 17:22:36]          941          940         2604          0
[2022-12-16 17:22:37]          941          940         3078          0
[2022-12-16 17:22:39]          941          940         3552          0
[2022-12-16 17:22:39] WR-BW(MiB/s) RD-BW(MiB/s)  TESTED(MiB)     ERRORS
[2022-12-16 17:22:40]          940          940         4025          0
[2022-12-16 17:22:41]          941          940          403          0
[2022-12-16 17:22:43]          941          940          877          0
[2022-12-16 17:22:44]          941          940         1351          0
[2022-12-16 17:22:46]          941          940         1825          0
[2022-12-16 17:22:47]          941          940         2299          0
[2022-12-16 17:22:49]          941          940         2772          0
[2022-12-16 17:22:50]          941          940         3246          0
[2022-12-16 17:22:50] WR-BW(MiB/s) RD-BW(MiB/s)  TESTED(MiB)     ERRORS
[2022-12-16 17:22:52]          940          940         3720          0
[2022-12-16 17:22:53]          941          940           98          0
[2022-12-16 17:22:55]          941          940          572          0
[2022-12-16 17:22:56]          941          940         1046          0
[2022-12-16 17:22:57]          941          940         1519          0
[2022-12-16 17:22:59]          941          940         1993          0
[2022-12-16 17:23:00]          941          940         2467          0
[2022-12-16 17:23:02]          941          940         2941          0
[2022-12-16 17:23:02] WR-BW(MiB/s) RD-BW(MiB/s)  TESTED(MiB)     ERRORS
[2022-12-16 17:23:03]          941          940         3415          0
[2022-12-16 17:23:05]          941          940         3889          0
[2022-12-16 17:23:06]          941          940          266          0
[2022-12-16 17:23:08]          941          940          740          0
[2022-12-16 17:23:09]          941          940         1214          0
[2022-12-16 17:23:11]          941          940         1688          0
[2022-12-16 17:23:12]          941          940         2162          0
[2022-12-16 17:23:13]          941          940         2636          0
[2022-12-16 17:23:13] WR-BW(MiB/s) RD-BW(MiB/s)  TESTED(MiB)     ERRORS
[2022-12-16 17:23:15]          940          940         3109          0
[2022-12-16 17:23:16]          941          940         3583          0
[2022-12-16 17:23:18]          941          940         4057          0
[2022-12-16 17:23:19]          941          940          435          0
[2022-12-16 17:23:21]          941          940          909          0
[2022-12-16 17:23:22]          941          940         1383          0
[2022-12-16 17:23:24]          941          940         1856          0
[2022-12-16 17:23:25]          941          940         2330          0
[2022-12-16 17:23:25] WR-BW(MiB/s) RD-BW(MiB/s)  TESTED(MiB)     ERRORS
[2022-12-16 17:23:27]          941          940         2804          0
[2022-12-16 17:23:28]          941          940         3278          0
[2022-12-16 17:23:29]          941          940         3752          0
[2022-12-16 17:23:31]          941          940          130          0
[2022-12-16 17:23:32]          941          940          603          0
[2022-12-16 17:23:34]          941          940         1077          0
[2022-12-16 17:23:35]          941          940         1551          0
[2022-12-16 17:23:37]          941          940         2025          0
[2022-12-16 17:23:37] WR-BW(MiB/s) RD-BW(MiB/s)  TESTED(MiB)     ERRORS
[2022-12-16 17:23:38]          940          940         2499          0
[2022-12-16 17:23:40]          941          940         2973          0
[2022-12-16 17:23:41]          941          940         3446          0
[2022-12-16 17:23:42]          941          940         3920          0
[2022-12-16 17:23:44]          941          940          298          0
[2022-12-16 17:23:45]          941          940          772          0
[2022-12-16 17:23:47]          941          940         1246          0
[2022-12-16 17:23:48]          941          940         1720          0
[2022-12-16 17:23:48] WR-BW(MiB/s) RD-BW(MiB/s)  TESTED(MiB)     ERRORS
[2022-12-16 17:23:50]          941          940         2193          0
[2022-12-16 17:23:51]          941          940         2667          0
[2022-12-16 17:23:53]          941          940         3141          0
[2022-12-16 17:23:54]          941          940         3615          0
[2022-12-16 17:23:56]          941          940         4089          0
[2022-12-16 17:23:57]          941          940          467          0
[2022-12-16 17:23:58]          941          940          940          0
[2022-12-16 17:24:00]          941          940         1414          0
[2022-12-16 17:24:00] WR-BW(MiB/s) RD-BW(MiB/s)  TESTED(MiB)     ERRORS
[2022-12-16 17:24:01]          940          940         1888          0
[2022-12-16 17:24:03]          941          940         2362          0
[2022-12-16 17:24:04]          941          940         2836          0
[2022-12-16 17:24:06]          941          940         3310          0
[2022-12-16 17:24:07]          941          940         3783          0
[2022-12-16 17:24:09]          941          940          161          0
[2022-12-16 17:24:10]          941          940          635          0
[2022-12-16 17:24:12]          941          940         1109          0
[2022-12-16 17:24:12] WR-BW(MiB/s) RD-BW(MiB/s)  TESTED(MiB)     ERRORS
[2022-12-16 17:24:13]          941          940         1583          0
[2022-12-16 17:24:14]          941          940         2057          0
[2022-12-16 17:24:16]          941          940         2530          0
[2022-12-16 17:24:17]          941          940         3004          0
[2022-12-16 17:24:19]          941          940         3478          0
[2022-12-16 17:24:20]          941          940         3952          0
[2022-12-16 17:24:22]          941          940          330          0
[2022-12-16 17:24:23]          941          940          804          0
[2022-12-16 17:24:23] WR-BW(MiB/s) RD-BW(MiB/s)  TESTED(MiB)     ERRORS
[2022-12-16 17:24:25]          941          940         1278          0
[2022-12-16 17:24:26]          941          940         1751          0
[2022-12-16 17:24:28]          941          940         2225          0
[2022-12-16 17:24:29]          941          940         2699          0
[2022-12-16 17:24:30]          941          940         3173          0
[2022-12-16 17:24:32]          941          940         3647          0
[2022-12-16 17:24:33]          941          940           25          0
[2022-12-16 17:24:35]          941          940          498          0
[2022-12-16 17:24:35] WR-BW(MiB/s) RD-BW(MiB/s)  TESTED(MiB)     ERRORS
[2022-12-16 17:24:36]          941          940          972          0
[2022-12-16 17:24:38]          941          940         1446          0
[2022-12-16 17:24:39]          941          940         1920          0
[2022-12-16 17:24:41]          941          940         2394          0
[2022-12-16 17:24:42]          941          940         2868          0
[2022-12-16 17:24:43]          941          940         3341          0
[2022-12-16 17:24:45]          941          940         3815          0
[2022-12-16 17:24:46]          941          940          193          0
[2022-12-16 17:24:46] WR-BW(MiB/s) RD-BW(MiB/s)  TESTED(MiB)     ERRORS
[2022-12-16 17:24:48]          941          940          667          0
[2022-12-16 17:24:49]          941          940         1141          0
[2022-12-16 17:24:51]          941          940         1615          0
[2022-12-16 17:24:52]          941          940         2088          0
[2022-12-16 17:24:54]          941          940         2562          0
[2022-12-16 17:24:55]          941          940         3036          0
[2022-12-16 17:24:57]          941          940         3510          0
[2022-12-16 17:24:58]          941          940         3984          0
[2022-12-16 17:24:58] WR-BW(MiB/s) RD-BW(MiB/s)  TESTED(MiB)     ERRORS
[2022-12-16 17:24:59]          940          940          362          0
[2022-12-16 17:25:01]          941          940          835          0
[2022-12-16 17:25:02]          941          940         1309          0
[2022-12-16 17:25:04]          941          940         1783          0
[2022-12-16 17:25:05]          941          940         2257          0
[2022-12-16 17:25:07]          941          940         2731          0
[2022-12-16 17:25:08]          941          940         3205          0
[2022-12-16 17:25:10]          941          940         3678          0
[2022-12-16 17:25:10] WR-BW(MiB/s) RD-BW(MiB/s)  TESTED(MiB)     ERRORS
[2022-12-16 17:25:11]          941          940           56          0
[2022-12-16 17:25:13]          941          940          530          0
[2022-12-16 17:25:14]          941          940         1004          0
[2022-12-16 17:25:15]          941          940         1478          0
[2022-12-16 17:25:17]          941          940         1952          0
[2022-12-16 17:25:18]          941          940         2425          0
[2022-12-16 17:25:20]          941          940         2899          0
[2022-12-16 17:25:21]          941          940         3373          0
[2022-12-16 17:25:21] WR-BW(MiB/s) RD-BW(MiB/s)  TESTED(MiB)     ERRORS
[2022-12-16 17:25:23]          940          940         3847          0
[2022-12-16 17:25:24]          941          940          225          0
[2022-12-16 17:25:26]          941          940          699          0
[2022-12-16 17:25:27]          941          940         1172          0
[2022-12-16 17:25:28]          941          940         1646          0
[2022-12-16 17:25:30]          941          940         2120          0
[2022-12-16 17:25:31]          941          940         2594          0
[2022-12-16 17:25:33]          941          940         3068          0
[2022-12-16 17:25:33] WR-BW(MiB/s) RD-BW(MiB/s)  TESTED(MiB)     ERRORS
[2022-12-16 17:25:34]          940          940         3542          0
[2022-12-16 17:25:36]          941          940         4015          0
[2022-12-16 17:25:37]          941          940          393          0
[2022-12-16 17:25:39]          941          940          867          0
[2022-12-16 17:25:40]          941          940         1341          0
[2022-12-16 17:25:42]          941          940         1815          0
[2022-12-16 17:25:43]          941          940         2289          0
[2022-12-16 17:25:44]          941          940         2762          0
[2022-12-16 17:25:44] WR-BW(MiB/s) RD-BW(MiB/s)  TESTED(MiB)     ERRORS
[2022-12-16 17:25:46]          941          940         3236          0
[2022-12-16 17:25:47]          941          940         3710          0
[2022-12-16 17:25:49]          941          940           88          0
[2022-12-16 17:25:50]          941          940          562          0
[2022-12-16 17:25:51]          941          940         1036          0
[2022-12-16 17:25:53]          941          940         1509          0
[2022-12-16 17:25:54]          941          940         1983          0
[2022-12-16 17:25:56]          941          940         2457          0
[2022-12-16 17:25:56] WR-BW(MiB/s) RD-BW(MiB/s)  TESTED(MiB)     ERRORS
[2022-12-16 17:25:57]          940          940         2931          0
[2022-12-16 17:25:59]          941          940         3405          0
[2022-12-16 17:26:00]          941          940         3879          0
[2022-12-16 17:26:02]          941          940          256          0
[2022-12-16 17:26:03]          941          940          730          0
[2022-12-16 17:26:04]          941          940         1204          0
[2022-12-16 17:26:06]          941          940         1678          0
[2022-12-16 17:26:07]          941          940         2152          0
[2022-12-16 17:26:07] WR-BW(MiB/s) RD-BW(MiB/s)  TESTED(MiB)     ERRORS
[2022-12-16 17:26:09]          941          940         2626          0
[2022-12-16 17:26:10]          941          940         3099          0
[2022-12-16 17:26:12]          941          940         3573          0
[2022-12-16 17:26:13]          941          940         4047          0
[2022-12-16 17:26:15]          941          940          425          0
[2022-12-16 17:26:16]          941          940          899          0
[2022-12-16 17:26:18]          941          940         1373          0
[2022-12-16 17:26:19]          941          940         1846          0
[2022-12-16 17:26:19] WR-BW(MiB/s) RD-BW(MiB/s)  TESTED(MiB)     ERRORS
[2022-12-16 17:26:20]          941          940         2320          0
[2022-12-16 17:26:22]          941          940         2794          0
[2022-12-16 17:26:23]          941          940         3268          0
[2022-12-16 17:26:25]          941          940         3742          0
[2022-12-16 17:26:26]          941          940          120          0
[2022-12-16 17:26:28]          941          940          594          0
[2022-12-16 17:26:29]          941          940         1067          0
[2022-12-16 17:26:31]          941          940         1541          0
[2022-12-16 17:26:31] WR-BW(MiB/s) RD-BW(MiB/s)  TESTED(MiB)     ERRORS
[2022-12-16 17:26:32]          940          940         2015          0
[2022-12-16 17:26:33]          941          940         2489          0
[2022-12-16 17:26:35]          941          940         2963          0
[2022-12-16 17:26:36]          941          940         3437          0
[2022-12-16 17:26:38]          941          940         3910          0
[2022-12-16 17:26:39]          941          940          288          0
[2022-12-16 17:26:41]          941          940          762          0
[2022-12-16 17:26:42]          941          940         1236          0
[2022-12-16 17:26:42] WR-BW(MiB/s) RD-BW(MiB/s)  TESTED(MiB)     ERRORS
[2022-12-16 17:26:44]          941          940         1710          0
[2022-12-16 17:26:45]          941          940         2184          0
[2022-12-16 17:26:47]          941          940         2657          0
[2022-12-16 17:26:48]          941          940         3131          0
[2022-12-16 17:26:49]          941          940         3605          0
[2022-12-16 17:26:51]          941          940         4079          0
[2022-12-16 17:26:52]          941          940          457          0
[2022-12-16 17:26:54]          941          940          931          0
[2022-12-16 17:26:54] WR-BW(MiB/s) RD-BW(MiB/s)  TESTED(MiB)     ERRORS
[2022-12-16 17:26:55]          941          940         1404          0
[2022-12-16 17:26:57]          941          940         1878          0
[2022-12-16 17:26:58]          941          940         2352          0
[2022-12-16 17:27:00]          941          940         2826          0
[2022-12-16 17:27:01]          941          940         3300          0
[2022-12-16 17:27:03]          941          940         3774          0
[2022-12-16 17:27:04]          941          940          151          0
[2022-12-16 17:27:05]          941          940          625          0
[2022-12-16 17:27:05] WR-BW(MiB/s) RD-BW(MiB/s)  TESTED(MiB)     ERRORS
[2022-12-16 17:27:07]          941          940         1099          0
[2022-12-16 17:27:08]          941          940         1573          0
[2022-12-16 17:27:10]          941          940         2047          0
[2022-12-16 17:27:11]          941          940         2521          0
[2022-12-16 17:27:13]          941          940         2994          0
[2022-12-16 17:27:14]          941          940         3468          0
[2022-12-16 17:27:16]          941          940         3942          0
[2022-12-16 17:27:17]          941          940          320          0
[2022-12-16 17:27:17] WR-BW(MiB/s) RD-BW(MiB/s)  TESTED(MiB)     ERRORS
[2022-12-16 17:27:19]          941          940          794          0
[2022-12-16 17:27:20]          941          940         1268          0
[2022-12-16 17:27:21]          941          940         1741          0
[2022-12-16 17:27:23]          941          940         2215          0
[2022-12-16 17:27:24]          941          940         2689          0
[2022-12-16 17:27:26]          941          940         3163          0
[2022-12-16 17:27:27]          941          940         3637          0
[2022-12-16 17:27:29]          941          940           15          0
[2022-12-16 17:27:29] WR-BW(MiB/s) RD-BW(MiB/s)  TESTED(MiB)     ERRORS
[2022-12-16 17:27:30]          941          940          488          0
[2022-12-16 17:27:32]          941          940          962          0
[2022-12-16 17:27:33]          941          940         1436          0
[2022-12-16 17:27:35]          941          940         1910          0
[2022-12-16 17:27:36]          941          940         2384          0
[2022-12-16 17:27:37]          941          940         2858          0
[2022-12-16 17:27:39]          941          940         3331          0
[2022-12-16 17:27:40]          941          940         3805          0
[2022-12-16 17:27:40] WR-BW(MiB/s) RD-BW(MiB/s)  TESTED(MiB)     ERRORS
[2022-12-16 17:27:42]          941          940          183          0
[2022-12-16 17:27:43]          941          940          657          0
[2022-12-16 17:27:45]          941          940         1131          0
[2022-12-16 17:27:46]          941          940         1605          0
[2022-12-16 17:27:48]          941          940         2078          0
[2022-12-16 17:27:49]          941          940         2552          0
[2022-12-16 17:27:50]          941          940         3026          0
[2022-12-16 17:27:52]          941          940         3500          0
[2022-12-16 17:27:52] WR-BW(MiB/s) RD-BW(MiB/s)  TESTED(MiB)     ERRORS
[2022-12-16 17:27:53]          940          940         3974          0
[2022-12-16 17:27:55]          941          940          352          0
[2022-12-16 17:27:56]          941          940          825          0
[2022-12-16 17:27:58]          941          940         1299          0
[2022-12-16 17:27:59]          941          940         1773          0
[2022-12-16 17:28:01]          941          940         2247          0
[2022-12-16 17:28:02]          941          940         2721          0
[2022-12-16 17:28:04]          941          940         3195          0
[2022-12-16 17:28:04] WR-BW(MiB/s) RD-BW(MiB/s)  TESTED(MiB)     ERRORS
[2022-12-16 17:28:05]          941          940         3668          0
[2022-12-16 17:28:06]          941          940           46          0
[2022-12-16 17:28:08]          941          940          520          0
[2022-12-16 17:28:09]          941          940          994          0
[2022-12-16 17:28:11]          941          940         1468          0
[2022-12-16 17:28:12]          941          940         1942          0
[2022-12-16 17:28:14]          941          940         2415          0
[2022-12-16 17:28:15]          941          940         2889          0
[2022-12-16 17:28:15] WR-BW(MiB/s) RD-BW(MiB/s)  TESTED(MiB)     ERRORS
[2022-12-16 17:28:17]          940          940         3363          0
[2022-12-16 17:28:18]          941          940         3837          0
[2022-12-16 17:28:20]          941          940          215          0
[2022-12-16 17:28:21]          941          940          689          0
[2022-12-16 17:28:22]          941          940         1162          0
[2022-12-16 17:28:24]          941          940         1636          0
[2022-12-16 17:28:25]          941          940         2110          0
[2022-12-16 17:28:27]          941          940         2584          0
[2022-12-16 17:28:27] WR-BW(MiB/s) RD-BW(MiB/s)  TESTED(MiB)     ERRORS
[2022-12-16 17:28:28]          940          940         3058          0
[2022-12-16 17:28:30]          941          940         3532          0
[2022-12-16 17:28:31]          941          940         4005          0
[2022-12-16 17:28:33]          941          940          383          0
[2022-12-16 17:28:34]          941          940          857          0
[2022-12-16 17:28:35]          941          940         1331          0
[2022-12-16 17:28:37]          941          940         1805          0
[2022-12-16 17:28:38]          941          940         2279          0
[2022-12-16 17:28:38] WR-BW(MiB/s) RD-BW(MiB/s)  TESTED(MiB)     ERRORS
[2022-12-16 17:28:40]          941          940         2752          0
[2022-12-16 17:28:41]          941          940         3226          0
[2022-12-16 17:28:43]          941          940         3700          0
[2022-12-16 17:28:44]          941          940           78          0
[2022-12-16 17:28:46]          941          940          552          0
[2022-12-16 17:28:47]          941          940         1026          0
[2022-12-16 17:28:49]          941          940         1499          0
[2022-12-16 17:28:50]          941          940         1973          0
[2022-12-16 17:28:50] WR-BW(MiB/s) RD-BW(MiB/s)  TESTED(MiB)     ERRORS
[2022-12-16 17:28:51]          941          940         2447          0
[2022-12-16 17:28:53]          941          940         2921          0
[2022-12-16 17:28:54]          941          940         3395          0
[2022-12-16 17:28:56]          941          940         3869          0
[2022-12-16 17:28:57]          941          940          247          0
[2022-12-16 17:28:59]          941          940          720          0
[2022-12-16 17:29:00]          941          940         1194          0
[2022-12-16 17:29:02]          941          940         1668          0
[2022-12-16 17:29:02] WR-BW(MiB/s) RD-BW(MiB/s)  TESTED(MiB)     ERRORS
[2022-12-16 17:29:03]          940          940         2142          0
[2022-12-16 17:29:05]          941          940         2616          0
[2022-12-16 17:29:06]          941          940         3090          0
[2022-12-16 17:29:07]          941          940         3563          0
[2022-12-16 17:29:09]          941          940         4037          0
[2022-12-16 17:29:10]          941          940          415          0
[2022-12-16 17:29:12]          941          940          889          0
[2022-12-16 17:29:13]          941          940         1363          0
[2022-12-16 17:29:13] WR-BW(MiB/s) RD-BW(MiB/s)  TESTED(MiB)     ERRORS
[2022-12-16 17:29:15]          940          940         1837          0
[2022-12-16 17:29:16]          941          940         2310          0
[2022-12-16 17:29:18]          941          940         2784          0
[2022-12-16 17:29:19]          941          940         3258          0
[2022-12-16 17:29:20]          941          940         3732          0
[2022-12-16 17:29:22]          941          940          110          0
[2022-12-16 17:29:23]          941          940          584          0
[2022-12-16 17:29:25]          941          940         1057          0
[2022-12-16 17:29:25] WR-BW(MiB/s) RD-BW(MiB/s)  TESTED(MiB)     ERRORS
[2022-12-16 17:29:26]          941          940         1531          0
[2022-12-16 17:29:28]          941          940         2005          0
[2022-12-16 17:29:29]          941          940         2479          0
[2022-12-16 17:29:31]          941          940         2953          0
[2022-12-16 17:29:32]          941          940         3427          0
[2022-12-16 17:29:34]          941          940         3900          0
[2022-12-16 17:29:35]          941          940          278          0
[2022-12-16 17:29:36]          941          940          752          0
[2022-12-16 17:29:36] WR-BW(MiB/s) RD-BW(MiB/s)  TESTED(MiB)     ERRORS
[2022-12-16 17:29:38]          941          940         1226          0
[2022-12-16 17:29:39]          941          940         1700          0
[2022-12-16 17:29:41]          941          940         2174          0
[2022-12-16 17:29:42]          941          940         2647          0
[2022-12-16 17:29:44]          941          940         3121          0
[2022-12-16 17:29:45]          941          940         3595          0
[2022-12-16 17:29:47]          941          940         4069          0
[2022-12-16 17:29:48]          941          940          447          0
[2022-12-16 17:29:48] WR-BW(MiB/s) RD-BW(MiB/s)  TESTED(MiB)     ERRORS
[2022-12-16 17:29:50]          941          940          921          0
[2022-12-16 17:29:51]          941          940         1394          0
[2022-12-16 17:29:52]          941          940         1868          0
[2022-12-16 17:29:54]          941          940         2342          0
[2022-12-16 17:29:55]          941          940         2816          0
[2022-12-16 17:29:57]          941          940         3290          0
[2022-12-16 17:29:58]          941          940         3764          0
[2022-12-16 17:30:00]          941          940          141          0
[2022-12-16 17:30:00] WR-BW(MiB/s) RD-BW(MiB/s)  TESTED(MiB)     ERRORS
[2022-12-16 17:30:01]          941          940          615          0
[2022-12-16 17:30:03]          941          940         1089          0
[2022-12-16 17:30:04]          941          940         1563          0
[2022-12-16 17:30:05]          941          940         2037          0
[2022-12-16 17:30:07]          941          940         2511          0
[2022-12-16 17:30:08]          941          940         2984          0
[2022-12-16 17:30:10]          941          940         3458          0
[2022-12-16 17:30:11]          941          940         3932          0
[2022-12-16 17:30:11] WR-BW(MiB/s) RD-BW(MiB/s)  TESTED(MiB)     ERRORS
[2022-12-16 17:30:13]          941          940          310          0
[2022-12-16 17:30:14]          941          940          784          0
[2022-12-16 17:30:16]          941          940         1258          0
[2022-12-16 17:30:17]          941          940         1731          0
[2022-12-16 17:30:19]          941          940         2205          0
[2022-12-16 17:30:20]          941          940         2679          0
[2022-12-16 17:30:21]          941          940         3153          0
[2022-12-16 17:30:23]          941          940         3627          0
[2022-12-16 17:30:23] WR-BW(MiB/s) RD-BW(MiB/s)  TESTED(MiB)     ERRORS
[2022-12-16 17:30:24]          940          940            5          0
[2022-12-16 17:30:26]          941          940          478          0
[2022-12-16 17:30:27]          941          940          952          0
[2022-12-16 17:30:29]          941          940         1426          0
[2022-12-16 17:30:30]          941          940         1900          0
[2022-12-16 17:30:32]          941          940         2374          0
[2022-12-16 17:30:33]          941          940         2848          0
[2022-12-16 17:30:35]          941          940         3321          0
[2022-12-16 17:30:35] WR-BW(MiB/s) RD-BW(MiB/s)  TESTED(MiB)     ERRORS
[2022-12-16 17:30:36]          941          940         3795          0
[2022-12-16 17:30:37]          941          940          173          0
[2022-12-16 17:30:39]          941          940          647          0
[2022-12-16 17:30:40]          941          940         1121          0
[2022-12-16 17:30:42]          941          940         1595          0
[2022-12-16 17:30:43]          941          940         2068          0
[2022-12-16 17:30:45]          941          940         2542          0
[2022-12-16 17:30:46]          941          940         3016          0
[2022-12-16 17:30:46] WR-BW(MiB/s) RD-BW(MiB/s)  TESTED(MiB)     ERRORS
[2022-12-16 17:30:48]          941          940         3490          0
[2022-12-16 17:30:49]          941          940         3964          0
[2022-12-16 17:30:51]          941          940          342          0
[2022-12-16 17:30:52]          941          940          816          0
[2022-12-16 17:30:53]          941          940         1289          0
[2022-12-16 17:30:55]          941          940         1763          0
[2022-12-16 17:30:56]          941          940         2237          0
[2022-12-16 17:30:58]          941          940         2711          0
[2022-12-16 17:30:58] WR-BW(MiB/s) RD-BW(MiB/s)  TESTED(MiB)     ERRORS
[2022-12-16 17:30:59]          940          940         3185          0
[2022-12-16 17:31:01]          941          940         3659          0
[2022-12-16 17:31:02]          941          940           36          0
[2022-12-16 17:31:04]          941          940          510          0
[2022-12-16 17:31:05]          941          940          984          0
[2022-12-16 17:31:07]          941          940         1458          0
[2022-12-16 17:31:08]          941          940         1932          0
[2022-12-16 17:31:09]          941          940         2406          0
[2022-12-16 17:31:09] WR-BW(MiB/s) RD-BW(MiB/s)  TESTED(MiB)     ERRORS
[2022-12-16 17:31:11]          940          940         2879          0
[2022-12-16 17:31:12]          941          940         3353          0
[2022-12-16 17:31:14]          941          940         3827          0
[2022-12-16 17:31:15]          941          940          205          0
[2022-12-16 17:31:17]          941          940          679          0
[2022-12-16 17:31:18]          941          940         1153          0
[2022-12-16 17:31:20]          941          940         1626          0
[2022-12-16 17:31:21]          941          940         2100          0
[2022-12-16 17:31:21] WR-BW(MiB/s) RD-BW(MiB/s)  TESTED(MiB)     ERRORS
[2022-12-16 17:31:22]          940          940         2574          0
[2022-12-16 17:31:24]          941          940         3048          0
[2022-12-16 17:31:25]          941          940         3522          0
[2022-12-16 17:31:27]          941          940         3996          0
[2022-12-16 17:31:28]          941          940          373          0
[2022-12-16 17:31:30]          941          940          847          0
[2022-12-16 17:31:31]          941          940         1321          0
[2022-12-16 17:31:33]          941          940         1795          0
[2022-12-16 17:31:33] WR-BW(MiB/s) RD-BW(MiB/s)  TESTED(MiB)     ERRORS
[2022-12-16 17:31:34]          941          940         2269          0
[2022-12-16 17:31:36]          941          940         2743          0
[2022-12-16 17:31:37]          941          940         3216          0
[2022-12-16 17:31:38]          941          940         3690          0
[2022-12-16 17:31:40]          941          940           68          0
[2022-12-16 17:31:41]          941          940          542          0
[2022-12-16 17:31:43]          941          940         1016          0
[2022-12-16 17:31:44]          941          940         1490          0
[2022-12-16 17:31:44] WR-BW(MiB/s) RD-BW(MiB/s)  TESTED(MiB)     ERRORS
[2022-12-16 17:31:46]          940          940         1963          0
[2022-12-16 17:31:47]          941          940         2437          0
[2022-12-16 17:31:49]          941          940         2911          0
[2022-12-16 17:31:50]          941          940         3385          0
[2022-12-16 17:31:52]          941          940         3859          0
[2022-12-16 17:31:53]          941          940          237          0
[2022-12-16 17:31:54]          941          940          710          0
[2022-12-16 17:31:56]          941          940         1184          0
[2022-12-16 17:31:56] WR-BW(MiB/s) RD-BW(MiB/s)  TESTED(MiB)     ERRORS
[2022-12-16 17:31:57]          941          940         1658          0
[2022-12-16 17:31:59]          941          940         2132          0
[2022-12-16 17:32:00]          941          940         2606          0
[2022-12-16 17:32:02]          941          940         3080          0
[2022-12-16 17:32:03]          941          940         3553          0
[2022-12-16 17:32:05]          941          940         4027          0
[2022-12-16 17:32:06]          941          940          405          0
[2022-12-16 17:32:08]          941          940          879          0
[2022-12-16 17:32:08] WR-BW(MiB/s) RD-BW(MiB/s)  TESTED(MiB)     ERRORS
[2022-12-16 17:32:09]          941          940         1353          0
[2022-12-16 17:32:10]          941          940         1827          0
[2022-12-16 17:32:12]          941          940         2300          0
[2022-12-16 17:32:13]          941          940         2774          0
[2022-12-16 17:32:15]          941          940         3248          0
[2022-12-16 17:32:16]          941          940         3722          0
[2022-12-16 17:32:18]          941          940          100          0
[2022-12-16 17:32:19]          941          940          574          0
[2022-12-16 17:32:19] WR-BW(MiB/s) RD-BW(MiB/s)  TESTED(MiB)     ERRORS
[2022-12-16 17:32:21]          941          940         1047          0
[2022-12-16 17:32:22]          941          940         1521          0
[2022-12-16 17:32:24]          941          940         1995          0
[2022-12-16 17:32:25]          941          940         2469          0
[2022-12-16 17:32:26]          941          940         2943          0
[2022-12-16 17:32:28]          941          940         3417          0
[2022-12-16 17:32:29]          941          940         3890          0
[2022-12-16 17:32:31]          941          940          268          0
[2022-12-16 17:32:31] WR-BW(MiB/s) RD-BW(MiB/s)  TESTED(MiB)     ERRORS
[2022-12-16 17:32:32]          941          940          742          0
[2022-12-16 17:32:34]          941          940         1216          0
[2022-12-16 17:32:35]          941          940         1690          0
[2022-12-16 17:32:37]          941          940         2164          0
[2022-12-16 17:32:38]          941          940         2637          0
[2022-12-16 17:32:39]          941          940         3111          0
[2022-12-16 17:32:41]          941          940         3585          0
[2022-12-16 17:32:42]          941          940         4059          0
[2022-12-16 17:32:42] WR-BW(MiB/s) RD-BW(MiB/s)  TESTED(MiB)     ERRORS
[2022-12-16 17:32:44]          940          940          437          0
[2022-12-16 17:32:45]          941          940          911          0
[2022-12-16 17:32:47]          941          940         1384          0
[2022-12-16 17:32:48]          941          940         1858          0
[2022-12-16 17:32:50]          941          940         2332          0
[2022-12-16 17:32:51]          941          940         2806          0
[2022-12-16 17:32:52]          941          940         3280          0
[2022-12-16 17:32:54]          941          940         3754          0
[2022-12-16 17:32:54] WR-BW(MiB/s) RD-BW(MiB/s)  TESTED(MiB)     ERRORS
[2022-12-16 17:32:55]          940          940          131          0
[2022-12-16 17:32:57]          941          940          605          0
[2022-12-16 17:32:58]          941          940         1079          0
[2022-12-16 17:33:00]          941          940         1553          0
[2022-12-16 17:33:01]          941          940         2027          0
[2022-12-16 17:33:03]          941          940         2501          0
[2022-12-16 17:33:04]          941          940         2975          0
[2022-12-16 17:33:06]          941          940         3448          0
[2022-12-16 17:33:06] WR-BW(MiB/s) RD-BW(MiB/s)  TESTED(MiB)     ERRORS
[2022-12-16 17:33:07]          940          940         3922          0
[2022-12-16 17:33:08]          941          940          300          0
[2022-12-16 17:33:10]          941          940          774          0
[2022-12-16 17:33:11]          941          940         1248          0
[2022-12-16 17:33:13]          941          940         1722          0
[2022-12-16 17:33:14]          941          940         2195          0
[2022-12-16 17:33:16]          941          940         2669          0
[2022-12-16 17:33:17]          941          940         3143          0
[2022-12-16 17:33:17] WR-BW(MiB/s) RD-BW(MiB/s)  TESTED(MiB)     ERRORS
[2022-12-16 17:33:19]          940          940         3617          0
[2022-12-16 17:33:20]          941          940         4091          0
[2022-12-16 17:33:21]          941          940          469          0
[2022-12-16 17:33:23]          941          940          942          0
[2022-12-16 17:33:24]          941          940         1416          0
[2022-12-16 17:33:26]          941          940         1890          0
[2022-12-16 17:33:27]          941          940         2364          0
[2022-12-16 17:33:29]          941          940         2838          0
[2022-12-16 17:33:29] WR-BW(MiB/s) RD-BW(MiB/s)  TESTED(MiB)     ERRORS
[2022-12-16 17:33:30]          940          940         3312          0
[2022-12-16 17:33:32]          941          940         3785          0
[2022-12-16 17:33:33]          941          940          163          0
[2022-12-16 17:33:35]          941          940          637          0
[2022-12-16 17:33:36]          941          940         1111          0
[2022-12-16 17:33:37]          941          940         1585          0
[2022-12-16 17:33:39]          941          940         2059          0
[2022-12-16 17:33:40]          941          940         2532          0
[2022-12-16 17:33:40] WR-BW(MiB/s) RD-BW(MiB/s)  TESTED(MiB)     ERRORS
[2022-12-16 17:33:42]          941          940         3006          0
[2022-12-16 17:33:43]          941          940         3480          0
[2022-12-16 17:33:45]          941          940         3954          0
[2022-12-16 17:33:46]          941          940          332          0
[2022-12-16 17:33:48]          941          940          806          0
[2022-12-16 17:33:49]          941          940         1279          0
[2022-12-16 17:33:50]          941          940         1753          0
[2022-12-16 17:33:52]          941          940         2227          0
[2022-12-16 17:33:52] WR-BW(MiB/s) RD-BW(MiB/s)  TESTED(MiB)     ERRORS
[2022-12-16 17:33:53]          941          940         2701          0
[2022-12-16 17:33:55]          941          940         3175          0
[2022-12-16 17:33:56]          941          940         3649          0
[2022-12-16 17:33:58]          941          940           26          0
[2022-12-16 17:33:59]          941          940          500          0
[2022-12-16 17:34:01]          941          940          974          0
[2022-12-16 17:34:02]          941          940         1448          0
[2022-12-16 17:34:04]          941          940         1922          0
[2022-12-16 17:34:04] WR-BW(MiB/s) RD-BW(MiB/s)  TESTED(MiB)     ERRORS
[2022-12-16 17:34:05]          941          940         2396          0
[2022-12-16 17:34:06]          941          940         2869          0
[2022-12-16 17:34:08]          941          940         3343          0
[2022-12-16 17:34:09]          941          940         3817          0
[2022-12-16 17:34:11]          941          940          195          0
[2022-12-16 17:34:12]          941          940          669          0
[2022-12-16 17:34:14]          941          940         1143          0
[2022-12-16 17:34:15]          941          940         1616          0
[2022-12-16 17:34:15] WR-BW(MiB/s) RD-BW(MiB/s)  TESTED(MiB)     ERRORS
[2022-12-16 17:34:17]          940          940         2090          0
[2022-12-16 17:34:18]          941          940         2564          0
[2022-12-16 17:34:19]          941          940         3038          0
[2022-12-16 17:34:21]          941          940         3512          0
[2022-12-16 17:34:22]          941          940         3986          0
[2022-12-16 17:34:24]          941          940          363          0
[2022-12-16 17:34:25]          941          940          837          0
[2022-12-16 17:34:27]          941          940         1311          0
[2022-12-16 17:34:27] WR-BW(MiB/s) RD-BW(MiB/s)  TESTED(MiB)     ERRORS
[2022-12-16 17:34:28]          941          940         1785          0
[2022-12-16 17:34:30]          941          940         2259          0
[2022-12-16 17:34:31]          941          940         2733          0
[2022-12-16 17:34:33]          941          940         3206          0
[2022-12-16 17:34:34]          941          940         3680          0
[2022-12-16 17:34:35]          941          940           58          0
[2022-12-16 17:34:37]          941          940          532          0
[2022-12-16 17:34:38]          941          940         1006          0
[2022-12-16 17:34:38] WR-BW(MiB/s) RD-BW(MiB/s)  TESTED(MiB)     ERRORS
[2022-12-16 17:34:40]          940          940         1480          0
[2022-12-16 17:34:41]          941          940         1953          0
[2022-12-16 17:34:43]          941          940         2427          0
[2022-12-16 17:34:44]          941          940         2901          0
[2022-12-16 17:34:46]          941          940         3375          0
[2022-12-16 17:34:47]          941          940         3849          0
[2022-12-16 17:34:49]          941          940          227          0
[2022-12-16 17:34:50]          941          940          700          0
[2022-12-16 17:34:50] WR-BW(MiB/s) RD-BW(MiB/s)  TESTED(MiB)     ERRORS
[2022-12-16 17:34:51]          941          940         1174          0
[2022-12-16 17:34:53]          941          940         1648          0
[2022-12-16 17:34:54]          941          940         2122          0
[2022-12-16 17:34:56]          941          940         2596          0
[2022-12-16 17:34:57]          941          940         3070          0
[2022-12-16 17:34:59]          941          940         3543          0
[2022-12-16 17:35:00]          941          940         4017          0
[2022-12-16 17:35:02]          941          940          395          0
[2022-12-16 17:35:02] WR-BW(MiB/s) RD-BW(MiB/s)  TESTED(MiB)     ERRORS
[2022-12-16 17:35:03]          941          940          869          0
[2022-12-16 17:35:05]          941          940         1343          0
[2022-12-16 17:35:06]          941          940         1817          0
[2022-12-16 17:35:07]          941          940         2290          0
[2022-12-16 17:35:09]          941          940         2764          0
[2022-12-16 17:35:10]          941          940         3238          0
[2022-12-16 17:35:12]          941          940         3712          0
[2022-12-16 17:35:13]          941          940           90          0
[2022-12-16 17:35:13] WR-BW(MiB/s) RD-BW(MiB/s)  TESTED(MiB)     ERRORS
[2022-12-16 17:35:15]          941          940          564          0
[2022-12-16 17:35:16]          941          940         1037          0
[2022-12-16 17:35:18]          941          940         1511          0
[2022-12-16 17:35:19]          941          940         1985          0
[2022-12-16 17:35:21]          941          940         2459          0
[2022-12-16 17:35:22]          941          940         2933          0
[2022-12-16 17:35:23]          941          940         3407          0
[2022-12-16 17:35:25]          941          940         3881          0
[2022-12-16 17:35:25] WR-BW(MiB/s) RD-BW(MiB/s)  TESTED(MiB)     ERRORS
[2022-12-16 17:35:26]          941          940          258          0
[2022-12-16 17:35:28]          941          940          732          0
[2022-12-16 17:35:29]          941          940         1206          0
[2022-12-16 17:35:31]          941          940         1680          0
[2022-12-16 17:35:32]          941          940         2154          0
[2022-12-16 17:35:34]          941          940         2628          0
[2022-12-16 17:35:35]          941          940         3101          0
[2022-12-16 17:35:37]          941          940         3575          0
[2022-12-16 17:35:37] WR-BW(MiB/s) RD-BW(MiB/s)  TESTED(MiB)     ERRORS
[2022-12-16 17:35:38]          940          940         4049          0
[2022-12-16 17:35:39]          941          940          427          0
[2022-12-16 17:35:41]          941          940          901          0
[2022-12-16 17:35:42]          941          940         1375          0
[2022-12-16 17:35:44]          941          940         1848          0
[2022-12-16 17:35:45]          941          940         2322          0
[2022-12-16 17:35:47]          941          940         2796          0
[2022-12-16 17:35:48]          941          940         3270          0
[2022-12-16 17:35:48] WR-BW(MiB/s) RD-BW(MiB/s)  TESTED(MiB)     ERRORS
[2022-12-16 17:35:50]          941          940         3744          0
[2022-12-16 17:35:51]          941          940          122          0
[2022-12-16 17:35:53]          941          940          595          0
[2022-12-16 17:35:54]          941          940         1069          0
[2022-12-16 17:35:55]          941          940         1543          0
[2022-12-16 17:35:57]          941          940         2017          0
[2022-12-16 17:35:58]          941          940         2491          0
[2022-12-16 17:36:00]          941          940         2965          0
[2022-12-16 17:36:00] WR-BW(MiB/s) RD-BW(MiB/s)  TESTED(MiB)     ERRORS
[2022-12-16 17:36:01]          940          940         3438          0
[2022-12-16 17:36:03]          941          940         3912          0
[2022-12-16 17:36:04]          941          940          290          0
[2022-12-16 17:36:06]          941          940          764          0
[2022-12-16 17:36:07]          941          940         1238          0
[2022-12-16 17:36:08]          941          940         1712          0
[2022-12-16 17:36:10]          941          940         2185          0
[2022-12-16 17:36:11]          941          940         2659          0
[2022-12-16 17:36:11] WR-BW(MiB/s) RD-BW(MiB/s)  TESTED(MiB)     ERRORS
[2022-12-16 17:36:13]          941          940         3133          0
[2022-12-16 17:36:14]          941          940         3607          0
[2022-12-16 17:36:16]          941          940         4081          0
[2022-12-16 17:36:17]          941          940          459          0
[2022-12-16 17:36:19]          941          940          932          0
[2022-12-16 17:36:20]          941          940         1406          0
[2022-12-16 17:36:22]          941          940         1880          0
[2022-12-16 17:36:23]          941          940         2354          0
[2022-12-16 17:36:23] WR-BW(MiB/s) RD-BW(MiB/s)  TESTED(MiB)     ERRORS
[2022-12-16 17:36:24]          940          940         2828          0
[2022-12-16 17:36:26]          941          940         3302          0
[2022-12-16 17:36:27]          941          940         3775          0
[2022-12-16 17:36:29]          941          940          153          0
[2022-12-16 17:36:30]          941          940          627          0
[2022-12-16 17:36:32]          941          940         1101          0
[2022-12-16 17:36:33]          941          940         1575          0
[2022-12-16 17:36:35]          941          940         2049          0
[2022-12-16 17:36:35] WR-BW(MiB/s) RD-BW(MiB/s)  TESTED(MiB)     ERRORS
[2022-12-16 17:36:36]          941          940         2522          0
[2022-12-16 17:36:38]          941          940         2996          0
[2022-12-16 17:36:39]          941          940         3470          0
[2022-12-16 17:36:40]          941          940         3944          0
[2022-12-16 17:36:42]          941          940          322          0
[2022-12-16 17:36:43]          941          940          796          0
[2022-12-16 17:36:45]          941          940         1269          0
[2022-12-16 17:36:46]          941          940         1743          0
[2022-12-16 17:36:46] WR-BW(MiB/s) RD-BW(MiB/s)  TESTED(MiB)     ERRORS
[2022-12-16 17:36:48]          940          940         2217          0
[2022-12-16 17:36:49]          941          940         2691          0
[2022-12-16 17:36:51]          941          940         3165          0
[2022-12-16 17:36:52]          941          940         3639          0
[2022-12-16 17:36:54]          941          940           16          0
[2022-12-16 17:36:55]          941          940          490          0
[2022-12-16 17:36:56]          941          940          964          0
[2022-12-16 17:36:58]          941          940         1438          0
[2022-12-16 17:36:58] WR-BW(MiB/s) RD-BW(MiB/s)  TESTED(MiB)     ERRORS
[2022-12-16 17:36:59]          940          940         1912          0
[2022-12-16 17:37:01]          941          940         2386          0
[2022-12-16 17:37:02]          941          940         2859          0
[2022-12-16 17:37:04]          941          940         3333          0
[2022-12-16 17:37:05]          941          940         3807          0
[2022-12-16 17:37:06]          941          940          185          0
[2022-12-16 17:37:08]          941          940          659          0
[2022-12-16 17:37:09]          941          940         1133          0
[2022-12-16 17:37:09] WR-BW(MiB/s) RD-BW(MiB/s)  TESTED(MiB)     ERRORS
[2022-12-16 17:37:11]          940          940         1606          0
[2022-12-16 17:37:12]          941          940         2080          0
[2022-12-16 17:37:14]          941          940         2554          0
[2022-12-16 17:37:15]          941          940         3028          0
[2022-12-16 17:37:17]          941          940         3502          0
[2022-12-16 17:37:18]          941          940         3976          0
[2022-12-16 17:37:20]          941          940          353          0
[2022-12-16 17:37:21]          941          940          827          0
[2022-12-16 17:37:21] WR-BW(MiB/s) RD-BW(MiB/s)  TESTED(MiB)     ERRORS
[2022-12-16 17:37:22]          941          940         1301          0
[2022-12-16 17:37:24]          941          940         1775          0
[2022-12-16 17:37:25]          941          940         2249          0
[2022-12-16 17:37:27]          941          940         2723          0
[2022-12-16 17:37:28]          941          940         3196          0
[2022-12-16 17:37:30]          941          940         3670          0
[2022-12-16 17:37:31]          941          940           48          0
[2022-12-16 17:37:33]          941          940          522          0
[2022-12-16 17:37:33] WR-BW(MiB/s) RD-BW(MiB/s)  TESTED(MiB)     ERRORS
[2022-12-16 17:37:34]          940          940          996          0
[2022-12-16 17:37:35]          941          940         1470          0
[2022-12-16 17:37:37]          941          940         1944          0
[2022-12-16 17:37:38]          941          940         2417          0
[2022-12-16 17:37:40]          941          940         2891          0
[2022-12-16 17:37:41]          941          940         3365          0
[2022-12-16 17:37:43]          941          940         3839          0
[2022-12-16 17:37:44]          941          940          217          0
[2022-12-16 17:37:44] WR-BW(MiB/s) RD-BW(MiB/s)  TESTED(MiB)     ERRORS
[2022-12-16 17:37:46]          941          940          691          0
[2022-12-16 17:37:47]          941          940         1164          0
[2022-12-16 17:37:48]          941          940         1638          0
[2022-12-16 17:37:50]          941          940         2112          0
[2022-12-16 17:37:51]          941          940         2586          0
[2022-12-16 17:37:53]          941          940         3060          0
[2022-12-16 17:37:54]          941          940         3534          0
[2022-12-16 17:37:56]          941          940         4007          0
[2022-12-16 17:37:56] WR-BW(MiB/s) RD-BW(MiB/s)  TESTED(MiB)     ERRORS
[2022-12-16 17:37:57]          941          940          385          0
[2022-12-16 17:37:59]          941          940          859          0
[2022-12-16 17:38:00]          941          940         1333          0
[2022-12-16 17:38:02]          941          940         1807          0
[2022-12-16 17:38:03]          941          940         2281          0
[2022-12-16 17:38:04]          941          940         2754          0
[2022-12-16 17:38:06]          941          940         3228          0
[2022-12-16 17:38:07]          941          940         3702          0
[2022-12-16 17:38:07] WR-BW(MiB/s) RD-BW(MiB/s)  TESTED(MiB)     ERRORS
[2022-12-16 17:38:09]          940          940           80          0
[2022-12-16 17:38:10]          941          940          554          0
[2022-12-16 17:38:12]          941          940         1028          0
[2022-12-16 17:38:13]          941          940         1501          0
[2022-12-16 17:38:15]          941          940         1975          0
[2022-12-16 17:38:16]          941          940         2449          0
[2022-12-16 17:38:18]          941          940         2923          0
[2022-12-16 17:38:19]          941          940         3397          0
[2022-12-16 17:38:19] WR-BW(MiB/s) RD-BW(MiB/s)  TESTED(MiB)     ERRORS
[2022-12-16 17:38:20]          941          940         3871          0
[2022-12-16 17:38:22]          941          940          248          0
[2022-12-16 17:38:23]          941          940          722          0
[2022-12-16 17:38:25]          941          940         1196          0
[2022-12-16 17:38:26]          941          940         1670          0
[2022-12-16 17:38:28]          941          940         2144          0
[2022-12-16 17:38:29]          941          940         2618          0
[2022-12-16 17:38:31]          941          940         3091          0
[2022-12-16 17:38:31] WR-BW(MiB/s) RD-BW(MiB/s)  TESTED(MiB)     ERRORS
[2022-12-16 17:38:32]          940          940         3565          0
[2022-12-16 17:38:33]          941          940         4039          0
[2022-12-16 17:38:35]          941          940          417          0
[2022-12-16 17:38:36]          941          940          891          0
[2022-12-16 17:38:38]          941          940         1365          0
[2022-12-16 17:38:39]          941          940         1838          0
[2022-12-16 17:38:41]          941          940         2312          0
[2022-12-16 17:38:42]          941          940         2786          0
[2022-12-16 17:38:42] WR-BW(MiB/s) RD-BW(MiB/s)  TESTED(MiB)     ERRORS
[2022-12-16 17:38:44]          941          940         3260          0
[2022-12-16 17:38:45]          941          940         3734          0
[2022-12-16 17:38:47]          941          940          112          0
[2022-12-16 17:38:48]          941          940          585          0
[2022-12-16 17:38:49]          941          940         1059          0
[2022-12-16 17:38:51]          941          940         1533          0
[2022-12-16 17:38:52]          941          940         2007          0
[2022-12-16 17:38:54]          941          940         2481          0
[2022-12-16 17:38:54] WR-BW(MiB/s) RD-BW(MiB/s)  TESTED(MiB)     ERRORS
[2022-12-16 17:38:55]          940          940         2955          0
[2022-12-16 17:38:57]          941          940         3428          0
[2022-12-16 17:38:58]          941          940         3902          0
[2022-12-16 17:39:00]          941          940          280          0
[2022-12-16 17:39:01]          941          940          754          0
[2022-12-16 17:39:02]          941          940         1228          0
[2022-12-16 17:39:04]          941          940         1702          0
[2022-12-16 17:39:05]          941          940         2175          0
[2022-12-16 17:39:05] WR-BW(MiB/s) RD-BW(MiB/s)  TESTED(MiB)     ERRORS
[2022-12-16 17:39:07]          940          940         2649          0
[2022-12-16 17:39:08]          941          940         3123          0
[2022-12-16 17:39:10]          941          940         3597          0
[2022-12-16 17:39:11]          941          940         4071          0
[2022-12-16 17:39:13]          941          940          449          0
[2022-12-16 17:39:14]          941          940          922          0
[2022-12-16 17:39:16]          941          940         1396          0
[2022-12-16 17:39:17]          941          940         1870          0
[2022-12-16 17:39:17] WR-BW(MiB/s) RD-BW(MiB/s)  TESTED(MiB)     ERRORS
[2022-12-16 17:39:18]          940          940         2344          0
[2022-12-16 17:39:20]          941          940         2818          0
[2022-12-16 17:39:21]          941          940         3292          0
[2022-12-16 17:39:23]          941          940         3765          0
[2022-12-16 17:39:24]          941          940          143          0
[2022-12-16 17:39:26]          941          940          617          0
[2022-12-16 17:39:27]          941          940         1091          0
[2022-12-16 17:39:29]          941          940         1565          0
[2022-12-16 17:39:29] WR-BW(MiB/s) RD-BW(MiB/s)  TESTED(MiB)     ERRORS
[2022-12-16 17:39:30]          941          940         2039          0
[2022-12-16 17:39:32]          941          940         2512          0
[2022-12-16 17:39:33]          941          940         2986          0
[2022-12-16 17:39:34]          941          940         3460          0
[2022-12-16 17:39:36]          941          940         3934          0
[2022-12-16 17:39:37]          941          940          312          0
[2022-12-16 17:39:39]          941          940          786          0
[2022-12-16 17:39:40]          941          940         1260          0
[2022-12-16 17:39:40] WR-BW(MiB/s) RD-BW(MiB/s)  TESTED(MiB)     ERRORS
[2022-12-16 17:39:42]          940          940         1733          0
[2022-12-16 17:39:43]          941          940         2207          0
[2022-12-16 17:39:45]          941          940         2681          0
[2022-12-16 17:39:46]          941          940         3155          0
[2022-12-16 17:39:47]          941          940         3629          0
[2022-12-16 17:39:49]          941          940            7          0
[2022-12-16 17:39:50]          941          940          480          0
[2022-12-16 17:39:52]          941          940          954          0
[2022-12-16 17:39:52] WR-BW(MiB/s) RD-BW(MiB/s)  TESTED(MiB)     ERRORS
[2022-12-16 17:39:53]          941          940         1428          0
[2022-12-16 17:39:55]          941          940         1902          0
[2022-12-16 17:39:56]          941          940         2376          0
[2022-12-16 17:39:58]          941          940         2850          0
[2022-12-16 17:39:59]          941          940         3323          0
[2022-12-16 17:40:01]          941          940         3797          0
[2022-12-16 17:40:02]          941          940          175          0
[2022-12-16 17:40:03]          941          940          649          0
[2022-12-16 17:40:03] WR-BW(MiB/s) RD-BW(MiB/s)  TESTED(MiB)     ERRORS
[2022-12-16 17:40:05]          941          940         1123          0
[2022-12-16 17:40:06]          941          940         1597          0
[2022-12-16 17:40:08]          941          940         2070          0
[2022-12-16 17:40:09]          941          940         2544          0
[2022-12-16 17:40:11]          941          940         3018          0
[2022-12-16 17:40:12]          941          940         3492          0
[2022-12-16 17:40:14]          941          940         3966          0
[2022-12-16 17:40:15]          941          940          344          0
[2022-12-16 17:40:15] WR-BW(MiB/s) RD-BW(MiB/s)  TESTED(MiB)     ERRORS
[2022-12-16 17:40:17]          941          940          817          0
[2022-12-16 17:40:18]          941          940         1291          0
[2022-12-16 17:40:19]          941          940         1765          0
[2022-12-16 17:40:21]          941          940         2239          0
[2022-12-16 17:40:22]          941          940         2713          0
[2022-12-16 17:40:24]          941          940         3187          0
[2022-12-16 17:40:25]          941          940         3660          0
[2022-12-16 17:40:27]          941          940           38          0
[2022-12-16 17:40:27] WR-BW(MiB/s) RD-BW(MiB/s)  TESTED(MiB)     ERRORS
[2022-12-16 17:40:28]          941          940          512          0
[2022-12-16 17:40:30]          941          940          986          0
[2022-12-16 17:40:31]          941          940         1460          0
[2022-12-16 17:40:33]          941          940         1934          0
[2022-12-16 17:40:34]          941          940         2407          0
[2022-12-16 17:40:35]          941          940         2881          0
[2022-12-16 17:40:37]          941          940         3355          0
[2022-12-16 17:40:38]          941          940         3829          0
[2022-12-16 17:40:38] WR-BW(MiB/s) RD-BW(MiB/s)  TESTED(MiB)     ERRORS
[2022-12-16 17:40:40]          941          940          207          0
[2022-12-16 17:40:41]          941          940          681          0
[2022-12-16 17:40:43]          941          940         1154          0
[2022-12-16 17:40:44]          941          940         1628          0
[2022-12-16 17:40:46]          941          940         2102          0
[2022-12-16 17:40:47]          941          940         2576          0
[2022-12-16 17:40:48]          941          940         3050          0
[2022-12-16 17:40:50]          941          940         3524          0
[2022-12-16 17:40:50] WR-BW(MiB/s) RD-BW(MiB/s)  TESTED(MiB)     ERRORS
[2022-12-16 17:40:51]          941          940         3997          0
[2022-12-16 17:40:53]          941          940          375          0
[2022-12-16 17:40:54]          941          940          849          0
[2022-12-16 17:40:56]          941          940         1323          0
[2022-12-16 17:40:57]          941          940         1797          0
[2022-12-16 17:40:59]          941          940         2271          0
[2022-12-16 17:41:00]          941          940         2744          0
[2022-12-16 17:41:02]          941          940         3218          0
[2022-12-16 17:41:02] WR-BW(MiB/s) RD-BW(MiB/s)  TESTED(MiB)     ERRORS
[2022-12-16 17:41:03]          940          940         3692          0
[2022-12-16 17:41:04]          941          940           70          0
[2022-12-16 17:41:06]          941          940          544          0
[2022-12-16 17:41:07]          941          940         1018          0
[2022-12-16 17:41:09]          941          940         1491          0
[2022-12-16 17:41:10]          941          940         1965          0
[2022-12-16 17:41:12]          941          940         2439          0
[2022-12-16 17:41:13]          941          940         2913          0
[2022-12-16 17:41:13] WR-BW(MiB/s) RD-BW(MiB/s)  TESTED(MiB)     ERRORS
[2022-12-16 17:41:15]          940          940         3387          0
[2022-12-16 17:41:16]          941          940         3861          0
[2022-12-16 17:41:18]          941          940          238          0
[2022-12-16 17:41:19]          941          940          712          0
[2022-12-16 17:41:20]          941          940         1186          0
[2022-12-16 17:41:22]          941          940         1660          0
[2022-12-16 17:41:23]          941          940         2134          0
[2022-12-16 17:41:25]          941          940         2608          0
[2022-12-16 17:41:25] WR-BW(MiB/s) RD-BW(MiB/s)  TESTED(MiB)     ERRORS
[2022-12-16 17:41:26]          941          940         3081          0
[2022-12-16 17:41:28]          941          940         3555          0
[2022-12-16 17:41:29]          941          940         4029          0
[2022-12-16 17:41:31]          941          940          407          0
[2022-12-16 17:41:32]          941          940          881          0
[2022-12-16 17:41:33]          941          940         1355          0
[2022-12-16 17:41:35]          941          940         1828          0
[2022-12-16 17:41:36]          941          940         2302          0
[2022-12-16 17:41:36] WR-BW(MiB/s) RD-BW(MiB/s)  TESTED(MiB)     ERRORS
[2022-12-16 17:41:38]          940          940         2776          0
[2022-12-16 17:41:39]          941          940         3250          0
[2022-12-16 17:41:41]          941          940         3724          0
[2022-12-16 17:41:42]          941          940          102          0
[2022-12-16 17:41:44]          941          940          575          0
[2022-12-16 17:41:45]          941          940         1049          0
[2022-12-16 17:41:47]          941          940         1523          0
[2022-12-16 17:41:48]          941          940         1997          0
[2022-12-16 17:41:48] WR-BW(MiB/s) RD-BW(MiB/s)  TESTED(MiB)     ERRORS
[2022-12-16 17:41:49]          940          940         2471          0
[2022-12-16 17:41:51]          941          940         2945          0
[2022-12-16 17:41:52]          941          940         3419          0
[2022-12-16 17:41:54]          941          940         3892          0
[2022-12-16 17:41:55]          941          940          270          0
[2022-12-16 17:41:57]          941          940          744          0
[2022-12-16 17:41:58]          941          940         1218          0
[2022-12-16 17:42:00]          941          940         1692          0
[2022-12-16 17:42:00] WR-BW(MiB/s) RD-BW(MiB/s)  TESTED(MiB)     ERRORS
[2022-12-16 17:42:01]          941          940         2166          0
[2022-12-16 17:42:03]          941          940         2639          0
[2022-12-16 17:42:04]          941          940         3113          0
[2022-12-16 17:42:05]          941          940         3587          0
[2022-12-16 17:42:07]          941          940         4061          0
[2022-12-16 17:42:08]          941          940          439          0
[2022-12-16 17:42:10]          941          940          913          0
[2022-12-16 17:42:11]          941          940         1386          0
[2022-12-16 17:42:11] WR-BW(MiB/s) RD-BW(MiB/s)  TESTED(MiB)     ERRORS
[2022-12-16 17:42:13]          941          940         1860          0
[2022-12-16 17:42:14]          941          940         2334          0
[2022-12-16 17:42:16]          941          940         2808          0
[2022-12-16 17:42:17]          941          940         3282          0
[2022-12-16 17:42:18]          941          940         3756          0
[2022-12-16 17:42:20]          941          940          133          0
[2022-12-16 17:42:21]          941          940          607          0
[2022-12-16 17:42:23]          941          940         1081          0
[2022-12-16 17:42:23] WR-BW(MiB/s) RD-BW(MiB/s)  TESTED(MiB)     ERRORS
[2022-12-16 17:42:24]          941          940         1555          0
[2022-12-16 17:42:26]          941          940         2029          0
[2022-12-16 17:42:27]          941          940         2503          0
[2022-12-16 17:42:29]          941          940         2976          0
[2022-12-16 17:42:30]          941          940         3450          0
[2022-12-16 17:42:32]          941          940         3924          0
[2022-12-16 17:42:33]          941          940          302          0
[2022-12-16 17:42:34]          941          940          776          0
[2022-12-16 17:42:34] WR-BW(MiB/s) RD-BW(MiB/s)  TESTED(MiB)     ERRORS
[2022-12-16 17:42:36]          941          940         1250          0
[2022-12-16 17:42:37]          941          940         1723          0
[2022-12-16 17:42:39]          941          940         2197          0
[2022-12-16 17:42:40]          941          940         2671          0
[2022-12-16 17:42:42]          941          940         3145          0
[2022-12-16 17:42:43]          941          940         3619          0
[2022-12-16 17:42:45]          941          940         4093          0
[2022-12-16 17:42:46]          941          940          470          0
[2022-12-16 17:42:46] WR-BW(MiB/s) RD-BW(MiB/s)  TESTED(MiB)     ERRORS
[2022-12-16 17:42:48]          941          940          944          0
[2022-12-16 17:42:49]          941          940         1418          0
[2022-12-16 17:42:50]          941          940         1892          0
[2022-12-16 17:42:52]          941          940         2366          0
[2022-12-16 17:42:53]          941          940         2840          0
[2022-12-16 17:42:55]          941          940         3313          0
[2022-12-16 17:42:56]          941          940         3787          0
[2022-12-16 17:42:58]          941          940          165          0
[2022-12-16 17:42:58] WR-BW(MiB/s) RD-BW(MiB/s)  TESTED(MiB)     ERRORS
[2022-12-16 17:42:59]          941          940          639          0
[2022-12-16 17:43:01]          941          940         1113          0
[2022-12-16 17:43:02]          941          940         1587          0
[2022-12-16 17:43:04]          941          940         2060          0
[2022-12-16 17:43:05]          941          940         2534          0
[2022-12-16 17:43:06]          941          940         3008          0
[2022-12-16 17:43:08]          941          940         3482          0
[2022-12-16 17:43:09]          941          940         3956          0
[2022-12-16 17:43:09] WR-BW(MiB/s) RD-BW(MiB/s)  TESTED(MiB)     ERRORS
[2022-12-16 17:43:11]          940          940          334          0
[2022-12-16 17:43:12]          941          940          807          0
[2022-12-16 17:43:14]          941          940         1281          0
[2022-12-16 17:43:15]          941          940         1755          0
[2022-12-16 17:43:17]          941          940         2229          0
[2022-12-16 17:43:18]          941          940         2703          0
[2022-12-16 17:43:20]          941          940         3177          0
[2022-12-16 17:43:21]          941          940         3650          0
[2022-12-16 17:43:21] WR-BW(MiB/s) RD-BW(MiB/s)  TESTED(MiB)     ERRORS
[2022-12-16 17:43:22]          940          940           28          0
[2022-12-16 17:43:24]          941          940          502          0
[2022-12-16 17:43:25]          941          940          976          0
[2022-12-16 17:43:27]          941          940         1450          0
[2022-12-16 17:43:28]          941          940         1924          0
[2022-12-16 17:43:30]          941          940         2397          0
[2022-12-16 17:43:31]          941          940         2871          0
[2022-12-16 17:43:33]          941          940         3345          0
[2022-12-16 17:43:33] WR-BW(MiB/s) RD-BW(MiB/s)  TESTED(MiB)     ERRORS
[2022-12-16 17:43:34]          941          940         3819          0
[2022-12-16 17:43:36]          941          940          197          0
[2022-12-16 17:43:37]          941          940          671          0
[2022-12-16 17:43:38]          941          940         1144          0
[2022-12-16 17:43:40]          941          940         1618          0
[2022-12-16 17:43:41]          941          940         2092          0
[2022-12-16 17:43:43]          941          940         2566          0
[2022-12-16 17:43:44]          941          940         3040          0
[2022-12-16 17:43:44] WR-BW(MiB/s) RD-BW(MiB/s)  TESTED(MiB)     ERRORS
[2022-12-16 17:43:46]          941          940         3514          0
[2022-12-16 17:43:47]          941          940         3987          0
[2022-12-16 17:43:49]          941          940          365          0
[2022-12-16 17:43:50]          941          940          839          0
[2022-12-16 17:43:51]          941          940         1313          0
[2022-12-16 17:43:53]          941          940         1787          0
[2022-12-16 17:43:54]          941          940         2261          0
[2022-12-16 17:43:56]          941          940         2735          0
[2022-12-16 17:43:56] WR-BW(MiB/s) RD-BW(MiB/s)  TESTED(MiB)     ERRORS
[2022-12-16 17:43:57]          940          940         3208          0
[2022-12-16 17:43:59]          941          940         3682          0
[2022-12-16 17:44:00]          941          940           60          0
[2022-12-16 17:44:02]          941          940          534          0
[2022-12-16 17:44:03]          941          940         1008          0
[2022-12-16 17:44:05]          941          940         1482          0
[2022-12-16 17:44:06]          941          940         1955          0
[2022-12-16 17:44:07]          941          940         2429          0
[2022-12-16 17:44:07] WR-BW(MiB/s) RD-BW(MiB/s)  TESTED(MiB)     ERRORS
[2022-12-16 17:44:09]          940          940         2903          0
[2022-12-16 17:44:10]          941          940         3377          0
[2022-12-16 17:44:12]          941          940         3851          0
[2022-12-16 17:44:13]          941          940          229          0
[2022-12-16 17:44:15]          941          940          702          0
[2022-12-16 17:44:16]          941          940         1176          0
[2022-12-16 17:44:18]          941          940         1650          0
[2022-12-16 17:44:19]          941          940         2124          0
[2022-12-16 17:44:19] WR-BW(MiB/s) RD-BW(MiB/s)  TESTED(MiB)     ERRORS
[2022-12-16 17:44:21]          941          940         2598          0
[2022-12-16 17:44:22]          941          940         3072          0
[2022-12-16 17:44:23]          941          940         3545          0
[2022-12-16 17:44:25]          941          940         4019          0
[2022-12-16 17:44:26]          941          940          397          0
[2022-12-16 17:44:28]          941          940          871          0
[2022-12-16 17:44:29]          941          940         1345          0
[2022-12-16 17:44:31]          941          940         1819          0
[2022-12-16 17:44:31] WR-BW(MiB/s) RD-BW(MiB/s)  TESTED(MiB)     ERRORS
[2022-12-16 17:44:32]          941          940         2292          0
[2022-12-16 17:44:34]          941          940         2766          0
[2022-12-16 17:44:35]          941          940         3240          0
[2022-12-16 17:44:36]          941          940         3714          0
[2022-12-16 17:44:38]          941          940           92          0
[2022-12-16 17:44:39]          941          940          566          0
[2022-12-16 17:44:41]          941          940         1039          0
[2022-12-16 17:44:42]          941          940         1513          0
[2022-12-16 17:44:42] WR-BW(MiB/s) RD-BW(MiB/s)  TESTED(MiB)     ERRORS
[2022-12-16 17:44:44]          940          940         1987          0
[2022-12-16 17:44:45]          941          940         2461          0
[2022-12-16 17:44:47]          941          940         2935          0
[2022-12-16 17:44:48]          941          940         3409          0
[2022-12-16 17:44:49]          941          940         3882          0
[2022-12-16 17:44:51]          941          940          260          0
[2022-12-16 17:44:52]          941          940          734          0
[2022-12-16 17:44:54]          941          940         1208          0
[2022-12-16 17:44:54] WR-BW(MiB/s) RD-BW(MiB/s)  TESTED(MiB)     ERRORS
[2022-12-16 17:44:55]          941          940         1682          0
[2022-12-16 17:44:57]          941          940         2156          0
[2022-12-16 17:44:58]          941          940         2629          0
[2022-12-16 17:45:00]          941          940         3103          0
[2022-12-16 17:45:01]          941          940         3577          0
[2022-12-16 17:45:03]          941          940         4051          0
[2022-12-16 17:45:04]          941          940          429          0
[2022-12-16 17:45:05]          941          940          903          0
[2022-12-16 17:45:05] WR-BW(MiB/s) RD-BW(MiB/s)  TESTED(MiB)     ERRORS
[2022-12-16 17:45:07]          941          940         1376          0
[2022-12-16 17:45:08]          941          940         1850          0
[2022-12-16 17:45:10]          941          940         2324          0
[2022-12-16 17:45:11]          941          940         2798          0
[2022-12-16 17:45:13]          941          940         3272          0
[2022-12-16 17:45:14]          941          940         3746          0
[2022-12-16 17:45:16]          941          940          123          0
[2022-12-16 17:45:17]          941          940          597          0
[2022-12-16 17:45:17] WR-BW(MiB/s) RD-BW(MiB/s)  TESTED(MiB)     ERRORS
[2022-12-16 17:45:18]          941          940         1071          0
[2022-12-16 17:45:20]          941          940         1545          0
[2022-12-16 17:45:21]          941          940         2019          0
[2022-12-16 17:45:23]          941          940         2493          0
[2022-12-16 17:45:24]          941          940         2966          0
[2022-12-16 17:45:26]          941          940         3440          0
[2022-12-16 17:45:27]          941          940         3914          0
[2022-12-16 17:45:29]          941          940          292          0
[2022-12-16 17:45:29] WR-BW(MiB/s) RD-BW(MiB/s)  TESTED(MiB)     ERRORS
[2022-12-16 17:45:30]          941          940          766          0
[2022-12-16 17:45:32]          941          940         1240          0
[2022-12-16 17:45:33]          941          940         1713          0
[2022-12-16 17:45:34]          941          940         2187          0
[2022-12-16 17:45:36]          941          940         2661          0
[2022-12-16 17:45:37]          941          940         3135          0
[2022-12-16 17:45:39]          941          940         3609          0
[2022-12-16 17:45:40]          941          940         4083          0
[2022-12-16 17:45:40] WR-BW(MiB/s) RD-BW(MiB/s)  TESTED(MiB)     ERRORS
[2022-12-16 17:45:42]          941          940          460          0
[2022-12-16 17:45:43]          941          940          934          0
[2022-12-16 17:45:45]          941          940         1408          0
[2022-12-16 17:45:46]          941          940         1882          0
[2022-12-16 17:45:48]          941          940         2356          0
[2022-12-16 17:45:49]          941          940         2830          0
[2022-12-16 17:45:50]          941          940         3303          0
[2022-12-16 17:45:52]          941          940         3777          0
[2022-12-16 17:45:52] WR-BW(MiB/s) RD-BW(MiB/s)  TESTED(MiB)     ERRORS
[2022-12-16 17:45:53]          941          940          155          0
[2022-12-16 17:45:55]          941          940          629          0
[2022-12-16 17:45:56]          941          940         1103          0
[2022-12-16 17:45:58]          941          940         1577          0
[2022-12-16 17:45:59]          941          940         2051          0
[2022-12-16 17:46:01]          941          940         2524          0
[2022-12-16 17:46:02]          941          940         2998          0
[2022-12-16 17:46:03]          941          940         3472          0
[2022-12-16 17:46:03] WR-BW(MiB/s) RD-BW(MiB/s)  TESTED(MiB)     ERRORS
[2022-12-16 17:46:05]          940          940         3946          0
[2022-12-16 17:46:06]          941          940          324          0
[2022-12-16 17:46:08]          941          940          798          0
[2022-12-16 17:46:09]          941          940         1271          0
[2022-12-16 17:46:11]          941          940         1745          0
[2022-12-16 17:46:12]          941          940         2219          0
[2022-12-16 17:46:14]          941          940         2693          0
[2022-12-16 17:46:15]          941          940         3167          0
[2022-12-16 17:46:15] WR-BW(MiB/s) RD-BW(MiB/s)  TESTED(MiB)     ERRORS
[2022-12-16 17:46:17]          941          940         3641          0
[2022-12-16 17:46:18]          941          940           18          0
[2022-12-16 17:46:19]          941          940          492          0
[2022-12-16 17:46:21]          941          940          966          0
[2022-12-16 17:46:22]          941          940         1440          0
[2022-12-16 17:46:24]          941          940         1914          0
[2022-12-16 17:46:25]          941          940         2388          0
[2022-12-16 17:46:27]          941          940         2861          0
[2022-12-16 17:46:27] WR-BW(MiB/s) RD-BW(MiB/s)  TESTED(MiB)     ERRORS
[2022-12-16 17:46:28]          941          940         3335          0
[2022-12-16 17:46:30]          941          940         3809          0
[2022-12-16 17:46:31]          941          940          187          0
[2022-12-16 17:46:32]          941          940          661          0
[2022-12-16 17:46:34]          941          940         1135          0
[2022-12-16 17:46:35]          941          940         1608          0
[2022-12-16 17:46:37]          941          940         2082          0
[2022-12-16 17:46:38]          941          940         2556          0
[2022-12-16 17:46:38] WR-BW(MiB/s) RD-BW(MiB/s)  TESTED(MiB)     ERRORS
[2022-12-16 17:46:40]          940          940         3030          0
[2022-12-16 17:46:41]          941          940         3504          0
[2022-12-16 17:46:43]          941          940         3978          0
[2022-12-16 17:46:44]          941          940          355          0
[2022-12-16 17:46:46]          941          940          829          0
[2022-12-16 17:46:47]          941          940         1303          0
[2022-12-16 17:46:48]          941          940         1777          0
[2022-12-16 17:46:50]          941          940         2251          0
[2022-12-16 17:46:50] WR-BW(MiB/s) RD-BW(MiB/s)  TESTED(MiB)     ERRORS
[2022-12-16 17:46:51]          941          940         2725          0
[2022-12-16 17:46:53]          941          940         3198          0
[2022-12-16 17:46:54]          941          940         3672          0
[2022-12-16 17:46:56]          941          940           50          0
[2022-12-16 17:46:57]          941          940          524          0
[2022-12-16 17:46:59]          941          940          998          0
[2022-12-16 17:47:00]          941          940         1472          0
[2022-12-16 17:47:02]          941          940         1945          0
[2022-12-16 17:47:02] WR-BW(MiB/s) RD-BW(MiB/s)  TESTED(MiB)     ERRORS
[2022-12-16 17:47:03]          941          940         2419          0
[2022-12-16 17:47:04]          941          940         2893          0
[2022-12-16 17:47:06]          941          940         3367          0
[2022-12-16 17:47:07]          941          940         3841          0
[2022-12-16 17:47:09]          941          940          219          0
[2022-12-16 17:47:10]          941          940          692          0
[2022-12-16 17:47:12]          941          940         1166          0
[2022-12-16 17:47:13]          941          940         1640          0
[2022-12-16 17:47:13] WR-BW(MiB/s) RD-BW(MiB/s)  TESTED(MiB)     ERRORS
[2022-12-16 17:47:15]          941          940         2114          0
[2022-12-16 17:47:16]          941          940         2588          0
[2022-12-16 17:47:17]          941          940         3062          0
[2022-12-16 17:47:19]          941          940         3535          0
[2022-12-16 17:47:20]          941          940         4009          0
[2022-12-16 17:47:22]          941          940          387          0
[2022-12-16 17:47:23]          941          940          861          0
[2022-12-16 17:47:25]          941          940         1335          0
[2022-12-16 17:47:25] WR-BW(MiB/s) RD-BW(MiB/s)  TESTED(MiB)     ERRORS
[2022-12-16 17:47:26]          941          940         1809          0
[2022-12-16 17:47:28]          941          940         2282          0
[2022-12-16 17:47:29]          941          940         2756          0
[2022-12-16 17:47:31]          941          940         3230          0
[2022-12-16 17:47:32]          941          940         3704          0
[2022-12-16 17:47:33]          941          940           82          0
[2022-12-16 17:47:35]          941          940          556          0
[2022-12-16 17:47:36]          941          940         1029          0
[2022-12-16 17:47:36] WR-BW(MiB/s) RD-BW(MiB/s)  TESTED(MiB)     ERRORS
[2022-12-16 17:47:38]          940          940         1503          0
[2022-12-16 17:47:39]          941          940         1977          0
[2022-12-16 17:47:41]          941          940         2451          0
[2022-12-16 17:47:42]          941          940         2925          0
[2022-12-16 17:47:44]          941          940         3399          0
[2022-12-16 17:47:45]          941          940         3872          0
[2022-12-16 17:47:47]          941          940          250          0
[2022-12-16 17:47:48]          941          940          724          0
[2022-12-16 17:47:48] WR-BW(MiB/s) RD-BW(MiB/s)  TESTED(MiB)     ERRORS
[2022-12-16 17:47:49]          941          940         1198          0
[2022-12-16 17:47:51]          941          940         1672          0
[2022-12-16 17:47:52]          941          940         2146          0
[2022-12-16 17:47:54]          941          940         2619          0
[2022-12-16 17:47:55]          941          940         3093          0
[2022-12-16 17:47:57]          941          940         3567          0
[2022-12-16 17:47:58]          941          940         4041          0
[2022-12-16 17:48:00]          941          940          419          0
[2022-12-16 17:48:00] WR-BW(MiB/s) RD-BW(MiB/s)  TESTED(MiB)     ERRORS
[2022-12-16 17:48:01]          941          940          893          0
[2022-12-16 17:48:02]          941          940         1367          0
[2022-12-16 17:48:04]          941          940         1840          0
[2022-12-16 17:48:05]          941          940         2314          0
[2022-12-16 17:48:07]          941          940         2788          0
[2022-12-16 17:48:08]          941          940         3262          0
[2022-12-16 17:48:10]          941          940         3736          0
[2022-12-16 17:48:11]          941          940          114          0
[2022-12-16 17:48:11] WR-BW(MiB/s) RD-BW(MiB/s)  TESTED(MiB)     ERRORS
[2022-12-16 17:48:13]          941          940          587          0
[2022-12-16 17:48:14]          941          940         1061          0
[2022-12-16 17:48:16]          941          940         1535          0
[2022-12-16 17:48:17]          941          940         2009          0
[2022-12-16 17:48:18]          941          940         2483          0
[2022-12-16 17:48:20]          941          940         2957          0
[2022-12-16 17:48:21]          941          940         3430          0
[2022-12-16 17:48:23]          941          940         3904          0
[2022-12-16 17:48:23] WR-BW(MiB/s) RD-BW(MiB/s)  TESTED(MiB)     ERRORS
[2022-12-16 17:48:24]          940          940          282          0
[2022-12-16 17:48:26]          941          940          756          0
[2022-12-16 17:48:27]          941          940         1230          0
[2022-12-16 17:48:29]          941          940         1704          0
[2022-12-16 17:48:30]          941          940         2177          0
[2022-12-16 17:48:32]          941          940         2651          0
[2022-12-16 17:48:33]          941          940         3125          0
[2022-12-16 17:48:34]          941          940         3599          0
[2022-12-16 17:48:34] WR-BW(MiB/s) RD-BW(MiB/s)  TESTED(MiB)     ERRORS
[2022-12-16 17:48:36]          941          940         4073          0
[2022-12-16 17:48:37]          941          940          451          0
[2022-12-16 17:48:39]          941          940          924          0
[2022-12-16 17:48:40]          941          940         1398          0
[2022-12-16 17:48:42]          941          940         1872          0
[2022-12-16 17:48:43]          941          940         2346          0
[2022-12-16 17:48:45]          941          940         2820          0
[2022-12-16 17:48:46]          941          940         3294          0
[2022-12-16 17:48:46] WR-BW(MiB/s) RD-BW(MiB/s)  TESTED(MiB)     ERRORS
[2022-12-16 17:48:47]          940          940         3767          0
[2022-12-16 17:48:49]          941          940          145          0
[2022-12-16 17:48:50]          941          940          619          0
[2022-12-16 17:48:52]          941          940         1093          0
[2022-12-16 17:48:53]          941          940         1567          0
[2022-12-16 17:48:55]          941          940         2041          0
[2022-12-16 17:48:56]          941          940         2514          0
[2022-12-16 17:48:58]          941          940         2988          0
[2022-12-16 17:48:58] WR-BW(MiB/s) RD-BW(MiB/s)  TESTED(MiB)     ERRORS
[2022-12-16 17:48:59]          940          940         3462          0
[2022-12-16 17:49:01]          941          940         3936          0
[2022-12-16 17:49:02]          941          940          314          0
[2022-12-16 17:49:03]          941          940          788          0
[2022-12-16 17:49:05]          941          940         1261          0
[2022-12-16 17:49:06]          941          940         1735          0
[2022-12-16 17:49:08]          941          940         2209          0
[2022-12-16 17:49:09]          941          940         2683          0
[2022-12-16 17:49:09] WR-BW(MiB/s) RD-BW(MiB/s)  TESTED(MiB)     ERRORS
[2022-12-16 17:49:11]          940          940         3157          0
[2022-12-16 17:49:12]          941          940         3631          0
[2022-12-16 17:49:14]          941          940            8          0
[2022-12-16 17:49:15]          941          940          482          0
[2022-12-16 17:49:17]          941          940          956          0
[2022-12-16 17:49:18]          941          940         1430          0
[2022-12-16 17:49:19]          941          940         1904          0
[2022-12-16 17:49:21]          941          940         2378          0
[2022-12-16 17:49:21] WR-BW(MiB/s) RD-BW(MiB/s)  TESTED(MiB)     ERRORS
[2022-12-16 17:49:22]          941          940         2851          0
[2022-12-16 17:49:24]          941          940         3325          0
[2022-12-16 17:49:25]          941          940         3799          0
[2022-12-16 17:49:27]          941          940          177          0
[2022-12-16 17:49:28]          941          940          651          0
[2022-12-16 17:49:30]          941          940         1125          0
[2022-12-16 17:49:31]          941          940         1598          0
[2022-12-16 17:49:32]          941          940         2072          0
[2022-12-16 17:49:32] WR-BW(MiB/s) RD-BW(MiB/s)  TESTED(MiB)     ERRORS
[2022-12-16 17:49:34]          941          940         2546          0
[2022-12-16 17:49:35]          941          940         3020          0
[2022-12-16 17:49:37]          941          940         3494          0
[2022-12-16 17:49:38]          941          940         3968          0
[2022-12-16 17:49:40]          941          940          345          0
[2022-12-16 17:49:41]          941          940          819          0
[2022-12-16 17:49:43]          941          940         1293          0
[2022-12-16 17:49:44]          941          940         1767          0
[2022-12-16 17:49:44] WR-BW(MiB/s) RD-BW(MiB/s)  TESTED(MiB)     ERRORS
[2022-12-16 17:49:46]          940          940         2241          0
[2022-12-16 17:49:47]          941          940         2715          0
[2022-12-16 17:49:48]          941          940         3188          0
[2022-12-16 17:49:50]          941          940         3662          0
[2022-12-16 17:49:51]          941          940           40          0
[2022-12-16 17:49:53]          941          940          514          0
[2022-12-16 17:49:54]          941          940          988          0
[2022-12-16 17:49:56]          941          940         1462          0
[2022-12-16 17:49:56] WR-BW(MiB/s) RD-BW(MiB/s)  TESTED(MiB)     ERRORS
[2022-12-16 17:49:57]          940          940         1935          0
[2022-12-16 17:49:59]          941          940         2409          0
[2022-12-16 17:50:00]          941          940         2883          0
[2022-12-16 17:50:02]          941          940         3357          0
[2022-12-16 17:50:03]          941          940         3831          0
[2022-12-16 17:50:04]          941          940          209          0
[2022-12-16 17:50:06]          941          940          683          0
[2022-12-16 17:50:07]          941          940         1156          0
[2022-12-16 17:50:07] WR-BW(MiB/s) RD-BW(MiB/s)  TESTED(MiB)     ERRORS
[2022-12-16 17:50:09]          941          940         1630          0
[2022-12-16 17:50:10]          941          940         2104          0
[2022-12-16 17:50:12]          941          940         2578          0
[2022-12-16 17:50:13]          941          940         3052          0
[2022-12-16 17:50:15]          941          940         3526          0
[2022-12-16 17:50:16]          941          940         3999          0
[2022-12-16 17:50:17]          941          940          377          0
[2022-12-16 17:50:19]          941          940          851          0
[2022-12-16 17:50:19] WR-BW(MiB/s) RD-BW(MiB/s)  TESTED(MiB)     ERRORS
[2022-12-16 17:50:20]          941          940         1325          0
[2022-12-16 17:50:22]          941          940         1799          0
[2022-12-16 17:50:23]          941          940         2273          0
[2022-12-16 17:50:25]          941          940         2746          0
[2022-12-16 17:50:26]          941          940         3220          0
[2022-12-16 17:50:28]          941          940         3694          0
[2022-12-16 17:50:29]          941          940           72          0
[2022-12-16 17:50:31]          941          940          546          0
[2022-12-16 17:50:31] WR-BW(MiB/s) RD-BW(MiB/s)  TESTED(MiB)     ERRORS
[2022-12-16 17:50:32]          941          940         1020          0
[2022-12-16 17:50:33]          941          940         1493          0
[2022-12-16 17:50:35]          941          940         1967          0
[2022-12-16 17:50:36]          941          940         2441          0
[2022-12-16 17:50:38]          941          940         2915          0
[2022-12-16 17:50:39]          941          940         3389          0
[2022-12-16 17:50:41]          941          940         3863          0
[2022-12-16 17:50:42]          941          940          240          0
[2022-12-16 17:50:42] WR-BW(MiB/s) RD-BW(MiB/s)  TESTED(MiB)     ERRORS
[2022-12-16 17:50:44]          941          940          714          0
[2022-12-16 17:50:45]          941          940         1188          0
[2022-12-16 17:50:47]          941          940         1662          0
[2022-12-16 17:50:48]          941          940         2136          0
[2022-12-16 17:50:49]          941          940         2610          0
[2022-12-16 17:50:51]          941          940         3083          0
[2022-12-16 17:50:52]          941          940         3557          0
[2022-12-16 17:50:54]          941          940         4031          0
[2022-12-16 17:50:54] WR-BW(MiB/s) RD-BW(MiB/s)  TESTED(MiB)     ERRORS
[2022-12-16 17:50:55]          940          940          409          0
[2022-12-16 17:50:57]          941          940          883          0
[2022-12-16 17:50:58]          941          940         1357          0
[2022-12-16 17:51:00]          941          940         1830          0
[2022-12-16 17:51:01]          941          940         2304          0
[2022-12-16 17:51:02]          941          940         2778          0
[2022-12-16 17:51:04]          941          940         3252          0
[2022-12-16 17:51:05]          941          940         3726          0
[2022-12-16 17:51:05] WR-BW(MiB/s) RD-BW(MiB/s)  TESTED(MiB)     ERRORS
[2022-12-16 17:51:07]          941          940          104          0
[2022-12-16 17:51:08]          941          940          577          0
[2022-12-16 17:51:10]          941          940         1051          0
[2022-12-16 17:51:11]          941          940         1525          0
[2022-12-16 17:51:13]          941          940         1999          0
[2022-12-16 17:51:14]          941          940         2473          0
[2022-12-16 17:51:16]          941          940         2947          0
[2022-12-16 17:51:17]          941          940         3420          0
[2022-12-16 17:51:17] WR-BW(MiB/s) RD-BW(MiB/s)  TESTED(MiB)     ERRORS
[2022-12-16 17:51:18]          940          940         3894          0
[2022-12-16 17:51:20]          941          940          272          0
[2022-12-16 17:51:21]          941          940          746          0
[2022-12-16 17:51:23]          941          940         1220          0
[2022-12-16 17:51:24]          941          940         1694          0
[2022-12-16 17:51:26]          941          940         2167          0
[2022-12-16 17:51:27]          941          940         2641          0
[2022-12-16 17:51:29]          941          940         3115          0
[2022-12-16 17:51:29] WR-BW(MiB/s) RD-BW(MiB/s)  TESTED(MiB)     ERRORS
[2022-12-16 17:51:30]          940          940         3589          0
[2022-12-16 17:51:31]          941          940         4063          0
[2022-12-16 17:51:33]          941          940          441          0
[2022-12-16 17:51:34]          941          940          914          0
[2022-12-16 17:51:36]          941          940         1388          0
[2022-12-16 17:51:37]          941          940         1862          0
[2022-12-16 17:51:39]          941          940         2336          0
[2022-12-16 17:51:40]          941          940         2810          0
[2022-12-16 17:51:40] WR-BW(MiB/s) RD-BW(MiB/s)  TESTED(MiB)     ERRORS
[2022-12-16 17:51:42]          940          940         3284          0
[2022-12-16 17:51:43]          941          940         3757          0
[2022-12-16 17:51:45]          941          940          135          0
[2022-12-16 17:51:46]          941          940          609          0
[2022-12-16 17:51:47]          941          940         1083          0
[2022-12-16 17:51:49]          941          940         1557          0
[2022-12-16 17:51:50]          941          940         2031          0
[2022-12-16 17:51:52]          941          940         2504          0
[2022-12-16 17:51:52] WR-BW(MiB/s) RD-BW(MiB/s)  TESTED(MiB)     ERRORS
[2022-12-16 17:51:53]          940          940         2978          0
[2022-12-16 17:51:55]          941          940         3452          0
[2022-12-16 17:51:56]          941          940         3926          0
[2022-12-16 17:51:58]          941          940          304          0
[2022-12-16 17:51:59]          941          940          778          0
[2022-12-16 17:52:01]          941          940         1251          0
[2022-12-16 17:52:02]          941          940         1725          0
[2022-12-16 17:52:03]          941          940         2199          0
[2022-12-16 17:52:03] WR-BW(MiB/s) RD-BW(MiB/s)  TESTED(MiB)     ERRORS
[2022-12-16 17:52:05]          940          940         2673          0
[2022-12-16 17:52:06]          941          940         3147          0
[2022-12-16 17:52:08]          941          940         3621          0
[2022-12-16 17:52:09]          941          940         4094          0
[2022-12-16 17:52:11]          941          940          472          0
[2022-12-16 17:52:12]          941          940          946          0
[2022-12-16 17:52:14]          941          940         1420          0
[2022-12-16 17:52:15]          941          940         1894          0
[2022-12-16 17:52:15] WR-BW(MiB/s) RD-BW(MiB/s)  TESTED(MiB)     ERRORS
[2022-12-16 17:52:16]          941          940         2368          0
[2022-12-16 17:52:18]          941          940         2842          0
[2022-12-16 17:52:19]          941          940         3315          0
[2022-12-16 17:52:21]          941          940         3789          0
[2022-12-16 17:52:22]          941          940          167          0
[2022-12-16 17:52:24]          941          940          641          0
[2022-12-16 17:52:25]          941          940         1115          0
[2022-12-16 17:52:27]          941          940         1589          0
[2022-12-16 17:52:27] WR-BW(MiB/s) RD-BW(MiB/s)  TESTED(MiB)     ERRORS
[2022-12-16 17:52:28]          940          940         2062          0
[2022-12-16 17:52:30]          941          940         2536          0
[2022-12-16 17:52:31]          941          940         3010          0
[2022-12-16 17:52:32]          941          940         3484          0
[2022-12-16 17:52:34]          941          940         3958          0
[2022-12-16 17:52:35]          941          940          336          0
[2022-12-16 17:52:37]          941          940          809          0
[2022-12-16 17:52:38]          941          940         1283          0
[2022-12-16 17:52:38] WR-BW(MiB/s) RD-BW(MiB/s)  TESTED(MiB)     ERRORS
[2022-12-16 17:52:40]          940          940         1757          0
[2022-12-16 17:52:41]          941          940         2231          0
[2022-12-16 17:52:43]          941          940         2705          0
[2022-12-16 17:52:44]          941          940         3179          0
[2022-12-16 17:52:46]          941          940         3652          0
[2022-12-16 17:52:47]          941          940           30          0
[2022-12-16 17:52:48]          941          940          504          0
[2022-12-16 17:52:50]          941          940          978          0
[2022-12-16 17:52:50] WR-BW(MiB/s) RD-BW(MiB/s)  TESTED(MiB)     ERRORS
[2022-12-16 17:52:51]          941          940         1452          0
[2022-12-16 17:52:53]          941          940         1926          0
[2022-12-16 17:52:54]          941          940         2399          0
[2022-12-16 17:52:56]          941          940         2873          0
[2022-12-16 17:52:57]          941          940         3347          0
[2022-12-16 17:52:59]          941          940         3821          0
[2022-12-16 17:53:00]          941          940          199          0
[2022-12-16 17:53:02]          941          940          673          0
[2022-12-16 17:53:02] WR-BW(MiB/s) RD-BW(MiB/s)  TESTED(MiB)     ERRORS
[2022-12-16 17:53:03]          941          940         1146          0
[2022-12-16 17:53:04]          941          940         1620          0
[2022-12-16 17:53:06]          941          940         2094          0
[2022-12-16 17:53:07]          941          940         2568          0
[2022-12-16 17:53:09]          941          940         3042          0
[2022-12-16 17:53:10]          941          940         3516          0
[2022-12-16 17:53:12]          941          940         3989          0
[2022-12-16 17:53:13]          941          940          367          0
[2022-12-16 17:53:13] WR-BW(MiB/s) RD-BW(MiB/s)  TESTED(MiB)     ERRORS
[2022-12-16 17:53:15]          941          940          841          0
[2022-12-16 17:53:16]          941          940         1315          0
[2022-12-16 17:53:17]          941          940         1789          0
[2022-12-16 17:53:19]          941          940         2263          0
[2022-12-16 17:53:20]          941          940         2736          0
[2022-12-16 17:53:22]          941          940         3210          0
[2022-12-16 17:53:23]          941          940         3684          0
[2022-12-16 17:53:25]          941          940           62          0
[2022-12-16 17:53:25] WR-BW(MiB/s) RD-BW(MiB/s)  TESTED(MiB)     ERRORS
[2022-12-16 17:53:26]          941          940          536          0
[2022-12-16 17:53:28]          941          940         1010          0
[2022-12-16 17:53:29]          941          940         1483          0
[2022-12-16 17:53:31]          941          940         1957          0
[2022-12-16 17:53:32]          941          940         2431          0
[2022-12-16 17:53:33]          941          940         2905          0
[2022-12-16 17:53:35]          941          940         3379          0
[2022-12-16 17:53:36]          941          940         3853          0
[2022-12-16 17:53:36] WR-BW(MiB/s) RD-BW(MiB/s)  TESTED(MiB)     ERRORS
[2022-12-16 17:53:38]          941          940          230          0
[2022-12-16 17:53:39]          941          940          704          0
[2022-12-16 17:53:41]          941          940         1178          0
[2022-12-16 17:53:42]          941          940         1652          0
[2022-12-16 17:53:44]          941          940         2126          0
[2022-12-16 17:53:45]          941          940         2600          0
[2022-12-16 17:53:46]          941          940         3073          0
[2022-12-16 17:53:48]          941          940         3547          0
[2022-12-16 17:53:48] WR-BW(MiB/s) RD-BW(MiB/s)  TESTED(MiB)     ERRORS
[2022-12-16 17:53:49]          940          940         4021          0
[2022-12-16 17:53:51]          941          940          399          0
[2022-12-16 17:53:52]          941          940          873          0
[2022-12-16 17:53:54]          941          940         1347          0
[2022-12-16 17:53:55]          941          940         1820          0
[2022-12-16 17:53:57]          941          940         2294          0
[2022-12-16 17:53:58]          941          940         2768          0
[2022-12-16 17:54:00]          941          940         3242          0
[2022-12-16 17:54:00] WR-BW(MiB/s) RD-BW(MiB/s)  TESTED(MiB)     ERRORS
[2022-12-16 17:54:01]          940          940         3716          0
[2022-12-16 17:54:02]          941          940           94          0
[2022-12-16 17:54:04]          941          940          567          0
[2022-12-16 17:54:05]          941          940         1041          0
[2022-12-16 17:54:07]          941          940         1515          0
[2022-12-16 17:54:08]          941          940         1989          0
[2022-12-16 17:54:10]          941          940         2463          0
[2022-12-16 17:54:11]          941          940         2937          0
[2022-12-16 17:54:11] WR-BW(MiB/s) RD-BW(MiB/s)  TESTED(MiB)     ERRORS
[2022-12-16 17:54:13]          941          940         3410          0
[2022-12-16 17:54:14]          941          940         3884          0
[2022-12-16 17:54:16]          941          940          262          0
[2022-12-16 17:54:17]          941          940          736          0
[2022-12-16 17:54:18]          941          940         1210          0
[2022-12-16 17:54:20]          941          940         1684          0
[2022-12-16 17:54:21]          941          940         2158          0
[2022-12-16 17:54:23]          941          940         2631          0
[2022-12-16 17:54:23] WR-BW(MiB/s) RD-BW(MiB/s)  TESTED(MiB)     ERRORS
[2022-12-16 17:54:24]          940          940         3105          0
[2022-12-16 17:54:26]          941          940         3579          0
[2022-12-16 17:54:27]          941          940         4053          0
[2022-12-16 17:54:29]          941          940          431          0
[2022-12-16 17:54:30]          941          940          905          0
[2022-12-16 17:54:31]          941          940         1378          0
[2022-12-16 17:54:33]          941          940         1852          0
[2022-12-16 17:54:34]          941          940         2326          0
[2022-12-16 17:54:34] WR-BW(MiB/s) RD-BW(MiB/s)  TESTED(MiB)     ERRORS
[2022-12-16 17:54:36]          940          940         2800          0
[2022-12-16 17:54:37]          941          940         3274          0
[2022-12-16 17:54:39]          941          940         3748          0
[2022-12-16 17:54:40]          941          940          125          0
[2022-12-16 17:54:42]          941          940          599          0
[2022-12-16 17:54:43]          941          940         1073          0
[2022-12-16 17:54:45]          941          940         1547          0
[2022-12-16 17:54:46]          941          940         2021          0
[2022-12-16 17:54:46] WR-BW(MiB/s) RD-BW(MiB/s)  TESTED(MiB)     ERRORS
[2022-12-16 17:54:47]          941          940         2495          0
[2022-12-16 17:54:49]          941          940         2968          0
[2022-12-16 17:54:50]          941          940         3442          0
[2022-12-16 17:54:52]          941          940         3916          0
[2022-12-16 17:54:53]          941          940          294          0
[2022-12-16 17:54:55]          941          940          768          0
[2022-12-16 17:54:56]          941          940         1242          0
[2022-12-16 17:54:58]          941          940         1715          0
[2022-12-16 17:54:58] WR-BW(MiB/s) RD-BW(MiB/s)  TESTED(MiB)     ERRORS
[2022-12-16 17:54:59]          941          940         2189          0
[2022-12-16 17:55:01]          941          940         2663          0
[2022-12-16 17:55:02]          941          940         3137          0
[2022-12-16 17:55:03]          941          940         3611          0
[2022-12-16 17:55:05]          941          940         4085          0
[2022-12-16 17:55:06]          941          940          462          0
[2022-12-16 17:55:08]          941          940          936          0
[2022-12-16 17:55:09]          941          940         1410          0
[2022-12-16 17:55:09] WR-BW(MiB/s) RD-BW(MiB/s)  TESTED(MiB)     ERRORS
[2022-12-16 17:55:11]          941          940         1884          0
[2022-12-16 17:55:12]          941          940         2358          0
[2022-12-16 17:55:14]          941          940         2832          0
[2022-12-16 17:55:15]          941          940         3305          0
[2022-12-16 17:55:16]          941          940         3779          0
[2022-12-16 17:55:18]          941          940          157          0
[2022-12-16 17:55:19]          941          940          631          0
[2022-12-16 17:55:21]          941          940         1105          0
[2022-12-16 17:55:21] WR-BW(MiB/s) RD-BW(MiB/s)  TESTED(MiB)     ERRORS
[2022-12-16 17:55:22]          941          940         1579          0
[2022-12-16 17:55:24]          941          940         2052          0
[2022-12-16 17:55:25]          941          940         2526          0
[2022-12-16 17:55:27]          941          940         3000          0
[2022-12-16 17:55:28]          941          940         3474          0
[2022-12-16 17:55:30]          941          940         3948          0
[2022-12-16 17:55:31]          941          940          326          0
[2022-12-16 17:55:32]          941          940          799          0
[2022-12-16 17:55:32] WR-BW(MiB/s) RD-BW(MiB/s)  TESTED(MiB)     ERRORS
[2022-12-16 17:55:34]          941          940         1273          0
[2022-12-16 17:55:35]          941          940         1747          0
[2022-12-16 17:55:37]          941          940         2221          0
[2022-12-16 17:55:38]          941          940         2695          0
[2022-12-16 17:55:40]          941          940         3169          0
[2022-12-16 17:55:41]          941          940         3642          0
[2022-12-16 17:55:43]          941          940           20          0
[2022-12-16 17:55:44]          941          940          494          0
[2022-12-16 17:55:44] WR-BW(MiB/s) RD-BW(MiB/s)  TESTED(MiB)     ERRORS
[2022-12-16 17:55:46]          941          940          968          0
[2022-12-16 17:55:47]          941          940         1442          0
[2022-12-16 17:55:48]          941          940         1916          0
[2022-12-16 17:55:50]          941          940         2389          0
[2022-12-16 17:55:51]          941          940         2863          0
[2022-12-16 17:55:53]          941          940         3337          0
[2022-12-16 17:55:54]          941          940         3811          0
[2022-12-16 17:55:56]          941          940          189          0
[2022-12-16 17:55:56] WR-BW(MiB/s) RD-BW(MiB/s)  TESTED(MiB)     ERRORS
[2022-12-16 17:55:57]          941          940          663          0
[2022-12-16 17:55:59]          941          940         1136          0
[2022-12-16 17:56:00]          941          940         1610          0
[2022-12-16 17:56:01]          941          940         2084          0
[2022-12-16 17:56:03]          941          940         2558          0
[2022-12-16 17:56:04]          941          940         3032          0
[2022-12-16 17:56:06]          941          940         3506          0
[2022-12-16 17:56:07]          941          940         3979          0
[2022-12-16 17:56:07] WR-BW(MiB/s) RD-BW(MiB/s)  TESTED(MiB)     ERRORS
[2022-12-16 17:56:09]          940          940          357          0
[2022-12-16 17:56:10]          941          940          831          0
[2022-12-16 17:56:12]          941          940         1305          0
[2022-12-16 17:56:13]          941          940         1779          0
[2022-12-16 17:56:15]          941          940         2253          0
[2022-12-16 17:56:16]          941          940         2726          0
[2022-12-16 17:56:17]          941          940         3200          0
[2022-12-16 17:56:19]          941          940         3674          0
[2022-12-16 17:56:19] WR-BW(MiB/s) RD-BW(MiB/s)  TESTED(MiB)     ERRORS
[2022-12-16 17:56:20]          941          940           52          0
[2022-12-16 17:56:22]          941          940          526          0
[2022-12-16 17:56:23]          941          940         1000          0
[2022-12-16 17:56:25]          941          940         1473          0
[2022-12-16 17:56:26]          941          940         1947          0
[2022-12-16 17:56:28]          941          940         2421          0
[2022-12-16 17:56:29]          941          940         2895          0
[2022-12-16 17:56:31]          941          940         3369          0
[2022-12-16 17:56:31] WR-BW(MiB/s) RD-BW(MiB/s)  TESTED(MiB)     ERRORS
[2022-12-16 17:56:32]          940          940         3843          0
[2022-12-16 17:56:33]          941          940          220          0
[2022-12-16 17:56:35]          941          940          694          0
[2022-12-16 17:56:36]          941          940         1168          0
[2022-12-16 17:56:38]          941          940         1642          0
[2022-12-16 17:56:39]          941          940         2116          0
[2022-12-16 17:56:41]          941          940         2590          0
[2022-12-16 17:56:42]          941          940         3064          0
[2022-12-16 17:56:42] WR-BW(MiB/s) RD-BW(MiB/s)  TESTED(MiB)     ERRORS
[2022-12-16 17:56:44]          940          940         3537          0
[2022-12-16 17:56:45]          941          940         4011          0
[2022-12-16 17:56:46]          941          940          389          0
[2022-12-16 17:56:48]          941          940          863          0
[2022-12-16 17:56:49]          941          940         1337          0
[2022-12-16 17:56:51]          941          940         1811          0
[2022-12-16 17:56:52]          941          940         2284          0
[2022-12-16 17:56:54]          941          940         2758          0
[2022-12-16 17:56:54] WR-BW(MiB/s) RD-BW(MiB/s)  TESTED(MiB)     ERRORS
[2022-12-16 17:56:55]          941          940         3232          0
[2022-12-16 17:56:57]          941          940         3706          0
[2022-12-16 17:56:58]          941          940           84          0
[2022-12-16 17:57:00]          941          940          558          0
[2022-12-16 17:57:01]          941          940         1031          0
[2022-12-16 17:57:02]          941          940         1505          0
[2022-12-16 17:57:04]          941          940         1979          0
[2022-12-16 17:57:05]          941          940         2453          0
[2022-12-16 17:57:05] WR-BW(MiB/s) RD-BW(MiB/s)  TESTED(MiB)     ERRORS
[2022-12-16 17:57:07]          940          940         2927          0
[2022-12-16 17:57:08]          941          940         3401          0
[2022-12-16 17:57:10]          941          940         3874          0
[2022-12-16 17:57:11]          941          940          252          0
[2022-12-16 17:57:13]          941          940          726          0
[2022-12-16 17:57:14]          941          940         1200          0
[2022-12-16 17:57:15]          941          940         1674          0
[2022-12-16 17:57:17]          941          940         2148          0
[2022-12-16 17:57:17] WR-BW(MiB/s) RD-BW(MiB/s)  TESTED(MiB)     ERRORS
[2022-12-16 17:57:18]          941          940         2621          0
[2022-12-16 17:57:20]          941          940         3095          0
[2022-12-16 17:57:21]          941          940         3569          0
[2022-12-16 17:57:23]          941          940         4043          0
[2022-12-16 17:57:24]          941          940          421          0
[2022-12-16 17:57:26]          941          940          895          0
[2022-12-16 17:57:27]          941          940         1368          0
[2022-12-16 17:57:29]          941          940         1842          0
[2022-12-16 17:57:29] WR-BW(MiB/s) RD-BW(MiB/s)  TESTED(MiB)     ERRORS
[2022-12-16 17:57:30]          940          940         2316          0
[2022-12-16 17:57:31]          941          940         2790          0
[2022-12-16 17:57:33]          941          940         3264          0
[2022-12-16 17:57:34]          941          940         3738          0
[2022-12-16 17:57:36]          941          940          115          0
[2022-12-16 17:57:37]          941          940          589          0
[2022-12-16 17:57:39]          941          940         1063          0
[2022-12-16 17:57:40]          941          940         1537          0
[2022-12-16 17:57:40] WR-BW(MiB/s) RD-BW(MiB/s)  TESTED(MiB)     ERRORS
[2022-12-16 17:57:42]          940          940         2011          0
[2022-12-16 17:57:43]          941          940         2485          0
[2022-12-16 17:57:45]          941          940         2958          0
[2022-12-16 17:57:46]          941          940         3432          0
[2022-12-16 17:57:47]          941          940         3906          0
[2022-12-16 17:57:49]          941          940          284          0
[2022-12-16 17:57:50]          941          940          758          0
[2022-12-16 17:57:52]          941          940         1232          0
[2022-12-16 17:57:52] WR-BW(MiB/s) RD-BW(MiB/s)  TESTED(MiB)     ERRORS
[2022-12-16 17:57:53]          941          940         1705          0
[2022-12-16 17:57:55]          941          940         2179          0
[2022-12-16 17:57:56]          941          940         2653          0
[2022-12-16 17:57:58]          941          940         3127          0
[2022-12-16 17:57:59]          941          940         3601          0
[2022-12-16 17:58:00]          941          940         4075          0
[2022-12-16 17:58:02]          941          940          452          0
[2022-12-16 17:58:03]          941          940          926          0
[2022-12-16 17:58:03] WR-BW(MiB/s) RD-BW(MiB/s)  TESTED(MiB)     ERRORS
[2022-12-16 17:58:05]          941          940         1400          0
[2022-12-16 17:58:06]          941          940         1874          0
[2022-12-16 17:58:08]          941          940         2348          0
[2022-12-16 17:58:09]          941          940         2822          0
[2022-12-16 17:58:11]          941          940         3295          0
[2022-12-16 17:58:12]          941          940         3769          0
[2022-12-16 17:58:14]          941          940          147          0
[2022-12-16 17:58:15]          941          940          621          0
[2022-12-16 17:58:15] WR-BW(MiB/s) RD-BW(MiB/s)  TESTED(MiB)     ERRORS
[2022-12-16 17:58:16]          941          940         1095          0
[2022-12-16 17:58:18]          941          940         1569          0
[2022-12-16 17:58:19]          941          940         2042          0
[2022-12-16 17:58:21]          941          940         2516          0
[2022-12-16 17:58:22]          941          940         2990          0
[2022-12-16 17:58:24]          941          940         3464          0
[2022-12-16 17:58:25]          941          940         3938          0
[2022-12-16 17:58:27]          941          940          316          0
[2022-12-16 17:58:27] WR-BW(MiB/s) RD-BW(MiB/s)  TESTED(MiB)     ERRORS
[2022-12-16 17:58:28]          941          940          789          0
[2022-12-16 17:58:30]          941          940         1263          0
[2022-12-16 17:58:31]          941          940         1737          0
[2022-12-16 17:58:32]          941          940         2211          0
[2022-12-16 17:58:34]          941          940         2685          0
[2022-12-16 17:58:35]          941          940         3159          0
[2022-12-16 17:58:37]          941          940         3632          0
[2022-12-16 17:58:38]          941          940           10          0
[2022-12-16 17:58:38] WR-BW(MiB/s) RD-BW(MiB/s)  TESTED(MiB)     ERRORS
[2022-12-16 17:58:40]          941          940          484          0
[2022-12-16 17:58:41]          941          940          958          0
[2022-12-16 17:58:43]          941          940         1432          0
[2022-12-16 17:58:44]          941          940         1906          0
[2022-12-16 17:58:45]          941          940         2380          0
[2022-12-16 17:58:47]          941          940         2853          0
[2022-12-16 17:58:48]          941          940         3327          0
[2022-12-16 17:58:50]          941          940         3801          0
[2022-12-16 17:58:50] WR-BW(MiB/s) RD-BW(MiB/s)  TESTED(MiB)     ERRORS
[2022-12-16 17:58:51]          940          940          179          0
[2022-12-16 17:58:53]          941          940          653          0
[2022-12-16 17:58:54]          941          940         1127          0
[2022-12-16 17:58:56]          941          940         1600          0
[2022-12-16 17:58:57]          941          940         2074          0
[2022-12-16 17:58:59]          941          940         2548          0
[2022-12-16 17:59:00]          941          940         3022          0
[2022-12-16 17:59:01]          941          940         3496          0
[2022-12-16 17:59:01] WR-BW(MiB/s) RD-BW(MiB/s)  TESTED(MiB)     ERRORS
[2022-12-16 17:59:03]          940          940         3970          0
[2022-12-16 17:59:04]          941          940          347          0
[2022-12-16 17:59:06]          941          940          821          0
[2022-12-16 17:59:07]          941          940         1295          0
[2022-12-16 17:59:09]          941          940         1769          0
[2022-12-16 17:59:10]          941          940         2243          0
[2022-12-16 17:59:12]          941          940         2717          0
[2022-12-16 17:59:13]          941          940         3190          0
[2022-12-16 17:59:13] WR-BW(MiB/s) RD-BW(MiB/s)  TESTED(MiB)     ERRORS
[2022-12-16 17:59:14]          940          940         3664          0
[2022-12-16 17:59:16]          941          940           42          0
[2022-12-16 17:59:17]          941          940          516          0
[2022-12-16 17:59:19]          941          940          990          0
[2022-12-16 17:59:20]          941          940         1464          0
[2022-12-16 17:59:22]          941          940         1937          0
[2022-12-16 17:59:23]          941          940         2411          0
[2022-12-16 17:59:25]          941          940         2885          0
[2022-12-16 17:59:25] WR-BW(MiB/s) RD-BW(MiB/s)  TESTED(MiB)     ERRORS
[2022-12-16 17:59:26]          941          940         3359          0
[2022-12-16 17:59:28]          941          940         3833          0
[2022-12-16 17:59:29]          941          940          211          0
[2022-12-16 17:59:30]          941          940          684          0
[2022-12-16 17:59:32]          941          940         1158          0
[2022-12-16 17:59:33]          941          940         1632          0
[2022-12-16 17:59:35]          941          940         2106          0
[2022-12-16 17:59:36]          941          940         2580          0
[2022-12-16 17:59:36] WR-BW(MiB/s) RD-BW(MiB/s)  TESTED(MiB)     ERRORS
[2022-12-16 17:59:38]          940          940         3054          0
[2022-12-16 17:59:39]          941          940         3527          0
[2022-12-16 17:59:41]          941          940         4001          0
[2022-12-16 17:59:42]          941          940          379          0
[2022-12-16 17:59:44]          941          940          853          0
[2022-12-16 17:59:45]          941          940         1327          0
[2022-12-16 17:59:46]          941          940         1801          0
[2022-12-16 17:59:48]          941          940         2274          0
[2022-12-16 17:59:48] WR-BW(MiB/s) RD-BW(MiB/s)  TESTED(MiB)     ERRORS
[2022-12-16 17:59:49]          940          940         2748          0
[2022-12-16 17:59:51]          941          940         3222          0
[2022-12-16 17:59:52]          941          940         3696          0
[2022-12-16 17:59:54]          941          940           74          0
[2022-12-16 17:59:55]          941          940          548          0
[2022-12-16 17:59:57]          941          940         1021          0
[2022-12-16 17:59:58]          941          940         1495          0
[2022-12-16 18:00:00]          941          940         1969          0
[2022-12-16 18:00:00] WR-BW(MiB/s) RD-BW(MiB/s)  TESTED(MiB)     ERRORS
[2022-12-16 18:00:01]          940          940         2443          0
[2022-12-16 18:00:02]          941          940         2917          0
[2022-12-16 18:00:04]          941          940         3391          0
[2022-12-16 18:00:05]          941          940         3864          0
[2022-12-16 18:00:07]          941          940          242          0
[2022-12-16 18:00:08]          941          940          716          0
[2022-12-16 18:00:10]          941          940         1190          0
[2022-12-16 18:00:11]          941          940         1664          0
[2022-12-16 18:00:11] WR-BW(MiB/s) RD-BW(MiB/s)  TESTED(MiB)     ERRORS
[2022-12-16 18:00:13]          940          940         2138          0
[2022-12-16 18:00:14]          941          940         2611          0
[2022-12-16 18:00:15]          941          940         3085          0
[2022-12-16 18:00:17]          941          940         3559          0
[2022-12-16 18:00:18]          941          940         4033          0
[2022-12-16 18:00:20]          941          940          411          0
[2022-12-16 18:00:21]          941          940          885          0
[2022-12-16 18:00:23]          941          940         1358          0
[2022-12-16 18:00:23] WR-BW(MiB/s) RD-BW(MiB/s)  TESTED(MiB)     ERRORS
[2022-12-16 18:00:24]          940          940         1832          0
[2022-12-16 18:00:26]          941          940         2306          0
[2022-12-16 18:00:27]          941          940         2780          0
[2022-12-16 18:00:29]          941          940         3254          0
[2022-12-16 18:00:30]          941          940         3728          0
[2022-12-16 18:00:31]          941          940          105          0
[2022-12-16 18:00:33]          941          940          579          0
[2022-12-16 18:00:34]          941          940         1053          0
[2022-12-16 18:00:34] WR-BW(MiB/s) RD-BW(MiB/s)  TESTED(MiB)     ERRORS
[2022-12-16 18:00:36]          941          940         1527          0
[2022-12-16 18:00:37]          941          940         2001          0
[2022-12-16 18:00:39]          941          940         2475          0
[2022-12-16 18:00:40]          941          940         2948          0
[2022-12-16 18:00:42]          941          940         3422          0
[2022-12-16 18:00:43]          941          940         3896          0
[2022-12-16 18:00:45]          941          940          274          0
[2022-12-16 18:00:46]          941          940          748          0
[2022-12-16 18:00:46] WR-BW(MiB/s) RD-BW(MiB/s)  TESTED(MiB)     ERRORS
[2022-12-16 18:00:47]          941          940         1222          0
[2022-12-16 18:00:49]          941          940         1695          0
[2022-12-16 18:00:50]          941          940         2169          0
[2022-12-16 18:00:52]          941          940         2643          0
[2022-12-16 18:00:53]          941          940         3117          0
[2022-12-16 18:00:55]          941          940         3591          0
[2022-12-16 18:00:56]          941          940         4065          0
[2022-12-16 18:00:58]          941          940          443          0
[2022-12-16 18:00:58] WR-BW(MiB/s) RD-BW(MiB/s)  TESTED(MiB)     ERRORS
[2022-12-16 18:00:59]          941          940          916          0
[2022-12-16 18:01:00]          941          940         1390          0
[2022-12-16 18:01:02]          941          940         1864          0
[2022-12-16 18:01:03]          941          940         2338          0
[2022-12-16 18:01:05]          941          940         2812          0
[2022-12-16 18:01:06]          941          940         3286          0
[2022-12-16 18:01:08]          941          940         3759          0
[2022-12-16 18:01:09]          941          940          137          0
[2022-12-16 18:01:09] WR-BW(MiB/s) RD-BW(MiB/s)  TESTED(MiB)     ERRORS
[2022-12-16 18:01:11]          941          940          611          0
[2022-12-16 18:01:12]          941          940         1085          0
[2022-12-16 18:01:14]          941          940         1559          0
[2022-12-16 18:01:15]          941          940         2033          0
[2022-12-16 18:01:16]          941          940         2506          0
[2022-12-16 18:01:18]          941          940         2980          0
[2022-12-16 18:01:19]          941          940         3454          0
[2022-12-16 18:01:21]          941          940         3928          0
[2022-12-16 18:01:21] WR-BW(MiB/s) RD-BW(MiB/s)  TESTED(MiB)     ERRORS
[2022-12-16 18:01:22]          941          940          306          0
[2022-12-16 18:01:24]          941          940          780          0
[2022-12-16 18:01:25]          941          940         1253          0
[2022-12-16 18:01:27]          941          940         1727          0
[2022-12-16 18:01:28]          941          940         2201          0
[2022-12-16 18:01:30]          941          940         2675          0
[2022-12-16 18:01:31]          941          940         3149          0
[2022-12-16 18:01:32]          941          940         3623          0
[2022-12-16 18:01:32] WR-BW(MiB/s) RD-BW(MiB/s)  TESTED(MiB)     ERRORS
[2022-12-16 18:01:34]          940          940            0          0
[2022-12-16 18:01:35]          941          940          474          0
[2022-12-16 18:01:37]          941          940          948          0
[2022-12-16 18:01:38]          941          940         1422          0
[2022-12-16 18:01:40]          941          940         1896          0
[2022-12-16 18:01:41]          941          940         2370          0
[2022-12-16 18:01:43]          941          940         2843          0
[2022-12-16 18:01:44]          941          940         3317          0
[2022-12-16 18:01:44] WR-BW(MiB/s) RD-BW(MiB/s)  TESTED(MiB)     ERRORS
[2022-12-16 18:01:45]          941          940         3791          0
[2022-12-16 18:01:47]          941          940          169          0
[2022-12-16 18:01:48]          941          940          643          0
[2022-12-16 18:01:50]          941          940         1117          0
[2022-12-16 18:01:51]          941          940         1590          0
[2022-12-16 18:01:53]          941          940         2064          0
[2022-12-16 18:01:54]          941          940         2538          0
[2022-12-16 18:01:56]          941          940         3012          0
[2022-12-16 18:01:56] WR-BW(MiB/s) RD-BW(MiB/s)  TESTED(MiB)     ERRORS
[2022-12-16 18:01:57]          941          940         3486          0
[2022-12-16 18:01:59]          941          940         3960          0
[2022-12-16 18:02:00]          941          940          337          0
[2022-12-16 18:02:01]          941          940          811          0
[2022-12-16 18:02:03]          941          940         1285          0
[2022-12-16 18:02:04]          941          940         1759          0
[2022-12-16 18:02:06]          941          940         2233          0
[2022-12-16 18:02:07]          941          940         2707          0
[2022-12-16 18:02:07] WR-BW(MiB/s) RD-BW(MiB/s)  TESTED(MiB)     ERRORS
[2022-12-16 18:02:09]          941          940         3180          0
[2022-12-16 18:02:10]          941          940         3654          0
[2022-12-16 18:02:12]          941          940           32          0
[2022-12-16 18:02:13]          941          940          506          0
[2022-12-16 18:02:15]          941          940          980          0
[2022-12-16 18:02:16]          941          940         1454          0
[2022-12-16 18:02:17]          941          940         1927          0
[2022-12-16 18:02:19]          941          940         2401          0
[2022-12-16 18:02:19] WR-BW(MiB/s) RD-BW(MiB/s)  TESTED(MiB)     ERRORS
[2022-12-16 18:02:20]          940          940         2875          0
[2022-12-16 18:02:22]          941          940         3349          0
[2022-12-16 18:02:23]          941          940         3823          0
[2022-12-16 18:02:25]          941          940          201          0
[2022-12-16 18:02:26]          941          940          674          0
[2022-12-16 18:02:28]          941          940         1148          0
[2022-12-16 18:02:29]          941          940         1622          0
[2022-12-16 18:02:31]          941          940         2096          0
[2022-12-16 18:02:31] WR-BW(MiB/s) RD-BW(MiB/s)  TESTED(MiB)     ERRORS
[2022-12-16 18:02:32]          941          940         2570          0
[2022-12-16 18:02:33]          941          940         3044          0
[2022-12-16 18:02:35]          941          940         3517          0
[2022-12-16 18:02:36]          941          940         3991          0
[2022-12-16 18:02:38]          941          940          369          0
[2022-12-16 18:02:39]          941          940          843          0
[2022-12-16 18:02:41]          941          940         1317          0
[2022-12-16 18:02:42]          941          940         1791          0
[2022-12-16 18:02:42] WR-BW(MiB/s) RD-BW(MiB/s)  TESTED(MiB)     ERRORS
[2022-12-16 18:02:44]          940          940         2264          0
[2022-12-16 18:02:45]          941          940         2738          0
[2022-12-16 18:02:46]          941          940         3212          0
[2022-12-16 18:02:48]          941          940         3686          0
[2022-12-16 18:02:49]          941          940           64          0
[2022-12-16 18:02:51]          941          940          538          0
[2022-12-16 18:02:52]          941          940         1012          0
[2022-12-16 18:02:54]          941          940         1485          0
[2022-12-16 18:02:54] WR-BW(MiB/s) RD-BW(MiB/s)  TESTED(MiB)     ERRORS
[2022-12-16 18:02:55]          940          940         1959          0
[2022-12-16 18:02:57]          941          940         2433          0
[2022-12-16 18:02:58]          941          940         2907          0
[2022-12-16 18:03:00]          941          940         3381          0
[2022-12-16 18:03:01]          941          940         3855          0
[2022-12-16 18:03:02]          941          940          232          0
[2022-12-16 18:03:04]          941          940          706          0
[2022-12-16 18:03:05]          941          940         1180          0
[2022-12-16 18:03:05] WR-BW(MiB/s) RD-BW(MiB/s)  TESTED(MiB)     ERRORS
[2022-12-16 18:03:07]          940          940         1654          0
[2022-12-16 18:03:08]          941          940         2128          0
[2022-12-16 18:03:10]          941          940         2602          0
[2022-12-16 18:03:11]          941          940         3075          0
[2022-12-16 18:03:13]          941          940         3549          0
[2022-12-16 18:03:14]          941          940         4023          0
[2022-12-16 18:03:15]          941          940          401          0
[2022-12-16 18:03:17]          941          940          875          0
[2022-12-16 18:03:17] WR-BW(MiB/s) RD-BW(MiB/s)  TESTED(MiB)     ERRORS
[2022-12-16 18:03:18]          941          940         1349          0
[2022-12-16 18:03:20]          941          940         1822          0
[2022-12-16 18:03:21]          941          940         2296          0
[2022-12-16 18:03:23]          941          940         2770          0
[2022-12-16 18:03:24]          941          940         3244          0
[2022-12-16 18:03:26]          941          940         3718          0
[2022-12-16 18:03:27]          941          940           96          0
[2022-12-16 18:03:29]          941          940          569          0
[2022-12-16 18:03:29] WR-BW(MiB/s) RD-BW(MiB/s)  TESTED(MiB)     ERRORS
[2022-12-16 18:03:30]          941          940         1043          0
[2022-12-16 18:03:31]          941          940         1517          0
[2022-12-16 18:03:33]          941          940         1991          0
[2022-12-16 18:03:34]          941          940         2465          0
[2022-12-16 18:03:36]          941          940         2939          0
[2022-12-16 18:03:37]          941          940         3412          0
[2022-12-16 18:03:39]          941          940         3886          0
[2022-12-16 18:03:40]          941          940          264          0
[2022-12-16 18:03:40] WR-BW(MiB/s) RD-BW(MiB/s)  TESTED(MiB)     ERRORS
[2022-12-16 18:03:42]          940          940          738          0
[2022-12-16 18:03:43]          941          940         1212          0
[2022-12-16 18:03:45]          941          940         1686          0
[2022-12-16 18:03:46]          941          940         2159          0
[2022-12-16 18:03:47]          941          940         2633          0
[2022-12-16 18:03:49]          941          940         3107          0
[2022-12-16 18:03:50]          941          940         3581          0
[2022-12-16 18:03:52]          941          940         4055          0
[2022-12-16 18:03:52] WR-BW(MiB/s) RD-BW(MiB/s)  TESTED(MiB)     ERRORS
[2022-12-16 18:03:53]          940          940          433          0
[2022-12-16 18:03:55]          941          940          906          0
[2022-12-16 18:03:56]          941          940         1380          0
[2022-12-16 18:03:58]          941          940         1854          0
[2022-12-16 18:03:59]          941          940         2328          0
[2022-12-16 18:04:00]          941          940         2802          0
[2022-12-16 18:04:02]          941          940         3276          0
[2022-12-16 18:04:03]          941          940         3749          0
[2022-12-16 18:04:03] WR-BW(MiB/s) RD-BW(MiB/s)  TESTED(MiB)     ERRORS
[2022-12-16 18:04:05]          941          940          127          0
[2022-12-16 18:04:06]          941          940          601          0
[2022-12-16 18:04:08]          941          940         1075          0
[2022-12-16 18:04:09]          941          940         1549          0
[2022-12-16 18:04:11]          941          940         2023          0
[2022-12-16 18:04:12]          941          940         2496          0
[2022-12-16 18:04:14]          941          940         2970          0
[2022-12-16 18:04:15]          941          940         3444          0
[2022-12-16 18:04:15] WR-BW(MiB/s) RD-BW(MiB/s)  TESTED(MiB)     ERRORS
[2022-12-16 18:04:16]          941          940         3918          0
[2022-12-16 18:04:18]          941          940          296          0
[2022-12-16 18:04:19]          941          940          770          0
[2022-12-16 18:04:21]          941          940         1243          0
[2022-12-16 18:04:22]          941          940         1717          0
[2022-12-16 18:04:24]          941          940         2191          0
[2022-12-16 18:04:25]          941          940         2665          0
[2022-12-16 18:04:27]          941          940         3139          0
[2022-12-16 18:04:27] WR-BW(MiB/s) RD-BW(MiB/s)  TESTED(MiB)     ERRORS
[2022-12-16 18:04:28]          941          940         3613          0
[2022-12-16 18:04:30]          941          940         4086          0
[2022-12-16 18:04:31]          941          940          464          0
[2022-12-16 18:04:32]          941          940          938          0
[2022-12-16 18:04:34]          941          940         1412          0
[2022-12-16 18:04:35]          941          940         1886          0
[2022-12-16 18:04:37]          941          940         2360          0
[2022-12-16 18:04:38]          941          940         2833          0
[2022-12-16 18:04:38] WR-BW(MiB/s) RD-BW(MiB/s)  TESTED(MiB)     ERRORS
[2022-12-16 18:04:40]          941          940         3307          0
[2022-12-16 18:04:41]          941          940         3781          0
[2022-12-16 18:04:43]          941          940          159          0
[2022-12-16 18:04:44]          941          940          633          0
[2022-12-16 18:04:45]          941          940         1107          0
[2022-12-16 18:04:47]          941          940         1580          0
[2022-12-16 18:04:48]          941          940         2054          0
[2022-12-16 18:04:50]          941          940         2528          0
[2022-12-16 18:04:50] WR-BW(MiB/s) RD-BW(MiB/s)  TESTED(MiB)     ERRORS
[2022-12-16 18:04:51]          941          940         3002          0
[2022-12-16 18:04:53]          941          940         3476          0
[2022-12-16 18:04:54]          941          940         3950          0
[2022-12-16 18:04:56]          941          940          328          0
[2022-12-16 18:04:57]          941          940          801          0
[2022-12-16 18:04:59]          941          940         1275          0
[2022-12-16 18:05:00]          941          940         1749          0
[2022-12-16 18:05:01]          941          940         2223          0
[2022-12-16 18:05:01] WR-BW(MiB/s) RD-BW(MiB/s)  TESTED(MiB)     ERRORS
[2022-12-16 18:05:03]          941          940         2697          0
[2022-12-16 18:05:04]          941          940         3171          0
[2022-12-16 18:05:06]          941          940         3644          0
[2022-12-16 18:05:07]          941          940           22          0
[2022-12-16 18:05:09]          941          940          496          0
[2022-12-16 18:05:10]          941          940          970          0
[2022-12-16 18:05:12]          941          940         1444          0
[2022-12-16 18:05:13]          941          940         1918          0
[2022-12-16 18:05:13] WR-BW(MiB/s) RD-BW(MiB/s)  TESTED(MiB)     ERRORS
[2022-12-16 18:05:15]          940          940         2391          0
[2022-12-16 18:05:16]          941          940         2865          0
[2022-12-16 18:05:17]          941          940         3339          0
[2022-12-16 18:05:19]          941          940         3813          0
[2022-12-16 18:05:20]          941          940          191          0
[2022-12-16 18:05:22]          941          940          665          0
[2022-12-16 18:05:23]          941          940         1138          0
[2022-12-16 18:05:25]          941          940         1612          0
[2022-12-16 18:05:25] WR-BW(MiB/s) RD-BW(MiB/s)  TESTED(MiB)     ERRORS
[2022-12-16 18:05:26]          940          940         2086          0
[2022-12-16 18:05:28]          941          940         2560          0
[2022-12-16 18:05:29]          941          940         3034          0
[2022-12-16 18:05:30]          941          940         3508          0
[2022-12-16 18:05:32]          941          940         3981          0
[2022-12-16 18:05:33]          941          940          359          0
[2022-12-16 18:05:35]          941          940          833          0
[2022-12-16 18:05:36]          941          940         1307          0
[2022-12-16 18:05:36] WR-BW(MiB/s) RD-BW(MiB/s)  TESTED(MiB)     ERRORS
[2022-12-16 18:05:38]          941          940         1781          0
[2022-12-16 18:05:39]          941          940         2255          0
[2022-12-16 18:05:41]          941          940         2728          0
[2022-12-16 18:05:42]          941          940         3202          0
[2022-12-16 18:05:44]          941          940         3676          0
[2022-12-16 18:05:45]          941          940           54          0
[2022-12-16 18:05:46]          941          940          528          0
[2022-12-16 18:05:48]          941          940         1002          0
[2022-12-16 18:05:48] WR-BW(MiB/s) RD-BW(MiB/s)  TESTED(MiB)     ERRORS
[2022-12-16 18:05:49]          941          940         1475          0
[2022-12-16 18:05:51]          941          940         1949          0
[2022-12-16 18:05:52]          941          940         2423          0
[2022-12-16 18:05:54]          941          940         2897          0
[2022-12-16 18:05:55]          941          940         3371          0
[2022-12-16 18:05:57]          941          940         3845          0
[2022-12-16 18:05:58]          941          940          222          0
[2022-12-16 18:06:00]          941          940          696          0
[2022-12-16 18:06:00] WR-BW(MiB/s) RD-BW(MiB/s)  TESTED(MiB)     ERRORS
[2022-12-16 18:06:01]          940          940         1170          0
[2022-12-16 18:06:02]          941          940         1644          0
[2022-12-16 18:06:04]          941          940         2118          0
[2022-12-16 18:06:05]          941          940         2592          0
[2022-12-16 18:06:07]          941          940         3065          0
[2022-12-16 18:06:08]          941          940         3539          0
[2022-12-16 18:06:10]          941          940         4013          0
[2022-12-16 18:06:11]          941          940          391          0
[2022-12-16 18:06:11] WR-BW(MiB/s) RD-BW(MiB/s)  TESTED(MiB)     ERRORS
[2022-12-16 18:06:13]          941          940          865          0
[2022-12-16 18:06:14]          941          940         1339          0
[2022-12-16 18:06:15]          941          940         1812          0
[2022-12-16 18:06:17]          941          940         2286          0
[2022-12-16 18:06:18]          941          940         2760          0
[2022-12-16 18:06:20]          941          940         3234          0
[2022-12-16 18:06:21]          941          940         3708          0
[2022-12-16 18:06:23]          941          940           86          0
[2022-12-16 18:06:23] WR-BW(MiB/s) RD-BW(MiB/s)  TESTED(MiB)     ERRORS
[2022-12-16 18:06:24]          941          940          559          0
[2022-12-16 18:06:26]          941          940         1033          0
[2022-12-16 18:06:27]          941          940         1507          0
[2022-12-16 18:06:29]          941          940         1981          0
[2022-12-16 18:06:30]          941          940         2455          0
[2022-12-16 18:06:31]          941          940         2929          0
[2022-12-16 18:06:33]          941          940         3402          0
[2022-12-16 18:06:34]          941          940         3876          0
[2022-12-16 18:06:34] WR-BW(MiB/s) RD-BW(MiB/s)  TESTED(MiB)     ERRORS
[2022-12-16 18:06:36]          940          940          254          0
[2022-12-16 18:06:37]          941          940          728          0
[2022-12-16 18:06:39]          941          940         1202          0
[2022-12-16 18:06:40]          941          940         1676          0
[2022-12-16 18:06:42]          941          940         2149          0
[2022-12-16 18:06:43]          941          940         2623          0
[2022-12-16 18:06:45]          941          940         3097          0
[2022-12-16 18:06:46]          941          940         3571          0
[2022-12-16 18:06:46] WR-BW(MiB/s) RD-BW(MiB/s)  TESTED(MiB)     ERRORS
[2022-12-16 18:06:47]          940          940         4045          0
[2022-12-16 18:06:49]          941          940          423          0
[2022-12-16 18:06:50]          941          940          896          0
[2022-12-16 18:06:52]          941          940         1370          0
[2022-12-16 18:06:53]          941          940         1844          0
[2022-12-16 18:06:55]          941          940         2318          0
[2022-12-16 18:06:56]          941          940         2792          0
[2022-12-16 18:06:58]          941          940         3266          0
[2022-12-16 18:06:58] WR-BW(MiB/s) RD-BW(MiB/s)  TESTED(MiB)     ERRORS
[2022-12-16 18:06:59]          940          940         3739          0
[2022-12-16 18:07:00]          941          940          117          0
[2022-12-16 18:07:02]          941          940          591          0
[2022-12-16 18:07:03]          941          940         1065          0
[2022-12-16 18:07:05]          941          940         1539          0
[2022-12-16 18:07:06]          941          940         2013          0
[2022-12-16 18:07:08]          941          940         2487          0
[2022-12-16 18:07:09]          941          940         2960          0
[2022-12-16 18:07:09] WR-BW(MiB/s) RD-BW(MiB/s)  TESTED(MiB)     ERRORS
[2022-12-16 18:07:11]          940          940         3434          0
[2022-12-16 18:07:12]          941          940         3908          0
[2022-12-16 18:07:14]          941          940          286          0
[2022-12-16 18:07:15]          941          940          760          0
[2022-12-16 18:07:16]          941          940         1234          0
[2022-12-16 18:07:18]          941          940         1707          0
[2022-12-16 18:07:19]          941          940         2181          0
[2022-12-16 18:07:21]          941          940         2655          0
[2022-12-16 18:07:21] WR-BW(MiB/s) RD-BW(MiB/s)  TESTED(MiB)     ERRORS
[2022-12-16 18:07:22]          940          940         3129          0
[2022-12-16 18:07:24]          941          940         3603          0
[2022-12-16 18:07:25]          941          940         4077          0
[2022-12-16 18:07:27]          941          940          454          0
[2022-12-16 18:07:28]          941          940          928          0
[2022-12-16 18:07:29]          941          940         1402          0
[2022-12-16 18:07:31]          941          940         1876          0
[2022-12-16 18:07:32]          941          940         2350          0
[2022-12-16 18:07:32] WR-BW(MiB/s) RD-BW(MiB/s)  TESTED(MiB)     ERRORS
[2022-12-16 18:07:34]          940          940         2824          0
[2022-12-16 18:07:35]          941          940         3297          0
[2022-12-16 18:07:37]          941          940         3771          0
[2022-12-16 18:07:38]          941          940          149          0
[2022-12-16 18:07:40]          941          940          623          0
[2022-12-16 18:07:41]          941          940         1097          0
[2022-12-16 18:07:43]          941          940         1571          0
[2022-12-16 18:07:44]          941          940         2044          0
[2022-12-16 18:07:44] WR-BW(MiB/s) RD-BW(MiB/s)  TESTED(MiB)     ERRORS
[2022-12-16 18:07:45]          940          940         2518          0
[2022-12-16 18:07:47]          941          940         2992          0
[2022-12-16 18:07:48]          941          940         3466          0
[2022-12-16 18:07:50]          941          940         3940          0
[2022-12-16 18:07:51]          941          940          318          0
[2022-12-16 18:07:53]          941          940          791          0
[2022-12-16 18:07:54]          941          940         1265          0
[2022-12-16 18:07:56]          941          940         1739          0
[2022-12-16 18:07:56] WR-BW(MiB/s) RD-BW(MiB/s)  TESTED(MiB)     ERRORS
[2022-12-16 18:07:57]          941          940         2213          0
[2022-12-16 18:07:59]          941          940         2687          0
[2022-12-16 18:08:00]          941          940         3161          0
[2022-12-16 18:08:01]          941          940         3634          0
[2022-12-16 18:08:03]          941          940           12          0
[2022-12-16 18:08:04]          941          940          486          0
[2022-12-16 18:08:06]          941          940          960          0
[2022-12-16 18:08:07]          941          940         1434          0
[2022-12-16 18:08:07] WR-BW(MiB/s) RD-BW(MiB/s)  TESTED(MiB)     ERRORS
[2022-12-16 18:08:09]          941          940         1908          0
[2022-12-16 18:08:10]          941          940         2381          0
[2022-12-16 18:08:12]          941          940         2855          0
[2022-12-16 18:08:13]          941          940         3329          0
[2022-12-16 18:08:14]          941          940         3803          0
[2022-12-16 18:08:16]          941          940          181          0
[2022-12-16 18:08:17]          941          940          655          0
[2022-12-16 18:08:19]          941          940         1128          0
[2022-12-16 18:08:19] WR-BW(MiB/s) RD-BW(MiB/s)  TESTED(MiB)     ERRORS
[2022-12-16 18:08:20]          940          940         1602          0
[2022-12-16 18:08:22]          941          940         2076          0
[2022-12-16 18:08:23]          941          940         2550          0
[2022-12-16 18:08:25]          941          940         3024          0
[2022-12-16 18:08:26]          941          940         3498          0
[2022-12-16 18:08:28]          941          940         3971          0
[2022-12-16 18:08:29]          941          940          349          0
[2022-12-16 18:08:30]          941          940          823          0
[2022-12-16 18:08:30] WR-BW(MiB/s) RD-BW(MiB/s)  TESTED(MiB)     ERRORS
[2022-12-16 18:08:32]          941          940         1297          0
[2022-12-16 18:08:33]          941          940         1771          0
[2022-12-16 18:08:35]          941          940         2245          0
[2022-12-16 18:08:36]          941          940         2718          0
[2022-12-16 18:08:38]          941          940         3192          0
[2022-12-16 18:08:39]          941          940         3666          0
[2022-12-16 18:08:41]          941          940           44          0
[2022-12-16 18:08:42]          941          940          518          0
[2022-12-16 18:08:42] WR-BW(MiB/s) RD-BW(MiB/s)  TESTED(MiB)     ERRORS
[2022-12-16 18:08:44]          941          940          992          0
[2022-12-16 18:08:45]          941          940         1465          0
[2022-12-16 18:08:46]          941          940         1939          0
[2022-12-16 18:08:48]          941          940         2413          0
[2022-12-16 18:08:49]          941          940         2887          0
[2022-12-16 18:08:51]          941          940         3361          0
[2022-12-16 18:08:52]          941          940         3835          0
[2022-12-16 18:08:54]          941          940          212          0
[2022-12-16 18:08:54] WR-BW(MiB/s) RD-BW(MiB/s)  TESTED(MiB)     ERRORS
[2022-12-16 18:08:55]          941          940          686          0
[2022-12-16 18:08:57]          941          940         1160          0
[2022-12-16 18:08:58]          941          940         1634          0
[2022-12-16 18:09:00]          941          940         2108          0
[2022-12-16 18:09:01]          941          940         2582          0
[2022-12-16 18:09:02]          941          940         3055          0
[2022-12-16 18:09:04]          941          940         3529          0
[2022-12-16 18:09:05]          941          940         4003          0
[2022-12-16 18:09:05] WR-BW(MiB/s) RD-BW(MiB/s)  TESTED(MiB)     ERRORS
[2022-12-16 18:09:07]          941          940          381          0
[2022-12-16 18:09:08]          941          940          855          0
[2022-12-16 18:09:10]          941          940         1329          0
[2022-12-16 18:09:11]          941          940         1802          0
[2022-12-16 18:09:13]          941          940         2276          0
[2022-12-16 18:09:14]          941          940         2750          0
[2022-12-16 18:09:15]          941          940         3224          0
[2022-12-16 18:09:17]          941          940         3698          0
[2022-12-16 18:09:17] WR-BW(MiB/s) RD-BW(MiB/s)  TESTED(MiB)     ERRORS
[2022-12-16 18:09:18]          940          940           76          0
[2022-12-16 18:09:20]          941          940          550          0
[2022-12-16 18:09:21]          941          940         1023          0
[2022-12-16 18:09:23]          941          940         1497          0
[2022-12-16 18:09:24]          941          940         1971          0
[2022-12-16 18:09:26]          941          940         2445          0
[2022-12-16 18:09:27]          941          940         2919          0
[2022-12-16 18:09:29]          941          940         3393          0
[2022-12-16 18:09:29] WR-BW(MiB/s) RD-BW(MiB/s)  TESTED(MiB)     ERRORS
[2022-12-16 18:09:30]          940          940         3866          0
[2022-12-16 18:09:31]          941          940          244          0
[2022-12-16 18:09:33]          941          940          718          0
[2022-12-16 18:09:34]          941          940         1192          0
[2022-12-16 18:09:36]          941          940         1666          0
[2022-12-16 18:09:37]          941          940         2140          0
[2022-12-16 18:09:39]          941          940         2613          0
[2022-12-16 18:09:40]          941          940         3087          0
[2022-12-16 18:09:40] WR-BW(MiB/s) RD-BW(MiB/s)  TESTED(MiB)     ERRORS
[2022-12-16 18:09:42]          941          940         3561          0
[2022-12-16 18:09:43]          941          940         4035          0
[2022-12-16 18:09:44]          941          940          413          0
[2022-12-16 18:09:46]          941          940          887          0
[2022-12-16 18:09:47]          941          940         1360          0
[2022-12-16 18:09:49]          941          940         1834          0
[2022-12-16 18:09:50]          941          940         2308          0
[2022-12-16 18:09:52]          941          940         2782          0
[2022-12-16 18:09:52] WR-BW(MiB/s) RD-BW(MiB/s)  TESTED(MiB)     ERRORS
[2022-12-16 18:09:53]          941          940         3256          0
[2022-12-16 18:09:55]          941          940         3730          0
[2022-12-16 18:09:56]          941          940          107          0
[2022-12-16 18:09:58]          941          940          581          0
[2022-12-16 18:09:59]          941          940         1055          0
[2022-12-16 18:10:00]          941          940         1529          0
[2022-12-16 18:10:02]          941          940         2003          0
[2022-12-16 18:10:03]          941          940         2477          0
[2022-12-16 18:10:03] WR-BW(MiB/s) RD-BW(MiB/s)  TESTED(MiB)     ERRORS
[2022-12-16 18:10:05]          940          940         2950          0
[2022-12-16 18:10:06]          941          940         3424          0
[2022-12-16 18:10:08]          941          940         3898          0
[2022-12-16 18:10:09]          941          940          276          0
[2022-12-16 18:10:11]          941          940          750          0
[2022-12-16 18:10:12]          941          940         1224          0
[2022-12-16 18:10:14]          941          940         1697          0
[2022-12-16 18:10:15]          941          940         2171          0
[2022-12-16 18:10:15] WR-BW(MiB/s) RD-BW(MiB/s)  TESTED(MiB)     ERRORS
[2022-12-16 18:10:16]          941          940         2645          0
[2022-12-16 18:10:18]          941          940         3119          0
[2022-12-16 18:10:19]          941          940         3593          0
[2022-12-16 18:10:21]          941          940         4067          0
[2022-12-16 18:10:22]          941          940          444          0
[2022-12-16 18:10:24]          941          940          918          0
[2022-12-16 18:10:25]          941          940         1392          0
[2022-12-16 18:10:27]          941          940         1866          0
[2022-12-16 18:10:27] WR-BW(MiB/s) RD-BW(MiB/s)  TESTED(MiB)     ERRORS
[2022-12-16 18:10:28]          940          940         2340          0
[2022-12-16 18:10:29]          941          940         2814          0
[2022-12-16 18:10:31]          941          940         3287          0
[2022-12-16 18:10:32]          941          940         3761          0
[2022-12-16 18:10:34]          941          940          139          0
[2022-12-16 18:10:35]          941          940          613          0
[2022-12-16 18:10:37]          941          940         1087          0
[2022-12-16 18:10:38]          941          940         1561          0
[2022-12-16 18:10:38] WR-BW(MiB/s) RD-BW(MiB/s)  TESTED(MiB)     ERRORS
[2022-12-16 18:10:40]          941          940         2034          0
[2022-12-16 18:10:41]          941          940         2508          0
[2022-12-16 18:10:43]          941          940         2982          0
[2022-12-16 18:10:44]          941          940         3456          0
[2022-12-16 18:10:45]          941          940         3930          0
[2022-12-16 18:10:47]          941          940          308          0
[2022-12-16 18:10:48]          941          940          781          0
[2022-12-16 18:10:50]          941          940         1255          0
[2022-12-16 18:10:50] WR-BW(MiB/s) RD-BW(MiB/s)  TESTED(MiB)     ERRORS
[2022-12-16 18:10:51]          940          940         1729          0
[2022-12-16 18:10:53]          941          940         2203          0
[2022-12-16 18:10:54]          941          940         2677          0
[2022-12-16 18:10:56]          941          940         3151          0
[2022-12-16 18:10:57]          941          940         3624          0
[2022-12-16 18:10:59]          941          940            2          0
[2022-12-16 18:11:00]          941          940          476          0
[2022-12-16 18:11:01]          941          940          950          0
[2022-12-16 18:11:01] WR-BW(MiB/s) RD-BW(MiB/s)  TESTED(MiB)     ERRORS
[2022-12-16 18:11:03]          941          940         1424          0
[2022-12-16 18:11:04]          941          940         1898          0
[2022-12-16 18:11:06]          941          940         2371          0
[2022-12-16 18:11:07]          941          940         2845          0
[2022-12-16 18:11:09]          681          760         3207          0
[2022-12-16 18:11:10]          491          600         3479          0
[2022-12-16 18:11:11]          491          600         3752          0
[2022-12-16 18:11:12]          491          600         4024          0
[2022-12-16 18:11:12] WR-BW(MiB/s) RD-BW(MiB/s)  TESTED(MiB)     ERRORS
[2022-12-16 18:11:14]          491          600          200          0
[2022-12-16 18:11:15]          721          790          580          0
[2022-12-16 18:11:16]          941          940         1054          0
[2022-12-16 18:11:18]          941          940         1528          0
[2022-12-16 18:11:19]          941          940         2002          0
[2022-12-16 18:11:21]          941          940         2475          0
[2022-12-16 18:11:22]          941          940         2949          0
[2022-12-16 18:11:24]          941          940         3423          0
[2022-12-16 18:11:24] WR-BW(MiB/s) RD-BW(MiB/s)  TESTED(MiB)     ERRORS
[2022-12-16 18:11:25]          941          940         3897          0
[2022-12-16 18:11:27]          941          940          275          0
[2022-12-16 18:11:28]          941          940          749          0
[2022-12-16 18:11:29]          941          940         1222          0
[2022-12-16 18:11:31]          941          940         1696          0
[2022-12-16 18:11:32]          941          940         2170          0
[2022-12-16 18:11:34]          941          940         2644          0
[2022-12-16 18:11:35]          941          940         3118          0
[2022-12-16 18:11:35] WR-BW(MiB/s) RD-BW(MiB/s)  TESTED(MiB)     ERRORS
[2022-12-16 18:11:37]          940          940         3592          0
[2022-12-16 18:11:38]          941          940         4066          0
[2022-12-16 18:11:40]          941          940          443          0
[2022-12-16 18:11:41]          941          940          917          0
[2022-12-16 18:11:43]          941          940         1391          0
[2022-12-16 18:11:44]          941          940         1865          0
[2022-12-16 18:11:45]          941          940         2339          0
[2022-12-16 18:11:47]          941          940         2813          0
[2022-12-16 18:11:47] WR-BW(MiB/s) RD-BW(MiB/s)  TESTED(MiB)     ERRORS
[2022-12-16 18:11:48]          940          940         3286          0
[2022-12-16 18:11:50]          941          940         3760          0
[2022-12-16 18:11:51]          941          940          138          0
[2022-12-16 18:11:53]          941          940          612          0
[2022-12-16 18:11:54]          941          940         1086          0
[2022-12-16 18:11:56]          941          940         1560          0
[2022-12-16 18:11:57]          941          940         2033          0
[2022-12-16 18:11:59]          941          940         2507          0
[2022-12-16 18:11:59] WR-BW(MiB/s) RD-BW(MiB/s)  TESTED(MiB)     ERRORS
[2022-12-16 18:12:00]          941          940         2981          0
[2022-12-16 18:12:01]          941          940         3455          0
[2022-12-16 18:12:03]          941          940         3929          0
[2022-12-16 18:12:04]          941          940          307          0
[2022-12-16 18:12:06]          941          940          780          0
[2022-12-16 18:12:07]          941          940         1254          0
[2022-12-16 18:12:09]          941          940         1728          0
[2022-12-16 18:12:10]          941          940         2202          0
[2022-12-16 18:12:10] WR-BW(MiB/s) RD-BW(MiB/s)  TESTED(MiB)     ERRORS
[2022-12-16 18:12:12]          941          940         2676          0
[2022-12-16 18:12:13]          941          940         3150          0
[2022-12-16 18:12:14]          941          940         3623          0
[2022-12-16 18:12:16]          941          940            1          0
[2022-12-16 18:12:17]          941          940          475          0
[2022-12-16 18:12:19]          941          940          949          0
[2022-12-16 18:12:20]          941          940         1423          0
[2022-12-16 18:12:22]          941          940         1897          0
[2022-12-16 18:12:22] WR-BW(MiB/s) RD-BW(MiB/s)  TESTED(MiB)     ERRORS
[2022-12-16 18:12:23]          940          940         2370          0
[2022-12-16 18:12:25]          941          940         2844          0
[2022-12-16 18:12:26]          941          940         3318          0
[2022-12-16 18:12:28]          941          940         3792          0
[2022-12-16 18:12:29]          941          940          170          0
[2022-12-16 18:12:30]          941          940          644          0
[2022-12-16 18:12:32]          941          940         1117          0
[2022-12-16 18:12:33]          941          940         1591          0
[2022-12-16 18:12:33] WR-BW(MiB/s) RD-BW(MiB/s)  TESTED(MiB)     ERRORS
[2022-12-16 18:12:35]          941          940         2065          0
[2022-12-16 18:12:36]          941          940         2539          0
[2022-12-16 18:12:38]          941          940         3013          0
[2022-12-16 18:12:39]          941          940         3487          0
[2022-12-16 18:12:41]          941          940         3960          0
[2022-12-16 18:12:42]          941          940          338          0
[2022-12-16 18:12:44]          941          940          812          0
[2022-12-16 18:12:45]          941          940         1286          0
[2022-12-16 18:12:45] WR-BW(MiB/s) RD-BW(MiB/s)  TESTED(MiB)     ERRORS
[2022-12-16 18:12:46]          941          940         1760          0
[2022-12-16 18:12:48]          941          940         2234          0
[2022-12-16 18:12:49]          941          940         2707          0
[2022-12-16 18:12:51]          941          940         3181          0
[2022-12-16 18:12:52]          941          940         3655          0
[2022-12-16 18:12:54]          941          940           33          0
[2022-12-16 18:12:55]          941          940          507          0
[2022-12-16 18:12:57]          941          940          981          0
[2022-12-16 18:12:57] WR-BW(MiB/s) RD-BW(MiB/s)  TESTED(MiB)     ERRORS
[2022-12-16 18:12:58]          940          940         1454          0
[2022-12-16 18:12:59]          941          940         1928          0
[2022-12-16 18:13:01]          941          940         2402          0
[2022-12-16 18:13:02]          941          940         2876          0
[2022-12-16 18:13:04]          941          940         3350          0
[2022-12-16 18:13:05]          941          940         3824          0
[2022-12-16 18:13:07]          941          940          201          0
[2022-12-16 18:13:08]          941          940          675          0
[2022-12-16 18:13:08] WR-BW(MiB/s) RD-BW(MiB/s)  TESTED(MiB)     ERRORS
[2022-12-16 18:13:10]          941          940         1149          0
[2022-12-16 18:13:11]          941          940         1623          0
[2022-12-16 18:13:13]          941          940         2097          0
[2022-12-16 18:13:14]          941          940         2571          0
[2022-12-16 18:13:15]          941          940         3044          0
[2022-12-16 18:13:17]          941          940         3518          0
[2022-12-16 18:13:18]          941          940         3992          0
[2022-12-16 18:13:20]          941          940          370          0
[2022-12-16 18:13:20] WR-BW(MiB/s) RD-BW(MiB/s)  TESTED(MiB)     ERRORS
[2022-12-16 18:13:21]          941          940          844          0
[2022-12-16 18:13:23]          941          940         1318          0
[2022-12-16 18:13:24]          941          940         1791          0
[2022-12-16 18:13:26]          941          940         2265          0
[2022-12-16 18:13:27]          941          940         2739          0
[2022-12-16 18:13:29]          941          940         3213          0
[2022-12-16 18:13:30]          941          940         3687          0
[2022-12-16 18:13:31]          941          940           65          0
[2022-12-16 18:13:31] WR-BW(MiB/s) RD-BW(MiB/s)  TESTED(MiB)     ERRORS
[2022-12-16 18:13:33]          941          940          538          0
[2022-12-16 18:13:34]          941          940         1012          0
[2022-12-16 18:13:36]          941          940         1486          0
[2022-12-16 18:13:37]          941          940         1960          0
[2022-12-16 18:13:39]          941          940         2434          0
[2022-12-16 18:13:40]          941          940         2908          0
[2022-12-16 18:13:42]          941          940         3382          0
[2022-12-16 18:13:43]          941          940         3855          0
[2022-12-16 18:13:43] WR-BW(MiB/s) RD-BW(MiB/s)  TESTED(MiB)     ERRORS
[2022-12-16 18:13:44]          940          940          233          0
[2022-12-16 18:13:46]          941          940          707          0
[2022-12-16 18:13:47]          941          940         1181          0
[2022-12-16 18:13:49]          941          940         1655          0
[2022-12-16 18:13:50]          941          940         2129          0
[2022-12-16 18:13:52]          941          940         2602          0
[2022-12-16 18:13:53]          941          940         3076          0
[2022-12-16 18:13:55]          941          940         3550          0
[2022-12-16 18:13:55] WR-BW(MiB/s) RD-BW(MiB/s)  TESTED(MiB)     ERRORS
[2022-12-16 18:13:56]          940          940         4024          0
[2022-12-16 18:13:58]          941          940          402          0
[2022-12-16 18:13:59]          941          940          876          0
[2022-12-16 18:14:00]          941          940         1349          0
[2022-12-16 18:14:02]          941          940         1823          0
[2022-12-16 18:14:03]          941          940         2297          0
[2022-12-16 18:14:05]          941          940         2771          0
[2022-12-16 18:14:06]          941          940         3245          0
[2022-12-16 18:14:06] WR-BW(MiB/s) RD-BW(MiB/s)  TESTED(MiB)     ERRORS
[2022-12-16 18:14:08]          940          940         3719          0
[2022-12-16 18:14:09]          941          940           96          0
[2022-12-16 18:14:11]          941          940          570          0
[2022-12-16 18:14:12]          941          940         1044          0
[2022-12-16 18:14:13]          941          940         1518          0
[2022-12-16 18:14:15]          941          940         1992          0
[2022-12-16 18:14:16]          941          940         2466          0
[2022-12-16 18:14:18]          941          940         2939          0
[2022-12-16 18:14:18] WR-BW(MiB/s) RD-BW(MiB/s)  TESTED(MiB)     ERRORS
[2022-12-16 18:14:19]          941          940         3413          0
[2022-12-16 18:14:21]          941          940         3887          0
[2022-12-16 18:14:22]          941          940          265          0
[2022-12-16 18:14:24]          941          940          739          0
[2022-12-16 18:14:25]          941          940         1213          0
[2022-12-16 18:14:27]          941          940         1686          0
[2022-12-16 18:14:28]          941          940         2160          0
[2022-12-16 18:14:29]          941          940         2634          0
[2022-12-16 18:14:29] WR-BW(MiB/s) RD-BW(MiB/s)  TESTED(MiB)     ERRORS
[2022-12-16 18:14:31]          941          940         3108          0
[2022-12-16 18:14:32]          941          940         3582          0
[2022-12-16 18:14:34]          941          940         4056          0
[2022-12-16 18:14:35]          941          940          433          0
[2022-12-16 18:14:37]          941          940          907          0
[2022-12-16 18:14:38]          941          940         1381          0
[2022-12-16 18:14:40]          941          940         1855          0
[2022-12-16 18:14:41]          941          940         2329          0
[2022-12-16 18:14:41] WR-BW(MiB/s) RD-BW(MiB/s)  TESTED(MiB)     ERRORS
[2022-12-16 18:14:43]          940          940         2803          0
[2022-12-16 18:14:44]          941          940         3276          0
[2022-12-16 18:14:45]          941          940         3750          0
[2022-12-16 18:14:47]          941          940          128          0
[2022-12-16 18:14:48]          941          940          602          0
[2022-12-16 18:14:50]          941          940         1076          0
[2022-12-16 18:14:51]          941          940         1550          0
[2022-12-16 18:14:53]          941          940         2023          0
[2022-12-16 18:14:53] WR-BW(MiB/s) RD-BW(MiB/s)  TESTED(MiB)     ERRORS
[2022-12-16 18:14:54]          941          940         2497          0
[2022-12-16 18:14:56]          941          940         2971          0
[2022-12-16 18:14:57]          941          940         3445          0
[2022-12-16 18:14:58]          941          940         3919          0
[2022-12-16 18:15:00]          941          940          297          0
[2022-12-16 18:15:01]          941          940          770          0
[2022-12-16 18:15:03]          941          940         1244          0
[2022-12-16 18:15:04]          941          940         1718          0
[2022-12-16 18:15:04] WR-BW(MiB/s) RD-BW(MiB/s)  TESTED(MiB)     ERRORS
[2022-12-16 18:15:06]          940          940         2192          0
[2022-12-16 18:15:07]          941          940         2666          0
[2022-12-16 18:15:09]          941          940         3140          0
[2022-12-16 18:15:10]          941          940         3613          0
[2022-12-16 18:15:12]          941          940         4087          0
[2022-12-16 18:15:13]          941          940          465          0
[2022-12-16 18:15:14]          941          940          939          0
[2022-12-16 18:15:16]          941          940         1413          0
[2022-12-16 18:15:16] WR-BW(MiB/s) RD-BW(MiB/s)  TESTED(MiB)     ERRORS
[2022-12-16 18:15:17]          941          940         1887          0
[2022-12-16 18:15:19]          941          940         2360          0
[2022-12-16 18:15:20]          941          940         2834          0
[2022-12-16 18:15:22]          941          940         3308          0
[2022-12-16 18:15:23]          941          940         3782          0
[2022-12-16 18:15:25]          941          940          160          0
[2022-12-16 18:15:26]          941          940          634          0
[2022-12-16 18:15:28]          941          940         1107          0
[2022-12-16 18:15:28] WR-BW(MiB/s) RD-BW(MiB/s)  TESTED(MiB)     ERRORS
[2022-12-16 18:15:29]          940          940         1581          0
[2022-12-16 18:15:30]          941          940         2055          0
[2022-12-16 18:15:32]          941          940         2529          0
[2022-12-16 18:15:33]          941          940         3003          0
[2022-12-16 18:15:35]          941          940         3477          0
[2022-12-16 18:15:36]          941          940         3950          0
[2022-12-16 18:15:38]          941          940          328          0
[2022-12-16 18:15:39]          941          940          802          0
[2022-12-16 18:15:39] WR-BW(MiB/s) RD-BW(MiB/s)  TESTED(MiB)     ERRORS
[2022-12-16 18:15:41]          941          940         1276          0
[2022-12-16 18:15:42]          941          940         1750          0
[2022-12-16 18:15:43]          941          940         2224          0
[2022-12-16 18:15:45]          941          940         2697          0
[2022-12-16 18:15:46]          941          940         3171          0
[2022-12-16 18:15:48]          941          940         3645          0
[2022-12-16 18:15:49]          941          940           23          0
[2022-12-16 18:15:51]          941          940          497          0
[2022-12-16 18:15:51] WR-BW(MiB/s) RD-BW(MiB/s)  TESTED(MiB)     ERRORS
[2022-12-16 18:15:52]          941          940          971          0
[2022-12-16 18:15:54]          941          940         1445          0
[2022-12-16 18:15:55]          941          940         1918          0
[2022-12-16 18:15:57]          941          940         2392          0
[2022-12-16 18:15:58]          941          940         2866          0
[2022-12-16 18:15:59]          941          940         3340          0
[2022-12-16 18:16:01]          941          940         3814          0
[2022-12-16 18:16:02]          941          940          192          0
[2022-12-16 18:16:02] WR-BW(MiB/s) RD-BW(MiB/s)  TESTED(MiB)     ERRORS
[2022-12-16 18:16:04]          941          940          665          0
[2022-12-16 18:16:05]          941          940         1139          0
[2022-12-16 18:16:07]          941          940         1613          0
[2022-12-16 18:16:08]          941          940         2087          0
[2022-12-16 18:16:10]          941          940         2561          0
[2022-12-16 18:16:11]          941          940         3035          0
[2022-12-16 18:16:13]          941          940         3508          0
[2022-12-16 18:16:14]          941          940         3982          0
[2022-12-16 18:16:14] WR-BW(MiB/s) RD-BW(MiB/s)  TESTED(MiB)     ERRORS
[2022-12-16 18:16:15]          941          940          360          0
[2022-12-16 18:16:17]          941          940          834          0
[2022-12-16 18:16:18]          941          940         1308          0
[2022-12-16 18:16:20]          941          940         1782          0
[2022-12-16 18:16:21]          941          940         2255          0
[2022-12-16 18:16:23]          941          940         2729          0
[2022-12-16 18:16:24]          941          940         3203          0
[2022-12-16 18:16:26]          941          940         3677          0
[2022-12-16 18:16:26] WR-BW(MiB/s) RD-BW(MiB/s)  TESTED(MiB)     ERRORS
[2022-12-16 18:16:27]          940          940           55          0
[2022-12-16 18:16:28]          941          940          529          0
[2022-12-16 18:16:30]          941          940         1002          0
[2022-12-16 18:16:31]          941          940         1476          0
[2022-12-16 18:16:33]          941          940         1950          0
[2022-12-16 18:16:34]          941          940         2424          0
[2022-12-16 18:16:36]          941          940         2898          0
[2022-12-16 18:16:37]          941          940         3372          0
[2022-12-16 18:16:37] WR-BW(MiB/s) RD-BW(MiB/s)  TESTED(MiB)     ERRORS
[2022-12-16 18:16:39]          940          940         3845          0
[2022-12-16 18:16:40]          941          940          223          0
[2022-12-16 18:16:42]          941          940          697          0
[2022-12-16 18:16:43]          941          940         1171          0
[2022-12-16 18:16:44]          941          940         1645          0
[2022-12-16 18:16:46]          941          940         2119          0
[2022-12-16 18:16:47]          941          940         2592          0
[2022-12-16 18:16:49]          941          940         3066          0
[2022-12-16 18:16:49] WR-BW(MiB/s) RD-BW(MiB/s)  TESTED(MiB)     ERRORS
[2022-12-16 18:16:50]          940          940         3540          0
[2022-12-16 18:16:52]          941          940         4014          0
[2022-12-16 18:16:53]          941          940          392          0
[2022-12-16 18:16:55]          941          940          866          0
[2022-12-16 18:16:56]          941          940         1339          0
[2022-12-16 18:16:58]          941          940         1813          0
[2022-12-16 18:16:59]          941          940         2287          0
[2022-12-16 18:17:00]          941          940         2761          0
[2022-12-16 18:17:00] WR-BW(MiB/s) RD-BW(MiB/s)  TESTED(MiB)     ERRORS
[2022-12-16 18:17:02]          941          940         3235          0
[2022-12-16 18:17:03]          941          940         3709          0
[2022-12-16 18:17:05]          941          940           86          0
[2022-12-16 18:17:06]          941          940          560          0
[2022-12-16 18:17:08]          941          940         1034          0
[2022-12-16 18:17:09]          941          940         1508          0
[2022-12-16 18:17:11]          941          940         1982          0
[2022-12-16 18:17:12]          941          940         2456          0
[2022-12-16 18:17:12] WR-BW(MiB/s) RD-BW(MiB/s)  TESTED(MiB)     ERRORS
[2022-12-16 18:17:13]          940          940         2929          0
[2022-12-16 18:17:15]          941          940         3403          0
[2022-12-16 18:17:16]          941          940         3877          0
[2022-12-16 18:17:18]          941          940          255          0
[2022-12-16 18:17:19]          941          940          729          0
[2022-12-16 18:17:21]          941          940         1203          0
[2022-12-16 18:17:22]          941          940         1676          0
[2022-12-16 18:17:24]          941          940         2150          0
[2022-12-16 18:17:24] WR-BW(MiB/s) RD-BW(MiB/s)  TESTED(MiB)     ERRORS
[2022-12-16 18:17:25]          940          940         2624          0
[2022-12-16 18:17:27]          941          940         3098          0
[2022-12-16 18:17:28]          941          940         3572          0
[2022-12-16 18:17:29]          941          940         4046          0
[2022-12-16 18:17:31]          941          940          423          0
[2022-12-16 18:17:32]          941          940          897          0
[2022-12-16 18:17:34]          941          940         1371          0
[2022-12-16 18:17:35]          941          940         1845          0
[2022-12-16 18:17:35] WR-BW(MiB/s) RD-BW(MiB/s)  TESTED(MiB)     ERRORS
[2022-12-16 18:17:37]          940          940         2319          0
[2022-12-16 18:17:38]          941          940         2793          0
[2022-12-16 18:17:40]          941          940         3266          0
[2022-12-16 18:17:41]          941          940         3740          0
[2022-12-16 18:17:43]          941          940          118          0
[2022-12-16 18:17:44]          941          940          592          0
[2022-12-16 18:17:45]          941          940         1066          0
[2022-12-16 18:17:47]          941          940         1540          0
[2022-12-16 18:17:47] WR-BW(MiB/s) RD-BW(MiB/s)  TESTED(MiB)     ERRORS
[2022-12-16 18:17:48]          941          940         2013          0
[2022-12-16 18:17:50]          941          940         2487          0
[2022-12-16 18:17:51]          941          940         2961          0
[2022-12-16 18:17:53]          941          940         3435          0
[2022-12-16 18:17:54]          941          940         3909          0
[2022-12-16 18:17:56]          941          940          287          0
[2022-12-16 18:17:57]          941          940          760          0
[2022-12-16 18:17:58]          941          940         1234          0
[2022-12-16 18:17:58] WR-BW(MiB/s) RD-BW(MiB/s)  TESTED(MiB)     ERRORS
[2022-12-16 18:18:00]          941          940         1708          0
[2022-12-16 18:18:01]          941          940         2182          0
[2022-12-16 18:18:03]          941          940         2656          0
[2022-12-16 18:18:04]          941          940         3130          0
[2022-12-16 18:18:06]          941          940         3604          0
[2022-12-16 18:18:07]          941          940         4077          0
[2022-12-16 18:18:09]          941          940          455          0
[2022-12-16 18:18:10]          941          940          929          0
[2022-12-16 18:18:10] WR-BW(MiB/s) RD-BW(MiB/s)  TESTED(MiB)     ERRORS
[2022-12-16 18:18:12]          941          940         1403          0
[2022-12-16 18:18:13]          941          940         1877          0
[2022-12-16 18:18:14]          941          940         2351          0
[2022-12-16 18:18:16]          941          940         2824          0
[2022-12-16 18:18:17]          941          940         3298          0
[2022-12-16 18:18:19]          941          940         3772          0
[2022-12-16 18:18:20]          941          940          150          0
[2022-12-16 18:18:22]          941          940          624          0
[2022-12-16 18:18:22] WR-BW(MiB/s) RD-BW(MiB/s)  TESTED(MiB)     ERRORS
[2022-12-16 18:18:23]          941          940         1098          0
[2022-12-16 18:18:25]          941          940         1571          0
[2022-12-16 18:18:26]          941          940         2045          0
[2022-12-16 18:18:28]          941          940         2519          0
[2022-12-16 18:18:29]          941          940         2993          0
[2022-12-16 18:18:30]          941          940         3467          0
[2022-12-16 18:18:32]          941          940         3941          0
[2022-12-16 18:18:33]          941          940          318          0
[2022-12-16 18:18:33] WR-BW(MiB/s) RD-BW(MiB/s)  TESTED(MiB)     ERRORS
[2022-12-16 18:18:35]          941          940          792          0
[2022-12-16 18:18:36]          941          940         1266          0
[2022-12-16 18:18:38]          941          940         1740          0
[2022-12-16 18:18:39]          941          940         2214          0
[2022-12-16 18:18:41]          941          940         2688          0
[2022-12-16 18:18:42]          941          940         3161          0
[2022-12-16 18:18:43]          941          940         3635          0
[2022-12-16 18:18:45]          941          940           13          0
[2022-12-16 18:18:45] WR-BW(MiB/s) RD-BW(MiB/s)  TESTED(MiB)     ERRORS
[2022-12-16 18:18:46]          940          940          487          0
[2022-12-16 18:18:48]          941          940          961          0
[2022-12-16 18:18:49]          941          940         1435          0
[2022-12-16 18:18:51]          941          940         1908          0
[2022-12-16 18:18:52]          941          940         2382          0
[2022-12-16 18:18:54]          941          940         2856          0
[2022-12-16 18:18:55]          941          940         3330          0
[2022-12-16 18:18:57]          941          940         3804          0
[2022-12-16 18:18:57] WR-BW(MiB/s) RD-BW(MiB/s)  TESTED(MiB)     ERRORS
[2022-12-16 18:18:58]          941          940          182          0
[2022-12-16 18:18:59]          941          940          655          0
[2022-12-16 18:19:01]          941          940         1129          0
[2022-12-16 18:19:02]          941          940         1603          0
[2022-12-16 18:19:04]          941          940         2077          0
[2022-12-16 18:19:05]          941          940         2551          0
[2022-12-16 18:19:07]          941          940         3025          0
[2022-12-16 18:19:08]          941          940         3498          0
[2022-12-16 18:19:08] WR-BW(MiB/s) RD-BW(MiB/s)  TESTED(MiB)     ERRORS
[2022-12-16 18:19:10]          941          940         3972          0
[2022-12-16 18:19:11]          941          940          350          0
[2022-12-16 18:19:13]          941          940          824          0
[2022-12-16 18:19:14]          941          940         1298          0
[2022-12-16 18:19:15]          941          940         1772          0
[2022-12-16 18:19:17]          941          940         2245          0
[2022-12-16 18:19:18]          941          940         2719          0
[2022-12-16 18:19:20]          941          940         3193          0
[2022-12-16 18:19:20] WR-BW(MiB/s) RD-BW(MiB/s)  TESTED(MiB)     ERRORS
[2022-12-16 18:19:21]          941          940         3667          0
[2022-12-16 18:19:23]          941          940           45          0
[2022-12-16 18:19:24]          941          940          519          0
[2022-12-16 18:19:26]          941          940          992          0
[2022-12-16 18:19:27]          941          940         1466          0
[2022-12-16 18:19:28]          941          940         1940          0
[2022-12-16 18:19:30]          941          940         2414          0
[2022-12-16 18:19:31]          941          940         2888          0
[2022-12-16 18:19:31] WR-BW(MiB/s) RD-BW(MiB/s)  TESTED(MiB)     ERRORS
[2022-12-16 18:19:33]          941          940         3362          0
[2022-12-16 18:19:34]          941          940         3835          0
[2022-12-16 18:19:36]          941          940          213          0
[2022-12-16 18:19:37]          941          940          687          0
[2022-12-16 18:19:39]          941          940         1161          0
[2022-12-16 18:19:40]          941          940         1635          0
[2022-12-16 18:19:42]          941          940         2109          0
[2022-12-16 18:19:43]          941          940         2582          0
[2022-12-16 18:19:43] WR-BW(MiB/s) RD-BW(MiB/s)  TESTED(MiB)     ERRORS
[2022-12-16 18:19:44]          940          940         3056          0
[2022-12-16 18:19:46]          941          940         3530          0
[2022-12-16 18:19:47]          941          940         4004          0
[2022-12-16 18:19:49]          941          940          382          0
[2022-12-16 18:19:50]          941          940          856          0
[2022-12-16 18:19:52]          941          940         1329          0
[2022-12-16 18:19:53]          941          940         1803          0
[2022-12-16 18:19:55]          941          940         2277          0
[2022-12-16 18:19:55] WR-BW(MiB/s) RD-BW(MiB/s)  TESTED(MiB)     ERRORS
[2022-12-16 18:19:56]          941          940         2751          0
[2022-12-16 18:19:57]          941          940         3225          0
[2022-12-16 18:19:59]          941          940         3699          0
[2022-12-16 18:20:00]          941          940           76          0
[2022-12-16 18:20:02]          941          940          550          0
[2022-12-16 18:20:03]          941          940         1024          0
[2022-12-16 18:20:05]          941          940         1498          0
[2022-12-16 18:20:06]          941          940         1972          0
[2022-12-16 18:20:06] WR-BW(MiB/s) RD-BW(MiB/s)  TESTED(MiB)     ERRORS
[2022-12-16 18:20:08]          941          940         2446          0
[2022-12-16 18:20:09]          941          940         2920          0
[2022-12-16 18:20:11]          941          940         3393          0
[2022-12-16 18:20:12]          941          940         3867          0
[2022-12-16 18:20:13]          941          940          245          0
[2022-12-16 18:20:15]          941          940          719          0
[2022-12-16 18:20:16]          941          940         1193          0
[2022-12-16 18:20:18]          941          940         1667          0
[2022-12-16 18:20:18] WR-BW(MiB/s) RD-BW(MiB/s)  TESTED(MiB)     ERRORS
[2022-12-16 18:20:19]          940          940         2140          0
[2022-12-16 18:20:21]          941          940         2614          0
[2022-12-16 18:20:22]          941          940         3088          0
[2022-12-16 18:20:24]          941          940         3562          0
[2022-12-16 18:20:25]          941          940         4036          0
[2022-12-16 18:20:27]          941          940          414          0
[2022-12-16 18:20:28]          941          940          887          0
[2022-12-16 18:20:29]          941          940         1361          0
[2022-12-16 18:20:29] WR-BW(MiB/s) RD-BW(MiB/s)  TESTED(MiB)     ERRORS
[2022-12-16 18:20:31]          941          940         1835          0
[2022-12-16 18:20:32]          941          940         2309          0
[2022-12-16 18:20:34]          941          940         2783          0
[2022-12-16 18:20:35]          941          940         3257          0
[2022-12-16 18:20:37]          941          940         3730          0
[2022-12-16 18:20:38]          941          940          108          0
[2022-12-16 18:20:40]          941          940          582          0
[2022-12-16 18:20:41]          941          940         1056          0
[2022-12-16 18:20:41] WR-BW(MiB/s) RD-BW(MiB/s)  TESTED(MiB)     ERRORS
[2022-12-16 18:20:42]          940          940         1530          0
[2022-12-16 18:20:44]          941          940         2004          0
[2022-12-16 18:20:45]          941          940         2477          0
[2022-12-16 18:20:47]          941          940         2951          0
[2022-12-16 18:20:48]          941          940         3425          0
[2022-12-16 18:20:50]          941          940         3899          0
[2022-12-16 18:20:51]          941          940          277          0
[2022-12-16 18:20:53]          941          940          751          0
[2022-12-16 18:20:53] WR-BW(MiB/s) RD-BW(MiB/s)  TESTED(MiB)     ERRORS
[2022-12-16 18:20:54]          941          940         1224          0
[2022-12-16 18:20:56]          941          940         1698          0
[2022-12-16 18:20:57]          941          940         2172          0
[2022-12-16 18:20:58]          941          940         2646          0
[2022-12-16 18:21:00]          941          940         3120          0
[2022-12-16 18:21:01]          941          940         3594          0
[2022-12-16 18:21:03]          941          940         4067          0
[2022-12-16 18:21:04]          941          940          445          0
[2022-12-16 18:21:04] WR-BW(MiB/s) RD-BW(MiB/s)  TESTED(MiB)     ERRORS
[2022-12-16 18:21:06]          941          940          919          0
[2022-12-16 18:21:07]          941          940         1393          0
[2022-12-16 18:21:09]          941          940         1867          0
[2022-12-16 18:21:10]          941          940         2341          0
[2022-12-16 18:21:12]          941          940         2814          0
[2022-12-16 18:21:13]          941          940         3288          0
[2022-12-16 18:21:14]          941          940         3762          0
[2022-12-16 18:21:16]          941          940          140          0
[2022-12-16 18:21:16] WR-BW(MiB/s) RD-BW(MiB/s)  TESTED(MiB)     ERRORS
[2022-12-16 18:21:17]          941          940          614          0
[2022-12-16 18:21:19]          941          940         1088          0
[2022-12-16 18:21:20]          941          940         1561          0
[2022-12-16 18:21:22]          941          940         2035          0
[2022-12-16 18:21:23]          941          940         2509          0
[2022-12-16 18:21:25]          941          940         2983          0
[2022-12-16 18:21:26]          941          940         3457          0
[2022-12-16 18:21:27]          941          940         3931          0
[2022-12-16 18:21:27] WR-BW(MiB/s) RD-BW(MiB/s)  TESTED(MiB)     ERRORS
[2022-12-16 18:21:29]          941          940          308          0
[2022-12-16 18:21:30]          941          940          782          0
[2022-12-16 18:21:32]          941          940         1256          0
[2022-12-16 18:21:33]          941          940         1730          0
[2022-12-16 18:21:35]          941          940         2204          0
[2022-12-16 18:21:36]          941          940         2678          0
[2022-12-16 18:21:38]          941          940         3151          0
[2022-12-16 18:21:39]          941          940         3625          0
[2022-12-16 18:21:39] WR-BW(MiB/s) RD-BW(MiB/s)  TESTED(MiB)     ERRORS
[2022-12-16 18:21:41]          940          940            3          0
[2022-12-16 18:21:42]          941          940          477          0
[2022-12-16 18:21:43]          941          940          951          0
[2022-12-16 18:21:45]          941          940         1425          0
[2022-12-16 18:21:46]          941          940         1898          0
[2022-12-16 18:21:48]          941          940         2372          0
[2022-12-16 18:21:49]          941          940         2846          0
[2022-12-16 18:21:51]          941          940         3320          0
[2022-12-16 18:21:51] WR-BW(MiB/s) RD-BW(MiB/s)  TESTED(MiB)     ERRORS
[2022-12-16 18:21:52]          941          940         3794          0
[2022-12-16 18:21:54]          941          940          172          0
[2022-12-16 18:21:55]          941          940          645          0
[2022-12-16 18:21:57]          941          940         1119          0
[2022-12-16 18:21:58]          941          940         1593          0
[2022-12-16 18:21:59]          941          940         2067          0
[2022-12-16 18:22:01]          941          940         2541          0
[2022-12-16 18:22:02]          941          940         3015          0
[2022-12-16 18:22:02] WR-BW(MiB/s) RD-BW(MiB/s)  TESTED(MiB)     ERRORS
[2022-12-16 18:22:04]          940          940         3488          0
[2022-12-16 18:22:05]          941          940         3962          0
[2022-12-16 18:22:07]          941          940          340          0
[2022-12-16 18:22:08]          941          940          814          0
[2022-12-16 18:22:10]          941          940         1288          0
[2022-12-16 18:22:11]          941          940         1762          0
[2022-12-16 18:22:12]          941          940         2235          0
[2022-12-16 18:22:14]          941          940         2709          0
[2022-12-16 18:22:14] WR-BW(MiB/s) RD-BW(MiB/s)  TESTED(MiB)     ERRORS
[2022-12-16 18:22:15]          940          940         3183          0
[2022-12-16 18:22:17]          941          940         3657          0
[2022-12-16 18:22:18]          941          940           35          0
[2022-12-16 18:22:20]          941          940          509          0
[2022-12-16 18:22:21]          941          940          982          0
[2022-12-16 18:22:23]          941          940         1456          0
[2022-12-16 18:22:24]          941          940         1930          0
[2022-12-16 18:22:26]          941          940         2404          0
[2022-12-16 18:22:26] WR-BW(MiB/s) RD-BW(MiB/s)  TESTED(MiB)     ERRORS
[2022-12-16 18:22:27]          941          940         2878          0
[2022-12-16 18:22:28]          941          940         3352          0
[2022-12-16 18:22:30]          941          940         3825          0
[2022-12-16 18:22:31]          941          940          203          0
[2022-12-16 18:22:33]          941          940          677          0
[2022-12-16 18:22:34]          941          940         1151          0
[2022-12-16 18:22:36]          941          940         1625          0
[2022-12-16 18:22:37]          941          940         2099          0
[2022-12-16 18:22:37] WR-BW(MiB/s) RD-BW(MiB/s)  TESTED(MiB)     ERRORS
[2022-12-16 18:22:39]          941          940         2573          0
[2022-12-16 18:22:40]          941          940         3046          0
[2022-12-16 18:22:42]          941          940         3520          0
[2022-12-16 18:22:43]          941          940         3994          0
[2022-12-16 18:22:44]          941          940          372          0
[2022-12-16 18:22:46]          941          940          846          0
[2022-12-16 18:22:47]          941          940         1320          0
[2022-12-16 18:22:49]          941          940         1793          0
[2022-12-16 18:22:49] WR-BW(MiB/s) RD-BW(MiB/s)  TESTED(MiB)     ERRORS
[2022-12-16 18:22:50]          941          940         2267          0
[2022-12-16 18:22:52]          941          940         2741          0
[2022-12-16 18:22:53]          941          940         3215          0
[2022-12-16 18:22:55]          941          940         3689          0
[2022-12-16 18:22:56]          941          940           67          0
[2022-12-16 18:22:57]          941          940          540          0
[2022-12-16 18:22:59]          941          940         1014          0
[2022-12-16 18:23:00]          941          940         1488          0
[2022-12-16 18:23:00] WR-BW(MiB/s) RD-BW(MiB/s)  TESTED(MiB)     ERRORS
[2022-12-16 18:23:02]          940          940         1962          0
[2022-12-16 18:23:03]          941          940         2436          0
[2022-12-16 18:23:05]          941          940         2910          0
[2022-12-16 18:23:06]          941          940         3383          0
[2022-12-16 18:23:08]          941          940         3857          0
[2022-12-16 18:23:09]          941          940          235          0
[2022-12-16 18:23:11]          941          940          709          0
[2022-12-16 18:23:12]          941          940         1183          0
[2022-12-16 18:23:12] WR-BW(MiB/s) RD-BW(MiB/s)  TESTED(MiB)     ERRORS
[2022-12-16 18:23:13]          941          940         1657          0
[2022-12-16 18:23:15]          941          940         2130          0
[2022-12-16 18:23:16]          941          940         2604          0
[2022-12-16 18:23:18]          941          940         3078          0
[2022-12-16 18:23:19]          941          940         3552          0
[2022-12-16 18:23:21]          941          940         4026          0
[2022-12-16 18:23:22]          941          940          404          0
[2022-12-16 18:23:24]          941          940          877          0
[2022-12-16 18:23:24] WR-BW(MiB/s) RD-BW(MiB/s)  TESTED(MiB)     ERRORS
[2022-12-16 18:23:25]          941          940         1351          0
[2022-12-16 18:23:26]          941          940         1825          0
[2022-12-16 18:23:28]          941          940         2299          0
[2022-12-16 18:23:29]          941          940         2773          0
[2022-12-16 18:23:31]          941          940         3247          0
[2022-12-16 18:23:32]          941          940         3720          0
[2022-12-16 18:23:34]          941          940           98          0
[2022-12-16 18:23:35]          941          940          572          0
[2022-12-16 18:23:35] WR-BW(MiB/s) RD-BW(MiB/s)  TESTED(MiB)     ERRORS
[2022-12-16 18:23:37]          941          940         1046          0
[2022-12-16 18:23:38]          941          940         1520          0
[2022-12-16 18:23:40]          941          940         1994          0
[2022-12-16 18:23:41]          941          940         2467          0
[2022-12-16 18:23:42]          941          940         2941          0
[2022-12-16 18:23:44]          941          940         3415          0
[2022-12-16 18:23:45]          941          940         3889          0
[2022-12-16 18:23:47]          941          940          267          0
[2022-12-16 18:23:47] WR-BW(MiB/s) RD-BW(MiB/s)  TESTED(MiB)     ERRORS
[2022-12-16 18:23:48]          941          940          741          0
[2022-12-16 18:23:50]          941          940         1214          0
[2022-12-16 18:23:51]          941          940         1688          0
[2022-12-16 18:23:53]          941          940         2162          0
[2022-12-16 18:23:54]          941          940         2636          0
[2022-12-16 18:23:56]          941          940         3110          0
[2022-12-16 18:23:57]          941          940         3584          0
[2022-12-16 18:23:58]          941          940         4057          0
[2022-12-16 18:23:58] WR-BW(MiB/s) RD-BW(MiB/s)  TESTED(MiB)     ERRORS
[2022-12-16 18:24:00]          941          940          435          0
[2022-12-16 18:24:01]          941          940          909          0
[2022-12-16 18:24:03]          941          940         1383          0
[2022-12-16 18:24:04]          941          940         1857          0
[2022-12-16 18:24:06]          941          940         2331          0
[2022-12-16 18:24:07]          941          940         2804          0
[2022-12-16 18:24:09]          941          940         3278          0
[2022-12-16 18:24:10]          941          940         3752          0
[2022-12-16 18:24:10] WR-BW(MiB/s) RD-BW(MiB/s)  TESTED(MiB)     ERRORS
[2022-12-16 18:24:11]          941          940          130          0
[2022-12-16 18:24:13]          941          940          604          0
[2022-12-16 18:24:14]          941          940         1078          0
[2022-12-16 18:24:16]          941          940         1551          0
[2022-12-16 18:24:17]          941          940         2025          0
[2022-12-16 18:24:19]          941          940         2499          0
[2022-12-16 18:24:20]          941          940         2973          0
[2022-12-16 18:24:22]          941          940         3447          0
[2022-12-16 18:24:22] WR-BW(MiB/s) RD-BW(MiB/s)  TESTED(MiB)     ERRORS
[2022-12-16 18:24:23]          941          940         3921          0
[2022-12-16 18:24:25]          941          940          298          0
[2022-12-16 18:24:26]          941          940          772          0
[2022-12-16 18:24:27]          941          940         1246          0
[2022-12-16 18:24:29]          941          940         1720          0
[2022-12-16 18:24:30]          941          940         2194          0
[2022-12-16 18:24:32]          941          940         2668          0
[2022-12-16 18:24:33]          941          940         3142          0
[2022-12-16 18:24:33] WR-BW(MiB/s) RD-BW(MiB/s)  TESTED(MiB)     ERRORS
[2022-12-16 18:24:35]          940          940         3615          0
[2022-12-16 18:24:36]          941          940         4089          0
[2022-12-16 18:24:38]          941          940          467          0
[2022-12-16 18:24:39]          941          940          941          0
[2022-12-16 18:24:41]          941          940         1415          0
[2022-12-16 18:24:42]          941          940         1889          0
[2022-12-16 18:24:43]          941          940         2362          0
[2022-12-16 18:24:45]          941          940         2836          0
[2022-12-16 18:24:45] WR-BW(MiB/s) RD-BW(MiB/s)  TESTED(MiB)     ERRORS
[2022-12-16 18:24:46]          941          940         3310          0
[2022-12-16 18:24:48]          941          940         3784          0
[2022-12-16 18:24:49]          941          940          162          0
[2022-12-16 18:24:51]          941          940          636          0
[2022-12-16 18:24:52]          941          940         1109          0
[2022-12-16 18:24:54]          941          940         1583          0
[2022-12-16 18:24:55]          941          940         2057          0
[2022-12-16 18:24:57]          941          940         2531          0
[2022-12-16 18:24:57] WR-BW(MiB/s) RD-BW(MiB/s)  TESTED(MiB)     ERRORS
[2022-12-16 18:24:58]          941          940         3005          0
[2022-12-16 18:24:59]          941          940         3479          0
[2022-12-16 18:25:01]          941          940         3952          0
[2022-12-16 18:25:02]          941          940          330          0
[2022-12-16 18:25:04]          941          940          804          0
[2022-12-16 18:25:05]          941          940         1278          0
[2022-12-16 18:25:07]          941          940         1752          0
[2022-12-16 18:25:08]          941          940         2226          0
[2022-12-16 18:25:08] WR-BW(MiB/s) RD-BW(MiB/s)  TESTED(MiB)     ERRORS
[2022-12-16 18:25:10]          941          940         2699          0
[2022-12-16 18:25:11]          941          940         3173          0
[2022-12-16 18:25:12]          941          940         3647          0
[2022-12-16 18:25:14]          941          940           25          0
[2022-12-16 18:25:15]          941          940          499          0
[2022-12-16 18:25:17]          941          940          973          0
[2022-12-16 18:25:18]          941          940         1446          0
[2022-12-16 18:25:20]          941          940         1920          0
[2022-12-16 18:25:20] WR-BW(MiB/s) RD-BW(MiB/s)  TESTED(MiB)     ERRORS
[2022-12-16 18:25:21]          941          940         2394          0
[2022-12-16 18:25:23]          941          940         2868          0
[2022-12-16 18:25:24]          941          940         3342          0
[2022-12-16 18:25:26]          941          940         3816          0
[2022-12-16 18:25:27]          941          940          193          0
[2022-12-16 18:25:28]          941          940          667          0
[2022-12-16 18:25:30]          941          940         1141          0
[2022-12-16 18:25:31]          941          940         1615          0
[2022-12-16 18:25:31] WR-BW(MiB/s) RD-BW(MiB/s)  TESTED(MiB)     ERRORS
[2022-12-16 18:25:33]          940          940         2089          0
[2022-12-16 18:25:34]          941          940         2563          0
[2022-12-16 18:25:36]          941          940         3036          0
[2022-12-16 18:25:37]          941          940         3510          0
[2022-12-16 18:25:39]          941          940         3984          0
[2022-12-16 18:25:40]          941          940          362          0
[2022-12-16 18:25:42]          941          940          836          0
[2022-12-16 18:25:43]          941          940         1310          0
[2022-12-16 18:25:43] WR-BW(MiB/s) RD-BW(MiB/s)  TESTED(MiB)     ERRORS
[2022-12-16 18:25:44]          941          940         1783          0
[2022-12-16 18:25:46]          941          940         2257          0
[2022-12-16 18:25:47]          941          940         2731          0
[2022-12-16 18:25:49]          941          940         3205          0
[2022-12-16 18:25:50]          941          940         3679          0
[2022-12-16 18:25:52]          941          940           57          0
[2022-12-16 18:25:53]          941          940          530          0
[2022-12-16 18:25:55]          941          940         1004          0
[2022-12-16 18:25:55] WR-BW(MiB/s) RD-BW(MiB/s)  TESTED(MiB)     ERRORS
[2022-12-16 18:25:56]          940          940         1478          0
[2022-12-16 18:25:57]          941          940         1952          0
[2022-12-16 18:25:59]          941          940         2426          0
[2022-12-16 18:26:00]          941          940         2900          0
[2022-12-16 18:26:02]          941          940         3373          0
[2022-12-16 18:26:03]          941          940         3847          0
[2022-12-16 18:26:05]          941          940          225          0
[2022-12-16 18:26:06]          941          940          699          0
[2022-12-16 18:26:06] WR-BW(MiB/s) RD-BW(MiB/s)  TESTED(MiB)     ERRORS
[2022-12-16 18:26:08]          941          940         1173          0
[2022-12-16 18:26:09]          941          940         1647          0
[2022-12-16 18:26:11]          941          940         2120          0
[2022-12-16 18:26:12]          941          940         2594          0
[2022-12-16 18:26:13]          941          940         3068          0
[2022-12-16 18:26:15]          941          940         3542          0
[2022-12-16 18:26:16]          941          940         4016          0
[2022-12-16 18:26:18]          941          940          394          0
[2022-12-16 18:26:18] WR-BW(MiB/s) RD-BW(MiB/s)  TESTED(MiB)     ERRORS
[2022-12-16 18:26:19]          941          940          867          0
[2022-12-16 18:26:21]          941          940         1341          0
[2022-12-16 18:26:22]          941          940         1815          0
[2022-12-16 18:26:24]          941          940         2289          0
[2022-12-16 18:26:25]          941          940         2763          0
[2022-12-16 18:26:26]          941          940         3237          0
[2022-12-16 18:26:28]          941          940         3710          0
[2022-12-16 18:26:29]          941          940           88          0
[2022-12-16 18:26:29] WR-BW(MiB/s) RD-BW(MiB/s)  TESTED(MiB)     ERRORS
[2022-12-16 18:26:31]          941          940          562          0
[2022-12-16 18:26:32]          941          940         1036          0
[2022-12-16 18:26:34]          941          940         1510          0
[2022-12-16 18:26:35]          941          940         1984          0
[2022-12-16 18:26:37]          941          940         2457          0
[2022-12-16 18:26:38]          941          940         2931          0
[2022-12-16 18:26:40]          941          940         3405          0
[2022-12-16 18:26:41]          941          940         3879          0
[2022-12-16 18:26:41] WR-BW(MiB/s) RD-BW(MiB/s)  TESTED(MiB)     ERRORS
[2022-12-16 18:26:42]          941          940          257          0
[2022-12-16 18:26:44]          941          940          731          0
[2022-12-16 18:26:45]          941          940         1205          0
[2022-12-16 18:26:47]          941          940         1678          0
[2022-12-16 18:26:48]          941          940         2152          0
[2022-12-16 18:26:50]          941          940         2626          0
[2022-12-16 18:26:51]          941          940         3100          0
[2022-12-16 18:26:53]          941          940         3574          0
[2022-12-16 18:26:53] WR-BW(MiB/s) RD-BW(MiB/s)  TESTED(MiB)     ERRORS
[2022-12-16 18:26:54]          941          940         4048          0
[2022-12-16 18:26:56]          941          940          425          0
[2022-12-16 18:26:57]          941          940          899          0
[2022-12-16 18:26:58]          941          940         1373          0
[2022-12-16 18:27:00]          941          940         1847          0
[2022-12-16 18:27:01]          941          940         2321          0
[2022-12-16 18:27:03]          941          940         2795          0
[2022-12-16 18:27:04]          941          940         3268          0
[2022-12-16 18:27:04] WR-BW(MiB/s) RD-BW(MiB/s)  TESTED(MiB)     ERRORS
[2022-12-16 18:27:06]          940          940         3742          0
[2022-12-16 18:27:07]          941          940          120          0
[2022-12-16 18:27:09]          941          940          594          0
[2022-12-16 18:27:10]          941          940         1068          0
[2022-12-16 18:27:11]          941          940         1542          0
[2022-12-16 18:27:13]          941          940         2015          0
[2022-12-16 18:27:14]          941          940         2489          0
[2022-12-16 18:27:16]          941          940         2963          0
[2022-12-16 18:27:16] WR-BW(MiB/s) RD-BW(MiB/s)  TESTED(MiB)     ERRORS
[2022-12-16 18:27:17]          940          940         3437          0
[2022-12-16 18:27:19]          941          940         3911          0
[2022-12-16 18:27:20]          941          940          289          0
[2022-12-16 18:27:22]          941          940          762          0
[2022-12-16 18:27:23]          941          940         1236          0
[2022-12-16 18:27:25]          941          940         1710          0
[2022-12-16 18:27:26]          941          940         2184          0
[2022-12-16 18:27:27]          941          940         2658          0
[2022-12-16 18:27:27] WR-BW(MiB/s) RD-BW(MiB/s)  TESTED(MiB)     ERRORS
[2022-12-16 18:27:29]          940          940         3132          0
[2022-12-16 18:27:30]          941          940         3605          0
[2022-12-16 18:27:32]          941          940         4079          0
[2022-12-16 18:27:33]          941          940          457          0
[2022-12-16 18:27:35]          941          940          931          0
[2022-12-16 18:27:36]          941          940         1405          0
[2022-12-16 18:27:38]          941          940         1879          0
[2022-12-16 18:27:39]          941          940         2352          0
[2022-12-16 18:27:39] WR-BW(MiB/s) RD-BW(MiB/s)  TESTED(MiB)     ERRORS
[2022-12-16 18:27:41]          941          940         2826          0
[2022-12-16 18:27:42]          941          940         3300          0
[2022-12-16 18:27:43]          941          940         3774          0
[2022-12-16 18:27:45]          941          940          152          0
[2022-12-16 18:27:46]          941          940          626          0
[2022-12-16 18:27:48]          941          940         1099          0
[2022-12-16 18:27:49]          941          940         1573          0
[2022-12-16 18:27:51]          941          940         2047          0
[2022-12-16 18:27:51] WR-BW(MiB/s) RD-BW(MiB/s)  TESTED(MiB)     ERRORS
[2022-12-16 18:27:52]          940          940         2521          0
[2022-12-16 18:27:54]          941          940         2995          0
[2022-12-16 18:27:55]          941          940         3469          0
[2022-12-16 18:27:56]          941          940         3942          0
[2022-12-16 18:27:58]          941          940          320          0
[2022-12-16 18:27:59]          941          940          794          0
[2022-12-16 18:28:01]          941          940         1268          0
[2022-12-16 18:28:02]          941          940         1742          0
[2022-12-16 18:28:02] WR-BW(MiB/s) RD-BW(MiB/s)  TESTED(MiB)     ERRORS
[2022-12-16 18:28:04]          940          940         2216          0
[2022-12-16 18:28:05]          941          940         2689          0
[2022-12-16 18:28:07]          941          940         3163          0
[2022-12-16 18:28:08]          941          940         3637          0
[2022-12-16 18:28:10]          941          940           15          0
[2022-12-16 18:28:11]          941          940          489          0
[2022-12-16 18:28:12]          941          940          963          0
[2022-12-16 18:28:14]          941          940         1436          0
[2022-12-16 18:28:14] WR-BW(MiB/s) RD-BW(MiB/s)  TESTED(MiB)     ERRORS
[2022-12-16 18:28:15]          940          940         1910          0
[2022-12-16 18:28:17]          941          940         2384          0
[2022-12-16 18:28:18]          941          940         2858          0
[2022-12-16 18:28:20]          941          940         3332          0
[2022-12-16 18:28:21]          941          940         3806          0
[2022-12-16 18:28:23]          941          940          183          0
[2022-12-16 18:28:24]          941          940          657          0
[2022-12-16 18:28:26]          941          940         1131          0
[2022-12-16 18:28:26] WR-BW(MiB/s) RD-BW(MiB/s)  TESTED(MiB)     ERRORS
[2022-12-16 18:28:27]          941          940         1605          0
[2022-12-16 18:28:28]          941          940         2079          0
[2022-12-16 18:28:30]          941          940         2553          0
[2022-12-16 18:28:31]          941          940         3026          0
[2022-12-16 18:28:33]          941          940         3500          0
[2022-12-16 18:28:34]          941          940         3974          0
[2022-12-16 18:28:36]          941          940          352          0
[2022-12-16 18:28:37]          941          940          826          0
[2022-12-16 18:28:37] WR-BW(MiB/s) RD-BW(MiB/s)  TESTED(MiB)     ERRORS
[2022-12-16 18:28:39]          941          940         1300          0
[2022-12-16 18:28:40]          941          940         1773          0
[2022-12-16 18:28:42]          941          940         2247          0
[2022-12-16 18:28:43]          941          940         2721          0
[2022-12-16 18:28:44]          941          940         3195          0
[2022-12-16 18:28:46]          941          940         3669          0
[2022-12-16 18:28:47]          941          940           47          0
[2022-12-16 18:28:49]          941          940          521          0
[2022-12-16 18:28:49] WR-BW(MiB/s) RD-BW(MiB/s)  TESTED(MiB)     ERRORS
[2022-12-16 18:28:50]          941          940          994          0
[2022-12-16 18:28:52]          941          940         1468          0
[2022-12-16 18:28:53]          941          940         1942          0
[2022-12-16 18:28:55]          941          940         2416          0
[2022-12-16 18:28:56]          941          940         2890          0
[2022-12-16 18:28:57]          941          940         3364          0
[2022-12-16 18:28:59]          941          940         3837          0
[2022-12-16 18:29:00]          941          940          215          0
[2022-12-16 18:29:00] WR-BW(MiB/s) RD-BW(MiB/s)  TESTED(MiB)     ERRORS
[2022-12-16 18:29:02]          941          940          689          0
[2022-12-16 18:29:03]          941          940         1163          0
[2022-12-16 18:29:05]          941          940         1637          0
[2022-12-16 18:29:06]          941          940         2111          0
[2022-12-16 18:29:08]          941          940         2584          0
[2022-12-16 18:29:09]          941          940         3058          0
[2022-12-16 18:29:11]          941          940         3532          0
[2022-12-16 18:29:12]          941          940         4006          0
[2022-12-16 18:29:12] WR-BW(MiB/s) RD-BW(MiB/s)  TESTED(MiB)     ERRORS
[2022-12-16 18:29:13]          941          940          384          0
[2022-12-16 18:29:15]          941          940          858          0
[2022-12-16 18:29:16]          941          940         1331          0
[2022-12-16 18:29:18]          941          940         1805          0
[2022-12-16 18:29:19]          941          940         2279          0
[2022-12-16 18:29:21]          941          940         2753          0
[2022-12-16 18:29:22]          941          940         3227          0
[2022-12-16 18:29:24]          941          940         3701          0
[2022-12-16 18:29:24] WR-BW(MiB/s) RD-BW(MiB/s)  TESTED(MiB)     ERRORS
[2022-12-16 18:29:25]          940          940           78          0
[2022-12-16 18:29:27]          941          940          552          0
[2022-12-16 18:29:28]          941          940         1026          0
[2022-12-16 18:29:29]          941          940         1500          0
[2022-12-16 18:29:31]          941          940         1974          0
[2022-12-16 18:29:32]          941          940         2448          0
[2022-12-16 18:29:34]          941          940         2921          0
[2022-12-16 18:29:35]          941          940         3395          0
[2022-12-16 18:29:35] WR-BW(MiB/s) RD-BW(MiB/s)  TESTED(MiB)     ERRORS
[2022-12-16 18:29:37]          941          940         3869          0
[2022-12-16 18:29:38]          941          940          247          0
[2022-12-16 18:29:40]          941          940          721          0
[2022-12-16 18:29:41]          941          940         1195          0
[2022-12-16 18:29:42]          941          940         1668          0
[2022-12-16 18:29:44]          941          940         2142          0
[2022-12-16 18:29:45]          941          940         2616          0
[2022-12-16 18:29:47]          941          940         3090          0
[2022-12-16 18:29:47] WR-BW(MiB/s) RD-BW(MiB/s)  TESTED(MiB)     ERRORS
[2022-12-16 18:29:48]          940          940         3564          0
[2022-12-16 18:29:50]          941          940         4038          0
[2022-12-16 18:29:51]          941          940          415          0
[2022-12-16 18:29:53]          941          940          889          0
[2022-12-16 18:29:54]          941          940         1363          0
[2022-12-16 18:29:56]          941          940         1837          0
[2022-12-16 18:29:57]          941          940         2311          0
[2022-12-16 18:29:58]          941          940         2785          0
[2022-12-16 18:29:58] WR-BW(MiB/s) RD-BW(MiB/s)  TESTED(MiB)     ERRORS
[2022-12-16 18:30:00]          941          940         3258          0
[2022-12-16 18:30:01]          941          940         3732          0
[2022-12-16 18:30:03]          941          940          110          0
[2022-12-16 18:30:04]          941          940          584          0
[2022-12-16 18:30:06]          941          940         1058          0
[2022-12-16 18:30:07]          941          940         1532          0
[2022-12-16 18:30:09]          941          940         2005          0
[2022-12-16 18:30:10]          941          940         2479          0
[2022-12-16 18:30:10] WR-BW(MiB/s) RD-BW(MiB/s)  TESTED(MiB)     ERRORS
[2022-12-16 18:30:12]          940          940         2953          0
[2022-12-16 18:30:13]          941          940         3427          0
[2022-12-16 18:30:14]          941          940         3901          0
[2022-12-16 18:30:16]          941          940          279          0
[2022-12-16 18:30:17]          941          940          752          0
[2022-12-16 18:30:19]          941          940         1226          0
[2022-12-16 18:30:20]          941          940         1700          0
[2022-12-16 18:30:22]          941          940         2174          0
[2022-12-16 18:30:22] WR-BW(MiB/s) RD-BW(MiB/s)  TESTED(MiB)     ERRORS
[2022-12-16 18:30:23]          940          940         2648          0
[2022-12-16 18:30:25]          941          940         3122          0
[2022-12-16 18:30:26]          941          940         3595          0
[2022-12-16 18:30:27]          941          940         4069          0
[2022-12-16 18:30:29]          941          940          447          0
[2022-12-16 18:30:30]          941          940          921          0
[2022-12-16 18:30:32]          941          940         1395          0
[2022-12-16 18:30:33]          941          940         1869          0
[2022-12-16 18:30:33] WR-BW(MiB/s) RD-BW(MiB/s)  TESTED(MiB)     ERRORS
[2022-12-16 18:30:35]          940          940         2342          0
[2022-12-16 18:30:36]          941          940         2816          0
[2022-12-16 18:30:38]          941          940         3290          0
[2022-12-16 18:30:39]          941          940         3764          0
[2022-12-16 18:30:41]          941          940          142          0
[2022-12-16 18:30:42]          941          940          616          0
[2022-12-16 18:30:43]          941          940         1089          0
[2022-12-16 18:30:45]          941          940         1563          0
[2022-12-16 18:30:45] WR-BW(MiB/s) RD-BW(MiB/s)  TESTED(MiB)     ERRORS
[2022-12-16 18:30:46]          941          940         2037          0
[2022-12-16 18:30:48]          941          940         2511          0
[2022-12-16 18:30:49]          941          940         2985          0
[2022-12-16 18:30:51]          941          940         3459          0
[2022-12-16 18:30:52]          941          940         3933          0
[2022-12-16 18:30:54]          941          940          310          0
[2022-12-16 18:30:55]          941          940          784          0
[2022-12-16 18:30:57]          941          940         1258          0
[2022-12-16 18:30:57] WR-BW(MiB/s) RD-BW(MiB/s)  TESTED(MiB)     ERRORS
[2022-12-16 18:30:58]          940          940         1732          0
[2022-12-16 18:30:59]          941          940         2206          0
[2022-12-16 18:31:01]          941          940         2680          0
[2022-12-16 18:31:02]          941          940         3153          0
[2022-12-16 18:31:04]          941          940         3627          0
[2022-12-16 18:31:05]          941          940            5          0
[2022-12-16 18:31:07]          941          940          479          0
[2022-12-16 18:31:08]          941          940          953          0
[2022-12-16 18:31:08] WR-BW(MiB/s) RD-BW(MiB/s)  TESTED(MiB)     ERRORS
[2022-12-16 18:31:10]          941          940         1427          0
[2022-12-16 18:31:11]          941          940         1900          0
[2022-12-16 18:31:12]          941          940         2374          0
[2022-12-16 18:31:14]          941          940         2848          0
[2022-12-16 18:31:15]          941          940         3322          0
[2022-12-16 18:31:17]          941          940         3796          0
[2022-12-16 18:31:18]          941          940          174          0
[2022-12-16 18:31:20]          941          940          647          0
[2022-12-16 18:31:20] WR-BW(MiB/s) RD-BW(MiB/s)  TESTED(MiB)     ERRORS
[2022-12-16 18:31:21]          941          940         1121          0
[2022-12-16 18:31:23]          941          940         1595          0
[2022-12-16 18:31:24]          941          940         2069          0
[2022-12-16 18:31:26]          941          940         2543          0
[2022-12-16 18:31:27]          941          940         3017          0
[2022-12-16 18:31:28]          941          940         3490          0
[2022-12-16 18:31:30]          941          940         3964          0
[2022-12-16 18:31:31]          941          940          342          0
[2022-12-16 18:31:31] WR-BW(MiB/s) RD-BW(MiB/s)  TESTED(MiB)     ERRORS
[2022-12-16 18:31:33]          941          940          816          0
[2022-12-16 18:31:34]          941          940         1290          0
[2022-12-16 18:31:36]          941          940         1764          0
[2022-12-16 18:31:37]          941          940         2237          0
[2022-12-16 18:31:39]          941          940         2711          0
[2022-12-16 18:31:40]          941          940         3185          0
[2022-12-16 18:31:42]          941          940         3659          0
[2022-12-16 18:31:43]          941          940           37          0
[2022-12-16 18:31:43] WR-BW(MiB/s) RD-BW(MiB/s)  TESTED(MiB)     ERRORS
[2022-12-16 18:31:44]          941          940          511          0
[2022-12-16 18:31:46]          941          940          984          0
[2022-12-16 18:31:47]          941          940         1458          0
[2022-12-16 18:31:49]          941          940         1932          0
[2022-12-16 18:31:50]          941          940         2406          0
[2022-12-16 18:31:52]          941          940         2880          0
[2022-12-16 18:31:53]          941          940         3354          0
[2022-12-16 18:31:55]          941          940         3827          0
[2022-12-16 18:31:55] WR-BW(MiB/s) RD-BW(MiB/s)  TESTED(MiB)     ERRORS
[2022-12-16 18:31:56]          940          940          205          0
[2022-12-16 18:31:57]          941          940          679          0
[2022-12-16 18:31:59]          941          940         1153          0
[2022-12-16 18:32:00]          941          940         1627          0
[2022-12-16 18:32:02]          941          940         2101          0
[2022-12-16 18:32:03]          941          940         2574          0
[2022-12-16 18:32:05]          941          940         3048          0
[2022-12-16 18:32:06]          941          940         3522          0
[2022-12-16 18:32:06] WR-BW(MiB/s) RD-BW(MiB/s)  TESTED(MiB)     ERRORS
[2022-12-16 18:32:08]          940          940         3996          0
[2022-12-16 18:32:09]          941          940          374          0
[2022-12-16 18:32:11]          941          940          848          0
[2022-12-16 18:32:12]          941          940         1321          0
[2022-12-16 18:32:13]          941          940         1795          0
[2022-12-16 18:32:15]          941          940         2269          0
[2022-12-16 18:32:16]          941          940         2743          0
[2022-12-16 18:32:18]          941          940         3217          0
[2022-12-16 18:32:18] WR-BW(MiB/s) RD-BW(MiB/s)  TESTED(MiB)     ERRORS
[2022-12-16 18:32:19]          940          940         3691          0
[2022-12-16 18:32:21]          941          940           68          0
[2022-12-16 18:32:22]          941          940          542          0
[2022-12-16 18:32:24]          941          940         1016          0
[2022-12-16 18:32:25]          941          940         1490          0
[2022-12-16 18:32:27]          941          940         1964          0
[2022-12-16 18:32:28]          941          940         2438          0
[2022-12-16 18:32:29]          941          940         2911          0
[2022-12-16 18:32:29] WR-BW(MiB/s) RD-BW(MiB/s)  TESTED(MiB)     ERRORS
[2022-12-16 18:32:31]          940          940         3385          0
[2022-12-16 18:32:32]          941          940         3859          0
[2022-12-16 18:32:34]          941          940          237          0
[2022-12-16 18:32:35]          941          940          711          0
[2022-12-16 18:32:37]          941          940         1185          0
[2022-12-16 18:32:38]          941          940         1658          0
[2022-12-16 18:32:40]          941          940         2132          0
[2022-12-16 18:32:41]          941          940         2606          0
[2022-12-16 18:32:41] WR-BW(MiB/s) RD-BW(MiB/s)  TESTED(MiB)     ERRORS
[2022-12-16 18:32:42]          941          940         3080          0
[2022-12-16 18:32:44]          941          940         3554          0
[2022-12-16 18:32:45]          941          940         4028          0
[2022-12-16 18:32:47]          941          940          405          0
[2022-12-16 18:32:48]          941          940          879          0
[2022-12-16 18:32:50]          941          940         1353          0
[2022-12-16 18:32:51]          941          940         1827          0
[2022-12-16 18:32:53]          941          940         2301          0
[2022-12-16 18:32:53] WR-BW(MiB/s) RD-BW(MiB/s)  TESTED(MiB)     ERRORS
[2022-12-16 18:32:54]          940          940         2775          0
[2022-12-16 18:32:56]          941          940         3248          0
[2022-12-16 18:32:57]          941          940         3722          0
[2022-12-16 18:32:58]          941          940          100          0
[2022-12-16 18:33:00]          941          940          574          0
[2022-12-16 18:33:01]          941          940         1048          0
[2022-12-16 18:33:03]          941          940         1522          0
[2022-12-16 18:33:04]          941          940         1996          0
[2022-12-16 18:33:04] WR-BW(MiB/s) RD-BW(MiB/s)  TESTED(MiB)     ERRORS
[2022-12-16 18:33:06]          940          940         2469          0
[2022-12-16 18:33:07]          941          940         2943          0
[2022-12-16 18:33:09]          941          940         3417          0
[2022-12-16 18:33:10]          941          940         3891          0
[2022-12-16 18:33:11]          941          940          269          0
[2022-12-16 18:33:13]          941          940          743          0
[2022-12-16 18:33:14]          941          940         1216          0
[2022-12-16 18:33:16]          941          940         1690          0
[2022-12-16 18:33:16] WR-BW(MiB/s) RD-BW(MiB/s)  TESTED(MiB)     ERRORS
[2022-12-16 18:33:17]          941          940         2164          0
[2022-12-16 18:33:19]          941          940         2638          0
[2022-12-16 18:33:20]          941          940         3112          0
[2022-12-16 18:33:22]          941          940         3586          0
[2022-12-16 18:33:23]          941          940         4059          0
[2022-12-16 18:33:25]          941          940          437          0
[2022-12-16 18:33:26]          941          940          911          0
[2022-12-16 18:33:27]          941          940         1385          0
[2022-12-16 18:33:27] WR-BW(MiB/s) RD-BW(MiB/s)  TESTED(MiB)     ERRORS
[2022-12-16 18:33:29]          941          940         1859          0
[2022-12-16 18:33:30]          941          940         2333          0
[2022-12-16 18:33:32]          941          940         2806          0
[2022-12-16 18:33:33]          941          940         3280          0
[2022-12-16 18:33:35]          941          940         3754          0
[2022-12-16 18:33:36]          941          940          132          0
[2022-12-16 18:33:38]          941          940          606          0
[2022-12-16 18:33:39]          941          940         1080          0
[2022-12-16 18:33:39] WR-BW(MiB/s) RD-BW(MiB/s)  TESTED(MiB)     ERRORS
[2022-12-16 18:33:41]          941          940         1553          0
[2022-12-16 18:33:42]          941          940         2027          0
[2022-12-16 18:33:43]          941          940         2501          0
[2022-12-16 18:33:45]          941          940         2975          0
[2022-12-16 18:33:46]          941          940         3449          0
[2022-12-16 18:33:48]          941          940         3923          0
[2022-12-16 18:33:49]          941          940          300          0
[2022-12-16 18:33:51]          941          940          774          0
[2022-12-16 18:33:51] WR-BW(MiB/s) RD-BW(MiB/s)  TESTED(MiB)     ERRORS
[2022-12-16 18:33:52]          941          940         1248          0
[2022-12-16 18:33:54]          941          940         1722          0
[2022-12-16 18:33:55]          941          940         2196          0
[2022-12-16 18:33:56]          941          940         2670          0
[2022-12-16 18:33:58]          941          940         3143          0
[2022-12-16 18:33:59]          941          940         3617          0
[2022-12-16 18:34:01]          941          940         4091          0
[2022-12-16 18:34:02]          941          940          469          0
[2022-12-16 18:34:02] WR-BW(MiB/s) RD-BW(MiB/s)  TESTED(MiB)     ERRORS
[2022-12-16 18:34:04]          941          940          943          0
[2022-12-16 18:34:05]          941          940         1417          0
[2022-12-16 18:34:07]          941          940         1890          0
[2022-12-16 18:34:08]          941          940         2364          0
[2022-12-16 18:34:10]          941          940         2838          0
[2022-12-16 18:34:11]          941          940         3312          0
[2022-12-16 18:34:12]          941          940         3786          0
[2022-12-16 18:34:14]          941          940          164          0
[2022-12-16 18:34:14] WR-BW(MiB/s) RD-BW(MiB/s)  TESTED(MiB)     ERRORS
[2022-12-16 18:34:15]          941          940          637          0
[2022-12-16 18:34:17]          941          940         1111          0
[2022-12-16 18:34:18]          941          940         1585          0
[2022-12-16 18:34:20]          941          940         2059          0
[2022-12-16 18:34:21]          941          940         2533          0
[2022-12-16 18:34:23]          941          940         3007          0
[2022-12-16 18:34:24]          941          940         3480          0
[2022-12-16 18:34:26]          941          940         3954          0
[2022-12-16 18:34:26] WR-BW(MiB/s) RD-BW(MiB/s)  TESTED(MiB)     ERRORS
[2022-12-16 18:34:27]          940          940          332          0
[2022-12-16 18:34:28]          941          940          806          0
[2022-12-16 18:34:30]          941          940         1280          0
[2022-12-16 18:34:31]          941          940         1754          0
[2022-12-16 18:34:33]          941          940         2227          0
[2022-12-16 18:34:34]          941          940         2701          0
[2022-12-16 18:34:36]          941          940         3175          0
[2022-12-16 18:34:37]          941          940         3649          0
[2022-12-16 18:34:37] WR-BW(MiB/s) RD-BW(MiB/s)  TESTED(MiB)     ERRORS
[2022-12-16 18:34:39]          940          940           27          0
[2022-12-16 18:34:40]          941          940          501          0
[2022-12-16 18:34:41]          941          940          974          0
[2022-12-16 18:34:43]          941          940         1448          0
[2022-12-16 18:34:44]          941          940         1922          0
[2022-12-16 18:34:46]          941          940         2396          0
[2022-12-16 18:34:47]          941          940         2870          0
[2022-12-16 18:34:49]          941          940         3344          0
[2022-12-16 18:34:49] WR-BW(MiB/s) RD-BW(MiB/s)  TESTED(MiB)     ERRORS
[2022-12-16 18:34:50]          941          940         3817          0
[2022-12-16 18:34:52]          941          940          195          0
[2022-12-16 18:34:53]          941          940          669          0
[2022-12-16 18:34:55]          941          940         1143          0
[2022-12-16 18:34:56]          941          940         1617          0
[2022-12-16 18:34:57]          941          940         2091          0
[2022-12-16 18:34:59]          941          940         2564          0
[2022-12-16 18:35:00]          941          940         3038          0
[2022-12-16 18:35:00] WR-BW(MiB/s) RD-BW(MiB/s)  TESTED(MiB)     ERRORS
[2022-12-16 18:35:02]          941          940         3512          0
[2022-12-16 18:35:03]          941          940         3986          0
[2022-12-16 18:35:05]          941          940          364          0
[2022-12-16 18:35:06]          941          940          838          0
[2022-12-16 18:35:08]          941          940         1312          0
[2022-12-16 18:35:09]          941          940         1785          0
[2022-12-16 18:35:11]          941          940         2259          0
[2022-12-16 18:35:12]          941          940         2733          0
[2022-12-16 18:35:12] WR-BW(MiB/s) RD-BW(MiB/s)  TESTED(MiB)     ERRORS
[2022-12-16 18:35:13]          940          940         3207          0
[2022-12-16 18:35:15]          941          940         3681          0
[2022-12-16 18:35:16]          941          940           59          0
[2022-12-16 18:35:18]          941          940          532          0
[2022-12-16 18:35:19]          941          940         1006          0
[2022-12-16 18:35:21]          941          940         1480          0
[2022-12-16 18:35:22]          941          940         1954          0
[2022-12-16 18:35:24]          941          940         2428          0
[2022-12-16 18:35:24] WR-BW(MiB/s) RD-BW(MiB/s)  TESTED(MiB)     ERRORS
[2022-12-16 18:35:25]          940          940         2902          0
[2022-12-16 18:35:26]          941          940         3375          0
[2022-12-16 18:35:28]          941          940         3849          0
[2022-12-16 18:35:29]          941          940          227          0
[2022-12-16 18:35:31]          941          940          701          0
[2022-12-16 18:35:32]          941          940         1175          0
[2022-12-16 18:35:34]          941          940         1649          0
[2022-12-16 18:35:35]          941          940         2122          0
[2022-12-16 18:35:35] WR-BW(MiB/s) RD-BW(MiB/s)  TESTED(MiB)     ERRORS
[2022-12-16 18:35:37]          941          940         2596          0
[2022-12-16 18:35:38]          941          940         3070          0
[2022-12-16 18:35:40]          941          940         3544          0
[2022-12-16 18:35:41]          941          940         4018          0
[2022-12-16 18:35:42]          941          940          396          0
[2022-12-16 18:35:44]          941          940          869          0
[2022-12-16 18:35:45]          941          940         1343          0
[2022-12-16 18:35:47]          941          940         1817          0
[2022-12-16 18:35:47] WR-BW(MiB/s) RD-BW(MiB/s)  TESTED(MiB)     ERRORS
[2022-12-16 18:35:48]          940          940         2291          0
[2022-12-16 18:35:50]          941          940         2765          0
[2022-12-16 18:35:51]          941          940         3239          0
[2022-12-16 18:35:53]          941          940         3712          0
[2022-12-16 18:35:54]          941          940           90          0
[2022-12-16 18:35:56]          941          940          564          0
[2022-12-16 18:35:57]          941          940         1038          0
[2022-12-16 18:35:58]          941          940         1512          0
[2022-12-16 18:35:58] WR-BW(MiB/s) RD-BW(MiB/s)  TESTED(MiB)     ERRORS
[2022-12-16 18:36:00]          940          940         1986          0
[2022-12-16 18:36:01]          941          940         2459          0
[2022-12-16 18:36:03]          941          940         2933          0
[2022-12-16 18:36:04]          941          940         3407          0
[2022-12-16 18:36:06]          941          940         3881          0
[2022-12-16 18:36:07]          941          940          259          0
[2022-12-16 18:36:09]          941          940          733          0
[2022-12-16 18:36:10]          941          940         1206          0
[2022-12-16 18:36:10] WR-BW(MiB/s) RD-BW(MiB/s)  TESTED(MiB)     ERRORS
[2022-12-16 18:36:11]          941          940         1680          0
[2022-12-16 18:36:13]          941          940         2154          0
[2022-12-16 18:36:14]          941          940         2628          0
[2022-12-16 18:36:16]          941          940         3102          0
[2022-12-16 18:36:17]          941          940         3576          0
[2022-12-16 18:36:19]          941          940         4049          0
[2022-12-16 18:36:20]          941          940          427          0
[2022-12-16 18:36:22]          941          940          901          0
[2022-12-16 18:36:22] WR-BW(MiB/s) RD-BW(MiB/s)  TESTED(MiB)     ERRORS
[2022-12-16 18:36:23]          940          940         1375          0
[2022-12-16 18:36:25]          941          940         1849          0
[2022-12-16 18:36:26]          941          940         2323          0
[2022-12-16 18:36:27]          941          940         2796          0
[2022-12-16 18:36:29]          941          940         3270          0
[2022-12-16 18:36:30]          941          940         3744          0
[2022-12-16 18:36:32]          941          940          122          0
[2022-12-16 18:36:33]          941          940          596          0
[2022-12-16 18:36:33] WR-BW(MiB/s) RD-BW(MiB/s)  TESTED(MiB)     ERRORS
[2022-12-16 18:36:35]          941          940         1070          0
[2022-12-16 18:36:36]          941          940         1543          0
[2022-12-16 18:36:38]          941          940         2017          0
[2022-12-16 18:36:39]          941          940         2491          0
[2022-12-16 18:36:41]          941          940         2965          0
[2022-12-16 18:36:42]          941          940         3439          0
[2022-12-16 18:36:43]          941          940         3913          0
[2022-12-16 18:36:45]          941          940          290          0
[2022-12-16 18:36:45] WR-BW(MiB/s) RD-BW(MiB/s)  TESTED(MiB)     ERRORS
[2022-12-16 18:36:46]          941          940          764          0
[2022-12-16 18:36:48]          941          940         1238          0
[2022-12-16 18:36:49]          941          940         1712          0
[2022-12-16 18:36:51]          941          940         2186          0
[2022-12-16 18:36:52]          941          940         2660          0
[2022-12-16 18:36:54]          941          940         3133          0
[2022-12-16 18:36:55]          941          940         3607          0
[2022-12-16 18:36:56]          941          940         4081          0
[2022-12-16 18:36:56] WR-BW(MiB/s) RD-BW(MiB/s)  TESTED(MiB)     ERRORS
[2022-12-16 18:36:58]          940          940          459          0
[2022-12-16 18:36:59]          941          940          933          0
[2022-12-16 18:37:01]          941          940         1407          0
[2022-12-16 18:37:02]          941          940         1880          0
[2022-12-16 18:37:04]          941          940         2354          0
[2022-12-16 18:37:05]          941          940         2828          0
[2022-12-16 18:37:07]          941          940         3302          0
[2022-12-16 18:37:08]          941          940         3776          0
[2022-12-16 18:37:08] WR-BW(MiB/s) RD-BW(MiB/s)  TESTED(MiB)     ERRORS
[2022-12-16 18:37:10]          941          940          154          0
[2022-12-16 18:37:11]          941          940          627          0
[2022-12-16 18:37:12]          941          940         1101          0
[2022-12-16 18:37:14]          941          940         1575          0
[2022-12-16 18:37:15]          941          940         2049          0
[2022-12-16 18:37:17]          941          940         2523          0
[2022-12-16 18:37:18]          941          940         2997          0
[2022-12-16 18:37:20]          941          940         3471          0
[2022-12-16 18:37:20] WR-BW(MiB/s) RD-BW(MiB/s)  TESTED(MiB)     ERRORS
[2022-12-16 18:37:21]          940          940         3944          0
[2022-12-16 18:37:23]          941          940          322          0
[2022-12-16 18:37:24]          941          940          796          0
[2022-12-16 18:37:26]          941          940         1270          0
[2022-12-16 18:37:27]          941          940         1744          0
[2022-12-16 18:37:28]          941          940         2218          0
[2022-12-16 18:37:30]          941          940         2691          0
[2022-12-16 18:37:31]          941          940         3165          0
[2022-12-16 18:37:31] WR-BW(MiB/s) RD-BW(MiB/s)  TESTED(MiB)     ERRORS
[2022-12-16 18:37:33]          941          940         3639          0
[2022-12-16 18:37:34]          941          940           17          0
[2022-12-16 18:37:36]          941          940          491          0
[2022-12-16 18:37:37]          941          940          965          0
[2022-12-16 18:37:39]          941          940         1438          0
[2022-12-16 18:37:40]          941          940         1912          0
[2022-12-16 18:37:41]          941          940         2386          0
[2022-12-16 18:37:43]          941          940         2860          0
[2022-12-16 18:37:43] WR-BW(MiB/s) RD-BW(MiB/s)  TESTED(MiB)     ERRORS
[2022-12-16 18:37:44]          941          940         3334          0
[2022-12-16 18:37:46]          941          940         3808          0
[2022-12-16 18:37:47]          941          940          185          0
[2022-12-16 18:37:49]          941          940          659          0
[2022-12-16 18:37:50]          941          940         1133          0
[2022-12-16 18:37:52]          941          940         1607          0
[2022-12-16 18:37:53]          941          940         2081          0
[2022-12-16 18:37:55]          941          940         2555          0
[2022-12-16 18:37:55] WR-BW(MiB/s) RD-BW(MiB/s)  TESTED(MiB)     ERRORS
[2022-12-16 18:37:56]          940          940         3028          0
[2022-12-16 18:37:57]          941          940         3502          0
[2022-12-16 18:37:59]          941          940         3976          0
[2022-12-16 18:38:00]          941          940          354          0
[2022-12-16 18:38:02]          941          940          828          0
[2022-12-16 18:38:03]          941          940         1302          0
[2022-12-16 18:38:05]          941          940         1775          0
[2022-12-16 18:38:06]          941          940         2249          0
[2022-12-16 18:38:06] WR-BW(MiB/s) RD-BW(MiB/s)  TESTED(MiB)     ERRORS
[2022-12-16 18:38:08]          941          940         2723          0
[2022-12-16 18:38:09]          941          940         3197          0
[2022-12-16 18:38:11]          941          940         3671          0
[2022-12-16 18:38:12]          941          940           49          0
[2022-12-16 18:38:13]          941          940          522          0
[2022-12-16 18:38:15]          941          940          996          0
[2022-12-16 18:38:16]          941          940         1470          0
[2022-12-16 18:38:18]          941          940         1944          0
[2022-12-16 18:38:18] WR-BW(MiB/s) RD-BW(MiB/s)  TESTED(MiB)     ERRORS
[2022-12-16 18:38:19]          941          940         2418          0
[2022-12-16 18:38:21]          941          940         2892          0
[2022-12-16 18:38:22]          941          940         3365          0
[2022-12-16 18:38:24]          941          940         3839          0
[2022-12-16 18:38:25]          941          940          217          0
[2022-12-16 18:38:26]          941          940          691          0
[2022-12-16 18:38:28]          941          940         1165          0
[2022-12-16 18:38:29]          941          940         1639          0
[2022-12-16 18:38:29] WR-BW(MiB/s) RD-BW(MiB/s)  TESTED(MiB)     ERRORS
[2022-12-16 18:38:31]          941          940         2112          0
[2022-12-16 18:38:32]          941          940         2586          0
[2022-12-16 18:38:34]          941          940         3060          0
[2022-12-16 18:38:35]          941          940         3534          0
[2022-12-16 18:38:37]          941          940         4008          0
[2022-12-16 18:38:38]          941          940          386          0
[2022-12-16 18:38:40]          941          940          859          0
[2022-12-16 18:38:41]          941          940         1333          0
[2022-12-16 18:38:41] WR-BW(MiB/s) RD-BW(MiB/s)  TESTED(MiB)     ERRORS
[2022-12-16 18:38:42]          940          940         1807          0
[2022-12-16 18:38:44]          941          940         2281          0
[2022-12-16 18:38:45]          941          940         2755          0
[2022-12-16 18:38:47]          941          940         3229          0
[2022-12-16 18:38:48]          941          940         3702          0
[2022-12-16 18:38:50]          941          940           80          0
[2022-12-16 18:38:51]          941          940          554          0
[2022-12-16 18:38:53]          941          940         1028          0
[2022-12-16 18:38:53] WR-BW(MiB/s) RD-BW(MiB/s)  TESTED(MiB)     ERRORS
[2022-12-16 18:38:54]          941          940         1502          0
[2022-12-16 18:38:56]          941          940         1976          0
[2022-12-16 18:38:57]          941          940         2449          0
[2022-12-16 18:38:58]          941          940         2923          0
[2022-12-16 18:39:00]          941          940         3397          0
[2022-12-16 18:39:01]          941          940         3871          0
[2022-12-16 18:39:03]          941          940          249          0
[2022-12-16 18:39:04]          941          940          723          0
[2022-12-16 18:39:04] WR-BW(MiB/s) RD-BW(MiB/s)  TESTED(MiB)     ERRORS
[2022-12-16 18:39:06]          941          940         1196          0
[2022-12-16 18:39:07]          941          940         1670          0
[2022-12-16 18:39:09]          941          940         2144          0
[2022-12-16 18:39:10]          941          940         2618          0
[2022-12-16 18:39:11]          941          940         3092          0
[2022-12-16 18:39:13]          941          940         3566          0
[2022-12-16 18:39:14]          941          940         4039          0
[2022-12-16 18:39:16]          941          940          417          0
[2022-12-16 18:39:16] WR-BW(MiB/s) RD-BW(MiB/s)  TESTED(MiB)     ERRORS
[2022-12-16 18:39:17]          941          940          891          0
[2022-12-16 18:39:19]          941          940         1365          0
[2022-12-16 18:39:20]          941          940         1839          0
[2022-12-16 18:39:22]          941          940         2313          0
[2022-12-16 18:39:23]          941          940         2786          0
[2022-12-16 18:39:25]          941          940         3260          0
[2022-12-16 18:39:26]          941          940         3734          0
[2022-12-16 18:39:27]          941          940          112          0
[2022-12-16 18:39:27] WR-BW(MiB/s) RD-BW(MiB/s)  TESTED(MiB)     ERRORS
[2022-12-16 18:39:29]          941          940          586          0
[2022-12-16 18:39:30]          941          940         1060          0
[2022-12-16 18:39:32]          941          940         1534          0
[2022-12-16 18:39:33]          941          940         2007          0
[2022-12-16 18:39:35]          941          940         2481          0
[2022-12-16 18:39:36]          941          940         2955          0
[2022-12-16 18:39:38]          941          940         3429          0
[2022-12-16 18:39:39]          941          940         3903          0
[2022-12-16 18:39:39] WR-BW(MiB/s) RD-BW(MiB/s)  TESTED(MiB)     ERRORS
[2022-12-16 18:39:41]          940          940          281          0
[2022-12-16 18:39:42]          941          940          754          0
[2022-12-16 18:39:43]          941          940         1228          0
[2022-12-16 18:39:45]          941          940         1702          0
[2022-12-16 18:39:46]          941          940         2176          0
[2022-12-16 18:39:48]          941          940         2650          0
[2022-12-16 18:39:49]          941          940         3124          0
[2022-12-16 18:39:51]          941          940         3597          0
[2022-12-16 18:39:51] WR-BW(MiB/s) RD-BW(MiB/s)  TESTED(MiB)     ERRORS
[2022-12-16 18:39:52]          940          940         4071          0
[2022-12-16 18:39:54]          941          940          449          0
[2022-12-16 18:39:55]          941          940          923          0
[2022-12-16 18:39:56]          941          940         1397          0
[2022-12-16 18:39:58]          941          940         1871          0
[2022-12-16 18:39:59]          941          940         2344          0
[2022-12-16 18:40:01]          941          940         2818          0
[2022-12-16 18:40:02]          941          940         3292          0
[2022-12-16 18:40:02] WR-BW(MiB/s) RD-BW(MiB/s)  TESTED(MiB)     ERRORS
[2022-12-16 18:40:04]          940          940         3766          0
[2022-12-16 18:40:05]          941          940          144          0
[2022-12-16 18:40:07]          941          940          618          0
[2022-12-16 18:40:08]          941          940         1091          0
[2022-12-16 18:40:10]          941          940         1565          0
[2022-12-16 18:40:11]          941          940         2039          0
[2022-12-16 18:40:12]          941          940         2513          0
[2022-12-16 18:40:14]          941          940         2987          0
[2022-12-16 18:40:14] WR-BW(MiB/s) RD-BW(MiB/s)  TESTED(MiB)     ERRORS
[2022-12-16 18:40:15]          940          940         3461          0
[2022-12-16 18:40:17]          941          940         3934          0
[2022-12-16 18:40:18]          941          940          312          0
[2022-12-16 18:40:20]          941          940          786          0
[2022-12-16 18:40:21]          941          940         1260          0
[2022-12-16 18:40:23]          941          940         1734          0
[2022-12-16 18:40:24]          941          940         2208          0
[2022-12-16 18:40:26]          941          940         2681          0
[2022-12-16 18:40:26] WR-BW(MiB/s) RD-BW(MiB/s)  TESTED(MiB)     ERRORS
[2022-12-16 18:40:27]          941          940         3155          0
[2022-12-16 18:40:28]          941          940         3629          0
[2022-12-16 18:40:30]          941          940            7          0
[2022-12-16 18:40:31]          941          940          481          0
[2022-12-16 18:40:33]          941          940          955          0
[2022-12-16 18:40:34]          941          940         1428          0
[2022-12-16 18:40:36]          941          940         1902          0
[2022-12-16 18:40:37]          941          940         2376          0
[2022-12-16 18:40:37] WR-BW(MiB/s) RD-BW(MiB/s)  TESTED(MiB)     ERRORS
[2022-12-16 18:40:39]          941          940         2850          0
[2022-12-16 18:40:40]          941          940         3324          0
[2022-12-16 18:40:41]          941          940         3798          0
[2022-12-16 18:40:43]          941          940          175          0
[2022-12-16 18:40:44]          941          940          649          0
[2022-12-16 18:40:46]          941          940         1123          0
[2022-12-16 18:40:47]          941          940         1597          0
[2022-12-16 18:40:49]          941          940         2071          0
[2022-12-16 18:40:49] WR-BW(MiB/s) RD-BW(MiB/s)  TESTED(MiB)     ERRORS
[2022-12-16 18:40:50]          941          940         2545          0
[2022-12-16 18:40:52]          941          940         3018          0
[2022-12-16 18:40:53]          941          940         3492          0
[2022-12-16 18:40:55]          941          940         3966          0
[2022-12-16 18:40:56]          941          940          344          0
[2022-12-16 18:40:57]          941          940          818          0
[2022-12-16 18:40:59]          941          940         1292          0
[2022-12-16 18:41:00]          941          940         1765          0
[2022-12-16 18:41:00] WR-BW(MiB/s) RD-BW(MiB/s)  TESTED(MiB)     ERRORS
[2022-12-16 18:41:02]          940          940         2239          0
[2022-12-16 18:41:03]          941          940         2713          0
[2022-12-16 18:41:05]          941          940         3187          0
[2022-12-16 18:41:06]          941          940         3661          0
[2022-12-16 18:41:08]          941          940           39          0
[2022-12-16 18:41:09]          941          940          512          0
[2022-12-16 18:41:11]          941          940          986          0
[2022-12-16 18:41:12]          941          940         1460          0
[2022-12-16 18:41:12] WR-BW(MiB/s) RD-BW(MiB/s)  TESTED(MiB)     ERRORS
[2022-12-16 18:41:13]          940          940         1934          0
[2022-12-16 18:41:15]          941          940         2408          0
[2022-12-16 18:41:16]          941          940         2882          0
[2022-12-16 18:41:18]          941          940         3355          0
[2022-12-16 18:41:19]          941          940         3829          0
[2022-12-16 18:41:21]          941          940          207          0
[2022-12-16 18:41:22]          941          940          681          0
[2022-12-16 18:41:24]          941          940         1155          0
[2022-12-16 18:41:24] WR-BW(MiB/s) RD-BW(MiB/s)  TESTED(MiB)     ERRORS
[2022-12-16 18:41:25]          940          940         1629          0
[2022-12-16 18:41:26]          941          940         2102          0
[2022-12-16 18:41:28]          941          940         2576          0
[2022-12-16 18:41:29]          941          940         3050          0
[2022-12-16 18:41:31]          941          940         3524          0
[2022-12-16 18:41:32]          941          940         3998          0
[2022-12-16 18:41:34]          941          940          376          0
[2022-12-16 18:41:35]          941          940          849          0
[2022-12-16 18:41:35] WR-BW(MiB/s) RD-BW(MiB/s)  TESTED(MiB)     ERRORS
[2022-12-16 18:41:37]          941          940         1323          0
[2022-12-16 18:41:38]          941          940         1797          0
[2022-12-16 18:41:40]          941          940         2271          0
[2022-12-16 18:41:41]          941          940         2745          0
[2022-12-16 18:41:42]          941          940         3219          0
[2022-12-16 18:41:44]          941          940         3693          0
[2022-12-16 18:41:45]          941          940           70          0
[2022-12-16 18:41:47]          941          940          544          0
[2022-12-16 18:41:47] WR-BW(MiB/s) RD-BW(MiB/s)  TESTED(MiB)     ERRORS
[2022-12-16 18:41:48]          941          940         1018          0
[2022-12-16 18:41:50]          941          940         1492          0
[2022-12-16 18:41:51]          941          940         1966          0
[2022-12-16 18:41:53]          941          940         2440          0
[2022-12-16 18:41:54]          941          940         2913          0
[2022-12-16 18:41:55]          941          940         3387          0
[2022-12-16 18:41:57]          941          940         3861          0
[2022-12-16 18:41:58]          941          940          239          0
[2022-12-16 18:41:58] WR-BW(MiB/s) RD-BW(MiB/s)  TESTED(MiB)     ERRORS
[2022-12-16 18:42:00]          941          940          713          0
[2022-12-16 18:42:01]          941          940         1187          0
[2022-12-16 18:42:03]          941          940         1660          0
[2022-12-16 18:42:04]          941          940         2134          0
[2022-12-16 18:42:06]          941          940         2608          0
[2022-12-16 18:42:07]          941          940         3082          0
[2022-12-16 18:42:09]          941          940         3556          0
[2022-12-16 18:42:10]          941          940         4030          0
[2022-12-16 18:42:10] WR-BW(MiB/s) RD-BW(MiB/s)  TESTED(MiB)     ERRORS
[2022-12-16 18:42:11]          940          940          407          0
[2022-12-16 18:42:13]          941          940          881          0
[2022-12-16 18:42:14]          941          940         1355          0
[2022-12-16 18:42:16]          941          940         1829          0
[2022-12-16 18:42:17]          941          940         2303          0
[2022-12-16 18:42:19]          941          940         2777          0
[2022-12-16 18:42:20]          941          940         3250          0
[2022-12-16 18:42:22]          941          940         3724          0
[2022-12-16 18:42:22] WR-BW(MiB/s) RD-BW(MiB/s)  TESTED(MiB)     ERRORS
[2022-12-16 18:42:23]          940          940          102          0
[2022-12-16 18:42:25]          941          940          576          0
[2022-12-16 18:42:26]          941          940         1050          0
[2022-12-16 18:42:27]          941          940         1524          0
[2022-12-16 18:42:29]          941          940         1997          0
[2022-12-16 18:42:30]          941          940         2471          0
[2022-12-16 18:42:32]          941          940         2945          0
[2022-12-16 18:42:33]          941          940         3419          0
[2022-12-16 18:42:33] WR-BW(MiB/s) RD-BW(MiB/s)  TESTED(MiB)     ERRORS
[2022-12-16 18:42:35]          941          940         3893          0
[2022-12-16 18:42:36]          941          940          271          0
[2022-12-16 18:42:38]          940          937          744          0
[2022-12-16 18:42:39]          940          936         1217          0
[2022-12-16 18:42:40]          940          936         1689          0
[2022-12-16 18:42:42]          940          936         2162          0
[2022-12-16 18:42:43]          940          936         2635          0
[2022-12-16 18:42:45]          940          938         3108          0
[2022-12-16 18:42:45] WR-BW(MiB/s) RD-BW(MiB/s)  TESTED(MiB)     ERRORS
[2022-12-16 18:42:46]          941          940         3582          0
[2022-12-16 18:42:48]          941          940         4056          0
[2022-12-16 18:42:49]          941          940          434          0
[2022-12-16 18:42:51]          941          940          908          0
[2022-12-16 18:42:52]          941          940         1382          0
[2022-12-16 18:42:54]          941          940         1855          0
[2022-12-16 18:42:55]          941          940         2329          0
[2022-12-16 18:42:56]          941          940         2803          0
[2022-12-16 18:42:56] WR-BW(MiB/s) RD-BW(MiB/s)  TESTED(MiB)     ERRORS
[2022-12-16 18:42:58]          941          940         3277          0
[2022-12-16 18:42:59]          941          940         3751          0
[2022-12-16 18:43:01]          941          940          129          0
[2022-12-16 18:43:02]          941          940          602          0
[2022-12-16 18:43:04]          941          940         1076          0
[2022-12-16 18:43:05]          941          940         1550          0
[2022-12-16 18:43:07]          941          940         2024          0
[2022-12-16 18:43:08]          941          940         2498          0
[2022-12-16 18:43:08] WR-BW(MiB/s) RD-BW(MiB/s)  TESTED(MiB)     ERRORS
[2022-12-16 18:43:10]          940          940         2972          0
[2022-12-16 18:43:11]          941          940         3445          0
[2022-12-16 18:43:12]          941          940         3919          0
[2022-12-16 18:43:14]          941          940          297          0
[2022-12-16 18:43:15]          941          940          771          0
[2022-12-16 18:43:17]          941          940         1245          0
[2022-12-16 18:43:18]          941          940         1719          0
[2022-12-16 18:43:20]          941          940         2192          0
[2022-12-16 18:43:20] WR-BW(MiB/s) RD-BW(MiB/s)  TESTED(MiB)     ERRORS
[2022-12-16 18:43:21]          941          940         2666          0
[2022-12-16 18:43:23]          941          940         3140          0
[2022-12-16 18:43:24]          941          940         3614          0
[2022-12-16 18:43:25]          941          940         4088          0
[2022-12-16 18:43:27]          941          940          466          0
[2022-12-16 18:43:28]          941          940          939          0
[2022-12-16 18:43:30]          941          940         1413          0
[2022-12-16 18:43:31]          941          940         1887          0
[2022-12-16 18:43:31] WR-BW(MiB/s) RD-BW(MiB/s)  TESTED(MiB)     ERRORS
[2022-12-16 18:43:33]          941          940         2361          0
[2022-12-16 18:43:34]          941          940         2835          0
[2022-12-16 18:43:36]          941          940         3309          0
[2022-12-16 18:43:37]          941          940         3782          0
[2022-12-16 18:43:39]          941          940          160          0
[2022-12-16 18:43:40]          941          940          634          0
[2022-12-16 18:43:41]          941          940         1108          0
[2022-12-16 18:43:43]          941          940         1582          0
[2022-12-16 18:43:43] WR-BW(MiB/s) RD-BW(MiB/s)  TESTED(MiB)     ERRORS
[2022-12-16 18:43:44]          940          940         2056          0
[2022-12-16 18:43:46]          941          940         2529          0
[2022-12-16 18:43:47]          941          940         3003          0
[2022-12-16 18:43:49]          941          940         3477          0
[2022-12-16 18:43:50]          941          940         3951          0
[2022-12-16 18:43:52]          941          940          329          0
[2022-12-16 18:43:53]          941          940          803          0
[2022-12-16 18:43:55]          941          940         1276          0
[2022-12-16 18:43:55] WR-BW(MiB/s) RD-BW(MiB/s)  TESTED(MiB)     ERRORS
[2022-12-16 18:43:56]          940          940         1750          0
[2022-12-16 18:43:57]          941          940         2224          0
[2022-12-16 18:43:59]          941          940         2698          0
[2022-12-16 18:44:00]          941          940         3172          0
[2022-12-16 18:44:02]          941          940         3646          0
[2022-12-16 18:44:03]          941          940           24          0
[2022-12-16 18:44:05]          941          940          497          0
[2022-12-16 18:44:06]          941          940          971          0
[2022-12-16 18:44:06] WR-BW(MiB/s) RD-BW(MiB/s)  TESTED(MiB)     ERRORS
[2022-12-16 18:44:08]          941          940         1445          0
[2022-12-16 18:44:09]          941          940         1919          0
[2022-12-16 18:44:10]          941          940         2393          0
[2022-12-16 18:44:12]          941          940         2867          0
[2022-12-16 18:44:13]          941          940         3340          0
[2022-12-16 18:44:15]          941          940         3814          0
[2022-12-16 18:44:16]          941          940          192          0
[2022-12-16 18:44:18]          941          940          666          0
[2022-12-16 18:44:18] WR-BW(MiB/s) RD-BW(MiB/s)  TESTED(MiB)     ERRORS
[2022-12-16 18:44:19]          940          940         1140          0
[2022-12-16 18:44:21]          941          940         1614          0
[2022-12-16 18:44:22]          941          940         2087          0
[2022-12-16 18:44:24]          941          940         2561          0
[2022-12-16 18:44:25]          941          940         3035          0
[2022-12-16 18:44:26]          941          940         3509          0
[2022-12-16 18:44:28]          941          940         3983          0
[2022-12-16 18:44:29]          941          940          361          0
[2022-12-16 18:44:29] WR-BW(MiB/s) RD-BW(MiB/s)  TESTED(MiB)     ERRORS
[2022-12-16 18:44:31]          941          940          834          0
[2022-12-16 18:44:32]          941          940         1308          0
[2022-12-16 18:44:34]          941          940         1782          0
[2022-12-16 18:44:35]          941          940         2256          0
[2022-12-16 18:44:37]          941          940         2730          0
[2022-12-16 18:44:38]          941          940         3204          0
[2022-12-16 18:44:40]          941          940         3677          0
[2022-12-16 18:44:41]          941          940           55          0
[2022-12-16 18:44:41] WR-BW(MiB/s) RD-BW(MiB/s)  TESTED(MiB)     ERRORS
[2022-12-16 18:44:42]          941          940          529          0
[2022-12-16 18:44:44]          941          940         1003          0
[2022-12-16 18:44:45]          941          940         1477          0
[2022-12-16 18:44:47]          941          940         1951          0
[2022-12-16 18:44:48]          941          940         2424          0
[2022-12-16 18:44:50]          941          940         2898          0
[2022-12-16 18:44:51]          941          940         3372          0
[2022-12-16 18:44:53]          941          940         3846          0
[2022-12-16 18:44:53] WR-BW(MiB/s) RD-BW(MiB/s)  TESTED(MiB)     ERRORS
[2022-12-16 18:44:54]          941          940          224          0
[2022-12-16 18:44:55]          941          940          698          0
[2022-12-16 18:44:57]          941          940         1171          0
[2022-12-16 18:44:58]          941          940         1645          0
[2022-12-16 18:45:00]          941          940         2119          0
[2022-12-16 18:45:01]          941          940         2593          0
[2022-12-16 18:45:03]          941          940         3067          0
[2022-12-16 18:45:04]          941          940         3541          0
[2022-12-16 18:45:04] WR-BW(MiB/s) RD-BW(MiB/s)  TESTED(MiB)     ERRORS
[2022-12-16 18:45:06]          941          940         4014          0
[2022-12-16 18:45:07]          941          940          392          0
[2022-12-16 18:45:09]          941          940          866          0
[2022-12-16 18:45:10]          941          940         1340          0
[2022-12-16 18:45:11]          941          940         1814          0
[2022-12-16 18:45:13]          941          940         2288          0
[2022-12-16 18:45:14]          941          940         2761          0
[2022-12-16 18:45:16]          941          940         3235          0
[2022-12-16 18:45:16] WR-BW(MiB/s) RD-BW(MiB/s)  TESTED(MiB)     ERRORS
[2022-12-16 18:45:17]          940          940         3709          0
[2022-12-16 18:45:19]          941          940           87          0
[2022-12-16 18:45:20]          941          940          561          0
[2022-12-16 18:45:22]          941          940         1035          0
[2022-12-16 18:45:23]          941          940         1508          0
[2022-12-16 18:45:25]          941          940         1982          0
[2022-12-16 18:45:26]          941          940         2456          0
[2022-12-16 18:45:27]          941          940         2930          0
[2022-12-16 18:45:27] WR-BW(MiB/s) RD-BW(MiB/s)  TESTED(MiB)     ERRORS
[2022-12-16 18:45:29]          940          940         3404          0
[2022-12-16 18:45:30]          941          940         3878          0
[2022-12-16 18:45:32]          941          940          255          0
[2022-12-16 18:45:33]          941          940          729          0
[2022-12-16 18:45:35]          941          940         1203          0
[2022-12-16 18:45:36]          941          940         1677          0
[2022-12-16 18:45:38]          941          940         2151          0
[2022-12-16 18:45:39]          941          940         2625          0
[2022-12-16 18:45:39] WR-BW(MiB/s) RD-BW(MiB/s)  TESTED(MiB)     ERRORS
[2022-12-16 18:45:40]          941          940         3098          0
[2022-12-16 18:45:42]          941          940         3572          0
[2022-12-16 18:45:43]          941          940         4046          0
[2022-12-16 18:45:45]          941          940          424          0
[2022-12-16 18:45:46]          941          940          898          0
[2022-12-16 18:45:48]          941          940         1372          0
[2022-12-16 18:45:49]          941          940         1845          0
[2022-12-16 18:45:51]          941          940         2319          0
[2022-12-16 18:45:51] WR-BW(MiB/s) RD-BW(MiB/s)  TESTED(MiB)     ERRORS
[2022-12-16 18:45:52]          940          940         2793          0
[2022-12-16 18:45:54]          941          940         3267          0
[2022-12-16 18:45:55]          941          940         3741          0
[2022-12-16 18:45:56]          941          940          119          0
[2022-12-16 18:45:58]          941          940          592          0
[2022-12-16 18:45:59]          941          940         1066          0
[2022-12-16 18:46:01]          941          940         1540          0
[2022-12-16 18:46:02]          941          940         2014          0
[2022-12-16 18:46:02] WR-BW(MiB/s) RD-BW(MiB/s)  TESTED(MiB)     ERRORS
[2022-12-16 18:46:04]          940          940         2488          0
[2022-12-16 18:46:05]          941          940         2962          0
[2022-12-16 18:46:07]          941          940         3435          0
[2022-12-16 18:46:08]          941          940         3909          0
[2022-12-16 18:46:09]          941          940          287          0
[2022-12-16 18:46:11]          941          940          761          0
[2022-12-16 18:46:12]          941          940         1235          0
[2022-12-16 18:46:14]          941          940         1709          0
[2022-12-16 18:46:14] WR-BW(MiB/s) RD-BW(MiB/s)  TESTED(MiB)     ERRORS
[2022-12-16 18:46:15]          940          940         2183          0
[2022-12-16 18:46:17]          941          940         2656          0
[2022-12-16 18:46:18]          941          940         3130          0
[2022-12-16 18:46:20]          941          940         3604          0
[2022-12-16 18:46:21]          941          940         4078          0
[2022-12-16 18:46:23]          941          940          456          0
[2022-12-16 18:46:24]          941          940          930          0
[2022-12-16 18:46:25]          941          940         1403          0
[2022-12-16 18:46:25] WR-BW(MiB/s) RD-BW(MiB/s)  TESTED(MiB)     ERRORS
[2022-12-16 18:46:27]          941          940         1877          0
[2022-12-16 18:46:28]          941          940         2351          0
[2022-12-16 18:46:30]          941          940         2825          0
[2022-12-16 18:46:31]          941          940         3299          0
[2022-12-16 18:46:33]          941          940         3773          0
[2022-12-16 18:46:34]          941          940          150          0
[2022-12-16 18:46:36]          941          940          624          0
[2022-12-16 18:46:37]          941          940         1098          0
[2022-12-16 18:46:37] WR-BW(MiB/s) RD-BW(MiB/s)  TESTED(MiB)     ERRORS
[2022-12-16 18:46:39]          941          940         1572          0
[2022-12-16 18:46:40]          941          940         2046          0
[2022-12-16 18:46:41]          941          940         2520          0
[2022-12-16 18:46:43]          941          940         2993          0
[2022-12-16 18:46:44]          941          940         3467          0
[2022-12-16 18:46:46]          941          940         3941          0
[2022-12-16 18:46:47]          941          940          319          0
[2022-12-16 18:46:49]          941          940          793          0
[2022-12-16 18:46:49] WR-BW(MiB/s) RD-BW(MiB/s)  TESTED(MiB)     ERRORS
[2022-12-16 18:46:50]          941          940         1267          0
[2022-12-16 18:46:52]          941          940         1740          0
[2022-12-16 18:46:53]          941          940         2214          0
[2022-12-16 18:46:54]          941          940         2688          0
[2022-12-16 18:46:56]          941          940         3162          0
[2022-12-16 18:46:57]          941          940         3636          0
[2022-12-16 18:46:59]          941          940           14          0
[2022-12-16 18:47:00]          941          940          487          0
[2022-12-16 18:47:00] WR-BW(MiB/s) RD-BW(MiB/s)  TESTED(MiB)     ERRORS
[2022-12-16 18:47:02]          941          940          961          0
[2022-12-16 18:47:03]          941          940         1435          0
[2022-12-16 18:47:05]          941          940         1909          0
[2022-12-16 18:47:06]          941          940         2383          0
[2022-12-16 18:47:08]          941          940         2857          0
[2022-12-16 18:47:09]          941          940         3330          0
[2022-12-16 18:47:10]          941          940         3804          0
[2022-12-16 18:47:12]          941          940          182          0
[2022-12-16 18:47:12] WR-BW(MiB/s) RD-BW(MiB/s)  TESTED(MiB)     ERRORS
[2022-12-16 18:47:13]          941          940          656          0
[2022-12-16 18:47:15]          941          940         1130          0
[2022-12-16 18:47:16]          941          940         1604          0
[2022-12-16 18:47:18]          941          940         2077          0
[2022-12-16 18:47:19]          941          940         2551          0
[2022-12-16 18:47:21]          941          940         3025          0
[2022-12-16 18:47:22]          941          940         3499          0
[2022-12-16 18:47:24]          941          940         3973          0
[2022-12-16 18:47:24] WR-BW(MiB/s) RD-BW(MiB/s)  TESTED(MiB)     ERRORS
[2022-12-16 18:47:25]          941          940          351          0
[2022-12-16 18:47:26]          941          940          824          0
[2022-12-16 18:47:28]          941          940         1298          0
[2022-12-16 18:47:29]          941          940         1772          0
[2022-12-16 18:47:31]          941          940         2246          0
[2022-12-16 18:47:32]          941          940         2720          0
[2022-12-16 18:47:34]          941          940         3194          0
[2022-12-16 18:47:35]          941          940         3667          0
[2022-12-16 18:47:35] WR-BW(MiB/s) RD-BW(MiB/s)  TESTED(MiB)     ERRORS
[2022-12-16 18:47:37]          941          940           45          0
[2022-12-16 18:47:38]          941          940          519          0
[2022-12-16 18:47:39]          941          940          993          0
[2022-12-16 18:47:41]          941          940         1467          0
[2022-12-16 18:47:42]          941          940         1941          0
[2022-12-16 18:47:44]          941          940         2414          0
[2022-12-16 18:47:45]          941          940         2888          0
[2022-12-16 18:47:47]          941          940         3362          0
[2022-12-16 18:47:47] WR-BW(MiB/s) RD-BW(MiB/s)  TESTED(MiB)     ERRORS
[2022-12-16 18:47:48]          941          940         3836          0
[2022-12-16 18:47:50]          941          940          214          0
[2022-12-16 18:47:51]          941          940          688          0
[2022-12-16 18:47:53]          941          940         1161          0
[2022-12-16 18:47:54]          941          940         1635          0
[2022-12-16 18:47:55]          941          940         2109          0
[2022-12-16 18:47:57]          941          940         2583          0
[2022-12-16 18:47:58]          941          940         3057          0
[2022-12-16 18:47:58] WR-BW(MiB/s) RD-BW(MiB/s)  TESTED(MiB)     ERRORS
[2022-12-16 18:48:00]          940          940         3531          0
[2022-12-16 18:48:01]          941          940         4004          0
[2022-12-16 18:48:03]          941          940          382          0
[2022-12-16 18:48:04]          941          940          856          0
[2022-12-16 18:48:06]          941          940         1330          0
[2022-12-16 18:48:07]          941          940         1804          0
[2022-12-16 18:48:09]          941          940         2278          0
[2022-12-16 18:48:10]          941          940         2751          0
[2022-12-16 18:48:10] WR-BW(MiB/s) RD-BW(MiB/s)  TESTED(MiB)     ERRORS
[2022-12-16 18:48:11]          941          940         3225          0
[2022-12-16 18:48:13]          941          940         3699          0
[2022-12-16 18:48:14]          941          940           77          0
[2022-12-16 18:48:16]          941          940          551          0
[2022-12-16 18:48:17]          941          940         1025          0
[2022-12-16 18:48:19]          941          940         1498          0
[2022-12-16 18:48:20]          941          940         1972          0
[2022-12-16 18:48:22]          941          940         2446          0
[2022-12-16 18:48:22] WR-BW(MiB/s) RD-BW(MiB/s)  TESTED(MiB)     ERRORS
[2022-12-16 18:48:23]          941          940         2920          0
[2022-12-16 18:48:24]          941          940         3394          0
[2022-12-16 18:48:26]          941          940         3868          0
[2022-12-16 18:48:27]          941          940          246          0
[2022-12-16 18:48:29]          941          940          719          0
[2022-12-16 18:48:30]          941          940         1193          0
[2022-12-16 18:48:32]          941          940         1667          0
[2022-12-16 18:48:33]          941          940         2141          0
[2022-12-16 18:48:33] WR-BW(MiB/s) RD-BW(MiB/s)  TESTED(MiB)     ERRORS
[2022-12-16 18:48:35]          941          940         2615          0
[2022-12-16 18:48:36]          941          940         3089          0
[2022-12-16 18:48:38]          941          940         3562          0
[2022-12-16 18:48:39]          941          940         4036          0
[2022-12-16 18:48:40]          941          940          414          0
[2022-12-16 18:48:42]          941          940          888          0
[2022-12-16 18:48:43]          941          940         1362          0
[2022-12-16 18:48:45]          941          940         1836          0
[2022-12-16 18:48:45] WR-BW(MiB/s) RD-BW(MiB/s)  TESTED(MiB)     ERRORS
[2022-12-16 18:48:46]          941          940         2309          0
[2022-12-16 18:48:48]          941          940         2783          0
[2022-12-16 18:48:49]          941          940         3257          0
[2022-12-16 18:48:51]          941          940         3731          0
[2022-12-16 18:48:52]          941          940          109          0
[2022-12-16 18:48:54]          941          940          583          0
[2022-12-16 18:48:55]          941          940         1056          0
[2022-12-16 18:48:56]          941          940         1530          0
[2022-12-16 18:48:56] WR-BW(MiB/s) RD-BW(MiB/s)  TESTED(MiB)     ERRORS
[2022-12-16 18:48:58]          940          940         2004          0
[2022-12-16 18:48:59]          941          940         2478          0
[2022-12-16 18:49:01]          941          940         2952          0
[2022-12-16 18:49:02]          941          940         3426          0
[2022-12-16 18:49:04]          941          940         3899          0
[2022-12-16 18:49:05]          941          940          277          0
[2022-12-16 18:49:07]          941          940          751          0
[2022-12-16 18:49:08]          941          940         1225          0
[2022-12-16 18:49:08] WR-BW(MiB/s) RD-BW(MiB/s)  TESTED(MiB)     ERRORS
[2022-12-16 18:49:09]          941          940         1699          0
[2022-12-16 18:49:11]          941          940         2173          0
[2022-12-16 18:49:12]          941          940         2646          0
[2022-12-16 18:49:14]          941          940         3120          0
[2022-12-16 18:49:15]          941          940         3594          0
[2022-12-16 18:49:17]          941          940         4068          0
[2022-12-16 18:49:18]          941          940          446          0
[2022-12-16 18:49:20]          941          940          920          0
[2022-12-16 18:49:20] WR-BW(MiB/s) RD-BW(MiB/s)  TESTED(MiB)     ERRORS
[2022-12-16 18:49:21]          941          940         1393          0
[2022-12-16 18:49:23]          941          940         1867          0
[2022-12-16 18:49:24]          941          940         2341          0
[2022-12-16 18:49:25]          941          940         2815          0
[2022-12-16 18:49:27]          941          940         3289          0
[2022-12-16 18:49:28]          941          940         3763          0
[2022-12-16 18:49:30]          941          940          140          0
[2022-12-16 18:49:31]          941          940          614          0
[2022-12-16 18:49:31] WR-BW(MiB/s) RD-BW(MiB/s)  TESTED(MiB)     ERRORS
[2022-12-16 18:49:33]          940          940         1088          0
[2022-12-16 18:49:34]          941          940         1562          0
[2022-12-16 18:49:36]          941          940         2036          0
[2022-12-16 18:49:37]          941          940         2510          0
[2022-12-16 18:49:39]          941          940         2983          0
[2022-12-16 18:49:40]          941          940         3457          0
[2022-12-16 18:49:41]          941          940         3931          0
[2022-12-16 18:49:43]          941          940          309          0
[2022-12-16 18:49:43] WR-BW(MiB/s) RD-BW(MiB/s)  TESTED(MiB)     ERRORS
[2022-12-16 18:49:44]          941          940          783          0
[2022-12-16 18:49:46]          941          940         1257          0
[2022-12-16 18:49:47]          941          940         1730          0
[2022-12-16 18:49:49]          941          940         2204          0
[2022-12-16 18:49:50]          941          940         2678          0
[2022-12-16 18:49:52]          941          940         3152          0
[2022-12-16 18:49:53]          941          940         3626          0
[2022-12-16 18:49:54]          941          940            4          0
[2022-12-16 18:49:54] WR-BW(MiB/s) RD-BW(MiB/s)  TESTED(MiB)     ERRORS
[2022-12-16 18:49:56]          941          940          477          0
[2022-12-16 18:49:57]          941          940          951          0
[2022-12-16 18:49:59]          941          940         1425          0
[2022-12-16 18:50:00]          941          940         1899          0
[2022-12-16 18:50:02]          941          940         2373          0
[2022-12-16 18:50:03]          941          940         2847          0
[2022-12-16 18:50:05]          941          940         3320          0
[2022-12-16 18:50:06]          941          940         3794          0
[2022-12-16 18:50:06] WR-BW(MiB/s) RD-BW(MiB/s)  TESTED(MiB)     ERRORS
[2022-12-16 18:50:08]          940          940          172          0
[2022-12-16 18:50:09]          941          940          646          0
[2022-12-16 18:50:10]          941          940         1120          0
[2022-12-16 18:50:12]          941          940         1594          0
[2022-12-16 18:50:13]          941          940         2067          0
[2022-12-16 18:50:15]          941          940         2541          0
[2022-12-16 18:50:16]          941          940         3015          0
[2022-12-16 18:50:18]          941          940         3489          0
[2022-12-16 18:50:18] WR-BW(MiB/s) RD-BW(MiB/s)  TESTED(MiB)     ERRORS
[2022-12-16 18:50:19]          941          940         3963          0
[2022-12-16 18:50:21]          941          940          341          0
[2022-12-16 18:50:22]          941          940          814          0
[2022-12-16 18:50:24]          941          940         1288          0
[2022-12-16 18:50:25]          941          940         1762          0
[2022-12-16 18:50:26]          941          940         2236          0
[2022-12-16 18:50:28]          941          940         2710          0
[2022-12-16 18:50:29]          941          940         3184          0
[2022-12-16 18:50:29] WR-BW(MiB/s) RD-BW(MiB/s)  TESTED(MiB)     ERRORS
[2022-12-16 18:50:31]          940          940         3658          0
[2022-12-16 18:50:32]          941          940           35          0
[2022-12-16 18:50:34]          941          940          509          0
[2022-12-16 18:50:35]          941          940          983          0
[2022-12-16 18:50:37]          941          940         1457          0
[2022-12-16 18:50:38]          941          940         1931          0
[2022-12-16 18:50:39]          941          940         2405          0
[2022-12-16 18:50:41]          941          940         2878          0
[2022-12-16 18:50:41] WR-BW(MiB/s) RD-BW(MiB/s)  TESTED(MiB)     ERRORS
[2022-12-16 18:50:42]          941          940         3352          0
[2022-12-16 18:50:44]          941          940         3826          0
[2022-12-16 18:50:45]          941          940          204          0
[2022-12-16 18:50:47]          941          940          678          0
[2022-12-16 18:50:48]          941          940         1152          0
[2022-12-16 18:50:50]          941          940         1625          0
[2022-12-16 18:50:51]          941          940         2099          0
[2022-12-16 18:50:53]          941          940         2573          0
[2022-12-16 18:50:53] WR-BW(MiB/s) RD-BW(MiB/s)  TESTED(MiB)     ERRORS
[2022-12-16 18:50:54]          940          940         3047          0
[2022-12-16 18:50:55]          941          940         3521          0
[2022-12-16 18:50:57]          941          940         3995          0
[2022-12-16 18:50:58]          941          940          372          0
[2022-12-16 18:51:00]          941          940          846          0
[2022-12-16 18:51:01]          941          940         1320          0
[2022-12-16 18:51:03]          941          940         1794          0
[2022-12-16 18:51:04]          941          940         2268          0
[2022-12-16 18:51:04] WR-BW(MiB/s) RD-BW(MiB/s)  TESTED(MiB)     ERRORS
[2022-12-16 18:51:06]          940          940         2742          0
[2022-12-16 18:51:07]          941          940         3215          0
[2022-12-16 18:51:09]          941          940         3689          0
[2022-12-16 18:51:10]          941          940           67          0
[2022-12-16 18:51:11]          941          940          541          0
[2022-12-16 18:51:13]          941          940         1015          0
[2022-12-16 18:51:14]          941          940         1489          0
[2022-12-16 18:51:16]          941          940         1962          0
[2022-12-16 18:51:16] WR-BW(MiB/s) RD-BW(MiB/s)  TESTED(MiB)     ERRORS
[2022-12-16 18:51:17]          941          940         2436          0
[2022-12-16 18:51:19]          941          940         2910          0
[2022-12-16 18:51:20]          941          940         3384          0
[2022-12-16 18:51:22]          941          940         3858          0
[2022-12-16 18:51:23]          941          940          236          0
[2022-12-16 18:51:24]          941          940          709          0
[2022-12-16 18:51:26]          941          940         1183          0
[2022-12-16 18:51:27]          941          940         1657          0
[2022-12-16 18:51:27] WR-BW(MiB/s) RD-BW(MiB/s)  TESTED(MiB)     ERRORS
[2022-12-16 18:51:29]          941          940         2131          0
[2022-12-16 18:51:30]          941          940         2605          0
[2022-12-16 18:51:32]          941          940         3079          0
[2022-12-16 18:51:33]          941          940         3552          0
[2022-12-16 18:51:35]          941          940         4026          0
[2022-12-16 18:51:36]          941          940          404          0
[2022-12-16 18:51:38]          941          940          878          0
[2022-12-16 18:51:39]          941          940         1352          0
[2022-12-16 18:51:39] WR-BW(MiB/s) RD-BW(MiB/s)  TESTED(MiB)     ERRORS
[2022-12-16 18:51:40]          941          940         1826          0
[2022-12-16 18:51:42]          941          940         2299          0
[2022-12-16 18:51:43]          941          940         2773          0
[2022-12-16 18:51:45]          941          940         3247          0
[2022-12-16 18:51:46]          941          940         3721          0
[2022-12-16 18:51:48]          941          940           99          0
[2022-12-16 18:51:49]          941          940          573          0
[2022-12-16 18:51:51]          941          940         1046          0
[2022-12-16 18:51:51] WR-BW(MiB/s) RD-BW(MiB/s)  TESTED(MiB)     ERRORS
[2022-12-16 18:51:52]          940          940         1520          0
[2022-12-16 18:51:54]          941          940         1994          0
[2022-12-16 18:51:55]          941          940         2468          0
[2022-12-16 18:51:56]          941          940         2942          0
[2022-12-16 18:51:58]          941          940         3416          0
[2022-12-16 18:51:59]          941          940         3889          0
[2022-12-16 18:52:01]          941          940          267          0
[2022-12-16 18:52:02]          941          940          741          0
[2022-12-16 18:52:02] WR-BW(MiB/s) RD-BW(MiB/s)  TESTED(MiB)     ERRORS
[2022-12-16 18:52:04]          941          940         1215          0
[2022-12-16 18:52:05]          941          940         1689          0
[2022-12-16 18:52:07]          941          940         2163          0
[2022-12-16 18:52:08]          941          940         2636          0
[2022-12-16 18:52:09]          941          940         3110          0
[2022-12-16 18:52:11]          941          940         3584          0
[2022-12-16 18:52:12]          941          940         4058          0
[2022-12-16 18:52:14]          941          940          436          0
[2022-12-16 18:52:14] WR-BW(MiB/s) RD-BW(MiB/s)  TESTED(MiB)     ERRORS
[2022-12-16 18:52:15]          940          940          910          0
[2022-12-16 18:52:17]          941          940         1383          0
[2022-12-16 18:52:18]          941          940         1857          0
[2022-12-16 18:52:20]          941          940         2331          0
[2022-12-16 18:52:21]          941          940         2805          0
[2022-12-16 18:52:23]          941          940         3279          0
[2022-12-16 18:52:24]          941          940         3753          0
[2022-12-16 18:52:25]          941          940          130          0
[2022-12-16 18:52:25] WR-BW(MiB/s) RD-BW(MiB/s)  TESTED(MiB)     ERRORS
[2022-12-16 18:52:27]          941          940          604          0
[2022-12-16 18:52:28]          941          940         1078          0
[2022-12-16 18:52:30]          941          940         1552          0
[2022-12-16 18:52:31]          941          940         2026          0
[2022-12-16 18:52:33]          941          940         2500          0
[2022-12-16 18:52:34]          941          940         2973          0
[2022-12-16 18:52:36]          941          940         3447          0
[2022-12-16 18:52:37]          941          940         3921          0
[2022-12-16 18:52:37] WR-BW(MiB/s) RD-BW(MiB/s)  TESTED(MiB)     ERRORS
[2022-12-16 18:52:38]          940          940          299          0
[2022-12-16 18:52:40]          941          940          773          0
[2022-12-16 18:52:41]          941          940         1247          0
[2022-12-16 18:52:43]          941          940         1721          0
[2022-12-16 18:52:44]          941          940         2194          0
[2022-12-16 18:52:46]          941          940         2668          0
[2022-12-16 18:52:47]          941          940         3142          0
[2022-12-16 18:52:49]          941          940         3616          0
[2022-12-16 18:52:49] WR-BW(MiB/s) RD-BW(MiB/s)  TESTED(MiB)     ERRORS
[2022-12-16 18:52:50]          941          940         4090          0
[2022-12-16 18:52:52]          941          940          468          0
[2022-12-16 18:52:53]          941          940          941          0
[2022-12-16 18:52:54]          941          940         1415          0
[2022-12-16 18:52:56]          941          940         1889          0
[2022-12-16 18:52:57]          941          940         2363          0
[2022-12-16 18:52:59]          941          940         2837          0
[2022-12-16 18:53:00]          941          940         3311          0
[2022-12-16 18:53:00] WR-BW(MiB/s) RD-BW(MiB/s)  TESTED(MiB)     ERRORS
[2022-12-16 18:53:02]          940          940         3784          0
[2022-12-16 18:53:03]          941          940          162          0
[2022-12-16 18:53:05]          941          940          636          0
[2022-12-16 18:53:06]          941          940         1110          0
[2022-12-16 18:53:08]          941          940         1584          0
[2022-12-16 18:53:09]          941          940         2058          0
[2022-12-16 18:53:10]          941          940         2531          0
[2022-12-16 18:53:12]          941          940         3005          0
[2022-12-16 18:53:12] WR-BW(MiB/s) RD-BW(MiB/s)  TESTED(MiB)     ERRORS
[2022-12-16 18:53:13]          940          940         3479          0
[2022-12-16 18:53:15]          941          940         3953          0
[2022-12-16 18:53:16]          941          940          331          0
[2022-12-16 18:53:18]          941          940          805          0
[2022-12-16 18:53:19]          941          940         1278          0
[2022-12-16 18:53:21]          941          940         1752          0
[2022-12-16 18:53:22]          941          940         2226          0
[2022-12-16 18:53:23]          941          940         2700          0
[2022-12-16 18:53:23] WR-BW(MiB/s) RD-BW(MiB/s)  TESTED(MiB)     ERRORS
[2022-12-16 18:53:25]          941          940         3174          0
[2022-12-16 18:53:26]          941          940         3648          0
[2022-12-16 18:53:28]          941          940           25          0
[2022-12-16 18:53:29]          941          940          499          0
[2022-12-16 18:53:31]          941          940          973          0
[2022-12-16 18:53:32]          941          940         1447          0
[2022-12-16 18:53:34]          941          940         1921          0
[2022-12-16 18:53:35]          941          940         2395          0
[2022-12-16 18:53:35] WR-BW(MiB/s) RD-BW(MiB/s)  TESTED(MiB)     ERRORS
[2022-12-16 18:53:37]          940          940         2868          0
[2022-12-16 18:53:38]          941          940         3342          0
[2022-12-16 18:53:39]          941          940         3816          0
[2022-12-16 18:53:41]          941          940          194          0
[2022-12-16 18:53:42]          941          940          668          0
[2022-12-16 18:53:44]          941          940         1142          0
[2022-12-16 18:53:45]          941          940         1615          0
[2022-12-16 18:53:47]          941          940         2089          0
[2022-12-16 18:53:47] WR-BW(MiB/s) RD-BW(MiB/s)  TESTED(MiB)     ERRORS
[2022-12-16 18:53:48]          941          940         2563          0
[2022-12-16 18:53:50]          941          940         3037          0
[2022-12-16 18:53:51]          941          940         3511          0
[2022-12-16 18:53:53]          941          940         3985          0
[2022-12-16 18:53:54]          941          940          362          0
[2022-12-16 18:53:55]          941          940          836          0
[2022-12-16 18:53:57]          941          940         1310          0
[2022-12-16 18:53:58]          941          940         1784          0
[2022-12-16 18:53:58] WR-BW(MiB/s) RD-BW(MiB/s)  TESTED(MiB)     ERRORS
[2022-12-16 18:54:00]          941          940         2258          0
[2022-12-16 18:54:01]          941          940         2732          0
[2022-12-16 18:54:03]          941          940         3205          0
[2022-12-16 18:54:04]          941          940         3679          0
[2022-12-16 18:54:06]          941          940           57          0
[2022-12-16 18:54:07]          941          940          531          0
[2022-12-16 18:54:08]          941          940         1005          0
[2022-12-16 18:54:10]          941          940         1479          0
[2022-12-16 18:54:10] WR-BW(MiB/s) RD-BW(MiB/s)  TESTED(MiB)     ERRORS
[2022-12-16 18:54:11]          941          940         1952          0
[2022-12-16 18:54:13]          941          940         2426          0
[2022-12-16 18:54:14]          941          940         2900          0
[2022-12-16 18:54:16]          941          940         3374          0
[2022-12-16 18:54:17]          941          940         3848          0
[2022-12-16 18:54:19]          941          940          226          0
[2022-12-16 18:54:20]          941          940          699          0
[2022-12-16 18:54:22]          941          940         1173          0
[2022-12-16 18:54:22] WR-BW(MiB/s) RD-BW(MiB/s)  TESTED(MiB)     ERRORS
[2022-12-16 18:54:23]          940          940         1647          0
[2022-12-16 18:54:24]          941          940         2121          0
[2022-12-16 18:54:26]          941          940         2595          0
[2022-12-16 18:54:27]          941          940         3069          0
[2022-12-16 18:54:29]          941          940         3542          0
[2022-12-16 18:54:30]          941          940         4016          0
[2022-12-16 18:54:32]          941          940          394          0
[2022-12-16 18:54:33]          941          940          868          0
[2022-12-16 18:54:33] WR-BW(MiB/s) RD-BW(MiB/s)  TESTED(MiB)     ERRORS
[2022-12-16 18:54:35]          941          940         1342          0
[2022-12-16 18:54:36]          941          940         1816          0
[2022-12-16 18:54:38]          941          940         2289          0
[2022-12-16 18:54:39]          941          940         2763          0
[2022-12-16 18:54:40]          941          940         3237          0
[2022-12-16 18:54:42]          941          940         3711          0
[2022-12-16 18:54:43]          941          940           89          0
[2022-12-16 18:54:45]          941          940          563          0
[2022-12-16 18:54:45] WR-BW(MiB/s) RD-BW(MiB/s)  TESTED(MiB)     ERRORS
[2022-12-16 18:54:46]          941          940         1036          0
[2022-12-16 18:54:48]          941          940         1510          0
[2022-12-16 18:54:49]          941          940         1984          0
[2022-12-16 18:54:51]          941          940         2458          0
[2022-12-16 18:54:52]          941          940         2932          0
[2022-12-16 18:54:53]          941          940         3406          0
[2022-12-16 18:54:55]          941          940         3879          0
[2022-12-16 18:54:56]          941          940          257          0
[2022-12-16 18:54:56] WR-BW(MiB/s) RD-BW(MiB/s)  TESTED(MiB)     ERRORS
[2022-12-16 18:54:58]          941          940          731          0
[2022-12-16 18:54:59]          941          940         1205          0
[2022-12-16 18:55:01]          941          940         1679          0
[2022-12-16 18:55:02]          941          940         2153          0
[2022-12-16 18:55:04]          941          940         2627          0
[2022-12-16 18:55:05]          941          940         3100          0
[2022-12-16 18:55:07]          941          940         3574          0
[2022-12-16 18:55:08]          941          940         4048          0
[2022-12-16 18:55:08] WR-BW(MiB/s) RD-BW(MiB/s)  TESTED(MiB)     ERRORS
[2022-12-16 18:55:09]          940          940          426          0
[2022-12-16 18:55:11]          941          940          900          0
[2022-12-16 18:55:12]          941          940         1374          0
[2022-12-16 18:55:14]          941          940         1847          0
[2022-12-16 18:55:15]          941          940         2321          0
[2022-12-16 18:55:17]          941          940         2795          0
[2022-12-16 18:55:18]          941          940         3269          0
[2022-12-16 18:55:20]          941          940         3743          0
[2022-12-16 18:55:20] WR-BW(MiB/s) RD-BW(MiB/s)  TESTED(MiB)     ERRORS
[2022-12-16 18:55:21]          941          940          121          0
[2022-12-16 18:55:23]          941          940          594          0
[2022-12-16 18:55:24]          941          940         1068          0
[2022-12-16 18:55:25]          941          940         1542          0
[2022-12-16 18:55:27]          941          940         2016          0
[2022-12-16 18:55:28]          941          940         2490          0
[2022-12-16 18:55:30]          941          940         2964          0
[2022-12-16 18:55:31]          941          940         3437          0
[2022-12-16 18:55:31] WR-BW(MiB/s) RD-BW(MiB/s)  TESTED(MiB)     ERRORS
[2022-12-16 18:55:33]          941          940         3911          0
[2022-12-16 18:55:34]          941          940          289          0
[2022-12-16 18:55:36]          941          940          763          0
[2022-12-16 18:55:37]          941          940         1237          0
[2022-12-16 18:55:38]          941          940         1711          0
[2022-12-16 18:55:40]          941          940         2184          0
[2022-12-16 18:55:41]          941          940         2658          0
[2022-12-16 18:55:43]          941          940         3132          0
[2022-12-16 18:55:43] WR-BW(MiB/s) RD-BW(MiB/s)  TESTED(MiB)     ERRORS
[2022-12-16 18:55:44]          941          940         3606          0
[2022-12-16 18:55:46]          941          940         4080          0
[2022-12-16 18:55:47]          941          940          458          0
[2022-12-16 18:55:49]          941          940          931          0
[2022-12-16 18:55:50]          941          940         1405          0
[2022-12-16 18:55:52]          941          940         1879          0
[2022-12-16 18:55:53]          941          940         2353          0
[2022-12-16 18:55:54]          941          940         2827          0
[2022-12-16 18:55:54] WR-BW(MiB/s) RD-BW(MiB/s)  TESTED(MiB)     ERRORS
[2022-12-16 18:55:56]          940          940         3301          0
[2022-12-16 18:55:57]          941          940         3774          0
[2022-12-16 18:55:59]          941          940          152          0
[2022-12-16 18:56:00]          941          940          626          0
[2022-12-16 18:56:02]          941          940         1100          0
[2022-12-16 18:56:03]          941          940         1574          0
[2022-12-16 18:56:05]          941          940         2048          0
[2022-12-16 18:56:06]          941          940         2521          0
[2022-12-16 18:56:06] WR-BW(MiB/s) RD-BW(MiB/s)  TESTED(MiB)     ERRORS
[2022-12-16 18:56:08]          940          940         2995          0
[2022-12-16 18:56:09]          941          940         3469          0
[2022-12-16 18:56:10]          941          940         3943          0
[2022-12-16 18:56:12]          941          940          321          0
[2022-12-16 18:56:13]          941          940          795          0
[2022-12-16 18:56:15]          941          940         1268          0
[2022-12-16 18:56:16]          941          940         1742          0
[2022-12-16 18:56:18]          941          940         2216          0
[2022-12-16 18:56:18] WR-BW(MiB/s) RD-BW(MiB/s)  TESTED(MiB)     ERRORS
[2022-12-16 18:56:19]          940          940         2690          0
[2022-12-16 18:56:21]          941          940         3164          0
[2022-12-16 18:56:22]          941          940         3638          0
[2022-12-16 18:56:23]          941          940           15          0
[2022-12-16 18:56:25]          941          940          489          0
[2022-12-16 18:56:26]          941          940          963          0
[2022-12-16 18:56:28]          941          940         1437          0
[2022-12-16 18:56:29]          941          940         1911          0
[2022-12-16 18:56:29] WR-BW(MiB/s) RD-BW(MiB/s)  TESTED(MiB)     ERRORS
[2022-12-16 18:56:31]          940          940         2385          0
[2022-12-16 18:56:32]          941          940         2858          0
[2022-12-16 18:56:34]          941          940         3332          0
[2022-12-16 18:56:35]          941          940         3806          0
[2022-12-16 18:56:37]          941          940          184          0
[2022-12-16 18:56:38]          941          940          658          0
[2022-12-16 18:56:39]          941          940         1132          0
[2022-12-16 18:56:41]          941          940         1605          0
[2022-12-16 18:56:41] WR-BW(MiB/s) RD-BW(MiB/s)  TESTED(MiB)     ERRORS
[2022-12-16 18:56:42]          941          940         2079          0
[2022-12-16 18:56:44]          941          940         2553          0
[2022-12-16 18:56:45]          941          940         3027          0
[2022-12-16 18:56:47]          941          940         3501          0
[2022-12-16 18:56:48]          941          940         3975          0
[2022-12-16 18:56:50]          941          940          352          0
[2022-12-16 18:56:51]          941          940          826          0
[2022-12-16 18:56:53]          941          940         1300          0
[2022-12-16 18:56:53] WR-BW(MiB/s) RD-BW(MiB/s)  TESTED(MiB)     ERRORS
[2022-12-16 18:56:54]          941          940         1774          0
[2022-12-16 18:56:55]          941          940         2248          0
[2022-12-16 18:56:57]          941          940         2722          0
[2022-12-16 18:56:58]          941          940         3195          0
[2022-12-16 18:57:00]          941          940         3669          0
[2022-12-16 18:57:01]          941          940           47          0
[2022-12-16 18:57:03]          941          940          521          0
[2022-12-16 18:57:04]          941          940          995          0
[2022-12-16 18:57:04] WR-BW(MiB/s) RD-BW(MiB/s)  TESTED(MiB)     ERRORS
[2022-12-16 18:57:06]          941          940         1469          0
[2022-12-16 18:57:07]          941          940         1942          0
[2022-12-16 18:57:08]          941          940         2416          0
[2022-12-16 18:57:10]          941          940         2890          0
[2022-12-16 18:57:11]          941          940         3364          0
[2022-12-16 18:57:13]          941          940         3838          0
[2022-12-16 18:57:14]          941          940          216          0
[2022-12-16 18:57:16]          941          940          690          0
[2022-12-16 18:57:16] WR-BW(MiB/s) RD-BW(MiB/s)  TESTED(MiB)     ERRORS
[2022-12-16 18:57:17]          941          940         1163          0
[2022-12-16 18:57:19]          941          940         1637          0
[2022-12-16 18:57:20]          941          940         2111          0
[2022-12-16 18:57:22]          941          940         2585          0
[2022-12-16 18:57:23]          941          940         3059          0
[2022-12-16 18:57:24]          941          940         3533          0
[2022-12-16 18:57:26]          941          940         4006          0
[2022-12-16 18:57:27]          941          940          384          0
[2022-12-16 18:57:27] WR-BW(MiB/s) RD-BW(MiB/s)  TESTED(MiB)     ERRORS
[2022-12-16 18:57:29]          941          940          858          0
[2022-12-16 18:57:30]          941          940         1332          0
[2022-12-16 18:57:32]          941          940         1806          0
[2022-12-16 18:57:33]          941          940         2280          0
[2022-12-16 18:57:35]          941          940         2753          0
[2022-12-16 18:57:36]          941          940         3227          0
[2022-12-16 18:57:38]          941          940         3701          0
[2022-12-16 18:57:39]          941          940           79          0
[2022-12-16 18:57:39] WR-BW(MiB/s) RD-BW(MiB/s)  TESTED(MiB)     ERRORS
[2022-12-16 18:57:40]          941          940          553          0
[2022-12-16 18:57:42]          941          940         1027          0
[2022-12-16 18:57:43]          941          940         1500          0
[2022-12-16 18:57:45]          941          940         1974          0
[2022-12-16 18:57:46]          941          940         2448          0
[2022-12-16 18:57:48]          941          940         2922          0
[2022-12-16 18:57:49]          941          940         3396          0
[2022-12-16 18:57:51]          941          940         3870          0
[2022-12-16 18:57:51] WR-BW(MiB/s) RD-BW(MiB/s)  TESTED(MiB)     ERRORS
[2022-12-16 18:57:52]          941          940          247          0
[2022-12-16 18:57:53]          941          940          721          0
[2022-12-16 18:57:55]          941          940         1195          0
[2022-12-16 18:57:56]          941          940         1669          0
[2022-12-16 18:57:58]          941          940         2143          0
[2022-12-16 18:57:59]          941          940         2617          0
[2022-12-16 18:58:01]          941          940         3090          0
[2022-12-16 18:58:02]          941          940         3564          0
[2022-12-16 18:58:02] WR-BW(MiB/s) RD-BW(MiB/s)  TESTED(MiB)     ERRORS
[2022-12-16 18:58:04]          940          940         4038          0
[2022-12-16 18:58:05]          941          940          416          0
[2022-12-16 18:58:07]          941          940          890          0
[2022-12-16 18:58:08]          941          940         1364          0
[2022-12-16 18:58:09]          941          940         1837          0
[2022-12-16 18:58:11]          941          940         2311          0
[2022-12-16 18:58:12]          941          940         2785          0
[2022-12-16 18:58:14]          941          940         3259          0
[2022-12-16 18:58:14] WR-BW(MiB/s) RD-BW(MiB/s)  TESTED(MiB)     ERRORS
[2022-12-16 18:58:15]          941          940         3733          0
[2022-12-16 18:58:17]          941          940          111          0
[2022-12-16 18:58:18]          941          940          584          0
[2022-12-16 18:58:20]          941          940         1058          0
[2022-12-16 18:58:21]          941          940         1532          0
[2022-12-16 18:58:22]          941          940         2006          0
[2022-12-16 18:58:24]          941          940         2480          0
[2022-12-16 18:58:25]          941          940         2954          0
[2022-12-16 18:58:25] WR-BW(MiB/s) RD-BW(MiB/s)  TESTED(MiB)     ERRORS
[2022-12-16 18:58:27]          941          940         3427          0
[2022-12-16 18:58:28]          941          940         3901          0
[2022-12-16 18:58:30]          941          940          279          0
[2022-12-16 18:58:31]          941          940          753          0
[2022-12-16 18:58:33]          941          940         1227          0
[2022-12-16 18:58:34]          941          940         1701          0
[2022-12-16 18:58:36]          941          940         2174          0
[2022-12-16 18:58:37]          941          940         2648          0
[2022-12-16 18:58:37] WR-BW(MiB/s) RD-BW(MiB/s)  TESTED(MiB)     ERRORS
[2022-12-16 18:58:38]          940          940         3122          0
[2022-12-16 18:58:40]          941          940         3596          0
[2022-12-16 18:58:41]          941          940         4070          0
[2022-12-16 18:58:43]          941          940          448          0
[2022-12-16 18:58:44]          941          940          921          0
[2022-12-16 18:58:46]          941          940         1395          0
[2022-12-16 18:58:47]          941          940         1869          0
[2022-12-16 18:58:49]          941          940         2343          0
[2022-12-16 18:58:49] WR-BW(MiB/s) RD-BW(MiB/s)  TESTED(MiB)     ERRORS
[2022-12-16 18:58:50]          940          940         2817          0
[2022-12-16 18:58:52]          941          940         3291          0
[2022-12-16 18:58:53]          941          940         3764          0
[2022-12-16 18:58:54]          941          940          142          0
[2022-12-16 18:58:56]          941          940          616          0
[2022-12-16 18:58:57]          941          940         1090          0
[2022-12-16 18:58:59]          941          940         1564          0
[2022-12-16 18:59:00]          941          940         2038          0
[2022-12-16 18:59:00] WR-BW(MiB/s) RD-BW(MiB/s)  TESTED(MiB)     ERRORS
[2022-12-16 18:59:02]          941          940         2511          0
[2022-12-16 18:59:03]          941          940         2985          0
[2022-12-16 18:59:05]          941          940         3459          0
[2022-12-16 18:59:06]          941          940         3933          0
[2022-12-16 18:59:07]          941          940          311          0
[2022-12-16 18:59:09]          941          940          785          0
[2022-12-16 18:59:10]          941          940         1258          0
[2022-12-16 18:59:12]          941          940         1732          0
[2022-12-16 18:59:12] WR-BW(MiB/s) RD-BW(MiB/s)  TESTED(MiB)     ERRORS
[2022-12-16 18:59:13]          941          940         2206          0
[2022-12-16 18:59:15]          941          940         2680          0
[2022-12-16 18:59:16]          941          940         3154          0
[2022-12-16 18:59:18]          941          940         3628          0
[2022-12-16 18:59:19]          941          940            6          0
[2022-12-16 18:59:21]          941          940          479          0
[2022-12-16 18:59:22]          941          940          953          0
[2022-12-16 18:59:23]          941          940         1427          0
[2022-12-16 18:59:23] WR-BW(MiB/s) RD-BW(MiB/s)  TESTED(MiB)     ERRORS
[2022-12-16 18:59:25]          940          940         1901          0
[2022-12-16 18:59:26]          941          940         2375          0
[2022-12-16 18:59:28]          941          940         2849          0
[2022-12-16 18:59:29]          941          940         3322          0
[2022-12-16 18:59:31]          941          940         3796          0
[2022-12-16 18:59:32]          941          940          174          0
[2022-12-16 18:59:34]          941          940          648          0
[2022-12-16 18:59:35]          941          940         1122          0
[2022-12-16 18:59:35] WR-BW(MiB/s) RD-BW(MiB/s)  TESTED(MiB)     ERRORS
[2022-12-16 18:59:37]          941          940         1596          0
[2022-12-16 18:59:38]          941          940         2069          0
[2022-12-16 18:59:39]          941          940         2543          0
[2022-12-16 18:59:41]          941          940         3017          0
[2022-12-16 18:59:42]          941          940         3491          0
[2022-12-16 18:59:44]          941          940         3965          0
[2022-12-16 18:59:45]          941          940          343          0
[2022-12-16 18:59:47]          941          940          816          0
[2022-12-16 18:59:47] WR-BW(MiB/s) RD-BW(MiB/s)  TESTED(MiB)     ERRORS
[2022-12-16 18:59:48]          941          940         1290          0
[2022-12-16 18:59:50]          941          940         1764          0
[2022-12-16 18:59:51]          941          940         2238          0
[2022-12-16 18:59:52]          941          940         2712          0
[2022-12-16 18:59:54]          941          940         3186          0
[2022-12-16 18:59:55]          941          940         3659          0
[2022-12-16 18:59:57]          941          940           37          0
[2022-12-16 18:59:58]          941          940          511          0
[2022-12-16 18:59:58] WR-BW(MiB/s) RD-BW(MiB/s)  TESTED(MiB)     ERRORS
[2022-12-16 19:00:00]          941          940          985          0
[2022-12-16 19:00:01]          941          940         1459          0
[2022-12-16 19:00:03]          941          940         1933          0
[2022-12-16 19:00:04]          941          940         2406          0
[2022-12-16 19:00:06]          941          940         2880          0
[2022-12-16 19:00:07]          941          940         3354          0
[2022-12-16 19:00:08]          941          940         3828          0
[2022-12-16 19:00:10]          941          940          206          0
[2022-12-16 19:00:10] WR-BW(MiB/s) RD-BW(MiB/s)  TESTED(MiB)     ERRORS
[2022-12-16 19:00:11]          941          940          680          0
[2022-12-16 19:00:13]          941          940         1153          0
[2022-12-16 19:00:14]          941          940         1627          0
[2022-12-16 19:00:16]          941          940         2101          0
[2022-12-16 19:00:17]          941          940         2575          0
[2022-12-16 19:00:19]          941          940         3049          0
[2022-12-16 19:00:20]          941          940         3523          0
[2022-12-16 19:00:22]          941          940         3996          0
[2022-12-16 19:00:22] WR-BW(MiB/s) RD-BW(MiB/s)  TESTED(MiB)     ERRORS
[2022-12-16 19:00:23]          940          940          374          0
[2022-12-16 19:00:24]          941          940          848          0
[2022-12-16 19:00:26]          941          940         1322          0
[2022-12-16 19:00:27]          941          940         1796          0
[2022-12-16 19:00:29]          941          940         2270          0
[2022-12-16 19:00:30]          941          940         2743          0
[2022-12-16 19:00:32]          941          940         3217          0
[2022-12-16 19:00:33]          941          940         3691          0
[2022-12-16 19:00:33] WR-BW(MiB/s) RD-BW(MiB/s)  TESTED(MiB)     ERRORS
[2022-12-16 19:00:35]          940          940           69          0
[2022-12-16 19:00:36]          941          940          543          0
[2022-12-16 19:00:37]          941          940         1017          0
[2022-12-16 19:00:39]          941          940         1490          0
[2022-12-16 19:00:40]          941          940         1964          0
[2022-12-16 19:00:42]          941          940         2438          0
[2022-12-16 19:00:43]          941          940         2912          0
[2022-12-16 19:00:45]          941          940         3386          0
[2022-12-16 19:00:45] WR-BW(MiB/s) RD-BW(MiB/s)  TESTED(MiB)     ERRORS
[2022-12-16 19:00:46]          941          940         3860          0
[2022-12-16 19:00:48]          941          940          237          0
[2022-12-16 19:00:49]          941          940          711          0
[2022-12-16 19:00:51]          941          940         1185          0
[2022-12-16 19:00:52]          941          940         1659          0
[2022-12-16 19:00:53]          941          940         2133          0
[2022-12-16 19:00:55]          941          940         2607          0
[2022-12-16 19:00:56]          941          940         3080          0
[2022-12-16 19:00:56] WR-BW(MiB/s) RD-BW(MiB/s)  TESTED(MiB)     ERRORS
[2022-12-16 19:00:58]          940          940         3554          0
[2022-12-16 19:00:59]          941          940         4028          0
[2022-12-16 19:01:01]          941          940          406          0
[2022-12-16 19:01:02]          941          940          880          0
[2022-12-16 19:01:04]          941          940         1354          0
[2022-12-16 19:01:05]          941          940         1827          0
[2022-12-16 19:01:07]          941          940         2301          0
[2022-12-16 19:01:08]          941          940         2775          0
[2022-12-16 19:01:08] WR-BW(MiB/s) RD-BW(MiB/s)  TESTED(MiB)     ERRORS
[2022-12-16 19:01:09]          941          940         3249          0
[2022-12-16 19:01:11]          941          940         3723          0
[2022-12-16 19:01:12]          941          940          101          0
[2022-12-16 19:01:14]          941          940          574          0
[2022-12-16 19:01:15]          941          940         1048          0
[2022-12-16 19:01:17]          941          940         1522          0
[2022-12-16 19:01:18]          941          940         1996          0
[2022-12-16 19:01:20]          941          940         2470          0
[2022-12-16 19:01:20] WR-BW(MiB/s) RD-BW(MiB/s)  TESTED(MiB)     ERRORS
[2022-12-16 19:01:21]          940          940         2944          0
[2022-12-16 19:01:22]          941          940         3418          0
[2022-12-16 19:01:24]          941          940         3891          0
[2022-12-16 19:01:25]          941          940          269          0
[2022-12-16 19:01:27]          941          940          743          0
[2022-12-16 19:01:28]          941          940         1217          0
[2022-12-16 19:01:30]          941          940         1691          0
[2022-12-16 19:01:31]          941          940         2165          0
[2022-12-16 19:01:31] WR-BW(MiB/s) RD-BW(MiB/s)  TESTED(MiB)     ERRORS
[2022-12-16 19:01:33]          941          940         2638          0
[2022-12-16 19:01:34]          941          940         3112          0
[2022-12-16 19:01:36]          941          940         3586          0
[2022-12-16 19:01:37]          941          940         4060          0
[2022-12-16 19:01:38]          941          940          438          0
[2022-12-16 19:01:40]          941          940          912          0
[2022-12-16 19:01:41]          941          940         1385          0
[2022-12-16 19:01:43]          941          940         1859          0
[2022-12-16 19:01:43] WR-BW(MiB/s) RD-BW(MiB/s)  TESTED(MiB)     ERRORS
[2022-12-16 19:01:44]          941          940         2333          0
[2022-12-16 19:01:46]          941          940         2807          0
[2022-12-16 19:01:47]          941          940         3281          0
[2022-12-16 19:01:49]          941          940         3755          0
[2022-12-16 19:01:50]          941          940          132          0
[2022-12-16 19:01:52]          941          940          606          0
[2022-12-16 19:01:53]          941          940         1080          0
[2022-12-16 19:01:54]          941          940         1554          0
[2022-12-16 19:01:54] WR-BW(MiB/s) RD-BW(MiB/s)  TESTED(MiB)     ERRORS
[2022-12-16 19:01:56]          940          940         2028          0
[2022-12-16 19:01:57]          941          940         2502          0
[2022-12-16 19:01:59]          941          940         2975          0
[2022-12-16 19:02:00]          941          940         3449          0
[2022-12-16 19:02:02]          941          940         3923          0
[2022-12-16 19:02:03]          941          940          301          0
[2022-12-16 19:02:05]          941          940          775          0
[2022-12-16 19:02:06]          941          940         1249          0
[2022-12-16 19:02:06] WR-BW(MiB/s) RD-BW(MiB/s)  TESTED(MiB)     ERRORS
[2022-12-16 19:02:07]          940          940         1722          0
[2022-12-16 19:02:09]          941          940         2196          0
[2022-12-16 19:02:10]          941          940         2670          0
[2022-12-16 19:02:12]          941          940         3144          0
[2022-12-16 19:02:13]          941          940         3618          0
[2022-12-16 19:02:15]          941          940         4092          0
[2022-12-16 19:02:16]          941          940          469          0
[2022-12-16 19:02:18]          941          940          943          0
[2022-12-16 19:02:18] WR-BW(MiB/s) RD-BW(MiB/s)  TESTED(MiB)     ERRORS
[2022-12-16 19:02:19]          941          940         1417          0
[2022-12-16 19:02:21]          941          940         1891          0
[2022-12-16 19:02:22]          941          940         2365          0
[2022-12-16 19:02:23]          941          940         2839          0
[2022-12-16 19:02:25]          941          940         3312          0
[2022-12-16 19:02:26]          941          940         3786          0
[2022-12-16 19:02:28]          941          940          164          0
[2022-12-16 19:02:29]          941          940          638          0
[2022-12-16 19:02:29] WR-BW(MiB/s) RD-BW(MiB/s)  TESTED(MiB)     ERRORS
[2022-12-16 19:02:31]          941          940         1112          0
[2022-12-16 19:02:32]          941          940         1586          0
[2022-12-16 19:02:34]          941          940         2059          0
[2022-12-16 19:02:35]          941          940         2533          0
[2022-12-16 19:02:37]          941          940         3007          0
[2022-12-16 19:02:38]          941          940         3481          0
[2022-12-16 19:02:39]          941          940         3955          0
[2022-12-16 19:02:41]          941          940          333          0
[2022-12-16 19:02:41] WR-BW(MiB/s) RD-BW(MiB/s)  TESTED(MiB)     ERRORS
[2022-12-16 19:02:42]          940          940          806          0
[2022-12-16 19:02:44]          941          940         1280          0
[2022-12-16 19:02:45]          941          940         1754          0
[2022-12-16 19:02:47]          941          940         2228          0
[2022-12-16 19:02:48]          941          940         2702          0
[2022-12-16 19:02:50]          941          940         3176          0
[2022-12-16 19:02:51]          941          940         3649          0
[2022-12-16 19:02:52]          941          940           27          0
[2022-12-16 19:02:52] WR-BW(MiB/s) RD-BW(MiB/s)  TESTED(MiB)     ERRORS
[2022-12-16 19:02:54]          941          940          501          0
[2022-12-16 19:02:55]          941          940          975          0
[2022-12-16 19:02:57]          941          940         1449          0
[2022-12-16 19:02:58]          941          940         1923          0
[2022-12-16 19:03:00]          941          940         2396          0
[2022-12-16 19:03:01]          941          940         2870          0
[2022-12-16 19:03:03]          941          940         3344          0
[2022-12-16 19:03:04]          941          940         3818          0
[2022-12-16 19:03:04] WR-BW(MiB/s) RD-BW(MiB/s)  TESTED(MiB)     ERRORS
[2022-12-16 19:03:06]          941          940          196          0
[2022-12-16 19:03:07]          941          940          670          0
[2022-12-16 19:03:08]          941          940         1143          0
[2022-12-16 19:03:10]          941          940         1617          0
[2022-12-16 19:03:11]          941          940         2091          0
[2022-12-16 19:03:13]          941          940         2565          0
[2022-12-16 19:03:14]          941          940         3039          0
[2022-12-16 19:03:16]          941          940         3513          0
[2022-12-16 19:03:16] WR-BW(MiB/s) RD-BW(MiB/s)  TESTED(MiB)     ERRORS
[2022-12-16 19:03:17]          940          940         3986          0
[2022-12-16 19:03:19]          941          940          364          0
[2022-12-16 19:03:20]          941          940          838          0
[2022-12-16 19:03:22]          941          940         1312          0
[2022-12-16 19:03:23]          941          940         1786          0
[2022-12-16 19:03:24]          941          940         2260          0
[2022-12-16 19:03:26]          941          940         2733          0
[2022-12-16 19:03:27]          941          940         3207          0
[2022-12-16 19:03:27] WR-BW(MiB/s) RD-BW(MiB/s)  TESTED(MiB)     ERRORS
[2022-12-16 19:03:29]          940          940         3681          0
[2022-12-16 19:03:30]          941          940           59          0
[2022-12-16 19:03:32]          941          940          533          0
[2022-12-16 19:03:33]          941          940         1007          0
[2022-12-16 19:03:35]          941          940         1480          0
[2022-12-16 19:03:36]          941          940         1954          0
[2022-12-16 19:03:37]          941          940         2428          0
[2022-12-16 19:03:39]          941          940         2902          0
[2022-12-16 19:03:39] WR-BW(MiB/s) RD-BW(MiB/s)  TESTED(MiB)     ERRORS
[2022-12-16 19:03:40]          941          940         3376          0
[2022-12-16 19:03:42]          941          940         3850          0
[2022-12-16 19:03:43]          941          940          227          0
[2022-12-16 19:03:45]          941          940          701          0
[2022-12-16 19:03:46]          941          940         1175          0
[2022-12-16 19:03:48]          941          940         1649          0
[2022-12-16 19:03:49]          941          940         2123          0
[2022-12-16 19:03:51]          941          940         2597          0
[2022-12-16 19:03:51] WR-BW(MiB/s) RD-BW(MiB/s)  TESTED(MiB)     ERRORS
[2022-12-16 19:03:52]          941          940         3071          0
[2022-12-16 19:03:53]          941          940         3544          0
[2022-12-16 19:03:55]          941          940         4018          0
[2022-12-16 19:03:56]          941          940          396          0
[2022-12-16 19:03:58]          941          940          870          0
[2022-12-16 19:03:59]          941          940         1344          0
[2022-12-16 19:04:01]          941          940         1818          0
[2022-12-16 19:04:02]          941          940         2291          0
[2022-12-16 19:04:02] WR-BW(MiB/s) RD-BW(MiB/s)  TESTED(MiB)     ERRORS
[2022-12-16 19:04:04]          940          940         2765          0
[2022-12-16 19:04:05]          941          940         3239          0
[2022-12-16 19:04:06]          941          940         3713          0
[2022-12-16 19:04:08]          941          940           91          0
[2022-12-16 19:04:09]          941          940          565          0
[2022-12-16 19:04:11]          941          940         1038          0
[2022-12-16 19:04:12]          941          940         1512          0
[2022-12-16 19:04:14]          941          940         1986          0
[2022-12-16 19:04:14] WR-BW(MiB/s) RD-BW(MiB/s)  TESTED(MiB)     ERRORS
[2022-12-16 19:04:15]          940          940         2460          0
[2022-12-16 19:04:17]          941          940         2934          0
[2022-12-16 19:04:18]          941          940         3408          0
[2022-12-16 19:04:20]          941          940         3881          0
[2022-12-16 19:04:21]          941          940          259          0
[2022-12-16 19:04:22]          941          940          733          0
[2022-12-16 19:04:24]          941          940         1207          0
[2022-12-16 19:04:25]          941          940         1681          0
[2022-12-16 19:04:25] WR-BW(MiB/s) RD-BW(MiB/s)  TESTED(MiB)     ERRORS
[2022-12-16 19:04:27]          940          940         2155          0
[2022-12-16 19:04:28]          941          940         2628          0
[2022-12-16 19:04:30]          941          940         3102          0
[2022-12-16 19:04:31]          941          940         3576          0
[2022-12-16 19:04:33]          941          940         4050          0
[2022-12-16 19:04:34]          941          940          428          0
[2022-12-16 19:04:36]          941          940          902          0
[2022-12-16 19:04:37]          941          940         1375          0
[2022-12-16 19:04:37] WR-BW(MiB/s) RD-BW(MiB/s)  TESTED(MiB)     ERRORS
[2022-12-16 19:04:38]          941          940         1849          0
[2022-12-16 19:04:40]          941          940         2323          0
[2022-12-16 19:04:41]          941          940         2797          0
[2022-12-16 19:04:43]          941          940         3271          0
[2022-12-16 19:04:44]          941          940         3745          0
[2022-12-16 19:04:46]          941          940          122          0
[2022-12-16 19:04:47]          941          940          596          0
[2022-12-16 19:04:49]          941          940         1070          0
[2022-12-16 19:04:49] WR-BW(MiB/s) RD-BW(MiB/s)  TESTED(MiB)     ERRORS
[2022-12-16 19:04:50]          941          940         1544          0
[2022-12-16 19:04:51]          941          940         2018          0
[2022-12-16 19:04:53]          941          940         2492          0
[2022-12-16 19:04:54]          941          940         2965          0
[2022-12-16 19:04:56]          941          940         3439          0
[2022-12-16 19:04:57]          941          940         3913          0
[2022-12-16 19:04:59]          941          940          291          0
[2022-12-16 19:05:00]          941          940          765          0
[2022-12-16 19:05:00] WR-BW(MiB/s) RD-BW(MiB/s)  TESTED(MiB)     ERRORS
[2022-12-16 19:05:02]          941          940         1239          0
[2022-12-16 19:05:03]          941          940         1712          0
[2022-12-16 19:05:05]          941          940         2186          0
[2022-12-16 19:05:06]          941          940         2660          0
[2022-12-16 19:05:07]          941          940         3134          0
[2022-12-16 19:05:09]          941          940         3608          0
[2022-12-16 19:05:10]          941          940         4082          0
[2022-12-16 19:05:12]          941          940          459          0
[2022-12-16 19:05:12] WR-BW(MiB/s) RD-BW(MiB/s)  TESTED(MiB)     ERRORS
[2022-12-16 19:05:13]          941          940          933          0
[2022-12-16 19:05:15]          941          940         1407          0
[2022-12-16 19:05:16]          941          940         1881          0
[2022-12-16 19:05:18]          941          940         2355          0
[2022-12-16 19:05:19]          941          940         2829          0
[2022-12-16 19:05:21]          941          940         3302          0
[2022-12-16 19:05:22]          941          940         3776          0
[2022-12-16 19:05:23]          941          940          154          0
[2022-12-16 19:05:23] WR-BW(MiB/s) RD-BW(MiB/s)  TESTED(MiB)     ERRORS
[2022-12-16 19:05:25]          941          940          628          0
[2022-12-16 19:05:26]          941          940         1102          0
[2022-12-16 19:05:28]          941          940         1576          0
[2022-12-16 19:05:29]          941          940         2049          0
[2022-12-16 19:05:31]          941          940         2523          0
[2022-12-16 19:05:32]          941          940         2997          0
[2022-12-16 19:05:34]          941          940         3471          0
[2022-12-16 19:05:35]          941          940         3945          0
[2022-12-16 19:05:35] WR-BW(MiB/s) RD-BW(MiB/s)  TESTED(MiB)     ERRORS
[2022-12-16 19:05:36]          940          940          323          0
[2022-12-16 19:05:38]          941          940          796          0
[2022-12-16 19:05:39]          941          940         1270          0
[2022-12-16 19:05:41]          941          940         1744          0
[2022-12-16 19:05:42]          941          940         2218          0
[2022-12-16 19:05:44]          941          940         2692          0
[2022-12-16 19:05:45]          941          940         3166          0
[2022-12-16 19:05:47]          941          940         3640          0
[2022-12-16 19:05:47] WR-BW(MiB/s) RD-BW(MiB/s)  TESTED(MiB)     ERRORS
[2022-12-16 19:05:48]          940          940           17          0
[2022-12-16 19:05:50]          941          940          491          0
[2022-12-16 19:05:51]          941          940          965          0
[2022-12-16 19:05:52]          941          940         1439          0
[2022-12-16 19:05:54]          941          940         1913          0
[2022-12-16 19:05:55]          941          940         2387          0
[2022-12-16 19:05:57]          941          940         2860          0
[2022-12-16 19:05:58]          941          940         3334          0
[2022-12-16 19:05:58] WR-BW(MiB/s) RD-BW(MiB/s)  TESTED(MiB)     ERRORS
[2022-12-16 19:06:00]          941          940         3808          0
[2022-12-16 19:06:01]          941          940          186          0
[2022-12-16 19:06:03]          941          940          660          0
[2022-12-16 19:06:04]          941          940         1134          0
[2022-12-16 19:06:06]          941          940         1607          0
[2022-12-16 19:06:07]          941          940         2081          0
[2022-12-16 19:06:08]          941          940         2555          0
[2022-12-16 19:06:10]          941          940         3029          0
[2022-12-16 19:06:10] WR-BW(MiB/s) RD-BW(MiB/s)  TESTED(MiB)     ERRORS
[2022-12-16 19:06:11]          941          940         3503          0
[2022-12-16 19:06:13]          941          940         3977          0
[2022-12-16 19:06:14]          941          940          354          0
[2022-12-16 19:06:16]          941          940          828          0
[2022-12-16 19:06:17]          941          940         1302          0
[2022-12-16 19:06:19]          941          940         1776          0
[2022-12-16 19:06:20]          941          940         2250          0
[2022-12-16 19:06:21]          941          940         2724          0
[2022-12-16 19:06:21] WR-BW(MiB/s) RD-BW(MiB/s)  TESTED(MiB)     ERRORS
[2022-12-16 19:06:23]          940          940         3197          0
[2022-12-16 19:06:24]          941          940         3671          0
[2022-12-16 19:06:26]          941          940           49          0
[2022-12-16 19:06:27]          941          940          523          0
[2022-12-16 19:06:29]          941          940          997          0
[2022-12-16 19:06:30]          941          940         1471          0
[2022-12-16 19:06:32]          941          940         1944          0
[2022-12-16 19:06:33]          941          940         2418          0
[2022-12-16 19:06:33] WR-BW(MiB/s) RD-BW(MiB/s)  TESTED(MiB)     ERRORS
[2022-12-16 19:06:35]          941          940         2892          0
[2022-12-16 19:06:36]          941          940         3366          0
[2022-12-16 19:06:37]          941          940         3840          0
[2022-12-16 19:06:39]          941          940          218          0
[2022-12-16 19:06:40]          941          940          691          0
[2022-12-16 19:06:42]          941          940         1165          0
[2022-12-16 19:06:43]          941          940         1639          0
[2022-12-16 19:06:45]          941          940         2113          0
[2022-12-16 19:06:45] WR-BW(MiB/s) RD-BW(MiB/s)  TESTED(MiB)     ERRORS
[2022-12-16 19:06:46]          940          940         2587          0
[2022-12-16 19:06:48]          941          940         3061          0
[2022-12-16 19:06:49]          941          940         3534          0
[2022-12-16 19:06:51]          941          940         4008          0
[2022-12-16 19:06:52]          941          940          386          0
[2022-12-16 19:06:53]          941          940          860          0
[2022-12-16 19:06:55]          941          940         1334          0
[2022-12-16 19:06:56]          941          940         1808          0
[2022-12-16 19:06:56] WR-BW(MiB/s) RD-BW(MiB/s)  TESTED(MiB)     ERRORS
[2022-12-16 19:06:58]          941          940         2281          0
[2022-12-16 19:06:59]          941          940         2755          0
[2022-12-16 19:07:01]          941          940         3229          0
[2022-12-16 19:07:02]          941          940         3703          0
[2022-12-16 19:07:04]          941          940           81          0
[2022-12-16 19:07:05]          941          940          555          0
[2022-12-16 19:07:06]          941          940         1028          0
[2022-12-16 19:07:08]          941          940         1502          0
[2022-12-16 19:07:08] WR-BW(MiB/s) RD-BW(MiB/s)  TESTED(MiB)     ERRORS
[2022-12-16 19:07:09]          940          940         1976          0
[2022-12-16 19:07:11]          941          940         2450          0
[2022-12-16 19:07:12]          941          940         2924          0
[2022-12-16 19:07:14]          941          940         3398          0
[2022-12-16 19:07:15]          941          940         3871          0
[2022-12-16 19:07:17]          941          940          249          0
[2022-12-16 19:07:18]          941          940          723          0
[2022-12-16 19:07:20]          941          940         1197          0
[2022-12-16 19:07:20] WR-BW(MiB/s) RD-BW(MiB/s)  TESTED(MiB)     ERRORS
[2022-12-16 19:07:21]          941          940         1671          0
[2022-12-16 19:07:22]          941          940         2145          0
[2022-12-16 19:07:24]          941          940         2618          0
[2022-12-16 19:07:25]          941          940         3092          0
[2022-12-16 19:07:27]          941          940         3566          0
[2022-12-16 19:07:28]          941          940         4040          0
[2022-12-16 19:07:30]          941          940          418          0
[2022-12-16 19:07:31]          941          940          892          0
[2022-12-16 19:07:31] WR-BW(MiB/s) RD-BW(MiB/s)  TESTED(MiB)     ERRORS
[2022-12-16 19:07:33]          941          940         1365          0
[2022-12-16 19:07:34]          941          940         1839          0
[2022-12-16 19:07:36]          941          940         2313          0
[2022-12-16 19:07:37]          941          940         2787          0
[2022-12-16 19:07:38]          941          940         3261          0
[2022-12-16 19:07:40]          941          940         3735          0
[2022-12-16 19:07:41]          941          940          112          0
[2022-12-16 19:07:43]          941          940          586          0
[2022-12-16 19:07:43] WR-BW(MiB/s) RD-BW(MiB/s)  TESTED(MiB)     ERRORS
[2022-12-16 19:07:44]          941          940         1060          0
[2022-12-16 19:07:46]          941          940         1534          0
[2022-12-16 19:07:47]          941          940         2008          0
[2022-12-16 19:07:49]          941          940         2482          0
[2022-12-16 19:07:50]          941          940         2955          0
[2022-12-16 19:07:51]          941          940         3429          0
[2022-12-16 19:07:53]          941          940         3903          0
[2022-12-16 19:07:54]          941          940          281          0
[2022-12-16 19:07:54] WR-BW(MiB/s) RD-BW(MiB/s)  TESTED(MiB)     ERRORS
[2022-12-16 19:07:56]          941          940          755          0
[2022-12-16 19:07:57]          941          940         1229          0
[2022-12-16 19:07:59]          941          940         1702          0
[2022-12-16 19:08:00]          941          940         2176          0
[2022-12-16 19:08:02]          941          940         2650          0
[2022-12-16 19:08:03]          941          940         3124          0
[2022-12-16 19:08:05]          941          940         3598          0
[2022-12-16 19:08:06]          941          940         4072          0
[2022-12-16 19:08:06] WR-BW(MiB/s) RD-BW(MiB/s)  TESTED(MiB)     ERRORS
[2022-12-16 19:08:07]          940          940          449          0
[2022-12-16 19:08:09]          941          940          923          0
[2022-12-16 19:08:10]          941          940         1397          0
[2022-12-16 19:08:12]          941          940         1871          0
[2022-12-16 19:08:13]          941          940         2345          0
[2022-12-16 19:08:15]          941          940         2819          0
[2022-12-16 19:08:16]          941          940         3293          0
[2022-12-16 19:08:18]          941          940         3766          0
[2022-12-16 19:08:18] WR-BW(MiB/s) RD-BW(MiB/s)  TESTED(MiB)     ERRORS
[2022-12-16 19:08:19]          940          940          144          0
[2022-12-16 19:08:21]          941          940          618          0
[2022-12-16 19:08:22]          941          940         1092          0
[2022-12-16 19:08:23]          941          940         1566          0
[2022-12-16 19:08:25]          941          940         2040          0
[2022-12-16 19:08:26]          941          940         2513          0
[2022-12-16 19:08:28]          941          940         2987          0
[2022-12-16 19:08:29]          941          940         3461          0
[2022-12-16 19:08:29] WR-BW(MiB/s) RD-BW(MiB/s)  TESTED(MiB)     ERRORS
[2022-12-16 19:08:31]          940          940         3935          0
[2022-12-16 19:08:32]          941          940          313          0
[2022-12-16 19:08:34]          941          940          787          0
[2022-12-16 19:08:35]          941          940         1260          0
[2022-12-16 19:08:36]          941          940         1734          0
[2022-12-16 19:08:38]          941          940         2208          0
[2022-12-16 19:08:39]          941          940         2682          0
[2022-12-16 19:08:41]          941          940         3156          0
[2022-12-16 19:08:41] WR-BW(MiB/s) RD-BW(MiB/s)  TESTED(MiB)     ERRORS
[2022-12-16 19:08:42]          940          940         3630          0
[2022-12-16 19:08:44]          941          940            7          0
[2022-12-16 19:08:45]          941          940          481          0
[2022-12-16 19:08:47]          941          940          955          0
[2022-12-16 19:08:48]          941          940         1429          0
[2022-12-16 19:08:50]          941          940         1903          0
[2022-12-16 19:08:51]          941          940         2377          0
[2022-12-16 19:08:52]          941          940         2850          0
[2022-12-16 19:08:52] WR-BW(MiB/s) RD-BW(MiB/s)  TESTED(MiB)     ERRORS
[2022-12-16 19:08:54]          941          940         3324          0
[2022-12-16 19:08:55]          941          940         3798          0
[2022-12-16 19:08:57]          941          940          176          0
[2022-12-16 19:08:58]          941          940          650          0
[2022-12-16 19:09:00]          941          940         1124          0
[2022-12-16 19:09:01]          941          940         1597          0
[2022-12-16 19:09:03]          941          940         2071          0
[2022-12-16 19:09:04]          941          940         2545          0
[2022-12-16 19:09:04] WR-BW(MiB/s) RD-BW(MiB/s)  TESTED(MiB)     ERRORS
[2022-12-16 19:09:05]          941          940         3019          0
[2022-12-16 19:09:07]          941          940         3493          0
[2022-12-16 19:09:08]          941          940         3967          0
[2022-12-16 19:09:10]          941          940          344          0
[2022-12-16 19:09:11]          941          940          818          0
[2022-12-16 19:09:13]          941          940         1292          0
[2022-12-16 19:09:14]          941          940         1766          0
[2022-12-16 19:09:16]          941          940         2240          0
[2022-12-16 19:09:16] WR-BW(MiB/s) RD-BW(MiB/s)  TESTED(MiB)     ERRORS
[2022-12-16 19:09:17]          941          940         2714          0
[2022-12-16 19:09:19]          941          940         3187          0
[2022-12-16 19:09:20]          941          940         3661          0
[2022-12-16 19:09:21]          941          940           39          0
[2022-12-16 19:09:23]          941          940          513          0
[2022-12-16 19:09:24]          941          940          987          0
[2022-12-16 19:09:26]          941          940         1461          0
[2022-12-16 19:09:27]          941          940         1934          0
[2022-12-16 19:09:27] WR-BW(MiB/s) RD-BW(MiB/s)  TESTED(MiB)     ERRORS
[2022-12-16 19:09:29]          940          940         2408          0
[2022-12-16 19:09:30]          941          940         2882          0
[2022-12-16 19:09:32]          941          940         3356          0
[2022-12-16 19:09:33]          941          940         3830          0
[2022-12-16 19:09:35]          941          940          208          0
[2022-12-16 19:09:36]          941          940          681          0
[2022-12-16 19:09:37]          941          940         1155          0
[2022-12-16 19:09:39]          941          940         1629          0
[2022-12-16 19:09:39] WR-BW(MiB/s) RD-BW(MiB/s)  TESTED(MiB)     ERRORS
[2022-12-16 19:09:40]          941          940         2103          0
[2022-12-16 19:09:42]          941          940         2577          0
[2022-12-16 19:09:43]          941          940         3051          0
[2022-12-16 19:09:45]          941          940         3524          0
[2022-12-16 19:09:46]          941          940         3998          0
[2022-12-16 19:09:48]          941          940          376          0
[2022-12-16 19:09:49]          941          940          850          0
[2022-12-16 19:09:51]          941          940         1324          0
[2022-12-16 19:09:51] WR-BW(MiB/s) RD-BW(MiB/s)  TESTED(MiB)     ERRORS
[2022-12-16 19:09:52]          941          940         1798          0
[2022-12-16 19:09:53]          941          940         2271          0
[2022-12-16 19:09:55]          941          940         2745          0
[2022-12-16 19:09:56]          941          940         3219          0
[2022-12-16 19:09:58]          941          940         3693          0
[2022-12-16 19:09:59]          941          940           71          0
[2022-12-16 19:10:01]          941          940          545          0
[2022-12-16 19:10:02]          941          940         1018          0
[2022-12-16 19:10:02] WR-BW(MiB/s) RD-BW(MiB/s)  TESTED(MiB)     ERRORS
[2022-12-16 19:10:04]          940          940         1492          0
[2022-12-16 19:10:05]          941          940         1966          0
[2022-12-16 19:10:06]          941          940         2440          0
[2022-12-16 19:10:08]          941          940         2914          0
[2022-12-16 19:10:09]          941          940         3388          0
[2022-12-16 19:10:11]          941          940         3861          0
[2022-12-16 19:10:12]          941          940          239          0
[2022-12-16 19:10:14]          941          940          713          0
[2022-12-16 19:10:14] WR-BW(MiB/s) RD-BW(MiB/s)  TESTED(MiB)     ERRORS
[2022-12-16 19:10:15]          941          940         1187          0
[2022-12-16 19:10:17]          941          940         1661          0
[2022-12-16 19:10:18]          941          940         2135          0
[2022-12-16 19:10:20]          941          940         2609          0
[2022-12-16 19:10:21]          941          940         3082          0
[2022-12-16 19:10:22]          941          940         3556          0
[2022-12-16 19:10:24]          941          940         4030          0
[2022-12-16 19:10:25]          941          940          408          0
[2022-12-16 19:10:25] WR-BW(MiB/s) RD-BW(MiB/s)  TESTED(MiB)     ERRORS
[2022-12-16 19:10:27]          941          940          882          0
[2022-12-16 19:10:28]          941          940         1356          0
[2022-12-16 19:10:30]          941          940         1829          0
[2022-12-16 19:10:31]          941          940         2303          0
[2022-12-16 19:10:33]          941          940         2777          0
[2022-12-16 19:10:34]          941          940         3251          0
[2022-12-16 19:10:35]          941          940         3725          0
[2022-12-16 19:10:37]          941          940          103          0
[2022-12-16 19:10:37] WR-BW(MiB/s) RD-BW(MiB/s)  TESTED(MiB)     ERRORS
[2022-12-16 19:10:38]          941          940          576          0
[2022-12-16 19:10:40]          941          940         1050          0
[2022-12-16 19:10:41]          941          940         1524          0
[2022-12-16 19:10:43]          941          940         1998          0
[2022-12-16 19:10:44]          941          940         2472          0
[2022-12-16 19:10:46]          941          940         2946          0
[2022-12-16 19:10:47]          941          940         3419          0
[2022-12-16 19:10:49]          941          940         3893          0
[2022-12-16 19:10:49] WR-BW(MiB/s) RD-BW(MiB/s)  TESTED(MiB)     ERRORS
[2022-12-16 19:10:50]          940          940          271          0
[2022-12-16 19:10:51]          941          940          745          0
[2022-12-16 19:10:53]          941          940         1219          0
[2022-12-16 19:10:54]          941          940         1693          0
[2022-12-16 19:10:56]          941          940         2166          0
[2022-12-16 19:10:57]          941          940         2640          0
[2022-12-16 19:10:59]          941          940         3114          0
[2022-12-16 19:11:00]          941          940         3588          0
[2022-12-16 19:11:00] WR-BW(MiB/s) RD-BW(MiB/s)  TESTED(MiB)     ERRORS
[2022-12-16 19:11:02]          941          940         4062          0
[2022-12-16 19:11:03]          941          940          440          0
[2022-12-16 19:11:05]          941          940          913          0
[2022-12-16 19:11:06]          941          940         1387          0
[2022-12-16 19:11:07]          941          940         1861          0
[2022-12-16 19:11:09]          941          940         2335          0
[2022-12-16 19:11:10]          941          940         2809          0
[2022-12-16 19:11:12]          941          940         3283          0
[2022-12-16 19:11:12] WR-BW(MiB/s) RD-BW(MiB/s)  TESTED(MiB)     ERRORS
[2022-12-16 19:11:13]          941          940         3756          0
[2022-12-16 19:11:15]          941          940          134          0
[2022-12-16 19:11:16]          941          940          608          0
[2022-12-16 19:11:18]          941          940         1082          0
[2022-12-16 19:11:19]          941          940         1556          0
[2022-12-16 19:11:20]          941          940         2030          0
[2022-12-16 19:11:22]          941          940         2503          0
[2022-12-16 19:11:23]          941          940         2977          0
[2022-12-16 19:11:23] WR-BW(MiB/s) RD-BW(MiB/s)  TESTED(MiB)     ERRORS
[2022-12-16 19:11:25]          940          940         3451          0
[2022-12-16 19:11:26]          941          940         3925          0
[2022-12-16 19:11:28]          941          940          303          0
[2022-12-16 19:11:29]          941          940          777          0
[2022-12-16 19:11:31]          941          940         1250          0
[2022-12-16 19:11:32]          941          940         1724          0
[2022-12-16 19:11:34]          941          940         2198          0
[2022-12-16 19:11:35]          941          940         2672          0
[2022-12-16 19:11:35] WR-BW(MiB/s) RD-BW(MiB/s)  TESTED(MiB)     ERRORS
[2022-12-16 19:11:36]          941          940         3146          0
[2022-12-16 19:11:38]          941          940         3620          0
[2022-12-16 19:11:39]          941          940         4093          0
[2022-12-16 19:11:41]          941          940          471          0
[2022-12-16 19:11:42]          941          940          945          0
[2022-12-16 19:11:44]          941          940         1419          0
[2022-12-16 19:11:45]          941          940         1893          0
[2022-12-16 19:11:47]          941          940         2367          0
[2022-12-16 19:11:47] WR-BW(MiB/s) RD-BW(MiB/s)  TESTED(MiB)     ERRORS
[2022-12-16 19:11:48]          941          940         2840          0
[2022-12-16 19:11:50]          941          940         3314          0
[2022-12-16 19:11:51]          941          940         3788          0
[2022-12-16 19:11:52]          941          940          166          0
[2022-12-16 19:11:54]          941          940          640          0
[2022-12-16 19:11:55]          941          940         1114          0
[2022-12-16 19:11:57]          941          940         1587          0
[2022-12-16 19:11:58]          941          940         2061          0
[2022-12-16 19:11:58] WR-BW(MiB/s) RD-BW(MiB/s)  TESTED(MiB)     ERRORS
[2022-12-16 19:12:00]          940          940         2535          0
[2022-12-16 19:12:01]          941          940         3009          0
[2022-12-16 19:12:03]          941          940         3483          0
[2022-12-16 19:12:04]          941          940         3957          0
[2022-12-16 19:12:05]          941          940          334          0
[2022-12-16 19:12:07]          941          940          808          0
[2022-12-16 19:12:08]          941          940         1282          0
[2022-12-16 19:12:10]          941          940         1756          0
[2022-12-16 19:12:10] WR-BW(MiB/s) RD-BW(MiB/s)  TESTED(MiB)     ERRORS
[2022-12-16 19:12:11]          941          940         2230          0
[2022-12-16 19:12:13]          941          940         2704          0
[2022-12-16 19:12:14]          941          940         3177          0
[2022-12-16 19:12:16]          941          940         3651          0
[2022-12-16 19:12:17]          941          940           29          0
[2022-12-16 19:12:19]          941          940          503          0
[2022-12-16 19:12:20]          941          940          977          0
[2022-12-16 19:12:21]          941          940         1451          0
[2022-12-16 19:12:21] WR-BW(MiB/s) RD-BW(MiB/s)  TESTED(MiB)     ERRORS
[2022-12-16 19:12:23]          941          940         1925          0
[2022-12-16 19:12:24]          941          940         2398          0
[2022-12-16 19:12:26]          941          940         2872          0
[2022-12-16 19:12:27]          941          940         3346          0
[2022-12-16 19:12:29]          941          940         3820          0
[2022-12-16 19:12:30]          941          940          198          0
[2022-12-16 19:12:32]          941          940          672          0
[2022-12-16 19:12:33]          941          940         1145          0
[2022-12-16 19:12:33] WR-BW(MiB/s) RD-BW(MiB/s)  TESTED(MiB)     ERRORS
[2022-12-16 19:12:35]          941          940         1619          0
[2022-12-16 19:12:36]          941          940         2093          0
[2022-12-16 19:12:37]          941          940         2567          0
[2022-12-16 19:12:39]          941          940         3041          0
[2022-12-16 19:12:40]          941          940         3515          0
[2022-12-16 19:12:42]          941          940         3988          0
[2022-12-16 19:12:43]          941          940          366          0
[2022-12-16 19:12:45]          941          940          840          0
[2022-12-16 19:12:45] WR-BW(MiB/s) RD-BW(MiB/s)  TESTED(MiB)     ERRORS
[2022-12-16 19:12:46]          941          940         1314          0
[2022-12-16 19:12:48]          941          940         1788          0
[2022-12-16 19:12:49]          941          940         2262          0
[2022-12-16 19:12:50]          941          940         2735          0
[2022-12-16 19:12:52]          941          940         3209          0
[2022-12-16 19:12:53]          941          940         3683          0
[2022-12-16 19:12:55]          941          940           61          0
[2022-12-16 19:12:56]          941          940          535          0
[2022-12-16 19:12:56] WR-BW(MiB/s) RD-BW(MiB/s)  TESTED(MiB)     ERRORS
[2022-12-16 19:12:58]          941          940         1009          0
[2022-12-16 19:12:59]          941          940         1482          0
[2022-12-16 19:13:01]          941          940         1956          0
[2022-12-16 19:13:02]          941          940         2430          0
[2022-12-16 19:13:04]          941          940         2904          0
[2022-12-16 19:13:05]          941          940         3378          0
[2022-12-16 19:13:06]          941          940         3852          0
[2022-12-16 19:13:08]          941          940          229          0
[2022-12-16 19:13:08] WR-BW(MiB/s) RD-BW(MiB/s)  TESTED(MiB)     ERRORS
[2022-12-16 19:13:09]          941          940          703          0
[2022-12-16 19:13:11]          941          940         1177          0
[2022-12-16 19:13:12]          941          940         1651          0
[2022-12-16 19:13:14]          941          940         2125          0
[2022-12-16 19:13:15]          941          940         2599          0
[2022-12-16 19:13:17]          941          940         3072          0
[2022-12-16 19:13:18]          941          940         3546          0
[2022-12-16 19:13:20]          941          940         4020          0
[2022-12-16 19:13:20] WR-BW(MiB/s) RD-BW(MiB/s)  TESTED(MiB)     ERRORS
[2022-12-16 19:13:21]          940          940          398          0
[2022-12-16 19:13:22]          941          940          872          0
[2022-12-16 19:13:24]          941          940         1346          0
[2022-12-16 19:13:25]          941          940         1819          0
[2022-12-16 19:13:27]          941          940         2293          0
[2022-12-16 19:13:28]          941          940         2767          0
[2022-12-16 19:13:30]          941          940         3241          0
[2022-12-16 19:13:31]          941          940         3715          0
[2022-12-16 19:13:31] WR-BW(MiB/s) RD-BW(MiB/s)  TESTED(MiB)     ERRORS
[2022-12-16 19:13:33]          941          940           93          0
[2022-12-16 19:13:34]          941          940          566          0
[2022-12-16 19:13:35]          941          940         1040          0
[2022-12-16 19:13:37]          941          940         1514          0
[2022-12-16 19:13:38]          941          940         1988          0
[2022-12-16 19:13:40]          941          940         2462          0
[2022-12-16 19:13:41]          941          940         2936          0
[2022-12-16 19:13:43]          941          940         3409          0
[2022-12-16 19:13:43] WR-BW(MiB/s) RD-BW(MiB/s)  TESTED(MiB)     ERRORS
[2022-12-16 19:13:44]          941          940         3883          0
[2022-12-16 19:13:46]          941          940          261          0
[2022-12-16 19:13:47]          941          940          735          0
[2022-12-16 19:13:49]          941          940         1209          0
[2022-12-16 19:13:50]          941          940         1683          0
[2022-12-16 19:13:51]          941          940         2156          0
[2022-12-16 19:13:53]          941          940         2630          0
[2022-12-16 19:13:54]          941          940         3104          0
[2022-12-16 19:13:54] WR-BW(MiB/s) RD-BW(MiB/s)  TESTED(MiB)     ERRORS
[2022-12-16 19:13:56]          940          940         3578          0
[2022-12-16 19:13:57]          941          940         4052          0
[2022-12-16 19:13:59]          941          940          430          0
[2022-12-16 19:14:00]          941          940          903          0
[2022-12-16 19:14:02]          941          940         1377          0
[2022-12-16 19:14:03]          941          940         1851          0
[2022-12-16 19:14:05]          941          940         2325          0
[2022-12-16 19:14:06]          941          940         2799          0
[2022-12-16 19:14:06] WR-BW(MiB/s) RD-BW(MiB/s)  TESTED(MiB)     ERRORS
[2022-12-16 19:14:07]          941          940         3273          0
[2022-12-16 19:14:09]          941          940         3746          0
[2022-12-16 19:14:10]          941          940          124          0
[2022-12-16 19:14:12]          941          940          598          0
[2022-12-16 19:14:13]          941          940         1072          0
[2022-12-16 19:14:15]          941          940         1546          0
[2022-12-16 19:14:16]          941          940         2020          0
[2022-12-16 19:14:18]          941          940         2493          0
[2022-12-16 19:14:18] WR-BW(MiB/s) RD-BW(MiB/s)  TESTED(MiB)     ERRORS
[2022-12-16 19:14:19]          940          940         2967          0
[2022-12-16 19:14:20]          941          940         3441          0
[2022-12-16 19:14:22]          941          940         3915          0
[2022-12-16 19:14:23]          941          940          293          0
[2022-12-16 19:14:25]          941          940          767          0
[2022-12-16 19:14:26]          941          940         1240          0
[2022-12-16 19:14:28]          941          940         1714          0
[2022-12-16 19:14:29]          941          940         2188          0
[2022-12-16 19:14:29] WR-BW(MiB/s) RD-BW(MiB/s)  TESTED(MiB)     ERRORS
[2022-12-16 19:14:31]          940          940         2662          0
[2022-12-16 19:14:32]          941          940         3136          0
[2022-12-16 19:14:34]          941          940         3610          0
[2022-12-16 19:14:35]          941          940         4084          0
[2022-12-16 19:14:36]          941          940          461          0
[2022-12-16 19:14:38]          941          940          935          0
[2022-12-16 19:14:39]          941          940         1409          0
[2022-12-16 19:14:41]          941          940         1883          0
[2022-12-16 19:14:41] WR-BW(MiB/s) RD-BW(MiB/s)  TESTED(MiB)     ERRORS
[2022-12-16 19:14:42]          940          940         2357          0
[2022-12-16 19:14:44]          941          940         2831          0
[2022-12-16 19:14:45]          941          940         3304          0
[2022-12-16 19:14:47]          941          940         3778          0
[2022-12-16 19:14:48]          941          940          156          0
[2022-12-16 19:14:50]          941          940          630          0
[2022-12-16 19:14:51]          941          940         1104          0
[2022-12-16 19:14:52]          941          940         1578          0
[2022-12-16 19:14:52] WR-BW(MiB/s) RD-BW(MiB/s)  TESTED(MiB)     ERRORS
[2022-12-16 19:14:54]          940          940         2051          0
[2022-12-16 19:14:55]          941          940         2525          0
[2022-12-16 19:14:57]          941          940         2999          0
[2022-12-16 19:14:58]          941          940         3473          0
[2022-12-16 19:15:00]          941          940         3947          0
[2022-12-16 19:15:01]          941          940          325          0
[2022-12-16 19:15:03]          941          940          798          0
[2022-12-16 19:15:04]          941          940         1272          0
[2022-12-16 19:15:04] WR-BW(MiB/s) RD-BW(MiB/s)  TESTED(MiB)     ERRORS
[2022-12-16 19:15:05]          941          940         1746          0
[2022-12-16 19:15:07]          941          940         2220          0
[2022-12-16 19:15:08]          941          940         2694          0
[2022-12-16 19:15:10]          941          940         3168          0
[2022-12-16 19:15:11]          941          940         3641          0
[2022-12-16 19:15:13]          941          940           19          0
[2022-12-16 19:15:14]          941          940          493          0
[2022-12-16 19:15:16]          941          940          967          0
[2022-12-16 19:15:16] WR-BW(MiB/s) RD-BW(MiB/s)  TESTED(MiB)     ERRORS
[2022-12-16 19:15:17]          941          940         1441          0
[2022-12-16 19:15:19]          941          940         1915          0
[2022-12-16 19:15:20]          941          940         2388          0
[2022-12-16 19:15:21]          941          940         2862          0
[2022-12-16 19:15:23]          941          940         3336          0
[2022-12-16 19:15:24]          941          940         3810          0
[2022-12-16 19:15:26]          941          940          188          0
[2022-12-16 19:15:27]          941          940          662          0
[2022-12-16 19:15:27] WR-BW(MiB/s) RD-BW(MiB/s)  TESTED(MiB)     ERRORS
[2022-12-16 19:15:29]          941          940         1135          0
[2022-12-16 19:15:30]          941          940         1609          0
[2022-12-16 19:15:32]          941          940         2083          0
[2022-12-16 19:15:33]          941          940         2557          0
[2022-12-16 19:15:34]          941          940         3031          0
[2022-12-16 19:15:36]          941          940         3505          0
[2022-12-16 19:15:37]          941          940         3978          0
[2022-12-16 19:15:39]          941          940          356          0
[2022-12-16 19:15:39] WR-BW(MiB/s) RD-BW(MiB/s)  TESTED(MiB)     ERRORS
[2022-12-16 19:15:40]          941          940          830          0
[2022-12-16 19:15:42]          941          940         1304          0
[2022-12-16 19:15:43]          941          940         1778          0
[2022-12-16 19:15:45]          941          940         2252          0
[2022-12-16 19:15:46]          941          940         2725          0
[2022-12-16 19:15:48]          941          940         3199          0
[2022-12-16 19:15:49]          941          940         3673          0
[2022-12-16 19:15:50]          941          940           51          0
[2022-12-16 19:15:50] WR-BW(MiB/s) RD-BW(MiB/s)  TESTED(MiB)     ERRORS
[2022-12-16 19:15:52]          941          940          525          0
[2022-12-16 19:15:53]          941          940          999          0
[2022-12-16 19:15:55]          941          940         1472          0
[2022-12-16 19:15:56]          941          940         1946          0
[2022-12-16 19:15:58]          941          940         2420          0
[2022-12-16 19:15:59]          941          940         2894          0
[2022-12-16 19:16:01]          941          940         3368          0
[2022-12-16 19:16:02]          941          940         3842          0
[2022-12-16 19:16:02] WR-BW(MiB/s) RD-BW(MiB/s)  TESTED(MiB)     ERRORS
[2022-12-16 19:16:04]          940          940          219          0
[2022-12-16 19:16:05]          941          940          693          0
[2022-12-16 19:16:06]          941          940         1167          0
[2022-12-16 19:16:08]          941          940         1641          0
[2022-12-16 19:16:09]          941          940         2115          0
[2022-12-16 19:16:11]          941          940         2589          0
[2022-12-16 19:16:12]          941          940         3062          0
[2022-12-16 19:16:14]          941          940         3536          0
[2022-12-16 19:16:14] WR-BW(MiB/s) RD-BW(MiB/s)  TESTED(MiB)     ERRORS
[2022-12-16 19:16:15]          941          940         4010          0
[2022-12-16 19:16:17]          941          940          388          0
[2022-12-16 19:16:18]          941          940          862          0
[2022-12-16 19:16:20]          941          940         1336          0
[2022-12-16 19:16:21]          941          940         1809          0
[2022-12-16 19:16:22]          941          940         2283          0
[2022-12-16 19:16:24]          941          940         2757          0
[2022-12-16 19:16:25]          941          940         3231          0
[2022-12-16 19:16:25] WR-BW(MiB/s) RD-BW(MiB/s)  TESTED(MiB)     ERRORS
[2022-12-16 19:16:27]          941          940         3705          0
[2022-12-16 19:16:28]          941          940           83          0
[2022-12-16 19:16:30]          941          940          556          0
[2022-12-16 19:16:31]          941          940         1030          0
[2022-12-16 19:16:33]          941          940         1504          0
[2022-12-16 19:16:34]          941          940         1978          0
[2022-12-16 19:16:35]          941          940         2452          0
[2022-12-16 19:16:37]          941          940         2926          0
[2022-12-16 19:16:37] WR-BW(MiB/s) RD-BW(MiB/s)  TESTED(MiB)     ERRORS
[2022-12-16 19:16:38]          941          940         3399          0
[2022-12-16 19:16:40]          941          940         3873          0
[2022-12-16 19:16:41]          941          940          251          0
[2022-12-16 19:16:43]          941          940          725          0
[2022-12-16 19:16:44]          941          940         1199          0
[2022-12-16 19:16:46]          941          940         1673          0
[2022-12-16 19:16:47]          941          940         2147          0
[2022-12-16 19:16:49]          941          940         2620          0
[2022-12-16 19:16:49] WR-BW(MiB/s) RD-BW(MiB/s)  TESTED(MiB)     ERRORS
[2022-12-16 19:16:50]          940          940         3094          0
[2022-12-16 19:16:51]          941          940         3568          0
[2022-12-16 19:16:53]          941          940         4042          0
[2022-12-16 19:16:54]          941          940          420          0
[2022-12-16 19:16:56]          941          940          894          0
[2022-12-16 19:16:57]          941          940         1367          0
[2022-12-16 19:16:59]          941          940         1841          0
[2022-12-16 19:17:00]          941          940         2315          0
[2022-12-16 19:17:00] WR-BW(MiB/s) RD-BW(MiB/s)  TESTED(MiB)     ERRORS
[2022-12-16 19:17:02]          940          940         2789          0
[2022-12-16 19:17:03]          941          940         3263          0
[2022-12-16 19:17:05]          941          940         3737          0
[2022-12-16 19:17:06]          941          940          114          0
[2022-12-16 19:17:07]          941          940          588          0
[2022-12-16 19:17:09]          941          940         1062          0
[2022-12-16 19:17:10]          941          940         1536          0
[2022-12-16 19:17:12]          941          940         2010          0
[2022-12-16 19:17:12] WR-BW(MiB/s) RD-BW(MiB/s)  TESTED(MiB)     ERRORS
[2022-12-16 19:17:13]          940          940         2484          0
[2022-12-16 19:17:15]          941          940         2957          0
[2022-12-16 19:17:16]          941          940         3431          0
[2022-12-16 19:17:18]          941          940         3905          0
[2022-12-16 19:17:19]          941          940          283          0
[2022-12-16 19:17:20]          941          940          757          0
[2022-12-16 19:17:22]          941          940         1231          0
[2022-12-16 19:17:23]          941          940         1704          0
[2022-12-16 19:17:23] WR-BW(MiB/s) RD-BW(MiB/s)  TESTED(MiB)     ERRORS
[2022-12-16 19:17:25]          941          940         2178          0
[2022-12-16 19:17:26]          941          940         2652          0
[2022-12-16 19:17:28]          941          940         3126          0
[2022-12-16 19:17:29]          941          940         3600          0
[2022-12-16 19:17:31]          941          940         4074          0
[2022-12-16 19:17:32]          941          940          451          0
[2022-12-16 19:17:34]          941          940          925          0
[2022-12-16 19:17:35]          941          940         1399          0
[2022-12-16 19:17:35] WR-BW(MiB/s) RD-BW(MiB/s)  TESTED(MiB)     ERRORS
[2022-12-16 19:17:36]          940          940         1873          0
[2022-12-16 19:17:38]          941          940         2347          0
[2022-12-16 19:17:39]          941          940         2821          0
[2022-12-16 19:17:41]          941          940         3294          0
[2022-12-16 19:17:42]          941          940         3768          0
[2022-12-16 19:17:44]          941          940          146          0
[2022-12-16 19:17:45]          941          940          620          0
[2022-12-16 19:17:47]          941          940         1094          0
[2022-12-16 19:17:47] WR-BW(MiB/s) RD-BW(MiB/s)  TESTED(MiB)     ERRORS
[2022-12-16 19:17:48]          941          940         1568          0
[2022-12-16 19:17:50]          941          940         2041          0
[2022-12-16 19:17:51]          941          940         2515          0
[2022-12-16 19:17:52]          941          940         2989          0
[2022-12-16 19:17:54]          941          940         3463          0
[2022-12-16 19:17:55]          941          940         3937          0
[2022-12-16 19:17:57]          941          940          315          0
[2022-12-16 19:17:58]          941          940          788          0
[2022-12-16 19:17:58] WR-BW(MiB/s) RD-BW(MiB/s)  TESTED(MiB)     ERRORS
[2022-12-16 19:18:00]          941          940         1262          0
[2022-12-16 19:18:01]          941          940         1736          0
[2022-12-16 19:18:03]          941          940         2210          0
[2022-12-16 19:18:04]          941          940         2684          0
[2022-12-16 19:18:05]          941          940         3158          0
[2022-12-16 19:18:07]          941          940         3631          0
[2022-12-16 19:18:08]          941          940            9          0
[2022-12-16 19:18:10]          941          940          483          0
[2022-12-16 19:18:10] WR-BW(MiB/s) RD-BW(MiB/s)  TESTED(MiB)     ERRORS
[2022-12-16 19:18:11]          941          940          957          0
[2022-12-16 19:18:13]          941          940         1431          0
[2022-12-16 19:18:14]          941          940         1905          0
[2022-12-16 19:18:16]          941          940         2378          0
[2022-12-16 19:18:17]          941          940         2852          0
[2022-12-16 19:18:19]          941          940         3326          0
[2022-12-16 19:18:20]          941          940         3800          0
[2022-12-16 19:18:21]          941          940          178          0
[2022-12-16 19:18:21] WR-BW(MiB/s) RD-BW(MiB/s)  TESTED(MiB)     ERRORS
[2022-12-16 19:18:23]          941          940          652          0
[2022-12-16 19:18:24]          941          940         1125          0
[2022-12-16 19:18:26]          941          940         1599          0
[2022-12-16 19:18:27]          941          940         2073          0
[2022-12-16 19:18:29]          941          940         2547          0
[2022-12-16 19:18:30]          941          940         3021          0
[2022-12-16 19:18:32]          941          940         3495          0
[2022-12-16 19:18:33]          941          940         3968          0
[2022-12-16 19:18:33] WR-BW(MiB/s) RD-BW(MiB/s)  TESTED(MiB)     ERRORS
[2022-12-16 19:18:34]          940          940          346          0
[2022-12-16 19:18:36]          941          940          820          0
[2022-12-16 19:18:37]          941          940         1294          0
[2022-12-16 19:18:39]          941          940         1768          0
[2022-12-16 19:18:40]          941          940         2242          0
[2022-12-16 19:18:42]          941          940         2715          0
[2022-12-16 19:18:43]          941          940         3189          0
[2022-12-16 19:18:45]          941          940         3663          0
[2022-12-16 19:18:45] WR-BW(MiB/s) RD-BW(MiB/s)  TESTED(MiB)     ERRORS
[2022-12-16 19:18:46]          940          940           41          0
[2022-12-16 19:18:48]          941          940          515          0
[2022-12-16 19:18:49]          941          940          989          0
[2022-12-16 19:18:50]          941          940         1462          0
[2022-12-16 19:18:52]          941          940         1936          0
[2022-12-16 19:18:53]          941          940         2410          0
[2022-12-16 19:18:55]          941          940         2884          0
[2022-12-16 19:18:56]          941          940         3358          0
[2022-12-16 19:18:56] WR-BW(MiB/s) RD-BW(MiB/s)  TESTED(MiB)     ERRORS
[2022-12-16 19:18:58]          940          940         3832          0
[2022-12-16 19:18:59]          941          940          209          0
[2022-12-16 19:19:01]          941          940          683          0
[2022-12-16 19:19:02]          941          940         1157          0
[2022-12-16 19:19:04]          941          940         1631          0
[2022-12-16 19:19:05]          941          940         2105          0
[2022-12-16 19:19:06]          941          940         2579          0
[2022-12-16 19:19:08]          941          940         3053          0
[2022-12-16 19:19:08] WR-BW(MiB/s) RD-BW(MiB/s)  TESTED(MiB)     ERRORS
[2022-12-16 19:19:09]          940          940         3526          0
[2022-12-16 19:19:11]          941          940         4000          0
[2022-12-16 19:19:12]          941          940          378          0
[2022-12-16 19:19:14]          941          940          852          0
[2022-12-16 19:19:15]          941          940         1326          0
[2022-12-16 19:19:17]          941          940         1800          0
[2022-12-16 19:19:18]          941          940         2273          0
[2022-12-16 19:19:20]          941          940         2747          0
[2022-12-16 19:19:20] WR-BW(MiB/s) RD-BW(MiB/s)  TESTED(MiB)     ERRORS
[2022-12-16 19:19:21]          941          940         3221          0
[2022-12-16 19:19:22]          941          940         3695          0
[2022-12-16 19:19:24]          941          940           73          0
[2022-12-16 19:19:25]          941          940          547          0
[2022-12-16 19:19:27]          941          940         1020          0
[2022-12-16 19:19:28]          941          940         1494          0
[2022-12-16 19:19:30]          941          940         1968          0
[2022-12-16 19:19:31]          941          940         2442          0
[2022-12-16 19:19:31] WR-BW(MiB/s) RD-BW(MiB/s)  TESTED(MiB)     ERRORS
[2022-12-16 19:19:33]          941          940         2916          0
[2022-12-16 19:19:34]          941          940         3390          0
[2022-12-16 19:19:35]          941          940         3863          0
[2022-12-16 19:19:37]          941          940          241          0
[2022-12-16 19:19:38]          941          940          715          0
[2022-12-16 19:19:40]          941          940         1189          0
[2022-12-16 19:19:41]          941          940         1663          0
[2022-12-16 19:19:43]          941          940         2137          0
[2022-12-16 19:19:43] WR-BW(MiB/s) RD-BW(MiB/s)  TESTED(MiB)     ERRORS
[2022-12-16 19:19:44]          940          940         2610          0
[2022-12-16 19:19:46]          941          940         3084          0
[2022-12-16 19:19:47]          941          940         3558          0
[2022-12-16 19:19:49]          941          940         4032          0
[2022-12-16 19:19:50]          941          940          410          0
[2022-12-16 19:19:51]          941          940          884          0
[2022-12-16 19:19:53]          941          940         1357          0
[2022-12-16 19:19:54]          941          940         1831          0
[2022-12-16 19:19:54] WR-BW(MiB/s) RD-BW(MiB/s)  TESTED(MiB)     ERRORS
[2022-12-16 19:19:56]          941          940         2305          0
[2022-12-16 19:19:57]          941          940         2779          0
[2022-12-16 19:19:59]          941          940         3253          0
[2022-12-16 19:20:00]          941          940         3727          0
[2022-12-16 19:20:02]          941          940          104          0
[2022-12-16 19:20:03]          941          940          578          0
[2022-12-16 19:20:05]          941          940         1052          0
[2022-12-16 19:20:06]          941          940         1526          0
[2022-12-16 19:20:06] WR-BW(MiB/s) RD-BW(MiB/s)  TESTED(MiB)     ERRORS
[2022-12-16 19:20:07]          941          940         2000          0
[2022-12-16 19:20:09]          941          940         2474          0
[2022-12-16 19:20:10]          941          940         2947          0
[2022-12-16 19:20:12]          941          940         3421          0
[2022-12-16 19:20:13]          941          940         3895          0
[2022-12-16 19:20:15]          941          940          273          0
[2022-12-16 19:20:16]          941          940          747          0
[2022-12-16 19:20:18]          941          940         1221          0
[2022-12-16 19:20:18] WR-BW(MiB/s) RD-BW(MiB/s)  TESTED(MiB)     ERRORS
[2022-12-16 19:20:19]          941          940         1694          0
[2022-12-16 19:20:20]          941          940         2168          0
[2022-12-16 19:20:22]          941          940         2642          0
[2022-12-16 19:20:23]          941          940         3116          0
[2022-12-16 19:20:25]          941          940         3590          0
[2022-12-16 19:20:26]          941          940         4064          0
[2022-12-16 19:20:28]          941          940          441          0
[2022-12-16 19:20:29]          941          940          915          0
[2022-12-16 19:20:29] WR-BW(MiB/s) RD-BW(MiB/s)  TESTED(MiB)     ERRORS
[2022-12-16 19:20:31]          941          940         1389          0
[2022-12-16 19:20:32]          941          940         1863          0
[2022-12-16 19:20:34]          941          940         2337          0
[2022-12-16 19:20:35]          941          940         2811          0
[2022-12-16 19:20:36]          941          940         3284          0
[2022-12-16 19:20:38]          941          940         3758          0
[2022-12-16 19:20:39]          941          940          136          0
[2022-12-16 19:20:41]          941          940          610          0
[2022-12-16 19:20:41] WR-BW(MiB/s) RD-BW(MiB/s)  TESTED(MiB)     ERRORS
[2022-12-16 19:20:42]          941          940         1084          0
[2022-12-16 19:20:44]          941          940         1558          0
[2022-12-16 19:20:45]          941          940         2031          0
[2022-12-16 19:20:47]          941          940         2505          0
[2022-12-16 19:20:48]          941          940         2979          0
[2022-12-16 19:20:50]          941          940         3453          0
[2022-12-16 19:20:51]          941          940         3927          0
[2022-12-16 19:20:52]          941          940          305          0
[2022-12-16 19:20:52] WR-BW(MiB/s) RD-BW(MiB/s)  TESTED(MiB)     ERRORS
[2022-12-16 19:20:54]          941          940          778          0
[2022-12-16 19:20:55]          941          940         1252          0
[2022-12-16 19:20:57]          941          940         1726          0
[2022-12-16 19:20:58]          941          940         2200          0
[2022-12-16 19:21:00]          941          940         2674          0
[2022-12-16 19:21:01]          941          940         3148          0
[2022-12-16 19:21:03]          941          940         3622          0
[2022-12-16 19:21:04]          941          940         4095          0
[2022-12-16 19:21:04] WR-BW(MiB/s) RD-BW(MiB/s)  TESTED(MiB)     ERRORS
[2022-12-16 19:21:05]          941          940          473          0
[2022-12-16 19:21:07]          941          940          947          0
[2022-12-16 19:21:08]          941          940         1421          0
[2022-12-16 19:21:10]          941          940         1895          0
[2022-12-16 19:21:11]          941          940         2369          0
[2022-12-16 19:21:13]          941          940         2842          0
[2022-12-16 19:21:14]          941          940         3316          0
[2022-12-16 19:21:16]          941          940         3790          0
[2022-12-16 19:21:16] WR-BW(MiB/s) RD-BW(MiB/s)  TESTED(MiB)     ERRORS
[2022-12-16 19:21:17]          940          940          168          0
[2022-12-16 19:21:19]          941          940          642          0
[2022-12-16 19:21:20]          941          940         1116          0
[2022-12-16 19:21:21]          941          940         1589          0
[2022-12-16 19:21:23]          941          940         2063          0
[2022-12-16 19:21:24]          941          940         2537          0
[2022-12-16 19:21:26]          941          940         3011          0
[2022-12-16 19:21:27]          941          940         3485          0
[2022-12-16 19:21:27] WR-BW(MiB/s) RD-BW(MiB/s)  TESTED(MiB)     ERRORS
[2022-12-16 19:21:29]          941          940         3959          0
[2022-12-16 19:21:30]          941          940          336          0
[2022-12-16 19:21:32]          941          940          810          0
[2022-12-16 19:21:33]          941          940         1284          0
[2022-12-16 19:21:35]          941          940         1758          0
[2022-12-16 19:21:36]          941          940         2232          0
[2022-12-16 19:21:37]          941          940         2706          0
[2022-12-16 19:21:39]          941          940         3179          0
[2022-12-16 19:21:39] WR-BW(MiB/s) RD-BW(MiB/s)  TESTED(MiB)     ERRORS
[2022-12-16 19:21:40]          941          940         3653          0
[2022-12-16 19:21:42]          941          940           31          0
[2022-12-16 19:21:43]          941          940          505          0
[2022-12-16 19:21:45]          941          940          979          0
[2022-12-16 19:21:46]          941          940         1453          0
[2022-12-16 19:21:48]          941          940         1926          0
[2022-12-16 19:21:49]          941          940         2400          0
[2022-12-16 19:21:50]          941          940         2874          0
[2022-12-16 19:21:50] WR-BW(MiB/s) RD-BW(MiB/s)  TESTED(MiB)     ERRORS
[2022-12-16 19:21:52]          941          940         3348          0
[2022-12-16 19:21:53]          941          940         3822          0
[2022-12-16 19:21:55]          941          940          200          0
[2022-12-16 19:21:56]          941          940          673          0
[2022-12-16 19:21:58]          941          940         1147          0
[2022-12-16 19:21:59]          941          940         1621          0
[2022-12-16 19:22:01]          941          940         2095          0
[2022-12-16 19:22:02]          941          940         2569          0
[2022-12-16 19:22:02] WR-BW(MiB/s) RD-BW(MiB/s)  TESTED(MiB)     ERRORS
[2022-12-16 19:22:04]          940          940         3043          0
[2022-12-16 19:22:05]          941          940         3516          0
[2022-12-16 19:22:06]          941          940         3990          0
[2022-12-16 19:22:08]          941          940          368          0
[2022-12-16 19:22:09]          941          940          842          0
[2022-12-16 19:22:11]          941          940         1316          0
[2022-12-16 19:22:12]          941          940         1790          0
[2022-12-16 19:22:14]          941          940         2263          0
[2022-12-16 19:22:14] WR-BW(MiB/s) RD-BW(MiB/s)  TESTED(MiB)     ERRORS
[2022-12-16 19:22:15]          940          940         2737          0
[2022-12-16 19:22:17]          941          940         3211          0
[2022-12-16 19:22:18]          941          940         3685          0
[2022-12-16 19:22:20]          941          940           63          0
[2022-12-16 19:22:21]          941          940          537          0
[2022-12-16 19:22:22]          941          940         1010          0
[2022-12-16 19:22:24]          941          940         1484          0
[2022-12-16 19:22:25]          941          940         1958          0
[2022-12-16 19:22:25] WR-BW(MiB/s) RD-BW(MiB/s)  TESTED(MiB)     ERRORS
[2022-12-16 19:22:27]          941          940         2432          0
[2022-12-16 19:22:28]          941          940         2906          0
[2022-12-16 19:22:30]          941          940         3380          0
[2022-12-16 19:22:31]          941          940         3853          0
[2022-12-16 19:22:33]          941          940          231          0
[2022-12-16 19:22:34]          941          940          705          0
[2022-12-16 19:22:35]          941          940         1179          0
[2022-12-16 19:22:37]          941          940         1653          0
[2022-12-16 19:22:37] WR-BW(MiB/s) RD-BW(MiB/s)  TESTED(MiB)     ERRORS
[2022-12-16 19:22:38]          940          940         2127          0
[2022-12-16 19:22:40]          941          940         2600          0
[2022-12-16 19:22:41]          941          940         3074          0
[2022-12-16 19:22:43]          941          940         3548          0
[2022-12-16 19:22:44]          941          940         4022          0
[2022-12-16 19:22:46]          941          940          400          0
[2022-12-16 19:22:47]          941          940          874          0
[2022-12-16 19:22:49]          941          940         1347          0
[2022-12-16 19:22:49] WR-BW(MiB/s) RD-BW(MiB/s)  TESTED(MiB)     ERRORS
[2022-12-16 19:22:50]          940          940         1821          0
[2022-12-16 19:22:51]          941          940         2295          0
[2022-12-16 19:22:53]          941          940         2769          0
[2022-12-16 19:22:54]          941          940         3243          0
[2022-12-16 19:22:56]          941          940         3717          0
[2022-12-16 19:22:57]          941          940           94          0
[2022-12-16 19:22:59]          941          940          568          0
[2022-12-16 19:23:00]          941          940         1042          0
[2022-12-16 19:23:00] WR-BW(MiB/s) RD-BW(MiB/s)  TESTED(MiB)     ERRORS
[2022-12-16 19:23:02]          940          940         1516          0
[2022-12-16 19:23:03]          941          940         1990          0
[2022-12-16 19:23:05]          941          940         2464          0
[2022-12-16 19:23:06]          941          940         2937          0
[2022-12-16 19:23:07]          941          940         3411          0
[2022-12-16 19:23:09]          941          940         3885          0
[2022-12-16 19:23:10]          941          940          263          0
[2022-12-16 19:23:12]          941          940          737          0
[2022-12-16 19:23:12] WR-BW(MiB/s) RD-BW(MiB/s)  TESTED(MiB)     ERRORS
[2022-12-16 19:23:13]          941          940         1211          0
[2022-12-16 19:23:15]          941          940         1684          0
[2022-12-16 19:23:16]          941          940         2158          0
[2022-12-16 19:23:18]          941          940         2632          0
[2022-12-16 19:23:19]          941          940         3106          0
[2022-12-16 19:23:20]          941          940         3580          0
[2022-12-16 19:23:22]          941          940         4054          0
[2022-12-16 19:23:23]          941          940          432          0
[2022-12-16 19:23:23] WR-BW(MiB/s) RD-BW(MiB/s)  TESTED(MiB)     ERRORS
[2022-12-16 19:23:25]          941          940          905          0
[2022-12-16 19:23:26]          941          940         1379          0
[2022-12-16 19:23:28]          941          940         1853          0
[2022-12-16 19:23:29]          941          940         2327          0
[2022-12-16 19:23:31]          941          940         2801          0
[2022-12-16 19:23:32]          941          940         3275          0
[2022-12-16 19:23:34]          941          940         3748          0
[2022-12-16 19:23:35]          941          940          126          0
[2022-12-16 19:23:35] WR-BW(MiB/s) RD-BW(MiB/s)  TESTED(MiB)     ERRORS
[2022-12-16 19:23:36]          941          940          600          0
[2022-12-16 19:23:38]          941          940         1074          0
[2022-12-16 19:23:39]          941          940         1548          0
[2022-12-16 19:23:41]          941          940         2022          0
[2022-12-16 19:23:42]          941          940         2495          0
[2022-12-16 19:23:44]          941          940         2969          0
[2022-12-16 19:23:45]          941          940         3443          0
[2022-12-16 19:23:47]          941          940         3917          0
[2022-12-16 19:23:47] WR-BW(MiB/s) RD-BW(MiB/s)  TESTED(MiB)     ERRORS
[2022-12-16 19:23:48]          941          940          295          0
[2022-12-16 19:23:50]          941          940          769          0
[2022-12-16 19:23:51]          941          940         1242          0
[2022-12-16 19:23:52]          941          940         1716          0
[2022-12-16 19:23:54]          941          940         2190          0
[2022-12-16 19:23:55]          941          940         2664          0
[2022-12-16 19:23:57]          941          940         3138          0
[2022-12-16 19:23:58]          941          940         3612          0
[2022-12-16 19:23:58] WR-BW(MiB/s) RD-BW(MiB/s)  TESTED(MiB)     ERRORS
[2022-12-16 19:24:00]          941          940         4085          0
[2022-12-16 19:24:01]          941          940          463          0
[2022-12-16 19:24:03]          941          940          937          0
[2022-12-16 19:24:04]          941          940         1411          0
[2022-12-16 19:24:05]          941          940         1885          0
[2022-12-16 19:24:07]          941          940         2359          0
[2022-12-16 19:24:08]          941          940         2832          0
[2022-12-16 19:24:10]          941          940         3306          0
[2022-12-16 19:24:10] WR-BW(MiB/s) RD-BW(MiB/s)  TESTED(MiB)     ERRORS
[2022-12-16 19:24:11]          940          940         3780          0
[2022-12-16 19:24:13]          941          940          158          0
[2022-12-16 19:24:14]          941          940          632          0
[2022-12-16 19:24:16]          941          940         1106          0
[2022-12-16 19:24:17]          941          940         1579          0
[2022-12-16 19:24:19]          941          940         2053          0
[2022-12-16 19:24:20]          941          940         2527          0
[2022-12-16 19:24:21]          941          940         3001          0
[2022-12-16 19:24:21] WR-BW(MiB/s) RD-BW(MiB/s)  TESTED(MiB)     ERRORS
[2022-12-16 19:24:23]          941          940         3475          0
[2022-12-16 19:24:24]          941          940         3949          0
[2022-12-16 19:24:26]          941          940          326          0
[2022-12-16 19:24:27]          941          940          800          0
[2022-12-16 19:24:29]          941          940         1274          0
[2022-12-16 19:24:30]          941          940         1748          0
[2022-12-16 19:24:32]          941          940         2222          0
[2022-12-16 19:24:33]          941          940         2696          0
[2022-12-16 19:24:33] WR-BW(MiB/s) RD-BW(MiB/s)  TESTED(MiB)     ERRORS
[2022-12-16 19:24:35]          940          940         3169          0
[2022-12-16 19:24:36]          941          940         3643          0
[2022-12-16 19:24:37]          941          940           21          0
[2022-12-16 19:24:39]          941          940          495          0
[2022-12-16 19:24:40]          941          940          969          0
[2022-12-16 19:24:42]          941          940         1443          0
[2022-12-16 19:24:43]          941          940         1916          0
[2022-12-16 19:24:45]          941          940         2390          0
[2022-12-16 19:24:45] WR-BW(MiB/s) RD-BW(MiB/s)  TESTED(MiB)     ERRORS
[2022-12-16 19:24:46]          940          940         2864          0
[2022-12-16 19:24:48]          941          940         3338          0
[2022-12-16 19:24:49]          941          940         3812          0
[2022-12-16 19:24:50]          941          940          190          0
[2022-12-16 19:24:52]          941          940          663          0
[2022-12-16 19:24:53]          941          940         1137          0
[2022-12-16 19:24:55]          941          940         1611          0
[2022-12-16 19:24:56]          941          940         2085          0
[2022-12-16 19:24:56] WR-BW(MiB/s) RD-BW(MiB/s)  TESTED(MiB)     ERRORS
[2022-12-16 19:24:58]          941          940         2559          0
[2022-12-16 19:24:59]          941          940         3033          0
[2022-12-16 19:25:01]          941          940         3506          0
[2022-12-16 19:25:02]          941          940         3980          0
[2022-12-16 19:25:04]          941          940          358          0
[2022-12-16 19:25:05]          941          940          832          0
[2022-12-16 19:25:06]          941          940         1306          0
[2022-12-16 19:25:08]          941          940         1780          0
[2022-12-16 19:25:08] WR-BW(MiB/s) RD-BW(MiB/s)  TESTED(MiB)     ERRORS
[2022-12-16 19:25:09]          941          940         2253          0
[2022-12-16 19:25:11]          941          940         2727          0
[2022-12-16 19:25:12]          941          940         3201          0
[2022-12-16 19:25:14]          941          940         3675          0
[2022-12-16 19:25:15]          941          940           53          0
[2022-12-16 19:25:17]          941          940          527          0
[2022-12-16 19:25:18]          941          940         1000          0
[2022-12-16 19:25:20]          941          940         1474          0
[2022-12-16 19:25:20] WR-BW(MiB/s) RD-BW(MiB/s)  TESTED(MiB)     ERRORS
[2022-12-16 19:25:21]          940          940         1948          0
[2022-12-16 19:25:22]          941          940         2422          0
[2022-12-16 19:25:24]          941          940         2896          0
[2022-12-16 19:25:25]          941          940         3370          0
[2022-12-16 19:25:27]          941          940         3844          0
[2022-12-16 19:25:28]          941          940          221          0
[2022-12-16 19:25:30]          941          940          695          0
[2022-12-16 19:25:31]          941          940         1169          0
[2022-12-16 19:25:31] WR-BW(MiB/s) RD-BW(MiB/s)  TESTED(MiB)     ERRORS
[2022-12-16 19:25:33]          941          940         1643          0
[2022-12-16 19:25:34]          941          940         2117          0
[2022-12-16 19:25:35]          941          940         2591          0
[2022-12-16 19:25:37]          941          940         3064          0
[2022-12-16 19:25:38]          941          940         3538          0
[2022-12-16 19:25:40]          941          940         4012          0
[2022-12-16 19:25:41]          941          940          390          0
[2022-12-16 19:25:43]          941          940          864          0
[2022-12-16 19:25:43] WR-BW(MiB/s) RD-BW(MiB/s)  TESTED(MiB)     ERRORS
[2022-12-16 19:25:44]          941          940         1338          0
[2022-12-16 19:25:46]          941          940         1811          0
[2022-12-16 19:25:47]          941          940         2285          0
[2022-12-16 19:25:49]          941          940         2759          0
[2022-12-16 19:25:50]          941          940         3233          0
[2022-12-16 19:25:51]          941          940         3707          0
[2022-12-16 19:25:53]          941          940           85          0
[2022-12-16 19:25:54]          941          940          558          0
[2022-12-16 19:25:54] WR-BW(MiB/s) RD-BW(MiB/s)  TESTED(MiB)     ERRORS
[2022-12-16 19:25:56]          941          940         1032          0
[2022-12-16 19:25:57]          941          940         1506          0
[2022-12-16 19:25:59]          941          940         1980          0
[2022-12-16 19:26:00]          941          940         2454          0
[2022-12-16 19:26:02]          941          940         2928          0
[2022-12-16 19:26:03]          941          940         3401          0
[2022-12-16 19:26:05]          941          940         3875          0
[2022-12-16 19:26:06]          941          940          253          0
[2022-12-16 19:26:06] WR-BW(MiB/s) RD-BW(MiB/s)  TESTED(MiB)     ERRORS
[2022-12-16 19:26:07]          941          940          727          0
[2022-12-16 19:26:09]          941          940         1201          0
[2022-12-16 19:26:10]          941          940         1675          0
[2022-12-16 19:26:12]          941          940         2148          0
[2022-12-16 19:26:13]          941          940         2622          0
[2022-12-16 19:26:15]          941          940         3096          0
[2022-12-16 19:26:16]          941          940         3570          0
[2022-12-16 19:26:18]          941          940         4044          0
[2022-12-16 19:26:18] WR-BW(MiB/s) RD-BW(MiB/s)  TESTED(MiB)     ERRORS
[2022-12-16 19:26:19]          940          940          422          0
[2022-12-16 19:26:20]          941          940          895          0
[2022-12-16 19:26:22]          941          940         1369          0
[2022-12-16 19:26:23]          941          940         1843          0
[2022-12-16 19:26:25]          941          940         2317          0
[2022-12-16 19:26:26]          941          940         2791          0
[2022-12-16 19:26:28]          941          940         3265          0
[2022-12-16 19:26:29]          941          940         3738          0
[2022-12-16 19:26:29] WR-BW(MiB/s) RD-BW(MiB/s)  TESTED(MiB)     ERRORS
[2022-12-16 19:26:31]          940          940          116          0
[2022-12-16 19:26:32]          941          940          590          0
[2022-12-16 19:26:34]          941          940         1064          0
[2022-12-16 19:26:35]          941          940         1538          0
[2022-12-16 19:26:36]          941          940         2012          0
[2022-12-16 19:26:38]          941          940         2485          0
[2022-12-16 19:26:39]          941          940         2959          0
[2022-12-16 19:26:41]          941          940         3433          0
[2022-12-16 19:26:41] WR-BW(MiB/s) RD-BW(MiB/s)  TESTED(MiB)     ERRORS
[2022-12-16 19:26:42]          941          940         3907          0
[2022-12-16 19:26:44]          941          940          285          0
[2022-12-16 19:26:45]          941          940          759          0
[2022-12-16 19:26:47]          941          940         1232          0
[2022-12-16 19:26:48]          941          940         1706          0
[2022-12-16 19:26:50]          941          940         2180          0
[2022-12-16 19:26:51]          941          940         2654          0
[2022-12-16 19:26:52]          941          940         3128          0
[2022-12-16 19:26:52] WR-BW(MiB/s) RD-BW(MiB/s)  TESTED(MiB)     ERRORS
[2022-12-16 19:26:54]          940          940         3602          0
[2022-12-16 19:26:55]          941          940         4075          0
[2022-12-16 19:26:57]          941          940          453          0
[2022-12-16 19:26:58]          941          940          927          0
[2022-12-16 19:27:00]          941          940         1401          0
[2022-12-16 19:27:01]          941          940         1875          0
[2022-12-16 19:27:03]          941          940         2349          0
[2022-12-16 19:27:04]          941          940         2822          0
[2022-12-16 19:27:04] WR-BW(MiB/s) RD-BW(MiB/s)  TESTED(MiB)     ERRORS
[2022-12-16 19:27:05]          941          940         3296          0
[2022-12-16 19:27:07]          941          940         3770          0
[2022-12-16 19:27:08]          941          940          148          0
[2022-12-16 19:27:10]          941          940          622          0
[2022-12-16 19:27:11]          941          940         1096          0
[2022-12-16 19:27:13]          941          940         1569          0
[2022-12-16 19:27:14]          941          940         2043          0
[2022-12-16 19:27:16]          941          940         2517          0
[2022-12-16 19:27:16] WR-BW(MiB/s) RD-BW(MiB/s)  TESTED(MiB)     ERRORS
[2022-12-16 19:27:17]          941          940         2991          0
[2022-12-16 19:27:19]          941          940         3465          0
[2022-12-16 19:27:20]          941          940         3939          0
[2022-12-16 19:27:21]          941          940          316          0
[2022-12-16 19:27:23]          941          940          790          0
[2022-12-16 19:27:24]          941          940         1264          0
[2022-12-16 19:27:26]          941          940         1738          0
[2022-12-16 19:27:27]          941          940         2212          0
[2022-12-16 19:27:27] WR-BW(MiB/s) RD-BW(MiB/s)  TESTED(MiB)     ERRORS
[2022-12-16 19:27:29]          940          940         2686          0
[2022-12-16 19:27:30]          941          940         3159          0
[2022-12-16 19:27:32]          941          940         3633          0
[2022-12-16 19:27:33]          941          940           11          0
[2022-12-16 19:27:34]          941          940          485          0
[2022-12-16 19:27:36]          941          940          959          0
[2022-12-16 19:27:37]          941          940         1433          0
[2022-12-16 19:27:39]          941          940         1907          0
[2022-12-16 19:27:39] WR-BW(MiB/s) RD-BW(MiB/s)  TESTED(MiB)     ERRORS
[2022-12-16 19:27:40]          940          940         2380          0
[2022-12-16 19:27:42]          941          940         2854          0
[2022-12-16 19:27:43]          941          940         3328          0
[2022-12-16 19:27:45]          941          940         3802          0
[2022-12-16 19:27:46]          941          940          180          0
[2022-12-16 19:27:48]          941          940          654          0
[2022-12-16 19:27:49]          941          940         1127          0
[2022-12-16 19:27:50]          941          940         1601          0
[2022-12-16 19:27:50] WR-BW(MiB/s) RD-BW(MiB/s)  TESTED(MiB)     ERRORS
[2022-12-16 19:27:52]          940          940         2075          0
[2022-12-16 19:27:53]          941          940         2549          0
[2022-12-16 19:27:55]          941          940         3023          0
[2022-12-16 19:27:56]          941          940         3497          0
[2022-12-16 19:27:58]          941          940         3970          0
[2022-12-16 19:27:59]          941          940          348          0
[2022-12-16 19:28:01]          941          940          822          0
[2022-12-16 19:28:02]          941          940         1296          0
[2022-12-16 19:28:02] WR-BW(MiB/s) RD-BW(MiB/s)  TESTED(MiB)     ERRORS
[2022-12-16 19:28:04]          940          940         1770          0
[2022-12-16 19:28:05]          941          940         2244          0
[2022-12-16 19:28:06]          941          940         2717          0
[2022-12-16 19:28:08]          941          940         3191          0
[2022-12-16 19:28:09]          941          940         3665          0
[2022-12-16 19:28:11]          941          940           43          0
[2022-12-16 19:28:12]          941          940          517          0
[2022-12-16 19:28:14]          941          940          991          0
[2022-12-16 19:28:14] WR-BW(MiB/s) RD-BW(MiB/s)  TESTED(MiB)     ERRORS
[2022-12-16 19:28:15]          941          940         1464          0
[2022-12-16 19:28:17]          941          940         1938          0
[2022-12-16 19:28:18]          941          940         2412          0
[2022-12-16 19:28:20]          941          940         2886          0
[2022-12-16 19:28:21]          941          940         3360          0
[2022-12-16 19:28:22]          941          940         3834          0
[2022-12-16 19:28:24]          941          940          211          0
[2022-12-16 19:28:25]          941          940          685          0
[2022-12-16 19:28:25] WR-BW(MiB/s) RD-BW(MiB/s)  TESTED(MiB)     ERRORS
[2022-12-16 19:28:27]          941          940         1159          0
[2022-12-16 19:28:28]          941          940         1633          0
[2022-12-16 19:28:30]          941          940         2107          0
[2022-12-16 19:28:31]          941          940         2581          0
[2022-12-16 19:28:33]          941          940         3054          0
[2022-12-16 19:28:34]          941          940         3528          0
[2022-12-16 19:28:35]          941          940         4002          0
[2022-12-16 19:28:37]          941          940          380          0
[2022-12-16 19:28:37] WR-BW(MiB/s) RD-BW(MiB/s)  TESTED(MiB)     ERRORS
[2022-12-16 19:28:38]          941          940          854          0
[2022-12-16 19:28:40]          941          940         1328          0
[2022-12-16 19:28:41]          941          940         1801          0
[2022-12-16 19:28:43]          941          940         2275          0
[2022-12-16 19:28:44]          941          940         2749          0
[2022-12-16 19:28:46]          941          940         3223          0
[2022-12-16 19:28:47]          941          940         3697          0
[2022-12-16 19:28:49]          941          940           75          0
[2022-12-16 19:28:49] WR-BW(MiB/s) RD-BW(MiB/s)  TESTED(MiB)     ERRORS
[2022-12-16 19:28:50]          941          940          548          0
[2022-12-16 19:28:51]          941          940         1022          0
[2022-12-16 19:28:53]          941          940         1496          0
[2022-12-16 19:28:54]          941          940         1970          0
[2022-12-16 19:28:56]          941          940         2444          0
[2022-12-16 19:28:57]          941          940         2918          0
[2022-12-16 19:28:59]          941          940         3391          0
[2022-12-16 19:29:00]          941          940         3865          0
[2022-12-16 19:29:00] WR-BW(MiB/s) RD-BW(MiB/s)  TESTED(MiB)     ERRORS
[2022-12-16 19:29:02]          940          940          243          0
[2022-12-16 19:29:03]          941          940          717          0
[2022-12-16 19:29:05]          941          940         1191          0
[2022-12-16 19:29:06]          941          940         1665          0
[2022-12-16 19:29:07]          941          940         2138          0
[2022-12-16 19:29:09]          941          940         2612          0
[2022-12-16 19:29:10]          941          940         3086          0
[2022-12-16 19:29:12]          941          940         3560          0
[2022-12-16 19:29:12] WR-BW(MiB/s) RD-BW(MiB/s)  TESTED(MiB)     ERRORS
[2022-12-16 19:29:13]          941          940         4034          0
[2022-12-16 19:29:15]          941          940          412          0
[2022-12-16 19:29:16]          941          940          885          0
[2022-12-16 19:29:18]          941          940         1359          0
[2022-12-16 19:29:19]          941          940         1833          0
[2022-12-16 19:29:20]          941          940         2307          0
[2022-12-16 19:29:22]          941          940         2781          0
[2022-12-16 19:29:23]          941          940         3255          0
[2022-12-16 19:29:23] WR-BW(MiB/s) RD-BW(MiB/s)  TESTED(MiB)     ERRORS
[2022-12-16 19:29:25]          941          940         3728          0
[2022-12-16 19:29:26]          941          940          106          0
[2022-12-16 19:29:28]          941          940          580          0
[2022-12-16 19:29:29]          941          940         1054          0
[2022-12-16 19:29:31]          941          940         1528          0
[2022-12-16 19:29:32]          941          940         2002          0
[2022-12-16 19:29:34]          941          940         2475          0
[2022-12-16 19:29:35]          941          940         2949          0
[2022-12-16 19:29:35] WR-BW(MiB/s) RD-BW(MiB/s)  TESTED(MiB)     ERRORS
[2022-12-16 19:29:36]          941          940         3423          0
[2022-12-16 19:29:38]          941          940         3897          0
[2022-12-16 19:29:39]          941          940          275          0
[2022-12-16 19:29:41]          941          940          749          0
[2022-12-16 19:29:42]          941          940         1222          0
[2022-12-16 19:29:44]          941          940         1696          0
[2022-12-16 19:29:45]          941          940         2170          0
[2022-12-16 19:29:47]          941          940         2644          0
[2022-12-16 19:29:47] WR-BW(MiB/s) RD-BW(MiB/s)  TESTED(MiB)     ERRORS
[2022-12-16 19:29:48]          940          940         3118          0
[2022-12-16 19:29:50]          941          940         3592          0
[2022-12-16 19:29:51]          941          940         4066          0
[2022-12-16 19:29:52]          941          940          443          0
[2022-12-16 19:29:54]          941          940          917          0
[2022-12-16 19:29:55]          941          940         1391          0
[2022-12-16 19:29:57]          941          940         1865          0
[2022-12-16 19:29:58]          941          940         2339          0
[2022-12-16 19:29:58] WR-BW(MiB/s) RD-BW(MiB/s)  TESTED(MiB)     ERRORS
[2022-12-16 19:30:00]          940          940         2813          0
[2022-12-16 19:30:01]          941          940         3286          0
[2022-12-16 19:30:03]          941          940         3760          0
[2022-12-16 19:30:04]          941          940          138          0
[2022-12-16 19:30:05]          941          940          612          0
[2022-12-16 19:30:07]          941          940         1086          0
[2022-12-16 19:30:08]          941          940         1560          0
[2022-12-16 19:30:10]          941          940         2033          0
[2022-12-16 19:30:10] WR-BW(MiB/s) RD-BW(MiB/s)  TESTED(MiB)     ERRORS
[2022-12-16 19:30:11]          941          940         2507          0
[2022-12-16 19:30:13]          941          940         2981          0
[2022-12-16 19:30:14]          941          940         3455          0
[2022-12-16 19:30:16]          941          940         3929          0
[2022-12-16 19:30:17]          941          940          307          0
[2022-12-16 19:30:19]          941          940          780          0
[2022-12-16 19:30:20]          941          940         1254          0
[2022-12-16 19:30:21]          941          940         1728          0
[2022-12-16 19:30:21] WR-BW(MiB/s) RD-BW(MiB/s)  TESTED(MiB)     ERRORS
[2022-12-16 19:30:23]          940          940         2202          0
[2022-12-16 19:30:24]          941          940         2676          0
[2022-12-16 19:30:26]          941          940         3150          0
[2022-12-16 19:30:27]          941          940         3623          0
[2022-12-16 19:30:29]          941          940            1          0
[2022-12-16 19:30:33]          941          940          475          0
[2022-12-16 19:30:34]          941          940          949          0
[2022-12-16 19:30:36]          941          940         1423          0
[2022-12-16 19:30:36] WR-BW(MiB/s) RD-BW(MiB/s)  TESTED(MiB)     ERRORS
[2022-12-16 19:30:37]          940          940         1897          0
[2022-12-16 19:30:39]          941          940         2370          0
[2022-12-16 19:30:40]          941          940         2844          0
[2022-12-16 19:30:41]          941          940         3318          0
[2022-12-16 19:30:43]          941          940         3792          0
[2022-12-16 19:30:44]          941          940          170          0
[2022-12-16 19:30:46]          941          940          644          0
[2022-12-16 19:30:47]          941          940         1117          0
[2022-12-16 19:30:47] WR-BW(MiB/s) RD-BW(MiB/s)  TESTED(MiB)     ERRORS
[2022-12-16 19:30:49]          940          940         1591          0
[2022-12-16 19:30:50]          941          940         2065          0
[2022-12-16 19:30:52]          941          940         2539          0
[2022-12-16 19:30:53]          941          940         3013          0
[2022-12-16 19:30:55]          941          940         3487          0
[2022-12-16 19:30:56]          941          940         3960          0
[2022-12-16 19:30:57]          941          940          338          0
[2022-12-16 19:30:59]          941          940          812          0
[2022-12-16 19:30:59] WR-BW(MiB/s) RD-BW(MiB/s)  TESTED(MiB)     ERRORS
[2022-12-16 19:31:00]          941          940         1286          0
[2022-12-16 19:31:02]          941          940         1760          0
[2022-12-16 19:31:03]          941          940         2234          0
[2022-12-16 19:31:05]          941          940         2707          0
[2022-12-16 19:31:06]          941          940         3181          0
[2022-12-16 19:31:08]          941          940         3655          0
[2022-12-16 19:31:09]          941          940           33          0
[2022-12-16 19:31:11]          941          940          507          0
[2022-12-16 19:31:11] WR-BW(MiB/s) RD-BW(MiB/s)  TESTED(MiB)     ERRORS
[2022-12-16 19:31:12]          941          940          981          0
[2022-12-16 19:31:13]          941          940         1454          0
[2022-12-16 19:31:15]          941          940         1928          0
[2022-12-16 19:31:16]          941          940         2402          0
[2022-12-16 19:31:18]          941          940         2876          0
[2022-12-16 19:31:19]          941          940         3350          0
[2022-12-16 19:31:21]          941          940         3824          0
[2022-12-16 19:31:22]          941          940          201          0
[2022-12-16 19:31:22] WR-BW(MiB/s) RD-BW(MiB/s)  TESTED(MiB)     ERRORS
[2022-12-16 19:31:24]          941          940          675          0
[2022-12-16 19:31:25]          941          940         1149          0
[2022-12-16 19:31:26]          941          940         1623          0
[2022-12-16 19:31:28]          941          940         2097          0
[2022-12-16 19:31:29]          941          940         2571          0
[2022-12-16 19:31:31]          941          940         3044          0
[2022-12-16 19:31:32]          941          940         3518          0
[2022-12-16 19:31:34]          941          940         3992          0
[2022-12-16 19:31:34] WR-BW(MiB/s) RD-BW(MiB/s)  TESTED(MiB)     ERRORS
[2022-12-16 19:31:35]          941          940          370          0
[2022-12-16 19:31:37]          941          940          844          0
[2022-12-16 19:31:38]          941          940         1318          0
[2022-12-16 19:31:40]          941          940         1791          0
[2022-12-16 19:31:41]          941          940         2265          0
[2022-12-16 19:31:42]          941          940         2739          0
[2022-12-16 19:31:44]          941          940         3213          0
[2022-12-16 19:31:45]          941          940         3687          0
[2022-12-16 19:31:45] WR-BW(MiB/s) RD-BW(MiB/s)  TESTED(MiB)     ERRORS
[2022-12-16 19:31:47]          941          940           65          0
[2022-12-16 19:31:48]          941          940          538          0
[2022-12-16 19:31:50]          941          940         1012          0
[2022-12-16 19:31:51]          941          940         1486          0
[2022-12-16 19:31:53]          941          940         1960          0
[2022-12-16 19:31:54]          941          940         2434          0
[2022-12-16 19:31:56]          941          940         2908          0
[2022-12-16 19:31:57]          941          940         3381          0
[2022-12-16 19:31:57] WR-BW(MiB/s) RD-BW(MiB/s)  TESTED(MiB)     ERRORS
[2022-12-16 19:31:58]          941          940         3855          0
[2022-12-16 19:32:00]          941          940          233          0
[2022-12-16 19:32:01]          941          940          707          0
[2022-12-16 19:32:03]          941          940         1181          0
[2022-12-16 19:32:04]          941          940         1655          0
[2022-12-16 19:32:06]          941          940         2129          0
[2022-12-16 19:32:07]          941          940         2602          0
[2022-12-16 19:32:09]          941          940         3076          0
[2022-12-16 19:32:09] WR-BW(MiB/s) RD-BW(MiB/s)  TESTED(MiB)     ERRORS
[2022-12-16 19:32:10]          940          940         3550          0
[2022-12-16 19:32:11]          941          940         4024          0
[2022-12-16 19:32:13]          941          940          402          0
[2022-12-16 19:32:14]          941          940          876          0
[2022-12-16 19:32:16]          941          940         1349          0
[2022-12-16 19:32:17]          941          940         1823          0
[2022-12-16 19:32:19]          941          940         2297          0
[2022-12-16 19:32:20]          941          940         2771          0
[2022-12-16 19:32:20] WR-BW(MiB/s) RD-BW(MiB/s)  TESTED(MiB)     ERRORS
[2022-12-16 19:32:22]          940          940         3245          0
[2022-12-16 19:32:23]          941          940         3719          0
[2022-12-16 19:32:25]          941          940           96          0
[2022-12-16 19:32:26]          941          940          570          0
[2022-12-16 19:32:27]          941          940         1044          0
[2022-12-16 19:32:29]          941          940         1518          0
[2022-12-16 19:32:30]          941          940         1992          0
[2022-12-16 19:32:32]          941          940         2466          0
[2022-12-16 19:32:32] WR-BW(MiB/s) RD-BW(MiB/s)  TESTED(MiB)     ERRORS
[2022-12-16 19:32:33]          941          940         2939          0
[2022-12-16 19:32:35]          941          940         3413          0
[2022-12-16 19:32:36]          941          940         3887          0
[2022-12-16 19:32:38]          941          940          265          0
[2022-12-16 19:32:39]          941          940          739          0
[2022-12-16 19:32:41]          941          940         1213          0
[2022-12-16 19:32:42]          941          940         1686          0
[2022-12-16 19:32:43]          941          940         2160          0
[2022-12-16 19:32:43] WR-BW(MiB/s) RD-BW(MiB/s)  TESTED(MiB)     ERRORS
[2022-12-16 19:32:45]          940          940         2634          0
[2022-12-16 19:32:46]          941          940         3108          0
[2022-12-16 19:32:48]          941          940         3582          0
[2022-12-16 19:32:49]          941          940         4056          0
[2022-12-16 19:32:51]          941          940          433          0
[2022-12-16 19:32:52]          941          940          907          0
[2022-12-16 19:32:54]          941          940         1381          0
[2022-12-16 19:32:55]          941          940         1855          0
[2022-12-16 19:32:55] WR-BW(MiB/s) RD-BW(MiB/s)  TESTED(MiB)     ERRORS
[2022-12-16 19:32:56]          940          940         2329          0
[2022-12-16 19:32:58]          941          940         2803          0
[2022-12-16 19:32:59]          941          940         3276          0
[2022-12-16 19:33:01]          941          940         3750          0
[2022-12-16 19:33:02]          941          940          128          0
[2022-12-16 19:33:04]          941          940          602          0
[2022-12-16 19:33:05]          941          940         1076          0
[2022-12-16 19:33:07]          941          940         1550          0
[2022-12-16 19:33:07] WR-BW(MiB/s) RD-BW(MiB/s)  TESTED(MiB)     ERRORS
[2022-12-16 19:33:08]          941          940         2023          0
[2022-12-16 19:33:10]          941          940         2497          0
[2022-12-16 19:33:11]          941          940         2971          0
[2022-12-16 19:33:12]          941          940         3445          0
[2022-12-16 19:33:14]          941          940         3919          0
[2022-12-16 19:33:15]          941          940          297          0
[2022-12-16 19:33:17]          941          940          770          0
[2022-12-16 19:33:18]          941          940         1244          0
[2022-12-16 19:33:18] WR-BW(MiB/s) RD-BW(MiB/s)  TESTED(MiB)     ERRORS
[2022-12-16 19:33:20]          940          940         1718          0
[2022-12-16 19:33:21]          941          940         2192          0
[2022-12-16 19:33:23]          941          940         2666          0
[2022-12-16 19:33:24]          941          940         3140          0
[2022-12-16 19:33:26]          941          940         3613          0
[2022-12-16 19:33:27]          941          940         4087          0
[2022-12-16 19:33:28]          941          940          465          0
[2022-12-16 19:33:30]          941          940          939          0
[2022-12-16 19:33:30] WR-BW(MiB/s) RD-BW(MiB/s)  TESTED(MiB)     ERRORS
[2022-12-16 19:33:31]          941          940         1413          0
[2022-12-16 19:33:33]          941          940         1887          0
[2022-12-16 19:33:34]          941          940         2360          0
[2022-12-16 19:33:36]          941          940         2834          0
[2022-12-16 19:33:37]          941          940         3308          0
[2022-12-16 19:33:39]          941          940         3782          0
[2022-12-16 19:33:40]          941          940          160          0
[2022-12-16 19:33:41]          941          940          634          0
[2022-12-16 19:33:41] WR-BW(MiB/s) RD-BW(MiB/s)  TESTED(MiB)     ERRORS
[2022-12-16 19:33:43]          941          940         1107          0
[2022-12-16 19:33:44]          941          940         1581          0
[2022-12-16 19:33:46]          941          940         2055          0
[2022-12-16 19:33:47]          941          940         2529          0
