[2022-12-17 07:53:52] 
[2022-12-17 07:53:52] [1m        __   _ __      _  __[0m
[2022-12-17 07:53:52] [1m       / /  (_) /____ | |/_/[0m
[2022-12-17 07:53:52] [1m      / /__/ / __/ -_)>  <[0m
[2022-12-17 07:53:52] [1m     /____/_/\__/\__/_/|_|[0m
[2022-12-17 07:53:52] [1m   Build your hardware, easily![0m
[2022-12-17 07:53:52]  (c) Copyright 2012-2022 Enjoy-Digital
[2022-12-17 07:53:52]  (c) Copyright 2007-2015 M-Labs
[2022-12-17 07:53:52]  BIOS built on Nov 28 2022 18:17:22
[2022-12-17 07:53:52]  BIOS CRC passed (b0e744c8)
[2022-12-17 07:53:52]  LiteX git sha1: f707551c
[2022-12-17 07:53:52] --=============== [1mSoC[0m ==================--
[2022-12-17 07:53:52] [1mCPU[0m:		VexRiscv @ 75MHz
[2022-12-17 07:53:52] [1mBUS[0m:		WISHBONE 32-bit @ 4GiB
[2022-12-17 07:53:52] [1mCSR[0m:		32-bit data
[2022-12-17 07:53:52] [1mROM[0m:		128KiB
[2022-12-17 07:53:52] [1mSRAM[0m:		8KiB
[2022-12-17 07:53:52] [1mL2[0m:		8KiB
[2022-12-17 07:53:52] [1mSDRAM[0m:		524288KiB 16-bit @ 600MT/s (CL-7 CWL-5)
[2022-12-17 07:53:52] --========== [1mInitialization[0m ============--
[2022-12-17 07:53:52] Initializing SDRAM @0x40000000...
[2022-12-17 07:53:52] Switching SDRAM to software control.
[2022-12-17 07:53:52] Read leveling:
[2022-12-17 07:53:52]   m0, b00: |00000000000000000000000000000000| delays: -
[2022-12-17 07:53:52]   m0, b01: |11111111000000000000000000000000| delays: 04+-04
[2022-12-17 07:53:52]   m0, b02: |00000000001111111111111111110000| delays: 19+-09
[2022-12-17 07:53:52]   m0, b03: |00000000000000000000000000000001| delays: 01+-02
[2022-12-17 07:53:52]   m0, b04: |00000000000000000000000000000000| delays: -
[2022-12-17 07:53:52]   m0, b05: |00000000000000000000000000000000| delays: -
[2022-12-17 07:53:52]   m0, b06: |00000000000000000000000000000000| delays: -
[2022-12-17 07:53:52]   m0, b07: |00000000000000000000000000000000| delays: -
[2022-12-17 07:53:52]   best: m0, b02 delays: 19+-09
[2022-12-17 07:53:52]   m1, b00: |00000000000000000000000000000000| delays: -
[2022-12-17 07:53:52]   m1, b01: |11111111000000000000000000000000| delays: 04+-04
[2022-12-17 07:53:52]   m1, b02: |00000000011111111111111111110000| delays: 18+-09
[2022-12-17 07:53:52]   m1, b03: |00000000000000000000000000000001| delays: 01+-02
[2022-12-17 07:53:52]   m1, b04: |00000000000000000000000000000000| delays: -
[2022-12-17 07:53:52]   m1, b05: |00000000000000000000000000000000| delays: -
[2022-12-17 07:53:52]   m1, b06: |00000000000000000000000000000000| delays: -
[2022-12-17 07:53:52]   m1, b07: |00000000000000000000000000000000| delays: -
[2022-12-17 07:53:52]   best: m1, b02 delays: 18+-09
[2022-12-17 07:53:52] Switching SDRAM to hardware control.
[2022-12-17 07:53:52] Memtest at 0x40000000 (2.0MiB)...
[2022-12-17 07:53:52]   Write: 0x40000000-0x40000000 0B   
[2022-12-17 07:53:52]   Write: 0x40000000-0x40200000 2.0MiB   
[2022-12-17 07:53:52]    Read: 0x40000000-0x40000000 0B   
[2022-12-17 07:53:52]    Read: 0x40000000-0x40200000 2.0MiB   
[2022-12-17 07:53:52] Memtest OK
[2022-12-17 07:53:52] Memspeed at 0x40000000 (Sequential, 2.0MiB)...
[2022-12-17 07:53:52]   Write speed: 26.2MiB/s
[2022-12-17 07:53:52]    Read speed: 35.1MiB/s
[2022-12-17 07:53:52] --============== [1mBoot[0m ==================--
[2022-12-17 07:53:52] Booting from serial...
[2022-12-17 07:53:52] Press Q or ESC to abort boot completely.
[2022-12-17 07:53:52] sL5DdSMmkekro
[2022-12-17 07:53:53] Timeout
[2022-12-17 07:53:53] No boot medium found
[2022-12-17 07:53:53] --============= [1mConsole[0m ================--
[2022-12-17 07:53:53] [92;1mlitex[0m> 
[2022-12-17 07:53:53] [92;1mlitex[0m> 
[2022-12-17 07:53:53] [92;1mlitex[0m> sdram_bist_pat 90
[2022-12-17 07:53:53] sdram_bist_pat 90
[2022-12-17 07:53:53] [92;1mlitex[0m> sdram_bist 8192 1 0 1
[2022-12-17 07:53:53] sdram_bist 8192 1 0 1
[2022-12-17 07:53:53] Starting SDRAM BIST with length=8192, addr_mode=1, data_mode=0 wmode=1
[2022-12-17 07:53:53] WR-BW(MiB/s) RD-BW(MiB/s)  TESTED(MiB)     ERRORS
[2022-12-17 07:53:54]          941          940          473          0
[2022-12-17 07:53:56]          940          931         1373          0
[2022-12-17 07:53:58]            0          930         2311          0
[2022-12-17 07:54:00]            0          930         3249          0
[2022-12-17 07:54:02]            0          930           90          0
[2022-12-17 07:54:03]            0          930         1028          0
[2022-12-17 07:54:05]            0          930         1965          0
[2022-12-17 07:54:07]            0          930         2903          0
[2022-12-17 07:54:07] WR-BW(MiB/s) RD-BW(MiB/s)  TESTED(MiB)     ERRORS
[2022-12-17 07:54:09]            0          930         3840          0
[2022-12-17 07:54:11]            0          930          682          0
[2022-12-17 07:54:13]            0          930         1619          0
[2022-12-17 07:54:15]            0          930         2557          0
[2022-12-17 07:54:17]            0          930         3494          0
[2022-12-17 07:54:18]            0          930          336          0
[2022-12-17 07:54:20]            0          930         1273          0
[2022-12-17 07:54:22]            0          930         2211          0
[2022-12-17 07:54:22] WR-BW(MiB/s) RD-BW(MiB/s)  TESTED(MiB)     ERRORS
[2022-12-17 07:54:24]            0          930         3149          0
[2022-12-17 07:54:26]            0          930         4086          0
[2022-12-17 07:54:28]            0          930          928          0
[2022-12-17 07:54:30]            0          930         1865          0
[2022-12-17 07:54:32]            0          930         2803          0
[2022-12-17 07:54:33]            0          930         3740          0
[2022-12-17 07:54:35]            0          930          582          0
[2022-12-17 07:54:37]            0          930         1519          0
[2022-12-17 07:54:37] WR-BW(MiB/s) RD-BW(MiB/s)  TESTED(MiB)     ERRORS
[2022-12-17 07:54:39]            0          930         2457          0
[2022-12-17 07:54:41]            0          930         3394          0
[2022-12-17 07:54:43]            0          930          236          0
[2022-12-17 07:54:45]            0          930         1174          0
[2022-12-17 07:54:47]            0          930         2111          0
[2022-12-17 07:54:48]            0          930         3049          0
[2022-12-17 07:54:50]            0          930         3986          0
[2022-12-17 07:54:52]            0          930          828          0
[2022-12-17 07:54:52] WR-BW(MiB/s) RD-BW(MiB/s)  TESTED(MiB)     ERRORS
[2022-12-17 07:54:54]            0          930         1765          0
[2022-12-17 07:54:56]            0          930         2703          0
[2022-12-17 07:54:58]            0          930         3640          0
[2022-12-17 07:55:00]            0          930          482          0
[2022-12-17 07:55:02]            0          930         1419          0
[2022-12-17 07:55:03]            0          930         2357          0
[2022-12-17 07:55:05]            0          930         3294          0
[2022-12-17 07:55:07]            0          930          136          0
[2022-12-17 07:55:07] WR-BW(MiB/s) RD-BW(MiB/s)  TESTED(MiB)     ERRORS
[2022-12-17 07:55:09]            0          930         1074          0
[2022-12-17 07:55:11]            0          930         2011          0
[2022-12-17 07:55:13]            0          930         2949          0
[2022-12-17 07:55:15]            0          930         3886          0
[2022-12-17 07:55:17]            0          930          728          0
[2022-12-17 07:55:18]            0          930         1665          0
[2022-12-17 07:55:20]            0          930         2603          0
[2022-12-17 07:55:22]            0          930         3540          0
[2022-12-17 07:55:22] WR-BW(MiB/s) RD-BW(MiB/s)  TESTED(MiB)     ERRORS
[2022-12-17 07:55:24]            0          930          382          0
[2022-12-17 07:55:26]            0          930         1319          0
[2022-12-17 07:55:28]            0          930         2257          0
[2022-12-17 07:55:30]            0          930         3194          0
[2022-12-17 07:55:32]            0          930           36          0
[2022-12-17 07:55:34]            0          930          974          0
[2022-12-17 07:55:35]            0          930         1911          0
[2022-12-17 07:55:37]            0          930         2849          0
[2022-12-17 07:55:37] WR-BW(MiB/s) RD-BW(MiB/s)  TESTED(MiB)     ERRORS
[2022-12-17 07:55:39]            0          930         3786          0
[2022-12-17 07:55:41]            0          930          628          0
[2022-12-17 07:55:43]            0          930         1565          0
[2022-12-17 07:55:45]            0          930         2503          0
[2022-12-17 07:55:47]            0          930         3440          0
[2022-12-17 07:55:49]            0          930          282          0
[2022-12-17 07:55:50]            0          930         1219          0
[2022-12-17 07:55:52]            0          930         2157          0
[2022-12-17 07:55:52] WR-BW(MiB/s) RD-BW(MiB/s)  TESTED(MiB)     ERRORS
[2022-12-17 07:55:54]            0          930         3095          0
[2022-12-17 07:55:56]            0          930         4032          0
[2022-12-17 07:55:58]            0          930          874          0
[2022-12-17 07:56:00]            0          930         1811          0
[2022-12-17 07:56:02]            0          930         2749          0
[2022-12-17 07:56:04]            0          930         3686          0
[2022-12-17 07:56:05]            0          930          528          0
[2022-12-17 07:56:07]            0          930         1465          0
[2022-12-17 07:56:07] WR-BW(MiB/s) RD-BW(MiB/s)  TESTED(MiB)     ERRORS
[2022-12-17 07:56:09]            0          930         2403          0
[2022-12-17 07:56:11]            0          930         3340          0
[2022-12-17 07:56:13]            0          930          182          0
[2022-12-17 07:56:15]            0          930         1119          0
[2022-12-17 07:56:17]            0          930         2057          0
[2022-12-17 07:56:19]            0          930         2995          0
[2022-12-17 07:56:20]            0          930         3932          0
[2022-12-17 07:56:22]            0          930          774          0
[2022-12-17 07:56:22] WR-BW(MiB/s) RD-BW(MiB/s)  TESTED(MiB)     ERRORS
[2022-12-17 07:56:24]            0          930         1711          0
[2022-12-17 07:56:26]            0          930         2649          0
[2022-12-17 07:56:28]            0          930         3586          0
[2022-12-17 07:56:30]            0          930          428          0
[2022-12-17 07:56:32]            0          930         1365          0
[2022-12-17 07:56:34]            0          930         2303          0
[2022-12-17 07:56:35]            0          930         3240          0
[2022-12-17 07:56:37]            0          930           82          0
[2022-12-17 07:56:37] WR-BW(MiB/s) RD-BW(MiB/s)  TESTED(MiB)     ERRORS
[2022-12-17 07:56:39]            0          930         1020          0
[2022-12-17 07:56:41]            0          930         1957          0
[2022-12-17 07:56:43]            0          930         2895          0
[2022-12-17 07:56:45]            0          930         3832          0
[2022-12-17 07:56:47]            0          930          674          0
[2022-12-17 07:56:49]            0          930         1611          0
[2022-12-17 07:56:50]            0          930         2549          0
[2022-12-17 07:56:52]            0          930         3486          0
[2022-12-17 07:56:52] WR-BW(MiB/s) RD-BW(MiB/s)  TESTED(MiB)     ERRORS
[2022-12-17 07:56:54]            0          930          328          0
[2022-12-17 07:56:56]            0          930         1265          0
[2022-12-17 07:56:58]            0          930         2203          0
[2022-12-17 07:57:00]            0          930         3140          0
[2022-12-17 07:57:02]            0          930         4078          0
[2022-12-17 07:57:04]            0          930          920          0
[2022-12-17 07:57:05]            0          930         1857          0
[2022-12-17 07:57:07]            0          930         2795          0
[2022-12-17 07:57:07] WR-BW(MiB/s) RD-BW(MiB/s)  TESTED(MiB)     ERRORS
[2022-12-17 07:57:09]            0          930         3732          0
[2022-12-17 07:57:11]            0          930          574          0
[2022-12-17 07:57:13]            0          930         1511          0
[2022-12-17 07:57:15]            0          930         2449          0
[2022-12-17 07:57:17]            0          930         3386          0
[2022-12-17 07:57:19]            0          930          228          0
[2022-12-17 07:57:20]            0          930         1165          0
[2022-12-17 07:57:22]            0          930         2103          0
[2022-12-17 07:57:22] WR-BW(MiB/s) RD-BW(MiB/s)  TESTED(MiB)     ERRORS
[2022-12-17 07:57:24]            0          930         3040          0
[2022-12-17 07:57:26]            0          930         3978          0
[2022-12-17 07:57:28]            0          930          820          0
[2022-12-17 07:57:30]            0          930         1757          0
[2022-12-17 07:57:32]            0          930         2695          0
[2022-12-17 07:57:34]            0          930         3632          0
[2022-12-17 07:57:35]            0          930          474          0
[2022-12-17 07:57:37]            0          930         1411          0
[2022-12-17 07:57:37] WR-BW(MiB/s) RD-BW(MiB/s)  TESTED(MiB)     ERRORS
[2022-12-17 07:57:39]            0          930         2349          0
[2022-12-17 07:57:41]            0          930         3286          0
[2022-12-17 07:57:43]            0          930          128          0
[2022-12-17 07:57:45]            0          930         1065          0
[2022-12-17 07:57:47]            0          930         2003          0
[2022-12-17 07:57:49]            0          930         2940          0
[2022-12-17 07:57:50]            0          930         3878          0
[2022-12-17 07:57:52]            0          930          720          0
[2022-12-17 07:57:52] WR-BW(MiB/s) RD-BW(MiB/s)  TESTED(MiB)     ERRORS
[2022-12-17 07:57:54]            0          930         1657          0
[2022-12-17 07:57:56]            0          930         2595          0
[2022-12-17 07:57:58]            0          930         3532          0
[2022-12-17 07:58:00]            0          930          374          0
[2022-12-17 07:58:02]            0          930         1311          0
[2022-12-17 07:58:04]            0          930         2249          0
[2022-12-17 07:58:05]            0          930         3186          0
[2022-12-17 07:58:07]            0          930           28          0
[2022-12-17 07:58:07] WR-BW(MiB/s) RD-BW(MiB/s)  TESTED(MiB)     ERRORS
[2022-12-17 07:58:09]            0          930          965          0
[2022-12-17 07:58:11]            0          930         1903          0
[2022-12-17 07:58:13]            0          930         2841          0
[2022-12-17 07:58:15]            0          930         3778          0
[2022-12-17 07:58:17]            0          930          620          0
[2022-12-17 07:58:19]            0          930         1557          0
[2022-12-17 07:58:20]            0          930         2495          0
[2022-12-17 07:58:22]            0          930         3432          0
[2022-12-17 07:58:22] WR-BW(MiB/s) RD-BW(MiB/s)  TESTED(MiB)     ERRORS
[2022-12-17 07:58:24]            0          930          274          0
[2022-12-17 07:58:26]            0          930         1211          0
[2022-12-17 07:58:28]            0          930         2149          0
[2022-12-17 07:58:30]            0          930         3086          0
[2022-12-17 07:58:32]            0          930         4024          0
[2022-12-17 07:58:34]            0          930          865          0
[2022-12-17 07:58:35]            0          930         1803          0
[2022-12-17 07:58:37]            0          930         2741          0
[2022-12-17 07:58:37] WR-BW(MiB/s) RD-BW(MiB/s)  TESTED(MiB)     ERRORS
[2022-12-17 07:58:39]            0          930         3678          0
[2022-12-17 07:58:41]            0          930          520          0
[2022-12-17 07:58:43]            0          930         1457          0
[2022-12-17 07:58:45]            0          930         2395          0
[2022-12-17 07:58:47]            0          930         3332          0
[2022-12-17 07:58:49]            0          930          174          0
[2022-12-17 07:58:50]            0          930         1111          0
[2022-12-17 07:58:52]            0          930         2049          0
[2022-12-17 07:58:52] WR-BW(MiB/s) RD-BW(MiB/s)  TESTED(MiB)     ERRORS
[2022-12-17 07:58:54]            0          930         2986          0
[2022-12-17 07:58:56]            0          930         3924          0
[2022-12-17 07:58:58]            0          930          766          0
[2022-12-17 07:59:00]            0          930         1703          0
[2022-12-17 07:59:02]            0          930         2641          0
[2022-12-17 07:59:04]            0          930         3578          0
[2022-12-17 07:59:05]            0          930          420          0
[2022-12-17 07:59:07]            0          930         1357          0
[2022-12-17 07:59:07] WR-BW(MiB/s) RD-BW(MiB/s)  TESTED(MiB)     ERRORS
[2022-12-17 07:59:09]            0          930         2295          0
[2022-12-17 07:59:11]            0          930         3232          0
[2022-12-17 07:59:13]            0          930           74          0
[2022-12-17 07:59:15]            0          930         1011          0
[2022-12-17 07:59:17]            0          930         1949          0
[2022-12-17 07:59:19]            0          930         2886          0
[2022-12-17 07:59:20]            0          930         3824          0
[2022-12-17 07:59:22]            0          930          665          0
[2022-12-17 07:59:22] WR-BW(MiB/s) RD-BW(MiB/s)  TESTED(MiB)     ERRORS
[2022-12-17 07:59:24]            0          930         1603          0
[2022-12-17 07:59:26]            0          930         2541          0
[2022-12-17 07:59:28]            0          930         3478          0
[2022-12-17 07:59:30]            0          930          320          0
[2022-12-17 07:59:32]            0          930         1257          0
[2022-12-17 07:59:34]            0          930         2195          0
[2022-12-17 07:59:35]            0          930         3132          0
[2022-12-17 07:59:37]            0          930         4070          0
[2022-12-17 07:59:37] WR-BW(MiB/s) RD-BW(MiB/s)  TESTED(MiB)     ERRORS
[2022-12-17 07:59:39]            0          930          911          0
[2022-12-17 07:59:41]            0          930         1849          0
[2022-12-17 07:59:43]            0          930         2786          0
[2022-12-17 07:59:45]            0          930         3724          0
[2022-12-17 07:59:47]            0          930          566          0
[2022-12-17 07:59:49]            0          930         1503          0
[2022-12-17 07:59:50]            0          930         2441          0
[2022-12-17 07:59:52]            0          930         3378          0
[2022-12-17 07:59:52] WR-BW(MiB/s) RD-BW(MiB/s)  TESTED(MiB)     ERRORS
[2022-12-17 07:59:54]            0          930          220          0
[2022-12-17 07:59:56]            0          930         1157          0
[2022-12-17 07:59:58]            0          930         2095          0
[2022-12-17 08:00:00]            0          930         3032          0
[2022-12-17 08:00:02]            0          930         3970          0
[2022-12-17 08:00:04]            0          930          811          0
[2022-12-17 08:00:05]            0          930         1749          0
[2022-12-17 08:00:07]            0          930         2686          0
[2022-12-17 08:00:07] WR-BW(MiB/s) RD-BW(MiB/s)  TESTED(MiB)     ERRORS
[2022-12-17 08:00:09]            0          930         3624          0
[2022-12-17 08:00:11]            0          930          466          0
[2022-12-17 08:00:13]            0          930         1403          0
[2022-12-17 08:00:15]            0          930         2341          0
[2022-12-17 08:00:17]            0          930         3278          0
[2022-12-17 08:00:19]            0          930          120          0
[2022-12-17 08:00:20]            0          930         1057          0
[2022-12-17 08:00:22]            0          930         1995          0
[2022-12-17 08:00:22] WR-BW(MiB/s) RD-BW(MiB/s)  TESTED(MiB)     ERRORS
[2022-12-17 08:00:24]            0          930         2932          0
[2022-12-17 08:00:26]            0          930         3870          0
[2022-12-17 08:00:28]            0          930          711          0
[2022-12-17 08:00:30]            0          930         1649          0
[2022-12-17 08:00:32]            0          930         2586          0
[2022-12-17 08:00:34]            0          930         3524          0
[2022-12-17 08:00:35]            0          930          366          0
[2022-12-17 08:00:37]            0          930         1303          0
[2022-12-17 08:00:37] WR-BW(MiB/s) RD-BW(MiB/s)  TESTED(MiB)     ERRORS
[2022-12-17 08:00:39]            0          930         2241          0
[2022-12-17 08:00:41]            0          930         3178          0
[2022-12-17 08:00:43]            0          930           20          0
[2022-12-17 08:00:45]            0          930          957          0
[2022-12-17 08:00:47]            0          930         1895          0
[2022-12-17 08:00:49]            0          930         2832          0
[2022-12-17 08:00:50]            0          930         3770          0
[2022-12-17 08:00:52]            0          930          611          0
[2022-12-17 08:00:52] WR-BW(MiB/s) RD-BW(MiB/s)  TESTED(MiB)     ERRORS
[2022-12-17 08:00:54]            0          930         1549          0
[2022-12-17 08:00:56]            0          930         2487          0
[2022-12-17 08:00:58]            0          930         3424          0
[2022-12-17 08:01:00]            0          930          266          0
[2022-12-17 08:01:02]            0          930         1203          0
[2022-12-17 08:01:04]            0          930         2141          0
[2022-12-17 08:01:05]            0          930         3078          0
[2022-12-17 08:01:07]            0          930         4016          0
[2022-12-17 08:01:07] WR-BW(MiB/s) RD-BW(MiB/s)  TESTED(MiB)     ERRORS
[2022-12-17 08:01:09]            0          930          857          0
[2022-12-17 08:01:11]            0          930         1795          0
[2022-12-17 08:01:13]            0          930         2732          0
[2022-12-17 08:01:15]            0          930         3670          0
[2022-12-17 08:01:17]            0          930          511          0
[2022-12-17 08:01:19]            0          930         1449          0
[2022-12-17 08:01:20]            0          930         2387          0
[2022-12-17 08:01:22]            0          930         3324          0
[2022-12-17 08:01:22] WR-BW(MiB/s) RD-BW(MiB/s)  TESTED(MiB)     ERRORS
[2022-12-17 08:01:24]            0          930          166          0
[2022-12-17 08:01:26]            0          930         1103          0
[2022-12-17 08:01:28]            0          930         2041          0
[2022-12-17 08:01:30]            0          930         2978          0
[2022-12-17 08:01:32]            0          930         3916          0
[2022-12-17 08:01:34]            0          930          757          0
[2022-12-17 08:01:35]            0          930         1695          0
[2022-12-17 08:01:37]            0          930         2632          0
[2022-12-17 08:01:37] WR-BW(MiB/s) RD-BW(MiB/s)  TESTED(MiB)     ERRORS
[2022-12-17 08:01:39]            0          930         3570          0
[2022-12-17 08:01:41]            0          930          412          0
[2022-12-17 08:01:43]            0          930         1349          0
[2022-12-17 08:01:45]            0          930         2287          0
[2022-12-17 08:01:47]            0          930         3224          0
[2022-12-17 08:01:49]            0          930           66          0
[2022-12-17 08:01:50]            0          930         1003          0
[2022-12-17 08:01:52]            0          930         1941          0
[2022-12-17 08:01:52] WR-BW(MiB/s) RD-BW(MiB/s)  TESTED(MiB)     ERRORS
[2022-12-17 08:01:54]            0          930         2878          0
[2022-12-17 08:01:56]            0          930         3816          0
[2022-12-17 08:01:58]            0          930          657          0
[2022-12-17 08:02:00]            0          930         1595          0
[2022-12-17 08:02:02]            0          930         2532          0
[2022-12-17 08:02:04]            0          930         3470          0
[2022-12-17 08:02:05]            0          930          311          0
[2022-12-17 08:02:07]            0          930         1249          0
[2022-12-17 08:02:07] WR-BW(MiB/s) RD-BW(MiB/s)  TESTED(MiB)     ERRORS
[2022-12-17 08:02:09]            0          930         2187          0
[2022-12-17 08:02:11]            0          930         3124          0
[2022-12-17 08:02:13]            0          930         4062          0
[2022-12-17 08:02:15]            0          930          903          0
[2022-12-17 08:02:17]            0          930         1841          0
[2022-12-17 08:02:19]            0          930         2778          0
[2022-12-17 08:02:20]            0          930         3716          0
[2022-12-17 08:02:22]            0          930          557          0
[2022-12-17 08:02:22] WR-BW(MiB/s) RD-BW(MiB/s)  TESTED(MiB)     ERRORS
[2022-12-17 08:02:24]            0          930         1495          0
[2022-12-17 08:02:26]            0          930         2432          0
[2022-12-17 08:02:28]            0          930         3370          0
[2022-12-17 08:02:30]            0          930          212          0
[2022-12-17 08:02:32]            0          930         1149          0
[2022-12-17 08:02:34]            0          930         2087          0
[2022-12-17 08:02:35]            0          930         3024          0
[2022-12-17 08:02:37]            0          930         3962          0
[2022-12-17 08:02:37] WR-BW(MiB/s) RD-BW(MiB/s)  TESTED(MiB)     ERRORS
[2022-12-17 08:02:39]            0          930          803          0
[2022-12-17 08:02:41]            0          930         1741          0
[2022-12-17 08:02:43]            0          930         2678          0
[2022-12-17 08:02:45]            0          930         3616          0
[2022-12-17 08:02:47]            0          930          457          0
[2022-12-17 08:02:49]            0          930         1395          0
[2022-12-17 08:02:50]            0          930         2332          0
[2022-12-17 08:02:52]            0          930         3270          0
[2022-12-17 08:02:52] WR-BW(MiB/s) RD-BW(MiB/s)  TESTED(MiB)     ERRORS
[2022-12-17 08:02:54]            0          930          112          0
[2022-12-17 08:02:56]            0          930         1049          0
[2022-12-17 08:02:58]            0          930         1987          0
[2022-12-17 08:03:00]            0          930         2924          0
[2022-12-17 08:03:02]            0          930         3862          0
[2022-12-17 08:03:04]            0          930          703          0
[2022-12-17 08:03:05]            0          930         1641          0
[2022-12-17 08:03:07]            0          930         2578          0
[2022-12-17 08:03:07] WR-BW(MiB/s) RD-BW(MiB/s)  TESTED(MiB)     ERRORS
[2022-12-17 08:03:09]            0          930         3516          0
[2022-12-17 08:03:11]            0          930          357          0
[2022-12-17 08:03:13]            0          930         1295          0
[2022-12-17 08:03:15]            0          930         2232          0
[2022-12-17 08:03:17]            0          930         3170          0
[2022-12-17 08:03:19]            0          930           12          0
[2022-12-17 08:03:21]            0          930          949          0
[2022-12-17 08:03:22]            0          930         1887          0
[2022-12-17 08:03:22] WR-BW(MiB/s) RD-BW(MiB/s)  TESTED(MiB)     ERRORS
[2022-12-17 08:03:24]            0          930         2824          0
[2022-12-17 08:03:26]            0          930         3762          0
[2022-12-17 08:03:28]            0          930          603          0
[2022-12-17 08:03:30]            0          930         1541          0
[2022-12-17 08:03:32]            0          930         2478          0
[2022-12-17 08:03:34]            0          930         3416          0
[2022-12-17 08:03:35]            0          930          257          0
[2022-12-17 08:03:37]            0          930         1195          0
[2022-12-17 08:03:37] WR-BW(MiB/s) RD-BW(MiB/s)  TESTED(MiB)     ERRORS
[2022-12-17 08:03:39]            0          930         2133          0
[2022-12-17 08:03:41]            0          930         3070          0
[2022-12-17 08:03:43]            0          930         4008          0
[2022-12-17 08:03:45]            0          930          849          0
[2022-12-17 08:03:47]            0          930         1787          0
[2022-12-17 08:03:49]            0          930         2724          0
[2022-12-17 08:03:50]            0          930         3662          0
[2022-12-17 08:03:52]            0          930          503          0
[2022-12-17 08:03:52] WR-BW(MiB/s) RD-BW(MiB/s)  TESTED(MiB)     ERRORS
[2022-12-17 08:03:54]            0          930         1441          0
[2022-12-17 08:03:56]            0          930         2378          0
[2022-12-17 08:03:58]            0          930         3316          0
[2022-12-17 08:04:00]            0          930          157          0
[2022-12-17 08:04:02]            0          930         1095          0
[2022-12-17 08:04:04]            0          930         2033          0
[2022-12-17 08:04:05]            0          930         2970          0
[2022-12-17 08:04:07]            0          930         3908          0
[2022-12-17 08:04:07] WR-BW(MiB/s) RD-BW(MiB/s)  TESTED(MiB)     ERRORS
[2022-12-17 08:04:09]            0          930          749          0
[2022-12-17 08:04:11]            0          930         1687          0
[2022-12-17 08:04:13]            0          930         2624          0
[2022-12-17 08:04:15]            0          930         3562          0
[2022-12-17 08:04:17]            0          930          403          0
[2022-12-17 08:04:19]            0          930         1341          0
[2022-12-17 08:04:21]            0          930         2278          0
[2022-12-17 08:04:22]            0          930         3216          0
[2022-12-17 08:04:22] WR-BW(MiB/s) RD-BW(MiB/s)  TESTED(MiB)     ERRORS
[2022-12-17 08:04:24]            0          930           57          0
[2022-12-17 08:04:26]            0          930          995          0
[2022-12-17 08:04:28]            0          930         1933          0
[2022-12-17 08:04:30]            0          930         2870          0
[2022-12-17 08:04:32]            0          930         3808          0
[2022-12-17 08:04:34]            0          930          649          0
[2022-12-17 08:04:36]            0          930         1587          0
[2022-12-17 08:04:37]            0          930         2524          0
[2022-12-17 08:04:37] WR-BW(MiB/s) RD-BW(MiB/s)  TESTED(MiB)     ERRORS
[2022-12-17 08:04:39]            0          930         3462          0
[2022-12-17 08:04:41]            0          930          303          0
[2022-12-17 08:04:43]            0          930         1241          0
[2022-12-17 08:04:45]            0          930         2178          0
[2022-12-17 08:04:47]            0          930         3116          0
[2022-12-17 08:04:49]            0          930         4053          0
[2022-12-17 08:04:51]            0          930          895          0
[2022-12-17 08:04:52]            0          930         1833          0
[2022-12-17 08:04:52] WR-BW(MiB/s) RD-BW(MiB/s)  TESTED(MiB)     ERRORS
[2022-12-17 08:04:54]            0          930         2770          0
[2022-12-17 08:04:56]            0          930         3708          0
[2022-12-17 08:04:58]            0          930          549          0
[2022-12-17 08:05:00]            0          930         1487          0
[2022-12-17 08:05:02]            0          930         2424          0
[2022-12-17 08:05:04]            0          930         3362          0
[2022-12-17 08:05:06]            0          930          203          0
[2022-12-17 08:05:07]            0          930         1141          0
[2022-12-17 08:05:07] WR-BW(MiB/s) RD-BW(MiB/s)  TESTED(MiB)     ERRORS
[2022-12-17 08:05:09]            0          930         2078          0
[2022-12-17 08:05:11]            0          930         3016          0
[2022-12-17 08:05:13]            0          930         3954          0
[2022-12-17 08:05:15]            0          930          795          0
[2022-12-17 08:05:17]            0          930         1733          0
[2022-12-17 08:05:19]            0          930         2670          0
[2022-12-17 08:05:21]            0          930         3608          0
[2022-12-17 08:05:22]            0          930          449          0
[2022-12-17 08:05:22] WR-BW(MiB/s) RD-BW(MiB/s)  TESTED(MiB)     ERRORS
[2022-12-17 08:05:24]            0          930         1387          0
[2022-12-17 08:05:26]            0          930         2324          0
[2022-12-17 08:05:28]            0          930         3262          0
[2022-12-17 08:05:30]            0          930          103          0
[2022-12-17 08:05:32]            0          930         1041          0
[2022-12-17 08:05:34]            0          930         1978          0
[2022-12-17 08:05:36]            0          930         2916          0
[2022-12-17 08:05:37]            0          930         3854          0
[2022-12-17 08:05:37] WR-BW(MiB/s) RD-BW(MiB/s)  TESTED(MiB)     ERRORS
[2022-12-17 08:05:39]            0          930          695          0
[2022-12-17 08:05:41]            0          930         1633          0
[2022-12-17 08:05:43]            0          930         2570          0
[2022-12-17 08:05:45]            0          930         3508          0
[2022-12-17 08:05:47]            0          930          349          0
[2022-12-17 08:05:49]            0          930         1287          0
[2022-12-17 08:05:51]            0          930         2224          0
[2022-12-17 08:05:52]            0          930         3162          0
[2022-12-17 08:05:52] WR-BW(MiB/s) RD-BW(MiB/s)  TESTED(MiB)     ERRORS
[2022-12-17 08:05:54]            0          930            3          0
[2022-12-17 08:05:56]            0          930          941          0
[2022-12-17 08:05:58]            0          930         1878          0
[2022-12-17 08:06:00]            0          930         2816          0
[2022-12-17 08:06:02]            0          930         3754          0
[2022-12-17 08:06:04]            0          930          595          0
[2022-12-17 08:06:06]            0          930         1533          0
[2022-12-17 08:06:07]            0          930         2470          0
[2022-12-17 08:06:07] WR-BW(MiB/s) RD-BW(MiB/s)  TESTED(MiB)     ERRORS
[2022-12-17 08:06:09]            0          930         3408          0
[2022-12-17 08:06:11]            0          930          249          0
[2022-12-17 08:06:13]            0          930         1187          0
[2022-12-17 08:06:15]            0          930         2124          0
[2022-12-17 08:06:17]            0          930         3062          0
[2022-12-17 08:06:19]            0          930         3999          0
[2022-12-17 08:06:21]            0          930          841          0
[2022-12-17 08:06:22]            0          930         1778          0
[2022-12-17 08:06:22] WR-BW(MiB/s) RD-BW(MiB/s)  TESTED(MiB)     ERRORS
[2022-12-17 08:06:24]            0          930         2716          0
[2022-12-17 08:06:26]            0          930         3654          0
[2022-12-17 08:06:28]            0          930          495          0
[2022-12-17 08:06:30]            0          930         1433          0
[2022-12-17 08:06:32]            0          930         2370          0
[2022-12-17 08:06:34]            0          930         3308          0
[2022-12-17 08:06:36]            0          930          149          0
[2022-12-17 08:06:37]            0          930         1087          0
[2022-12-17 08:06:37] WR-BW(MiB/s) RD-BW(MiB/s)  TESTED(MiB)     ERRORS
[2022-12-17 08:06:39]            0          930         2024          0
[2022-12-17 08:06:41]            0          930         2962          0
[2022-12-17 08:06:43]            0          930         3899          0
[2022-12-17 08:06:45]            0          930          741          0
[2022-12-17 08:06:47]            0          930         1679          0
[2022-12-17 08:06:49]            0          930         2616          0
[2022-12-17 08:06:51]            0          930         3554          0
[2022-12-17 08:06:52]            0          930          395          0
[2022-12-17 08:06:52] WR-BW(MiB/s) RD-BW(MiB/s)  TESTED(MiB)     ERRORS
[2022-12-17 08:06:54]            0          930         1333          0
[2022-12-17 08:06:56]            0          930         2270          0
[2022-12-17 08:06:58]            0          930         3208          0
[2022-12-17 08:07:00]            0          930           49          0
[2022-12-17 08:07:02]            0          930          987          0
[2022-12-17 08:07:04]            0          930         1924          0
[2022-12-17 08:07:06]            0          930         2862          0
[2022-12-17 08:07:07]            0          930         3799          0
[2022-12-17 08:07:07] WR-BW(MiB/s) RD-BW(MiB/s)  TESTED(MiB)     ERRORS
[2022-12-17 08:07:09]            0          930          641          0
[2022-12-17 08:07:11]            0          930         1579          0
[2022-12-17 08:07:13]            0          930         2516          0
[2022-12-17 08:07:15]            0          930         3454          0
[2022-12-17 08:07:17]            0          930          295          0
[2022-12-17 08:07:19]            0          930         1233          0
[2022-12-17 08:07:21]            0          930         2170          0
[2022-12-17 08:07:22]            0          930         3108          0
[2022-12-17 08:07:22] WR-BW(MiB/s) RD-BW(MiB/s)  TESTED(MiB)     ERRORS
[2022-12-17 08:07:24]            0          930         4045          0
[2022-12-17 08:07:26]            0          930          887          0
[2022-12-17 08:07:28]            0          930         1824          0
[2022-12-17 08:07:30]            0          930         2762          0
[2022-12-17 08:07:32]            0          930         3699          0
[2022-12-17 08:07:34]            0          930          541          0
[2022-12-17 08:07:36]            0          930         1479          0
[2022-12-17 08:07:37]            0          930         2416          0
[2022-12-17 08:07:37] WR-BW(MiB/s) RD-BW(MiB/s)  TESTED(MiB)     ERRORS
[2022-12-17 08:07:39]            0          930         3354          0
[2022-12-17 08:07:41]            0          930          195          0
[2022-12-17 08:07:43]            0          930         1133          0
[2022-12-17 08:07:45]            0          930         2070          0
[2022-12-17 08:07:47]            0          930         3008          0
[2022-12-17 08:07:49]            0          930         3945          0
[2022-12-17 08:07:51]            0          930          787          0
[2022-12-17 08:07:52]            0          930         1724          0
[2022-12-17 08:07:52] WR-BW(MiB/s) RD-BW(MiB/s)  TESTED(MiB)     ERRORS
[2022-12-17 08:07:54]            0          930         2662          0
[2022-12-17 08:07:56]            0          930         3600          0
[2022-12-17 08:07:58]            0          930          441          0
[2022-12-17 08:08:00]            0          930         1379          0
[2022-12-17 08:08:02]            0          930         2316          0
[2022-12-17 08:08:04]            0          930         3254          0
[2022-12-17 08:08:06]            0          930           95          0
[2022-12-17 08:08:07]            0          930         1033          0
[2022-12-17 08:08:07] WR-BW(MiB/s) RD-BW(MiB/s)  TESTED(MiB)     ERRORS
[2022-12-17 08:08:09]            0          930         1970          0
[2022-12-17 08:08:11]            0          930         2908          0
[2022-12-17 08:08:13]            0          930         3845          0
[2022-12-17 08:08:15]            0          930          687          0
[2022-12-17 08:08:17]            0          930         1624          0
[2022-12-17 08:08:19]            0          930         2562          0
[2022-12-17 08:08:21]            0          930         3500          0
[2022-12-17 08:08:22]            0          930          341          0
[2022-12-17 08:08:22] WR-BW(MiB/s) RD-BW(MiB/s)  TESTED(MiB)     ERRORS
[2022-12-17 08:08:24]            0          930         1279          0
[2022-12-17 08:08:26]            0          930         2216          0
[2022-12-17 08:08:28]            0          930         3154          0
[2022-12-17 08:08:30]            0          930         4091          0
[2022-12-17 08:08:32]            0          930          933          0
[2022-12-17 08:08:34]            0          930         1870          0
[2022-12-17 08:08:36]            0          930         2808          0
[2022-12-17 08:08:37]            0          930         3745          0
[2022-12-17 08:08:37] WR-BW(MiB/s) RD-BW(MiB/s)  TESTED(MiB)     ERRORS
[2022-12-17 08:08:39]            0          930          587          0
[2022-12-17 08:08:41]            0          930         1524          0
[2022-12-17 08:08:43]            0          930         2462          0
[2022-12-17 08:08:45]            0          930         3400          0
[2022-12-17 08:08:47]            0          930          241          0
[2022-12-17 08:08:49]            0          930         1179          0
[2022-12-17 08:08:51]            0          930         2116          0
[2022-12-17 08:08:52]            0          930         3054          0
[2022-12-17 08:08:52] WR-BW(MiB/s) RD-BW(MiB/s)  TESTED(MiB)     ERRORS
[2022-12-17 08:08:54]            0          930         3991          0
[2022-12-17 08:08:56]            0          930          833          0
[2022-12-17 08:08:58]            0          930         1770          0
[2022-12-17 08:09:00]            0          930         2708          0
[2022-12-17 08:09:02]            0          930         3645          0
[2022-12-17 08:09:04]            0          930          487          0
[2022-12-17 08:09:06]            0          930         1424          0
[2022-12-17 08:09:07]            0          930         2362          0
[2022-12-17 08:09:07] WR-BW(MiB/s) RD-BW(MiB/s)  TESTED(MiB)     ERRORS
[2022-12-17 08:09:09]            0          930         3300          0
[2022-12-17 08:09:11]            0          930          141          0
[2022-12-17 08:09:13]            0          930         1079          0
[2022-12-17 08:09:15]            0          930         2016          0
[2022-12-17 08:09:17]            0          930         2954          0
[2022-12-17 08:09:19]            0          930         3891          0
[2022-12-17 08:09:21]            0          930          733          0
[2022-12-17 08:09:22]            0          930         1670          0
[2022-12-17 08:09:22] WR-BW(MiB/s) RD-BW(MiB/s)  TESTED(MiB)     ERRORS
[2022-12-17 08:09:24]            0          930         2608          0
[2022-12-17 08:09:26]            0          930         3545          0
[2022-12-17 08:09:28]            0          930          387          0
[2022-12-17 08:09:30]            0          930         1325          0
[2022-12-17 08:09:32]            0          930         2262          0
[2022-12-17 08:09:34]            0          930         3200          0
[2022-12-17 08:09:36]            0          930           41          0
[2022-12-17 08:09:37]            0          930          979          0
[2022-12-17 08:09:37] WR-BW(MiB/s) RD-BW(MiB/s)  TESTED(MiB)     ERRORS
[2022-12-17 08:09:39]            0          930         1916          0
[2022-12-17 08:09:41]            0          930         2854          0
[2022-12-17 08:09:43]            0          930         3791          0
[2022-12-17 08:09:45]            0          930          633          0
[2022-12-17 08:09:47]            0          930         1570          0
[2022-12-17 08:09:49]            0          930         2508          0
[2022-12-17 08:09:51]            0          930         3445          0
[2022-12-17 08:09:52]            0          930          287          0
[2022-12-17 08:09:52] WR-BW(MiB/s) RD-BW(MiB/s)  TESTED(MiB)     ERRORS
[2022-12-17 08:09:54]            0          930         1225          0
[2022-12-17 08:09:56]            0          930         2162          0
[2022-12-17 08:09:58]            0          930         3100          0
[2022-12-17 08:10:00]            0          930         4037          0
[2022-12-17 08:10:02]            0          930          879          0
[2022-12-17 08:10:04]            0          930         1816          0
[2022-12-17 08:10:06]            0          930         2754          0
[2022-12-17 08:10:07]            0          930         3691          0
[2022-12-17 08:10:07] WR-BW(MiB/s) RD-BW(MiB/s)  TESTED(MiB)     ERRORS
[2022-12-17 08:10:09]            0          930          533          0
[2022-12-17 08:10:11]            0          930         1470          0
[2022-12-17 08:10:13]            0          930         2408          0
[2022-12-17 08:10:15]            0          930         3346          0
[2022-12-17 08:10:17]            0          930          187          0
[2022-12-17 08:10:19]            0          930         1125          0
[2022-12-17 08:10:21]            0          930         2062          0
[2022-12-17 08:10:22]            0          930         3000          0
[2022-12-17 08:10:22] WR-BW(MiB/s) RD-BW(MiB/s)  TESTED(MiB)     ERRORS
[2022-12-17 08:10:24]            0          930         3937          0
[2022-12-17 08:10:26]            0          930          779          0
[2022-12-17 08:10:28]            0          930         1716          0
[2022-12-17 08:10:30]            0          930         2654          0
[2022-12-17 08:10:32]            0          930         3591          0
[2022-12-17 08:10:34]            0          930          433          0
[2022-12-17 08:10:36]            0          930         1370          0
[2022-12-17 08:10:37]            0          930         2308          0
[2022-12-17 08:10:37] WR-BW(MiB/s) RD-BW(MiB/s)  TESTED(MiB)     ERRORS
[2022-12-17 08:10:39]            0          930         3246          0
[2022-12-17 08:10:41]            0          930           87          0
[2022-12-17 08:10:43]            0          930         1025          0
[2022-12-17 08:10:45]            0          930         1962          0
[2022-12-17 08:10:47]            0          930         2900          0
[2022-12-17 08:10:49]            0          930         3837          0
[2022-12-17 08:10:51]            0          930          679          0
[2022-12-17 08:10:52]            0          930         1616          0
[2022-12-17 08:10:52] WR-BW(MiB/s) RD-BW(MiB/s)  TESTED(MiB)     ERRORS
[2022-12-17 08:10:54]            0          930         2554          0
[2022-12-17 08:10:56]            0          930         3491          0
[2022-12-17 08:10:58]            0          930          333          0
[2022-12-17 08:11:00]            0          930         1270          0
[2022-12-17 08:11:02]            0          930         2208          0
[2022-12-17 08:11:04]            0          930         3146          0
[2022-12-17 08:11:06]            0          930         4083          0
[2022-12-17 08:11:07]            0          930          925          0
[2022-12-17 08:11:07] WR-BW(MiB/s) RD-BW(MiB/s)  TESTED(MiB)     ERRORS
[2022-12-17 08:11:09]            0          930         1862          0
[2022-12-17 08:11:11]            0          930         2800          0
[2022-12-17 08:11:13]            0          930         3737          0
[2022-12-17 08:11:15]            0          930          579          0
[2022-12-17 08:11:17]            0          930         1516          0
[2022-12-17 08:11:19]            0          930         2454          0
[2022-12-17 08:11:21]            0          930         3391          0
[2022-12-17 08:11:22]            0          930          233          0
[2022-12-17 08:11:22] WR-BW(MiB/s) RD-BW(MiB/s)  TESTED(MiB)     ERRORS
[2022-12-17 08:11:24]            0          930         1171          0
[2022-12-17 08:11:26]            0          930         2108          0
[2022-12-17 08:11:28]            0          930         3046          0
[2022-12-17 08:11:30]            0          930         3983          0
[2022-12-17 08:11:32]            0          930          825          0
[2022-12-17 08:11:34]            0          930         1762          0
[2022-12-17 08:11:36]            0          930         2700          0
[2022-12-17 08:11:37]            0          930         3637          0
[2022-12-17 08:11:37] WR-BW(MiB/s) RD-BW(MiB/s)  TESTED(MiB)     ERRORS
[2022-12-17 08:11:39]            0          930          479          0
[2022-12-17 08:11:41]            0          930         1416          0
[2022-12-17 08:11:43]            0          930         2354          0
[2022-12-17 08:11:45]            0          930         3291          0
[2022-12-17 08:11:47]            0          930          133          0
[2022-12-17 08:11:49]            0          930         1071          0
[2022-12-17 08:11:51]            0          930         2008          0
[2022-12-17 08:11:53]            0          930         2946          0
[2022-12-17 08:11:53] WR-BW(MiB/s) RD-BW(MiB/s)  TESTED(MiB)     ERRORS
[2022-12-17 08:11:54]            0          930         3883          0
[2022-12-17 08:11:56]            0          930          725          0
[2022-12-17 08:11:58]            0          930         1662          0
[2022-12-17 08:12:00]            0          930         2600          0
[2022-12-17 08:12:02]            0          930         3537          0
[2022-12-17 08:12:04]            0          930          379          0
[2022-12-17 08:12:06]            0          930         1316          0
[2022-12-17 08:12:08]            0          930         2254          0
[2022-12-17 08:12:08] WR-BW(MiB/s) RD-BW(MiB/s)  TESTED(MiB)     ERRORS
[2022-12-17 08:12:09]            0          930         3192          0
[2022-12-17 08:12:11]            0          930           33          0
[2022-12-17 08:12:13]            0          930          971          0
[2022-12-17 08:12:15]            0          930         1908          0
[2022-12-17 08:12:17]            0          930         2846          0
[2022-12-17 08:12:19]            0          930         3783          0
[2022-12-17 08:12:21]            0          930          625          0
[2022-12-17 08:12:23]            0          930         1562          0
[2022-12-17 08:12:23] WR-BW(MiB/s) RD-BW(MiB/s)  TESTED(MiB)     ERRORS
[2022-12-17 08:12:24]            0          930         2500          0
[2022-12-17 08:12:26]            0          930         3437          0
[2022-12-17 08:12:28]            0          930          279          0
[2022-12-17 08:12:30]            0          930         1216          0
[2022-12-17 08:12:32]            0          930         2154          0
[2022-12-17 08:12:34]            0          930         3091          0
[2022-12-17 08:12:36]            0          930         4029          0
[2022-12-17 08:12:38]            0          930          871          0
[2022-12-17 08:12:38] WR-BW(MiB/s) RD-BW(MiB/s)  TESTED(MiB)     ERRORS
[2022-12-17 08:12:39]            0          930         1808          0
[2022-12-17 08:12:41]            0          930         2746          0
[2022-12-17 08:12:43]            0          930         3683          0
[2022-12-17 08:12:45]            0          930          525          0
[2022-12-17 08:12:47]            0          930         1462          0
[2022-12-17 08:12:49]            0          930         2400          0
[2022-12-17 08:12:51]            0          930         3337          0
[2022-12-17 08:12:53]            0          930          179          0
[2022-12-17 08:12:53] WR-BW(MiB/s) RD-BW(MiB/s)  TESTED(MiB)     ERRORS
[2022-12-17 08:12:54]            0          930         1116          0
[2022-12-17 08:12:56]            0          930         2054          0
[2022-12-17 08:12:58]            0          930         2992          0
[2022-12-17 08:13:00]            0          930         3929          0
[2022-12-17 08:13:02]            0          930          771          0
[2022-12-17 08:13:04]            0          930         1708          0
[2022-12-17 08:13:06]            0          930         2646          0
[2022-12-17 08:13:08]            0          930         3583          0
[2022-12-17 08:13:08] WR-BW(MiB/s) RD-BW(MiB/s)  TESTED(MiB)     ERRORS
[2022-12-17 08:13:09]            0          930          425          0
[2022-12-17 08:13:11]            0          930         1362          0
[2022-12-17 08:13:13]            0          930         2300          0
[2022-12-17 08:13:15]            0          930         3237          0
[2022-12-17 08:13:17]            0          930           79          0
[2022-12-17 08:13:19]            0          930         1016          0
[2022-12-17 08:13:21]            0          930         1954          0
[2022-12-17 08:13:23]            0          930         2892          0
[2022-12-17 08:13:23] WR-BW(MiB/s) RD-BW(MiB/s)  TESTED(MiB)     ERRORS
[2022-12-17 08:13:24]            0          930         3829          0
[2022-12-17 08:13:26]            0          930          671          0
[2022-12-17 08:13:28]            0          930         1608          0
[2022-12-17 08:13:30]            0          930         2546          0
[2022-12-17 08:13:32]            0          930         3483          0
[2022-12-17 08:13:34]            0          930          325          0
[2022-12-17 08:13:36]            0          930         1262          0
[2022-12-17 08:13:38]            0          930         2200          0
[2022-12-17 08:13:38] WR-BW(MiB/s) RD-BW(MiB/s)  TESTED(MiB)     ERRORS
[2022-12-17 08:13:39]            0          930         3137          0
[2022-12-17 08:13:41]            0          930         4075          0
[2022-12-17 08:13:43]            0          930          917          0
[2022-12-17 08:13:45]            0          930         1854          0
[2022-12-17 08:13:47]            0          930         2792          0
[2022-12-17 08:13:49]            0          930         3729          0
[2022-12-17 08:13:51]            0          930          571          0
[2022-12-17 08:13:53]            0          930         1508          0
[2022-12-17 08:13:53] WR-BW(MiB/s) RD-BW(MiB/s)  TESTED(MiB)     ERRORS
[2022-12-17 08:13:54]            0          930         2446          0
[2022-12-17 08:13:56]            0          930         3383          0
[2022-12-17 08:13:58]            0          930          225          0
[2022-12-17 08:14:00]            0          930         1162          0
[2022-12-17 08:14:02]            0          930         2100          0
[2022-12-17 08:14:04]            0          930         3037          0
[2022-12-17 08:14:06]            0          930         3975          0
[2022-12-17 08:14:08]            0          930          817          0
[2022-12-17 08:14:08] WR-BW(MiB/s) RD-BW(MiB/s)  TESTED(MiB)     ERRORS
[2022-12-17 08:14:09]            0          930         1754          0
[2022-12-17 08:14:11]            0          930         2692          0
[2022-12-17 08:14:13]            0          930         3629          0
[2022-12-17 08:14:15]            0          930          471          0
[2022-12-17 08:14:17]            0          930         1408          0
[2022-12-17 08:14:19]            0          930         2346          0
[2022-12-17 08:14:21]            0          930         3283          0
[2022-12-17 08:14:23]            0          930          125          0
[2022-12-17 08:14:23] WR-BW(MiB/s) RD-BW(MiB/s)  TESTED(MiB)     ERRORS
[2022-12-17 08:14:24]            0          930         1062          0
[2022-12-17 08:14:26]            0          930         2000          0
[2022-12-17 08:14:28]            0          930         2937          0
[2022-12-17 08:14:30]            0          930         3875          0
[2022-12-17 08:14:32]            0          930          717          0
[2022-12-17 08:14:34]            0          930         1654          0
[2022-12-17 08:14:36]            0          930         2592          0
[2022-12-17 08:14:38]            0          930         3529          0
[2022-12-17 08:14:38] WR-BW(MiB/s) RD-BW(MiB/s)  TESTED(MiB)     ERRORS
[2022-12-17 08:14:39]            0          930          371          0
[2022-12-17 08:14:41]            0          930         1308          0
[2022-12-17 08:14:43]            0          930         2246          0
[2022-12-17 08:14:45]            0          930         3183          0
[2022-12-17 08:14:47]            0          930           25          0
[2022-12-17 08:14:49]            0          930          962          0
[2022-12-17 08:14:51]            0          930         1900          0
[2022-12-17 08:14:53]            0          930         2837          0
[2022-12-17 08:14:53] WR-BW(MiB/s) RD-BW(MiB/s)  TESTED(MiB)     ERRORS
[2022-12-17 08:14:54]            0          930         3775          0
[2022-12-17 08:14:56]            0          930          617          0
[2022-12-17 08:14:58]            0          930         1554          0
[2022-12-17 08:15:00]            0          930         2492          0
[2022-12-17 08:15:02]            0          930         3429          0
[2022-12-17 08:15:04]            0          930          271          0
[2022-12-17 08:15:06]            0          930         1208          0
[2022-12-17 08:15:08]            0          930         2146          0
[2022-12-17 08:15:08] WR-BW(MiB/s) RD-BW(MiB/s)  TESTED(MiB)     ERRORS
[2022-12-17 08:15:09]            0          930         3083          0
[2022-12-17 08:15:11]            0          930         4021          0
[2022-12-17 08:15:13]            0          930          862          0
[2022-12-17 08:15:15]            0          930         1800          0
[2022-12-17 08:15:17]            0          930         2738          0
[2022-12-17 08:15:19]            0          930         3675          0
[2022-12-17 08:15:21]            0          930          517          0
[2022-12-17 08:15:23]            0          930         1454          0
[2022-12-17 08:15:23] WR-BW(MiB/s) RD-BW(MiB/s)  TESTED(MiB)     ERRORS
[2022-12-17 08:15:24]            0          930         2392          0
[2022-12-17 08:15:26]            0          930         3329          0
[2022-12-17 08:15:28]            0          930          171          0
[2022-12-17 08:15:30]            0          930         1108          0
[2022-12-17 08:15:32]            0          930         2046          0
[2022-12-17 08:15:34]            0          930         2983          0
[2022-12-17 08:15:36]            0          930         3921          0
[2022-12-17 08:15:38]            0          930          762          0
[2022-12-17 08:15:38] WR-BW(MiB/s) RD-BW(MiB/s)  TESTED(MiB)     ERRORS
[2022-12-17 08:15:39]            0          930         1700          0
[2022-12-17 08:15:41]            0          930         2638          0
[2022-12-17 08:15:43]            0          930         3575          0
[2022-12-17 08:15:45]            0          930          417          0
[2022-12-17 08:15:47]            0          930         1354          0
[2022-12-17 08:15:49]            0          930         2292          0
[2022-12-17 08:15:51]            0          930         3229          0
[2022-12-17 08:15:53]            0          930           71          0
[2022-12-17 08:15:53] WR-BW(MiB/s) RD-BW(MiB/s)  TESTED(MiB)     ERRORS
[2022-12-17 08:15:54]            0          930         1008          0
[2022-12-17 08:15:56]            0          930         1946          0
[2022-12-17 08:15:58]            0          930         2883          0
[2022-12-17 08:16:00]            0          930         3821          0
[2022-12-17 08:16:02]            0          930          662          0
[2022-12-17 08:16:04]            0          930         1600          0
[2022-12-17 08:16:06]            0          930         2538          0
[2022-12-17 08:16:08]            0          930         3475          0
[2022-12-17 08:16:08] WR-BW(MiB/s) RD-BW(MiB/s)  TESTED(MiB)     ERRORS
[2022-12-17 08:16:09]            0          930          317          0
[2022-12-17 08:16:11]            0          930         1254          0
[2022-12-17 08:16:13]            0          930         2192          0
[2022-12-17 08:16:15]            0          930         3129          0
[2022-12-17 08:16:17]            0          930         4067          0
[2022-12-17 08:16:19]            0          930          908          0
[2022-12-17 08:16:21]            0          930         1846          0
[2022-12-17 08:16:23]            0          930         2783          0
[2022-12-17 08:16:23] WR-BW(MiB/s) RD-BW(MiB/s)  TESTED(MiB)     ERRORS
[2022-12-17 08:16:24]            0          930         3721          0
[2022-12-17 08:16:26]            0          930          563          0
[2022-12-17 08:16:28]            0          930         1500          0
[2022-12-17 08:16:30]            0          930         2438          0
[2022-12-17 08:16:32]            0          930         3375          0
[2022-12-17 08:16:34]            0          930          217          0
[2022-12-17 08:16:36]            0          930         1154          0
[2022-12-17 08:16:38]            0          930         2092          0
[2022-12-17 08:16:38] WR-BW(MiB/s) RD-BW(MiB/s)  TESTED(MiB)     ERRORS
[2022-12-17 08:16:39]            0          930         3029          0
[2022-12-17 08:16:41]            0          930         3967          0
[2022-12-17 08:16:43]            0          930          808          0
[2022-12-17 08:16:45]            0          930         1746          0
[2022-12-17 08:16:47]            0          930         2683          0
[2022-12-17 08:16:49]            0          930         3621          0
[2022-12-17 08:16:51]            0          930          463          0
[2022-12-17 08:16:53]            0          930         1400          0
[2022-12-17 08:16:53] WR-BW(MiB/s) RD-BW(MiB/s)  TESTED(MiB)     ERRORS
[2022-12-17 08:16:54]            0          930         2338          0
[2022-12-17 08:16:56]            0          930         3275          0
[2022-12-17 08:16:58]            0          930          117          0
[2022-12-17 08:17:00]            0          930         1054          0
[2022-12-17 08:17:02]            0          930         1992          0
[2022-12-17 08:17:04]            0          930         2929          0
[2022-12-17 08:17:06]            0          930         3867          0
[2022-12-17 08:17:08]            0          930          708          0
[2022-12-17 08:17:08] WR-BW(MiB/s) RD-BW(MiB/s)  TESTED(MiB)     ERRORS
[2022-12-17 08:17:09]            0          930         1646          0
[2022-12-17 08:17:11]            0          930         2584          0
[2022-12-17 08:17:13]            0          930         3521          0
[2022-12-17 08:17:15]            0          930          363          0
[2022-12-17 08:17:17]            0          930         1300          0
[2022-12-17 08:17:19]            0          930         2238          0
[2022-12-17 08:17:21]            0          930         3175          0
[2022-12-17 08:17:23]            0          930           17          0
[2022-12-17 08:17:23] WR-BW(MiB/s) RD-BW(MiB/s)  TESTED(MiB)     ERRORS
[2022-12-17 08:17:24]            0          930          954          0
[2022-12-17 08:17:26]            0          930         1892          0
[2022-12-17 08:17:28]            0          930         2829          0
[2022-12-17 08:17:30]            0          930         3767          0
[2022-12-17 08:17:32]            0          930          608          0
[2022-12-17 08:17:34]            0          930         1546          0
[2022-12-17 08:17:36]            0          930         2484          0
[2022-12-17 08:17:38]            0          930         3421          0
[2022-12-17 08:17:38] WR-BW(MiB/s) RD-BW(MiB/s)  TESTED(MiB)     ERRORS
[2022-12-17 08:17:39]            0          930          263          0
[2022-12-17 08:17:41]            0          930         1200          0
[2022-12-17 08:17:43]            0          930         2138          0
[2022-12-17 08:17:45]            0          930         3075          0
[2022-12-17 08:17:47]            0          930         4013          0
[2022-12-17 08:17:49]            0          930          854          0
[2022-12-17 08:17:51]            0          930         1792          0
[2022-12-17 08:17:53]            0          930         2729          0
[2022-12-17 08:17:53] WR-BW(MiB/s) RD-BW(MiB/s)  TESTED(MiB)     ERRORS
[2022-12-17 08:17:54]            0          930         3667          0
[2022-12-17 08:17:56]            0          930          509          0
[2022-12-17 08:17:58]            0          930         1446          0
[2022-12-17 08:18:00]            0          930         2384          0
[2022-12-17 08:18:02]            0          930         3321          0
[2022-12-17 08:18:04]            0          930          163          0
[2022-12-17 08:18:06]            0          930         1100          0
[2022-12-17 08:18:08]            0          930         2038          0
[2022-12-17 08:18:08] WR-BW(MiB/s) RD-BW(MiB/s)  TESTED(MiB)     ERRORS
[2022-12-17 08:18:09]            0          930         2975          0
[2022-12-17 08:18:11]            0          930         3913          0
[2022-12-17 08:18:13]            0          930          754          0
[2022-12-17 08:18:15]            0          930         1692          0
[2022-12-17 08:18:17]            0          930         2629          0
[2022-12-17 08:18:19]            0          930         3567          0
[2022-12-17 08:18:21]            0          930          408          0
[2022-12-17 08:18:23]            0          930         1346          0
[2022-12-17 08:18:23] WR-BW(MiB/s) RD-BW(MiB/s)  TESTED(MiB)     ERRORS
[2022-12-17 08:18:24]            0          930         2284          0
[2022-12-17 08:18:26]            0          930         3221          0
[2022-12-17 08:18:28]            0          930           63          0
[2022-12-17 08:18:30]            0          930         1000          0
[2022-12-17 08:18:32]            0          930         1938          0
[2022-12-17 08:18:34]            0          930         2875          0
[2022-12-17 08:18:36]            0          930         3813          0
[2022-12-17 08:18:38]            0          930          654          0
[2022-12-17 08:18:38] WR-BW(MiB/s) RD-BW(MiB/s)  TESTED(MiB)     ERRORS
[2022-12-17 08:18:39]            0          930         1592          0
[2022-12-17 08:18:41]            0          930         2529          0
[2022-12-17 08:18:43]            0          930         3467          0
[2022-12-17 08:18:45]            0          930          309          0
[2022-12-17 08:18:47]            0          930         1246          0
[2022-12-17 08:18:49]            0          930         2184          0
[2022-12-17 08:18:51]            0          930         3121          0
[2022-12-17 08:18:53]            0          930         4059          0
[2022-12-17 08:18:53] WR-BW(MiB/s) RD-BW(MiB/s)  TESTED(MiB)     ERRORS
[2022-12-17 08:18:54]            0          930          900          0
[2022-12-17 08:18:56]            0          930         1838          0
[2022-12-17 08:18:58]            0          930         2775          0
[2022-12-17 08:19:00]            0          930         3713          0
[2022-12-17 08:19:02]            0          930          554          0
[2022-12-17 08:19:04]            0          930         1492          0
[2022-12-17 08:19:06]            0          930         2429          0
[2022-12-17 08:19:08]            0          930         3367          0
[2022-12-17 08:19:08] WR-BW(MiB/s) RD-BW(MiB/s)  TESTED(MiB)     ERRORS
[2022-12-17 08:19:09]            0          930          209          0
[2022-12-17 08:19:11]            0          930         1146          0
[2022-12-17 08:19:13]            0          930         2084          0
[2022-12-17 08:19:15]            0          930         3021          0
[2022-12-17 08:19:17]            0          930         3959          0
[2022-12-17 08:19:19]            0          930          800          0
[2022-12-17 08:19:21]            0          930         1738          0
[2022-12-17 08:19:23]            0          930         2675          0
[2022-12-17 08:19:23] WR-BW(MiB/s) RD-BW(MiB/s)  TESTED(MiB)     ERRORS
[2022-12-17 08:19:24]            0          930         3613          0
[2022-12-17 08:19:26]            0          930          454          0
[2022-12-17 08:19:28]            0          930         1392          0
[2022-12-17 08:19:30]            0          930         2329          0
[2022-12-17 08:19:32]            0          930         3267          0
[2022-12-17 08:19:34]            0          930          109          0
[2022-12-17 08:19:36]            0          930         1046          0
[2022-12-17 08:19:38]            0          930         1984          0
[2022-12-17 08:19:38] WR-BW(MiB/s) RD-BW(MiB/s)  TESTED(MiB)     ERRORS
[2022-12-17 08:19:39]            0          930         2921          0
[2022-12-17 08:19:41]            0          930         3859          0
[2022-12-17 08:19:43]            0          930          700          0
[2022-12-17 08:19:45]            0          930         1638          0
[2022-12-17 08:19:47]            0          930         2575          0
[2022-12-17 08:19:49]            0          930         3513          0
[2022-12-17 08:19:51]            0          930          354          0
[2022-12-17 08:19:53]            0          930         1292          0
[2022-12-17 08:19:53] WR-BW(MiB/s) RD-BW(MiB/s)  TESTED(MiB)     ERRORS
[2022-12-17 08:19:54]            0          930         2230          0
[2022-12-17 08:19:56]            0          930         3167          0
[2022-12-17 08:19:58]            0          930            9          0
[2022-12-17 08:20:00]            0          930          946          0
[2022-12-17 08:20:02]            0          930         1884          0
[2022-12-17 08:20:04]            0          930         2821          0
[2022-12-17 08:20:06]            0          930         3759          0
[2022-12-17 08:20:08]            0          930          600          0
[2022-12-17 08:20:08] WR-BW(MiB/s) RD-BW(MiB/s)  TESTED(MiB)     ERRORS
[2022-12-17 08:20:09]            0          930         1538          0
[2022-12-17 08:20:11]            0          930         2475          0
[2022-12-17 08:20:13]            0          930         3413          0
[2022-12-17 08:20:15]            0          930          254          0
[2022-12-17 08:20:17]            0          930         1192          0
[2022-12-17 08:20:19]            0          930         2130          0
[2022-12-17 08:20:21]            0          930         3067          0
[2022-12-17 08:20:23]            0          930         4005          0
[2022-12-17 08:20:23] WR-BW(MiB/s) RD-BW(MiB/s)  TESTED(MiB)     ERRORS
[2022-12-17 08:20:24]            0          930          846          0
[2022-12-17 08:20:26]            0          930         1784          0
[2022-12-17 08:20:28]            0          930         2721          0
[2022-12-17 08:20:30]            0          930         3659          0
[2022-12-17 08:20:32]            0          930          500          0
[2022-12-17 08:20:34]            0          930         1438          0
[2022-12-17 08:20:36]            0          930         2375          0
[2022-12-17 08:20:38]            0          930         3313          0
[2022-12-17 08:20:38] WR-BW(MiB/s) RD-BW(MiB/s)  TESTED(MiB)     ERRORS
[2022-12-17 08:20:39]            0          930          155          0
[2022-12-17 08:20:41]            0          930         1092          0
[2022-12-17 08:20:43]            0          930         2030          0
[2022-12-17 08:20:45]            0          930         2967          0
[2022-12-17 08:20:47]            0          930         3905          0
[2022-12-17 08:20:49]            0          930          746          0
[2022-12-17 08:20:51]            0          930         1684          0
[2022-12-17 08:20:53]            0          930         2621          0
[2022-12-17 08:20:53] WR-BW(MiB/s) RD-BW(MiB/s)  TESTED(MiB)     ERRORS
[2022-12-17 08:20:55]            0          930         3559          0
[2022-12-17 08:20:56]            0          930          400          0
[2022-12-17 08:20:58]            0          930         1338          0
[2022-12-17 08:21:00]            0          930         2275          0
[2022-12-17 08:21:02]            0          930         3213          0
[2022-12-17 08:21:04]            0          930           55          0
[2022-12-17 08:21:06]            0          930          992          0
[2022-12-17 08:21:08]            0          930         1930          0
[2022-12-17 08:21:08] WR-BW(MiB/s) RD-BW(MiB/s)  TESTED(MiB)     ERRORS
[2022-12-17 08:21:10]            0          930         2867          0
[2022-12-17 08:21:11]            0          930         3805          0
[2022-12-17 08:21:13]            0          930          646          0
[2022-12-17 08:21:15]            0          930         1584          0
[2022-12-17 08:21:17]            0          930         2521          0
[2022-12-17 08:21:19]            0          930         3459          0
[2022-12-17 08:21:21]            0          930          300          0
[2022-12-17 08:21:23]            0          930         1238          0
[2022-12-17 08:21:23] WR-BW(MiB/s) RD-BW(MiB/s)  TESTED(MiB)     ERRORS
[2022-12-17 08:21:25]            0          930         2175          0
[2022-12-17 08:21:26]            0          930         3113          0
[2022-12-17 08:21:28]            0          930         4051          0
[2022-12-17 08:21:30]            0          930          892          0
[2022-12-17 08:21:32]            0          930         1830          0
[2022-12-17 08:21:34]            0          930         2767          0
[2022-12-17 08:21:36]            0          930         3705          0
[2022-12-17 08:21:38]            0          930          546          0
[2022-12-17 08:21:38] WR-BW(MiB/s) RD-BW(MiB/s)  TESTED(MiB)     ERRORS
[2022-12-17 08:21:40]            0          930         1484          0
[2022-12-17 08:21:41]            0          930         2421          0
[2022-12-17 08:21:43]            0          930         3359          0
[2022-12-17 08:21:45]            0          930          200          0
[2022-12-17 08:21:47]            0          930         1138          0
[2022-12-17 08:21:49]            0          930         2075          0
[2022-12-17 08:21:51]            0          930         3013          0
[2022-12-17 08:21:53]            0          930         3951          0
[2022-12-17 08:21:53] WR-BW(MiB/s) RD-BW(MiB/s)  TESTED(MiB)     ERRORS
[2022-12-17 08:21:55]            0          930          792          0
[2022-12-17 08:21:56]            0          930         1730          0
[2022-12-17 08:21:58]            0          930         2667          0
[2022-12-17 08:22:00]            0          930         3605          0
[2022-12-17 08:22:02]            0          930          446          0
[2022-12-17 08:22:04]            0          930         1384          0
[2022-12-17 08:22:06]            0          930         2321          0
[2022-12-17 08:22:08]            0          930         3259          0
[2022-12-17 08:22:08] WR-BW(MiB/s) RD-BW(MiB/s)  TESTED(MiB)     ERRORS
[2022-12-17 08:22:10]            0          930          100          0
[2022-12-17 08:22:11]            0          930         1038          0
[2022-12-17 08:22:13]            0          930         1976          0
[2022-12-17 08:22:15]            0          930         2913          0
[2022-12-17 08:22:17]            0          930         3851          0
[2022-12-17 08:22:19]            0          930          692          0
[2022-12-17 08:22:21]            0          930         1630          0
[2022-12-17 08:22:23]            0          930         2567          0
[2022-12-17 08:22:23] WR-BW(MiB/s) RD-BW(MiB/s)  TESTED(MiB)     ERRORS
[2022-12-17 08:22:25]            0          930         3505          0
[2022-12-17 08:22:26]            0          930          346          0
[2022-12-17 08:22:28]            0          930         1284          0
[2022-12-17 08:22:30]            0          930         2221          0
[2022-12-17 08:22:32]            0          930         3159          0
[2022-12-17 08:22:34]            0          930            0          0
[2022-12-17 08:22:36]            0          930          938          0
[2022-12-17 08:22:38]            0          930         1876          0
[2022-12-17 08:22:38] WR-BW(MiB/s) RD-BW(MiB/s)  TESTED(MiB)     ERRORS
[2022-12-17 08:22:40]            0          930         2813          0
[2022-12-17 08:22:41]            0          930         3751          0
[2022-12-17 08:22:43]            0          930          592          0
[2022-12-17 08:22:45]            0          930         1530          0
[2022-12-17 08:22:47]            0          930         2467          0
[2022-12-17 08:22:49]            0          930         3405          0
[2022-12-17 08:22:51]            0          930          246          0
[2022-12-17 08:22:53]            0          930         1184          0
[2022-12-17 08:22:53] WR-BW(MiB/s) RD-BW(MiB/s)  TESTED(MiB)     ERRORS
[2022-12-17 08:22:55]            0          930         2121          0
[2022-12-17 08:22:56]            0          930         3059          0
[2022-12-17 08:22:58]            0          930         3996          0
[2022-12-17 08:23:00]            0          930          838          0
[2022-12-17 08:23:02]            0          930         1776          0
[2022-12-17 08:23:04]            0          930         2713          0
[2022-12-17 08:23:06]            0          930         3651          0
[2022-12-17 08:23:08]            0          930          492          0
[2022-12-17 08:23:08] WR-BW(MiB/s) RD-BW(MiB/s)  TESTED(MiB)     ERRORS
[2022-12-17 08:23:10]            0          930         1430          0
[2022-12-17 08:23:11]            0          930         2367          0
[2022-12-17 08:23:13]            0          930         3305          0
[2022-12-17 08:23:15]            0          930          146          0
[2022-12-17 08:23:17]            0          930         1084          0
[2022-12-17 08:23:19]            0          930         2021          0
[2022-12-17 08:23:21]            0          930         2959          0
[2022-12-17 08:23:23]            0          930         3896          0
[2022-12-17 08:23:23] WR-BW(MiB/s) RD-BW(MiB/s)  TESTED(MiB)     ERRORS
[2022-12-17 08:23:25]            0          930          738          0
[2022-12-17 08:23:26]            0          930         1676          0
[2022-12-17 08:23:28]            0          930         2613          0
[2022-12-17 08:23:30]            0          930         3551          0
[2022-12-17 08:23:32]            0          930          392          0
[2022-12-17 08:23:34]            0          930         1330          0
[2022-12-17 08:23:36]            0          930         2267          0
[2022-12-17 08:23:38]            0          930         3205          0
[2022-12-17 08:23:38] WR-BW(MiB/s) RD-BW(MiB/s)  TESTED(MiB)     ERRORS
[2022-12-17 08:23:40]            0          930           46          0
[2022-12-17 08:23:41]            0          930          984          0
[2022-12-17 08:23:43]            0          930         1921          0
[2022-12-17 08:23:45]            0          930         2859          0
[2022-12-17 08:23:47]            0          930         3797          0
[2022-12-17 08:23:49]            0          930          638          0
[2022-12-17 08:23:51]            0          930         1576          0
[2022-12-17 08:23:53]            0          930         2513          0
[2022-12-17 08:23:53] WR-BW(MiB/s) RD-BW(MiB/s)  TESTED(MiB)     ERRORS
[2022-12-17 08:23:55]            0          930         3451          0
[2022-12-17 08:23:56]            0          930          292          0
[2022-12-17 08:23:58]            0          930         1230          0
[2022-12-17 08:24:00]            0          930         2167          0
[2022-12-17 08:24:02]            0          930         3105          0
[2022-12-17 08:24:04]            0          930         4042          0
[2022-12-17 08:24:06]            0          930          884          0
[2022-12-17 08:24:08]            0          930         1821          0
[2022-12-17 08:24:08] WR-BW(MiB/s) RD-BW(MiB/s)  TESTED(MiB)     ERRORS
[2022-12-17 08:24:10]            0          930         2759          0
[2022-12-17 08:24:11]            0          930         3697          0
[2022-12-17 08:24:13]            0          930          538          0
[2022-12-17 08:24:15]            0          930         1476          0
[2022-12-17 08:24:17]            0          930         2413          0
[2022-12-17 08:24:19]            0          930         3351          0
[2022-12-17 08:24:21]            0          930          192          0
[2022-12-17 08:24:23]            0          930         1130          0
[2022-12-17 08:24:23] WR-BW(MiB/s) RD-BW(MiB/s)  TESTED(MiB)     ERRORS
[2022-12-17 08:24:25]            0          930         2067          0
[2022-12-17 08:24:26]            0          930         3005          0
[2022-12-17 08:24:28]            0          930         3942          0
[2022-12-17 08:24:30]            0          930          784          0
[2022-12-17 08:24:32]            0          930         1721          0
[2022-12-17 08:24:34]            0          930         2659          0
[2022-12-17 08:24:36]            0          930         3597          0
[2022-12-17 08:24:38]            0          930          438          0
[2022-12-17 08:24:38] WR-BW(MiB/s) RD-BW(MiB/s)  TESTED(MiB)     ERRORS
[2022-12-17 08:24:40]            0          930         1376          0
[2022-12-17 08:24:41]            0          930         2313          0
[2022-12-17 08:24:43]            0          930         3251          0
[2022-12-17 08:24:45]            0          930           92          0
[2022-12-17 08:24:47]            0          930         1030          0
[2022-12-17 08:24:49]            0          930         1967          0
[2022-12-17 08:24:51]            0          930         2905          0
[2022-12-17 08:24:53]            0          930         3842          0
[2022-12-17 08:24:53] WR-BW(MiB/s) RD-BW(MiB/s)  TESTED(MiB)     ERRORS
[2022-12-17 08:24:55]            0          930          684          0
[2022-12-17 08:24:56]            0          930         1622          0
[2022-12-17 08:24:58]            0          930         2559          0
[2022-12-17 08:25:00]            0          930         3497          0
[2022-12-17 08:25:02]            0          930          338          0
[2022-12-17 08:25:04]            0          930         1276          0
[2022-12-17 08:25:06]            0          930         2213          0
[2022-12-17 08:25:08]            0          930         3151          0
[2022-12-17 08:25:08] WR-BW(MiB/s) RD-BW(MiB/s)  TESTED(MiB)     ERRORS
[2022-12-17 08:25:10]            0          930         4088          0
[2022-12-17 08:25:11]            0          930          930          0
[2022-12-17 08:25:13]            0          930         1867          0
[2022-12-17 08:25:15]            0          930         2805          0
[2022-12-17 08:25:17]            0          930         3742          0
[2022-12-17 08:25:19]            0          930          584          0
[2022-12-17 08:25:21]            0          930         1522          0
[2022-12-17 08:25:23]            0          930         2459          0
[2022-12-17 08:25:23] WR-BW(MiB/s) RD-BW(MiB/s)  TESTED(MiB)     ERRORS
[2022-12-17 08:25:25]            0          930         3397          0
[2022-12-17 08:25:26]            0          930          238          0
[2022-12-17 08:25:28]            0          930         1176          0
[2022-12-17 08:25:30]            0          930         2113          0
[2022-12-17 08:25:32]            0          930         3051          0
[2022-12-17 08:25:34]            0          930         3988          0
[2022-12-17 08:25:36]            0          930          830          0
[2022-12-17 08:25:38]            0          930         1767          0
[2022-12-17 08:25:38] WR-BW(MiB/s) RD-BW(MiB/s)  TESTED(MiB)     ERRORS
[2022-12-17 08:25:40]            0          930         2705          0
[2022-12-17 08:25:41]            0          930         3642          0
[2022-12-17 08:25:43]            0          930          484          0
[2022-12-17 08:25:45]            0          930         1422          0
[2022-12-17 08:25:47]            0          930         2359          0
[2022-12-17 08:25:49]            0          930         3297          0
[2022-12-17 08:25:51]            0          930          138          0
[2022-12-17 08:25:53]            0          930         1076          0
[2022-12-17 08:25:53] WR-BW(MiB/s) RD-BW(MiB/s)  TESTED(MiB)     ERRORS
[2022-12-17 08:25:55]            0          930         2013          0
[2022-12-17 08:25:56]            0          930         2951          0
[2022-12-17 08:25:58]            0          930         3888          0
[2022-12-17 08:26:00]            0          930          730          0
[2022-12-17 08:26:02]            0          930         1667          0
[2022-12-17 08:26:04]            0          930         2605          0
[2022-12-17 08:26:06]            0          930         3542          0
[2022-12-17 08:26:08]            0          930          384          0
[2022-12-17 08:26:08] WR-BW(MiB/s) RD-BW(MiB/s)  TESTED(MiB)     ERRORS
[2022-12-17 08:26:10]            0          930         1322          0
[2022-12-17 08:26:11]            0          930         2259          0
[2022-12-17 08:26:13]            0          930         3197          0
[2022-12-17 08:26:15]            0          930           38          0
[2022-12-17 08:26:17]            0          930          976          0
[2022-12-17 08:26:19]            0          930         1913          0
[2022-12-17 08:26:21]            0          930         2851          0
[2022-12-17 08:26:23]            0          930         3788          0
[2022-12-17 08:26:23] WR-BW(MiB/s) RD-BW(MiB/s)  TESTED(MiB)     ERRORS
[2022-12-17 08:26:25]            0          930          630          0
[2022-12-17 08:26:26]            0          930         1567          0
[2022-12-17 08:26:28]            0          930         2505          0
[2022-12-17 08:26:30]            0          930         3443          0
[2022-12-17 08:26:32]            0          930          284          0
[2022-12-17 08:26:34]            0          930         1222          0
[2022-12-17 08:26:36]            0          930         2159          0
[2022-12-17 08:26:38]            0          930         3097          0
[2022-12-17 08:26:38] WR-BW(MiB/s) RD-BW(MiB/s)  TESTED(MiB)     ERRORS
[2022-12-17 08:26:40]            0          930         4034          0
[2022-12-17 08:26:41]            0          930          876          0
[2022-12-17 08:26:43]            0          930         1813          0
[2022-12-17 08:26:45]            0          930         2751          0
[2022-12-17 08:26:47]            0          930         3688          0
[2022-12-17 08:26:49]            0          930          530          0
[2022-12-17 08:26:51]            0          930         1467          0
[2022-12-17 08:26:53]            0          930         2405          0
[2022-12-17 08:26:53] WR-BW(MiB/s) RD-BW(MiB/s)  TESTED(MiB)     ERRORS
[2022-12-17 08:26:55]            0          930         3343          0
[2022-12-17 08:26:56]            0          930          184          0
[2022-12-17 08:26:58]            0          930         1122          0
[2022-12-17 08:27:00]            0          930         2059          0
[2022-12-17 08:27:02]            0          930         2997          0
[2022-12-17 08:27:04]            0          930         3934          0
[2022-12-17 08:27:06]            0          930          776          0
[2022-12-17 08:27:08]            0          930         1713          0
[2022-12-17 08:27:08] WR-BW(MiB/s) RD-BW(MiB/s)  TESTED(MiB)     ERRORS
[2022-12-17 08:27:10]            0          930         2651          0
[2022-12-17 08:27:11]            0          930         3588          0
[2022-12-17 08:27:13]            0          930          430          0
[2022-12-17 08:27:15]            0          930         1367          0
[2022-12-17 08:27:17]            0          930         2305          0
[2022-12-17 08:27:19]            0          930         3243          0
[2022-12-17 08:27:21]            0          930           84          0
[2022-12-17 08:27:23]            0          930         1022          0
[2022-12-17 08:27:23] WR-BW(MiB/s) RD-BW(MiB/s)  TESTED(MiB)     ERRORS
[2022-12-17 08:27:25]            0          930         1959          0
[2022-12-17 08:27:26]            0          930         2897          0
[2022-12-17 08:27:28]            0          930         3834          0
[2022-12-17 08:27:30]            0          930          676          0
[2022-12-17 08:27:32]            0          930         1613          0
[2022-12-17 08:27:34]            0          930         2551          0
[2022-12-17 08:27:36]            0          930         3488          0
[2022-12-17 08:27:38]            0          930          330          0
[2022-12-17 08:27:38] WR-BW(MiB/s) RD-BW(MiB/s)  TESTED(MiB)     ERRORS
[2022-12-17 08:27:40]            0          930         1268          0
[2022-12-17 08:27:41]            0          930         2205          0
[2022-12-17 08:27:43]            0          930         3143          0
[2022-12-17 08:27:45]            0          930         4080          0
[2022-12-17 08:27:47]            0          930          922          0
[2022-12-17 08:27:49]            0          930         1859          0
[2022-12-17 08:27:51]            0          930         2797          0
[2022-12-17 08:27:53]            0          930         3734          0
[2022-12-17 08:27:53] WR-BW(MiB/s) RD-BW(MiB/s)  TESTED(MiB)     ERRORS
[2022-12-17 08:27:55]            0          930          576          0
[2022-12-17 08:27:56]            0          930         1513          0
[2022-12-17 08:27:58]            0          930         2451          0
[2022-12-17 08:28:00]            0          930         3388          0
[2022-12-17 08:28:02]            0          930          230          0
[2022-12-17 08:28:04]            0          930         1168          0
[2022-12-17 08:28:06]            0          930         2105          0
[2022-12-17 08:28:08]            0          930         3043          0
[2022-12-17 08:28:08] WR-BW(MiB/s) RD-BW(MiB/s)  TESTED(MiB)     ERRORS
[2022-12-17 08:28:10]            0          930         3980          0
[2022-12-17 08:28:11]            0          930          822          0
[2022-12-17 08:28:13]            0          930         1759          0
[2022-12-17 08:28:15]            0          930         2697          0
[2022-12-17 08:28:17]            0          930         3634          0
[2022-12-17 08:28:19]            0          930          476          0
[2022-12-17 08:28:21]            0          930         1413          0
[2022-12-17 08:28:23]            0          930         2351          0
[2022-12-17 08:28:23] WR-BW(MiB/s) RD-BW(MiB/s)  TESTED(MiB)     ERRORS
[2022-12-17 08:28:25]            0          930         3289          0
[2022-12-17 08:28:26]            0          930          130          0
[2022-12-17 08:28:28]            0          930         1068          0
[2022-12-17 08:28:30]            0          930         2005          0
[2022-12-17 08:28:32]            0          930         2943          0
[2022-12-17 08:28:34]            0          930         3880          0
[2022-12-17 08:28:36]            0          930          722          0
[2022-12-17 08:28:38]            0          930         1659          0
[2022-12-17 08:28:38] WR-BW(MiB/s) RD-BW(MiB/s)  TESTED(MiB)     ERRORS
[2022-12-17 08:28:40]            0          930         2597          0
[2022-12-17 08:28:41]            0          930         3534          0
[2022-12-17 08:28:43]            0          930          376          0
[2022-12-17 08:28:45]            0          930         1313          0
[2022-12-17 08:28:47]            0          930         2251          0
[2022-12-17 08:28:49]            0          930         3189          0
[2022-12-17 08:28:51]            0          930           30          0
[2022-12-17 08:28:53]            0          930          968          0
[2022-12-17 08:28:53] WR-BW(MiB/s) RD-BW(MiB/s)  TESTED(MiB)     ERRORS
[2022-12-17 08:28:55]            0          930         1905          0
[2022-12-17 08:28:56]            0          930         2843          0
[2022-12-17 08:28:58]            0          930         3780          0
[2022-12-17 08:29:00]            0          930          622          0
[2022-12-17 08:29:02]            0          930         1559          0
[2022-12-17 08:29:04]            0          930         2497          0
[2022-12-17 08:29:06]            0          930         3434          0
[2022-12-17 08:29:08]            0          930          276          0
[2022-12-17 08:29:08] WR-BW(MiB/s) RD-BW(MiB/s)  TESTED(MiB)     ERRORS
[2022-12-17 08:29:10]            0          930         1213          0
[2022-12-17 08:29:11]            0          930         2151          0
[2022-12-17 08:29:13]            0          930         3089          0
[2022-12-17 08:29:15]            0          930         4026          0
[2022-12-17 08:29:17]            0          930          868          0
[2022-12-17 08:29:19]            0          930         1805          0
[2022-12-17 08:29:21]            0          930         2743          0
[2022-12-17 08:29:23]            0          930         3680          0
[2022-12-17 08:29:23] WR-BW(MiB/s) RD-BW(MiB/s)  TESTED(MiB)     ERRORS
[2022-12-17 08:29:25]            0          930          522          0
[2022-12-17 08:29:26]            0          930         1459          0
[2022-12-17 08:29:28]            0          930         2397          0
[2022-12-17 08:29:30]            0          930         3334          0
[2022-12-17 08:29:32]            0          930          176          0
[2022-12-17 08:29:34]            0          930         1114          0
[2022-12-17 08:29:36]            0          930         2051          0
[2022-12-17 08:29:38]            0          930         2989          0
[2022-12-17 08:29:38] WR-BW(MiB/s) RD-BW(MiB/s)  TESTED(MiB)     ERRORS
[2022-12-17 08:29:40]            0          930         3926          0
[2022-12-17 08:29:42]            0          930          768          0
[2022-12-17 08:29:43]            0          930         1705          0
[2022-12-17 08:29:45]            0          930         2643          0
[2022-12-17 08:29:47]            0          930         3580          0
[2022-12-17 08:29:49]            0          930          422          0
[2022-12-17 08:29:51]            0          930         1359          0
[2022-12-17 08:29:53]            0          930         2297          0
[2022-12-17 08:29:53] WR-BW(MiB/s) RD-BW(MiB/s)  TESTED(MiB)     ERRORS
[2022-12-17 08:29:55]            0          930         3234          0
[2022-12-17 08:29:57]            0          930           76          0
[2022-12-17 08:29:58]            0          930         1014          0
[2022-12-17 08:30:00]            0          930         1951          0
[2022-12-17 08:30:02]            0          930         2889          0
[2022-12-17 08:30:04]            0          930         3826          0
[2022-12-17 08:30:06]            0          930          668          0
[2022-12-17 08:30:08]            0          930         1605          0
[2022-12-17 08:30:08] WR-BW(MiB/s) RD-BW(MiB/s)  TESTED(MiB)     ERRORS
[2022-12-17 08:30:10]            0          930         2543          0
[2022-12-17 08:30:12]            0          930         3480          0
[2022-12-17 08:30:13]            0          930          322          0
[2022-12-17 08:30:15]            0          930         1259          0
[2022-12-17 08:30:17]            0          930         2197          0
[2022-12-17 08:30:19]            0          930         3134          0
[2022-12-17 08:30:21]            0          930         4072          0
[2022-12-17 08:30:23]            0          930          914          0
[2022-12-17 08:30:23] WR-BW(MiB/s) RD-BW(MiB/s)  TESTED(MiB)     ERRORS
[2022-12-17 08:30:25]            0          930         1851          0
[2022-12-17 08:30:27]            0          930         2789          0
[2022-12-17 08:30:28]            0          930         3726          0
[2022-12-17 08:30:30]            0          930          568          0
[2022-12-17 08:30:32]            0          930         1505          0
[2022-12-17 08:30:34]            0          930         2443          0
[2022-12-17 08:30:36]            0          930         3380          0
[2022-12-17 08:30:38]            0          930          222          0
[2022-12-17 08:30:38] WR-BW(MiB/s) RD-BW(MiB/s)  TESTED(MiB)     ERRORS
[2022-12-17 08:30:40]            0          930         1159          0
[2022-12-17 08:30:42]            0          930         2097          0
[2022-12-17 08:30:43]            0          930         3035          0
[2022-12-17 08:30:45]            0          930         3972          0
[2022-12-17 08:30:47]            0          930          814          0
[2022-12-17 08:30:49]            0          930         1751          0
[2022-12-17 08:30:51]            0          930         2689          0
[2022-12-17 08:30:53]            0          930         3626          0
[2022-12-17 08:30:53] WR-BW(MiB/s) RD-BW(MiB/s)  TESTED(MiB)     ERRORS
[2022-12-17 08:30:55]            0          930          468          0
[2022-12-17 08:30:57]            0          930         1405          0
[2022-12-17 08:30:58]            0          930         2343          0
[2022-12-17 08:31:00]            0          930         3280          0
[2022-12-17 08:31:02]            0          930          122          0
[2022-12-17 08:31:04]            0          930         1059          0
[2022-12-17 08:31:06]            0          930         1997          0
[2022-12-17 08:31:08]            0          930         2935          0
[2022-12-17 08:31:08] WR-BW(MiB/s) RD-BW(MiB/s)  TESTED(MiB)     ERRORS
[2022-12-17 08:31:10]            0          930         3872          0
[2022-12-17 08:31:12]            0          930          714          0
[2022-12-17 08:31:13]            0          930         1651          0
[2022-12-17 08:31:15]            0          930         2589          0
[2022-12-17 08:31:17]            0          930         3526          0
[2022-12-17 08:31:19]            0          930          368          0
[2022-12-17 08:31:21]            0          930         1305          0
[2022-12-17 08:31:23]            0          930         2243          0
[2022-12-17 08:31:23] WR-BW(MiB/s) RD-BW(MiB/s)  TESTED(MiB)     ERRORS
[2022-12-17 08:31:25]            0          930         3180          0
[2022-12-17 08:31:27]            0          930           22          0
[2022-12-17 08:31:28]            0          930          960          0
[2022-12-17 08:31:30]            0          930         1897          0
[2022-12-17 08:31:32]            0          930         2835          0
[2022-12-17 08:31:34]            0          930         3772          0
[2022-12-17 08:31:36]            0          930          614          0
[2022-12-17 08:31:38]            0          930         1551          0
[2022-12-17 08:31:38] WR-BW(MiB/s) RD-BW(MiB/s)  TESTED(MiB)     ERRORS
[2022-12-17 08:31:40]            0          930         2489          0
[2022-12-17 08:31:42]            0          930         3426          0
[2022-12-17 08:31:43]            0          930          268          0
[2022-12-17 08:31:45]            0          930         1205          0
[2022-12-17 08:31:47]            0          930         2143          0
[2022-12-17 08:31:49]            0          930         3080          0
[2022-12-17 08:31:51]            0          930         4018          0
[2022-12-17 08:31:53]            0          930          860          0
[2022-12-17 08:31:53] WR-BW(MiB/s) RD-BW(MiB/s)  TESTED(MiB)     ERRORS
[2022-12-17 08:31:55]            0          930         1797          0
[2022-12-17 08:31:57]            0          930         2735          0
[2022-12-17 08:31:58]            0          930         3672          0
[2022-12-17 08:32:00]            0          930          514          0
[2022-12-17 08:32:02]            0          930         1451          0
[2022-12-17 08:32:04]            0          930         2389          0
[2022-12-17 08:32:06]            0          930         3326          0
[2022-12-17 08:32:08]            0          930          168          0
[2022-12-17 08:32:08] WR-BW(MiB/s) RD-BW(MiB/s)  TESTED(MiB)     ERRORS
[2022-12-17 08:32:10]            0          930         1105          0
[2022-12-17 08:32:12]            0          930         2043          0
[2022-12-17 08:32:13]            0          930         2980          0
[2022-12-17 08:32:15]            0          930         3918          0
[2022-12-17 08:32:17]            0          930          760          0
[2022-12-17 08:32:19]            0          930         1697          0
[2022-12-17 08:32:21]            0          930         2635          0
[2022-12-17 08:32:23]            0          930         3572          0
[2022-12-17 08:32:23] WR-BW(MiB/s) RD-BW(MiB/s)  TESTED(MiB)     ERRORS
[2022-12-17 08:32:25]            0          930          414          0
[2022-12-17 08:32:27]            0          930         1351          0
[2022-12-17 08:32:28]            0          930         2289          0
[2022-12-17 08:32:30]            0          930         3226          0
[2022-12-17 08:32:32]            0          930           68          0
[2022-12-17 08:32:34]            0          930         1005          0
[2022-12-17 08:32:36]            0          930         1943          0
[2022-12-17 08:32:38]            0          930         2880          0
[2022-12-17 08:32:38] WR-BW(MiB/s) RD-BW(MiB/s)  TESTED(MiB)     ERRORS
[2022-12-17 08:32:40]            0          930         3818          0
[2022-12-17 08:32:42]            0          930          660          0
[2022-12-17 08:32:43]            0          930         1597          0
[2022-12-17 08:32:45]            0          930         2535          0
[2022-12-17 08:32:47]            0          930         3472          0
[2022-12-17 08:32:49]            0          930          314          0
[2022-12-17 08:32:51]            0          930         1251          0
[2022-12-17 08:32:53]            0          930         2189          0
[2022-12-17 08:32:53] WR-BW(MiB/s) RD-BW(MiB/s)  TESTED(MiB)     ERRORS
[2022-12-17 08:32:55]            0          930         3126          0
[2022-12-17 08:32:57]            0          930         4064          0
[2022-12-17 08:32:58]            0          930          905          0
[2022-12-17 08:33:00]            0          930         1843          0
[2022-12-17 08:33:02]            0          930         2781          0
[2022-12-17 08:33:04]            0          930         3718          0
[2022-12-17 08:33:06]            0          930          560          0
[2022-12-17 08:33:08]            0          930         1497          0
[2022-12-17 08:33:08] WR-BW(MiB/s) RD-BW(MiB/s)  TESTED(MiB)     ERRORS
[2022-12-17 08:33:10]            0          930         2435          0
[2022-12-17 08:33:12]            0          930         3372          0
[2022-12-17 08:33:13]            0          930          214          0
[2022-12-17 08:33:15]            0          930         1151          0
[2022-12-17 08:33:17]            0          930         2089          0
[2022-12-17 08:33:19]            0          930         3026          0
[2022-12-17 08:33:21]            0          930         3964          0
[2022-12-17 08:33:23]            0          930          805          0
[2022-12-17 08:33:23] WR-BW(MiB/s) RD-BW(MiB/s)  TESTED(MiB)     ERRORS
[2022-12-17 08:33:25]            0          930         1743          0
[2022-12-17 08:33:27]            0          930         2681          0
[2022-12-17 08:33:28]            0          930         3618          0
[2022-12-17 08:33:30]            0          930          460          0
[2022-12-17 08:33:32]            0          930         1397          0
[2022-12-17 08:33:34]            0          930         2335          0
[2022-12-17 08:33:36]            0          930         3272          0
[2022-12-17 08:33:38]            0          930          114          0
[2022-12-17 08:33:38] WR-BW(MiB/s) RD-BW(MiB/s)  TESTED(MiB)     ERRORS
[2022-12-17 08:33:40]            0          930         1051          0
[2022-12-17 08:33:42]            0          930         1989          0
[2022-12-17 08:33:43]            0          930         2926          0
[2022-12-17 08:33:45]            0          930         3864          0
[2022-12-17 08:33:47]            0          930          705          0
[2022-12-17 08:33:49]            0          930         1643          0
[2022-12-17 08:33:51]            0          930         2581          0
[2022-12-17 08:33:53]            0          930         3518          0
[2022-12-17 08:33:53] WR-BW(MiB/s) RD-BW(MiB/s)  TESTED(MiB)     ERRORS
[2022-12-17 08:33:55]            0          930          360          0
[2022-12-17 08:33:57]            0          930         1297          0
[2022-12-17 08:33:58]            0          930         2235          0
[2022-12-17 08:34:00]            0          930         3172          0
[2022-12-17 08:34:02]            0          930           14          0
[2022-12-17 08:34:04]            0          930          951          0
[2022-12-17 08:34:06]            0          930         1889          0
[2022-12-17 08:34:08]            0          930         2826          0
[2022-12-17 08:34:08] WR-BW(MiB/s) RD-BW(MiB/s)  TESTED(MiB)     ERRORS
[2022-12-17 08:34:10]            0          930         3764          0
[2022-12-17 08:34:12]            0          930          606          0
[2022-12-17 08:34:13]            0          930         1543          0
[2022-12-17 08:34:15]            0          930         2481          0
[2022-12-17 08:34:17]            0          930         3418          0
[2022-12-17 08:34:19]            0          930          260          0
[2022-12-17 08:34:21]            0          930         1197          0
[2022-12-17 08:34:23]            0          930         2135          0
[2022-12-17 08:34:23] WR-BW(MiB/s) RD-BW(MiB/s)  TESTED(MiB)     ERRORS
[2022-12-17 08:34:25]            0          930         3072          0
[2022-12-17 08:34:27]            0          930         4010          0
[2022-12-17 08:34:28]            0          930          851          0
[2022-12-17 08:34:30]            0          930         1789          0
[2022-12-17 08:34:32]            0          930         2726          0
[2022-12-17 08:34:34]            0          930         3664          0
[2022-12-17 08:34:36]            0          930          506          0
[2022-12-17 08:34:38]            0          930         1443          0
[2022-12-17 08:34:38] WR-BW(MiB/s) RD-BW(MiB/s)  TESTED(MiB)     ERRORS
[2022-12-17 08:34:40]            0          930         2381          0
[2022-12-17 08:34:42]            0          930         3318          0
[2022-12-17 08:34:43]            0          930          160          0
[2022-12-17 08:34:45]            0          930         1097          0
[2022-12-17 08:34:47]            0          930         2035          0
[2022-12-17 08:34:49]            0          930         2972          0
[2022-12-17 08:34:51]            0          930         3910          0
[2022-12-17 08:34:53]            0          930          751          0
[2022-12-17 08:34:53] WR-BW(MiB/s) RD-BW(MiB/s)  TESTED(MiB)     ERRORS
[2022-12-17 08:34:55]            0          930         1689          0
[2022-12-17 08:34:57]            0          930         2627          0
[2022-12-17 08:34:58]            0          930         3564          0
[2022-12-17 08:35:00]            0          930          406          0
[2022-12-17 08:35:02]            0          930         1343          0
[2022-12-17 08:35:04]            0          930         2281          0
[2022-12-17 08:35:06]            0          930         3218          0
[2022-12-17 08:35:08]            0          930           60          0
[2022-12-17 08:35:08] WR-BW(MiB/s) RD-BW(MiB/s)  TESTED(MiB)     ERRORS
[2022-12-17 08:35:10]            0          930          997          0
[2022-12-17 08:35:12]            0          930         1935          0
[2022-12-17 08:35:13]            0          930         2872          0
[2022-12-17 08:35:15]            0          930         3810          0
[2022-12-17 08:35:17]            0          930          651          0
[2022-12-17 08:35:19]            0          930         1589          0
[2022-12-17 08:35:21]            0          930         2527          0
[2022-12-17 08:35:23]            0          930         3464          0
[2022-12-17 08:35:23] WR-BW(MiB/s) RD-BW(MiB/s)  TESTED(MiB)     ERRORS
[2022-12-17 08:35:25]            0          930          306          0
[2022-12-17 08:35:27]            0          930         1243          0
[2022-12-17 08:35:28]            0          930         2181          0
[2022-12-17 08:35:30]            0          930         3118          0
[2022-12-17 08:35:32]            0          930         4056          0
[2022-12-17 08:35:34]            0          930          897          0
[2022-12-17 08:35:36]            0          930         1835          0
[2022-12-17 08:35:38]            0          930         2772          0
[2022-12-17 08:35:38] WR-BW(MiB/s) RD-BW(MiB/s)  TESTED(MiB)     ERRORS
[2022-12-17 08:35:40]            0          930         3710          0
[2022-12-17 08:35:42]            0          930          551          0
[2022-12-17 08:35:43]            0          930         1489          0
[2022-12-17 08:35:45]            0          930         2427          0
[2022-12-17 08:35:47]            0          930         3364          0
[2022-12-17 08:35:49]            0          930          206          0
[2022-12-17 08:35:51]            0          930         1143          0
[2022-12-17 08:35:53]            0          930         2081          0
[2022-12-17 08:35:53] WR-BW(MiB/s) RD-BW(MiB/s)  TESTED(MiB)     ERRORS
[2022-12-17 08:35:55]            0          930         3018          0
[2022-12-17 08:35:57]            0          930         3956          0
[2022-12-17 08:35:58]            0          930          797          0
[2022-12-17 08:36:00]            0          930         1735          0
[2022-12-17 08:36:02]            0          930         2672          0
[2022-12-17 08:36:04]            0          930         3610          0
[2022-12-17 08:36:06]            0          930          451          0
[2022-12-17 08:36:08]            0          930         1389          0
[2022-12-17 08:36:08] WR-BW(MiB/s) RD-BW(MiB/s)  TESTED(MiB)     ERRORS
[2022-12-17 08:36:10]            0          930         2327          0
[2022-12-17 08:36:12]            0          930         3264          0
[2022-12-17 08:36:13]            0          930          106          0
[2022-12-17 08:36:15]            0          930         1043          0
[2022-12-17 08:36:17]            0          930         1981          0
[2022-12-17 08:36:19]            0          930         2918          0
[2022-12-17 08:36:21]            0          930         3856          0
[2022-12-17 08:36:23]            0          930          697          0
[2022-12-17 08:36:23] WR-BW(MiB/s) RD-BW(MiB/s)  TESTED(MiB)     ERRORS
[2022-12-17 08:36:25]            0          930         1635          0
[2022-12-17 08:36:27]            0          930         2572          0
[2022-12-17 08:36:28]            0          930         3510          0
[2022-12-17 08:36:30]            0          930          352          0
[2022-12-17 08:36:32]            0          930         1289          0
[2022-12-17 08:36:34]            0          930         2227          0
[2022-12-17 08:36:36]            0          930         3164          0
[2022-12-17 08:36:38]            0          930            6          0
[2022-12-17 08:36:38] WR-BW(MiB/s) RD-BW(MiB/s)  TESTED(MiB)     ERRORS
[2022-12-17 08:36:40]            0          930          943          0
[2022-12-17 08:36:42]            0          930         1881          0
[2022-12-17 08:36:43]            0          930         2818          0
[2022-12-17 08:36:45]            0          930         3756          0
[2022-12-17 08:36:47]            0          930          597          0
[2022-12-17 08:36:49]            0          930         1535          0
[2022-12-17 08:36:51]            0          930         2472          0
[2022-12-17 08:36:53]            0          930         3410          0
[2022-12-17 08:36:53] WR-BW(MiB/s) RD-BW(MiB/s)  TESTED(MiB)     ERRORS
[2022-12-17 08:36:55]            0          930          252          0
[2022-12-17 08:36:57]            0          930         1189          0
[2022-12-17 08:36:58]            0          930         2127          0
[2022-12-17 08:37:00]            0          930         3064          0
[2022-12-17 08:37:02]            0          930         4002          0
[2022-12-17 08:37:04]            0          930          843          0
[2022-12-17 08:37:06]            0          930         1781          0
[2022-12-17 08:37:08]            0          930         2718          0
[2022-12-17 08:37:08] WR-BW(MiB/s) RD-BW(MiB/s)  TESTED(MiB)     ERRORS
[2022-12-17 08:37:10]            0          930         3656          0
[2022-12-17 08:37:12]            0          930          497          0
[2022-12-17 08:37:13]            0          930         1435          0
[2022-12-17 08:37:15]            0          930         2373          0
[2022-12-17 08:37:17]            0          930         3310          0
[2022-12-17 08:37:19]            0          930          152          0
[2022-12-17 08:37:21]            0          930         1089          0
[2022-12-17 08:37:23]            0          930         2027          0
[2022-12-17 08:37:23] WR-BW(MiB/s) RD-BW(MiB/s)  TESTED(MiB)     ERRORS
[2022-12-17 08:37:25]            0          930         2964          0
[2022-12-17 08:37:27]            0          930         3902          0
[2022-12-17 08:37:28]            0          930          743          0
[2022-12-17 08:37:30]            0          930         1681          0
[2022-12-17 08:37:32]            0          930         2618          0
[2022-12-17 08:37:34]            0          930         3556          0
[2022-12-17 08:37:36]            0          930          397          0
[2022-12-17 08:37:38]            0          930         1335          0
[2022-12-17 08:37:38] WR-BW(MiB/s) RD-BW(MiB/s)  TESTED(MiB)     ERRORS
[2022-12-17 08:37:40]            0          930         2273          0
[2022-12-17 08:37:42]            0          930         3210          0
[2022-12-17 08:37:43]            0          930           52          0
[2022-12-17 08:37:45]            0          930          989          0
[2022-12-17 08:37:47]            0          930         1927          0
[2022-12-17 08:37:49]            0          930         2864          0
[2022-12-17 08:37:51]            0          930         3802          0
[2022-12-17 08:37:53]            0          930          643          0
[2022-12-17 08:37:53] WR-BW(MiB/s) RD-BW(MiB/s)  TESTED(MiB)     ERRORS
[2022-12-17 08:37:55]            0          930         1581          0
[2022-12-17 08:37:57]            0          930         2518          0
[2022-12-17 08:37:58]            0          930         3456          0
[2022-12-17 08:38:00]            0          930          297          0
[2022-12-17 08:38:02]            0          930         1235          0
[2022-12-17 08:38:04]            0          930         2173          0
[2022-12-17 08:38:06]            0          930         3110          0
[2022-12-17 08:38:08]            0          930         4048          0
[2022-12-17 08:38:08] WR-BW(MiB/s) RD-BW(MiB/s)  TESTED(MiB)     ERRORS
[2022-12-17 08:38:10]            0          930          889          0
[2022-12-17 08:38:12]            0          930         1827          0
[2022-12-17 08:38:13]            0          930         2764          0
[2022-12-17 08:38:15]            0          930         3702          0
[2022-12-17 08:38:17]            0          930          543          0
[2022-12-17 08:38:19]            0          930         1481          0
[2022-12-17 08:38:21]            0          930         2418          0
[2022-12-17 08:38:23]            0          930         3356          0
[2022-12-17 08:38:23] WR-BW(MiB/s) RD-BW(MiB/s)  TESTED(MiB)     ERRORS
[2022-12-17 08:38:25]            0          930          198          0
[2022-12-17 08:38:27]            0          930         1135          0
[2022-12-17 08:38:29]            0          930         2073          0
[2022-12-17 08:38:30]            0          930         3010          0
[2022-12-17 08:38:32]            0          930         3948          0
[2022-12-17 08:38:34]            0          930          789          0
[2022-12-17 08:38:36]            0          930         1727          0
[2022-12-17 08:38:38]            0          930         2664          0
[2022-12-17 08:38:38] WR-BW(MiB/s) RD-BW(MiB/s)  TESTED(MiB)     ERRORS
[2022-12-17 08:38:40]            0          930         3602          0
[2022-12-17 08:38:42]            0          930          443          0
[2022-12-17 08:38:44]            0          930         1381          0
[2022-12-17 08:38:45]            0          930         2318          0
[2022-12-17 08:38:47]            0          930         3256          0
[2022-12-17 08:38:49]            0          930           98          0
[2022-12-17 08:38:51]            0          930         1035          0
[2022-12-17 08:38:53]            0          930         1973          0
[2022-12-17 08:38:53] WR-BW(MiB/s) RD-BW(MiB/s)  TESTED(MiB)     ERRORS
[2022-12-17 08:38:55]            0          930         2910          0
[2022-12-17 08:38:57]            0          930         3848          0
[2022-12-17 08:38:59]            0          930          689          0
[2022-12-17 08:39:00]            0          930         1627          0
[2022-12-17 08:39:02]            0          930         2564          0
[2022-12-17 08:39:04]            0          930         3502          0
[2022-12-17 08:39:06]            0          930          343          0
[2022-12-17 08:39:08]            0          930         1281          0
[2022-12-17 08:39:08] WR-BW(MiB/s) RD-BW(MiB/s)  TESTED(MiB)     ERRORS
[2022-12-17 08:39:10]            0          930         2218          0
[2022-12-17 08:39:12]            0          930         3156          0
[2022-12-17 08:39:14]            0          930         4094          0
[2022-12-17 08:39:15]            0          930          935          0
[2022-12-17 08:39:17]            0          930         1873          0
[2022-12-17 08:39:19]            0          930         2810          0
[2022-12-17 08:39:21]            0          930         3748          0
[2022-12-17 08:39:23]            0          930          589          0
[2022-12-17 08:39:23] WR-BW(MiB/s) RD-BW(MiB/s)  TESTED(MiB)     ERRORS
[2022-12-17 08:39:25]            0          930         1527          0
[2022-12-17 08:39:27]            0          930         2464          0
[2022-12-17 08:39:29]            0          930         3402          0
[2022-12-17 08:39:30]            0          930          243          0
[2022-12-17 08:39:32]            0          930         1181          0
[2022-12-17 08:39:34]            0          930         2118          0
[2022-12-17 08:39:36]            0          930         3056          0
[2022-12-17 08:39:38]            0          930         3994          0
[2022-12-17 08:39:38] WR-BW(MiB/s) RD-BW(MiB/s)  TESTED(MiB)     ERRORS
[2022-12-17 08:39:40]            0          930          835          0
[2022-12-17 08:39:42]            0          930         1773          0
[2022-12-17 08:39:44]            0          930         2710          0
[2022-12-17 08:39:45]            0          930         3648          0
[2022-12-17 08:39:47]            0          930          489          0
[2022-12-17 08:39:49]            0          930         1427          0
[2022-12-17 08:39:51]            0          930         2364          0
[2022-12-17 08:39:53]            0          930         3302          0
[2022-12-17 08:39:53] WR-BW(MiB/s) RD-BW(MiB/s)  TESTED(MiB)     ERRORS
[2022-12-17 08:39:55]            0          930          143          0
[2022-12-17 08:39:57]            0          930         1081          0
[2022-12-17 08:39:59]            0          930         2019          0
[2022-12-17 08:40:00]            0          930         2956          0
[2022-12-17 08:40:02]            0          930         3894          0
[2022-12-17 08:40:04]            0          930          735          0
[2022-12-17 08:40:06]            0          930         1673          0
[2022-12-17 08:40:08]            0          930         2610          0
[2022-12-17 08:40:08] WR-BW(MiB/s) RD-BW(MiB/s)  TESTED(MiB)     ERRORS
[2022-12-17 08:40:10]            0          930         3548          0
[2022-12-17 08:40:12]            0          930          389          0
[2022-12-17 08:40:14]            0          930         1327          0
[2022-12-17 08:40:15]            0          930         2264          0
[2022-12-17 08:40:17]            0          930         3202          0
[2022-12-17 08:40:19]            0          930           43          0
[2022-12-17 08:40:21]            0          930          981          0
[2022-12-17 08:40:23]            0          930         1919          0
[2022-12-17 08:40:23] WR-BW(MiB/s) RD-BW(MiB/s)  TESTED(MiB)     ERRORS
[2022-12-17 08:40:25]            0          930         2856          0
[2022-12-17 08:40:27]            0          930         3794          0
[2022-12-17 08:40:29]            0          930          635          0
[2022-12-17 08:40:30]            0          930         1573          0
[2022-12-17 08:40:32]            0          930         2510          0
[2022-12-17 08:40:34]            0          930         3448          0
[2022-12-17 08:40:36]            0          930          289          0
[2022-12-17 08:40:38]            0          930         1227          0
[2022-12-17 08:40:38] WR-BW(MiB/s) RD-BW(MiB/s)  TESTED(MiB)     ERRORS
[2022-12-17 08:40:40]            0          930         2164          0
[2022-12-17 08:40:42]            0          930         3102          0
[2022-12-17 08:40:44]            0          930         4039          0
[2022-12-17 08:40:45]            0          930          881          0
[2022-12-17 08:40:47]            0          930         1819          0
[2022-12-17 08:40:49]            0          930         2756          0
[2022-12-17 08:40:51]            0          930         3694          0
[2022-12-17 08:40:53]            0          930          535          0
[2022-12-17 08:40:53] WR-BW(MiB/s) RD-BW(MiB/s)  TESTED(MiB)     ERRORS
[2022-12-17 08:40:55]            0          930         1473          0
[2022-12-17 08:40:57]            0          930         2410          0
[2022-12-17 08:40:59]            0          930         3348          0
[2022-12-17 08:41:00]            0          930          189          0
[2022-12-17 08:41:02]            0          930         1127          0
[2022-12-17 08:41:04]            0          930         2064          0
[2022-12-17 08:41:06]            0          930         3002          0
[2022-12-17 08:41:08]            0          930         3939          0
[2022-12-17 08:41:08] WR-BW(MiB/s) RD-BW(MiB/s)  TESTED(MiB)     ERRORS
[2022-12-17 08:41:10]            0          930          781          0
[2022-12-17 08:41:12]            0          930         1719          0
[2022-12-17 08:41:14]            0          930         2656          0
[2022-12-17 08:41:15]            0          930         3594          0
[2022-12-17 08:41:17]            0          930          435          0
[2022-12-17 08:41:19]            0          930         1373          0
[2022-12-17 08:41:21]            0          930         2310          0
[2022-12-17 08:41:23]            0          930         3248          0
[2022-12-17 08:41:23] WR-BW(MiB/s) RD-BW(MiB/s)  TESTED(MiB)     ERRORS
[2022-12-17 08:41:25]            0          930           89          0
[2022-12-17 08:41:27]            0          930         1027          0
[2022-12-17 08:41:29]            0          930         1964          0
[2022-12-17 08:41:30]            0          930         2902          0
[2022-12-17 08:41:32]            0          930         3840          0
[2022-12-17 08:41:34]            0          930          681          0
[2022-12-17 08:41:36]            0          930         1619          0
[2022-12-17 08:41:38]            0          930         2556          0
[2022-12-17 08:41:38] WR-BW(MiB/s) RD-BW(MiB/s)  TESTED(MiB)     ERRORS
[2022-12-17 08:41:40]            0          930         3494          0
[2022-12-17 08:41:42]            0          930          335          0
[2022-12-17 08:41:44]            0          930         1273          0
[2022-12-17 08:41:45]            0          930         2210          0
[2022-12-17 08:41:47]            0          930         3148          0
[2022-12-17 08:41:49]            0          930         4085          0
[2022-12-17 08:41:51]            0          930          927          0
[2022-12-17 08:41:53]            0          930         1864          0
[2022-12-17 08:41:53] WR-BW(MiB/s) RD-BW(MiB/s)  TESTED(MiB)     ERRORS
[2022-12-17 08:41:55]            0          930         2802          0
[2022-12-17 08:41:57]            0          930         3740          0
[2022-12-17 08:41:59]            0          930          581          0
[2022-12-17 08:42:00]            0          930         1519          0
[2022-12-17 08:42:02]            0          930         2456          0
[2022-12-17 08:42:04]            0          930         3394          0
[2022-12-17 08:42:06]            0          930          235          0
[2022-12-17 08:42:08]            0          930         1173          0
[2022-12-17 08:42:08] WR-BW(MiB/s) RD-BW(MiB/s)  TESTED(MiB)     ERRORS
[2022-12-17 08:42:10]            0          930         2110          0
[2022-12-17 08:42:12]            0          930         3048          0
[2022-12-17 08:42:14]            0          930         3985          0
[2022-12-17 08:42:15]            0          930          827          0
[2022-12-17 08:42:17]            0          930         1764          0
[2022-12-17 08:42:19]            0          930         2702          0
[2022-12-17 08:42:21]            0          930         3640          0
[2022-12-17 08:42:23]            0          930          481          0
[2022-12-17 08:42:23] WR-BW(MiB/s) RD-BW(MiB/s)  TESTED(MiB)     ERRORS
[2022-12-17 08:42:25]            0          930         1419          0
[2022-12-17 08:42:27]            0          930         2356          0
[2022-12-17 08:42:29]            0          930         3294          0
[2022-12-17 08:42:30]            0          930          135          0
[2022-12-17 08:42:32]            0          930         1073          0
[2022-12-17 08:42:34]            0          930         2010          0
[2022-12-17 08:42:36]            0          930         2948          0
[2022-12-17 08:42:38]            0          930         3885          0
[2022-12-17 08:42:38] WR-BW(MiB/s) RD-BW(MiB/s)  TESTED(MiB)     ERRORS
[2022-12-17 08:42:40]            0          930          727          0
[2022-12-17 08:42:42]            0          930         1665          0
[2022-12-17 08:42:44]            0          930         2602          0
[2022-12-17 08:42:45]            0          930         3540          0
[2022-12-17 08:42:47]            0          930          381          0
[2022-12-17 08:42:49]            0          930         1319          0
[2022-12-17 08:42:51]            0          930         2256          0
[2022-12-17 08:42:53]            0          930         3194          0
[2022-12-17 08:42:53] WR-BW(MiB/s) RD-BW(MiB/s)  TESTED(MiB)     ERRORS
[2022-12-17 08:42:55]            0          930           35          0
[2022-12-17 08:42:57]            0          930          973          0
[2022-12-17 08:42:59]            0          930         1910          0
[2022-12-17 08:43:00]            0          930         2848          0
[2022-12-17 08:43:02]            0          930         3785          0
[2022-12-17 08:43:04]            0          930          627          0
[2022-12-17 08:43:06]            0          930         1565          0
[2022-12-17 08:43:08]            0          930         2502          0
[2022-12-17 08:43:08] WR-BW(MiB/s) RD-BW(MiB/s)  TESTED(MiB)     ERRORS
[2022-12-17 08:43:10]            0          930         3440          0
[2022-12-17 08:43:12]            0          930          281          0
[2022-12-17 08:43:14]            0          930         1219          0
[2022-12-17 08:43:15]            0          930         2156          0
[2022-12-17 08:43:17]            0          930         3094          0
[2022-12-17 08:43:19]            0          930         4031          0
[2022-12-17 08:43:21]            0          930          873          0
[2022-12-17 08:43:23]            0          930         1810          0
[2022-12-17 08:43:23] WR-BW(MiB/s) RD-BW(MiB/s)  TESTED(MiB)     ERRORS
[2022-12-17 08:43:25]            0          930         2748          0
[2022-12-17 08:43:27]            0          930         3686          0
[2022-12-17 08:43:29]            0          930          527          0
[2022-12-17 08:43:30]            0          930         1465          0
[2022-12-17 08:43:32]            0          930         2402          0
[2022-12-17 08:43:34]            0          930         3340          0
[2022-12-17 08:43:36]            0          930          181          0
[2022-12-17 08:43:38]            0          930         1119          0
[2022-12-17 08:43:38] WR-BW(MiB/s) RD-BW(MiB/s)  TESTED(MiB)     ERRORS
[2022-12-17 08:43:40]            0          930         2056          0
[2022-12-17 08:43:42]            0          930         2994          0
[2022-12-17 08:43:44]            0          930         3931          0
[2022-12-17 08:43:45]            0          930          773          0
[2022-12-17 08:43:47]            0          930         1710          0
[2022-12-17 08:43:49]            0          930         2648          0
[2022-12-17 08:43:51]            0          930         3586          0
[2022-12-17 08:43:53]            0          930          427          0
[2022-12-17 08:43:53] WR-BW(MiB/s) RD-BW(MiB/s)  TESTED(MiB)     ERRORS
[2022-12-17 08:43:55]            0          930         1365          0
[2022-12-17 08:43:57]            0          930         2302          0
[2022-12-17 08:43:59]            0          930         3240          0
[2022-12-17 08:44:00]            0          930           81          0
[2022-12-17 08:44:02]            0          930         1019          0
[2022-12-17 08:44:04]            0          930         1956          0
[2022-12-17 08:44:06]            0          930         2894          0
[2022-12-17 08:44:08]            0          930         3831          0
[2022-12-17 08:44:08] WR-BW(MiB/s) RD-BW(MiB/s)  TESTED(MiB)     ERRORS
[2022-12-17 08:44:10]            0          930          673          0
[2022-12-17 08:44:12]            0          930         1610          0
[2022-12-17 08:44:14]            0          930         2548          0
[2022-12-17 08:44:15]            0          930         3486          0
[2022-12-17 08:44:17]            0          930          327          0
[2022-12-17 08:44:19]            0          930         1265          0
[2022-12-17 08:44:21]            0          930         2202          0
[2022-12-17 08:44:23]            0          930         3140          0
[2022-12-17 08:44:23] WR-BW(MiB/s) RD-BW(MiB/s)  TESTED(MiB)     ERRORS
[2022-12-17 08:44:25]            0          930         4077          0
[2022-12-17 08:44:27]            0          930          919          0
[2022-12-17 08:44:29]            0          930         1856          0
[2022-12-17 08:44:30]            0          930         2794          0
[2022-12-17 08:44:32]            0          930         3731          0
[2022-12-17 08:44:34]            0          930          573          0
[2022-12-17 08:44:36]            0          930         1510          0
[2022-12-17 08:44:38]            0          930         2448          0
[2022-12-17 08:44:38] WR-BW(MiB/s) RD-BW(MiB/s)  TESTED(MiB)     ERRORS
[2022-12-17 08:44:40]            0          930         3386          0
[2022-12-17 08:44:42]            0          930          227          0
[2022-12-17 08:44:44]            0          930         1165          0
[2022-12-17 08:44:45]            0          930         2102          0
[2022-12-17 08:44:47]            0          930         3040          0
[2022-12-17 08:44:49]            0          930         3977          0
[2022-12-17 08:44:51]            0          930          819          0
[2022-12-17 08:44:53]            0          930         1756          0
[2022-12-17 08:44:53] WR-BW(MiB/s) RD-BW(MiB/s)  TESTED(MiB)     ERRORS
[2022-12-17 08:44:55]            0          930         2694          0
[2022-12-17 08:44:57]            0          930         3631          0
[2022-12-17 08:44:59]            0          930          473          0
[2022-12-17 08:45:00]            0          930         1411          0
[2022-12-17 08:45:02]            0          930         2348          0
[2022-12-17 08:45:04]            0          930         3286          0
[2022-12-17 08:45:06]            0          930          127          0
[2022-12-17 08:45:08]            0          930         1065          0
[2022-12-17 08:45:08] WR-BW(MiB/s) RD-BW(MiB/s)  TESTED(MiB)     ERRORS
[2022-12-17 08:45:10]            0          930         2002          0
[2022-12-17 08:45:12]            0          930         2940          0
[2022-12-17 08:45:14]            0          930         3877          0
[2022-12-17 08:45:15]            0          930          719          0
[2022-12-17 08:45:17]            0          930         1656          0
[2022-12-17 08:45:19]            0          930         2594          0
[2022-12-17 08:45:21]            0          930         3531          0
[2022-12-17 08:45:23]            0          930          373          0
[2022-12-17 08:45:23] WR-BW(MiB/s) RD-BW(MiB/s)  TESTED(MiB)     ERRORS
[2022-12-17 08:45:25]            0          930         1311          0
[2022-12-17 08:45:27]            0          930         2248          0
[2022-12-17 08:45:29]            0          930         3186          0
[2022-12-17 08:45:30]            0          930           27          0
[2022-12-17 08:45:32]            0          930          965          0
[2022-12-17 08:45:34]            0          930         1902          0
[2022-12-17 08:45:36]            0          930         2840          0
[2022-12-17 08:45:38]            0          930         3777          0
[2022-12-17 08:45:38] WR-BW(MiB/s) RD-BW(MiB/s)  TESTED(MiB)     ERRORS
[2022-12-17 08:45:40]            0          930          619          0
[2022-12-17 08:45:42]            0          930         1556          0
[2022-12-17 08:45:44]            0          930         2494          0
[2022-12-17 08:45:45]            0          930         3431          0
[2022-12-17 08:45:47]            0          930          273          0
[2022-12-17 08:45:49]            0          930         1211          0
[2022-12-17 08:45:51]            0          930         2148          0
[2022-12-17 08:45:53]            0          930         3086          0
[2022-12-17 08:45:53] WR-BW(MiB/s) RD-BW(MiB/s)  TESTED(MiB)     ERRORS
[2022-12-17 08:45:55]            0          930         4023          0
[2022-12-17 08:45:57]            0          930          865          0
[2022-12-17 08:45:59]            0          930         1802          0
[2022-12-17 08:46:00]            0          930         2740          0
[2022-12-17 08:46:02]            0          930         3677          0
[2022-12-17 08:46:04]            0          930          519          0
[2022-12-17 08:46:06]            0          930         1456          0
[2022-12-17 08:46:08]            0          930         2394          0
[2022-12-17 08:46:08] WR-BW(MiB/s) RD-BW(MiB/s)  TESTED(MiB)     ERRORS
[2022-12-17 08:46:10]            0          930         3332          0
[2022-12-17 08:46:12]            0          930          173          0
[2022-12-17 08:46:14]            0          930         1111          0
[2022-12-17 08:46:15]            0          930         2048          0
[2022-12-17 08:46:17]            0          930         2986          0
[2022-12-17 08:46:19]            0          930         3923          0
[2022-12-17 08:46:21]            0          930          765          0
[2022-12-17 08:46:23]            0          930         1702          0
[2022-12-17 08:46:23] WR-BW(MiB/s) RD-BW(MiB/s)  TESTED(MiB)     ERRORS
[2022-12-17 08:46:25]            0          930         2640          0
[2022-12-17 08:46:27]            0          930         3577          0
[2022-12-17 08:46:29]            0          930          419          0
[2022-12-17 08:46:30]            0          930         1356          0
[2022-12-17 08:46:32]            0          930         2294          0
[2022-12-17 08:46:34]            0          930         3232          0
[2022-12-17 08:46:36]            0          930           73          0
[2022-12-17 08:46:38]            0          930         1011          0
[2022-12-17 08:46:38] WR-BW(MiB/s) RD-BW(MiB/s)  TESTED(MiB)     ERRORS
[2022-12-17 08:46:40]            0          930         1948          0
[2022-12-17 08:46:42]            0          930         2886          0
[2022-12-17 08:46:44]            0          930         3823          0
[2022-12-17 08:46:46]            0          930          665          0
[2022-12-17 08:46:47]            0          930         1602          0
[2022-12-17 08:46:49]            0          930         2540          0
[2022-12-17 08:46:51]            0          930         3477          0
[2022-12-17 08:46:53]            0          930          319          0
[2022-12-17 08:46:53] WR-BW(MiB/s) RD-BW(MiB/s)  TESTED(MiB)     ERRORS
[2022-12-17 08:46:55]            0          930         1256          0
[2022-12-17 08:46:57]            0          930         2194          0
[2022-12-17 08:46:59]            0          930         3132          0
[2022-12-17 08:47:01]            0          930         4069          0
[2022-12-17 08:47:02]            0          930          911          0
[2022-12-17 08:47:04]            0          930         1848          0
[2022-12-17 08:47:06]            0          930         2786          0
[2022-12-17 08:47:08]            0          930         3723          0
[2022-12-17 08:47:08] WR-BW(MiB/s) RD-BW(MiB/s)  TESTED(MiB)     ERRORS
[2022-12-17 08:47:10]            0          930          565          0
[2022-12-17 08:47:12]            0          930         1502          0
[2022-12-17 08:47:14]            0          930         2440          0
[2022-12-17 08:47:16]            0          930         3377          0
[2022-12-17 08:47:17]            0          930          219          0
[2022-12-17 08:47:19]            0          930         1156          0
[2022-12-17 08:47:21]            0          930         2094          0
[2022-12-17 08:47:23]            0          930         3032          0
[2022-12-17 08:47:23] WR-BW(MiB/s) RD-BW(MiB/s)  TESTED(MiB)     ERRORS
[2022-12-17 08:47:25]            0          930         3969          0
[2022-12-17 08:47:27]            0          930          811          0
[2022-12-17 08:47:29]            0          930         1748          0
[2022-12-17 08:47:31]            0          930         2686          0
[2022-12-17 08:47:32]            0          930         3623          0
[2022-12-17 08:47:34]            0          930          465          0
[2022-12-17 08:47:36]            0          930         1402          0
[2022-12-17 08:47:38]            0          930         2340          0
[2022-12-17 08:47:38] WR-BW(MiB/s) RD-BW(MiB/s)  TESTED(MiB)     ERRORS
[2022-12-17 08:47:40]            0          930         3277          0
[2022-12-17 08:47:42]            0          930          119          0
[2022-12-17 08:47:44]            0          930         1057          0
[2022-12-17 08:47:46]            0          930         1994          0
[2022-12-17 08:47:47]            0          930         2932          0
[2022-12-17 08:47:49]            0          930         3869          0
[2022-12-17 08:47:51]            0          930          711          0
[2022-12-17 08:47:53]            0          930         1648          0
[2022-12-17 08:47:53] WR-BW(MiB/s) RD-BW(MiB/s)  TESTED(MiB)     ERRORS
[2022-12-17 08:47:55]            0          930         2586          0
[2022-12-17 08:47:57]            0          930         3523          0
[2022-12-17 08:47:59]            0          930          365          0
[2022-12-17 08:48:01]            0          930         1302          0
[2022-12-17 08:48:02]            0          930         2240          0
[2022-12-17 08:48:04]            0          930         3177          0
[2022-12-17 08:48:06]            0          930           19          0
[2022-12-17 08:48:08]            0          930          957          0
[2022-12-17 08:48:08] WR-BW(MiB/s) RD-BW(MiB/s)  TESTED(MiB)     ERRORS
[2022-12-17 08:48:10]            0          930         1894          0
[2022-12-17 08:48:12]            0          930         2832          0
[2022-12-17 08:48:14]            0          930         3769          0
[2022-12-17 08:48:16]            0          930          611          0
[2022-12-17 08:48:17]            0          930         1548          0
[2022-12-17 08:48:19]            0          930         2486          0
[2022-12-17 08:48:21]            0          930         3423          0
[2022-12-17 08:48:23]            0          930          265          0
[2022-12-17 08:48:23] WR-BW(MiB/s) RD-BW(MiB/s)  TESTED(MiB)     ERRORS
[2022-12-17 08:48:25]            0          930         1202          0
[2022-12-17 08:48:27]            0          930         2140          0
[2022-12-17 08:48:29]            0          930         3078          0
[2022-12-17 08:48:31]            0          930         4015          0
[2022-12-17 08:48:32]            0          930          857          0
[2022-12-17 08:48:34]            0          930         1794          0
[2022-12-17 08:48:36]            0          930         2732          0
[2022-12-17 08:48:38]            0          930         3669          0
[2022-12-17 08:48:38] WR-BW(MiB/s) RD-BW(MiB/s)  TESTED(MiB)     ERRORS
[2022-12-17 08:48:40]            0          930          511          0
[2022-12-17 08:48:42]            0          930         1448          0
[2022-12-17 08:48:44]            0          930         2386          0
[2022-12-17 08:48:46]            0          930         3323          0
[2022-12-17 08:48:47]            0          930          165          0
[2022-12-17 08:48:49]            0          930         1102          0
[2022-12-17 08:48:51]            0          930         2040          0
[2022-12-17 08:48:53]            0          930         2978          0
[2022-12-17 08:48:53] WR-BW(MiB/s) RD-BW(MiB/s)  TESTED(MiB)     ERRORS
[2022-12-17 08:48:55]            0          930         3915          0
[2022-12-17 08:48:57]            0          930          757          0
[2022-12-17 08:48:59]            0          930         1694          0
[2022-12-17 08:49:01]            0          930         2632          0
[2022-12-17 08:49:02]            0          930         3569          0
[2022-12-17 08:49:04]            0          930          411          0
[2022-12-17 08:49:06]            0          930         1348          0
[2022-12-17 08:49:08]            0          930         2286          0
[2022-12-17 08:49:08] WR-BW(MiB/s) RD-BW(MiB/s)  TESTED(MiB)     ERRORS
[2022-12-17 08:49:10]            0          930         3223          0
[2022-12-17 08:49:12]            0          930           65          0
[2022-12-17 08:49:14]            0          930         1003          0
[2022-12-17 08:49:16]            0          930         1940          0
[2022-12-17 08:49:17]            0          930         2878          0
[2022-12-17 08:49:19]            0          930         3815          0
[2022-12-17 08:49:21]            0          930          657          0
[2022-12-17 08:49:23]            0          930         1594          0
[2022-12-17 08:49:23] WR-BW(MiB/s) RD-BW(MiB/s)  TESTED(MiB)     ERRORS
[2022-12-17 08:49:25]            0          930         2532          0
[2022-12-17 08:49:27]            0          930         3469          0
[2022-12-17 08:49:29]            0          930          311          0
[2022-12-17 08:49:31]            0          930         1248          0
[2022-12-17 08:49:32]            0          930         2186          0
[2022-12-17 08:49:34]            0          930         3123          0
[2022-12-17 08:49:36]            0          930         4061          0
[2022-12-17 08:49:38]            0          930          903          0
[2022-12-17 08:49:38] WR-BW(MiB/s) RD-BW(MiB/s)  TESTED(MiB)     ERRORS
[2022-12-17 08:49:40]            0          930         1840          0
[2022-12-17 08:49:42]            0          930         2778          0
[2022-12-17 08:49:44]            0          930         3715          0
[2022-12-17 08:49:46]            0          930          557          0
[2022-12-17 08:49:47]            0          930         1494          0
[2022-12-17 08:49:49]            0          930         2432          0
[2022-12-17 08:49:51]            0          930         3369          0
[2022-12-17 08:49:53]            0          930          211          0
[2022-12-17 08:49:53] WR-BW(MiB/s) RD-BW(MiB/s)  TESTED(MiB)     ERRORS
[2022-12-17 08:49:55]            0          930         1148          0
[2022-12-17 08:49:57]            0          930         2086          0
[2022-12-17 08:49:59]            0          930         3023          0
[2022-12-17 08:50:01]            0          930         3961          0
[2022-12-17 08:50:02]            0          930          803          0
[2022-12-17 08:50:04]            0          930         1740          0
[2022-12-17 08:50:06]            0          930         2678          0
[2022-12-17 08:50:08]            0          930         3615          0
[2022-12-17 08:50:08] WR-BW(MiB/s) RD-BW(MiB/s)  TESTED(MiB)     ERRORS
[2022-12-17 08:50:10]            0          930          457          0
[2022-12-17 08:50:12]            0          930         1394          0
[2022-12-17 08:50:14]            0          930         2332          0
[2022-12-17 08:50:16]            0          930         3269          0
[2022-12-17 08:50:17]            0          930          111          0
[2022-12-17 08:50:19]            0          930         1048          0
[2022-12-17 08:50:21]            0          930         1986          0
[2022-12-17 08:50:23]            0          930         2923          0
[2022-12-17 08:50:23] WR-BW(MiB/s) RD-BW(MiB/s)  TESTED(MiB)     ERRORS
[2022-12-17 08:50:25]            0          930         3861          0
[2022-12-17 08:50:27]            0          930          703          0
[2022-12-17 08:50:29]            0          930         1640          0
[2022-12-17 08:50:31]            0          930         2578          0
[2022-12-17 08:50:32]            0          930         3515          0
[2022-12-17 08:50:34]            0          930          357          0
[2022-12-17 08:50:36]            0          930         1294          0
[2022-12-17 08:50:38]            0          930         2232          0
[2022-12-17 08:50:38] WR-BW(MiB/s) RD-BW(MiB/s)  TESTED(MiB)     ERRORS
[2022-12-17 08:50:40]            0          930         3169          0
[2022-12-17 08:50:42]            0          930           11          0
[2022-12-17 08:50:44]            0          930          948          0
[2022-12-17 08:50:46]            0          930         1886          0
[2022-12-17 08:50:47]            0          930         2824          0
[2022-12-17 08:50:49]            0          930         3761          0
[2022-12-17 08:50:51]            0          930          603          0
[2022-12-17 08:50:53]            0          930         1540          0
[2022-12-17 08:50:53] WR-BW(MiB/s) RD-BW(MiB/s)  TESTED(MiB)     ERRORS
[2022-12-17 08:50:55]            0          930         2478          0
[2022-12-17 08:50:57]            0          930         3415          0
[2022-12-17 08:50:59]            0          930          257          0
[2022-12-17 08:51:01]            0          930         1194          0
[2022-12-17 08:51:02]            0          930         2132          0
[2022-12-17 08:51:04]            0          930         3069          0
[2022-12-17 08:51:06]            0          930         4007          0
[2022-12-17 08:51:08]            0          930          848          0
[2022-12-17 08:51:08] WR-BW(MiB/s) RD-BW(MiB/s)  TESTED(MiB)     ERRORS
[2022-12-17 08:51:10]            0          930         1786          0
[2022-12-17 08:51:12]            0          930         2724          0
[2022-12-17 08:51:14]            0          930         3661          0
[2022-12-17 08:51:16]            0          930          503          0
[2022-12-17 08:51:17]            0          930         1440          0
[2022-12-17 08:51:19]            0          930         2378          0
[2022-12-17 08:51:21]            0          930         3315          0
[2022-12-17 08:51:23]            0          930          157          0
[2022-12-17 08:51:23] WR-BW(MiB/s) RD-BW(MiB/s)  TESTED(MiB)     ERRORS
[2022-12-17 08:51:25]            0          930         1094          0
[2022-12-17 08:51:27]            0          930         2032          0
[2022-12-17 08:51:29]            0          930         2969          0
[2022-12-17 08:51:31]            0          930         3907          0
[2022-12-17 08:51:32]            0          930          748          0
[2022-12-17 08:51:34]            0          930         1686          0
[2022-12-17 08:51:36]            0          930         2624          0
[2022-12-17 08:51:38]            0          930         3561          0
[2022-12-17 08:51:38] WR-BW(MiB/s) RD-BW(MiB/s)  TESTED(MiB)     ERRORS
[2022-12-17 08:51:40]            0          930          403          0
[2022-12-17 08:51:42]            0          930         1340          0
[2022-12-17 08:51:44]            0          930         2278          0
[2022-12-17 08:51:46]            0          930         3215          0
[2022-12-17 08:51:47]            0          930           57          0
[2022-12-17 08:51:49]            0          930          994          0
[2022-12-17 08:51:51]            0          930         1932          0
[2022-12-17 08:51:53]            0          930         2869          0
[2022-12-17 08:51:53] WR-BW(MiB/s) RD-BW(MiB/s)  TESTED(MiB)     ERRORS
[2022-12-17 08:51:55]            0          930         3807          0
[2022-12-17 08:51:57]            0          930          649          0
[2022-12-17 08:51:59]            0          930         1586          0
[2022-12-17 08:52:01]            0          930         2524          0
[2022-12-17 08:52:02]            0          930         3461          0
[2022-12-17 08:52:04]            0          930          303          0
[2022-12-17 08:52:06]            0          930         1240          0
[2022-12-17 08:52:08]            0          930         2178          0
[2022-12-17 08:52:08] WR-BW(MiB/s) RD-BW(MiB/s)  TESTED(MiB)     ERRORS
[2022-12-17 08:52:10]            0          930         3115          0
[2022-12-17 08:52:12]            0          930         4053          0
[2022-12-17 08:52:14]            0          930          894          0
[2022-12-17 08:52:16]            0          930         1832          0
[2022-12-17 08:52:17]            0          930         2769          0
[2022-12-17 08:52:19]            0          930         3707          0
[2022-12-17 08:52:21]            0          930          549          0
[2022-12-17 08:52:23]            0          930         1486          0
[2022-12-17 08:52:23] WR-BW(MiB/s) RD-BW(MiB/s)  TESTED(MiB)     ERRORS
[2022-12-17 08:52:25]            0          930         2424          0
[2022-12-17 08:52:27]            0          930         3361          0
[2022-12-17 08:52:29]            0          930          203          0
[2022-12-17 08:52:31]            0          930         1140          0
[2022-12-17 08:52:32]            0          930         2078          0
[2022-12-17 08:52:34]            0          930         3015          0
[2022-12-17 08:52:36]            0          930         3953          0
[2022-12-17 08:52:38]            0          930          794          0
[2022-12-17 08:52:38] WR-BW(MiB/s) RD-BW(MiB/s)  TESTED(MiB)     ERRORS
[2022-12-17 08:52:40]            0          930         1732          0
[2022-12-17 08:52:42]            0          930         2669          0
[2022-12-17 08:52:44]            0          930         3607          0
[2022-12-17 08:52:46]            0          930          449          0
[2022-12-17 08:52:47]            0          930         1386          0
[2022-12-17 08:52:49]            0          930         2324          0
[2022-12-17 08:52:51]            0          930         3261          0
[2022-12-17 08:52:53]            0          930          103          0
[2022-12-17 08:52:53] WR-BW(MiB/s) RD-BW(MiB/s)  TESTED(MiB)     ERRORS
[2022-12-17 08:52:55]            0          930         1040          0
[2022-12-17 08:52:57]            0          930         1978          0
[2022-12-17 08:52:59]            0          930         2915          0
[2022-12-17 08:53:01]            0          930         3853          0
[2022-12-17 08:53:02]            0          930          694          0
[2022-12-17 08:53:04]            0          930         1632          0
[2022-12-17 08:53:06]            0          930         2569          0
[2022-12-17 08:53:08]            0          930         3507          0
[2022-12-17 08:53:08] WR-BW(MiB/s) RD-BW(MiB/s)  TESTED(MiB)     ERRORS
[2022-12-17 08:53:10]            0          930          349          0
[2022-12-17 08:53:12]            0          930         1286          0
[2022-12-17 08:53:14]            0          930         2224          0
[2022-12-17 08:53:16]            0          930         3161          0
[2022-12-17 08:53:17]            0          930            3          0
[2022-12-17 08:53:19]            0          930          940          0
[2022-12-17 08:53:21]            0          930         1878          0
[2022-12-17 08:53:23]            0          930         2815          0
[2022-12-17 08:53:23] WR-BW(MiB/s) RD-BW(MiB/s)  TESTED(MiB)     ERRORS
[2022-12-17 08:53:25]            0          930         3753          0
[2022-12-17 08:53:27]            0          930          594          0
[2022-12-17 08:53:29]            0          930         1532          0
[2022-12-17 08:53:31]            0          930         2470          0
[2022-12-17 08:53:32]            0          930         3407          0
[2022-12-17 08:53:34]            0          930          249          0
[2022-12-17 08:53:36]            0          930         1186          0
[2022-12-17 08:53:38]            0          930         2124          0
[2022-12-17 08:53:38] WR-BW(MiB/s) RD-BW(MiB/s)  TESTED(MiB)     ERRORS
[2022-12-17 08:53:40]            0          930         3061          0
[2022-12-17 08:53:42]            0          930         3999          0
[2022-12-17 08:53:44]            0          930          840          0
[2022-12-17 08:53:46]            0          930         1778          0
[2022-12-17 08:53:47]            0          930         2715          0
[2022-12-17 08:53:49]            0          930         3653          0
[2022-12-17 08:53:51]            0          930          494          0
[2022-12-17 08:53:53]            0          930         1432          0
[2022-12-17 08:53:53] WR-BW(MiB/s) RD-BW(MiB/s)  TESTED(MiB)     ERRORS
[2022-12-17 08:53:55]            0          930         2370          0
[2022-12-17 08:53:57]            0          930         3307          0
[2022-12-17 08:53:59]            0          930          149          0
[2022-12-17 08:54:01]            0          930         1086          0
[2022-12-17 08:54:02]            0          930         2024          0
[2022-12-17 08:54:04]            0          930         2961          0
[2022-12-17 08:54:06]            0          930         3899          0
[2022-12-17 08:54:08]            0          930          740          0
[2022-12-17 08:54:08] WR-BW(MiB/s) RD-BW(MiB/s)  TESTED(MiB)     ERRORS
[2022-12-17 08:54:10]            0          930         1678          0
[2022-12-17 08:54:12]            0          930         2615          0
[2022-12-17 08:54:14]            0          930         3553          0
[2022-12-17 08:54:16]            0          930          395          0
[2022-12-17 08:54:17]            0          930         1332          0
[2022-12-17 08:54:19]            0          930         2270          0
[2022-12-17 08:54:21]            0          930         3207          0
[2022-12-17 08:54:23]            0          930           49          0
[2022-12-17 08:54:23] WR-BW(MiB/s) RD-BW(MiB/s)  TESTED(MiB)     ERRORS
[2022-12-17 08:54:25]            0          930          986          0
[2022-12-17 08:54:27]            0          930         1924          0
[2022-12-17 08:54:29]            0          930         2861          0
[2022-12-17 08:54:31]            0          930         3799          0
[2022-12-17 08:54:32]            0          930          640          0
[2022-12-17 08:54:34]            0          930         1578          0
[2022-12-17 08:54:36]            0          930         2515          0
[2022-12-17 08:54:38]            0          930         3453          0
[2022-12-17 08:54:38] WR-BW(MiB/s) RD-BW(MiB/s)  TESTED(MiB)     ERRORS
[2022-12-17 08:54:40]            0          930          295          0
[2022-12-17 08:54:42]            0          930         1232          0
[2022-12-17 08:54:44]            0          930         2170          0
[2022-12-17 08:54:46]            0          930         3107          0
[2022-12-17 08:54:47]            0          930         4045          0
[2022-12-17 08:54:49]            0          930          886          0
[2022-12-17 08:54:51]            0          930         1824          0
[2022-12-17 08:54:53]            0          930         2761          0
[2022-12-17 08:54:53] WR-BW(MiB/s) RD-BW(MiB/s)  TESTED(MiB)     ERRORS
[2022-12-17 08:54:55]            0          930         3699          0
[2022-12-17 08:54:57]            0          930          540          0
[2022-12-17 08:54:59]            0          930         1478          0
[2022-12-17 08:55:01]            0          930         2415          0
[2022-12-17 08:55:03]            0          930         3353          0
[2022-12-17 08:55:04]            0          930          195          0
[2022-12-17 08:55:06]            0          930         1132          0
[2022-12-17 08:55:08]            0          930         2070          0
[2022-12-17 08:55:08] WR-BW(MiB/s) RD-BW(MiB/s)  TESTED(MiB)     ERRORS
[2022-12-17 08:55:10]            0          930         3007          0
[2022-12-17 08:55:12]            0          930         3945          0
[2022-12-17 08:55:14]            0          930          786          0
[2022-12-17 08:55:16]            0          930         1724          0
[2022-12-17 08:55:18]            0          930         2661          0
[2022-12-17 08:55:19]            0          930         3599          0
[2022-12-17 08:55:21]            0          930          440          0
[2022-12-17 08:55:23]            0          930         1378          0
[2022-12-17 08:55:23] WR-BW(MiB/s) RD-BW(MiB/s)  TESTED(MiB)     ERRORS
[2022-12-17 08:55:25]            0          930         2316          0
[2022-12-17 08:55:27]            0          930         3253          0
[2022-12-17 08:55:29]            0          930           95          0
[2022-12-17 08:55:31]            0          930         1032          0
[2022-12-17 08:55:33]            0          930         1970          0
[2022-12-17 08:55:34]            0          930         2907          0
[2022-12-17 08:55:36]            0          930         3845          0
[2022-12-17 08:55:38]            0          930          686          0
[2022-12-17 08:55:38] WR-BW(MiB/s) RD-BW(MiB/s)  TESTED(MiB)     ERRORS
[2022-12-17 08:55:40]            0          930         1624          0
[2022-12-17 08:55:42]            0          930         2561          0
[2022-12-17 08:55:44]            0          930         3499          0
[2022-12-17 08:55:46]            0          930          340          0
[2022-12-17 08:55:48]            0          930         1278          0
[2022-12-17 08:55:49]            0          930         2216          0
[2022-12-17 08:55:51]            0          930         3153          0
[2022-12-17 08:55:53]            0          930         4091          0
[2022-12-17 08:55:53] WR-BW(MiB/s) RD-BW(MiB/s)  TESTED(MiB)     ERRORS
[2022-12-17 08:55:55]            0          930          932          0
[2022-12-17 08:55:57]            0          930         1870          0
[2022-12-17 08:55:59]            0          930         2807          0
[2022-12-17 08:56:01]            0          930         3745          0
[2022-12-17 08:56:03]            0          930          586          0
[2022-12-17 08:56:04]            0          930         1524          0
[2022-12-17 08:56:06]            0          930         2461          0
[2022-12-17 08:56:08]            0          930         3399          0
[2022-12-17 08:56:08] WR-BW(MiB/s) RD-BW(MiB/s)  TESTED(MiB)     ERRORS
[2022-12-17 08:56:10]            0          930          240          0
[2022-12-17 08:56:12]            0          930         1178          0
[2022-12-17 08:56:14]            0          930         2116          0
[2022-12-17 08:56:16]            0          930         3053          0
[2022-12-17 08:56:18]            0          930         3991          0
[2022-12-17 08:56:19]            0          930          832          0
[2022-12-17 08:56:21]            0          930         1770          0
[2022-12-17 08:56:23]            0          930         2707          0
[2022-12-17 08:56:23] WR-BW(MiB/s) RD-BW(MiB/s)  TESTED(MiB)     ERRORS
[2022-12-17 08:56:25]            0          930         3645          0
[2022-12-17 08:56:27]            0          930          486          0
[2022-12-17 08:56:29]            0          930         1424          0
[2022-12-17 08:56:31]            0          930         2361          0
[2022-12-17 08:56:33]            0          930         3299          0
[2022-12-17 08:56:34]            0          930          140          0
[2022-12-17 08:56:36]            0          930         1078          0
[2022-12-17 08:56:38]            0          930         2016          0
[2022-12-17 08:56:38] WR-BW(MiB/s) RD-BW(MiB/s)  TESTED(MiB)     ERRORS
[2022-12-17 08:56:40]            0          930         2953          0
[2022-12-17 08:56:42]            0          930         3891          0
[2022-12-17 08:56:44]            0          930          732          0
[2022-12-17 08:56:46]            0          930         1670          0
[2022-12-17 08:56:48]            0          930         2607          0
[2022-12-17 08:56:49]            0          930         3545          0
[2022-12-17 08:56:51]            0          930          386          0
[2022-12-17 08:56:53]            0          930         1324          0
[2022-12-17 08:56:53] WR-BW(MiB/s) RD-BW(MiB/s)  TESTED(MiB)     ERRORS
[2022-12-17 08:56:55]            0          930         2261          0
[2022-12-17 08:56:57]            0          930         3199          0
[2022-12-17 08:56:59]            0          930           41          0
[2022-12-17 08:57:01]            0          930          978          0
[2022-12-17 08:57:03]            0          930         1916          0
[2022-12-17 08:57:04]            0          930         2853          0
[2022-12-17 08:57:06]            0          930         3791          0
[2022-12-17 08:57:08]            0          930          632          0
[2022-12-17 08:57:08] WR-BW(MiB/s) RD-BW(MiB/s)  TESTED(MiB)     ERRORS
[2022-12-17 08:57:10]            0          930         1570          0
[2022-12-17 08:57:12]            0          930         2507          0
[2022-12-17 08:57:14]            0          930         3445          0
[2022-12-17 08:57:16]            0          930          286          0
[2022-12-17 08:57:18]            0          930         1224          0
[2022-12-17 08:57:19]            0          930         2161          0
[2022-12-17 08:57:21]            0          930         3099          0
[2022-12-17 08:57:23]            0          930         4037          0
[2022-12-17 08:57:23] WR-BW(MiB/s) RD-BW(MiB/s)  TESTED(MiB)     ERRORS
[2022-12-17 08:57:25]            0          930          878          0
[2022-12-17 08:57:27]            0          930         1816          0
[2022-12-17 08:57:29]            0          930         2753          0
[2022-12-17 08:57:31]            0          930         3691          0
[2022-12-17 08:57:33]            0          930          532          0
[2022-12-17 08:57:34]            0          930         1470          0
[2022-12-17 08:57:36]            0          930         2407          0
[2022-12-17 08:57:38]            0          930         3345          0
[2022-12-17 08:57:38] WR-BW(MiB/s) RD-BW(MiB/s)  TESTED(MiB)     ERRORS
[2022-12-17 08:57:40]            0          930          186          0
[2022-12-17 08:57:42]            0          930         1124          0
[2022-12-17 08:57:44]            0          930         2061          0
[2022-12-17 08:57:46]            0          930         2999          0
[2022-12-17 08:57:48]            0          930         3937          0
[2022-12-17 08:57:49]            0          930          778          0
[2022-12-17 08:57:51]            0          930         1716          0
[2022-12-17 08:57:53]            0          930         2653          0
[2022-12-17 08:57:53] WR-BW(MiB/s) RD-BW(MiB/s)  TESTED(MiB)     ERRORS
[2022-12-17 08:57:55]            0          930         3591          0
[2022-12-17 08:57:57]            0          930          432          0
[2022-12-17 08:57:59]            0          930         1370          0
[2022-12-17 08:58:01]            0          930         2307          0
[2022-12-17 08:58:03]            0          930         3245          0
[2022-12-17 08:58:04]            0          930           86          0
[2022-12-17 08:58:06]            0          930         1024          0
[2022-12-17 08:58:08]            0          930         1961          0
[2022-12-17 08:58:08] WR-BW(MiB/s) RD-BW(MiB/s)  TESTED(MiB)     ERRORS
[2022-12-17 08:58:10]            0          930         2899          0
[2022-12-17 08:58:12]            0          930         3837          0
[2022-12-17 08:58:14]            0          930          678          0
[2022-12-17 08:58:16]            0          930         1616          0
[2022-12-17 08:58:18]            0          930         2553          0
[2022-12-17 08:58:19]            0          930         3491          0
[2022-12-17 08:58:21]            0          930          332          0
[2022-12-17 08:58:23]            0          930         1270          0
[2022-12-17 08:58:23] WR-BW(MiB/s) RD-BW(MiB/s)  TESTED(MiB)     ERRORS
[2022-12-17 08:58:25]            0          930         2207          0
[2022-12-17 08:58:27]            0          930         3145          0
[2022-12-17 08:58:29]            0          930         4082          0
[2022-12-17 08:58:31]            0          930          924          0
[2022-12-17 08:58:33]            0          930         1862          0
[2022-12-17 08:58:34]            0          930         2799          0
[2022-12-17 08:58:36]            0          930         3737          0
[2022-12-17 08:58:38]            0          930          578          0
[2022-12-17 08:58:38] WR-BW(MiB/s) RD-BW(MiB/s)  TESTED(MiB)     ERRORS
[2022-12-17 08:58:40]            0          930         1516          0
[2022-12-17 08:58:42]            0          930         2453          0
[2022-12-17 08:58:44]            0          930         3391          0
[2022-12-17 08:58:46]            0          930          232          0
[2022-12-17 08:58:48]            0          930         1170          0
[2022-12-17 08:58:49]            0          930         2107          0
[2022-12-17 08:58:51]            0          930         3045          0
[2022-12-17 08:58:53]            0          930         3982          0
[2022-12-17 08:58:53] WR-BW(MiB/s) RD-BW(MiB/s)  TESTED(MiB)     ERRORS
[2022-12-17 08:58:55]            0          930          824          0
[2022-12-17 08:58:57]            0          930         1762          0
[2022-12-17 08:58:59]            0          930         2699          0
[2022-12-17 08:59:01]            0          930         3637          0
[2022-12-17 08:59:03]            0          930          478          0
[2022-12-17 08:59:04]            0          930         1416          0
[2022-12-17 08:59:06]            0          930         2353          0
[2022-12-17 08:59:08]            0          930         3291          0
[2022-12-17 08:59:08] WR-BW(MiB/s) RD-BW(MiB/s)  TESTED(MiB)     ERRORS
[2022-12-17 08:59:10]            0          930          132          0
[2022-12-17 08:59:12]            0          930         1070          0
[2022-12-17 08:59:14]            0          930         2007          0
[2022-12-17 08:59:16]            0          930         2945          0
[2022-12-17 08:59:18]            0          930         3883          0
[2022-12-17 08:59:19]            0          930          724          0
[2022-12-17 08:59:21]            0          930         1662          0
[2022-12-17 08:59:23]            0          930         2599          0
[2022-12-17 08:59:23] WR-BW(MiB/s) RD-BW(MiB/s)  TESTED(MiB)     ERRORS
[2022-12-17 08:59:25]            0          930         3537          0
[2022-12-17 08:59:27]            0          930          378          0
[2022-12-17 08:59:29]            0          930         1316          0
[2022-12-17 08:59:31]            0          930         2253          0
[2022-12-17 08:59:33]            0          930         3191          0
